producto_registro_id,actividad_plan_v,producto_id,costo_real,costo_recomendado,dosis_real_ha,dosis_recomendada_v,dosis_total_v,ha_aplicadas,precio_unitario,nombre_producto,categoria_producto,ciclo_cosecha,fecha_registro,unidad_produccion,lote_v,ciclo
000b648d,25fd1034,8a4ab665,323.96,194.38,0.2,0.12,5.2,26,62.3,Eminente 45 WG,Agroquímicos,2025,2025-07-13 00:00:00+00,G03,L08 EL DESQUITE B,2025
001e8a84,30e230ee,cc210393,15.36,17.92,0.2,0.2,1.2,6,12.8,CatheClean,Agroquímicos,2025,2025-05-27 00:00:00+00,C01,PERLA LOTE 2A,2025
001ebc3e,64267964,cc210393,45.12,78.08,0.15,0.2,3.53,23.5,12.8,CatheClean,Agroquímicos,2025,2025-08-20 00:00:00+00,P03,L14 LOTE LAS 60 A LOTE,2025
0031c0aa,77b7d847,aa72374c,562.9,757.75,2.5,2.5,65,26,8.66,Pendialfa 50 EC,Agroquímicos,2025,2025-07-01 00:00:00+00,P03,L06 LOS CACHICAMOS,2025
0038c925,8ad79958,3072d084,237.27,431.4,1.5,1.5,16.5,11,14.38,Gadriano 30 OD,Agroquímicos,2025,2025-05-31 00:00:00+00,G01,L12 LOTE EL MANGO B,2025
003971d5,4e5f1d3c,f886ec2d,84.79,84.79,0.5,0.5,15.5,31,5.47,"SoloPasto 30,41SL (plicorán+2,4D)",Agroquímicos,2025,2025-06-11 00:00:00+00,G03,L11 LOTE LA TRINCHERA C,2025
00637d2f,5b713d1f,de256ae0,623,623,2,2,70,35,8.9,QuelaTech Micros,Fertilizantes,2025,2025-07-30 00:00:00+00,P03,L06 LOS CACHICAMOS,2025
007f0f9c,a0081c8f,bdac1da2,1045.8,0,0.7,0,5.81,8.3,180,Cal dolomítica,Enmienda,2025,2025-05-14 00:00:00+00,G07,L01 LOTE SAMANCITO,2025
007f9e25,fc828cf3,3072d084,668.67,668.67,1.5,1.5,46.5,31,14.38,Gadriano 30 OD,Agroquímicos,2025,2025-07-03 00:00:00+00,P03,L05 LAS 50A,2025
008e0fd0,eaaf8875,b6a9d42e,364,3822,1.3,1.3,2.6,2,140,Maíz: Danac-029 c/fortenza duo,Semillas,2025,2025-05-13 00:00:00+00,C01,PERLA LOTE 01,2025
00d9cf96,92c090c0,73a629e4,97.23,194.46,0.5,1,4.65,9.3,20.91,Jupiter 25 EC (piraclostrobina),Agroquímicos,2025,2025-06-05 00:00:00+00,G01,L04 LOTE EL DRAGAL 2B,2025
00fda2a9,72dd5ac0,b46d6dc9,10366.4,9070.6,8,7,248,31,41.8,"4,28N-18,52P-17,12K/5,51S+6,1MgO+0,68B+2,28Zn",Fertilizantes,2025,2025-06-18 00:00:00+00,P03,L05 LAS 50A,2025
01024e6b,03c6c3f3,b275b7cf,955.36,2802.8,4,5.5,34.12,8.53,28,"25,46N-00P-21,81K/3,66S",Fertilizantes,2025,2025-07-06 00:00:00+00,P09,L15 LOTE SANTACRUZ II-LOTE 6B,2025
011fc476,3fd2c428,c1d751bb,24.3,362.88,0.1,0.2,0.3,3,81,Bacillus Thuringiensis,Agroquímicos,2025,2025-06-05 00:00:00+00,P09,L14 LOTE SANTACRUZ II-LOTE 6A,2025
01366f64,ba69dc59,c8ffca92,13.33,13.33,0.05,0.05,1.67,33.33,8,Trampa de feromonas,Agroquímicos,2025,2025-07-02 00:00:00+00,G03,L10 LOTE LA TRINCHERA B,2025
0138ca9c,13577b79,73a629e4,150.55,301.1,0.5,1,7.2,14.4,20.91,Jupiter 25 EC (piraclostrobina),Agroquímicos,2025,2025-06-25 00:00:00+00,P11,L07 LOTE-08,2025
014a2d2f,ef50587d,50ea012e,209.44,594,2,3,47.6,23.8,4.4,Alfasato 48 SL (glifosato),Agroquímicos,2025,2025-06-20 00:00:00+00,G02,L03 LOTE IGUANITAS,2025
015bd138,b8cdac90,3072d084,379.63,379.63,1.5,1.5,26.4,17.6,14.38,Gadriano 30 OD,Agroquímicos,2025,2025-07-31 00:00:00+00,G01,L11 LOTE EL DRAGAL 4-1,2025
015bfd47,c80d14f1,cc210393,122.5,81.66,0.3,0.2,9.57,31.9,12.8,CatheClean,Agroquímicos,2025,2025-05-14 00:00:00+00,P09,L05 LOTE SANTACRUZ I-LOTE 5,2025
0169b19c,56ec70b4,b46d6dc9,2926,2926,7,7,70,10,41.8,"4,28N-18,52P-17,12K/5,51S+6,1MgO+0,68B+2,28Zn",Fertilizantes,2025,2025-05-23 00:00:00+00,G01,L09 LOTE EL DRAGAL 3B,2025
01758ded,08e4458c,bdac1da2,1008,0,0.7,0,5.6,8,180,Cal dolomítica,Enmienda,2025,2025-05-14 00:00:00+00,G07,L02 LOTE VICTORIERO 1A,2025
01758fbd,961a3693,73a629e4,234.19,468.38,0.5,1,11.2,22.4,20.91,Jupiter 25 EC (piraclostrobina),Agroquímicos,2025,2025-06-22 00:00:00+00,P03,L08 LOTE L2B,2025
019449c4,2b8679fe,8a4ab665,291.56,174.94,0.2,0.12,4.68,23.4,62.3,Eminente 45 WG,Agroquímicos,2025,2025-08-11 00:00:00+00,G03,L05 CASA DE TABLA ARRIBA A,2025
019916ac,534cf2b4,3072d084,431.4,619.06,2,1.5,30,15,14.38,Gadriano 30 OD,Agroquímicos,2025,2025-08-12 00:00:00+00,G05,L09 LOTE RAMIREZ B,2025
019b6163,3749cdf7,2a279588,194.07,194.07,0.06,0.06,1.09,18.1,178.7,MyCossed,Agroquímicos,2025,2025-05-27 00:00:00+00,P11,L02 LOTE 5B,2025
01a26a53,eb6027a2,de6596dc,40.19,58.06,0.045,0.065,0.91,20.3,44,Grafito,Semillas,2025,2025-05-24 00:00:00+00,G04,L08 LOTE C,2025
01e45cd3,b224fed3,aa72374c,746.93,746.93,2.5,2.5,86.25,34.5,8.66,Pendialfa 50 EC,Agroquímicos,2025,2025-05-30 00:00:00+00,P08,L01 LOTE-01,2025
01eeeb0c,3e8d0f52,e1ff11f4,0,0,0,1,0,14,,Pase de rastra,Enmienda,2025,2025-05-20 00:00:00+00,C01,L07 LOTE BOLIVAR,2025
01fa36cc,5bc82c91,8a4ab665,62.3,131.58,0.1,0.12,1,10,62.3,Eminente 45 WG,Agroquímicos,2025,2025-07-30 00:00:00+00,P03,L18 LOTE LA LAGUNA,2025
022d4b9b,4623f810,d19aa794,82.2,0,0.5,,2.75,5.5,29.89,Super Barre 55 EC,Agroquímicos,2025,2025-08-12 00:00:00+00,G01,L07 LOTE EL DRAGAL 1-1,2025
02408db9,513fd279,3072d084,513.37,970.65,1.5,1.5,35.7,23.8,14.38,Gadriano 30 OD,Agroquímicos,2025,2025-07-05 00:00:00+00,G02,L03 LOTE IGUANITAS,2025
024d9f31,6fac1fd9,aa72374c,368.92,534.76,3,2.5,42.6,14.2,8.66,Pendialfa 50 EC,Agroquímicos,2025,2025-05-11 00:00:00+00,P09,L08 LOTE SANTACRUZ II-LOTE 1,2025
0258eb21,d31e4f99,2a279588,105.34,140.46,0.045,0.06,0.59,13.1,178.7,MyCossed,Agroquímicos,2025,2025-06-16 00:00:00+00,G05,L04 LOTE LOCACIÓN A,2025
025d7513,41666276,cc210393,25.86,51.71,0.1,0.2,2.02,20.2,12.8,CatheClean,Agroquímicos,2025,2025-06-26 00:00:00+00,P11,L04 LOTE 7A,2025
02620c0c,aed4d998,bca12c05,148.02,0,0.25,0,4.4,17.6,33.64,Alfasystin,Agroquímicos,2025,2025-06-18 00:00:00+00,G01,L11 LOTE EL DRAGAL 4-1,2025
0262f9bb,4a130cc9,73a629e4,174.6,349.2,0.5,1,8.35,16.7,20.91,Jupiter 25 EC (piraclostrobina),Agroquímicos,2025,2025-06-19 00:00:00+00,G04,L01 LOTE CIRUELA ABAJO,2025
026a58bb,2756cc5d,ce31a1fd,5860.4,0,1.3,0,41.86,32.2,140,Maíz: Danac-430 c/fortenza duo,Semillas,2025,2025-07-10 00:00:00+00,G07,L04 LOTE VICTORIERO 1C,2025
0274754d,5d5724d9,3072d084,465.48,420.62,1.66,1.5,32.37,19.5,14.38,Gadriano 30 OD,Agroquímicos,2025,2025-08-10 00:00:00+00,G03,L03 LOTE ALFARERO D,2025
02b9d87c,0b363115,c2541310,2.21,97.11,0.1,0.3,0.13,1.31,16.86,Alfamilo 90SP,Agroquímicos,2025,2025-05-19 00:00:00+00,P09,L01 LOTE SANTACRUZ I-LOTE 1,2025
02c348aa,b7128a01,50ea012e,274.56,274.56,3,3,62.4,20.8,4.4,Alfasato 48 SL (glifosato),Agroquímicos,2025,2025-05-27 00:00:00+00,G04,L06 LOTE A,2025
02d01f1b,ff7d9a92,e1ff11f4,0,0,1,1,5.7,5.7,,Pase de rastra,Enmienda,2025,2025-05-26 00:00:00+00,G04,L04 LOTE LOMA BARRIGA,2025
02f79d91,6d2f1f7b,bca12c05,521.42,0,0.5,0,15.5,31,33.64,Alfasystin,Agroquímicos,2025,2025-07-15 00:00:00+00,P03,L03 LOTE LA CASA C,2025
02fa9267,a9d222c8,0edac71f,3094.08,0,8,,88,11,35.16,"4N-17,4P-22,4K/4,6S+5,2MgO+0,68B+1,7Zn",Fertilizantes,2025,2025-07-09 00:00:00+00,P03,L09 LOTE L2C,2025
02fee8b5,ffa84aeb,8a4ab665,127.09,76.26,0.2,0.12,2.04,10.2,62.3,Eminente 45 WG,Agroquímicos,2025,2025-08-20 00:00:00+00,G04,L03 LOTE LOMA AMARILLA,2025
0309abd4,57da6b0c,d73f9b82,0,0,1,,6.2,6.2,,Alfavin,Agroquímicos,2025,2025-08-20 00:00:00+00,G04,L05 LOTE LOMAS DE MEDANO,2025
031aefcc,ebda141d,c2541310,51.42,61.71,0.25,0.3,3.05,12.2,16.86,Alfamilo 90SP,Agroquímicos,2025,2025-05-29 00:00:00+00,P07,L04 LOTE 3D,2025
033d4a75,a631feeb,cc210393,37.38,37.38,0.2,0.2,2.92,14.6,12.8,CatheClean,Agroquímicos,2025,2025-05-15 00:00:00+00,P02,LOTE-05,2025
03514a10,8ad79958,cc210393,10.56,51.2,0.075,0.2,0.83,11,12.8,CatheClean,Agroquímicos,2025,2025-07-31 00:00:00+00,G01,L12 LOTE EL MANGO B,2025
0355bf36,ffb3ea09,aa72374c,441.66,489.29,3,2.5,51,17,8.66,Pendialfa 50 EC,Agroquímicos,2025,2025-06-08 00:00:00+00,C02,L02 LOTE ARENERO 2 LOTE-01,2025
037a04e1,cf5cf90e,cc210393,202.5,57.86,0.7,0.2,15.82,22.6,12.8,CatheClean,Agroquímicos,2025,2025-05-21 00:00:00+00,C02,L02 LOTE ARENERO 2 LOTE-01,2025
03964f0e,f45933a5,c1d751bb,10.61,311.04,0.1,0.2,0.13,1.31,81,Bacillus Thuringiensis,Agroquímicos,2025,2025-05-25 00:00:00+00,P09,L01 LOTE SANTACRUZ I-LOTE 1,2025
03f16559,cb4587ce,50ea012e,186.56,139.92,4,3,42.4,10.6,4.4,Alfasato 48 SL (glifosato),Agroquímicos,2025,2025-05-15 00:00:00+00,P02,L02 LOTE 2A,2025
03f6b9f9,768a796d,44237940,241.8,181.35,2,1.5,62,31,3.9,Alfaxone Super 20 SL,Agroquímicos,2025,2025-07-16 00:00:00+00,P03,L03 LOTE LA CASA C,2025
041967cb,02d8638b,73a629e4,185.05,370.11,0.5,1,8.85,17.7,20.91,Jupiter 25 EC (piraclostrobina),Agroquímicos,2025,2025-06-18 00:00:00+00,G01,L06 LOTE EL DRAGAL 4B,2025
041afc44,584bff09,cc210393,8.93,23.81,0.075,0.2,0.7,9.3,12.8,CatheClean,Agroquímicos,2025,2025-07-31 00:00:00+00,G01,L04 LOTE EL DRAGAL 2B,2025
04332c88,73647008,2a279588,80.42,171.55,0.06,0.06,0.45,7.5,178.7,MyCossed,Agroquímicos,2025,2025-06-24 00:00:00+00,P03,L04 LA NEGRA,2025
043cbedf,a84f7596,bca12c05,197.64,0,0.25,0,5.88,23.5,33.64,Alfasystin,Agroquímicos,2025,2025-07-06 00:00:00+00,G05,L07 LOTE MATA PALO,2025
045d3287,0825fce9,cc210393,9.35,41.47,0.11,0.2,0.73,6.64,12.8,CatheClean,Agroquímicos,2025,2025-06-10 00:00:00+00,P09,L12 LOTE SANTACRUZ II-LOTE 5A,2025
046c7e49,10d71555,b275b7cf,683.2,2017.4,4,5.5,24.4,6.1,28,"25,46N-00P-21,81K/3,66S",Fertilizantes,2025,2025-07-10 00:00:00+00,G05,L04 LOTE LOCACIÓN A,2025
048b2d64,8676cae9,f886ec2d,44.58,44.58,0.5,0.5,8.15,16.3,5.47,"SoloPasto 30,41SL (plicorán+2,4D)",Agroquímicos,2025,2025-05-05 00:00:00+00,P04,L03 LOTE-03,2025
04902e5d,ab267fdc,7a071d0e,3300,0,1.5,0,15,10,220,Lucino,Semillas,2025,2025-06-30 00:00:00+00,P03,L18 LOTE LA LAGUNA,2025
04fd0c18,cf1c4ab9,2a279588,262.15,349.54,0.045,0.06,1.47,32.6,178.7,MyCossed,Agroquímicos,2025,2025-06-02 00:00:00+00,G05,L01 LOTE BAJO DE LOMA,2025
0506ea15,cb4587ce,cc210393,27.14,27.14,0.2,0.2,2.12,10.6,12.8,CatheClean,Agroquímicos,2025,2025-05-15 00:00:00+00,P02,L02 LOTE 2A,2025
0537f057,a6ed95c7,d19aa794,298.9,0,0.5,,10,20,29.89,Super Barre 55 EC,Agroquímicos,2025,2025-08-12 00:00:00+00,G01,L12 LOTE EL MANGO B,2025
0558af02,418a767f,c2541310,118.02,177.03,0.2,0.3,7,35,16.86,Alfamilo 90SP,Agroquímicos,2025,2025-06-25 00:00:00+00,P03,L06 LOS CACHICAMOS,2025
0560a33d,1a7128e5,8a4ab665,144.54,143.54,0.2,0.12,2.32,11.6,62.3,Eminente 45 WG,Agroquímicos,2025,2025-07-28 00:00:00+00,P09,L01 LOTE SANTACRUZ I-LOTE 1,2025
058bce82,4c70554c,de256ae0,313.28,313.28,2,2,35.2,17.6,8.9,QuelaTech Micros,Fertilizantes,2025,2025-07-31 00:00:00+00,G01,L11 LOTE EL DRAGAL 4-1,2025
0597de0e,1a7128e5,50ea012e,506.88,253.44,6,3,115.2,19.2,4.4,Alfasato 48 SL (glifosato),Agroquímicos,2025,2025-07-06 00:00:00+00,P09,L01 LOTE SANTACRUZ I-LOTE 1,2025
05a43c8e,f564eb51,8a4ab665,1196.16,71.77,2,0.12,19.2,9.6,62.3,Eminente 45 WG,Agroquímicos,2025,2025-07-31 00:00:00+00,G01,L01 LOTE DETRÁS DE LA CASA OESTE,2025
05a5351e,50288144,2a279588,88.46,205.86,0.09,0.06,0.5,5.5,178.7,MyCossed,Agroquímicos,2025,2025-05-11 00:00:00+00,P09,L01 LOTE SANTACRUZ I-LOTE 1,2025
05d5a26f,a5590190,2a279588,96.5,375.27,0.06,0.06,0.54,9,178.7,MyCossed,Agroquímicos,2025,2025-07-09 00:00:00+00,P03,L06 LOS CACHICAMOS,2025
061eb01a,d0501594,b46d6dc9,1667.82,1667.82,7,7,39.9,5.7,41.8,"4,28N-18,52P-17,12K/5,51S+6,1MgO+0,68B+2,28Zn",Fertilizantes,2025,2025-08-05 00:00:00+00,G04,L04 LOTE LOMA BARRIGA,2025
06296cc7,ddf2fa56,50ea012e,132,356.4,3,3,30,10,4.4,Alfasato 48 SL (glifosato),Agroquímicos,2025,2025-06-09 00:00:00+00,P11,L03 LOTE-06,2025
065267ae,212ceb94,cc210393,5.63,22.53,0.05,0.2,0.44,8.8,12.8,CatheClean,Agroquímicos,2025,2025-07-31 00:00:00+00,G01,L05 LOTE EL DRAGAL 2-1,2025
0663cf65,5d0cad20,bdac1da2,2700,0,1,0,15,15,180,Cal dolomítica,Enmienda,2025,2025-05-01 00:00:00+00,G01,L02 LOTE LOS MANGOS,2025
067bf7d8,085455ac,50ea012e,839.52,469.92,6,3,190.8,31.8,4.4,Alfasato 48 SL (glifosato),Agroquímicos,2025,2025-07-06 00:00:00+00,P09,L11 LOTE SANTACRUZ II-LOTE 3,2025
068b59b6,316ab5f4,73a629e4,174.6,349.2,0.5,1,8.35,16.7,20.91,Jupiter 25 EC (piraclostrobina),Agroquímicos,2025,2025-06-25 00:00:00+00,P11,L01 LOTE 5A,2025
06c6d995,0825fce9,73a629e4,99.95,338.74,0.5,1,4.78,9.56,20.91,Jupiter 25 EC (piraclostrobina),Agroquímicos,2025,2025-07-06 00:00:00+00,P09,L12 LOTE SANTACRUZ II-LOTE 5A,2025
06ce2206,fc4d8dc5,cc210393,40.7,40.7,0.2,0.2,3.18,15.9,12.8,CatheClean,Agroquímicos,2025,2025-04-30 00:00:00+00,P04,L04 LOTE 25 ha A,2025
06cedf5a,f5f9a382,c1d751bb,208.17,416.34,0.1,0.2,2.57,25.7,81,Bacillus Thuringiensis,Agroquímicos,2025,2025-08-15 00:00:00+00,G05,L08 LOTE RAMIREZ A,2025
06d42cf2,6467446f,f886ec2d,97.37,97.37,0.5,0.5,17.8,35.6,5.47,"SoloPasto 30,41SL (plicorán+2,4D)",Agroquímicos,2025,2025-05-25 00:00:00+00,P09,L11 LOTE SANTACRUZ II-LOTE 3,2025
0717435b,b8cdac90,cc210393,11.26,45.06,0.05,0.2,0.88,17.6,12.8,CatheClean,Agroquímicos,2025,2025-07-31 00:00:00+00,G01,L11 LOTE EL DRAGAL 4-1,2025
072fa936,9d06cd4c,b275b7cf,638.4,877.8,4,5.5,22.8,5.7,28,"25,46N-00P-21,81K/3,66S",Fertilizantes,2025,2025-08-05 00:00:00+00,G04,L04 LOTE LOMA BARRIGA,2025
07488a56,9aa98331,f886ec2d,25.16,25.16,0.5,0.5,4.6,9.2,5.47,"SoloPasto 30,41SL (plicorán+2,4D)",Agroquímicos,2025,2025-05-15 00:00:00+00,P02,L08 LOTE-06,2025
0758e1bb,3aacc949,cc210393,25.6,66.56,0.2,0.2,2,10,12.8,CatheClean,Agroquímicos,2025,2025-08-19 00:00:00+00,G03,L08 EL DESQUITE B,2025
07acab6a,83db5ab0,b46d6dc9,9685.06,9685.06,7,7,231.7,33.1,41.8,"4,28N-18,52P-17,12K/5,51S+6,1MgO+0,68B+2,28Zn",Fertilizantes,2025,2025-06-10 00:00:00+00,G07,L01 LOTE SAMANCITO,2025
07ae2461,3a5c41f5,ebc8d614,1602,1869,3,3.5,60,20,26.7,"Nitro Evolution: 40-00-00/5,76S",Fertilizantes,2025,2025-07-08 00:00:00+00,G03,L12 LOTE LOS CARO-02 A,2025
07b14904,031b7a8c,790b615c,29.67,0,0.3,0,3,10,9.89,Yamur 25EW,Agroquímicos,2025,2025-07-31 00:00:00+00,G01,L09 LOTE EL DRAGAL 3B,2025
07c1e3d5,f95dcf4f,3072d084,310.61,310.61,1.5,1.5,21.6,14.4,14.38,Gadriano 30 OD,Agroquímicos,2025,2025-06-25 00:00:00+00,P11,L07 LOTE-08,2025
07dfea5f,530a985d,c1d751bb,98.01,196.02,0.1,0.2,1.21,12.1,81,Bacillus Thuringiensis,Agroquímicos,2025,2025-07-30 00:00:00+00,P03,L17 LOTE EL CUADRITO,2025
07eb64b6,5b713d1f,ebc8d614,2670,3270.75,4,3.5,100,25,26.7,"Nitro Evolution: 40-00-00/5,76S",Fertilizantes,2025,2025-08-02 00:00:00+00,P03,L06 LOS CACHICAMOS,2025
07ecce35,9023d2a4,b275b7cf,2497.6,4727.8,4,5.5,89.2,22.3,28,"25,46N-00P-21,81K/3,66S",Fertilizantes,2025,2025-07-03 00:00:00+00,G06,L04 LA REPRESA LOTE C,2025
07ffc752,a631feeb,50ea012e,256.96,192.72,4,3,58.4,14.6,4.4,Alfasato 48 SL (glifosato),Agroquímicos,2025,2025-05-15 00:00:00+00,P02,LOTE-05,2025
08005f82,d858f415,b46d6dc9,1814.12,1814.12,7,7,43.4,6.2,41.8,"4,28N-18,52P-17,12K/5,51S+6,1MgO+0,68B+2,28Zn",Fertilizantes,2025,2025-08-05 00:00:00+00,G04,L05 LOTE LOMAS DE MEDANO,2025
08112ad9,031b7a8c,de256ae0,178,178,2,2,20,10,8.9,QuelaTech Micros,Fertilizantes,2025,2025-07-31 00:00:00+00,G01,L09 LOTE EL DRAGAL 3B,2025
083a54c0,a631feeb,f886ec2d,39.93,39.93,0.5,0.5,7.3,14.6,5.47,"SoloPasto 30,41SL (plicorán+2,4D)",Agroquímicos,2025,2025-05-15 00:00:00+00,P02,LOTE-05,2025
083ace7f,392a4080,b46d6dc9,9070.6,9070.6,7,7,217,31,41.8,"4,28N-18,52P-17,12K/5,51S+6,1MgO+0,68B+2,28Zn",Fertilizantes,2025,2025-06-01 00:00:00+00,G03,L11 LOTE LA TRINCHERA C,2025
0862cbaf,34c8b3e9,cc210393,92.16,46.34,0.45,0.2,7.2,16,12.8,CatheClean,Agroquímicos,2025,2025-05-07 00:00:00+00,P11,L02 LOTE 5B,2025
088229fb,7e9ef8b7,3072d084,155.02,496.11,2,1.5,10.78,5.39,14.38,Gadriano 30 OD,Agroquímicos,2025,2025-07-17 00:00:00+00,P03,L09 LOTE L2C,2025
088266ff,e748ef8e,de256ae0,265.67,503.74,1.5,2,29.85,19.9,8.9,QuelaTech Micros,Fertilizantes,2025,2025-07-03 00:00:00+00,G06,L03 LA REPRESA LOTE B,2025
089d71cd,33298788,8a4ab665,225.53,135.32,0.2,0.12,3.62,18.1,62.3,Eminente 45 WG,Agroquímicos,2025,2025-06-09 00:00:00+00,P11,L02 LOTE 5B,2025
08bc1d70,441dad8a,cc210393,64,25.6,0.5,0.2,5,10,12.8,CatheClean,Agroquímicos,2025,2025-06-19 00:00:00+00,G01,L09 LOTE EL DRAGAL 3B,2025
08c3dc57,cb2b7852,9316143b,182.27,0,1,,18.1,18.1,10.07,Alfyrinex,Agroquímicos,2025,2025-07-10 00:00:00+00,P11,L02 LOTE 5B,2025
08de5ccf,9f36777e,f886ec2d,14.44,24.07,0.3,0.5,2.64,8.8,5.47,"SoloPasto 30,41SL (plicorán+2,4D)",Agroquímicos,2025,2025-05-13 00:00:00+00,G01,L05 LOTE EL DRAGAL 2-1,2025
09119fc6,67805a51,c2541310,51.42,61.71,0.25,0.3,3.05,12.2,16.86,Alfamilo 90SP,Agroquímicos,2025,2025-07-07 00:00:00+00,P07,L04 LOTE 3D,2025
0917a44c,1a97a646,73a629e4,100.37,200.74,0.5,1,4.8,9.6,20.91,Jupiter 25 EC (piraclostrobina),Agroquímicos,2025,2025-06-08 00:00:00+00,G01,L01 LOTE DETRÁS DE LA CASA OESTE,2025
091e612c,8d954d12,9316143b,127.89,0,1,,12.7,12.7,10.07,Alfyrinex,Agroquímicos,2025,2025-07-10 00:00:00+00,P11,L01 LOTE 5A,2025
0922035f,5d28397a,c8ffca92,7.8,7.8,0.05,0.05,0.98,19.5,8,Trampa de feromonas,Agroquímicos,2025,2025-07-02 00:00:00+00,G03,L03 LOTE ALFARERO D,2025
092b5d0f,b6bcc404,790b615c,91.68,0,0.3,0,9.27,30.9,9.89,Yamur 25EW,Agroquímicos,2025,2025-07-09 00:00:00+00,G03,L15 LOTE SALTO DEL MIRA A,2025
092bb182,7e378e34,2a279588,138.89,205.86,0.067,0.06,0.78,11.6,178.7,MyCossed,Agroquímicos,2025,2025-07-06 00:00:00+00,P09,L01 LOTE SANTACRUZ I-LOTE 1,2025
092cf283,0f2fe728,790b615c,150.82,0,0.5,0,15.25,30.5,9.89,Yamur 25EW,Agroquímicos,2025,2025-08-21 00:00:00+00,P03,L15 LOTE LAS 60 B,2025
0943aad4,d897fd9b,8a4ab665,121.86,121.86,0.12,0.12,1.96,16.3,62.3,Eminente 45 WG,Agroquímicos,2025,2025-07-11 00:00:00+00,G07,L05 LOTE VICTORIERO 1D,2025
098a1bc9,944a5061,f886ec2d,25.44,25.44,0.5,0.5,4.65,9.3,5.47,"SoloPasto 30,41SL (plicorán+2,4D)",Agroquímicos,2025,2025-06-11 00:00:00+00,G03,L01 LOTE ALFARERO A,2025
099ded5c,11b3e0d4,73a629e4,221.65,443.29,0.5,1,10.6,21.2,20.91,Jupiter 25 EC (piraclostrobina),Agroquímicos,2025,2025-06-19 00:00:00+00,G04,L02 LOTE CIRUELA ARRIBA,2025
099e21b0,ba8fd8e7,44237940,152.1,152.1,1.5,1.5,39,26,3.9,Alfaxone Super 20 SL,Agroquímicos,2025,2025-06-24 00:00:00+00,P03,L13 LOTE LAS 50 B LOTE,2025
09bfb0d0,dc457ebe,f886ec2d,21.5,35.83,0.3,0.5,3.93,13.1,5.47,"SoloPasto 30,41SL (plicorán+2,4D)",Agroquímicos,2025,2025-06-11 00:00:00+00,G05,L04 LOTE LOCACIÓN A,2025
09ce50ca,8d954d12,cc210393,16.26,42.75,0.1,0.2,1.27,12.7,12.8,CatheClean,Agroquímicos,2025,2025-06-25 00:00:00+00,P11,L01 LOTE 5A,2025
09cf0af8,1d3a8fe0,cc210393,153.6,76.8,0.4,0.2,12,30,12.8,CatheClean,Agroquímicos,2025,2025-07-10 00:00:00+00,G02,L05 LA CAGADA,2025
09d89863,315ae872,3072d084,802.4,601.8,2,1.5,55.8,27.9,14.38,Gadriano 30 OD,Agroquímicos,2025,2025-07-04 00:00:00+00,G07,L03 LOTE VICTORIERO 1B,2025
09dd9eeb,ec15b336,9316143b,70.49,0,1,,7,7,10.07,Alfyrinex,Agroquímicos,2025,2025-07-31 00:00:00+00,G01,L08 LOTE EL MANGO C,2025
09e355ae,16406399,50ea012e,132,229.68,2,3,30,15,4.4,Alfasato 48 SL (glifosato),Agroquímicos,2025,2025-06-03 00:00:00+00,G02,L01 LOTE EL TANQUE-A,2025
0a05fbc8,c4f63a64,79e8c679,738.36,738.36,4,4,117.2,29.3,6.3,Pasto: Brachiara Ruziziensis,Semillas,2025,2025-07-03 00:00:00+00,G02,L02 LOTE EL TANQUE-B,2025
0a1e0f5b,14baac8d,b275b7cf,3472,4774,4,5.5,124,31,28,"25,46N-00P-21,81K/3,66S",Fertilizantes,2025,2025-07-10 00:00:00+00,G03,L11 LOTE LA TRINCHERA C,2025
0a7bd7b2,e6561ac0,de256ae0,105.02,210.04,1,2,11.8,11.8,8.9,QuelaTech Micros,Fertilizantes,2025,2025-07-08 00:00:00+00,P06,L02 LOTE-02,2025
0a812d11,4165db3b,aa72374c,556.41,556.41,2.5,2.5,64.25,25.7,8.66,Pendialfa 50 EC,Agroquímicos,2025,2025-06-08 00:00:00+00,G05,L08 LOTE RAMIREZ A,2025
0a98759c,24bbc1e7,b275b7cf,1579.2,2171.4,4,5.5,56.4,14.1,28,"25,46N-00P-21,81K/3,66S",Fertilizantes,2025,2025-07-02 00:00:00+00,P04,L01 LOTE-01,2025
0a9889d9,8bf07d6a,b275b7cf,1310.4,3603.6,2,5.5,46.8,23.4,28,"25,46N-00P-21,81K/3,66S",Fertilizantes,2025,2025-07-10 00:00:00+00,G03,L05 CASA DE TABLA ARRIBA A,2025
0aa0eacd,5d5724d9,bca12c05,164,0,0.25,0,4.88,19.5,33.64,Alfasystin,Agroquímicos,2025,2025-07-02 00:00:00+00,G03,L03 LOTE ALFARERO D,2025
0aac8274,3bea2a41,cc210393,4.22,57.34,0.11,0.2,0.33,3,12.8,CatheClean,Agroquímicos,2025,2025-06-10 00:00:00+00,P09,L14 LOTE SANTACRUZ II-LOTE 6A,2025
0abcafb2,e349e9cf,aa72374c,621.36,621.36,2.5,2.5,71.75,28.7,8.66,Pendialfa 50 EC,Agroquímicos,2025,2025-06-08 00:00:00+00,G05,L09 LOTE RAMIREZ B,2025
0ae9211c,534cf2b4,cc210393,23.67,73.47,0.135,0.2,1.85,13.7,12.8,CatheClean,Agroquímicos,2025,2025-08-15 00:00:00+00,G05,L09 LOTE RAMIREZ B,2025
0af138b6,10684511,c2541310,9.09,116.33,0.1,0.3,0.54,5.39,16.86,Alfamilo 90SP,Agroquímicos,2025,2025-07-17 00:00:00+00,P03,L09 LOTE L2C,2025
0b2c2ccb,417b4b49,cc210393,16.99,45.31,0.075,0.2,1.33,17.7,12.8,CatheClean,Agroquímicos,2025,2025-07-31 00:00:00+00,G01,L06 LOTE EL DRAGAL 4B,2025
0b3acd54,b8842302,c1d751bb,261.63,523.26,0.1,0.2,3.23,32.3,81,Bacillus Thuringiensis,Agroquímicos,2025,2025-06-05 00:00:00+00,P09,L04 LOTE SANTACRUZ I-LOTE 4,2025
0b450967,1fa154a7,50ea012e,267.96,267.96,3,3,60.9,20.3,4.4,Alfasato 48 SL (glifosato),Agroquímicos,2025,2025-05-25 00:00:00+00,G04,L08 LOTE C,2025
0b4a8fc8,39626f3f,b46d6dc9,4154.92,8397.62,7,7,99.4,14.2,41.8,"4,28N-18,52P-17,12K/5,51S+6,1MgO+0,68B+2,28Zn",Fertilizantes,2025,2025-06-01 00:00:00+00,G05,L06 LOTE LOMA 2,2025
0b6d3c65,be75e30e,c1d751bb,264.06,528.12,0.1,0.2,3.26,32.6,81,Bacillus Thuringiensis,Agroquímicos,2025,2025-07-06 00:00:00+00,G05,L01 LOTE BAJO DE LOMA,2025
0b88f8e9,be4c4e73,2a279588,260.54,260.54,0.06,0.06,1.46,24.3,178.7,MyCossed,Agroquímicos,2025,2025-06-12 00:00:00+00,G03,L06 CASA DE TABLA ARRIBA B,2025
0b8e36f1,9177ddc1,b6a9d42e,2783.2,2548,1.4,1.3,19.88,14.2,140,Maíz: Danac-029 c/fortenza duo,Semillas,2025,2025-07-11 00:00:00+00,P03,L12 LOTE L2E,2025
0b905c19,bbb8d6a6,b275b7cf,2408,2648.8,5,5.5,86,17.2,28,"25,46N-00P-21,81K/3,66S",Fertilizantes,2025,2025-05-27 00:00:00+00,P04,L05 LOTE 25 ha B,2025
0ba4021b,4659a628,de6596dc,111.28,72.93,0.15,0.065,2.53,16.86,44,Grafito,Semillas,2025,2025-06-01 00:00:00+00,P09,L13 LOTE SANTACRUZ II-LOTE 5B,2025
0bafac88,9fbad072,b275b7cf,1646.4,2263.8,4,5.5,58.8,14.7,28,"25,46N-00P-21,81K/3,66S",Fertilizantes,2025,2025-07-07 00:00:00+00,G05,L05 LOTE LOMA 1,2025
0bfc3b7c,ec4d338c,50ea012e,257.4,257.4,3,3,58.5,19.5,4.4,Alfasato 48 SL (glifosato),Agroquímicos,2025,2025-06-08 00:00:00+00,G03,L03 LOTE ALFARERO D,2025
0c0cce56,10adef45,cc210393,30.46,115.2,0.1,0.2,2.38,23.8,12.8,CatheClean,Agroquímicos,2025,2025-07-03 00:00:00+00,G02,L03 LOTE IGUANITAS,2025
0c106755,1972b411,73a629e4,332.47,744.4,0.5,1,15.9,31.8,20.91,Jupiter 25 EC (piraclostrobina),Agroquímicos,2025,2025-07-20 00:00:00+00,P09,L11 LOTE SANTACRUZ II-LOTE 3,2025
0c16bf80,522ade73,44237940,280.8,140.4,3,1.5,72,24,3.9,Alfaxone Super 20 SL,Agroquímicos,2025,2025-05-30 00:00:00+00,P07,L01 LOTE 3A,2025
0c266ded,d8b706d7,de256ae0,318.62,585.62,2,2,35.8,17.9,8.9,QuelaTech Micros,Fertilizantes,2025,2025-07-06 00:00:00+00,P05,L01 LOTE EL PALMAR 1,2025
0c29964d,9c7eba35,8a4ab665,177.93,336.42,0.12,0.12,2.86,23.8,62.3,Eminente 45 WG,Agroquímicos,2025,2025-07-14 00:00:00+00,G02,L03 LOTE IGUANITAS,2025
0c3a95e7,1df38e14,aa72374c,759.92,759.92,2.5,2.5,87.75,35.1,8.66,Pendialfa 50 EC,Agroquímicos,2025,2025-05-30 00:00:00+00,P08,L02 LOTE-02,2025
0c46b536,e5456a6d,cc210393,34.56,69.12,0.1,0.2,2.7,27,12.8,CatheClean,Agroquímicos,2025,2025-06-09 00:00:00+00,P11,L03 LOTE-06,2025
0c8a9a6d,cbe728e9,de6596dc,11.88,17.16,0.045,0.065,0.27,6,44,Grafito,Semillas,2025,2025-06-24 00:00:00+00,P03,L19 LOTE L2F,2025
0c93d59f,0783a071,de6596dc,37.47,37.47,0.065,0.065,0.85,13.1,44,Grafito,Semillas,2025,2025-06-18 00:00:00+00,G05,L04 LOTE LOCACIÓN A,2025
0c9cb7b5,e6561ac0,73a629e4,123.37,246.74,0.5,1,5.9,11.8,20.91,Jupiter 25 EC (piraclostrobina),Agroquímicos,2025,2025-07-08 00:00:00+00,P06,L02 LOTE-02,2025
0ca6851f,e9297d03,cc210393,19.2,40.96,0.1,0.2,1.5,15,12.8,CatheClean,Agroquímicos,2025,2025-07-01 00:00:00+00,P03,L04 LA NEGRA,2025
0cacedfd,2b8679fe,b57fd6f9,63.53,0,0.15,,3.51,23.4,18.1,Agripega 100,Agroquímicos,2025,2025-08-11 00:00:00+00,G03,L05 CASA DE TABLA ARRIBA A,2025
0cc11a17,5d3afbeb,cc210393,11.26,22.53,0.1,0.2,0.88,8.8,12.8,CatheClean,Agroquímicos,2025,2025-06-05 00:00:00+00,G01,L05 LOTE EL DRAGAL 2-1,2025
0cc634cf,01e43deb,cc210393,26.11,69.63,0.075,0.2,2.04,27.2,12.8,CatheClean,Agroquímicos,2025,2025-07-31 00:00:00+00,G01,L02 LOTE LOS MANGOS,2025
0ccffc27,37a797d1,50ea012e,220,386.76,2,3,50,25,4.4,Alfasato 48 SL (glifosato),Agroquímicos,2025,2025-06-01 00:00:00+00,G02,L02 LOTE EL TANQUE-B,2025
0cf84756,1a5d20e3,3072d084,169.68,342.96,2,1.5,11.8,5.9,14.38,Gadriano 30 OD,Agroquímicos,2025,2025-08-11 00:00:00+00,G05,L02 LOTE COCO LOMA GRANDE,2025
0d01e930,cbe728e9,aa72374c,129.9,129.9,2.5,2.5,15,6,8.66,Pendialfa 50 EC,Agroquímicos,2025,2025-06-23 00:00:00+00,P03,L19 LOTE L2F,2025
0d4a8ac6,e21dde72,bfe0f583,0,0,0.5,0,8.56,17.12,,Atrazina,Agroquímicos,2025,2025-07-15 00:00:00+00,P09,L10 LOTE SANTACRUZ II-LOTE 2B,2025
0d518e95,0c917f82,aa72374c,121.24,151.55,2,2.5,14,7,8.66,Pendialfa 50 EC,Agroquímicos,2025,2025-05-18 00:00:00+00,G01,L08 LOTE EL MANGO C,2025
0d64d439,e240a6ce,b275b7cf,1523.2,4188.8,2,5.5,54.4,27.2,28,"25,46N-00P-21,81K/3,66S",Fertilizantes,2025,2025-08-05 00:00:00+00,G01,L02 LOTE LOS MANGOS,2025
0d67de08,34eebd3f,b275b7cf,2878.4,3957.8,4,5.5,102.8,25.7,28,"25,46N-00P-21,81K/3,66S",Fertilizantes,2025,2025-08-12 00:00:00+00,G05,L08 LOTE RAMIREZ A,2025
0d839a4a,441dad8a,d19aa794,149.45,0,0.5,,5,10,29.89,Super Barre 55 EC,Agroquímicos,2025,2025-08-12 00:00:00+00,G01,L09 LOTE EL DRAGAL 3B,2025
0d901325,c717eee1,50ea012e,378.84,378.84,3,3,86.1,28.7,4.4,Alfasato 48 SL (glifosato),Agroquímicos,2025,2025-06-16 00:00:00+00,G05,L06 LOTE LOMA 2,2025
0dbecbf2,01a9bc17,de256ae0,97.9,97.9,2,2,11,5.5,8.9,QuelaTech Micros,Fertilizantes,2025,2025-07-31 00:00:00+00,G01,L07 LOTE EL DRAGAL 1-1,2025
0dc2254b,0f306f38,73a629e4,330.38,660.76,0.5,1,15.8,31.6,20.91,Jupiter 25 EC (piraclostrobina),Agroquímicos,2025,2025-07-18 00:00:00+00,P09,L16 LOTE SANTACRUZ II-LOTE 9 Y 10,2025
0dcc849e,96fe8df2,73a629e4,219.56,439.11,0.5,1,10.5,21,20.91,Jupiter 25 EC (piraclostrobina),Agroquímicos,2025,2025-08-21 00:00:00+00,G03,L04 LOTE ARBOLOTE ARRIBA A,2025
0de399cb,841f7e74,cc210393,66.56,66.56,0.2,0.2,5.2,26,12.8,CatheClean,Agroquímicos,2025,2025-05-21 00:00:00+00,C01,PERLA LOTE 04,2025
0df2738f,30e230ee,c2541310,10.12,35.41,0.1,0.3,0.6,6,16.86,Alfamilo 90SP,Agroquímicos,2025,2025-05-27 00:00:00+00,C01,PERLA LOTE 2A,2025
0e1cc2a7,43b00c16,3072d084,558.66,558.66,1.5,1.5,38.85,25.9,14.38,Gadriano 30 OD,Agroquímicos,2025,2025-06-20 00:00:00+00,P07,L03 LOTE 3C,2025
0e54da86,c7104e8a,cc210393,79.1,79.1,0.2,0.2,6.18,30.9,12.8,CatheClean,Agroquímicos,2025,2025-07-03 00:00:00+00,G03,L15 LOTE SALTO DEL MIRA A,2025
0e9079d6,50642746,50ea012e,440,264,5,3,100,20,4.4,Alfasato 48 SL (glifosato),Agroquímicos,2025,2025-06-04 00:00:00+00,P06,L03 LOTE-03 A,2025
0e9eaf09,f802860f,ebc8d614,4392.15,4392.15,3.5,3.5,164.5,47,26.7,"Nitro Evolution: 40-00-00/5,76S",Fertilizantes,2025,2025-08-06 00:00:00+00,G06,L02 LA REPRESA LOTE A,2025
0ea8af9a,506fd1c5,de6596dc,28.15,52.05,0.075,0.065,0.64,8.53,44,Grafito,Semillas,2025,2025-06-10 00:00:00+00,P09,L15 LOTE SANTACRUZ II-LOTE 6B,2025
0eb9799c,961ac108,f886ec2d,67.28,67.28,0.5,0.5,12.3,24.6,5.47,"SoloPasto 30,41SL (plicorán+2,4D)",Agroquímicos,2025,2025-06-12 00:00:00+00,G03,L13 LOTE LOS CARO-02 B,2025
0eca9168,4a1a10cd,b46d6dc9,5852,5852,7,7,140,20,41.8,"4,28N-18,52P-17,12K/5,51S+6,1MgO+0,68B+2,28Zn",Fertilizantes,2025,2025-05-19 00:00:00+00,G01,L12 LOTE EL MANGO B,2025
0ecaeba5,c7104e8a,3072d084,888.68,666.51,2,1.5,61.8,30.9,14.38,Gadriano 30 OD,Agroquímicos,2025,2025-07-03 00:00:00+00,G03,L15 LOTE SALTO DEL MIRA A,2025
0ed1ec88,8db9d3ac,f886ec2d,45.98,54.43,0.5,0.5,8.41,16.81,5.47,"SoloPasto 30,41SL (plicorán+2,4D)",Agroquímicos,2025,2025-07-06 00:00:00+00,P09,L10 LOTE SANTACRUZ II-LOTE 2B,2025
0f197488,8c9ab3f4,790b615c,62.9,0,0.3,0,6.36,21.2,9.89,Yamur 25EW,Agroquímicos,2025,2025-08-20 00:00:00+00,G04,L02 LOTE CIRUELA ARRIBA,2025
0f3fa269,f5ba0ad5,b46d6dc9,8514.66,8514.66,7,7,203.7,29.1,41.8,"4,28N-18,52P-17,12K/5,51S+6,1MgO+0,68B+2,28Zn",Fertilizantes,2025,2025-06-03 00:00:00+00,G02,L04 LOS BECERROS,2025
0f436d2d,e8c7419a,bca12c05,132.04,0,0.25,0,3.93,15.7,33.64,Alfasystin,Agroquímicos,2025,2025-06-20 00:00:00+00,P04,L02 LOTE-02,2025
0f5b3d86,417b4b49,f886ec2d,29.05,48.41,0.3,0.5,5.31,17.7,5.47,"SoloPasto 30,41SL (plicorán+2,4D)",Agroquímicos,2025,2025-05-15 00:00:00+00,G01,L06 LOTE EL DRAGAL 4B,2025
0f7fee64,fa24b1b4,3072d084,926.07,694.55,2,1.5,64.4,32.2,14.38,Gadriano 30 OD,Agroquímicos,2025,2025-07-05 00:00:00+00,G07,L04 LOTE VICTORIERO 1C,2025
0f8ee3e5,2954a925,cc210393,21.76,17.41,0.25,0.2,1.7,6.8,12.8,CatheClean,Agroquímicos,2025,2025-06-19 00:00:00+00,P03,L07 LOTE L2A,2025
0fc6e678,c3993aa7,de256ae0,297.26,297.26,2,2,33.4,16.7,8.9,QuelaTech Micros,Fertilizantes,2025,2025-08-20 00:00:00+00,G04,L01 LOTE CIRUELA ABAJO,2025
0fcc5165,b4067426,b275b7cf,1680,1848,5,5.5,60,12,28,"25,46N-00P-21,81K/3,66S",Fertilizantes,2025,2025-07-08 00:00:00+00,P06,L01 LOTE-01,2025
0fed3c6a,19a644fd,50ea012e,303.6,303.6,3,3,69,23,4.4,Alfasato 48 SL (glifosato),Agroquímicos,2025,2025-05-31 00:00:00+00,P03,L16 LOTE LOS MANGOS,2025
1004384b,a5cbd67f,c2541310,37.77,113.3,0.1,0.3,2.24,22.4,16.86,Alfamilo 90SP,Agroquímicos,2025,2025-05-24 00:00:00+00,P03,L08 LOTE L2B,2025
100a962a,5d5724d9,73a629e4,203.87,407.75,0.5,1,9.75,19.5,20.91,Jupiter 25 EC (piraclostrobina),Agroquímicos,2025,2025-07-03 00:00:00+00,G03,L03 LOTE ALFARERO D,2025
100f6c01,53880fc8,2a279588,174.77,174.77,0.06,0.06,0.98,16.3,178.7,MyCossed,Agroquímicos,2025,2025-05-16 00:00:00+00,P04,L03 LOTE-03,2025
10353763,4b36b409,cc210393,68.35,68.35,0.2,0.2,5.34,26.7,12.8,CatheClean,Agroquímicos,2025,2025-07-03 00:00:00+00,G03,L02 LOTE ALFARERO B,2025
103adfe5,1b24e237,50ea012e,343.2,392.04,3,3,78,26,4.4,Alfasato 48 SL (glifosato),Agroquímicos,2025,2025-06-23 00:00:00+00,P03,L11 LOTE L2D2,2025
103c8ccc,552fc1db,b46d6dc9,2048.2,5705.7,7,7,49,7,41.8,"4,28N-18,52P-17,12K/5,51S+6,1MgO+0,68B+2,28Zn",Fertilizantes,2025,2025-06-02 00:00:00+00,G03,L03 LOTE ALFARERO D,2025
10482208,bdd8d067,cdc04fbb,1271.16,0,3,,54,18,23.54,"Nitro Evolution: 40-00-00/5,8S",Fertilizantes,2025,2025-07-05 00:00:00+00,G02,L03 LOTE IGUANITAS,2025
10634896,9895fb41,f886ec2d,19.15,19.15,0.5,0.5,3.5,7,5.47,"SoloPasto 30,41SL (plicorán+2,4D)",Agroquímicos,2025,2025-05-01 00:00:00+00,C01,PERLA LOTE 2A,2025
1067436b,084f941b,aa72374c,578.06,578.06,2.5,2.5,66.75,26.7,8.66,Pendialfa 50 EC,Agroquímicos,2025,2025-06-08 00:00:00+00,G03,L02 LOTE ALFARERO B,2025
109689b7,b10a5148,b275b7cf,2128,2926,4,5.5,76,19,28,"25,46N-00P-21,81K/3,66S",Fertilizantes,2025,2025-06-13 00:00:00+00,P03,L10 LOTE L2D1,2025
10ab315b,89fd8d63,de256ae0,75.92,323.96,1,2,8.53,8.53,8.9,QuelaTech Micros,Fertilizantes,2025,2025-07-06 00:00:00+00,P09,L15 LOTE SANTACRUZ II-LOTE 6B,2025
10c8028b,37086118,79e8c679,297.36,297.36,4,4,47.2,11.8,6.3,Pasto: Brachiara Ruziziensis,Semillas,2025,2025-08-05 00:00:00+00,P06,L02 LOTE-02,2025
10c830a2,7d864fc0,cc210393,44.93,89.86,0.1,0.2,3.51,35.1,12.8,CatheClean,Agroquímicos,2025,2025-07-01 00:00:00+00,P08,L02 LOTE-02,2025
10d17f8d,0953f75e,73a629e4,282.29,564.57,0.5,1,13.5,27,20.91,Jupiter 25 EC (piraclostrobina),Agroquímicos,2025,2025-08-05 00:00:00+00,P11,L03 LOTE-06,2025
10dbc5eb,2f36b63a,b275b7cf,3684.8,5066.6,4,5.5,131.6,32.9,28,"25,46N-00P-21,81K/3,66S",Fertilizantes,2025,2025-07-01 00:00:00+00,P05,L01 LOTE EL PALMAR 1,2025
10ea260f,e21dde72,3072d084,369.28,429.24,1.5,1.5,25.68,17.12,14.38,Gadriano 30 OD,Agroquímicos,2025,2025-07-15 00:00:00+00,P09,L10 LOTE SANTACRUZ II-LOTE 2B,2025
10f7178c,0f306f38,de256ae0,281.24,562.48,1,2,31.6,31.6,8.9,QuelaTech Micros,Fertilizantes,2025,2025-07-18 00:00:00+00,P09,L16 LOTE SANTACRUZ II-LOTE 9 Y 10,2025
10fcc3c6,c606a5f8,f886ec2d,73.85,73.85,0.5,0.5,13.5,27,5.47,"SoloPasto 30,41SL (plicorán+2,4D)",Agroquímicos,2025,2025-05-13 00:00:00+00,P11,L03 LOTE-06,2025
1126c8aa,5ae6d721,de256ae0,219.83,439.66,1,2,24.7,24.7,8.9,QuelaTech Micros,Fertilizantes,2025,2025-07-06 00:00:00+00,P09,L08 LOTE SANTACRUZ II-LOTE 1,2025
112c44f1,f03d2136,790b615c,59.34,0,0.3,0,6,20,9.89,Yamur 25EW,Agroquímicos,2025,2025-07-13 00:00:00+00,G03,L12 LOTE LOS CARO-02 A,2025
113cfd3b,9114f243,3072d084,345.12,258.84,2,1.5,24,12,14.38,Gadriano 30 OD,Agroquímicos,2025,2025-06-21 00:00:00+00,P06,L01 LOTE-01,2025
11640b07,9177ddc1,0edac71f,3994.18,0,8,,113.6,14.2,35.16,"4N-17,4P-22,4K/4,6S+5,2MgO+0,68B+1,7Zn",Fertilizantes,2025,2025-07-11 00:00:00+00,P03,L12 LOTE L2E,2025
1189846a,0825fce9,de256ae0,85.08,288.36,1,2,9.56,9.56,8.9,QuelaTech Micros,Fertilizantes,2025,2025-07-06 00:00:00+00,P09,L12 LOTE SANTACRUZ II-LOTE 5A,2025
1194218f,b5d16af5,cc210393,84.38,75.01,0.225,0.2,6.59,29.3,12.8,CatheClean,Agroquímicos,2025,2025-08-24 00:00:00+00,G02,L02 LOTE EL TANQUE-B,2025
11aacee2,81f8c03d,73a629e4,187.14,374.29,0.5,1,8.95,17.9,20.91,Jupiter 25 EC (piraclostrobina),Agroquímicos,2025,2025-08-20 00:00:00+00,P09,"L17 LOTE SANTACRUZ II-LOTE 11, 12 Y 13",2025
11bfe936,b3516a5e,aa72374c,433,433,2.5,2.5,50,20,8.66,Pendialfa 50 EC,Agroquímicos,2025,2025-06-08 00:00:00+00,G03,L12 LOTE LOS CARO-02 A,2025
11c26132,aaf534f3,bca12c05,266.43,0,0.33,0,7.92,24,33.64,Alfasystin,Agroquímicos,2025,2025-07-07 00:00:00+00,P07,L01 LOTE 3A,2025
11d33550,a91d0f8f,bfe0f583,0,0,3,0,54,18,,Atrazina,Agroquímicos,2025,2025-05-11 00:00:00+00,P09,L04 LOTE SANTACRUZ I-LOTE 4,2025
11d83d20,a89153e1,ebc8d614,1869,1869,3.5,3.5,70,20,26.7,"Nitro Evolution: 40-00-00/5,76S",Fertilizantes,2025,2025-07-16 00:00:00+00,P06,L03 LOTE-03 A,2025
11eb41f7,a4e78671,79e8c679,723.24,723.24,4,4,114.8,28.7,6.3,Pasto: Brachiara Ruziziensis,Semillas,2025,2025-07-14 00:00:00+00,G05,L06 LOTE LOMA 2,2025
1203ab48,92c090c0,cc210393,11.9,23.81,0.1,0.2,0.93,9.3,12.8,CatheClean,Agroquímicos,2025,2025-06-05 00:00:00+00,G01,L04 LOTE EL DRAGAL 2B,2025
120b8932,5044ec08,f886ec2d,14.39,48.96,0.5,0.5,2.63,5.26,5.47,"SoloPasto 30,41SL (plicorán+2,4D)",Agroquímicos,2025,2025-05-21 00:00:00+00,P09,"L17 LOTE SANTACRUZ II-LOTE 11, 12 Y 13",2025
1220be75,cb553a6c,de6596dc,10.89,15.73,0.045,0.065,0.25,5.5,44,Grafito,Semillas,2025,2025-05-22 00:00:00+00,G01,L07 LOTE EL DRAGAL 1-1,2025
12399967,38fef001,de256ae0,496.62,496.62,2,2,55.8,27.9,8.9,QuelaTech Micros,Fertilizantes,2025,2025-07-11 00:00:00+00,G07,L03 LOTE VICTORIERO 1B,2025
12414dda,364b624f,cc210393,4.35,8.7,0.1,0.2,0.34,3.4,12.8,CatheClean,Agroquímicos,2025,2025-05-19 00:00:00+00,G01,L03 LOTE DETRÁS DE LA CASA B,2025
12476189,ba8fd8e7,bca12c05,288.63,0,0.33,0,8.58,26,33.64,Alfasystin,Agroquímicos,2025,2025-06-18 00:00:00+00,P03,L13 LOTE LAS 50 B LOTE,2025
1259910b,25449584,ebc8d614,801,1485.86,3,3.5,30,10,26.7,"Nitro Evolution: 40-00-00/5,76S",Fertilizantes,2025,2025-08-12 00:00:00+00,G05,L02 LOTE COCO LOMA GRANDE,2025
1261a42c,9c63534a,79e8c679,327.6,834.12,4,4,52,13,6.3,Pasto: Brachiara Ruziziensis,Semillas,2025,2025-07-10 00:00:00+00,G07,L01 LOTE SAMANCITO,2025
12620118,d9c0e809,d19aa794,149.45,0,0.5,,5,10,29.89,Super Barre 55 EC,Agroquímicos,2025,2025-08-12 00:00:00+00,G01,L10 LOTE EL DRAGAL 3-1,2025
126458f4,10adef45,8a4ab665,1482.74,336.42,1,0.12,23.8,23.8,62.3,Eminente 45 WG,Agroquímicos,2025,2025-07-03 00:00:00+00,G02,L03 LOTE IGUANITAS,2025
126e119b,aef734e7,b6a9d42e,1155,3494.4,1.5,1.3,8.25,5.5,140,Maíz: Danac-029 c/fortenza duo,Semillas,2025,2025-05-11 00:00:00+00,P09,L01 LOTE SANTACRUZ I-LOTE 1,2025
128ccc71,ffa84aeb,790b615c,30.26,0,0.3,0,3.06,10.2,9.89,Yamur 25EW,Agroquímicos,2025,2025-08-20 00:00:00+00,G04,L03 LOTE LOMA AMARILLA,2025
12b22033,f03d2136,de256ae0,356,356,2,2,40,20,8.9,QuelaTech Micros,Fertilizantes,2025,2025-07-13 00:00:00+00,G03,L12 LOTE LOS CARO-02 A,2025
12b54ab0,917ad300,2a279588,49.86,66.48,0.045,0.06,0.28,6.2,178.7,MyCossed,Agroquímicos,2025,2025-05-24 00:00:00+00,G04,L05 LOTE LOMAS DE MEDANO,2025
12bba5f6,181b8c1e,b46d6dc9,7607.6,7607.6,7,7,182,26,41.8,"4,28N-18,52P-17,12K/5,51S+6,1MgO+0,68B+2,28Zn",Fertilizantes,2025,2025-06-05 00:00:00+00,G03,L08 EL DESQUITE B,2025
12d3687b,b6bcc404,8a4ab665,385.01,231.01,0.2,0.12,6.18,30.9,62.3,Eminente 45 WG,Agroquímicos,2025,2025-07-09 00:00:00+00,G03,L15 LOTE SALTO DEL MIRA A,2025
12dcd7f9,131ba10c,2a279588,74.79,99.71,0.045,0.06,0.42,9.3,178.7,MyCossed,Agroquímicos,2025,2025-05-22 00:00:00+00,G01,L04 LOTE EL DRAGAL 2B,2025
12f5a914,6c1b541a,cc210393,73.47,73.47,0.2,0.2,5.74,28.7,12.8,CatheClean,Agroquímicos,2025,2025-08-12 00:00:00+00,G05,L09 LOTE RAMIREZ B,2025
13083dc4,768a796d,c2541310,104.53,156.8,0.2,0.3,6.2,31,16.86,Alfamilo 90SP,Agroquímicos,2025,2025-07-16 00:00:00+00,P03,L03 LOTE LA CASA C,2025
13238c4a,1ce522a0,b6a9d42e,5987.8,5987.8,1.3,1.3,42.77,32.9,140,Maíz: Danac-029 c/fortenza duo,Semillas,2025,2025-07-10 00:00:00+00,P05,L01 LOTE EL PALMAR 1,2025
13384949,940d9ec7,de6596dc,62.48,92.38,0.1,0.065,1.42,14.2,44,Grafito,Semillas,2025,2025-06-18 00:00:00+00,P09,L04 LOTE SANTACRUZ I-LOTE 4,2025
1339e46b,98c8b311,44237940,51.79,94.77,2,1.5,13.28,6.64,3.9,Alfaxone Super 20 SL,Agroquímicos,2025,2025-05-18 00:00:00+00,P09,L12 LOTE SANTACRUZ II-LOTE 5A,2025
135876be,4794c8e9,c1d751bb,140.94,281.88,0.1,0.2,1.74,17.4,81,Bacillus Thuringiensis,Agroquímicos,2025,2025-06-18 00:00:00+00,G02,L01 LOTE EL TANQUE-A,2025
1358fa71,5bc82c91,cc210393,12.8,45.06,0.1,0.2,1,10,12.8,CatheClean,Agroquímicos,2025,2025-07-30 00:00:00+00,P03,L18 LOTE LA LAGUNA,2025
13647863,7e378e34,50ea012e,306.24,253.44,6,3,69.6,11.6,4.4,Alfasato 48 SL (glifosato),Agroquímicos,2025,2025-08-20 00:00:00+00,P09,L01 LOTE SANTACRUZ I-LOTE 1,2025
13651d2a,f7259abe,b275b7cf,1825.6,2510.2,4,5.5,65.2,16.3,28,"25,46N-00P-21,81K/3,66S",Fertilizantes,2025,2025-08-13 00:00:00+00,G07,L05 LOTE VICTORIERO 1D,2025
1371fa4f,ef50587d,cc210393,60.93,115.2,0.2,0.2,4.76,23.8,12.8,CatheClean,Agroquímicos,2025,2025-06-20 00:00:00+00,G02,L03 LOTE IGUANITAS,2025
13a1aaa6,81f8c03d,cc210393,25.2,45.82,0.11,0.2,1.97,17.9,12.8,CatheClean,Agroquímicos,2025,2025-08-20 00:00:00+00,P09,"L17 LOTE SANTACRUZ II-LOTE 11, 12 Y 13",2025
13b163d9,fccf7a07,790b615c,19.29,0,0.5,0,1.95,3.9,9.89,Yamur 25EW,Agroquímicos,2025,2025-06-21 00:00:00+00,C01,PERLA LOTE 2A,2025
13ba9b5d,efb19947,ebc8d614,1655.4,3326.82,2,3.5,62,31,26.7,"Nitro Evolution: 40-00-00/5,76S",Fertilizantes,2025,2025-07-15 00:00:00+00,P09,L11 LOTE SANTACRUZ II-LOTE 3,2025
13e17d49,0d6b0ccb,790b615c,57.86,0,0.3,0,5.85,19.5,9.89,Yamur 25EW,Agroquímicos,2025,2025-07-08 00:00:00+00,G03,L03 LOTE ALFARERO D,2025
13e3de0a,deb69925,c2541310,29,87,0.1,0.3,1.72,17.2,16.86,Alfamilo 90SP,Agroquímicos,2025,2025-05-06 00:00:00+00,P04,L05 LOTE 25 ha B,2025
13e68c48,0825fce9,9316143b,163.13,0,1,,16.2,16.2,10.07,Alfyrinex,Agroquímicos,2025,2025-07-10 00:00:00+00,P09,L12 LOTE SANTACRUZ II-LOTE 5A,2025
13f63b6b,ca543aea,de256ae0,105.02,283.02,2,2,11.8,5.9,8.9,QuelaTech Micros,Fertilizantes,2025,2025-08-11 00:00:00+00,G05,L02 LOTE COCO LOMA GRANDE,2025
141f9ea7,aa09e1d5,b275b7cf,1982.4,2725.8,4,5.5,70.8,17.7,28,"25,46N-00P-21,81K/3,66S",Fertilizantes,2025,2025-08-05 00:00:00+00,G01,L06 LOTE EL DRAGAL 4B,2025
14277a08,f7fbb0f2,f886ec2d,54.7,54.7,0.5,0.5,10,20,5.47,"SoloPasto 30,41SL (plicorán+2,4D)",Agroquímicos,2025,2025-06-12 00:00:00+00,G03,L12 LOTE LOS CARO-02 A,2025
142b54ef,90a99b0b,61e0f8a6,1413.07,0,1.3,0,5.98,4.6,236.3,Dekalb 410,Semillas,2025,2025-06-20 00:00:00+00,P06,L04 LOTE-03 B,2025
1431bc91,0b53c89c,c1d751bb,116.64,233.28,0.1,0.2,1.44,14.4,81,Bacillus Thuringiensis,Agroquímicos,2025,2025-06-25 00:00:00+00,P11,L07 LOTE-08,2025
144aaaed,281599f4,b275b7cf,2912,4004,4,5.5,104,26,28,"25,46N-00P-21,81K/3,66S",Fertilizantes,2025,2025-06-20 00:00:00+00,C01,PERLA LOTE 04,2025
1457349e,21e715c5,ebc8d614,1485.86,1485.86,3.5,3.5,55.65,15.9,26.7,"Nitro Evolution: 40-00-00/5,76S",Fertilizantes,2025,2025-07-02 00:00:00+00,P04,L04 LOTE 25 ha A,2025
14658c31,9177ddc1,2a279588,152.25,150.11,0.06,0.06,0.85,14.2,178.7,MyCossed,Agroquímicos,2025,2025-07-11 00:00:00+00,P03,L12 LOTE L2E,2025
14673859,530a985d,9316143b,60.92,0,0.5,,6.05,12.1,10.07,Alfyrinex,Agroquímicos,2025,2025-07-30 00:00:00+00,P03,L17 LOTE EL CUADRITO,2025
147242f7,b264931c,50ea012e,320.76,320.76,3,3,72.9,24.3,4.4,Alfasato 48 SL (glifosato),Agroquímicos,2025,2025-06-12 00:00:00+00,G03,L06 CASA DE TABLA ARRIBA B,2025
1489fb1c,e748ef8e,8a4ab665,1239.77,211.57,1,0.12,19.9,19.9,62.3,Eminente 45 WG,Agroquímicos,2025,2025-07-03 00:00:00+00,G06,L03 LA REPRESA LOTE B,2025
14a862a1,a9d222c8,2a279588,53.88,246.61,0.045,0.06,0.3,6.7,178.7,MyCossed,Agroquímicos,2025,2025-06-18 00:00:00+00,P03,L09 LOTE L2C,2025
14cf5bf0,206ee087,2a279588,50036,75.05,40,0.06,280,7,178.7,MyCossed,Agroquímicos,2025,2025-05-19 00:00:00+00,C01,PERLA LOTE 2A,2025
14e55bbb,418a767f,f886ec2d,287.18,95.73,1.5,0.5,52.5,35,5.47,"SoloPasto 30,41SL (plicorán+2,4D)",Agroquímicos,2025,2025-06-25 00:00:00+00,P03,L06 LOS CACHICAMOS,2025
14ed1e23,c164e4de,cc210393,11.33,45.31,0.05,0.2,0.89,17.7,12.8,CatheClean,Agroquímicos,2025,2025-07-31 00:00:00+00,G01,L06 LOTE EL DRAGAL 4B,2025
150a35a1,e7898031,de256ae0,165.54,165.54,2,2,18.6,9.3,8.9,QuelaTech Micros,Fertilizantes,2025,2025-07-08 00:00:00+00,G03,L01 LOTE ALFARERO A,2025
15140f7b,c4103fb5,c1d751bb,121.5,338.58,0.1,0.2,1.5,15,81,Bacillus Thuringiensis,Agroquímicos,2025,2025-07-05 00:00:00+00,P05,L02 LOTE EL PALMAR 2,2025
151a33ca,c606a5f8,50ea012e,475.2,356.4,4,3,108,27,4.4,Alfasato 48 SL (glifosato),Agroquímicos,2025,2025-05-13 00:00:00+00,P11,L03 LOTE-06,2025
1528c93f,9bd4af62,cc210393,30.21,30.98,0.2,0.2,2.36,11.8,12.8,CatheClean,Agroquímicos,2025,2025-05-31 00:00:00+00,P03,L17 LOTE EL CUADRITO,2025
15452b3a,5b713d1f,c1d751bb,210.6,567,0.1,0.2,2.6,26,81,Bacillus Thuringiensis,Agroquímicos,2025,2025-07-22 00:00:00+00,P03,L06 LOS CACHICAMOS,2025
1547eac9,98636908,ebc8d614,3449.64,3018.44,4,3.5,129.2,32.3,26.7,"Nitro Evolution: 40-00-00/5,76S",Fertilizantes,2025,2025-06-10 00:00:00+00,P09,L04 LOTE SANTACRUZ I-LOTE 4,2025
1549aaef,8d638978,b275b7cf,761.6,1047.2,4,5.5,27.2,6.8,28,"25,46N-00P-21,81K/3,66S",Fertilizantes,2025,2025-06-13 00:00:00+00,P03,L07 LOTE L2A,2025
154c8262,e4fe85fc,61e0f8a6,4423.54,0,1.3,0,18.72,14.4,236.3,Dekalb 410,Semillas,2025,2025-05-20 00:00:00+00,P11,L07 LOTE-08,2025
154f67a6,ebda141d,aa72374c,316.96,264.13,3,2.5,36.6,12.2,8.66,Pendialfa 50 EC,Agroquímicos,2025,2025-05-29 00:00:00+00,P07,L04 LOTE 3D,2025
1562c19a,05505dff,73a629e4,37.95,380.56,0.5,1,1.82,3.63,20.91,Jupiter 25 EC (piraclostrobina),Agroquímicos,2025,2025-06-05 00:00:00+00,P09,L15 LOTE SANTACRUZ II-LOTE 6B,2025
15692317,917ad300,de6596dc,12.28,17.73,0.045,0.065,0.28,6.2,44,Grafito,Semillas,2025,2025-05-24 00:00:00+00,G04,L05 LOTE LOMAS DE MEDANO,2025
157dd44d,542c5a30,8a4ab665,259.17,155.5,0.2,0.12,4.16,20.8,62.3,Eminente 45 WG,Agroquímicos,2025,2025-08-20 00:00:00+00,G04,L06 LOTE A,2025
15a74832,97eaa262,c2541310,76.54,159.83,0.25,0.3,4.54,18.16,16.86,Alfamilo 90SP,Agroquímicos,2025,2025-06-10 00:00:00+00,P09,L16 LOTE SANTACRUZ II-LOTE 9 Y 10,2025
15a98427,8937141a,bca12c05,333.04,0,0.33,0,9.9,30,33.64,Alfasystin,Agroquímicos,2025,2025-07-07 00:00:00+00,P07,L02 LOTE 3B,2025
15b3419f,20a02f5d,c1d751bb,235.71,471.42,0.1,0.2,2.91,29.1,81,Bacillus Thuringiensis,Agroquímicos,2025,2025-06-26 00:00:00+00,P11,L06 LOTE 7C,2025
15d247f1,417bb92a,de6596dc,13.86,20.02,0.045,0.065,0.32,7,44,Grafito,Semillas,2025,2025-05-22 00:00:00+00,G01,L08 LOTE EL MANGO C,2025
15e5b083,79033947,de256ae0,124.6,233.18,2,2,14,7,8.9,QuelaTech Micros,Fertilizantes,2025,2025-08-20 00:00:00+00,G05,L04 LOTE LOCACIÓN A,2025
1601bb97,cf0bf609,b46d6dc9,3196.86,4740.12,8,7,76.48,9.56,41.8,"4,28N-18,52P-17,12K/5,51S+6,1MgO+0,68B+2,28Zn",Fertilizantes,2025,2025-06-01 00:00:00+00,P09,L12 LOTE SANTACRUZ II-LOTE 5A,2025
1620291d,30e230ee,44237940,35.1,40.95,1.5,1.5,9,6,3.9,Alfaxone Super 20 SL,Agroquímicos,2025,2025-05-27 00:00:00+00,C01,PERLA LOTE 2A,2025
163f3f7b,3db9b88e,cc210393,12.1,33.54,0.135,0.2,0.95,7,12.8,CatheClean,Agroquímicos,2025,2025-08-20 00:00:00+00,G05,L04 LOTE LOCACIÓN A,2025
165c9945,203eec02,b46d6dc9,4748.48,7227.22,8,7,113.6,14.2,41.8,"4,28N-18,52P-17,12K/5,51S+6,1MgO+0,68B+2,28Zn",Fertilizantes,2025,2025-05-11 00:00:00+00,P09,L08 LOTE SANTACRUZ II-LOTE 1,2025
16825756,9082e3ea,73a629e4,189.24,378.47,0.5,1,9.05,18.1,20.91,Jupiter 25 EC (piraclostrobina),Agroquímicos,2025,2025-06-25 00:00:00+00,P11,L02 LOTE 5B,2025
16897bf7,cb4183d5,b46d6dc9,5852,5852,7,7,140,20,41.8,"4,28N-18,52P-17,12K/5,51S+6,1MgO+0,68B+2,28Zn",Fertilizantes,2025,2025-06-18 00:00:00+00,P06,L03 LOTE-03 A,2025
16bded72,bcd075db,cc210393,25.4,37.63,0.135,0.2,1.98,14.7,12.8,CatheClean,Agroquímicos,2025,2025-07-06 00:00:00+00,G05,L05 LOTE LOMA 1,2025
16d8af49,943f202f,cc210393,18.18,35.84,0.1,0.2,1.42,14.2,12.8,CatheClean,Agroquímicos,2025,2025-06-23 00:00:00+00,P03,L12 LOTE L2E,2025
16db6e0b,a4415b22,44237940,313.95,188.37,2.5,1.5,80.5,32.2,3.9,Alfaxone Super 20 SL,Agroquímicos,2025,2025-08-06 00:00:00+00,G07,L04 LOTE VICTORIERO 1C,2025
16e8dbed,f8597bb1,c8ffca92,10.68,10.68,0.05,0.05,1.34,26.7,8,Trampa de feromonas,Agroquímicos,2025,2025-07-02 00:00:00+00,G03,L02 LOTE ALFARERO B,2025
16eacaf4,d7e300eb,3072d084,601.08,450.81,2,1.5,41.8,20.9,14.38,Gadriano 30 OD,Agroquímicos,2025,2025-07-01 00:00:00+00,P05,L02 LOTE EL PALMAR 2,2025
16f7083e,5c1b220f,73a629e4,0,250.92,0.5,1,0,,20.91,Jupiter 25 EC (piraclostrobina),Agroquímicos,2025,2025-07-22 00:00:00+00,C01,LOTE JUANCHO,2025
1724199e,67805a51,de256ae0,217.16,217.16,2,2,24.4,12.2,8.9,QuelaTech Micros,Fertilizantes,2025,2025-08-05 00:00:00+00,P07,L04 LOTE 3D,2025
174af13f,7df769e5,73a629e4,324.11,648.21,0.5,1,15.5,31,20.91,Jupiter 25 EC (piraclostrobina),Agroquímicos,2025,2025-07-02 00:00:00+00,G03,L11 LOTE LA TRINCHERA C,2025
174bf948,e4daaaa3,61e0f8a6,4324.29,0,1.5,0,18.3,12.2,236.3,Dekalb 410,Semillas,2025,2025-05-06 00:00:00+00,P04,L05 LOTE 25 ha B,2025
17667ccd,3fb20a3f,bca12c05,142.97,0,0.25,0,4.25,17,33.64,Alfasystin,Agroquímicos,2025,2025-06-19 00:00:00+00,G04,L07 LOTE B,2025
177a9731,f03d2136,3072d084,258.84,431.4,2,1.5,18,9,14.38,Gadriano 30 OD,Agroquímicos,2025,2025-07-03 00:00:00+00,G03,L12 LOTE LOS CARO-02 A,2025
178f7966,3104996e,79e8c679,0,176.4,4.5,4,0,,6.3,Pasto: Brachiara Ruziziensis,Semillas,2025,2025-07-01 00:00:00+00,C01,PERLA LOTE 2A,2025
17a691db,022a84ba,c2541310,52.1,156.29,0.1,0.3,3.09,30.9,16.86,Alfamilo 90SP,Agroquímicos,2025,2025-06-06 00:00:00+00,G03,L15 LOTE SALTO DEL MIRA A,2025
17aa2199,b8d8e7b6,cc210393,11.52,57.34,0.3,0.2,0.9,3,12.8,CatheClean,Agroquímicos,2025,2025-05-14 00:00:00+00,P09,L14 LOTE SANTACRUZ II-LOTE 6A,2025
17bb9a87,542c5a30,790b615c,61.71,0,0.3,0,6.24,20.8,9.89,Yamur 25EW,Agroquímicos,2025,2025-08-20 00:00:00+00,G04,L06 LOTE A,2025
17cfab0e,c928a5e1,c1d751bb,170.1,340.2,0.1,0.2,2.1,21,81,Bacillus Thuringiensis,Agroquímicos,2025,2025-06-20 00:00:00+00,C01,PERLA LOTE 01,2025
17eeb11b,1a5d20e3,cc210393,17.28,40.7,0.135,0.2,1.35,10,12.8,CatheClean,Agroquímicos,2025,2025-08-12 00:00:00+00,G05,L02 LOTE COCO LOMA GRANDE,2025
17f14778,e99bffc6,8a4ab665,154.01,154.01,0.12,0.12,2.47,20.6,62.3,Eminente 45 WG,Agroquímicos,2025,2025-07-11 00:00:00+00,G07,L02 LOTE VICTORIERO 1A,2025
1806818a,2b10f8db,d73f9b82,0,0,1,,20.3,20.3,,Alfavin,Agroquímicos,2025,2025-08-20 00:00:00+00,G04,L08 LOTE C,2025
182e1dc5,12648583,8a4ab665,45.73,27.44,0.2,0.12,0.73,3.67,62.3,Eminente 45 WG,Agroquímicos,2025,2025-07-09 00:00:00+00,G03,L14 LOTE LOS CARO-01,2025
18535555,589bba77,e1ff11f4,0,0,1000,1,8800,8.8,,Pase de rastra,Enmienda,2025,2025-05-06 00:00:00+00,G01,L05 LOTE EL DRAGAL 2-1,2025
185827d0,b85a69c5,cc210393,7.94,15.87,0.1,0.2,0.62,6.2,12.8,CatheClean,Agroquímicos,2025,2025-08-20 00:00:00+00,G04,L05 LOTE LOMAS DE MEDANO,2025
185b861c,4794c8e9,cc210393,22.27,44.54,0.1,0.2,1.74,17.4,12.8,CatheClean,Agroquímicos,2025,2025-06-18 00:00:00+00,G02,L01 LOTE EL TANQUE-A,2025
185bcff5,fd0cd288,ebc8d614,1302.96,1140.09,4,3.5,48.8,12.2,26.7,"Nitro Evolution: 40-00-00/5,76S",Fertilizantes,2025,2025-08-05 00:00:00+00,P07,L04 LOTE 3D,2025
1865493e,ee4b6c68,bca12c05,133.72,0,0.25,0,3.98,15.9,33.64,Alfasystin,Agroquímicos,2025,2025-06-20 00:00:00+00,P04,L04 LOTE 25 ha A,2025
187297a2,58976440,c8ffca92,280.8,14.04,1,0.05,35.1,35.1,8,Trampa de feromonas,Agroquímicos,2025,2025-07-01 00:00:00+00,P08,L02 LOTE-02,2025
18860d36,41edbe16,cc210393,63.17,36.1,0.35,0.2,4.94,14.1,12.8,CatheClean,Agroquímicos,2025,2025-08-20 00:00:00+00,P04,L01 LOTE-01,2025
18a8102e,aff79803,3072d084,332.18,627.69,1.5,1.5,23.1,15.4,14.38,Gadriano 30 OD,Agroquímicos,2025,2025-06-26 00:00:00+00,P11,L06 LOTE 7C,2025
18bbe165,0738a423,2a279588,200.72,154.4,0.078,0.06,1.12,14.4,178.7,MyCossed,Agroquímicos,2025,2025-05-20 00:00:00+00,P11,L07 LOTE-08,2025
18d383b3,fa7195fb,de6596dc,53.68,34.89,0.1,0.065,1.22,12.2,44,Grafito,Semillas,2025,2025-05-29 00:00:00+00,P07,L04 LOTE 3D,2025
18df8800,ea3f8c8c,b6a9d42e,6577.2,5805.8,1.5,1.3,46.98,31.32,140,Maíz: Danac-029 c/fortenza duo,Semillas,2025,2025-05-14 00:00:00+00,P09,L05 LOTE SANTACRUZ I-LOTE 5,2025
18e4d13a,1d3a8fe0,3072d084,647.1,647.1,1.5,1.5,45,30,14.38,Gadriano 30 OD,Agroquímicos,2025,2025-07-28 00:00:00+00,G02,L05 LA CAGADA,2025
18e8f928,d09c31c8,2a279588,184.42,184.42,0.06,0.06,1.03,17.2,178.7,MyCossed,Agroquímicos,2025,2025-05-06 00:00:00+00,P04,L05 LOTE 25 ha B,2025
18f95f70,ddf2fa56,b46d6dc9,3344,7900.2,8,7,80,10,41.8,"4,28N-18,52P-17,12K/5,51S+6,1MgO+0,68B+2,28Zn",Fertilizantes,2025,2025-06-09 00:00:00+00,P11,L03 LOTE-06,2025
192f95cb,eed076ff,0581f3d9,0,0,0,1,0,20.3,,Pase de rotativa,Enmienda,2025,2025-06-01 00:00:00+00,C02,L01 ARENERO 1 LOTE-02,2025
19353eea,4cb2866d,cc210393,106.66,85.32,0.25,0.2,8.33,33.33,12.8,CatheClean,Agroquímicos,2025,2025-06-17 00:00:00+00,G03,L10 LOTE LA TRINCHERA B,2025
19592ee8,7e365bc0,de6596dc,34.32,34.32,0.065,0.065,0.78,12,44,Grafito,Semillas,2025,2025-06-19 00:00:00+00,C01,LOTE JUANCHO,2025
195d39c4,e26844ba,8a4ab665,105.91,119.62,0.2,0.12,1.7,8.5,62.3,Eminente 45 WG,Agroquímicos,2025,2025-07-22 00:00:00+00,P03,L04 LA NEGRA,2025
1960a296,5ff59454,73a629e4,69.42,533.21,0.5,1,3.32,6.64,20.91,Jupiter 25 EC (piraclostrobina),Agroquímicos,2025,2025-06-10 00:00:00+00,P09,L13 LOTE SANTACRUZ II-LOTE 5B,2025
19840d3b,c928a5e1,cc210393,161.28,53.76,0.6,0.2,12.6,21,12.8,CatheClean,Agroquímicos,2025,2025-06-20 00:00:00+00,C01,PERLA LOTE 01,2025
1988e1bb,6fac1fd9,cc210393,80.64,63.23,0.6,0.2,6.3,10.5,12.8,CatheClean,Agroquímicos,2025,2025-05-07 00:00:00+00,P09,L08 LOTE SANTACRUZ II-LOTE 1,2025
199f4b8e,72dd5ac0,2a279588,249.29,332.38,0.045,0.06,1.4,31,178.7,MyCossed,Agroquímicos,2025,2025-06-18 00:00:00+00,P03,L05 LAS 50A,2025
19b1bfed,534cf2b4,c1d751bb,232.47,464.94,0.1,0.2,2.87,28.7,81,Bacillus Thuringiensis,Agroquímicos,2025,2025-08-12 00:00:00+00,G05,L09 LOTE RAMIREZ B,2025
19c1f512,c7b8666a,b275b7cf,1120,4158,4,5.5,40,10,28,"25,46N-00P-21,81K/3,66S",Fertilizantes,2025,2025-06-26 00:00:00+00,P11,L03 LOTE-06,2025
1a044c5a,0825fce9,de256ae0,59.1,288.36,1,2,6.64,6.64,8.9,QuelaTech Micros,Fertilizantes,2025,2025-07-06 00:00:00+00,P09,L12 LOTE SANTACRUZ II-LOTE 5A,2025
1a26430d,849d2fa7,c1d751bb,284.31,568.62,0.1,0.2,3.51,35.1,81,Bacillus Thuringiensis,Agroquímicos,2025,2025-06-17 00:00:00+00,P08,L02 LOTE-02,2025
1a2db3b3,b983f2fb,aa72374c,108.47,296.61,2.5,2.5,12.53,5.01,8.66,Pendialfa 50 EC,Agroquímicos,2025,2025-07-25 00:00:00+00,P08,L07 LOTE 3B 2,2025
1a39d3f7,8bf07d6a,b275b7cf,1310.4,3603.6,2,5.5,46.8,23.4,28,"25,46N-00P-21,81K/3,66S",Fertilizantes,2025,2025-07-13 00:00:00+00,G03,L05 CASA DE TABLA ARRIBA A,2025
1a465fe2,0c917f82,50ea012e,92.4,92.4,3,3,21,7,4.4,Alfasato 48 SL (glifosato),Agroquímicos,2025,2025-05-18 00:00:00+00,G01,L08 LOTE EL MANGO C,2025
1a72a192,894861a6,cc210393,8.96,78.08,0.1,0.2,0.7,7,12.8,CatheClean,Agroquímicos,2025,2025-07-09 00:00:00+00,P03,L15 LOTE LAS 60 B,2025
1a953938,fe972988,b275b7cf,1120,1540,4,5.5,40,10,28,"25,46N-00P-21,81K/3,66S",Fertilizantes,2025,2025-08-05 00:00:00+00,G01,L09 LOTE EL DRAGAL 3B,2025
1a98c585,ff4f9345,cc210393,63.68,72.45,0.25,0.2,4.98,19.9,12.8,CatheClean,Agroquímicos,2025,2025-06-01 00:00:00+00,G06,L03 LA REPRESA LOTE B,2025
1a9aabf3,08e4458c,bdac1da2,1008,0,0.7,0,5.6,8,180,Cal dolomítica,Enmienda,2025,2025-05-15 00:00:00+00,G07,L02 LOTE VICTORIERO 1A,2025
1aac4e0b,43eb1004,790b615c,79.22,0,0.3,0,8.01,26.7,9.89,Yamur 25EW,Agroquímicos,2025,2025-07-08 00:00:00+00,G03,L02 LOTE ALFARERO B,2025
1ab37bfd,9d6b6d34,de6596dc,33.66,48.62,0.045,0.065,0.77,17,44,Grafito,Semillas,2025,2025-05-24 00:00:00+00,G04,L07 LOTE B,2025
1abc718b,e77f6ea8,aa72374c,352.9,352.9,2.5,2.5,40.75,16.3,8.66,Pendialfa 50 EC,Agroquímicos,2025,2025-05-16 00:00:00+00,P04,L03 LOTE-03,2025
1ac4b11c,7e9ef8b7,cc210393,14.08,58.88,0.1,0.2,1.1,11,12.8,CatheClean,Agroquímicos,2025,2025-08-21 00:00:00+00,P03,L09 LOTE L2C,2025
1ac4d6ed,6ada907e,7a071d0e,2860,0,1.3,0,13,10,220,Lucino,Semillas,2025,2025-07-18 00:00:00+00,G05,L02 LOTE COCO LOMA GRANDE,2025
1ae4514d,c164e4de,790b615c,52.52,0,0.3,0,5.31,17.7,9.89,Yamur 25EW,Agroquímicos,2025,2025-07-31 00:00:00+00,G01,L06 LOTE EL DRAGAL 4B,2025
1af34ab3,e70d346b,bfe0f583,0,0,2,0,45.2,22.6,,Atrazina,Agroquímicos,2025,2025-08-19 00:00:00+00,G03,L07 EL DESQUITE A,2025
1b144e48,d63c333c,b275b7cf,1904,2618,4,5.5,68,17,28,"25,46N-00P-21,81K/3,66S",Fertilizantes,2025,2025-08-05 00:00:00+00,G04,L07 LOTE B,2025
1b254af4,5d5724d9,c1d751bb,157.95,315.9,0.1,0.2,1.95,19.5,81,Bacillus Thuringiensis,Agroquímicos,2025,2025-07-03 00:00:00+00,G03,L03 LOTE ALFARERO D,2025
1b52d0f8,0f2fe728,bca12c05,513.01,0,0.5,0,15.25,30.5,33.64,Alfasystin,Agroquímicos,2025,2025-08-20 00:00:00+00,P03,L15 LOTE LAS 60 B,2025
1b8304b8,513fd279,bca12c05,200.16,0,0.25,0,5.95,23.8,33.64,Alfasystin,Agroquímicos,2025,2025-07-05 00:00:00+00,G02,L03 LOTE IGUANITAS,2025
1b93b1f8,0f2fe728,9316143b,153.57,0,0.5,,15.25,30.5,10.07,Alfyrinex,Agroquímicos,2025,2025-08-21 00:00:00+00,P03,L15 LOTE LAS 60 B,2025
1b95496f,bc8e1726,bca12c05,183.34,0,0.25,0,5.45,21.8,33.64,Alfasystin,Agroquímicos,2025,2025-07-02 00:00:00+00,G03,L09 LOTE LA TRINCHERA A,2025
1ba0c27c,6433e6cb,8a4ab665,299.04,179.42,0.2,0.12,4.8,24,62.3,Eminente 45 WG,Agroquímicos,2025,2025-06-18 00:00:00+00,P07,L01 LOTE 3A,2025
1ba54323,30dbc879,bca12c05,167.36,0,0.25,0,4.98,19.9,33.64,Alfasystin,Agroquímicos,2025,2025-08-24 00:00:00+00,G06,L03 LA REPRESA LOTE B,2025
1ba81a00,9ff4f187,ebc8d614,1698.12,1981.14,3,3.5,63.6,21.2,26.7,"Nitro Evolution: 40-00-00/5,76S",Fertilizantes,2025,2025-08-05 00:00:00+00,G04,L02 LOTE CIRUELA ARRIBA,2025
1bac4cc5,625fec76,790b615c,62.31,0,0.3,0,6.3,21,9.89,Yamur 25EW,Agroquímicos,2025,2025-07-13 00:00:00+00,G03,L04 LOTE ARBOLOTE ARRIBA A,2025
1bae5d22,1a5d20e3,bca12c05,84.1,0,0.25,0,2.5,10,33.64,Alfasystin,Agroquímicos,2025,2025-08-12 00:00:00+00,G05,L02 LOTE COCO LOMA GRANDE,2025
1bbf164c,c8b5eeab,bca12c05,28.59,0,0.25,0,0.85,3.4,33.64,Alfasystin,Agroquímicos,2025,2025-06-10 00:00:00+00,G01,L03 LOTE DETRÁS DE LA CASA B,2025
1bc7d113,c31b708e,b275b7cf,2072,2849,4,5.5,74,18.5,28,"25,46N-00P-21,81K/3,66S",Fertilizantes,2025,2025-07-07 00:00:00+00,G05,L03 LOTE LA PIEDRA,2025
1bd93a53,4b36b409,73a629e4,279.15,558.3,0.5,1,13.35,26.7,20.91,Jupiter 25 EC (piraclostrobina),Agroquímicos,2025,2025-07-02 00:00:00+00,G03,L02 LOTE ALFARERO B,2025
1beeae97,97eaa262,50ea012e,834.24,417.12,6,3,189.6,31.6,4.4,Alfasato 48 SL (glifosato),Agroquímicos,2025,2025-07-06 00:00:00+00,P09,L16 LOTE SANTACRUZ II-LOTE 9 Y 10,2025
1c02c248,481ab45e,50ea012e,134.64,134.64,3,3,30.6,10.2,4.4,Alfasato 48 SL (glifosato),Agroquímicos,2025,2025-05-26 00:00:00+00,G04,L03 LOTE LOMA AMARILLA,2025
1c252eb8,0bce0d84,e1ff11f4,0,0,0,1,0,16,,Pase de rastra,Enmienda,2025,2025-05-20 00:00:00+00,C01,L06 LAS SEBASTIANAS,2025
1c3239b9,63fccba3,cc210393,49.59,73.47,0.135,0.2,3.87,28.7,12.8,CatheClean,Agroquímicos,2025,2025-08-12 00:00:00+00,G05,L09 LOTE RAMIREZ B,2025
1c431d00,c08ae1d5,d19aa794,406.5,0,0.5,,13.6,27.2,29.89,Super Barre 55 EC,Agroquímicos,2025,2025-08-12 00:00:00+00,G01,L02 LOTE LOS MANGOS,2025
1c5c1402,a7275e42,b6a9d42e,2002,2730,1.3,1.3,14.3,11,140,Maíz: Danac-029 c/fortenza duo,Semillas,2025,2025-05-30 00:00:00+00,C01,L11 LOTE PATRIX,2025
1c8176e6,3083df7f,73a629e4,106.64,213.28,0.5,1,5.1,10.2,20.91,Jupiter 25 EC (piraclostrobina),Agroquímicos,2025,2025-06-19 00:00:00+00,G04,L03 LOTE LOMA AMARILLA,2025
1c8339ef,c02839cc,b275b7cf,3136,6930,4,5.5,112,28,28,"25,46N-00P-21,81K/3,66S",Fertilizantes,2025,2025-08-24 00:00:00+00,G02,L03 LOTE IGUANITAS,2025
1cb53911,254544d4,b46d6dc9,6144.6,6144.6,7,7,147,21,41.8,"4,28N-18,52P-17,12K/5,51S+6,1MgO+0,68B+2,28Zn",Fertilizantes,2025,2025-06-08 00:00:00+00,G03,L04 LOTE ARBOLOTE ARRIBA A,2025
1cbde5f1,994f4a16,cc210393,57.6,38.4,0.3,0.2,4.5,15,12.8,CatheClean,Agroquímicos,2025,2025-05-29 00:00:00+00,P06,L05 LOTE-03 C,2025
1cf5d511,2d17d0a3,cc210393,48,38.4,0.25,0.2,3.75,15,12.8,CatheClean,Agroquímicos,2025,2025-08-05 00:00:00+00,P06,L05 LOTE-03 C,2025
1d26e981,7d016f9c,b6a9d42e,910,5332.6,1.3,1.3,6.5,5,140,Maíz: Danac-029 c/fortenza duo,Semillas,2025,2025-06-01 00:00:00+00,G02,L02 LOTE EL TANQUE-B,2025
1d2d1140,43eb1004,8a4ab665,332.68,199.61,0.2,0.12,5.34,26.7,62.3,Eminente 45 WG,Agroquímicos,2025,2025-07-08 00:00:00+00,G03,L02 LOTE ALFARERO B,2025
1d391074,0b3b5bb5,b46d6dc9,5584.48,4886.42,8,7,133.6,16.7,41.8,"4,28N-18,52P-17,12K/5,51S+6,1MgO+0,68B+2,28Zn",Fertilizantes,2025,2025-05-27 00:00:00+00,P11,L01 LOTE 5A,2025
1d437fdb,8fef547a,50ea012e,224.4,224.4,3,3,51,17,4.4,Alfasato 48 SL (glifosato),Agroquímicos,2025,2025-05-24 00:00:00+00,G04,L07 LOTE B,2025
1d712bbb,274871c4,7a071d0e,2145,0,1.3,0,9.75,7.5,220,Lucino,Semillas,2025,2025-07-30 00:00:00+00,P06,L05 LOTE-03 C,2025
1d9879fb,b29e5a53,b275b7cf,644,708.4,5,5.5,23,4.6,28,"25,46N-00P-21,81K/3,66S",Fertilizantes,2025,2025-07-08 00:00:00+00,P06,L04 LOTE-03 B,2025
1dd0b9a5,d46f60fe,3072d084,351.59,351.59,1.5,1.5,24.45,16.3,14.38,Gadriano 30 OD,Agroquímicos,2025,2025-06-20 00:00:00+00,P04,L03 LOTE-03,2025
1dd0cca7,849d2fa7,bca12c05,389.65,0,0.33,0,11.58,35.1,33.64,Alfasystin,Agroquímicos,2025,2025-06-17 00:00:00+00,P08,L02 LOTE-02,2025
1ddb58f4,0825fce9,d73f9b82,0,0,1,,6.64,6.64,,Alfavin,Agroquímicos,2025,2025-07-10 00:00:00+00,P09,L12 LOTE SANTACRUZ II-LOTE 5A,2025
1e0acd0e,f9346ba5,e1ff11f4,0,0,1,1,14.7,14.7,,Pase de rastra,Enmienda,2025,2025-05-18 00:00:00+00,G05,L05 LOTE LOMA 1,2025
1e25ba3c,96fe8df2,cc210393,53.76,53.76,0.2,0.2,4.2,21,12.8,CatheClean,Agroquímicos,2025,2025-07-02 00:00:00+00,G03,L04 LOTE ARBOLOTE ARRIBA A,2025
1e41c89d,bcb097cf,e1ff11f4,0,0,1000,1,9600,9.6,,Pase de rastra,Enmienda,2025,2025-05-06 00:00:00+00,G01,L01 LOTE DETRÁS DE LA CASA OESTE,2025
1e7686ae,05d03087,c2541310,36.75,110.26,0.1,0.3,2.18,21.8,16.86,Alfamilo 90SP,Agroquímicos,2025,2025-06-17 00:00:00+00,G03,L09 LOTE LA TRINCHERA A,2025
1e84bf0b,4653f4b8,b46d6dc9,6019.2,5266.8,8,7,144,18,41.8,"4,28N-18,52P-17,12K/5,51S+6,1MgO+0,68B+2,28Zn",Fertilizantes,2025,2025-06-01 00:00:00+00,P09,L09 LOTE SANTACRUZ II-LOTE 2A,2025
1e9e0f8b,20e7134f,de6596dc,69.5,69.5,0.065,0.065,1.58,24.3,44,Grafito,Semillas,2025,2025-06-17 00:00:00+00,G03,L06 CASA DE TABLA ARRIBA B,2025
1eb4117d,a5cbd67f,50ea012e,394.24,295.68,4,3,89.6,22.4,4.4,Alfasato 48 SL (glifosato),Agroquímicos,2025,2025-06-19 00:00:00+00,P03,L08 LOTE L2B,2025
1eb481ed,0e43ff77,b275b7cf,380.8,523.6,4,5.5,13.6,3.4,28,"25,46N-00P-21,81K/3,66S",Fertilizantes,2025,2025-08-05 00:00:00+00,G01,L03 LOTE DETRÁS DE LA CASA B,2025
1ec39d59,fef179af,44237940,78,102.96,2,1.5,20,10,3.9,Alfaxone Super 20 SL,Agroquímicos,2025,2025-07-16 00:00:00+00,P03,L18 LOTE LA LAGUNA,2025
1eee9733,f415553b,de6596dc,62.04,40.33,0.1,0.065,1.41,14.1,44,Grafito,Semillas,2025,2025-05-16 00:00:00+00,P04,L01 LOTE-01,2025
1f0427fb,d108ba7f,b275b7cf,2198,2417.8,5,5.5,78.5,15.7,28,"25,46N-00P-21,81K/3,66S",Fertilizantes,2025,2025-07-02 00:00:00+00,P04,L02 LOTE-02,2025
1f106d60,9c0aedbf,2a279588,218.73,291.64,0.045,0.06,1.22,27.2,178.7,MyCossed,Agroquímicos,2025,2025-05-19 00:00:00+00,G01,L02 LOTE LOS MANGOS,2025
1f57f3c1,4623f810,d73f9b82,0,0,1,,5.5,5.5,,Alfavin,Agroquímicos,2025,2025-08-12 00:00:00+00,G01,L07 LOTE EL DRAGAL 1-1,2025
1f63e9d6,98c8b311,c2541310,40.3,81.94,0.25,0.3,2.39,9.56,16.86,Alfamilo 90SP,Agroquímicos,2025,2025-07-06 00:00:00+00,P09,L12 LOTE SANTACRUZ II-LOTE 5A,2025
1f837b70,fd87bd69,c1d751bb,186.3,372.6,0.1,0.2,2.3,23,81,Bacillus Thuringiensis,Agroquímicos,2025,2025-07-22 00:00:00+00,P03,L16 LOTE LOS MANGOS,2025
1fb5f09c,ca175d5f,790b615c,163.68,0,0.5,0,16.55,33.1,9.89,Yamur 25EW,Agroquímicos,2025,2025-08-13 00:00:00+00,G07,L01 LOTE SAMANCITO,2025
1fc79da2,02d8638b,3072d084,381.79,381.79,1.5,1.5,26.55,17.7,14.38,Gadriano 30 OD,Agroquímicos,2025,2025-06-18 00:00:00+00,G01,L06 LOTE EL DRAGAL 4B,2025
1fe7878f,15093c22,3072d084,455.13,640.63,1.5,1.5,31.65,21.1,14.38,Gadriano 30 OD,Agroquímicos,2025,2025-06-09 00:00:00+00,P11,L05 LOTE 7B,2025
1feb4369,11b3e0d4,c1d751bb,171.72,343.44,0.1,0.2,2.12,21.2,81,Bacillus Thuringiensis,Agroquímicos,2025,2025-06-19 00:00:00+00,G04,L02 LOTE CIRUELA ARRIBA,2025
1ff5d36e,a83cf68d,cc210393,88.32,80.9,0.3,0.2,6.9,23,12.8,CatheClean,Agroquímicos,2025,2025-05-21 00:00:00+00,P09,L16 LOTE SANTACRUZ II-LOTE 9 Y 10,2025
1ff8ae7a,152407f6,d73f9b82,0,0,1,,3.4,3.4,,Alfavin,Agroquímicos,2025,2025-08-12 00:00:00+00,G01,L03 LOTE DETRÁS DE LA CASA B,2025
1ff9a13a,a23d1ff1,de256ae0,416.52,416.52,2,2,46.8,23.4,8.9,QuelaTech Micros,Fertilizantes,2025,2025-08-21 00:00:00+00,G03,L05 CASA DE TABLA ARRIBA A,2025
20087ec5,be75e30e,cc210393,56.33,83.46,0.135,0.2,4.4,32.6,12.8,CatheClean,Agroquímicos,2025,2025-07-06 00:00:00+00,G05,L01 LOTE BAJO DE LOMA,2025
2024c034,5535f5aa,73a629e4,156.83,687.94,0.5,1,7.5,15,20.91,Jupiter 25 EC (piraclostrobina),Agroquímicos,2025,2025-07-05 00:00:00+00,P05,L01 LOTE EL PALMAR 1,2025
20423cb6,842b69aa,bdac1da2,3168,0,1,0,17.6,17.6,180,Cal dolomítica,Enmienda,2025,2025-05-08 00:00:00+00,G01,L11 LOTE EL DRAGAL 4-1,2025
2043909a,c08ae1d5,9316143b,273.9,0,1,,27.2,27.2,10.07,Alfyrinex,Agroquímicos,2025,2025-07-30 00:00:00+00,G01,L02 LOTE LOS MANGOS,2025
20725cd5,532efaf0,aa72374c,630.02,630.02,2.5,2.5,72.75,29.1,8.66,Pendialfa 50 EC,Agroquímicos,2025,2025-06-05 00:00:00+00,G02,L04 LOS BECERROS,2025
2094830a,9fe5e5ff,ce31a1fd,3038.49,0,1.365,0,21.7,15.9,140,Maíz: Danac-430 c/fortenza duo,Semillas,2025,2025-06-17 00:00:00+00,G05,L02 LOTE COCO LOMA GRANDE,2025
20a65014,ac0654f9,de6596dc,46618,46.62,65,0.065,1059.5,16.3,44,Grafito,Semillas,2025,2025-06-15 00:00:00+00,G07,L05 LOTE VICTORIERO 1D,2025
20b93e3d,1a7128e5,73a629e4,121.28,401.47,0.5,1,5.8,11.6,20.91,Jupiter 25 EC (piraclostrobina),Agroquímicos,2025,2025-07-18 00:00:00+00,P09,L01 LOTE SANTACRUZ I-LOTE 1,2025
20ca2928,b85a69c5,790b615c,18.4,0,0.3,0,1.86,6.2,9.89,Yamur 25EW,Agroquímicos,2025,2025-08-20 00:00:00+00,G04,L05 LOTE LOMAS DE MEDANO,2025
20d9119d,05b85bc6,c1d751bb,50.22,100.44,0.1,0.2,0.62,6.2,81,Bacillus Thuringiensis,Agroquímicos,2025,2025-06-19 00:00:00+00,G04,L05 LOTE LOMAS DE MEDANO,2025
20e443ca,db6f7bd9,de6596dc,932.36,93.24,0.65,0.065,21.19,32.6,44,Grafito,Semillas,2025,2025-06-18 00:00:00+00,G05,L01 LOTE BAJO DE LOMA,2025
2160f800,e6e559f6,de6596dc,48.4,42.9,0.1,0.065,1.1,11,44,Grafito,Semillas,2025,2025-05-30 00:00:00+00,C01,L11 LOTE PATRIX,2025
21653dca,5b713d1f,56facf15,946.4,0,4,,40,10,23.66,"26,9N-00P-15,5K/7S",Fertilizantes,2025,2025-08-05 00:00:00+00,P03,L06 LOS CACHICAMOS,2025
2172bd95,,bdac1da2,0,0,1.001,0,0,,180,Cal dolomítica,Enmienda,,2025-04-29 00:00:00+00,N/A,,2025
21857cc7,b67aaef4,b275b7cf,1590.4,2156,4,5.5,56.8,14.2,28,"25,46N-00P-21,81K/3,66S",Fertilizantes,2025,2025-07-07 00:00:00+00,P03,L12 LOTE L2E,2025
2190ce47,4bea408a,de6596dc,132,85.8,0.1,0.065,3,30,44,Grafito,Semillas,2025,2025-05-30 00:00:00+00,P07,L02 LOTE 3B,2025
21dd4922,1f23c120,ebc8d614,1041.3,3093.2,3,3.5,39,13,26.7,"Nitro Evolution: 40-00-00/5,76S",Fertilizantes,2025,2025-07-10 00:00:00+00,G07,L01 LOTE SAMANCITO,2025
21f16090,f0299ebf,f886ec2d,147.69,73.85,1,0.5,27,27,5.47,"SoloPasto 30,41SL (plicorán+2,4D)",Agroquímicos,2025,2025-06-20 00:00:00+00,P03,L01 LOTE LA CASA B,2025
21f86b09,229cd7cc,de6596dc,154.44,100.39,0.1,0.065,3.51,35.1,44,Grafito,Semillas,2025,2025-05-30 00:00:00+00,P08,L02 LOTE-02,2025
21fff9e3,10adef45,de256ae0,317.73,801,1.5,2,35.7,23.8,8.9,QuelaTech Micros,Fertilizantes,2025,2025-07-03 00:00:00+00,G02,L03 LOTE IGUANITAS,2025
22487f00,b870dbd0,b275b7cf,2576,3542,4,5.5,92,23,28,"25,46N-00P-21,81K/3,66S",Fertilizantes,2025,2025-07-14 00:00:00+00,P03,L16 LOTE LOS MANGOS,2025
224f9efa,1a7128e5,b57fd6f9,94.48,0,0.45,,5.22,11.6,18.1,Agripega 100,Agroquímicos,2025,2025-07-11 00:00:00+00,P09,L01 LOTE SANTACRUZ I-LOTE 1,2025
22594ce1,3ce5df03,f886ec2d,54.7,54.7,0.5,0.5,10,20,5.47,"SoloPasto 30,41SL (plicorán+2,4D)",Agroquímicos,2025,2025-05-29 00:00:00+00,P06,L03 LOTE-03 A,2025
225ec216,5f6e8082,b275b7cf,750.4,3542,4,5.5,26.8,6.7,28,"25,46N-00P-21,81K/3,66S",Fertilizantes,2025,2025-07-14 00:00:00+00,P03,L09 LOTE L2C,2025
2277f7f4,7e9ef8b7,c1d751bb,43.66,372.6,0.1,0.2,0.54,5.39,81,Bacillus Thuringiensis,Agroquímicos,2025,2025-07-17 00:00:00+00,P03,L09 LOTE L2C,2025
227a61b7,0c6bf241,b6a9d42e,3105.9,4076.8,1.5,1.3,22.19,14.79,140,Maíz: Danac-029 c/fortenza duo,Semillas,2025,2025-05-16 00:00:00+00,P03,L08 LOTE L2B,2025
228137ed,c07bca78,aa72374c,662.49,552.08,3,2.5,76.5,25.5,8.66,Pendialfa 50 EC,Agroquímicos,2025,2025-05-18 00:00:00+00,P09,L13 LOTE SANTACRUZ II-LOTE 5B,2025
229085f0,3f06397a,b275b7cf,1534.4,4419.8,4,5.5,54.8,13.7,28,"25,46N-00P-21,81K/3,66S",Fertilizantes,2025,2025-08-15 00:00:00+00,G05,L09 LOTE RAMIREZ B,2025
229f09d8,ec9bd0a7,b6a9d42e,8554,8554,1.3,1.3,61.1,47,140,Maíz: Danac-029 c/fortenza duo,Semillas,2025,2025-06-01 00:00:00+00,G06,L02 LA REPRESA LOTE A,2025
22affd5a,f16edc1a,5438a6c7,193.2,0,0.1,,3.22,32.2,60,BTKIMAX PLUS PM,Agroquímicos,2025,2025-07-04 00:00:00+00,G07,L04 LOTE VICTORIERO 1C,2025
22d6a830,ce756e97,cc210393,75.8,53.76,0.282,0.2,5.92,21,12.8,CatheClean,Agroquímicos,2025,2025-06-08 00:00:00+00,G03,L04 LOTE ARBOLOTE ARRIBA A,2025
22eccd56,441dad8a,3072d084,215.7,215.7,1.5,1.5,15,10,14.38,Gadriano 30 OD,Agroquímicos,2025,2025-06-19 00:00:00+00,G01,L09 LOTE EL DRAGAL 3B,2025
22f75730,c3993aa7,790b615c,49.55,0,0.3,0,5.01,16.7,9.89,Yamur 25EW,Agroquímicos,2025,2025-08-20 00:00:00+00,G04,L01 LOTE CIRUELA ABAJO,2025
231f52ad,1a7128e5,c2541310,80.93,97.11,0.25,0.3,4.8,19.2,16.86,Alfamilo 90SP,Agroquímicos,2025,2025-07-06 00:00:00+00,P09,L01 LOTE SANTACRUZ I-LOTE 1,2025
2324a67e,5044ec08,50ea012e,92.58,236.28,4,3,21.04,5.26,4.4,Alfasato 48 SL (glifosato),Agroquímicos,2025,2025-05-21 00:00:00+00,P09,"L17 LOTE SANTACRUZ II-LOTE 11, 12 Y 13",2025
2340b85b,14416ade,f886ec2d,75.76,84.79,0.5,0.5,13.85,27.7,5.47,"SoloPasto 30,41SL (plicorán+2,4D)",Agroquímicos,2025,2025-07-02 00:00:00+00,P03,L03 LOTE LA CASA C,2025
23536a0c,701dd184,50ea012e,81.84,81.84,3,3,18.6,6.2,4.4,Alfasato 48 SL (glifosato),Agroquímicos,2025,2025-05-24 00:00:00+00,G04,L05 LOTE LOMAS DE MEDANO,2025
2360cfb4,28bf06bb,aa72374c,438.02,552.08,3,2.5,50.58,16.86,8.66,Pendialfa 50 EC,Agroquímicos,2025,2025-07-06 00:00:00+00,P09,L13 LOTE SANTACRUZ II-LOTE 5B,2025
236a790c,ec052713,790b615c,64.68,0,0.3,0,6.54,21.8,9.89,Yamur 25EW,Agroquímicos,2025,2025-07-03 00:00:00+00,G03,L09 LOTE LA TRINCHERA A,2025
2375e89f,635520f0,b275b7cf,2016,4481.4,4,5.5,72,18,28,"25,46N-00P-21,81K/3,66S",Fertilizantes,2025,2025-06-16 00:00:00+00,G02,L04 LOS BECERROS,2025
239ceea8,a6f64955,ebc8d614,2475.09,2887.61,3,3.5,92.7,30.9,26.7,"Nitro Evolution: 40-00-00/5,76S",Fertilizantes,2025,2025-07-08 00:00:00+00,G03,L15 LOTE SALTO DEL MIRA A,2025
239f33d2,b7128a01,aa72374c,360.26,450.32,2,2.5,41.6,20.8,8.66,Pendialfa 50 EC,Agroquímicos,2025,2025-05-27 00:00:00+00,G04,L06 LOTE A,2025
23b8d0ff,54360cef,e1ff11f4,0,0,1,1,10,10,,Pase de rastra,Enmienda,2025,2025-05-15 00:00:00+00,G05,L04 LOTE LOCACIÓN A,2025
23bf98fb,3b39cdf3,73a629e4,147.42,294.83,0.5,1,7.05,14.1,20.91,Jupiter 25 EC (piraclostrobina),Agroquímicos,2025,2025-06-20 00:00:00+00,P04,L01 LOTE-01,2025
23c7d2f6,851571a2,bdac1da2,26190,0,5,0,145.5,29.1,180,Cal dolomítica,Enmienda,2025,2025-05-22 00:00:00+00,G02,L04 LOS BECERROS,2025
23ffbdb0,1a7128e5,d73f9b82,0,0,1,,12,12,,Alfavin,Agroquímicos,2025,2025-07-13 00:00:00+00,P09,L01 LOTE SANTACRUZ I-LOTE 1,2025
2412709f,1c0a397c,3072d084,619.06,619.06,1.5,1.5,43.05,28.7,14.38,Gadriano 30 OD,Agroquímicos,2025,2025-07-14 00:00:00+00,G05,L06 LOTE LOMA 2,2025
2419e4bf,9881ddb8,de256ae0,179.78,359.56,1,2,20.2,20.2,8.9,QuelaTech Micros,Fertilizantes,2025,2025-06-26 00:00:00+00,P11,L04 LOTE 7A,2025
241fcd1c,e99bffc6,790b615c,101.87,0,0.5,0,10.3,20.6,9.89,Yamur 25EW,Agroquímicos,2025,2025-07-11 00:00:00+00,G07,L02 LOTE VICTORIERO 1A,2025
24208328,1a5d20e3,c1d751bb,128.79,257.58,0.1,0.2,1.59,15.9,81,Bacillus Thuringiensis,Agroquímicos,2025,2025-07-14 00:00:00+00,G05,L02 LOTE COCO LOMA GRANDE,2025
24331495,9aa98331,50ea012e,161.92,121.44,4,3,36.8,9.2,4.4,Alfasato 48 SL (glifosato),Agroquímicos,2025,2025-05-15 00:00:00+00,P02,L08 LOTE-06,2025
2436a119,7601064e,b57fd6f9,137.32,0,0.45,,7.59,16.86,18.1,Agripega 100,Agroquímicos,2025,2025-07-10 00:00:00+00,P09,L13 LOTE SANTACRUZ II-LOTE 5B,2025
24608009,ddf2fa56,c2541310,42.15,136.57,0.25,0.3,2.5,10,16.86,Alfamilo 90SP,Agroquímicos,2025,2025-06-09 00:00:00+00,P11,L03 LOTE-06,2025
2496539a,c2a6ba35,ebc8d614,1740.84,1523.24,4,3.5,65.2,16.3,26.7,"Nitro Evolution: 40-00-00/5,76S",Fertilizantes,2025,2025-07-03 00:00:00+00,P04,L03 LOTE-03,2025
24becce5,77c62494,73a629e4,181.92,363.83,0.5,1,8.7,17.4,20.91,Jupiter 25 EC (piraclostrobina),Agroquímicos,2025,2025-07-03 00:00:00+00,G02,L01 LOTE EL TANQUE-A,2025
24ce956b,88d1d1fd,73a629e4,254.06,508.11,0.5,1,12.15,24.3,20.91,Jupiter 25 EC (piraclostrobina),Agroquímicos,2025,2025-07-03 00:00:00+00,G03,L06 CASA DE TABLA ARRIBA B,2025
24d16358,b5f47588,f886ec2d,87.79,87.79,0.5,0.5,16.05,32.1,5.47,"SoloPasto 30,41SL (plicorán+2,4D)",Agroquímicos,2025,2025-05-15 00:00:00+00,P02,L11 LOTE-09,2025
24d469f1,da0df1fa,ebc8d614,817.02,953.19,3,3.5,30.6,10.2,26.7,"Nitro Evolution: 40-00-00/5,76S",Fertilizantes,2025,2025-08-05 00:00:00+00,G04,L03 LOTE LOMA AMARILLA,2025
252d1ace,eeed4085,3072d084,992.22,744.17,2,1.5,69,34.5,14.38,Gadriano 30 OD,Agroquímicos,2025,2025-07-25 00:00:00+00,P08,L01 LOTE-01,2025
25309507,8e18c825,50ea012e,306.9,204.6,4.5,3,69.75,15.5,4.4,Alfasato 48 SL (glifosato),Agroquímicos,2025,2025-06-24 00:00:00+00,P08,L03 LOTE 3A,2025
2544deec,b224fed3,cc210393,44.16,88.32,0.1,0.2,3.45,34.5,12.8,CatheClean,Agroquímicos,2025,2025-06-23 00:00:00+00,P08,L01 LOTE-01,2025
2551b0fb,2156bc25,ebc8d614,1505.88,1317.65,4,3.5,56.4,14.1,26.7,"Nitro Evolution: 40-00-00/5,76S",Fertilizantes,2025,2025-07-03 00:00:00+00,P04,L01 LOTE-01,2025
2579b1d2,98c8b311,50ea012e,252.38,213.84,6,3,57.36,9.56,4.4,Alfasato 48 SL (glifosato),Agroquímicos,2025,2025-07-06 00:00:00+00,P09,L12 LOTE SANTACRUZ II-LOTE 5A,2025
25d4d69f,ff4f9345,50ea012e,262.68,373.56,3,3,59.7,19.9,4.4,Alfasato 48 SL (glifosato),Agroquímicos,2025,2025-06-01 00:00:00+00,G06,L03 LA REPRESA LOTE B,2025
25da6f03,5613ee89,61e0f8a6,1077.53,0,1.5,0,4.56,3.04,236.3,Dekalb 410,Semillas,2025,2025-07-11 00:00:00+00,P09,L10 LOTE SANTACRUZ II-LOTE 2B,2025
26028387,7e9ef8b7,bca12c05,107.48,0,0.5,0,3.2,6.39,33.64,Alfasystin,Agroquímicos,2025,2025-07-17 00:00:00+00,P03,L09 LOTE L2C,2025
2621c534,57da6b0c,8a4ab665,77252,46.35,200,0.12,1240,6.2,62.3,Eminente 45 WG,Agroquímicos,2025,2025-08-20 00:00:00+00,G04,L05 LOTE LOMAS DE MEDANO,2025
262c4921,1a7128e5,de256ae0,103.24,341.76,1,2,11.6,11.6,8.9,QuelaTech Micros,Fertilizantes,2025,2025-07-28 00:00:00+00,P09,L01 LOTE SANTACRUZ I-LOTE 1,2025
26406a31,97eaa262,aa72374c,471.8,684.14,3,2.5,54.48,18.16,8.66,Pendialfa 50 EC,Agroquímicos,2025,2025-06-10 00:00:00+00,P09,L16 LOTE SANTACRUZ II-LOTE 9 Y 10,2025
26575930,fa4239b5,cc210393,53.76,53.76,0.2,0.2,4.2,21,12.8,CatheClean,Agroquímicos,2025,2025-06-21 00:00:00+00,C01,PERLA LOTE 01,2025
265fd97c,a6085382,bca12c05,146.67,0,0.2,0,4.36,21.8,33.64,Alfasystin,Agroquímicos,2025,2025-07-21 00:00:00+00,G03,L09 LOTE LA TRINCHERA A,2025
26623349,05d03087,50ea012e,287.76,287.76,3,3,65.4,21.8,4.4,Alfasato 48 SL (glifosato),Agroquímicos,2025,2025-06-17 00:00:00+00,G03,L09 LOTE LA TRINCHERA A,2025
2676b079,09e367da,cc210393,55.81,55.81,0.2,0.2,4.36,21.8,12.8,CatheClean,Agroquímicos,2025,2025-08-10 00:00:00+00,G03,L09 LOTE LA TRINCHERA A,2025
26856829,534cf2b4,c1d751bb,110.97,464.94,0.1,0.2,1.37,13.7,81,Bacillus Thuringiensis,Agroquímicos,2025,2025-08-15 00:00:00+00,G05,L09 LOTE RAMIREZ B,2025
26860b23,8901f753,cc210393,44.41,65.79,0.135,0.2,3.47,25.7,12.8,CatheClean,Agroquímicos,2025,2025-08-15 00:00:00+00,G05,L08 LOTE RAMIREZ A,2025
269717da,203eec02,b46d6dc9,1755.6,7227.22,4,7,42,10.5,41.8,"4,28N-18,52P-17,12K/5,51S+6,1MgO+0,68B+2,28Zn",Fertilizantes,2025,2025-05-07 00:00:00+00,P09,L08 LOTE SANTACRUZ II-LOTE 1,2025
26b9dca3,79044130,c2541310,23.94,70.81,0.1,0.3,1.42,14.2,16.86,Alfamilo 90SP,Agroquímicos,2025,2025-06-23 00:00:00+00,P03,L12 LOTE L2E,2025
26ce1cc3,8423bd85,0edac71f,4416.1,0,8,,125.6,15.7,35.16,"4N-17,4P-22,4K/4,6S+5,2MgO+0,68B+1,7Zn",Fertilizantes,2025,2025-06-30 00:00:00+00,P03,L11 LOTE L2D2,2025
26f065c6,3fb20a3f,c1d751bb,137.7,275.4,0.1,0.2,1.7,17,81,Bacillus Thuringiensis,Agroquímicos,2025,2025-06-19 00:00:00+00,G04,L07 LOTE B,2025
2714c96e,1a7128e5,cc210393,16.33,49.15,0.11,0.2,1.28,11.6,12.8,CatheClean,Agroquímicos,2025,2025-07-18 00:00:00+00,P09,L01 LOTE SANTACRUZ I-LOTE 1,2025
276823c3,2f9b3ef7,de6596dc,33.07,47.76,0.045,0.065,0.75,16.7,44,Grafito,Semillas,2025,2025-05-27 00:00:00+00,G04,L01 LOTE CIRUELA ABAJO,2025
2786312d,ca334692,bca12c05,258.19,0,0.25,0,7.68,30.7,33.64,Alfasystin,Agroquímicos,2025,2025-08-24 00:00:00+00,G06,L04 LA REPRESA LOTE C,2025
27906899,ed2c0fce,0581f3d9,0,0,0,1,0,23.5,,Pase de rotativa,Enmienda,2025,2025-05-20 00:00:00+00,C02,L03 RIO 2 LOTE-03,2025
27ad2f79,bc8e1726,cc210393,55.81,55.81,0.2,0.2,4.36,21.8,12.8,CatheClean,Agroquímicos,2025,2025-07-02 00:00:00+00,G03,L09 LOTE LA TRINCHERA A,2025
27ba4528,481ab45e,cc210393,16.32,26.11,0.125,0.2,1.28,10.2,12.8,CatheClean,Agroquímicos,2025,2025-05-26 00:00:00+00,G04,L03 LOTE LOMA AMARILLA,2025
28021a9b,d5c99514,bca12c05,141.29,0,0.2,0,4.2,21,33.64,Alfasystin,Agroquímicos,2025,2025-08-11 00:00:00+00,G03,L04 LOTE ARBOLOTE ARRIBA A,2025
2808dcff,085455ac,cc210393,40.7,91.14,0.1,0.2,3.18,31.8,12.8,CatheClean,Agroquímicos,2025,2025-07-06 00:00:00+00,P09,L11 LOTE SANTACRUZ II-LOTE 3,2025
2826b051,a84f7596,c1d751bb,190.35,380.7,0.1,0.2,2.35,23.5,81,Bacillus Thuringiensis,Agroquímicos,2025,2025-07-06 00:00:00+00,G05,L07 LOTE MATA PALO,2025
282b8336,d897fd9b,73a629e4,170.42,340.83,0.5,1,8.15,16.3,20.91,Jupiter 25 EC (piraclostrobina),Agroquímicos,2025,2025-07-11 00:00:00+00,G07,L05 LOTE VICTORIERO 1D,2025
2832fb98,d7095b11,aa72374c,339.91,339.91,2.5,2.5,39.25,15.7,8.66,Pendialfa 50 EC,Agroquímicos,2025,2025-08-20 00:00:00+00,P04,L02 LOTE-02,2025
28435ec1,767581fa,cc210393,17.54,38.4,0.1,0.2,1.37,13.7,12.8,CatheClean,Agroquímicos,2025,2025-06-24 00:00:00+00,P08,L04 LOTE 3B 1,2025
285fc0b3,3cd1dada,cc210393,21.76,8.7,0.5,0.2,1.7,3.4,12.8,CatheClean,Agroquímicos,2025,2025-06-30 00:00:00+00,G01,L03 LOTE DETRÁS DE LA CASA B,2025
286aa8ab,d6af92a5,b275b7cf,3651.2,5020.4,4,5.5,130.4,32.6,28,"25,46N-00P-21,81K/3,66S",Fertilizantes,2025,2025-07-07 00:00:00+00,G05,L01 LOTE BAJO DE LOMA,2025
28713d27,10684511,50ea012e,88.44,303.6,3,3,20.1,6.7,4.4,Alfasato 48 SL (glifosato),Agroquímicos,2025,2025-07-17 00:00:00+00,P03,L09 LOTE L2C,2025
2891c347,50642746,aa72374c,519.6,433,3,2.5,60,20,8.66,Pendialfa 50 EC,Agroquímicos,2025,2025-06-04 00:00:00+00,P06,L03 LOTE-03 A,2025
292cc6cb,6cf65d8a,cc210393,13.44,38.4,0.07,0.2,1.05,15,12.8,CatheClean,Agroquímicos,2025,2025-06-20 00:00:00+00,C01,L11 LOTE PATRIX,2025
29379994,2503355c,3072d084,150.99,150.99,1.5,1.5,10.5,7,14.38,Gadriano 30 OD,Agroquímicos,2025,2025-05-31 00:00:00+00,G01,L08 LOTE EL MANGO C,2025
29525b8d,ab267fdc,de6596dc,19.8,50.34,0.045,0.065,0.45,10,44,Grafito,Semillas,2025,2025-06-30 00:00:00+00,P03,L18 LOTE LA LAGUNA,2025
295494ad,1db63196,cc210393,44.24,36.86,0.24,0.2,3.46,14.4,12.8,CatheClean,Agroquímicos,2025,2025-05-13 00:00:00+00,P11,L07 LOTE-08,2025
295f0729,6fac1fd9,cc210393,54.53,63.23,0.3,0.2,4.26,14.2,12.8,CatheClean,Agroquímicos,2025,2025-05-11 00:00:00+00,P09,L08 LOTE SANTACRUZ II-LOTE 1,2025
2967cb67,8f7aaa9d,f886ec2d,38.29,81.5,0.5,0.5,7,14,5.47,"SoloPasto 30,41SL (plicorán+2,4D)",Agroquímicos,2025,2025-05-08 00:00:00+00,P13,L01 LOTE 1A,2025
2968d378,522ade73,c2541310,101.16,121.39,0.25,0.3,6,24,16.86,Alfamilo 90SP,Agroquímicos,2025,2025-05-30 00:00:00+00,P07,L01 LOTE 3A,2025
296e7b0f,1d3a8fe0,73a629e4,627.3,627.3,1,1,30,30,20.91,Jupiter 25 EC (piraclostrobina),Agroquímicos,2025,2025-08-12 00:00:00+00,G02,L05 LA CAGADA,2025
29701ee2,ff654cc4,50ea012e,392.04,392.04,3,3,89.1,29.7,4.4,Alfasato 48 SL (glifosato),Agroquímicos,2025,2025-05-25 00:00:00+00,P11,L05 LOTE 7B,2025
2995d023,f3b95570,c8ffca92,11.48,11.48,0.05,0.05,1.44,28.7,8,Trampa de feromonas,Agroquímicos,2025,2025-07-07 00:00:00+00,G05,L06 LOTE LOMA 2,2025
299e5a61,ffbd4454,c1d751bb,197.07,576.72,0.1,0.2,2.43,24.33,81,Bacillus Thuringiensis,Agroquímicos,2025,2025-07-15 00:00:00+00,P09,L11 LOTE SANTACRUZ II-LOTE 3,2025
29b2b7a0,502701a2,c1d751bb,44.55,89.1,0.1,0.2,0.55,5.5,81,Bacillus Thuringiensis,Agroquímicos,2025,2025-06-05 00:00:00+00,G01,L07 LOTE EL DRAGAL 1-1,2025
29b503b8,ee4b6c68,3072d084,342.96,342.96,1.5,1.5,23.85,15.9,14.38,Gadriano 30 OD,Agroquímicos,2025,2025-05-22 00:00:00+00,P04,L04 LOTE 25 ha A,2025
29bcc986,cf5cf90e,cc210393,144.64,57.86,0.5,0.2,11.3,22.6,12.8,CatheClean,Agroquímicos,2025,2025-05-21 00:00:00+00,C02,L02 LOTE ARENERO 2 LOTE-01,2025
29d89a2a,77c62494,8a4ab665,1084.02,130.08,1,0.12,17.4,17.4,62.3,Eminente 45 WG,Agroquímicos,2025,2025-07-03 00:00:00+00,G02,L01 LOTE EL TANQUE-A,2025
29eb9971,316ab5f4,d73f9b82,0,0,1,,16.7,16.7,,Alfavin,Agroquímicos,2025,2025-07-10 00:00:00+00,P11,L01 LOTE 5A,2025
2a040be9,b3ca8b80,cc210393,57.86,57.86,0.2,0.2,4.52,22.6,12.8,CatheClean,Agroquímicos,2025,2025-07-13 00:00:00+00,G03,L07 EL DESQUITE A,2025
2a1143f6,67805a51,3072d084,263.15,263.15,1.5,1.5,18.3,12.2,14.38,Gadriano 30 OD,Agroquímicos,2025,2025-06-20 00:00:00+00,P07,L04 LOTE 3D,2025
2a3227ba,697ad611,b46d6dc9,5266.8,8982.82,7,7,126,18,41.8,"4,28N-18,52P-17,12K/5,51S+6,1MgO+0,68B+2,28Zn",Fertilizantes,2025,2025-06-02 00:00:00+00,G06,L04 LA REPRESA LOTE C,2025
2a40201f,39626f3f,b46d6dc9,2121.35,8397.62,3.5,7,50.75,14.5,41.8,"4,28N-18,52P-17,12K/5,51S+6,1MgO+0,68B+2,28Zn",Fertilizantes,2025,2025-06-01 00:00:00+00,G05,L06 LOTE LOMA 2,2025
2a503ae8,fb518dc3,ebc8d614,3257.4,2850.23,4,3.5,122,30.5,26.7,"Nitro Evolution: 40-00-00/5,76S",Fertilizantes,2025,2025-08-20 00:00:00+00,P03,L15 LOTE LAS 60 B,2025
2a520ac7,92c090c0,3072d084,200.6,200.6,1.5,1.5,13.95,9.3,14.38,Gadriano 30 OD,Agroquímicos,2025,2025-07-31 00:00:00+00,G01,L04 LOTE EL DRAGAL 2B,2025
2a5d6960,364b624f,f886ec2d,5.58,9.3,0.3,0.5,1.02,3.4,5.47,"SoloPasto 30,41SL (plicorán+2,4D)",Agroquímicos,2025,2025-05-19 00:00:00+00,G01,L03 LOTE DETRÁS DE LA CASA B,2025
2a5e387a,6fdfd7c1,b6a9d42e,2639,5223.4,1.3,1.3,18.85,14.5,140,Maíz: Danac-029 c/fortenza duo,Semillas,2025,2025-06-02 00:00:00+00,G05,L06 LOTE LOMA 2,2025
2aa0a31f,98c8b311,c2541310,27.99,81.94,0.25,0.3,1.66,6.64,16.86,Alfamilo 90SP,Agroquímicos,2025,2025-05-18 00:00:00+00,P09,L12 LOTE SANTACRUZ II-LOTE 5A,2025
2aae0623,6fac1fd9,bfe0f583,0,0,3,0,42.6,14.2,,Atrazina,Agroquímicos,2025,2025-05-11 00:00:00+00,P09,L08 LOTE SANTACRUZ II-LOTE 1,2025
2abc8d8b,8f5ce78a,cc210393,189.7,63.23,0.6,0.2,14.82,24.7,12.8,CatheClean,Agroquímicos,2025,2025-05-04 00:00:00+00,P09,L08 LOTE SANTACRUZ II-LOTE 1,2025
2ad9775a,7ba77497,de256ae0,133.5,267,1,2,15,15,8.9,QuelaTech Micros,Fertilizantes,2025,2025-07-08 00:00:00+00,P06,L05 LOTE-03 C,2025
2adba9aa,b66ffc2e,bca12c05,131.2,0,0.2,0,3.9,19.5,33.64,Alfasystin,Agroquímicos,2025,2025-07-18 00:00:00+00,G03,L03 LOTE ALFARERO D,2025
2ae2c7b9,ddf2fa56,b6a9d42e,1820,4914,1.3,1.3,13,10,140,Maíz: Danac-029 c/fortenza duo,Semillas,2025,2025-06-09 00:00:00+00,P11,L03 LOTE-06,2025
2af1430f,05298cd5,cc210393,40.64,42.75,0.25,0.2,3.18,12.7,12.8,CatheClean,Agroquímicos,2025,2025-05-13 00:00:00+00,P11,L01 LOTE 5A,2025
2b25f16d,d7d06ac7,2a279588,214.44,214.44,0.06,0.06,1.2,20,178.7,MyCossed,Agroquímicos,2025,2025-06-08 00:00:00+00,G03,L12 LOTE LOS CARO-02 A,2025
2b2813d6,5613ee89,7a071d0e,323.4,0,1.5,0,1.47,0.98,220,Lucino,Semillas,2025,2025-06-20 00:00:00+00,P09,L10 LOTE SANTACRUZ II-LOTE 2B,2025
2b5e73d1,ba8fd8e7,0edac71f,7313.28,0,8,,208,26,35.16,"4N-17,4P-22,4K/4,6S+5,2MgO+0,68B+1,7Zn",Fertilizantes,2025,2025-07-03 00:00:00+00,P03,L13 LOTE LAS 50 B LOTE,2025
2b6b2284,c1c0267f,de256ae0,106.8,213.6,1,2,12,12,8.9,QuelaTech Micros,Fertilizantes,2025,2025-07-08 00:00:00+00,P06,L01 LOTE-01,2025
2b6f71bf,54360cef,bdac1da2,1260,0,0.7,0,7,10,180,Cal dolomítica,Enmienda,2025,2025-05-15 00:00:00+00,G05,L04 LOTE LOCACIÓN A,2025
2b8040e1,0eda3460,c2541310,39.45,118.36,0.1,0.3,2.34,23.4,16.86,Alfamilo 90SP,Agroquímicos,2025,2025-06-12 00:00:00+00,G03,L05 CASA DE TABLA ARRIBA A,2025
2ba99831,d897fd9b,790b615c,80.6,0,0.5,0,8.15,16.3,9.89,Yamur 25EW,Agroquímicos,2025,2025-07-11 00:00:00+00,G07,L05 LOTE VICTORIERO 1D,2025
2bb60ac6,4abacd9c,2a279588,80.42,107.22,0.045,0.06,0.45,10,178.7,MyCossed,Agroquímicos,2025,2025-05-20 00:00:00+00,G01,L10 LOTE EL DRAGAL 3-1,2025
2bb8bf44,840e508c,8a4ab665,211.82,127.09,0.2,0.12,3.4,17,62.3,Eminente 45 WG,Agroquímicos,2025,2025-08-20 00:00:00+00,G04,L07 LOTE B,2025
2bdf9b16,9bd4af62,f886ec2d,64.55,33.09,1,0.5,11.8,11.8,5.47,"SoloPasto 30,41SL (plicorán+2,4D)",Agroquímicos,2025,2025-05-31 00:00:00+00,P03,L17 LOTE EL CUADRITO,2025
2becd82d,e35bce22,b6a9d42e,3967.6,3967.6,1.3,1.3,28.34,21.8,140,Maíz: Danac-029 c/fortenza duo,Semillas,2025,2025-06-01 00:00:00+00,G03,L09 LOTE LA TRINCHERA A,2025
2bfb0043,187a1307,de6596dc,60.06,60.06,0.065,0.065,1.37,21,44,Grafito,Semillas,2025,2025-06-17 00:00:00+00,G03,L04 LOTE ARBOLOTE ARRIBA A,2025
2c20cb25,b298bdd2,cc210393,79.36,79.36,0.2,0.2,6.2,31,12.8,CatheClean,Agroquímicos,2025,2025-08-10 00:00:00+00,G03,L11 LOTE LA TRINCHERA C,2025
2c53c4a0,089c3294,f886ec2d,54.48,88.34,0.5,0.5,9.96,19.92,5.47,"SoloPasto 30,41SL (plicorán+2,4D)",Agroquímicos,2025,2025-05-04 00:00:00+00,P09,L04 LOTE SANTACRUZ I-LOTE 4,2025
2c614ca8,1a620ae5,bca12c05,126.15,0,0.25,0,3.75,15,33.64,Alfasystin,Agroquímicos,2025,2025-06-17 00:00:00+00,G02,L01 LOTE EL TANQUE-A,2025
2c8bc77b,ff19a30a,cc210393,57.86,57.86,0.2,0.2,4.52,22.6,12.8,CatheClean,Agroquímicos,2025,2025-08-18 00:00:00+00,G03,L07 EL DESQUITE A,2025
2c96d37c,ca175d5f,de256ae0,441.89,589.18,1.5,2,49.65,33.1,8.9,QuelaTech Micros,Fertilizantes,2025,2025-08-13 00:00:00+00,G07,L01 LOTE SAMANCITO,2025
2c9e80ed,417b4b49,50ea012e,233.64,233.64,3,3,53.1,17.7,4.4,Alfasato 48 SL (glifosato),Agroquímicos,2025,2025-05-15 00:00:00+00,G01,L06 LOTE EL DRAGAL 4B,2025
2ca46e85,0375b556,f886ec2d,169.57,83.42,1,0.5,31,31,5.47,"SoloPasto 30,41SL (plicorán+2,4D)",Agroquímicos,2025,2025-05-31 00:00:00+00,P03,L14 LOTE LAS 60 A LOTE,2025
2cacb15e,cfffacce,b6a9d42e,3927,5878.6,1.5,1.3,28.05,18.7,140,Maíz: Danac-029 c/fortenza duo,Semillas,2025,2025-05-11 00:00:00+00,P09,L04 LOTE SANTACRUZ I-LOTE 4,2025
2cb1e453,8852750d,e1ff11f4,0,0,1000,1,3400,3.4,,Pase de rastra,Enmienda,2025,2025-05-06 00:00:00+00,G01,L03 LOTE DETRÁS DE LA CASA B,2025
2d486771,bc8e1726,cc210393,55.81,55.81,0.2,0.2,4.36,21.8,12.8,CatheClean,Agroquímicos,2025,2025-07-03 00:00:00+00,G03,L09 LOTE LA TRINCHERA A,2025
2d50e4b4,7601064e,8a4ab665,82.73,190.64,0.2,0.12,1.33,6.64,62.3,Eminente 45 WG,Agroquímicos,2025,2025-07-10 00:00:00+00,P09,L13 LOTE SANTACRUZ II-LOTE 5B,2025
2d53388b,5b713d1f,73a629e4,365.93,731.85,0.5,1,17.5,35,20.91,Jupiter 25 EC (piraclostrobina),Agroquímicos,2025,2025-07-30 00:00:00+00,P03,L06 LOS CACHICAMOS,2025
2d68b516,78d9c6d7,cc210393,93.12,74.5,0.25,0.2,7.28,29.1,12.8,CatheClean,Agroquímicos,2025,2025-05-25 00:00:00+00,P11,L06 LOTE 7C,2025
2d73b413,f910f96f,b275b7cf,2027.2,2787.4,4,5.5,72.4,18.1,28,"25,46N-00P-21,81K/3,66S",Fertilizantes,2025,2025-06-25 00:00:00+00,P11,L02 LOTE 5B,2025
2d74b29e,316ab5f4,3072d084,360.22,360.22,1.5,1.5,25.05,16.7,14.38,Gadriano 30 OD,Agroquímicos,2025,2025-06-25 00:00:00+00,P11,L01 LOTE 5A,2025
2d99647d,5c3f20ff,2a279588,513.05,342.03,0.09,0.06,2.87,31.9,178.7,MyCossed,Agroquímicos,2025,2025-05-14 00:00:00+00,P09,L05 LOTE SANTACRUZ I-LOTE 5,2025
2dab2214,ed668e52,b57fd6f9,84.17,0,0.15,,4.65,31,18.1,Agripega 100,Agroquímicos,2025,2025-07-21 00:00:00+00,G03,L11 LOTE LA TRINCHERA C,2025
2db44819,e349e9cf,cc210393,55.1,73.47,0.15,0.2,4.31,28.7,12.8,CatheClean,Agroquímicos,2025,2025-06-08 00:00:00+00,G05,L09 LOTE RAMIREZ B,2025
2dc1f687,96fe8df2,c1d751bb,170.1,340.2,0.1,0.2,2.1,21,81,Bacillus Thuringiensis,Agroquímicos,2025,2025-08-21 00:00:00+00,G03,L04 LOTE ARBOLOTE ARRIBA A,2025
2dc4954e,7592df82,8a4ab665,195.62,117.37,0.2,0.12,3.14,15.7,62.3,Eminente 45 WG,Agroquímicos,2025,2025-06-20 00:00:00+00,P04,L02 LOTE-02,2025
2dc7bd5b,4e9e7b8c,b275b7cf,0,1078,4,5.5,0,,28,"25,46N-00P-21,81K/3,66S",Fertilizantes,2025,2025-06-20 00:00:00+00,C01,PERLA LOTE 2A,2025
2dd5b287,12648583,cc210393,9.4,9.4,0.2,0.2,0.73,3.67,12.8,CatheClean,Agroquímicos,2025,2025-07-09 00:00:00+00,G03,L14 LOTE LOS CARO-01,2025
2dda8a42,9eaf37e2,ebc8d614,1682.1,1962.45,3,3.5,63,21,26.7,"Nitro Evolution: 40-00-00/5,76S",Fertilizantes,2025,2025-07-10 00:00:00+00,G03,L04 LOTE ARBOLOTE ARRIBA A,2025
2de5a811,02354a6c,bca12c05,168.2,0,0.25,0,5,20,33.64,Alfasystin,Agroquímicos,2025,2025-07-02 00:00:00+00,G03,L12 LOTE LOS CARO-02 A,2025
2dfc7d8c,98c8b311,f886ec2d,78.44,44.31,1.5,0.5,14.34,9.56,5.47,"SoloPasto 30,41SL (plicorán+2,4D)",Agroquímicos,2025,2025-07-06 00:00:00+00,P09,L12 LOTE SANTACRUZ II-LOTE 5A,2025
2e1d95cd,cf47a79a,c2541310,104.53,156.8,0.2,0.3,6.2,31,16.86,Alfamilo 90SP,Agroquímicos,2025,2025-06-24 00:00:00+00,P03,L05 LAS 50A,2025
2e345e41,5bc82c91,c1d751bb,81,285.12,0.1,0.2,1,10,81,Bacillus Thuringiensis,Agroquímicos,2025,2025-07-30 00:00:00+00,P03,L18 LOTE LA LAGUNA,2025
2e5725e7,6eb597ae,79e8c679,85.05,655.2,4.5,4,13.5,3,6.3,Pasto: Brachiara Ruziziensis,Semillas,2025,2025-07-01 00:00:00+00,C01,PERLA LOTE 04,2025
2e6631b6,c8b5eeab,73a629e4,35.55,71.09,0.5,1,1.7,3.4,20.91,Jupiter 25 EC (piraclostrobina),Agroquímicos,2025,2025-06-08 00:00:00+00,G01,L03 LOTE DETRÁS DE LA CASA B,2025
2e67703c,9881ddb8,73a629e4,211.19,422.38,0.5,1,10.1,20.2,20.91,Jupiter 25 EC (piraclostrobina),Agroquímicos,2025,2025-06-26 00:00:00+00,P11,L04 LOTE 7A,2025
2e6bb47f,1d3a8fe0,bca12c05,252.3,0,0.25,0,7.5,30,33.64,Alfasystin,Agroquímicos,2025,2025-07-28 00:00:00+00,G02,L05 LA CAGADA,2025
2e6fd631,074e411c,cc210393,12.8,25.6,0.1,0.2,1,10,12.8,CatheClean,Agroquímicos,2025,2025-06-18 00:00:00+00,G01,L10 LOTE EL DRAGAL 3-1,2025
2e7271dc,b9767aab,9316143b,171.29,0,0.7,,17.01,24.3,10.07,Alfyrinex,Agroquímicos,2025,2025-08-11 00:00:00+00,G03,L06 CASA DE TABLA ARRIBA B,2025
2ea89e26,ddf2fa56,cc210393,32,69.12,0.25,0.2,2.5,10,12.8,CatheClean,Agroquímicos,2025,2025-06-09 00:00:00+00,P11,L03 LOTE-06,2025
2ebf57f9,3ed62dec,2a279588,45.84,61.12,0.045,0.06,0.26,5.7,178.7,MyCossed,Agroquímicos,2025,2025-05-26 00:00:00+00,G04,L04 LOTE LOMA BARRIGA,2025
2edb7547,b9ea1602,8a4ab665,332.68,199.61,0.2,0.12,5.34,26.7,62.3,Eminente 45 WG,Agroquímicos,2025,2025-08-10 00:00:00+00,G03,L02 LOTE ALFARERO B,2025
2ee6800e,b9767aab,b57fd6f9,65.97,0,0.15,,3.65,24.3,18.1,Agripega 100,Agroquímicos,2025,2025-08-11 00:00:00+00,G03,L06 CASA DE TABLA ARRIBA B,2025
2ef73604,cba27d83,8a4ab665,242.97,145.78,0.2,0.12,3.9,19.5,62.3,Eminente 45 WG,Agroquímicos,2025,2025-08-10 00:00:00+00,G03,L03 LOTE ALFARERO D,2025
2f27b223,33298788,cc210393,23.17,46.34,0.1,0.2,1.81,18.1,12.8,CatheClean,Agroquímicos,2025,2025-06-09 00:00:00+00,P11,L02 LOTE 5B,2025
2f5fcd52,0825fce9,cc210393,13.46,41.47,0.11,0.2,1.05,9.56,12.8,CatheClean,Agroquímicos,2025,2025-07-06 00:00:00+00,P09,L12 LOTE SANTACRUZ II-LOTE 5A,2025
2f6387e1,a883b657,3072d084,320.67,662.2,1,1.5,22.3,22.3,14.38,Gadriano 30 OD,Agroquímicos,2025,2025-07-03 00:00:00+00,G06,L04 LA REPRESA LOTE C,2025
2f92d7be,adf34f00,73a629e4,333.51,667.03,0.5,1,15.95,31.9,20.91,Jupiter 25 EC (piraclostrobina),Agroquímicos,2025,2025-06-10 00:00:00+00,P09,L05 LOTE SANTACRUZ I-LOTE 5,2025
2f979069,084f941b,c2541310,45.02,135.05,0.1,0.3,2.67,26.7,16.86,Alfamilo 90SP,Agroquímicos,2025,2025-06-08 00:00:00+00,G03,L02 LOTE ALFARERO B,2025
2f9cac5c,768a796d,cc210393,39.68,79.36,0.1,0.2,3.1,31,12.8,CatheClean,Agroquímicos,2025,2025-07-16 00:00:00+00,P03,L03 LOTE LA CASA C,2025
2fa97c78,79914438,aa72374c,98.72,123.41,2,2.5,11.4,5.7,8.66,Pendialfa 50 EC,Agroquímicos,2025,2025-05-26 00:00:00+00,G04,L04 LOTE LOMA BARRIGA,2025
2fbb2c19,143b3b07,50ea012e,298.32,298.32,3,3,67.8,22.6,4.4,Alfasato 48 SL (glifosato),Agroquímicos,2025,2025-06-08 00:00:00+00,G03,L07 EL DESQUITE A,2025
2fc0fa20,a9d222c8,de6596dc,29.48,65.78,0.1,0.065,0.67,6.7,44,Grafito,Semillas,2025,2025-06-18 00:00:00+00,P03,L09 LOTE L2C,2025
30207738,cbe4654c,cc210393,60.16,60.16,0.2,0.2,4.7,23.5,12.8,CatheClean,Agroquímicos,2025,2025-06-11 00:00:00+00,G05,L07 LOTE MATA PALO,2025
3025125b,a41dd0b9,c1d751bb,210.6,421.2,0.1,0.2,2.6,26,81,Bacillus Thuringiensis,Agroquímicos,2025,2025-06-22 00:00:00+00,P03,L13 LOTE LAS 50 B LOTE,2025
30435201,4165db3b,c2541310,43.33,129.99,0.1,0.3,2.57,25.7,16.86,Alfamilo 90SP,Agroquímicos,2025,2025-06-08 00:00:00+00,G05,L08 LOTE RAMIREZ A,2025
3044e22f,eff268da,2a279588,203.72,203.72,0.06,0.06,1.14,19,178.7,MyCossed,Agroquímicos,2025,2025-05-19 00:00:00+00,P03,L10 LOTE L2D1,2025
306ed1c8,b8cdac90,c1d751bb,1425.6,285.12,1,0.2,17.6,17.6,81,Bacillus Thuringiensis,Agroquímicos,2025,2025-07-31 00:00:00+00,G01,L11 LOTE EL DRAGAL 4-1,2025
30c8a001,5d5724d9,c1d751bb,157.95,315.9,0.1,0.2,1.95,19.5,81,Bacillus Thuringiensis,Agroquímicos,2025,2025-07-02 00:00:00+00,G03,L03 LOTE ALFARERO D,2025
30d6a677,e349e9cf,50ea012e,378.84,378.84,3,3,86.1,28.7,4.4,Alfasato 48 SL (glifosato),Agroquímicos,2025,2025-06-08 00:00:00+00,G05,L09 LOTE RAMIREZ B,2025
30db7927,a6e30096,d73f9b82,0,0,1,,20.8,20.8,,Alfavin,Agroquímicos,2025,2025-08-20 00:00:00+00,G04,L06 LOTE A,2025
30f38de0,28b267c1,aa72374c,289.24,361.56,2,2.5,33.4,16.7,8.66,Pendialfa 50 EC,Agroquímicos,2025,2025-05-27 00:00:00+00,G04,L01 LOTE CIRUELA ABAJO,2025
30f65e1f,4bea408a,2a279588,241.25,321.66,0.045,0.06,1.35,30,178.7,MyCossed,Agroquímicos,2025,2025-05-30 00:00:00+00,P07,L02 LOTE 3B,2025
310483a1,b36351de,c1d751bb,199.26,398.52,0.1,0.2,2.46,24.6,81,Bacillus Thuringiensis,Agroquímicos,2025,2025-07-02 00:00:00+00,G03,L13 LOTE LOS CARO-02 B,2025
3117f302,c49a0897,f886ec2d,24.12,40.2,0.3,0.5,4.41,14.7,5.47,"SoloPasto 30,41SL (plicorán+2,4D)",Agroquímicos,2025,2025-06-12 00:00:00+00,G05,L05 LOTE LOMA 1,2025
3127c597,8937141a,de256ae0,534,534,2,2,60,30,8.9,QuelaTech Micros,Fertilizantes,2025,2025-07-07 00:00:00+00,P07,L02 LOTE 3B,2025
3166fb1e,88d1d1fd,3072d084,698.87,524.15,2,1.5,48.6,24.3,14.38,Gadriano 30 OD,Agroquímicos,2025,2025-08-18 00:00:00+00,G03,L06 CASA DE TABLA ARRIBA B,2025
3168502b,adca86a2,bdac1da2,4032,0,1,0,22.4,22.4,180,Cal dolomítica,Enmienda,2025,2025-04-29 00:00:00+00,P03,L08 LOTE L2B,2025
31813223,79033947,790b615c,18.1,0,0.3,0,1.83,6.1,9.89,Yamur 25EW,Agroquímicos,2025,2025-07-14 00:00:00+00,G05,L04 LOTE LOCACIÓN A,2025
3187dc6c,be75e30e,73a629e4,340.83,681.67,0.5,1,16.3,32.6,20.91,Jupiter 25 EC (piraclostrobina),Agroquímicos,2025,2025-07-06 00:00:00+00,G05,L01 LOTE BAJO DE LOMA,2025
31aa0a05,0825fce9,8a4ab665,201.85,121.11,0.2,0.12,3.24,16.2,62.3,Eminente 45 WG,Agroquímicos,2025,2025-07-10 00:00:00+00,P09,L12 LOTE SANTACRUZ II-LOTE 5A,2025
31ab1183,8d954d12,c1d751bb,102.87,270.54,0.1,0.2,1.27,12.7,81,Bacillus Thuringiensis,Agroquímicos,2025,2025-06-25 00:00:00+00,P11,L01 LOTE 5A,2025
31b62591,d044e6cc,b6a9d42e,4113.2,4113.2,1.3,1.3,29.38,22.6,140,Maíz: Danac-029 c/fortenza duo,Semillas,2025,2025-06-08 00:00:00+00,G03,L07 EL DESQUITE A,2025
31ba541a,031b7a8c,cc210393,6.4,25.6,0.05,0.2,0.5,10,12.8,CatheClean,Agroquímicos,2025,2025-07-31 00:00:00+00,G01,L09 LOTE EL DRAGAL 3B,2025
31c6781b,0825fce9,de256ae0,59.1,288.36,1,2,6.64,6.64,8.9,QuelaTech Micros,Fertilizantes,2025,2025-06-10 00:00:00+00,P09,L12 LOTE SANTACRUZ II-LOTE 5A,2025
320de6d0,02d8638b,cc210393,22.66,45.31,0.1,0.2,1.77,17.7,12.8,CatheClean,Agroquímicos,2025,2025-06-18 00:00:00+00,G01,L06 LOTE EL DRAGAL 4B,2025
321999d8,fef179af,50ea012e,132,232.32,3,3,30,10,4.4,Alfasato 48 SL (glifosato),Agroquímicos,2025,2025-07-16 00:00:00+00,P03,L18 LOTE LA LAGUNA,2025
32559c4b,f0c6fada,cdc04fbb,706.2,0,5,,30,6,23.54,"Nitro Evolution: 40-00-00/5,8S",Fertilizantes,2025,2025-08-12 00:00:00+00,P03,L19 LOTE L2F,2025
3256b8ad,3287ac30,3072d084,647.1,647.1,1.5,1.5,45,30,14.38,Gadriano 30 OD,Agroquímicos,2025,2025-06-18 00:00:00+00,P07,L02 LOTE 3B,2025
32595479,c3c5e5d3,b57fd6f9,9.96,0,0.15,,0.55,3.67,18.1,Agripega 100,Agroquímicos,2025,2025-08-11 00:00:00+00,G03,L14 LOTE LOS CARO-01,2025
328b1d3e,29b38add,79e8c679,672.84,672.84,4,4,106.8,26.7,6.3,Pasto: Brachiara Ruziziensis,Semillas,2025,2025-07-08 00:00:00+00,G03,L02 LOTE ALFARERO B,2025
32bfd8ac,4fb134d4,2a279588,193,257.33,0.045,0.06,1.08,24,178.7,MyCossed,Agroquímicos,2025,2025-05-30 00:00:00+00,P07,L01 LOTE 3A,2025
32e9246f,ddf2fa56,de6596dc,28.6,77.22,0.065,0.065,0.65,10,44,Grafito,Semillas,2025,2025-06-09 00:00:00+00,P11,L03 LOTE-06,2025
32fb3893,02b83227,cc210393,69.89,46.59,0.3,0.2,5.46,18.2,12.8,CatheClean,Agroquímicos,2025,2025-05-23 00:00:00+00,P09,L15 LOTE SANTACRUZ II-LOTE 6B,2025
32ff9109,ae5d126e,ebc8d614,1495.2,2775.47,4,3.5,56,14,26.7,"Nitro Evolution: 40-00-00/5,76S",Fertilizantes,2025,2025-07-17 00:00:00+00,P03,L11 LOTE L2D2,2025
33031403,cbe728e9,ebc8d614,801,560.7,5,3.5,30,6,26.7,"Nitro Evolution: 40-00-00/5,76S",Fertilizantes,2025,2025-06-24 00:00:00+00,P03,L19 LOTE L2F,2025
33145dfe,05b85bc6,73a629e4,64.82,129.64,0.5,1,3.1,6.2,20.91,Jupiter 25 EC (piraclostrobina),Agroquímicos,2025,2025-06-19 00:00:00+00,G04,L05 LOTE LOMAS DE MEDANO,2025
3331067a,af59bf93,b275b7cf,3606.4,4958.8,4,5.5,128.8,32.2,28,"25,46N-00P-21,81K/3,66S",Fertilizantes,2025,2025-08-13 00:00:00+00,G07,L04 LOTE VICTORIERO 1C,2025
3398986f,b7128a01,c2541310,35.07,105.21,0.1,0.3,2.08,20.8,16.86,Alfamilo 90SP,Agroquímicos,2025,2025-05-27 00:00:00+00,G04,L06 LOTE A,2025
33ad0e2f,1a5d20e3,cc210393,17.28,40.7,0.135,0.2,1.35,10,12.8,CatheClean,Agroquímicos,2025,2025-08-12 00:00:00+00,G05,L02 LOTE COCO LOMA GRANDE,2025
33c07a19,534cf2b4,bca12c05,115.22,0,0.25,0,3.43,13.7,33.64,Alfasystin,Agroquímicos,2025,2025-08-15 00:00:00+00,G05,L09 LOTE RAMIREZ B,2025
33e3eb61,532264eb,bca12c05,244.73,0,0.25,0,7.28,29.1,33.64,Alfasystin,Agroquímicos,2025,2025-08-24 00:00:00+00,G02,L04 LOS BECERROS,2025
34116c3e,a0b53a85,ebc8d614,3107.88,2719.4,4,3.5,116.4,29.1,26.7,"Nitro Evolution: 40-00-00/5,76S",Fertilizantes,2025,2025-06-26 00:00:00+00,P11,L06 LOTE 7C,2025
3416ba1b,c9f798ee,b275b7cf,1612.8,2217.6,4,5.5,57.6,14.4,28,"25,46N-00P-21,81K/3,66S",Fertilizantes,2025,2025-06-25 00:00:00+00,P11,L07 LOTE-08,2025
34336079,7415190e,f886ec2d,47.1,78.49,0.3,0.5,8.61,28.7,5.47,"SoloPasto 30,41SL (plicorán+2,4D)",Agroquímicos,2025,2025-06-08 00:00:00+00,G05,L09 LOTE RAMIREZ B,2025
3454ca90,293b40cf,b275b7cf,336,3449.6,4,5.5,12,3,28,"25,46N-00P-21,81K/3,66S",Fertilizantes,2025,2025-06-05 00:00:00+00,P09,L14 LOTE SANTACRUZ II-LOTE 6A,2025
3455926f,05a0a74f,f886ec2d,16.41,27.35,0.3,0.5,3,10,5.47,"SoloPasto 30,41SL (plicorán+2,4D)",Agroquímicos,2025,2025-05-14 00:00:00+00,G01,L09 LOTE EL DRAGAL 3B,2025
34732851,9bacadd0,8a4ab665,307.76,184.66,0.2,0.12,4.94,24.7,62.3,Eminente 45 WG,Agroquímicos,2025,2025-06-10 00:00:00+00,P09,L08 LOTE SANTACRUZ II-LOTE 1,2025
3475a1ff,5e23f007,d19aa794,264.53,0,0.5,,8.85,17.7,29.89,Super Barre 55 EC,Agroquímicos,2025,2025-08-12 00:00:00+00,G01,L06 LOTE EL DRAGAL 4B,2025
3488b51b,cbe728e9,b275b7cf,840,924,5,5.5,30,6,28,"25,46N-00P-21,81K/3,66S",Fertilizantes,2025,2025-06-24 00:00:00+00,P03,L19 LOTE L2F,2025
349e1e40,6643d357,50ea012e,303.6,303.6,3,3,69,23,4.4,Alfasato 48 SL (glifosato),Agroquímicos,2025,2025-06-30 00:00:00+00,P03,L16 LOTE LOS MANGOS,2025
3514bb02,2b10f8db,8a4ab665,252.94,151.76,0.2,0.12,4.06,20.3,62.3,Eminente 45 WG,Agroquímicos,2025,2025-08-20 00:00:00+00,G04,L08 LOTE C,2025
353936da,8423bd85,b46d6dc9,4681.6,8690.22,8,7,112,14,41.8,"4,28N-18,52P-17,12K/5,51S+6,1MgO+0,68B+2,28Zn",Fertilizantes,2025,2025-06-20 00:00:00+00,P03,L11 LOTE L2D2,2025
354d23cb,1df38e14,44237940,205.34,205.34,1.5,1.5,52.65,35.1,3.9,Alfaxone Super 20 SL,Agroquímicos,2025,2025-05-30 00:00:00+00,P08,L02 LOTE-02,2025
35562483,c717eee1,c2541310,48.39,145.16,0.1,0.3,2.87,28.7,16.86,Alfamilo 90SP,Agroquímicos,2025,2025-06-16 00:00:00+00,G05,L06 LOTE LOMA 2,2025
35619fbd,cab5878d,bca12c05,224.24,0,0.2,0,6.67,33.33,33.64,Alfasystin,Agroquímicos,2025,2025-07-21 00:00:00+00,G03,L10 LOTE LA TRINCHERA B,2025
356dc9f7,7dbf553d,73a629e4,109.78,516.48,0.5,1,5.25,10.5,20.91,Jupiter 25 EC (piraclostrobina),Agroquímicos,2025,2025-05-25 00:00:00+00,P09,L08 LOTE SANTACRUZ II-LOTE 1,2025
3590dd0f,5b713d1f,79e8c679,252,882,4,4,40,10,6.3,Pasto: Brachiara Ruziziensis,Semillas,2025,2025-08-20 00:00:00+00,P03,L06 LOS CACHICAMOS,2025
359a498d,e7223b94,c8ffca92,9.04,9.04,0.05,0.05,1.13,22.6,8,Trampa de feromonas,Agroquímicos,2025,2025-07-02 00:00:00+00,G03,L07 EL DESQUITE A,2025
359c1067,f0bce0ac,bca12c05,62.57,0,0.2,0,1.86,9.3,33.64,Alfasystin,Agroquímicos,2025,2025-07-21 00:00:00+00,G03,L01 LOTE ALFARERO A,2025
359e789d,1db99cb5,ebc8d614,2346.93,2738.09,3,3.5,87.9,29.3,26.7,"Nitro Evolution: 40-00-00/5,76S",Fertilizantes,2025,2025-07-03 00:00:00+00,G02,L02 LOTE EL TANQUE-B,2025
35a9a3f1,fe84ad82,5438a6c7,167.4,0,0.1,,2.79,27.9,60,BTKIMAX PLUS PM,Agroquímicos,2025,2025-07-04 00:00:00+00,G07,L03 LOTE VICTORIERO 1B,2025
35be88af,532264eb,cc210393,83.81,74.5,0.225,0.2,6.55,29.1,12.8,CatheClean,Agroquímicos,2025,2025-08-24 00:00:00+00,G02,L04 LOS BECERROS,2025
35c878c8,ee4b6c68,73a629e4,166.23,332.47,0.5,1,7.95,15.9,20.91,Jupiter 25 EC (piraclostrobina),Agroquímicos,2025,2025-05-22 00:00:00+00,P04,L04 LOTE 25 ha A,2025
35d86e6c,a3a718e9,3072d084,688.08,688.08,1.5,1.5,47.85,31.9,14.38,Gadriano 30 OD,Agroquímicos,2025,2025-06-05 00:00:00+00,P09,L05 LOTE SANTACRUZ I-LOTE 5,2025
35e5196c,5625969b,790b615c,80.7,0,0.3,0,8.16,27.2,9.89,Yamur 25EW,Agroquímicos,2025,2025-07-31 00:00:00+00,G01,L02 LOTE LOS MANGOS,2025
35f80a9a,0ca3c8a6,c8ffca92,11.48,11.48,0.05,0.05,1.44,28.7,8,Trampa de feromonas,Agroquímicos,2025,2025-07-07 00:00:00+00,G05,L09 LOTE RAMIREZ B,2025
360dc24c,d1927426,44237940,217.62,184.86,3,1.5,55.8,18.6,3.9,Alfaxone Super 20 SL,Agroquímicos,2025,2025-07-06 00:00:00+00,P09,L16 LOTE SANTACRUZ II-LOTE 9 Y 10,2025
36161b45,d31d0951,de256ae0,432.54,432.54,2,2,48.6,24.3,8.9,QuelaTech Micros,Fertilizantes,2025,2025-07-13 00:00:00+00,G03,L06 CASA DE TABLA ARRIBA B,2025
361f48a2,b7d0a153,2a279588,179.06,179.06,0.06,0.06,1,16.7,178.7,MyCossed,Agroquímicos,2025,2025-05-27 00:00:00+00,P11,L01 LOTE 5A,2025
36209f60,a883b657,de256ae0,297.71,546.46,1.5,2,33.45,22.3,8.9,QuelaTech Micros,Fertilizantes,2025,2025-07-03 00:00:00+00,G06,L04 LA REPRESA LOTE C,2025
3640271f,b5ddaae0,ebc8d614,2766.12,2420.36,4,3.5,103.6,25.9,26.7,"Nitro Evolution: 40-00-00/5,76S",Fertilizantes,2025,2025-08-05 00:00:00+00,P07,L03 LOTE 3C,2025
3669fca0,7511f632,cc210393,71.68,57.34,0.25,0.2,5.6,22.4,12.8,CatheClean,Agroquímicos,2025,2025-06-22 00:00:00+00,P03,L08 LOTE L2B,2025
367499a3,a2cf378b,b46d6dc9,5852,5852,7,7,140,20,41.8,"4,28N-18,52P-17,12K/5,51S+6,1MgO+0,68B+2,28Zn",Fertilizantes,2025,2025-06-08 00:00:00+00,G03,L12 LOTE LOS CARO-02 A,2025
369717cc,be4d3747,2a279588,168.07,224.09,0.045,0.06,0.94,20.9,178.7,MyCossed,Agroquímicos,2025,2025-06-01 00:00:00+00,P05,L02 LOTE EL PALMAR 2,2025
36c84c15,2caa027c,c8ffca92,9.72,9.72,0.05,0.05,1.22,24.3,8,Trampa de feromonas,Agroquímicos,2025,2025-07-02 00:00:00+00,G03,L06 CASA DE TABLA ARRIBA B,2025
36cd98f6,7cc59f96,50ea012e,132,132,3,3,30,10,4.4,Alfasato 48 SL (glifosato),Agroquímicos,2025,2025-05-23 00:00:00+00,G01,L09 LOTE EL DRAGAL 3B,2025
36dc6939,3ed354a1,44237940,303.03,151.52,3,1.5,77.7,25.9,3.9,Alfaxone Super 20 SL,Agroquímicos,2025,2025-05-29 00:00:00+00,P07,L03 LOTE 3C,2025
3723fecc,4e7530e3,8a4ab665,183.16,109.9,0.2,0.12,2.94,14.7,62.3,Eminente 45 WG,Agroquímicos,2025,2025-07-14 00:00:00+00,G05,L05 LOTE LOMA 1,2025
373f796c,79044130,cc210393,45.44,35.84,0.25,0.2,3.55,14.2,12.8,CatheClean,Agroquímicos,2025,2025-06-20 00:00:00+00,P03,L12 LOTE L2E,2025
374d6a32,33ada63a,f886ec2d,15.26,25.44,0.3,0.5,2.79,9.3,5.47,"SoloPasto 30,41SL (plicorán+2,4D)",Agroquímicos,2025,2025-05-13 00:00:00+00,G01,L04 LOTE EL DRAGAL 2B,2025
37824447,a3a718e9,bca12c05,536.56,0,0.5,0,15.95,31.9,33.64,Alfasystin,Agroquímicos,2025,2025-06-05 00:00:00+00,P09,L05 LOTE SANTACRUZ I-LOTE 5,2025
37848818,30107249,b46d6dc9,5413.1,5413.1,7,7,129.5,18.5,41.8,"4,28N-18,52P-17,12K/5,51S+6,1MgO+0,68B+2,28Zn",Fertilizantes,2025,2025-06-01 00:00:00+00,G05,L03 LOTE LA PIEDRA,2025
379b2115,0375b556,cc210393,79.36,78.08,0.2,0.2,6.2,31,12.8,CatheClean,Agroquímicos,2025,2025-05-31 00:00:00+00,P03,L14 LOTE LAS 60 A LOTE,2025
37a7fca5,e4daaaa3,b6a9d42e,910,3130.4,1.3,1.3,6.5,5,140,Maíz: Danac-029 c/fortenza duo,Semillas,2025,2025-05-06 00:00:00+00,P04,L05 LOTE 25 ha B,2025
37b2c638,b1a26da3,2a279588,251.97,327.02,0.06,0.06,1.41,23.5,178.7,MyCossed,Agroquímicos,2025,2025-07-23 00:00:00+00,P03,L15 LOTE LAS 60 B,2025
37b6cbef,8c9c2b25,aa72374c,743.03,627.85,3,2.5,85.8,28.6,8.66,Pendialfa 50 EC,Agroquímicos,2025,2025-06-01 00:00:00+00,C01,PERLA LOTE 06,2025
37c308ba,64267964,9316143b,118.32,0,0.5,,11.75,23.5,10.07,Alfyrinex,Agroquímicos,2025,2025-08-20 00:00:00+00,P03,L14 LOTE LAS 60 A LOTE,2025
37d987f1,ba8fd8e7,de256ae0,231.4,462.8,1,2,26,26,8.9,QuelaTech Micros,Fertilizantes,2025,2025-06-18 00:00:00+00,P03,L13 LOTE LAS 50 B LOTE,2025
37e5811e,821e341d,b46d6dc9,2048.2,2048.2,7,7,49,7,41.8,"4,28N-18,52P-17,12K/5,51S+6,1MgO+0,68B+2,28Zn",Fertilizantes,2025,2025-05-19 00:00:00+00,G01,L08 LOTE EL MANGO C,2025
37e672f0,11b3e0d4,cc210393,135.68,54.27,0.5,0.2,10.6,21.2,12.8,CatheClean,Agroquímicos,2025,2025-06-19 00:00:00+00,G04,L02 LOTE CIRUELA ARRIBA,2025
37eed0b7,a9d222c8,de6596dc,23.32,65.78,0.1,0.065,0.53,5.3,44,Grafito,Semillas,2025,2025-06-10 00:00:00+00,P03,L09 LOTE L2C,2025
37f0ef62,f412a7c4,b46d6dc9,1839.2,5617.92,8,7,44,5.5,41.8,"4,28N-18,52P-17,12K/5,51S+6,1MgO+0,68B+2,28Zn",Fertilizantes,2025,2025-05-11 00:00:00+00,P09,L01 LOTE SANTACRUZ I-LOTE 1,2025
38043371,3cc69b72,c8ffca92,12.4,12.4,0.05,0.05,1.55,31,8,Trampa de feromonas,Agroquímicos,2025,2025-07-02 00:00:00+00,G03,L11 LOTE LA TRINCHERA C,2025
381b9be4,89b9a99d,de256ae0,178,356,1,2,20,20,8.9,QuelaTech Micros,Fertilizantes,2025,2025-07-08 00:00:00+00,P06,L03 LOTE-03 A,2025
3842543f,567b4e9b,2a279588,118.21,157.61,0.045,0.06,0.66,14.7,178.7,MyCossed,Agroquímicos,2025,2025-06-02 00:00:00+00,G05,L05 LOTE LOMA 1,2025
3843bf05,e26844ba,c1d751bb,68.85,259.2,0.1,0.2,0.85,8.5,81,Bacillus Thuringiensis,Agroquímicos,2025,2025-07-22 00:00:00+00,P03,L04 LA NEGRA,2025
38463d82,3837d812,ebc8d614,456.57,532.67,3,3.5,17.1,5.7,26.7,"Nitro Evolution: 40-00-00/5,76S",Fertilizantes,2025,2025-08-05 00:00:00+00,G04,L04 LOTE LOMA BARRIGA,2025
384de5ee,10684511,aa72374c,140.03,497.95,3,2.5,16.17,5.39,8.66,Pendialfa 50 EC,Agroquímicos,2025,2025-07-17 00:00:00+00,P03,L09 LOTE L2C,2025
38656361,f0bce0ac,9316143b,65.56,0,0.7,,6.51,9.3,10.07,Alfyrinex,Agroquímicos,2025,2025-07-21 00:00:00+00,G03,L01 LOTE ALFARERO A,2025
3882aeb7,ba8fd8e7,2a279588,302,278.77,0.065,0.06,1.69,26,178.7,MyCossed,Agroquímicos,2025,2025-06-24 00:00:00+00,P03,L13 LOTE LAS 50 B LOTE,2025
38a27b1b,534cf2b4,cc210393,25.92,73.47,0.135,0.2,2.03,15,12.8,CatheClean,Agroquímicos,2025,2025-08-12 00:00:00+00,G05,L09 LOTE RAMIREZ B,2025
38bf2fc2,8f9360d8,ebc8d614,2868.92,2868.92,3.5,3.5,107.45,30.7,26.7,"Nitro Evolution: 40-00-00/5,76S",Fertilizantes,2025,2025-08-06 00:00:00+00,G06,L04 LA REPRESA LOTE C,2025
38cf8d35,fccf7a07,de256ae0,69.42,124.6,2,2,7.8,3.9,8.9,QuelaTech Micros,Fertilizantes,2025,2025-06-21 00:00:00+00,C01,PERLA LOTE 2A,2025
38d36866,2bdfd9be,ebc8d614,2776.8,2429.7,4,3.5,104,26,26.7,"Nitro Evolution: 40-00-00/5,76S",Fertilizantes,2025,2025-06-18 00:00:00+00,P03,L13 LOTE LAS 50 B LOTE,2025
38e2c9c8,ccd252ce,ebc8d614,496.62,579.39,3,3.5,18.6,6.2,26.7,"Nitro Evolution: 40-00-00/5,76S",Fertilizantes,2025,2025-08-05 00:00:00+00,G04,L05 LOTE LOMAS DE MEDANO,2025
39225f47,7358db99,b6a9d42e,1274,1274,1.3,1.3,9.1,7,140,Maíz: Danac-029 c/fortenza duo,Semillas,2025,2025-05-27 00:00:00+00,C01,PERLA LOTE 2A,2025
392c5f1c,5efeeab3,bdac1da2,858.6,0,0.3,0,4.77,15.9,180,Cal dolomítica,Enmienda,2025,2025-06-17 00:00:00+00,G05,L02 LOTE COCO LOMA GRANDE,2025
39617d62,e9297d03,c1d751bb,121.5,259.2,0.1,0.2,1.5,15,81,Bacillus Thuringiensis,Agroquímicos,2025,2025-07-01 00:00:00+00,P03,L04 LA NEGRA,2025
397f3101,73647008,b6a9d42e,1365,2912,1.3,1.3,9.75,7.5,140,Maíz: Danac-029 c/fortenza duo,Semillas,2025,2025-06-22 00:00:00+00,P03,L04 LA NEGRA,2025
39911d98,b8cdac90,73a629e4,184.01,368.02,0.5,1,8.8,17.6,20.91,Jupiter 25 EC (piraclostrobina),Agroquímicos,2025,2025-07-31 00:00:00+00,G01,L11 LOTE EL DRAGAL 4-1,2025
399c2cd4,dff4e1c6,cc210393,57.34,57.34,0.2,0.2,4.48,22.4,12.8,CatheClean,Agroquímicos,2025,2025-05-21 00:00:00+00,P03,L08 LOTE L2B,2025
39c434b7,131ba10c,de6596dc,18.41,26.6,0.045,0.065,0.42,9.3,44,Grafito,Semillas,2025,2025-05-22 00:00:00+00,G01,L04 LOTE EL DRAGAL 2B,2025
39cc630c,ea5eb7e5,b6a9d42e,3039.4,3039.4,1.3,1.3,21.71,16.7,140,Maíz: Danac-029 c/fortenza duo,Semillas,2025,2025-05-27 00:00:00+00,G04,L01 LOTE CIRUELA ABAJO,2025
39e8bff2,1f052b88,73a629e4,198.65,397.29,0.5,1,9.5,19,20.91,Jupiter 25 EC (piraclostrobina),Agroquímicos,2025,2025-06-23 00:00:00+00,P03,L10 LOTE L2D1,2025
39f8a88d,5bc82c91,9316143b,50.35,0,0.5,,5,10,10.07,Alfyrinex,Agroquímicos,2025,2025-07-30 00:00:00+00,P03,L18 LOTE LA LAGUNA,2025
3a44acda,0efcddbe,ebc8d614,682.45,2149.35,4,3.5,25.56,6.39,26.7,"Nitro Evolution: 40-00-00/5,76S",Fertilizantes,2025,2025-07-16 00:00:00+00,P03,L09 LOTE L2C,2025
3a5fdccb,ffb3ea09,b6a9d42e,3570,4113.2,1.5,1.3,25.5,17,140,Maíz: Danac-029 c/fortenza duo,Semillas,2025,2025-07-22 00:00:00+00,C02,L02 LOTE ARENERO 2 LOTE-01,2025
3a603aa6,8739a9ab,790b615c,93.96,0,0.5,0,9.5,19,9.89,Yamur 25EW,Agroquímicos,2025,2025-06-23 00:00:00+00,P03,L10 LOTE L2D1,2025
3a77df87,4fe08003,ebc8d614,3406.92,2981.06,4,3.5,127.6,31.9,26.7,"Nitro Evolution: 40-00-00/5,76S",Fertilizantes,2025,2025-06-10 00:00:00+00,P09,L05 LOTE SANTACRUZ I-LOTE 5,2025
3a803729,64267964,73a629e4,245.69,637.76,0.5,1,11.75,23.5,20.91,Jupiter 25 EC (piraclostrobina),Agroquímicos,2025,2025-08-20 00:00:00+00,P03,L14 LOTE LAS 60 A LOTE,2025
3a86a2c3,15b5c367,bfe0f583,0,0,0.5,0,15.8,31.6,,Atrazina,Agroquímicos,2025,2025-07-10 00:00:00+00,P09,L16 LOTE SANTACRUZ II-LOTE 9 Y 10,2025
3ab9ae36,78d9c6d7,50ea012e,384.12,384.12,3,3,87.3,29.1,4.4,Alfasato 48 SL (glifosato),Agroquímicos,2025,2025-05-25 00:00:00+00,P11,L06 LOTE 7C,2025
3ac868cc,79033947,8a4ab665,87.22,97.94,0.2,0.12,1.4,7,62.3,Eminente 45 WG,Agroquímicos,2025,2025-08-20 00:00:00+00,G05,L04 LOTE LOCACIÓN A,2025
3ad8cba1,5f18b82f,cc210393,18.82,76.03,0.1,0.2,1.47,14.7,12.8,CatheClean,Agroquímicos,2025,2025-07-12 00:00:00+00,P03,L11 LOTE L2D2,2025
3af7e66a,f564eb51,790b615c,28.48,0,0.3,0,2.88,9.6,9.89,Yamur 25EW,Agroquímicos,2025,2025-07-31 00:00:00+00,G01,L01 LOTE DETRÁS DE LA CASA OESTE,2025
3b04fcc7,64052081,b46d6dc9,4347.2,9246.16,8,7,104,13,41.8,"4,28N-18,52P-17,12K/5,51S+6,1MgO+0,68B+2,28Zn",Fertilizantes,2025,2025-06-20 00:00:00+00,P09,L16 LOTE SANTACRUZ II-LOTE 9 Y 10,2025
3b16734e,1a7128e5,cc210393,27.03,49.15,0.11,0.2,2.11,19.2,12.8,CatheClean,Agroquímicos,2025,2025-06-14 00:00:00+00,P09,L01 LOTE SANTACRUZ I-LOTE 1,2025
3b4112fc,a86c0c52,8a4ab665,386.26,231.76,0.2,0.12,6.2,31,62.3,Eminente 45 WG,Agroquímicos,2025,2025-07-16 00:00:00+00,P03,L03 LOTE LA CASA C,2025
3b625ce1,c3d8e26d,3072d084,222,200.6,1.66,1.5,15.44,9.3,14.38,Gadriano 30 OD,Agroquímicos,2025,2025-08-10 00:00:00+00,G03,L01 LOTE ALFARERO A,2025
3b8ad33a,7e378e34,c2541310,48.89,97.11,0.25,0.3,2.9,11.6,16.86,Alfamilo 90SP,Agroquímicos,2025,2025-07-06 00:00:00+00,P09,L01 LOTE SANTACRUZ I-LOTE 1,2025
3ba0bfb3,89fd8d63,b57fd6f9,69.4,0,0.45,,3.83,8.52,18.1,Agripega 100,Agroquímicos,2025,2025-07-11 00:00:00+00,P09,L15 LOTE SANTACRUZ II-LOTE 6B,2025
3ba95560,b5d16af5,8a4ab665,1825.39,219.05,1,0.12,29.3,29.3,62.3,Eminente 45 WG,Agroquímicos,2025,2025-07-03 00:00:00+00,G02,L02 LOTE EL TANQUE-B,2025
3bad7197,8739a9ab,cc210393,29.18,48.64,0.12,0.2,2.28,19,12.8,CatheClean,Agroquímicos,2025,2025-06-23 00:00:00+00,P03,L10 LOTE L2D1,2025
3bdb183f,deb69925,44237940,100.62,100.62,1.5,1.5,25.8,17.2,3.9,Alfaxone Super 20 SL,Agroquímicos,2025,2025-05-06 00:00:00+00,P04,L05 LOTE 25 ha B,2025
3bee3582,cfffacce,b6a9d42e,2856,5878.6,1.5,1.3,20.4,13.6,140,Maíz: Danac-029 c/fortenza duo,Semillas,2025,2025-05-14 00:00:00+00,P09,L04 LOTE SANTACRUZ I-LOTE 4,2025
3bf1270b,ecd43646,2a279588,77.2,102.93,0.045,0.06,0.43,9.6,178.7,MyCossed,Agroquímicos,2025,2025-05-25 00:00:00+00,G01,L01 LOTE DETRÁS DE LA CASA OESTE,2025
3c02e589,2897d0a9,79e8c679,241.92,241.92,4,4,38.4,9.6,6.3,Pasto: Brachiara Ruziziensis,Semillas,2025,2025-06-30 00:00:00+00,G01,L01 LOTE DETRÁS DE LA CASA OESTE,2025
3c0ae9f2,b7294074,2a279588,321.66,321.66,0.06,0.06,1.8,30,178.7,MyCossed,Agroquímicos,2025,2025-07-10 00:00:00+00,G02,L05 LA CAGADA,2025
3c4b3a50,f45933a5,73a629e4,71.2,401.47,0.5,1,3.41,6.81,20.91,Jupiter 25 EC (piraclostrobina),Agroquímicos,2025,2025-06-10 00:00:00+00,P09,L01 LOTE SANTACRUZ I-LOTE 1,2025
3c4fad8e,2f9b3ef7,2a279588,134.29,179.06,0.045,0.06,0.75,16.7,178.7,MyCossed,Agroquímicos,2025,2025-05-27 00:00:00+00,G04,L01 LOTE CIRUELA ABAJO,2025
3c5deefa,64cfd163,c2541310,161.86,48.56,1,0.3,9.6,9.6,16.86,Alfamilo 90SP,Agroquímicos,2025,2025-07-31 00:00:00+00,G01,L01 LOTE DETRÁS DE LA CASA OESTE,2025
3c67f883,63fccba3,de256ae0,243.86,510.86,2,2,27.4,13.7,8.9,QuelaTech Micros,Fertilizantes,2025,2025-08-15 00:00:00+00,G05,L09 LOTE RAMIREZ B,2025
3c692acf,ceffb943,de256ae0,158.33,354.22,1,2,17.79,17.79,8.9,QuelaTech Micros,Fertilizantes,2025,2025-07-20 00:00:00+00,P09,L10 LOTE SANTACRUZ II-LOTE 2B,2025
3cae6ff5,6abeceb7,c2541310,32.03,96.1,0.1,0.3,1.9,19,16.86,Alfamilo 90SP,Agroquímicos,2025,2025-05-24 00:00:00+00,P03,L10 LOTE L2D1,2025
3cb1cce3,90a99b0b,aa72374c,99.59,99.59,2.5,2.5,11.5,4.6,8.66,Pendialfa 50 EC,Agroquímicos,2025,2025-06-20 00:00:00+00,P06,L04 LOTE-03 B,2025
3cb4db7e,a25204e2,790b615c,54.89,0,0.3,0,5.55,18.5,9.89,Yamur 25EW,Agroquímicos,2025,2025-07-14 00:00:00+00,G05,L03 LOTE LA PIEDRA,2025
3cba2d4c,f03d2136,cc210393,51.2,51.2,0.2,0.2,4,20,12.8,CatheClean,Agroquímicos,2025,2025-07-13 00:00:00+00,G03,L12 LOTE LOS CARO-02 A,2025
3cd5f9f8,b3ca8b80,de256ae0,402.28,402.28,2,2,45.2,22.6,8.9,QuelaTech Micros,Fertilizantes,2025,2025-07-13 00:00:00+00,G03,L07 EL DESQUITE A,2025
3d19515c,3815011c,b275b7cf,1888.32,3927,4,5.5,67.44,16.86,28,"25,46N-00P-21,81K/3,66S",Fertilizantes,2025,2025-07-08 00:00:00+00,P09,L13 LOTE SANTACRUZ II-LOTE 5B,2025
3d296050,a0081c8f,bdac1da2,1890,0,0.7,0,10.5,15,180,Cal dolomítica,Enmienda,2025,2025-05-12 00:00:00+00,G07,L01 LOTE SAMANCITO,2025
3d340bfb,1a7128e5,f886ec2d,157.54,52.51,1.5,0.5,28.8,19.2,5.47,"SoloPasto 30,41SL (plicorán+2,4D)",Agroquímicos,2025,2025-07-06 00:00:00+00,P09,L01 LOTE SANTACRUZ I-LOTE 1,2025
3d39d692,7d016f9c,b6a9d42e,2366,5332.6,1.3,1.3,16.9,13,140,Maíz: Danac-029 c/fortenza duo,Semillas,2025,2025-06-01 00:00:00+00,G02,L02 LOTE EL TANQUE-B,2025
3d4432d9,15b5c367,3072d084,681.61,681.61,1.5,1.5,47.4,31.6,14.38,Gadriano 30 OD,Agroquímicos,2025,2025-07-10 00:00:00+00,P09,L16 LOTE SANTACRUZ II-LOTE 9 Y 10,2025
3d4e2a10,0825fce9,3072d084,206.21,349.43,1.5,1.5,14.34,9.56,14.38,Gadriano 30 OD,Agroquímicos,2025,2025-07-06 00:00:00+00,P09,L12 LOTE SANTACRUZ II-LOTE 5A,2025
3d747d98,abc16c2b,2a279588,299.14,299.14,0.06,0.06,1.67,27.9,178.7,MyCossed,Agroquímicos,2025,2025-06-15 00:00:00+00,G07,L03 LOTE VICTORIERO 1B,2025
3d9acfd6,a86c0c52,de256ae0,275.9,551.8,1,2,31,31,8.9,QuelaTech Micros,Fertilizantes,2025,2025-07-16 00:00:00+00,P03,L03 LOTE LA CASA C,2025
3da3588f,bf0d64e7,de6596dc,130.68,84.94,0.1,0.065,2.97,29.7,44,Grafito,Semillas,2025,2025-05-25 00:00:00+00,P11,L05 LOTE 7B,2025
3da60d26,529ab0ea,79e8c679,680.4,730.8,4.5,4,108,24,6.3,Pasto: Brachiara Ruziziensis,Semillas,2025,2025-07-01 00:00:00+00,C01,PERLA LOTE 06,2025
3db257f3,1d3a8fe0,3072d084,647.1,647.1,1.5,1.5,45,30,14.38,Gadriano 30 OD,Agroquímicos,2025,2025-07-28 00:00:00+00,G02,L05 LA CAGADA,2025
3de2400e,05dd5e61,b275b7cf,1176,3234,2,5.5,42,21,28,"25,46N-00P-21,81K/3,66S",Fertilizantes,2025,2025-07-10 00:00:00+00,G03,L04 LOTE ARBOLOTE ARRIBA A,2025
3e07faf8,9c9b9a39,2a279588,148.77,198.36,0.045,0.06,0.83,18.5,178.7,MyCossed,Agroquímicos,2025,2025-06-02 00:00:00+00,G05,L03 LOTE LA PIEDRA,2025
3e3973e0,ce3e1ff1,b275b7cf,1120,3080,2,5.5,40,20,28,"25,46N-00P-21,81K/3,66S",Fertilizantes,2025,2025-08-05 00:00:00+00,G01,L12 LOTE EL MANGO B,2025
3e3e2be9,9177ddc1,de6596dc,24.99,40.04,0.04,0.065,0.57,14.2,44,Grafito,Semillas,2025,2025-07-11 00:00:00+00,P03,L12 LOTE L2E,2025
3e43905a,9d54220c,44237940,87.75,127.53,2.5,1.5,22.5,9,3.9,Alfaxone Super 20 SL,Agroquímicos,2025,2025-11-19 00:00:00+00,G03,L09 LOTE LA TRINCHERA A,2025
3e44cdd8,d14a2a6d,aa72374c,318.26,643.01,2.5,2.5,36.75,14.7,8.66,Pendialfa 50 EC,Agroquímicos,2025,2025-07-17 00:00:00+00,P03,L11 LOTE L2D2,2025
3e68d4f7,b9767aab,bca12c05,163.49,0,0.2,0,4.86,24.3,33.64,Alfasystin,Agroquímicos,2025,2025-08-11 00:00:00+00,G03,L06 CASA DE TABLA ARRIBA B,2025
3e8b667c,cbe4654c,50ea012e,310.2,310.2,3,3,70.5,23.5,4.4,Alfasato 48 SL (glifosato),Agroquímicos,2025,2025-06-11 00:00:00+00,G05,L07 LOTE MATA PALO,2025
3e961be0,61c66469,c8ffca92,13.04,13.04,0.05,0.05,1.63,32.6,8,Trampa de feromonas,Agroquímicos,2025,2025-07-07 00:00:00+00,G05,L01 LOTE BAJO DE LOMA,2025
3ea23513,3815011c,b275b7cf,1888.32,3927,4,5.5,67.44,16.86,28,"25,46N-00P-21,81K/3,66S",Fertilizantes,2025,2025-07-06 00:00:00+00,P09,L13 LOTE SANTACRUZ II-LOTE 5B,2025
3eb0b79b,07dcff45,de256ae0,178,178,2,2,20,10,8.9,QuelaTech Micros,Fertilizantes,2025,2025-07-31 00:00:00+00,G01,L10 LOTE EL DRAGAL 3-1,2025
3ee61df0,6cf65d8a,c1d751bb,121.5,243,0.1,0.2,1.5,15,81,Bacillus Thuringiensis,Agroquímicos,2025,2025-06-20 00:00:00+00,C01,L11 LOTE PATRIX,2025
3eeeaff2,e24477e8,c8ffca92,9.84,9.84,0.05,0.05,1.23,24.6,8,Trampa de feromonas,Agroquímicos,2025,2025-07-02 00:00:00+00,G03,L13 LOTE LOS CARO-02 B,2025
3f3f6fe0,7591c0b3,b6a9d42e,3039.4,3039.4,1.3,1.3,21.71,16.7,140,Maíz: Danac-029 c/fortenza duo,Semillas,2025,2025-05-27 00:00:00+00,P11,L01 LOTE 5A,2025
3f448095,1584c60a,b275b7cf,660.8,2448.6,4,5.5,23.6,5.9,28,"25,46N-00P-21,81K/3,66S",Fertilizantes,2025,2025-07-07 00:00:00+00,G05,L02 LOTE COCO LOMA GRANDE,2025
3f51801d,cb18f0f0,50ea012e,430.32,430.32,3,3,97.8,32.6,4.4,Alfasato 48 SL (glifosato),Agroquímicos,2025,2025-06-02 00:00:00+00,G05,L01 LOTE BAJO DE LOMA,2025
3f6ca72d,b36351de,cc210393,23.04,62.98,0.2,0.2,1.8,9,12.8,CatheClean,Agroquímicos,2025,2025-07-03 00:00:00+00,G03,L13 LOTE LOS CARO-02 B,2025
3f7eb78d,c49a0897,f886ec2d,24.12,40.2,0.3,0.5,4.41,14.7,5.47,"SoloPasto 30,41SL (plicorán+2,4D)",Agroquímicos,2025,2025-06-11 00:00:00+00,G05,L05 LOTE LOMA 1,2025
3f8d050c,7511f632,bca12c05,248.67,0,0.33,0,7.39,22.4,33.64,Alfasystin,Agroquímicos,2025,2025-06-22 00:00:00+00,P03,L08 LOTE L2B,2025
3fa838af,90a99b0b,c2541310,7.76,23.27,0.1,0.3,0.46,4.6,16.86,Alfamilo 90SP,Agroquímicos,2025,2025-06-20 00:00:00+00,P06,L04 LOTE-03 B,2025
3fba7002,ceffb943,73a629e4,185.99,416.11,0.5,1,8.9,17.79,20.91,Jupiter 25 EC (piraclostrobina),Agroquímicos,2025,2025-07-20 00:00:00+00,P09,L10 LOTE SANTACRUZ II-LOTE 2B,2025
3fdefe32,ea1ef792,79e8c679,138.6,138.6,4,4,22,5.5,6.3,Pasto: Brachiara Ruziziensis,Semillas,2025,2025-07-03 00:00:00+00,G01,L07 LOTE EL DRAGAL 1-1,2025
3fe0551d,d80d8913,de256ae0,281.24,562.48,1,2,31.6,31.6,8.9,QuelaTech Micros,Fertilizantes,2025,2025-07-28 00:00:00+00,P09,L16 LOTE SANTACRUZ II-LOTE 9 Y 10,2025
3fe3734c,c928a5e1,bca12c05,353.22,0,0.5,0,10.5,21,33.64,Alfasystin,Agroquímicos,2025,2025-06-20 00:00:00+00,C01,PERLA LOTE 01,2025
400080dc,4edd5789,790b615c,20.77,0,0.3,0,2.1,7,9.89,Yamur 25EW,Agroquímicos,2025,2025-07-31 00:00:00+00,G01,L08 LOTE EL MANGO C,2025
400b08fa,cf5b8e16,50ea012e,311.52,233.64,4,3,70.8,17.7,4.4,Alfasato 48 SL (glifosato),Agroquímicos,2025,2025-05-15 00:00:00+00,P02,L10 LOTE-08,2025
40191b02,cca5cadf,b6a9d42e,2184,2184,1.3,1.3,15.6,12,140,Maíz: Danac-029 c/fortenza duo,Semillas,2025,2025-06-04 00:00:00+00,P06,L01 LOTE-01,2025
403324c6,1894b70b,de256ae0,437.88,437.88,2,2,49.2,24.6,8.9,QuelaTech Micros,Fertilizantes,2025,2025-07-14 00:00:00+00,G03,L13 LOTE LOS CARO-02 B,2025
403c2e30,81f8c03d,aa72374c,465.04,387.54,3,2.5,53.7,17.9,8.66,Pendialfa 50 EC,Agroquímicos,2025,2025-08-20 00:00:00+00,P09,"L17 LOTE SANTACRUZ II-LOTE 11, 12 Y 13",2025
405965f2,6dd6fdbe,b275b7cf,1882.72,3064.6,4,5.5,67.24,16.81,28,"25,46N-00P-21,81K/3,66S",Fertilizantes,2025,2025-07-08 00:00:00+00,P09,L10 LOTE SANTACRUZ II-LOTE 2B,2025
40701d79,e0f5fa02,c8ffca92,9.4,9.4,0.05,0.05,1.18,23.5,8,Trampa de feromonas,Agroquímicos,2025,2025-07-07 00:00:00+00,G05,L07 LOTE MATA PALO,2025
40b40863,a6085382,b57fd6f9,59.19,0,0.15,,3.27,21.8,18.1,Agripega 100,Agroquímicos,2025,2025-07-21 00:00:00+00,G03,L09 LOTE LA TRINCHERA A,2025
40b562d7,05505dff,bca12c05,61.06,0,0.5,0,1.82,3.63,33.64,Alfasystin,Agroquímicos,2025,2025-06-05 00:00:00+00,P09,L15 LOTE SANTACRUZ II-LOTE 6B,2025
40bf2632,79ddd563,b6a9d42e,2857.4,2857.4,1.3,1.3,20.41,15.7,140,Maíz: Danac-029 c/fortenza duo,Semillas,2025,2025-05-15 00:00:00+00,P04,L02 LOTE-02,2025
40e3d3bc,8739a9ab,de256ae0,338.2,338.2,2,2,38,19,8.9,QuelaTech Micros,Fertilizantes,2025,2025-06-23 00:00:00+00,P03,L10 LOTE L2D1,2025
40f3a719,6e5afb6d,ebc8d614,2330.91,2719.4,3,3.5,87.3,29.1,26.7,"Nitro Evolution: 40-00-00/5,76S",Fertilizantes,2025,2025-07-03 00:00:00+00,G02,L04 LOS BECERROS,2025
40f3e698,ca175d5f,5438a6c7,198.6,0,0.1,,3.31,33.1,60,BTKIMAX PLUS PM,Agroquímicos,2025,2025-07-04 00:00:00+00,G07,L01 LOTE SAMANCITO,2025
40f45962,7d18e1c1,bca12c05,144.65,0,0.25,0,4.3,17.2,33.64,Alfasystin,Agroquímicos,2025,2025-06-20 00:00:00+00,P04,L05 LOTE 25 ha B,2025
4104fd60,c3993aa7,8a4ab665,2080.82,124.85,2,0.12,33.4,16.7,62.3,Eminente 45 WG,Agroquímicos,2025,2025-08-20 00:00:00+00,G04,L01 LOTE CIRUELA ABAJO,2025
4105e48d,1371c631,f886ec2d,69.74,69.74,0.5,0.5,12.75,25.5,5.47,"SoloPasto 30,41SL (plicorán+2,4D)",Agroquímicos,2025,2025-05-11 00:00:00+00,P09,L13 LOTE SANTACRUZ II-LOTE 5B,2025
410a1dd5,0825fce9,790b615c,47.27,0,0.5,0,4.78,9.56,9.89,Yamur 25EW,Agroquímicos,2025,2025-07-06 00:00:00+00,P09,L12 LOTE SANTACRUZ II-LOTE 5A,2025
41359c89,3ed354a1,c2541310,109.17,131,0.25,0.3,6.48,25.9,16.86,Alfamilo 90SP,Agroquímicos,2025,2025-05-29 00:00:00+00,P07,L03 LOTE 3C,2025
41394f57,7c801600,e1ff11f4,0,0,0,1,0,15,,Pase de rastra,Enmienda,2025,2025-05-20 00:00:00+00,C01,L11 LOTE PATRIX,2025
413f3e3d,6fac1fd9,aa72374c,272.79,534.76,3,2.5,31.5,10.5,8.66,Pendialfa 50 EC,Agroquímicos,2025,2025-05-07 00:00:00+00,P09,L08 LOTE SANTACRUZ II-LOTE 1,2025
414b3953,bc8e1726,c1d751bb,176.58,353.16,0.1,0.2,2.18,21.8,81,Bacillus Thuringiensis,Agroquímicos,2025,2025-07-02 00:00:00+00,G03,L09 LOTE LA TRINCHERA A,2025
415154d0,aed4d998,d73f9b82,0,0,1,,17.6,17.6,,Alfavin,Agroquímicos,2025,2025-08-12 00:00:00+00,G01,L11 LOTE EL DRAGAL 4-1,2025
41561ba1,1a7128e5,de256ae0,170.88,341.76,1,2,19.2,19.2,8.9,QuelaTech Micros,Fertilizantes,2025,2025-07-06 00:00:00+00,P09,L01 LOTE SANTACRUZ I-LOTE 1,2025
4197328b,67805a51,5438a6c7,73.2,0,0.1,,1.22,12.2,60,BTKIMAX PLUS PM,Agroquímicos,2025,2025-07-07 00:00:00+00,P07,L04 LOTE 3D,2025
419c5e6e,3b39cdf3,3072d084,304.14,304.14,1.5,1.5,21.15,14.1,14.38,Gadriano 30 OD,Agroquímicos,2025,2025-06-20 00:00:00+00,P04,L01 LOTE-01,2025
41d0b86c,6ada907e,de6596dc,28.6,45.47,0.065,0.065,0.65,10,44,Grafito,Semillas,2025,2025-07-18 00:00:00+00,G05,L02 LOTE COCO LOMA GRANDE,2025
41d160a7,aed4d998,9316143b,177.23,0,1,,17.6,17.6,10.07,Alfyrinex,Agroquímicos,2025,2025-07-31 00:00:00+00,G01,L11 LOTE EL DRAGAL 4-1,2025
41e476fa,9a04ff7a,50ea012e,132,132,3,3,30,10,4.4,Alfasato 48 SL (glifosato),Agroquímicos,2025,2025-05-14 00:00:00+00,G01,L10 LOTE EL DRAGAL 3-1,2025
41f81821,aed4d998,de256ae0,156.64,313.28,1,2,17.6,17.6,8.9,QuelaTech Micros,Fertilizantes,2025,2025-06-18 00:00:00+00,G01,L11 LOTE EL DRAGAL 4-1,2025
424327ef,10684511,aa72374c,174.07,497.95,3,2.5,20.1,6.7,8.66,Pendialfa 50 EC,Agroquímicos,2025,2025-07-17 00:00:00+00,P03,L09 LOTE L2C,2025
42433ed9,9ea32533,3072d084,468.79,351.59,2,1.5,32.6,16.3,14.38,Gadriano 30 OD,Agroquímicos,2025,2025-07-05 00:00:00+00,G07,L05 LOTE VICTORIERO 1D,2025
426b0f5d,3400d4f4,50ea012e,355.52,266.64,4,3,80.8,20.2,4.4,Alfasato 48 SL (glifosato),Agroquímicos,2025,2025-05-13 00:00:00+00,P11,L04 LOTE 7A,2025
4278ce50,df759e8a,ebc8d614,293.97,342.96,3,3.5,11.01,3.67,26.7,"Nitro Evolution: 40-00-00/5,76S",Fertilizantes,2025,2025-07-08 00:00:00+00,G03,L14 LOTE LOS CARO-01,2025
4280b0f4,4d71d137,de6596dc,70.36,70.36,0.065,0.065,1.6,24.6,44,Grafito,Semillas,2025,2025-06-17 00:00:00+00,G03,L13 LOTE LOS CARO-02 B,2025
4291b315,b983f2fb,b275b7cf,561.12,2109.8,4,5.5,20.04,5.01,28,"25,46N-00P-21,81K/3,66S",Fertilizantes,2025,2025-07-25 00:00:00+00,P08,L07 LOTE 3B 2,2025
42a4add0,de830e67,2a279588,318.44,318.44,0.06,0.06,1.78,29.7,178.7,MyCossed,Agroquímicos,2025,2025-05-25 00:00:00+00,P11,L05 LOTE 7B,2025
42aba9ca,2503355c,bca12c05,58.87,0,0.25,0,1.75,7,33.64,Alfasystin,Agroquímicos,2025,2025-05-31 00:00:00+00,G01,L08 LOTE EL MANGO C,2025
42ee5f59,8901f753,de256ae0,457.46,457.46,2,2,51.4,25.7,8.9,QuelaTech Micros,Fertilizantes,2025,2025-08-15 00:00:00+00,G05,L08 LOTE RAMIREZ A,2025
430d358f,a91d0f8f,50ea012e,249.92,426.36,4,3,56.8,14.2,4.4,Alfasato 48 SL (glifosato),Agroquímicos,2025,2025-08-20 00:00:00+00,P09,L04 LOTE SANTACRUZ I-LOTE 4,2025
43251788,e6db5426,2a279588,1865.63,186.56,0.6,0.06,10.44,17.4,178.7,MyCossed,Agroquímicos,2025,2025-06-02 00:00:00+00,G02,L01 LOTE EL TANQUE-A,2025
43337c32,ff654cc4,aa72374c,643.01,643.01,2.5,2.5,74.25,29.7,8.66,Pendialfa 50 EC,Agroquímicos,2025,2025-05-25 00:00:00+00,P11,L05 LOTE 7B,2025
435f1ca9,367d27c2,cc210393,57.92,46.34,0.25,0.2,4.53,18.1,12.8,CatheClean,Agroquímicos,2025,2025-05-29 00:00:00+00,P11,L02 LOTE 5B,2025
43634dd3,dc6cbab4,b275b7cf,930.72,2956.8,4,5.5,33.24,8.31,28,"25,46N-00P-21,81K/3,66S",Fertilizantes,2025,2025-06-05 00:00:00+00,P09,L01 LOTE SANTACRUZ I-LOTE 1,2025
436bd123,a9d222c8,b6a9d42e,1219.4,4186,1.3,1.3,8.71,6.7,140,Maíz: Danac-029 c/fortenza duo,Semillas,2025,2025-06-18 00:00:00+00,P03,L09 LOTE L2C,2025
436d615d,45b7d58d,b46d6dc9,4652.34,4652.34,7,7,111.3,15.9,41.8,"4,28N-18,52P-17,12K/5,51S+6,1MgO+0,68B+2,28Zn",Fertilizantes,2025,2025-05-16 00:00:00+00,P04,L04 LOTE 25 ha A,2025
4372ed5b,5cf30055,79e8c679,252,400.68,4,4,40,10,6.3,Pasto: Brachiara Ruziziensis,Semillas,2025,2025-08-12 00:00:00+00,G05,L02 LOTE COCO LOMA GRANDE,2025
4399c084,e0b54c97,44237940,23.4,39.78,1.5,1.5,6,4,3.9,Alfaxone Super 20 SL,Agroquímicos,2025,2025-06-24 00:00:00+00,P03,L07 LOTE L2A,2025
43b03247,945cec1b,bca12c05,280.31,0,0.25,0,8.33,33.33,33.64,Alfasystin,Agroquímicos,2025,2025-07-02 00:00:00+00,G03,L10 LOTE LA TRINCHERA B,2025
43c33bd8,87d2dddf,b6a9d42e,2982,4495.4,1.5,1.3,21.3,14.2,140,Maíz: Danac-029 c/fortenza duo,Semillas,2025,2025-05-11 00:00:00+00,P09,L08 LOTE SANTACRUZ II-LOTE 1,2025
43d2f5f5,4e034b69,de6596dc,74.36,74.36,0.065,0.065,1.69,26,44,Grafito,Semillas,2025,2025-06-17 00:00:00+00,G03,L08 EL DESQUITE B,2025
43dfb255,eab9cdec,cc210393,64.64,51.71,0.25,0.2,5.05,20.2,12.8,CatheClean,Agroquímicos,2025,2025-05-25 00:00:00+00,P11,L04 LOTE 7A,2025
43f3dcc4,766f61ed,b6a9d42e,4422.6,4422.6,1.3,1.3,31.59,24.3,140,Maíz: Danac-029 c/fortenza duo,Semillas,2025,2025-06-12 00:00:00+00,G03,L06 CASA DE TABLA ARRIBA B,2025
4401574a,80944c3e,b6a9d42e,3694.6,3694.6,1.3,1.3,26.39,20.3,140,Maíz: Danac-029 c/fortenza duo,Semillas,2025,2025-07-10 00:00:00+00,C02,L01 ARENERO 1 LOTE-02,2025
4421c516,4165db3b,50ea012e,452.32,339.24,4,3,102.8,25.7,4.4,Alfasato 48 SL (glifosato),Agroquímicos,2025,2025-06-08 00:00:00+00,G05,L08 LOTE RAMIREZ A,2025
4446d974,cbe728e9,50ea012e,105.6,79.2,4,3,24,6,4.4,Alfasato 48 SL (glifosato),Agroquímicos,2025,2025-06-18 00:00:00+00,P03,L19 LOTE L2F,2025
447119af,25bc2546,ebc8d614,1911.72,1672.76,4,3.5,71.6,17.9,26.7,"Nitro Evolution: 40-00-00/5,76S",Fertilizantes,2025,2025-08-20 00:00:00+00,P09,"L17 LOTE SANTACRUZ II-LOTE 11, 12 Y 13",2025
4476fa88,b5d16af5,73a629e4,306.33,612.66,0.5,1,14.65,29.3,20.91,Jupiter 25 EC (piraclostrobina),Agroquímicos,2025,2025-07-03 00:00:00+00,G02,L02 LOTE EL TANQUE-B,2025
448b723b,8423bd85,de6596dc,31.09,84.94,0.045,0.065,0.71,15.7,44,Grafito,Semillas,2025,2025-06-30 00:00:00+00,P03,L11 LOTE L2D2,2025
44a3d8f0,513fd279,5438a6c7,142.8,0,0.1,,2.38,23.8,60,BTKIMAX PLUS PM,Agroquímicos,2025,2025-07-05 00:00:00+00,G02,L03 LOTE IGUANITAS,2025
44a60476,6dc3e147,2a279588,142.33,189.78,0.045,0.06,0.8,17.7,178.7,MyCossed,Agroquímicos,2025,2025-05-24 00:00:00+00,G01,L06 LOTE EL DRAGAL 4B,2025
44d48eaf,5a43a2cc,b275b7cf,3617.6,4974.2,4,5.5,129.2,32.3,28,"25,46N-00P-21,81K/3,66S",Fertilizantes,2025,2025-06-05 00:00:00+00,P09,L04 LOTE SANTACRUZ I-LOTE 4,2025
44f9e521,f8121e13,cc210393,49.6,120.32,0.25,0.2,3.88,15.5,12.8,CatheClean,Agroquímicos,2025,2025-08-06 00:00:00+00,G06,L02 LA REPRESA LOTE A,2025
45050256,0f2fe728,de256ae0,271.45,542.9,1,2,30.5,30.5,8.9,QuelaTech Micros,Fertilizantes,2025,2025-08-20 00:00:00+00,P03,L15 LOTE LAS 60 B,2025
450fc5a4,0b573e66,c1d751bb,47.79,338.58,0.1,0.2,0.59,5.9,81,Bacillus Thuringiensis,Agroquímicos,2025,2025-07-06 00:00:00+00,P05,L02 LOTE EL PALMAR 2,2025
451171d9,3659ee62,cc210393,31.97,47.36,0.135,0.2,2.5,18.5,12.8,CatheClean,Agroquímicos,2025,2025-07-14 00:00:00+00,G05,L03 LOTE LA PIEDRA,2025
453b9360,3aacc949,b57fd6f9,70.59,0,0.15,,3.9,26,18.1,Agripega 100,Agroquímicos,2025,2025-08-11 00:00:00+00,G03,L08 EL DESQUITE B,2025
453f5349,e8c7419a,c1d751bb,127.17,254.34,0.1,0.2,1.57,15.7,81,Bacillus Thuringiensis,Agroquímicos,2025,2025-06-20 00:00:00+00,P04,L02 LOTE-02,2025
4541b933,89fd8d63,790b615c,42.18,0,0.5,0,4.27,8.53,9.89,Yamur 25EW,Agroquímicos,2025,2025-07-28 00:00:00+00,P09,L15 LOTE SANTACRUZ II-LOTE 6B,2025
4563c549,03c6c3f3,b275b7cf,406.56,2802.8,4,5.5,14.52,3.63,28,"25,46N-00P-21,81K/3,66S",Fertilizantes,2025,2025-06-05 00:00:00+00,P09,L15 LOTE SANTACRUZ II-LOTE 6B,2025
4576db50,c07bca78,bfe0f583,0,0,3,0,76.5,25.5,,Atrazina,Agroquímicos,2025,2025-05-18 00:00:00+00,P09,L13 LOTE SANTACRUZ II-LOTE 5B,2025
45795229,0825fce9,8a4ab665,201.85,121.11,0.2,0.12,3.24,16.2,62.3,Eminente 45 WG,Agroquímicos,2025,2025-06-14 00:00:00+00,P09,L12 LOTE SANTACRUZ II-LOTE 5A,2025
45928113,aaf534f3,c2541310,101.16,121.39,0.25,0.3,6,24,16.86,Alfamilo 90SP,Agroquímicos,2025,2025-07-07 00:00:00+00,P07,L01 LOTE 3A,2025
4598a244,e240a6ce,b275b7cf,1523.2,4188.8,2,5.5,54.4,27.2,28,"25,46N-00P-21,81K/3,66S",Fertilizantes,2025,2025-08-05 00:00:00+00,G01,L02 LOTE LOS MANGOS,2025
459a6e5a,4165db3b,cc210393,49.34,65.79,0.15,0.2,3.86,25.7,12.8,CatheClean,Agroquímicos,2025,2025-06-08 00:00:00+00,G05,L08 LOTE RAMIREZ A,2025
45c33ab9,4df2e814,2a279588,278.77,278.77,0.06,0.06,1.56,26,178.7,MyCossed,Agroquímicos,2025,2025-06-05 00:00:00+00,G03,L08 EL DESQUITE B,2025
45c673cb,3ce5df03,50ea012e,264,264,3,3,60,20,4.4,Alfasato 48 SL (glifosato),Agroquímicos,2025,2025-05-29 00:00:00+00,P06,L03 LOTE-03 A,2025
45d519cb,5ff59454,de256ae0,59.1,453.9,1,2,6.64,6.64,8.9,QuelaTech Micros,Fertilizantes,2025,2025-06-10 00:00:00+00,P09,L13 LOTE SANTACRUZ II-LOTE 5B,2025
45de3a93,86318bfe,2a279588,82.02,109.36,0.045,0.06,0.46,10.2,178.7,MyCossed,Agroquímicos,2025,2025-05-27 00:00:00+00,G04,L03 LOTE LOMA AMARILLA,2025
45f20403,dbaf4ca4,2a279588,48.25,240.17,0.09,0.06,0.27,3,178.7,MyCossed,Agroquímicos,2025,2025-05-14 00:00:00+00,P09,L14 LOTE SANTACRUZ II-LOTE 6A,2025
45f52465,76a145df,bdac1da2,1728,0,1,0,9.6,9.6,180,Cal dolomítica,Enmienda,2025,2025-05-06 00:00:00+00,G01,L01 LOTE DETRÁS DE LA CASA OESTE,2025
45fff215,eeed4085,de256ae0,307.05,614.1,1,2,34.5,34.5,8.9,QuelaTech Micros,Fertilizantes,2025,2025-06-17 00:00:00+00,P08,L01 LOTE-01,2025
4604f88d,0d17835d,79e8c679,345.24,723.24,4,4,54.8,13.7,6.3,Pasto: Brachiara Ruziziensis,Semillas,2025,2025-08-15 00:00:00+00,G05,L09 LOTE RAMIREZ B,2025
460757dd,4144f79e,8a4ab665,370.06,222.04,0.2,0.12,5.94,29.7,62.3,Eminente 45 WG,Agroquímicos,2025,2025-06-26 00:00:00+00,P11,L05 LOTE 7B,2025
4616f083,961a3693,790b615c,110.77,0,0.5,0,11.2,22.4,9.89,Yamur 25EW,Agroquímicos,2025,2025-06-22 00:00:00+00,P03,L08 LOTE L2B,2025
461d2c47,5b713d1f,cc210393,44.8,89.6,0.1,0.2,3.5,35,12.8,CatheClean,Agroquímicos,2025,2025-07-30 00:00:00+00,P03,L06 LOS CACHICAMOS,2025
4638514a,3d2def45,79e8c679,599.76,1134,4,4,95.2,23.8,6.3,Pasto: Brachiara Ruziziensis,Semillas,2025,2025-07-14 00:00:00+00,G02,L03 LOTE IGUANITAS,2025
4648dc50,3794b44d,ebc8d614,1337.67,1560.62,3,3.5,50.1,16.7,26.7,"Nitro Evolution: 40-00-00/5,76S",Fertilizantes,2025,2025-08-05 00:00:00+00,G04,L01 LOTE CIRUELA ABAJO,2025
46613348,6fe3bb6b,44237940,179.4,134.55,2,1.5,46,23,3.9,Alfaxone Super 20 SL,Agroquímicos,2025,2025-07-16 00:00:00+00,P03,L16 LOTE LOS MANGOS,2025
467bec3a,81f8c03d,cc210393,25.2,45.82,0.11,0.2,1.97,17.9,12.8,CatheClean,Agroquímicos,2025,2025-08-20 00:00:00+00,P09,"L17 LOTE SANTACRUZ II-LOTE 11, 12 Y 13",2025
467d2cf3,118dadb8,50ea012e,232.32,232.32,3,3,52.8,17.6,4.4,Alfasato 48 SL (glifosato),Agroquímicos,2025,2025-05-15 00:00:00+00,G01,L11 LOTE EL DRAGAL 4-1,2025
46944857,6643d357,c2541310,77.56,116.33,0.2,0.3,4.6,23,16.86,Alfamilo 90SP,Agroquímicos,2025,2025-06-30 00:00:00+00,P03,L16 LOTE LOS MANGOS,2025
46d808b5,aef734e7,b6a9d42e,2436,3494.4,1.5,1.3,17.4,11.6,140,Maíz: Danac-029 c/fortenza duo,Semillas,2025,2025-06-01 00:00:00+00,P09,L01 LOTE SANTACRUZ I-LOTE 1,2025
46da405a,2f8145a4,ebc8d614,1815.6,2523.15,4,3.5,68,17,26.7,"Nitro Evolution: 40-00-00/5,76S",Fertilizantes,2025,2025-06-26 00:00:00+00,P11,L03 LOTE-06,2025
4703d46c,75d675a6,3072d084,747.76,560.82,2,1.5,52,26,14.38,Gadriano 30 OD,Agroquímicos,2025,2025-05-28 00:00:00+00,C01,PERLA LOTE 04,2025
47072b7f,5bc82c91,c2541310,59.35,89.02,0.2,0.3,3.52,17.6,16.86,Alfamilo 90SP,Agroquímicos,2025,2025-06-25 00:00:00+00,P03,L18 LOTE LA LAGUNA,2025
471fe4cb,5f18b82f,8a4ab665,183.16,222.04,0.2,0.12,2.94,14.7,62.3,Eminente 45 WG,Agroquímicos,2025,2025-07-12 00:00:00+00,P03,L11 LOTE L2D2,2025
4725ec6c,6cf65d8a,73a629e4,156.83,313.65,0.5,1,7.5,15,20.91,Jupiter 25 EC (piraclostrobina),Agroquímicos,2025,2025-06-20 00:00:00+00,C01,L11 LOTE PATRIX,2025
47310b2f,3ed354a1,cc210393,66.3,66.3,0.2,0.2,5.18,25.9,12.8,CatheClean,Agroquímicos,2025,2025-05-29 00:00:00+00,P07,L03 LOTE 3C,2025
47520282,eebfd618,bca12c05,129.85,0,0.1,0,3.86,38.6,33.64,Alfasystin,Agroquímicos,2025,2025-06-21 00:00:00+00,G06,L02 LA REPRESA LOTE A,2025
476654f5,fa7195fb,2a279588,130.81,130.81,0.06,0.06,0.73,12.2,178.7,MyCossed,Agroquímicos,2025,2025-05-29 00:00:00+00,P07,L04 LOTE 3D,2025
47a6af80,532efaf0,cc210393,74.5,74.5,0.2,0.2,5.82,29.1,12.8,CatheClean,Agroquímicos,2025,2025-06-05 00:00:00+00,G02,L04 LOS BECERROS,2025
47ace6ea,b34d8245,f886ec2d,47.1,78.49,0.3,0.5,8.61,28.7,5.47,"SoloPasto 30,41SL (plicorán+2,4D)",Agroquímicos,2025,2025-06-11 00:00:00+00,G05,L06 LOTE LOMA 2,2025
47d1e27c,89fd8d63,b57fd6f9,3836.3,0,45,,211.95,4.71,18.1,Agripega 100,Agroquímicos,2025,2025-07-10 00:00:00+00,P09,L15 LOTE SANTACRUZ II-LOTE 6B,2025
47d5cd75,a36301ed,ebc8d614,2298.87,2682.02,3,3.5,86.1,28.7,26.7,"Nitro Evolution: 40-00-00/5,76S",Fertilizantes,2025,2025-07-14 00:00:00+00,G05,L06 LOTE LOMA 2,2025
47dfcbf0,89d5b9ef,b6a9d42e,3640,3640,1.3,1.3,26,20,140,Maíz: Danac-029 c/fortenza duo,Semillas,2025,2025-06-07 00:00:00+00,G03,L12 LOTE LOS CARO-02 A,2025
47ffec5b,5f6e8082,b275b7cf,1232,3542,4,5.5,44,11,28,"25,46N-00P-21,81K/3,66S",Fertilizantes,2025,2025-08-05 00:00:00+00,P03,L09 LOTE L2C,2025
48225cf7,a5590190,de6596dc,17.82,100.1,0.045,0.065,0.41,9,44,Grafito,Semillas,2025,2025-07-09 00:00:00+00,P03,L06 LOS CACHICAMOS,2025
482cabda,143b3b07,c2541310,38.1,114.31,0.1,0.3,2.26,22.6,16.86,Alfamilo 90SP,Agroquímicos,2025,2025-06-08 00:00:00+00,G03,L07 EL DESQUITE A,2025
48475bfc,89fd8d63,8a4ab665,45.23,136.06,0.2,0.12,0.73,3.63,62.3,Eminente 45 WG,Agroquímicos,2025,2025-06-14 00:00:00+00,P09,L15 LOTE SANTACRUZ II-LOTE 6B,2025
487c2c64,c928a5e1,c1d751bb,162000,340.2,100,0.2,2000,20,81,Bacillus Thuringiensis,Agroquímicos,2025,2025-05-28 00:00:00+00,C01,PERLA LOTE 01,2025
4891215a,0c532a11,b46d6dc9,1609.3,1609.3,7,7,38.5,5.5,41.8,"4,28N-18,52P-17,12K/5,51S+6,1MgO+0,68B+2,28Zn",Fertilizantes,2025,2025-05-22 00:00:00+00,G01,L07 LOTE EL DRAGAL 1-1,2025
48da549d,6c6db3b3,b6a9d42e,5460,4732,1.5,1.3,39,26,140,Maíz: Danac-029 c/fortenza duo,Semillas,2025,2025-05-19 00:00:00+00,P03,L13 LOTE LAS 50 B LOTE,2025
4916bd62,cbe728e9,b6a9d42e,1260,1092,1.5,1.3,9,6,140,Maíz: Danac-029 c/fortenza duo,Semillas,2025,2025-06-24 00:00:00+00,P03,L19 LOTE L2F,2025
491b1b77,074e411c,73a629e4,104.55,209.1,0.5,1,5,10,20.91,Jupiter 25 EC (piraclostrobina),Agroquímicos,2025,2025-06-18 00:00:00+00,G01,L10 LOTE EL DRAGAL 3-1,2025
4923b6bb,81f8c03d,8a4ab665,223.03,133.82,0.2,0.12,3.58,17.9,62.3,Eminente 45 WG,Agroquímicos,2025,2025-08-20 00:00:00+00,P09,"L17 LOTE SANTACRUZ II-LOTE 11, 12 Y 13",2025
494ce4d6,b264931c,c2541310,40.97,122.91,0.1,0.3,2.43,24.3,16.86,Alfamilo 90SP,Agroquímicos,2025,2025-06-12 00:00:00+00,G03,L06 CASA DE TABLA ARRIBA B,2025
497a9339,edd5287b,f886ec2d,164.1,83.42,1.5,0.5,30,20,5.47,"SoloPasto 30,41SL (plicorán+2,4D)",Agroquímicos,2025,2025-06-22 00:00:00+00,P03,L15 LOTE LAS 60 B,2025
498d5af8,085455ac,f886ec2d,86.97,97.37,0.5,0.5,15.9,31.8,5.47,"SoloPasto 30,41SL (plicorán+2,4D)",Agroquímicos,2025,2025-07-06 00:00:00+00,P09,L11 LOTE SANTACRUZ II-LOTE 3,2025
49a6a75b,2bd81b9e,b275b7cf,3864,5313,4,5.5,138,34.5,28,"25,46N-00P-21,81K/3,66S",Fertilizantes,2025,2025-06-19 00:00:00+00,P08,L01 LOTE-01,2025
49aece74,dc201760,bdac1da2,1026,0,1,0,5.7,5.7,180,Cal dolomítica,Enmienda,2025,2025-04-30 00:00:00+00,G04,L04 LOTE LOMA BARRIGA,2025
49ba3d00,f82684d3,de6596dc,42.9,82.08,0.065,0.065,0.98,15,44,Grafito,Semillas,2025,2025-07-18 00:00:00+00,G05,L09 LOTE RAMIREZ B,2025
49d6cc58,9cf0705e,f886ec2d,27.35,54.43,0.5,0.5,5,10,5.47,"SoloPasto 30,41SL (plicorán+2,4D)",Agroquímicos,2025,2025-05-08 00:00:00+00,P09,L10 LOTE SANTACRUZ II-LOTE 2B,2025
49e02a17,04fc938f,cc210393,44.03,44.03,0.2,0.2,3.44,17.2,12.8,CatheClean,Agroquímicos,2025,2025-05-04 00:00:00+00,P04,L05 LOTE 25 ha B,2025
49ece808,81f8c03d,d73f9b82,0,0,1,,17.9,17.9,,Alfavin,Agroquímicos,2025,2025-08-20 00:00:00+00,P09,"L17 LOTE SANTACRUZ II-LOTE 11, 12 Y 13",2025
49ff1e18,eeed4085,c2541310,116.33,174.5,0.2,0.3,6.9,34.5,16.86,Alfamilo 90SP,Agroquímicos,2025,2025-06-17 00:00:00+00,P08,L01 LOTE-01,2025
4a06dabc,a84f7596,3072d084,675.86,506.9,2,1.5,47,23.5,14.38,Gadriano 30 OD,Agroquímicos,2025,2025-08-11 00:00:00+00,G05,L07 LOTE MATA PALO,2025
4a2cd9f2,02e559d1,b46d6dc9,2332.44,2721.18,6,7,55.8,9.3,41.8,"4,28N-18,52P-17,12K/5,51S+6,1MgO+0,68B+2,28Zn",Fertilizantes,2025,2025-06-03 00:00:00+00,G03,L01 LOTE ALFARERO A,2025
4a550389,530a985d,8a4ab665,150.77,90.46,0.2,0.12,2.42,12.1,62.3,Eminente 45 WG,Agroquímicos,2025,2025-07-22 00:00:00+00,P03,L17 LOTE EL CUADRITO,2025
4a826514,187cd574,44237940,81.9,76.64,3,1.5,21,7,3.9,Alfaxone Super 20 SL,Agroquímicos,2025,2025-08-20 00:00:00+00,G05,L04 LOTE LOCACIÓN A,2025
4ac2da92,315ae872,c2541310,117.6,141.12,0.25,0.3,6.98,27.9,16.86,Alfamilo 90SP,Agroquímicos,2025,2025-07-04 00:00:00+00,G07,L03 LOTE VICTORIERO 1B,2025
4af077ef,4df173a8,de256ae0,307.05,614.1,1,2,34.5,34.5,8.9,QuelaTech Micros,Fertilizantes,2025,2025-07-01 00:00:00+00,P08,L01 LOTE-01,2025
4aff7e7f,79914438,50ea012e,75.24,75.24,3,3,17.1,5.7,4.4,Alfasato 48 SL (glifosato),Agroquímicos,2025,2025-05-26 00:00:00+00,G04,L04 LOTE LOMA BARRIGA,2025
4b010a82,47485fad,ebc8d614,1168.13,1401.75,3.5,3.5,43.75,12.5,26.7,"Nitro Evolution: 40-00-00/5,76S",Fertilizantes,2025,2025-07-09 00:00:00+00,P06,L05 LOTE-03 C,2025
4b2d74db,849d2fa7,73a629e4,366.97,733.94,0.5,1,17.55,35.1,20.91,Jupiter 25 EC (piraclostrobina),Agroquímicos,2025,2025-06-17 00:00:00+00,P08,L02 LOTE-02,2025
4b37c9a4,198b229f,e1ff11f4,0,0,1000,1,17600,17.6,,Pase de rastra,Enmienda,2025,2025-05-08 00:00:00+00,G01,L11 LOTE EL DRAGAL 4-1,2025
4b4c0e03,d6693528,e1ff11f4,0,0,1,1,15,15,,Pase de rastra,Enmienda,2025,2025-05-15 00:00:00+00,G05,L03 LOTE LA PIEDRA,2025
4b592a6e,e6561ac0,cc210393,30.21,30.21,0.2,0.2,2.36,11.8,12.8,CatheClean,Agroquímicos,2025,2025-07-08 00:00:00+00,P06,L02 LOTE-02,2025
4b5e09ae,0d3529c9,b6a9d42e,2147.6,2147.6,1.3,1.3,15.34,11.8,140,Maíz: Danac-029 c/fortenza duo,Semillas,2025,2025-06-04 00:00:00+00,P06,L02 LOTE-02,2025
4b673b0b,8dcba222,7a071d0e,972.4,0,1.3,0,4.42,3.4,220,Lucino,Semillas,2025,2025-05-25 00:00:00+00,G01,L03 LOTE DETRÁS DE LA CASA B,2025
4b6eef1a,8c9ab3f4,cc210393,27.14,54.27,0.1,0.2,2.12,21.2,12.8,CatheClean,Agroquímicos,2025,2025-08-20 00:00:00+00,G04,L02 LOTE CIRUELA ARRIBA,2025
4b74a7f9,2bebc7a2,bdac1da2,1674,0,1,0,9.3,9.3,180,Cal dolomítica,Enmienda,2025,2025-05-06 00:00:00+00,G01,L04 LOTE EL DRAGAL 2B,2025
4b7cf138,8423bd85,2a279588,168.34,318.44,0.06,0.06,0.94,15.7,178.7,MyCossed,Agroquímicos,2025,2025-06-30 00:00:00+00,P03,L11 LOTE L2D2,2025
4b7d42c7,bcd075db,c1d751bb,119.07,238.14,0.1,0.2,1.47,14.7,81,Bacillus Thuringiensis,Agroquímicos,2025,2025-07-06 00:00:00+00,G05,L05 LOTE LOMA 1,2025
4b7f0deb,6643d357,b6a9d42e,4830,4186,1.5,1.3,34.5,23,140,Maíz: Danac-029 c/fortenza duo,Semillas,2025,2025-06-30 00:00:00+00,P03,L16 LOTE LOS MANGOS,2025
4b8f856e,6467446f,50ea012e,626.56,469.92,4,3,142.4,35.6,4.4,Alfasato 48 SL (glifosato),Agroquímicos,2025,2025-05-25 00:00:00+00,P09,L11 LOTE SANTACRUZ II-LOTE 3,2025
4b923329,532efaf0,50ea012e,256.08,384.12,2,3,58.2,29.1,4.4,Alfasato 48 SL (glifosato),Agroquímicos,2025,2025-06-05 00:00:00+00,G02,L04 LOS BECERROS,2025
4b9b4f2f,1515a7f7,b46d6dc9,7812.42,7812.42,7,7,186.9,26.7,41.8,"4,28N-18,52P-17,12K/5,51S+6,1MgO+0,68B+2,28Zn",Fertilizantes,2025,2025-06-01 00:00:00+00,G03,L02 LOTE ALFARERO B,2025
4bc43739,0efcddbe,ebc8d614,1174.8,2149.35,4,3.5,44,11,26.7,"Nitro Evolution: 40-00-00/5,76S",Fertilizantes,2025,2025-08-20 00:00:00+00,P03,L09 LOTE L2C,2025
4bd97184,31d77e07,c8ffca92,9.36,9.36,0.05,0.05,1.17,23.4,8,Trampa de feromonas,Agroquímicos,2025,2025-07-02 00:00:00+00,G03,L05 CASA DE TABLA ARRIBA A,2025
4bf208cd,ce3e1ff1,b275b7cf,1120,3080,2,5.5,40,20,28,"25,46N-00P-21,81K/3,66S",Fertilizantes,2025,2025-08-05 00:00:00+00,G01,L12 LOTE EL MANGO B,2025
4c2f1fea,f45933a5,73a629e4,57.5,401.47,0.5,1,2.75,5.5,20.91,Jupiter 25 EC (piraclostrobina),Agroquímicos,2025,2025-06-05 00:00:00+00,P09,L01 LOTE SANTACRUZ I-LOTE 1,2025
4c4117c9,0eda3460,50ea012e,308.88,308.88,3,3,70.2,23.4,4.4,Alfasato 48 SL (glifosato),Agroquímicos,2025,2025-06-12 00:00:00+00,G03,L05 CASA DE TABLA ARRIBA A,2025
4c4f566a,a074e168,f886ec2d,53.33,53.33,0.5,0.5,9.75,19.5,5.47,"SoloPasto 30,41SL (plicorán+2,4D)",Agroquímicos,2025,2025-06-11 00:00:00+00,G03,L03 LOTE ALFARERO D,2025
4c90f34c,6db73a05,cc210393,19.2,51.2,0.2,0.2,1.5,7.5,12.8,CatheClean,Agroquímicos,2025,2025-08-19 00:00:00+00,G03,L12 LOTE LOS CARO-02 A,2025
4c91abfd,73647008,50ea012e,132,211.2,4,3,30,7.5,4.4,Alfasato 48 SL (glifosato),Agroquímicos,2025,2025-06-10 00:00:00+00,P03,L04 LA NEGRA,2025
4cbfc886,96fe8df2,bca12c05,176.61,0,0.25,0,5.25,21,33.64,Alfasystin,Agroquímicos,2025,2025-08-21 00:00:00+00,G03,L04 LOTE ARBOLOTE ARRIBA A,2025
4cd72716,9c3eab7f,79e8c679,446.04,446.04,4,4,70.8,17.7,6.3,Pasto: Brachiara Ruziziensis,Semillas,2025,2025-07-03 00:00:00+00,G01,L06 LOTE EL DRAGAL 4B,2025
4d1af890,1eacb470,ebc8d614,1607.34,1607.34,3.5,3.5,60.2,17.2,26.7,"Nitro Evolution: 40-00-00/5,76S",Fertilizantes,2025,2025-07-02 00:00:00+00,P04,L05 LOTE 25 ha B,2025
4d3dcc8a,f7c1484c,f886ec2d,67.01,75.21,0.5,0.5,12.25,24.5,5.47,"SoloPasto 30,41SL (plicorán+2,4D)",Agroquímicos,2025,2025-05-23 00:00:00+00,P09,L06 LOTE SANTACRUZ I-LOTE 6A,2025
4d42d756,b983f2fb,c2541310,38.01,69.29,0.45,0.3,2.25,5.01,16.86,Alfamilo 90SP,Agroquímicos,2025,2025-07-25 00:00:00+00,P08,L07 LOTE 3B 2,2025
4d48098f,c164e4de,de256ae0,315.06,315.06,2,2,35.4,17.7,8.9,QuelaTech Micros,Fertilizantes,2025,2025-07-31 00:00:00+00,G01,L06 LOTE EL DRAGAL 4B,2025
4d4c954e,f8103c83,50ea012e,172.92,172.92,3,3,39.3,13.1,4.4,Alfasato 48 SL (glifosato),Agroquímicos,2025,2025-06-16 00:00:00+00,G05,L04 LOTE LOCACIÓN A,2025
4d58f306,3fffca01,5438a6c7,97.8,0,0.1,,1.63,16.3,60,BTKIMAX PLUS PM,Agroquímicos,2025,2025-07-04 00:00:00+00,G07,L05 LOTE VICTORIERO 1D,2025
4d831389,8ddb1a3d,de256ae0,264.33,528.66,1,2,29.7,29.7,8.9,QuelaTech Micros,Fertilizantes,2025,2025-06-26 00:00:00+00,P11,L05 LOTE 7B,2025
4d89a975,d46f60fe,c1d751bb,132.03,264.06,0.1,0.2,1.63,16.3,81,Bacillus Thuringiensis,Agroquímicos,2025,2025-06-20 00:00:00+00,P04,L03 LOTE-03,2025
4d8eeaa9,506fd1c5,2a279588,103.65,195.14,0.068,0.06,0.58,8.53,178.7,MyCossed,Agroquímicos,2025,2025-06-10 00:00:00+00,P09,L15 LOTE SANTACRUZ II-LOTE 6B,2025
4da45c03,e2629385,3072d084,258.84,487.48,1.5,1.5,18,12,14.38,Gadriano 30 OD,Agroquímicos,2025,2025-07-07 00:00:00+00,C02,L02 LOTE ARENERO 2 LOTE-01,2025
4dacbd7c,ae5d126e,ebc8d614,1676.76,2775.47,4,3.5,62.8,15.7,26.7,"Nitro Evolution: 40-00-00/5,76S",Fertilizantes,2025,2025-08-05 00:00:00+00,P03,L11 LOTE L2D2,2025
4db5ba4c,1a7128e5,c1d751bb,93.96,311.04,0.1,0.2,1.16,11.6,81,Bacillus Thuringiensis,Agroquímicos,2025,2025-07-06 00:00:00+00,P09,L01 LOTE SANTACRUZ I-LOTE 1,2025
4dbf6fe5,3b3ab51d,d73f9b82,0,0,1,,16.7,16.7,,Alfavin,Agroquímicos,2025,2025-08-20 00:00:00+00,G04,L01 LOTE CIRUELA ABAJO,2025
4dc0684c,ffb3ea09,2a279588,182.27,242.32,0.06,0.06,1.02,17,178.7,MyCossed,Agroquímicos,2025,2025-06-08 00:00:00+00,C02,L02 LOTE ARENERO 2 LOTE-01,2025
4dc31fb6,99f430db,b275b7cf,1450.4,3988.6,2,5.5,51.8,25.9,28,"25,46N-00P-21,81K/3,66S",Fertilizantes,2025,2025-08-05 00:00:00+00,P07,L03 LOTE 3C,2025
4ddd6206,f95dcf4f,c2541310,24.28,72.84,0.1,0.3,1.44,14.4,16.86,Alfamilo 90SP,Agroquímicos,2025,2025-05-20 00:00:00+00,P11,L07 LOTE-08,2025
4e00d2d7,9e3f5aaf,b46d6dc9,4652.34,4652.34,7,7,111.3,15.9,41.8,"4,28N-18,52P-17,12K/5,51S+6,1MgO+0,68B+2,28Zn",Fertilizantes,2025,2025-06-16 00:00:00+00,G05,L02 LOTE COCO LOMA GRANDE,2025
4e09a5e6,6cf65d8a,c1d751bb,105300,243,100,0.2,1300,13,81,Bacillus Thuringiensis,Agroquímicos,2025,2025-06-16 00:00:00+00,C01,L11 LOTE PATRIX,2025
4e30ca81,7d18e1c1,73a629e4,179.83,359.65,0.5,1,8.6,17.2,20.91,Jupiter 25 EC (piraclostrobina),Agroquímicos,2025,2025-06-20 00:00:00+00,P04,L05 LOTE 25 ha B,2025
4e4cf9df,a7f32ff1,ebc8d614,726.24,635.46,4,3.5,27.2,6.8,26.7,"Nitro Evolution: 40-00-00/5,76S",Fertilizantes,2025,2025-07-16 00:00:00+00,P03,L07 LOTE L2A,2025
4e509c82,a9d222c8,0edac71f,1490.78,0,8,,42.4,5.3,35.16,"4N-17,4P-22,4K/4,6S+5,2MgO+0,68B+1,7Zn",Fertilizantes,2025,2025-07-03 00:00:00+00,P03,L09 LOTE L2C,2025
4e73fc19,d8b706d7,d19aa794,160.51,0,0.3,,5.37,17.9,29.89,Super Barre 55 EC,Agroquímicos,2025,2025-07-08 00:00:00+00,P05,L01 LOTE EL PALMAR 1,2025
4e78ce9f,20af0819,cc210393,48.64,48.64,0.2,0.2,3.8,19,12.8,CatheClean,Agroquímicos,2025,2025-05-21 00:00:00+00,P03,L10 LOTE L2D1,2025
4e7b86f9,4659a628,de6596dc,2.92,72.93,0.01,0.065,0.07,6.64,44,Grafito,Semillas,2025,2025-07-10 00:00:00+00,P09,L13 LOTE SANTACRUZ II-LOTE 5B,2025
4e860e4e,a4415b22,790b615c,159.23,0,0.5,0,16.1,32.2,9.89,Yamur 25EW,Agroquímicos,2025,2025-07-11 00:00:00+00,G07,L04 LOTE VICTORIERO 1C,2025
4e939b9a,cab978a9,f886ec2d,30.36,50.6,0.3,0.5,5.55,18.5,5.47,"SoloPasto 30,41SL (plicorán+2,4D)",Agroquímicos,2025,2025-06-11 00:00:00+00,G05,L03 LOTE LA PIEDRA,2025
4e94a028,625fec76,8a4ab665,261.66,157,0.2,0.12,4.2,21,62.3,Eminente 45 WG,Agroquímicos,2025,2025-07-13 00:00:00+00,G03,L04 LOTE ARBOLOTE ARRIBA A,2025
4ea172ad,7b66a3e8,c8ffca92,5.24,5.24,0.05,0.05,0.66,13.1,8,Trampa de feromonas,Agroquímicos,2025,2025-07-07 00:00:00+00,G05,L04 LOTE LOCACIÓN A,2025
4ea2e390,b7535af1,de6596dc,42.9,128.7,0.065,0.065,0.98,15,44,Grafito,Semillas,2025,2025-06-18 00:00:00+00,G02,L03 LOTE IGUANITAS,2025
4eabd335,1e619ca3,b275b7cf,2340.8,3218.6,4,5.5,83.6,20.9,28,"25,46N-00P-21,81K/3,66S",Fertilizantes,2025,2025-07-01 00:00:00+00,P05,L02 LOTE EL PALMAR 2,2025
4edea06b,c928a5e1,cc210393,192,53.76,0.75,0.2,15,20,12.8,CatheClean,Agroquímicos,2025,2025-05-28 00:00:00+00,C01,PERLA LOTE 01,2025
4ee2b1b4,29be7f7b,bdac1da2,46080,0,12.8,0,256,20,180,Cal dolomítica,Enmienda,2025,2025-05-22 00:00:00+00,G02,L02 LOTE EL TANQUE-B,2025
4ee2ede1,89fd8d63,b57fd6f9,69.48,0,0.45,,3.84,8.53,18.1,Agripega 100,Agroquímicos,2025,2025-07-10 00:00:00+00,P09,L15 LOTE SANTACRUZ II-LOTE 6B,2025
4efb4077,c042fc61,b275b7cf,0,2494.8,4,5.5,0,,28,"25,46N-00P-21,81K/3,66S",Fertilizantes,2025,2025-07-06 00:00:00+00,P09,L12 LOTE SANTACRUZ II-LOTE 5A,2025
4efbab36,39a0237e,b46d6dc9,5637.98,7461.3,8,7,134.88,16.86,41.8,"4,28N-18,52P-17,12K/5,51S+6,1MgO+0,68B+2,28Zn",Fertilizantes,2025,2025-06-01 00:00:00+00,P09,L13 LOTE SANTACRUZ II-LOTE 5B,2025
4f1ba26e,ee4b6c68,73a629e4,166.23,332.47,0.5,1,7.95,15.9,20.91,Jupiter 25 EC (piraclostrobina),Agroquímicos,2025,2025-06-20 00:00:00+00,P04,L04 LOTE 25 ha A,2025
4f2db42f,75d675a6,c1d751bb,210600,421.2,100,0.2,2600,26,81,Bacillus Thuringiensis,Agroquímicos,2025,2025-05-28 00:00:00+00,C01,PERLA LOTE 04,2025
4f3511d5,e6561ac0,bca12c05,99.24,0,0.25,0,2.95,11.8,33.64,Alfasystin,Agroquímicos,2025,2025-07-08 00:00:00+00,P06,L02 LOTE-02,2025
4f36ce19,11d47f6c,73a629e4,37.95,380.56,0.5,1,1.82,3.63,20.91,Jupiter 25 EC (piraclostrobina),Agroquímicos,2025,2025-06-10 00:00:00+00,P09,L15 LOTE SANTACRUZ II-LOTE 6B,2025
4f557919,866ecccc,bdac1da2,1116,0,1,0,6.2,6.2,180,Cal dolomítica,Enmienda,2025,2025-05-07 00:00:00+00,G04,L05 LOTE LOMAS DE MEDANO,2025
4f7c46a6,df8b5fad,b275b7cf,1971.2,2710.4,4,5.5,70.4,17.6,28,"25,46N-00P-21,81K/3,66S",Fertilizantes,2025,2025-08-05 00:00:00+00,G01,L11 LOTE EL DRAGAL 4-1,2025
4fa6cd39,20a02f5d,9316143b,293.04,0,1,,29.1,29.1,10.07,Alfyrinex,Agroquímicos,2025,2025-06-26 00:00:00+00,P11,L06 LOTE 7C,2025
4fac54e5,cd64273b,b275b7cf,3360,4620,4,5.5,120,30,28,"25,46N-00P-21,81K/3,66S",Fertilizantes,2025,2025-08-05 00:00:00+00,P07,L02 LOTE 3B,2025
4fbfe5a5,74a94298,cc210393,38.4,30.72,0.25,0.2,3,12,12.8,CatheClean,Agroquímicos,2025,2025-06-04 00:00:00+00,P06,L01 LOTE-01,2025
4fd246e3,0f2fe728,3072d084,877.18,657.89,2,1.5,61,30.5,14.38,Gadriano 30 OD,Agroquímicos,2025,2025-08-20 00:00:00+00,P03,L15 LOTE LAS 60 B,2025
4fd38a2b,441dad8a,c1d751bb,81,162,0.1,0.2,1,10,81,Bacillus Thuringiensis,Agroquímicos,2025,2025-06-19 00:00:00+00,G01,L09 LOTE EL DRAGAL 3B,2025
4feeb47b,441dad8a,d73f9b82,0,0,1,,10,10,,Alfavin,Agroquímicos,2025,2025-08-12 00:00:00+00,G01,L09 LOTE EL DRAGAL 3B,2025
4ff0c6af,dd57772d,73a629e4,304.24,608.48,0.5,1,14.55,29.1,20.91,Jupiter 25 EC (piraclostrobina),Agroquímicos,2025,2025-06-26 00:00:00+00,P11,L06 LOTE 7C,2025
4ff3d39f,6b426b30,50ea012e,338.58,225.72,4.5,3,76.95,17.1,4.4,Alfasato 48 SL (glifosato),Agroquímicos,2025,2025-06-24 00:00:00+00,P08,L05 LOTE 4A,2025
50062c1a,8ddb1a3d,8a4ab665,370.06,222.04,0.2,0.12,5.94,29.7,62.3,Eminente 45 WG,Agroquímicos,2025,2025-06-26 00:00:00+00,P11,L05 LOTE 7B,2025
501eaecb,635520f0,b275b7cf,1008,4481.4,4,5.5,36,9,28,"25,46N-00P-21,81K/3,66S",Fertilizantes,2025,2025-06-17 00:00:00+00,G02,L04 LOS BECERROS,2025
5036a4f2,15093c22,8a4ab665,262.91,222.04,0.2,0.12,4.22,21.1,62.3,Eminente 45 WG,Agroquímicos,2025,2025-06-09 00:00:00+00,P11,L05 LOTE 7B,2025
503c0bf7,34674699,c2541310,28.66,136.57,0.1,0.3,1.7,17,16.86,Alfamilo 90SP,Agroquímicos,2025,2025-05-29 00:00:00+00,P11,L03 LOTE-06,2025
503d9c9a,a4415b22,73a629e4,336.65,673.3,0.5,1,16.1,32.2,20.91,Jupiter 25 EC (piraclostrobina),Agroquímicos,2025,2025-07-11 00:00:00+00,G07,L04 LOTE VICTORIERO 1C,2025
509afda0,11d47f6c,de256ae0,32.31,323.96,1,2,3.63,3.63,8.9,QuelaTech Micros,Fertilizantes,2025,2025-06-10 00:00:00+00,P09,L15 LOTE SANTACRUZ II-LOTE 6B,2025
50a2fd7a,ee86c3ee,de6596dc,151.8,98.67,0.1,0.065,3.45,34.5,44,Grafito,Semillas,2025,2025-05-30 00:00:00+00,P08,L01 LOTE-01,2025
50a9f099,89fd8d63,aa72374c,221.61,394.03,3,2.5,25.59,8.53,8.66,Pendialfa 50 EC,Agroquímicos,2025,2025-06-10 00:00:00+00,P09,L15 LOTE SANTACRUZ II-LOTE 6B,2025
50b721f5,34674699,aa72374c,368.05,584.55,2.5,2.5,42.5,17,8.66,Pendialfa 50 EC,Agroquímicos,2025,2025-05-29 00:00:00+00,P11,L03 LOTE-06,2025
50b87b59,534cf2b4,bca12c05,241.37,0,0.25,0,7.18,28.7,33.64,Alfasystin,Agroquímicos,2025,2025-08-12 00:00:00+00,G05,L09 LOTE RAMIREZ B,2025
50c05dc1,0c0cff16,bdac1da2,1584,0,1,0,8.8,8.8,180,Cal dolomítica,Enmienda,2025,2025-05-06 00:00:00+00,G01,L05 LOTE EL DRAGAL 2-1,2025
50c12d86,406eedb4,b46d6dc9,5179.02,5179.02,7,7,123.9,17.7,41.8,"4,28N-18,52P-17,12K/5,51S+6,1MgO+0,68B+2,28Zn",Fertilizantes,2025,2025-05-23 00:00:00+00,G01,L06 LOTE EL DRAGAL 4B,2025
50c921d9,78d9c6d7,8a4ab665,191.88,217.55,0.2,0.12,3.08,15.4,62.3,Eminente 45 WG,Agroquímicos,2025,2025-06-09 00:00:00+00,P11,L06 LOTE 7C,2025
50d40bfb,45881120,cc210393,40.7,40.7,0.2,0.2,3.18,15.9,12.8,CatheClean,Agroquímicos,2025,2025-05-06 00:00:00+00,P04,L04 LOTE 25 ha A,2025
50e349a2,72b9d8a8,2a279588,160.83,214.44,0.045,0.06,0.9,20,178.7,MyCossed,Agroquímicos,2025,2025-05-19 00:00:00+00,G01,L12 LOTE EL MANGO B,2025
5100785c,30dbc879,cc210393,25.47,72.45,0.1,0.2,1.99,19.9,12.8,CatheClean,Agroquímicos,2025,2025-06-21 00:00:00+00,G06,L03 LA REPRESA LOTE B,2025
5103c386,81f8c03d,c2541310,75.45,90.54,0.25,0.3,4.48,17.9,16.86,Alfamilo 90SP,Agroquímicos,2025,2025-08-20 00:00:00+00,P09,"L17 LOTE SANTACRUZ II-LOTE 11, 12 Y 13",2025
51451a90,f73d0313,b6a9d42e,2220.4,2220.4,1.3,1.3,15.86,12.2,140,Maíz: Danac-029 c/fortenza duo,Semillas,2025,2025-05-29 00:00:00+00,P07,L04 LOTE 3D,2025
514aded1,9bab096a,de6596dc,52.91,52.91,0.065,0.065,1.2,18.5,44,Grafito,Semillas,2025,2025-06-18 00:00:00+00,G05,L03 LOTE LA PIEDRA,2025
5166e5cc,f45933a5,3072d084,28.26,414.14,1.5,1.5,1.97,1.31,14.38,Gadriano 30 OD,Agroquímicos,2025,2025-05-25 00:00:00+00,P09,L01 LOTE SANTACRUZ I-LOTE 1,2025
5167bd0e,5d5724d9,73a629e4,203.87,407.75,0.5,1,9.75,19.5,20.91,Jupiter 25 EC (piraclostrobina),Agroquímicos,2025,2025-07-02 00:00:00+00,G03,L03 LOTE ALFARERO D,2025
5185307c,06b1e105,b275b7cf,2262.4,3110.8,4,5.5,80.8,20.2,28,"25,46N-00P-21,81K/3,66S",Fertilizantes,2025,2025-06-26 00:00:00+00,P11,L04 LOTE 7A,2025
519913c5,e77f6ea8,44237940,95.36,95.36,1.5,1.5,24.45,16.3,3.9,Alfaxone Super 20 SL,Agroquímicos,2025,2025-07-18 00:00:00+00,P04,L03 LOTE-03,2025
519d227f,8ad79958,73a629e4,230.01,418.2,1,1,11,11,20.91,Jupiter 25 EC (piraclostrobina),Agroquímicos,2025,2025-05-31 00:00:00+00,G01,L12 LOTE EL MANGO B,2025
51ab5b6c,3f39a2a9,ebc8d614,3310.8,2896.95,4,3.5,124,31,26.7,"Nitro Evolution: 40-00-00/5,76S",Fertilizantes,2025,2025-07-03 00:00:00+00,P03,L05 LAS 50A,2025
51b1924b,cf5cf90e,f886ec2d,61.81,61.81,0.5,0.5,11.3,22.6,5.47,"SoloPasto 30,41SL (plicorán+2,4D)",Agroquímicos,2025,2025-05-21 00:00:00+00,C02,L02 LOTE ARENERO 2 LOTE-01,2025
51b8074c,af07749f,de6596dc,69.08,44.9,0.1,0.065,1.57,15.7,44,Grafito,Semillas,2025,2025-05-16 00:00:00+00,P04,L02 LOTE-02,2025
51f0a2aa,74a94298,c2541310,50.58,60.7,0.25,0.3,3,12,16.86,Alfamilo 90SP,Agroquímicos,2025,2025-06-04 00:00:00+00,P06,L01 LOTE-01,2025
51f22b6f,a6ed95c7,44b881f4,0,0,0.25,,5,20,,KUNG FU MAX,Agroquímicos,2025,2025-07-31 00:00:00+00,G01,L12 LOTE EL MANGO B,2025
51f434c5,4a130cc9,bca12c05,140.45,0,0.25,0,4.18,16.7,33.64,Alfasystin,Agroquímicos,2025,2025-06-19 00:00:00+00,G04,L01 LOTE CIRUELA ABAJO,2025
52375a87,43b00c16,8a4ab665,322.71,193.63,0.2,0.12,5.18,25.9,62.3,Eminente 45 WG,Agroquímicos,2025,2025-06-20 00:00:00+00,P07,L03 LOTE 3C,2025
523a6231,1fb0bcd8,ebc8d614,280.35,2429.7,3.5,3.5,10.5,3,26.7,"Nitro Evolution: 40-00-00/5,76S",Fertilizantes,2025,2025-07-01 00:00:00+00,C01,PERLA LOTE 04,2025
523e7b36,7d8ea755,cc210393,41.73,41.73,0.2,0.2,3.26,16.3,12.8,CatheClean,Agroquímicos,2025,2025-08-20 00:00:00+00,P04,L03 LOTE-03,2025
52586738,41666276,8a4ab665,251.69,151.02,0.2,0.12,4.04,20.2,62.3,Eminente 45 WG,Agroquímicos,2025,2025-06-26 00:00:00+00,P11,L04 LOTE 7A,2025
5264f6fe,78fced7b,bdac1da2,1404,0,0.3,0,7.8,26,180,Cal dolomítica,Enmienda,2025,2025-05-13 00:00:00+00,G03,L08 EL DESQUITE B,2025
5277f650,2d137843,8a4ab665,249.2,149.52,0.2,0.12,4,20,62.3,Eminente 45 WG,Agroquímicos,2025,2025-06-20 00:00:00+00,P06,L03 LOTE-03 A,2025
52946ec1,25449584,ebc8d614,472.59,1485.86,3,3.5,17.7,5.9,26.7,"Nitro Evolution: 40-00-00/5,76S",Fertilizantes,2025,2025-08-11 00:00:00+00,G05,L02 LOTE COCO LOMA GRANDE,2025
52958f90,0e1e38d7,ce31a1fd,2311.4,0,1.3,0,16.51,12.7,140,Maíz: Danac-430 c/fortenza duo,Semillas,2025,2025-06-03 00:00:00+00,G06,L04 LA REPRESA LOTE C,2025
5295f259,05a0a74f,cc210393,9.6,25.6,0.075,0.2,0.75,10,12.8,CatheClean,Agroquímicos,2025,2025-07-31 00:00:00+00,G01,L09 LOTE EL DRAGAL 3B,2025
5297a2c6,7e9ef8b7,bca12c05,90.66,0,0.5,0,2.7,5.39,33.64,Alfasystin,Agroquímicos,2025,2025-07-17 00:00:00+00,P03,L09 LOTE L2C,2025
529e5cf5,b707e5db,cc210393,10.53,91.14,0.11,0.2,0.82,7.48,12.8,CatheClean,Agroquímicos,2025,2025-07-15 00:00:00+00,P09,L11 LOTE SANTACRUZ II-LOTE 3,2025
52a7a7a6,4b36b409,cc210393,68.35,68.35,0.2,0.2,5.34,26.7,12.8,CatheClean,Agroquímicos,2025,2025-08-10 00:00:00+00,G03,L02 LOTE ALFARERO B,2025
52a9e2dc,8b782a25,3072d084,739.99,668.67,1.66,1.5,51.46,31,14.38,Gadriano 30 OD,Agroquímicos,2025,2025-07-03 00:00:00+00,G03,L11 LOTE LA TRINCHERA C,2025
52b5c065,f0f1d440,ebc8d614,1523.24,1523.24,3.5,3.5,57.05,16.3,26.7,"Nitro Evolution: 40-00-00/5,76S",Fertilizantes,2025,2025-07-12 00:00:00+00,G07,L05 LOTE VICTORIERO 1D,2025
52e97bd7,530a985d,de256ae0,107.69,215.38,1,2,12.1,12.1,8.9,QuelaTech Micros,Fertilizantes,2025,2025-07-22 00:00:00+00,P03,L17 LOTE EL CUADRITO,2025
52f5dfb9,81f8c03d,de256ae0,159.31,318.62,1,2,17.9,17.9,8.9,QuelaTech Micros,Fertilizantes,2025,2025-08-20 00:00:00+00,P09,"L17 LOTE SANTACRUZ II-LOTE 11, 12 Y 13",2025
52f68d13,a87660a7,b6a9d42e,6388.2,6388.2,1.3,1.3,45.63,35.1,140,Maíz: Danac-029 c/fortenza duo,Semillas,2025,2025-05-30 00:00:00+00,P08,L02 LOTE-02,2025
530eb871,b983f2fb,b6a9d42e,911.82,2493.4,1.3,1.3,6.51,5.01,140,Maíz: Danac-029 c/fortenza duo,Semillas,2025,2025-07-25 00:00:00+00,P08,L07 LOTE 3B 2,2025
5323a750,ffb3ea09,de6596dc,48.62,64.64,0.065,0.065,1.11,17,44,Grafito,Semillas,2025,2025-06-08 00:00:00+00,C02,L02 LOTE ARENERO 2 LOTE-01,2025
5347df6b,a56e4515,8a4ab665,158.24,124.85,0.2,0.12,2.54,12.7,62.3,Eminente 45 WG,Agroquímicos,2025,2025-06-09 00:00:00+00,P11,L01 LOTE 5A,2025
538037d6,1c0a397c,cc210393,49.59,73.47,0.135,0.2,3.87,28.7,12.8,CatheClean,Agroquímicos,2025,2025-07-06 00:00:00+00,G05,L06 LOTE LOMA 2,2025
538a912c,78d9c6d7,c2541310,49.06,147.19,0.1,0.3,2.91,29.1,16.86,Alfamilo 90SP,Agroquímicos,2025,2025-05-25 00:00:00+00,P11,L06 LOTE 7C,2025
53a2fd21,ca175d5f,9316143b,333.32,0,1,,33.1,33.1,10.07,Alfyrinex,Agroquímicos,2025,2025-08-13 00:00:00+00,G07,L01 LOTE SAMANCITO,2025
53bfd23e,022a84ba,aa72374c,668.99,668.99,2.5,2.5,77.25,30.9,8.66,Pendialfa 50 EC,Agroquímicos,2025,2025-06-06 00:00:00+00,G03,L15 LOTE SALTO DEL MIRA A,2025
53c9e3ad,38fef001,8a4ab665,208.58,208.58,0.12,0.12,3.35,27.9,62.3,Eminente 45 WG,Agroquímicos,2025,2025-07-11 00:00:00+00,G07,L03 LOTE VICTORIERO 1B,2025
53cb486b,530a985d,c1d751bb,98.01,196.02,0.1,0.2,1.21,12.1,81,Bacillus Thuringiensis,Agroquímicos,2025,2025-07-22 00:00:00+00,P03,L17 LOTE EL CUADRITO,2025
53cd8e75,6bea1d79,ebc8d614,654.15,2111.97,3.5,3.5,24.5,7,26.7,"Nitro Evolution: 40-00-00/5,76S",Fertilizantes,2025,2025-07-21 00:00:00+00,C02,L02 LOTE ARENERO 2 LOTE-01,2025
53dd2429,10918a7d,b46d6dc9,9931.68,8690.22,8,7,237.6,29.7,41.8,"4,28N-18,52P-17,12K/5,51S+6,1MgO+0,68B+2,28Zn",Fertilizantes,2025,2025-05-25 00:00:00+00,P11,L05 LOTE 7B,2025
53e805ad,1894b70b,8a4ab665,306.52,183.91,0.2,0.12,4.92,24.6,62.3,Eminente 45 WG,Agroquímicos,2025,2025-07-14 00:00:00+00,G03,L13 LOTE LOS CARO-02 B,2025
53ef7259,64be32af,cc210393,6.4,25.6,0.05,0.2,0.5,10,12.8,CatheClean,Agroquímicos,2025,2025-07-31 00:00:00+00,G01,L10 LOTE EL DRAGAL 3-1,2025
53fbc0fb,a56e4515,cc210393,16.26,42.75,0.1,0.2,1.27,12.7,12.8,CatheClean,Agroquímicos,2025,2025-06-09 00:00:00+00,P11,L01 LOTE 5A,2025
53fe0529,98c8b311,aa72374c,248.37,350.73,3,2.5,28.68,9.56,8.66,Pendialfa 50 EC,Agroquímicos,2025,2025-07-06 00:00:00+00,P09,L12 LOTE SANTACRUZ II-LOTE 5A,2025
54490d66,cbe728e9,f886ec2d,49.23,16.41,1.5,0.5,9,6,5.47,"SoloPasto 30,41SL (plicorán+2,4D)",Agroquímicos,2025,2025-06-23 00:00:00+00,P03,L19 LOTE L2F,2025
546241fd,ea0dce4f,de256ae0,593.27,593.27,2,2,66.66,33.33,8.9,QuelaTech Micros,Fertilizantes,2025,2025-07-03 00:00:00+00,G03,L10 LOTE LA TRINCHERA B,2025
5487d870,2df37ea0,2a279588,44.23,58.97,0.045,0.06,0.25,5.5,178.7,MyCossed,Agroquímicos,2025,2025-05-22 00:00:00+00,G01,L07 LOTE EL DRAGAL 1-1,2025
548fea7f,1a7128e5,bfe0f583,0,0,0.5,0,6,12,,Atrazina,Agroquímicos,2025,2025-07-13 00:00:00+00,P09,L01 LOTE SANTACRUZ I-LOTE 1,2025
54916005,a56e4515,9316143b,40.28,0,1,,4,4,10.07,Alfyrinex,Agroquímicos,2025,2025-07-10 00:00:00+00,P11,L01 LOTE 5A,2025
54a462ca,cdb6a68b,c8ffca92,221.6,12.4,1,0.05,27.7,27.7,8,Trampa de feromonas,Agroquímicos,2025,2025-07-02 00:00:00+00,P03,L03 LOTE LA CASA C,2025
54abcaf5,0b4ed563,b275b7cf,2240,3080,4,5.5,80,20,28,"25,46N-00P-21,81K/3,66S",Fertilizantes,2025,2025-07-09 00:00:00+00,G03,L12 LOTE LOS CARO-02 A,2025
54cd635c,50288144,2a279588,143.03,205.86,0.069,0.06,0.8,11.6,178.7,MyCossed,Agroquímicos,2025,2025-06-01 00:00:00+00,P09,L01 LOTE SANTACRUZ I-LOTE 1,2025
54dd7f19,d7095b11,44237940,91.85,91.85,1.5,1.5,23.55,15.7,3.9,Alfaxone Super 20 SL,Agroquímicos,2025,2025-08-20 00:00:00+00,P04,L02 LOTE-02,2025
54ebc08a,1a296c59,f886ec2d,84.51,84.51,0.5,0.5,15.45,30.9,5.47,"SoloPasto 30,41SL (plicorán+2,4D)",Agroquímicos,2025,2025-06-12 00:00:00+00,G03,L15 LOTE SALTO DEL MIRA A,2025
54ed547a,c5d7dec1,ebc8d614,3204,2803.5,4,3.5,120,30,26.7,"Nitro Evolution: 40-00-00/5,76S",Fertilizantes,2025,2025-08-05 00:00:00+00,P07,L02 LOTE 3B,2025
5527c58c,c8b5eeab,cc210393,4.35,8.7,0.1,0.2,0.34,3.4,12.8,CatheClean,Agroquímicos,2025,2025-06-10 00:00:00+00,G01,L03 LOTE DETRÁS DE LA CASA B,2025
55331d05,b1a26da3,0edac71f,1968.96,0,8,,56,7,35.16,"4N-17,4P-22,4K/4,6S+5,2MgO+0,68B+1,7Zn",Fertilizantes,2025,2025-07-09 00:00:00+00,P03,L15 LOTE LAS 60 B,2025
5540b250,745423ed,9316143b,188.21,0,0.7,,18.69,26.7,10.07,Alfyrinex,Agroquímicos,2025,2025-07-21 00:00:00+00,G03,L02 LOTE ALFARERO B,2025
556d93d4,f45090c5,c8ffca92,12.36,12.36,0.05,0.05,1.55,30.9,8,Trampa de feromonas,Agroquímicos,2025,2025-07-02 00:00:00+00,G03,L15 LOTE SALTO DEL MIRA A,2025
55781dba,5b713d1f,3072d084,747.76,754.95,2,1.5,52,26,14.38,Gadriano 30 OD,Agroquímicos,2025,2025-07-22 00:00:00+00,P03,L06 LOS CACHICAMOS,2025
557afd84,45881120,aa72374c,344.24,344.24,2.5,2.5,39.75,15.9,8.66,Pendialfa 50 EC,Agroquímicos,2025,2025-05-06 00:00:00+00,P04,L04 LOTE 25 ha A,2025
557c171c,bfd1d6e6,cc210393,12.8,51.2,0.05,0.2,1,20,12.8,CatheClean,Agroquímicos,2025,2025-07-31 00:00:00+00,G01,L12 LOTE EL MANGO B,2025
55976964,9bb89eb7,79e8c679,524.16,524.16,4,4,83.2,20.8,6.3,Pasto: Brachiara Ruziziensis,Semillas,2025,2025-07-08 00:00:00+00,G04,L06 LOTE A,2025
55b179f4,584bff09,aa72374c,161.08,201.35,2,2.5,18.6,9.3,8.66,Pendialfa 50 EC,Agroquímicos,2025,2025-05-23 00:00:00+00,G01,L04 LOTE EL DRAGAL 2B,2025
55cb4042,5dc47637,79e8c679,839.92,839.92,4,4,133.32,33.33,6.3,Pasto: Brachiara Ruziziensis,Semillas,2025,2025-07-03 00:00:00+00,G03,L10 LOTE LA TRINCHERA B,2025
55cf68b0,1c128d02,c8ffca92,54.4,2.72,1,0.05,6.8,6.8,8,Trampa de feromonas,Agroquímicos,2025,2025-05-24 00:00:00+00,P03,L07 LOTE L2A,2025
55cfe04d,3087a6ea,ebc8d614,1588.65,1897.04,3.5,3.5,59.5,17,26.7,"Nitro Evolution: 40-00-00/5,76S",Fertilizantes,2025,2025-07-21 00:00:00+00,C02,L01 ARENERO 1 LOTE-02,2025
55eb0cdd,acb3a3e4,cc210393,19.2,60.16,0.075,0.2,1.5,20,12.8,CatheClean,Agroquímicos,2025,2025-06-01 00:00:00+00,C02,L03 RIO 2 LOTE-03,2025
55f9760f,94309307,ebc8d614,2242.8,2710.05,3.5,3.5,84,24,26.7,"Nitro Evolution: 40-00-00/5,76S",Fertilizantes,2025,2025-07-01 00:00:00+00,C01,PERLA LOTE 06,2025
56092fad,32b609b4,cc210393,5.95,23.81,0.05,0.2,0.47,9.3,12.8,CatheClean,Agroquímicos,2025,2025-07-31 00:00:00+00,G01,L04 LOTE EL DRAGAL 2B,2025
560faa94,63446ea7,d73f9b82,0,0,1,,9.3,9.3,,Alfavin,Agroquímicos,2025,2025-08-10 00:00:00+00,G03,L01 LOTE ALFARERO A,2025
563eb1a6,f58bf4d7,ebc8d614,2644.64,2644.64,3.5,3.5,99.05,28.3,26.7,"Nitro Evolution: 40-00-00/5,76S",Fertilizantes,2025,2025-08-06 00:00:00+00,G06,L03 LA REPRESA LOTE B,2025
5648ce41,eff268da,2a279588,203.72,203.72,0.06,0.06,1.14,19,178.7,MyCossed,Agroquímicos,2025,2025-05-19 00:00:00+00,P03,L10 LOTE L2D1,2025
564a7b94,9d3464c6,79e8c679,519.12,519.12,4,4,82.4,20.6,6.3,Pasto: Brachiara Ruziziensis,Semillas,2025,2025-07-11 00:00:00+00,G07,L02 LOTE VICTORIERO 1A,2025
5653db90,7e9ef8b7,de256ae0,47.97,409.4,1,2,5.39,5.39,8.9,QuelaTech Micros,Fertilizantes,2025,2025-07-17 00:00:00+00,P03,L09 LOTE L2C,2025
56612b03,1744932f,50ea012e,316.8,237.6,4,3,72,18,4.4,Alfasato 48 SL (glifosato),Agroquímicos,2025,2025-05-06 00:00:00+00,P09,L09 LOTE SANTACRUZ II-LOTE 2A,2025
5682c4cb,3258064e,cc210393,66.56,66.56,0.2,0.2,5.2,26,12.8,CatheClean,Agroquímicos,2025,2025-07-02 00:00:00+00,G03,L08 EL DESQUITE B,2025
56ad37ec,2475107a,f886ec2d,11.49,19.15,0.3,0.5,2.1,7,5.47,"SoloPasto 30,41SL (plicorán+2,4D)",Agroquímicos,2025,2025-05-12 00:00:00+00,G01,L08 LOTE EL MANGO C,2025
56e78ff4,4b71e39f,b57fd6f9,111.86,0,0.2,,6.18,30.9,18.1,Agripega 100,Agroquímicos,2025,2025-08-11 00:00:00+00,G03,L15 LOTE SALTO DEL MIRA A,2025
56ff479d,786a3acc,f886ec2d,44.31,44.31,0.5,0.5,8.1,16.2,5.47,"SoloPasto 30,41SL (plicorán+2,4D)",Agroquímicos,2025,2025-05-11 00:00:00+00,P09,L12 LOTE SANTACRUZ II-LOTE 5A,2025
5758bab2,37a797d1,cc210393,72,75.01,0.225,0.2,5.63,25,12.8,CatheClean,Agroquímicos,2025,2025-06-02 00:00:00+00,G02,L02 LOTE EL TANQUE-B,2025
575a991e,98c8b311,aa72374c,172.51,350.73,3,2.5,19.92,6.64,8.66,Pendialfa 50 EC,Agroquímicos,2025,2025-05-18 00:00:00+00,P09,L12 LOTE SANTACRUZ II-LOTE 5A,2025
576a24c6,a4b14455,2a279588,299.14,338.82,0.09,0.06,1.67,18.6,178.7,MyCossed,Agroquímicos,2025,2025-06-10 00:00:00+00,P09,L16 LOTE SANTACRUZ II-LOTE 9 Y 10,2025
576ca1ef,02351b92,de6596dc,34.85,50.34,0.045,0.065,0.79,17.6,44,Grafito,Semillas,2025,2025-05-23 00:00:00+00,G01,L11 LOTE EL DRAGAL 4-1,2025
57958c42,e349e9cf,c2541310,48.39,145.16,0.1,0.3,2.87,28.7,16.86,Alfamilo 90SP,Agroquímicos,2025,2025-06-08 00:00:00+00,G05,L09 LOTE RAMIREZ B,2025
579a2b68,83db5ab0,ce31a1fd,6024.2,0,1.3,0,43.03,33.1,140,Maíz: Danac-430 c/fortenza duo,Semillas,2025,2025-07-10 00:00:00+00,G07,L01 LOTE SAMANCITO,2025
579c1fd4,3313081a,61e0f8a6,6205.24,0,1.3,0,26.26,20.2,236.3,Dekalb 410,Semillas,2025,2025-05-25 00:00:00+00,P11,L04 LOTE 7A,2025
57a34493,f82684d3,ce31a1fd,5484.57,0,1.365,0,39.18,28.7,140,Maíz: Danac-430 c/fortenza duo,Semillas,2025,2025-06-08 00:00:00+00,G05,L09 LOTE RAMIREZ B,2025
57a9dda5,db070dbd,ebc8d614,1946.43,2270.84,3,3.5,72.9,24.3,26.7,"Nitro Evolution: 40-00-00/5,76S",Fertilizantes,2025,2025-07-10 00:00:00+00,G03,L06 CASA DE TABLA ARRIBA B,2025
57ac156c,f45933a5,c1d751bb,44.55,311.04,0.1,0.2,0.55,5.5,81,Bacillus Thuringiensis,Agroquímicos,2025,2025-06-05 00:00:00+00,P09,L01 LOTE SANTACRUZ I-LOTE 1,2025
57d8484a,ff59542f,0edac71f,6188.16,0,8,,176,22,35.16,"4N-17,4P-22,4K/4,6S+5,2MgO+0,68B+1,7Zn",Fertilizantes,2025,2025-07-23 00:00:00+00,P03,L14 LOTE LAS 60 A LOTE,2025
57e9ce07,c07bca78,cc210393,97.92,65.28,0.3,0.2,7.65,25.5,12.8,CatheClean,Agroquímicos,2025,2025-05-18 00:00:00+00,P09,L13 LOTE SANTACRUZ II-LOTE 5B,2025
58024cdd,ff59542f,2a279588,235.88,327.02,0.06,0.06,1.32,22,178.7,MyCossed,Agroquímicos,2025,2025-07-23 00:00:00+00,P03,L14 LOTE LAS 60 A LOTE,2025
5815c61a,4623f810,9316143b,55.39,0,1,,5.5,5.5,10.07,Alfyrinex,Agroquímicos,2025,2025-07-31 00:00:00+00,G01,L07 LOTE EL DRAGAL 1-1,2025
581c33d3,1f052b88,3072d084,546.44,409.83,2,1.5,38,19,14.38,Gadriano 30 OD,Agroquímicos,2025,2025-06-23 00:00:00+00,P03,L10 LOTE L2D1,2025
581da6b4,89b9a99d,5438a6c7,120,0,0.1,,2,20,60,BTKIMAX PLUS PM,Agroquímicos,2025,2025-07-08 00:00:00+00,P06,L03 LOTE-03 A,2025
583e5b83,a0155e3d,79e8c679,466.2,466.2,4,4,74,18.5,6.3,Pasto: Brachiara Ruziziensis,Semillas,2025,2025-07-08 00:00:00+00,G05,L03 LOTE LA PIEDRA,2025
5845c727,031febc3,73a629e4,38.37,76.74,0.5,1,1.84,3.67,20.91,Jupiter 25 EC (piraclostrobina),Agroquímicos,2025,2025-07-02 00:00:00+00,G03,L14 LOTE LOS CARO-01,2025
586cedc1,0d6d49b2,bdac1da2,1328.4,0,0.3,0,7.38,24.6,180,Cal dolomítica,Enmienda,2025,2025-05-10 00:00:00+00,G03,L13 LOTE LOS CARO-02 B,2025
587f877d,9082e3ea,de256ae0,161.09,322.18,1,2,18.1,18.1,8.9,QuelaTech Micros,Fertilizantes,2025,2025-06-25 00:00:00+00,P11,L02 LOTE 5B,2025
58cad3c8,e8c7419a,73a629e4,164.14,328.29,0.5,1,7.85,15.7,20.91,Jupiter 25 EC (piraclostrobina),Agroquímicos,2025,2025-06-20 00:00:00+00,P04,L02 LOTE-02,2025
58e5fccb,bb2450aa,e1ff11f4,0,0,2,1,46.8,23.4,,Pase de rastra,Enmienda,2025,2025-06-08 00:00:00+00,G03,L05 CASA DE TABLA ARRIBA A,2025
58fe2164,d87eac82,e1ff11f4,0,0,0,1,0,8,,Pase de rastra,Enmienda,2025,2025-05-20 00:00:00+00,C01,L09 LOTE CASTELLANOS,2025
590f4763,ffb3ea09,b46d6dc9,4974.2,6612.76,7,7,119,17,41.8,"4,28N-18,52P-17,12K/5,51S+6,1MgO+0,68B+2,28Zn",Fertilizantes,2025,2025-06-08 00:00:00+00,C02,L02 LOTE ARENERO 2 LOTE-01,2025
59200f24,0825fce9,b57fd6f9,77.87,0,0.45,,4.3,9.56,18.1,Agripega 100,Agroquímicos,2025,2025-07-11 00:00:00+00,P09,L12 LOTE SANTACRUZ II-LOTE 5A,2025
5923e2a5,adf34f00,de256ae0,283.91,567.82,1,2,31.9,31.9,8.9,QuelaTech Micros,Fertilizantes,2025,2025-06-10 00:00:00+00,P09,L05 LOTE SANTACRUZ I-LOTE 5,2025
59554aea,5d6a7aa7,b6a9d42e,5933.2,5933.2,1.3,1.3,42.38,32.6,140,Maíz: Danac-029 c/fortenza duo,Semillas,2025,2025-06-02 00:00:00+00,G05,L01 LOTE BAJO DE LOMA,2025
596b9491,8f7aaa9d,cc210393,71.68,76.29,0.4,0.2,5.6,14,12.8,CatheClean,Agroquímicos,2025,2025-05-08 00:00:00+00,P13,L01 LOTE 1A,2025
5980bb52,4b36b409,c1d751bb,216.27,432.54,0.1,0.2,2.67,26.7,81,Bacillus Thuringiensis,Agroquímicos,2025,2025-07-02 00:00:00+00,G03,L02 LOTE ALFARERO B,2025
59b2dd42,2a6c53c7,f886ec2d,63.45,79.32,0.4,0.5,11.6,29,5.47,"SoloPasto 30,41SL (plicorán+2,4D)",Agroquímicos,2025,2025-05-10 00:00:00+00,C01,PERLA LOTE 06,2025
59b30c3c,05d03087,cc210393,69.76,55.81,0.25,0.2,5.45,21.8,12.8,CatheClean,Agroquímicos,2025,2025-06-17 00:00:00+00,G03,L09 LOTE LA TRINCHERA A,2025
59c461e0,e26844ba,9316143b,40.28,0,0.5,,4,8,10.07,Alfyrinex,Agroquímicos,2025,2025-07-30 00:00:00+00,P03,L04 LA NEGRA,2025
59dbd3a6,b983f2fb,790b615c,24.77,0,0.5,0,2.51,5.01,9.89,Yamur 25EW,Agroquímicos,2025,2025-07-25 00:00:00+00,P08,L07 LOTE 3B 2,2025
59e208c4,74d132ea,2a279588,214.31,191.92,0.067,0.06,1.2,17.9,178.7,MyCossed,Agroquímicos,2025,2025-06-20 00:00:00+00,P09,"L17 LOTE SANTACRUZ II-LOTE 11, 12 Y 13",2025
59ea5bf0,73647008,aa72374c,162.38,346.4,2.5,2.5,18.75,7.5,8.66,Pendialfa 50 EC,Agroquímicos,2025,2025-06-10 00:00:00+00,P03,L04 LA NEGRA,2025
59ede5ef,15e50ba6,9316143b,93.65,0,1,,9.3,9.3,10.07,Alfyrinex,Agroquímicos,2025,2025-07-31 00:00:00+00,G01,L04 LOTE EL DRAGAL 2B,2025
59ff2456,ac859a14,2a279588,213.37,303.43,0.06,0.06,1.19,19.9,178.7,MyCossed,Agroquímicos,2025,2025-06-02 00:00:00+00,G06,L03 LA REPRESA LOTE B,2025
5a023b7e,b983f2fb,ebc8d614,468.18,1280.27,3.5,3.5,17.54,5.01,26.7,"Nitro Evolution: 40-00-00/5,76S",Fertilizantes,2025,2025-07-25 00:00:00+00,P08,L07 LOTE 3B 2,2025
5a06b58d,d1927426,cc210393,99.99,80.9,0.42,0.2,7.81,18.6,12.8,CatheClean,Agroquímicos,2025,2025-07-06 00:00:00+00,P09,L16 LOTE SANTACRUZ II-LOTE 9 Y 10,2025
5a165d26,6bedb85e,cc210393,56.33,83.46,0.135,0.2,4.4,32.6,12.8,CatheClean,Agroquímicos,2025,2025-07-14 00:00:00+00,G05,L01 LOTE BAJO DE LOMA,2025
5a2b1cca,b5d16af5,de256ae0,391.16,521.54,1.5,2,43.95,29.3,8.9,QuelaTech Micros,Fertilizantes,2025,2025-07-03 00:00:00+00,G02,L02 LOTE EL TANQUE-B,2025
5a4947ee,8c9ab3f4,de256ae0,377.36,377.36,2,2,42.4,21.2,8.9,QuelaTech Micros,Fertilizantes,2025,2025-08-20 00:00:00+00,G04,L02 LOTE CIRUELA ARRIBA,2025
5a4e6d33,e6561ac0,5438a6c7,70.8,0,0.1,,1.18,11.8,60,BTKIMAX PLUS PM,Agroquímicos,2025,2025-07-08 00:00:00+00,P06,L02 LOTE-02,2025
5a6bdbaf,1f052b88,cc210393,29.18,48.64,0.12,0.2,2.28,19,12.8,CatheClean,Agroquímicos,2025,2025-06-23 00:00:00+00,P03,L10 LOTE L2D1,2025
5a726ecf,c0d1f794,cc210393,65.28,53.76,0.2,0.2,5.1,25.5,12.8,CatheClean,Agroquímicos,2025,2025-04-30 00:00:00+00,C01,PERLA LOTE 01,2025
5a84b76f,4669c2d2,de6596dc,92400,60.06,100,0.065,2100,21,44,Grafito,Semillas,2025,2025-05-24 00:00:00+00,C01,PERLA LOTE 01,2025
5ab4091f,b66ffc2e,9316143b,137.46,0,0.7,,13.65,19.5,10.07,Alfyrinex,Agroquímicos,2025,2025-07-18 00:00:00+00,G03,L03 LOTE ALFARERO D,2025
5ae80608,73647008,f886ec2d,41.03,43.76,1,0.5,7.5,7.5,5.47,"SoloPasto 30,41SL (plicorán+2,4D)",Agroquímicos,2025,2025-06-10 00:00:00+00,P03,L04 LA NEGRA,2025
5aeed659,e63d810e,cc210393,17.54,74.5,0.1,0.2,1.37,13.7,12.8,CatheClean,Agroquímicos,2025,2025-06-09 00:00:00+00,P11,L06 LOTE 7C,2025
5b182a94,8f7aaa9d,f886ec2d,21.88,81.5,0.5,0.5,4,8,5.47,"SoloPasto 30,41SL (plicorán+2,4D)",Agroquímicos,2025,2025-05-19 00:00:00+00,P13,L01 LOTE 1A,2025
5b1a9c8b,05298cd5,f886ec2d,34.73,45.67,0.5,0.5,6.35,12.7,5.47,"SoloPasto 30,41SL (plicorán+2,4D)",Agroquímicos,2025,2025-05-13 00:00:00+00,P11,L01 LOTE 5A,2025
5b228787,903ff0c7,de6596dc,42.06,46.33,0.1,0.065,0.96,9.56,44,Grafito,Semillas,2025,2025-06-01 00:00:00+00,P09,L12 LOTE SANTACRUZ II-LOTE 5A,2025
5b3b0af9,89fd8d63,cc210393,5.11,46.59,0.11,0.2,0.4,3.63,12.8,CatheClean,Agroquímicos,2025,2025-06-14 00:00:00+00,P09,L15 LOTE SANTACRUZ II-LOTE 6B,2025
5b67ebfb,5247ce26,cc210393,99.2,79.36,0.25,0.2,7.75,31,12.8,CatheClean,Agroquímicos,2025,2025-06-17 00:00:00+00,G03,L11 LOTE LA TRINCHERA C,2025
5b8349c4,e8f189cc,f886ec2d,44.64,74.39,0.3,0.5,8.16,27.2,5.47,"SoloPasto 30,41SL (plicorán+2,4D)",Agroquímicos,2025,2025-07-31 00:00:00+00,G01,L02 LOTE LOS MANGOS,2025
5b838528,15b5c367,cc210393,40.45,80.9,0.1,0.2,3.16,31.6,12.8,CatheClean,Agroquímicos,2025,2025-07-10 00:00:00+00,P09,L16 LOTE SANTACRUZ II-LOTE 9 Y 10,2025
5b8cdba9,6abeceb7,aa72374c,493.62,411.35,3,2.5,57,19,8.66,Pendialfa 50 EC,Agroquímicos,2025,2025-06-24 00:00:00+00,P03,L10 LOTE L2D1,2025
5b9fa148,0825fce9,790b615c,32.83,0,0.5,0,3.32,6.64,9.89,Yamur 25EW,Agroquímicos,2025,2025-07-06 00:00:00+00,P09,L12 LOTE SANTACRUZ II-LOTE 5A,2025
5ba30354,4df173a8,cc210393,44.16,88.32,0.1,0.2,3.45,34.5,12.8,CatheClean,Agroquímicos,2025,2025-07-01 00:00:00+00,P08,L01 LOTE-01,2025
5bbad5aa,81f8c03d,790b615c,88.52,0,0.5,0,8.95,17.9,9.89,Yamur 25EW,Agroquímicos,2025,2025-08-20 00:00:00+00,P09,"L17 LOTE SANTACRUZ II-LOTE 11, 12 Y 13",2025
5bd61293,4e7530e3,790b615c,43.61,0,0.3,0,4.41,14.7,9.89,Yamur 25EW,Agroquímicos,2025,2025-07-14 00:00:00+00,G05,L05 LOTE LOMA 1,2025
5bd96490,b36351de,73a629e4,257.19,514.39,0.5,1,12.3,24.6,20.91,Jupiter 25 EC (piraclostrobina),Agroquímicos,2025,2025-07-02 00:00:00+00,G03,L13 LOTE LOS CARO-02 B,2025
5be0cced,65f7634d,50ea012e,60.72,60.72,3,3,13.8,4.6,4.4,Alfasato 48 SL (glifosato),Agroquímicos,2025,2025-05-29 00:00:00+00,P06,L04 LOTE-03 B,2025
5c0903f3,b8bd36cd,f886ec2d,71.11,71.11,0.5,0.5,13,26,5.47,"SoloPasto 30,41SL (plicorán+2,4D)",Agroquímicos,2025,2025-06-08 00:00:00+00,G03,L08 EL DESQUITE B,2025
5c112dee,b9ea1602,de6596dc,76.36,76.36,0.065,0.065,1.74,26.7,44,Grafito,Semillas,2025,2025-06-17 00:00:00+00,G03,L02 LOTE ALFARERO B,2025
5c24192d,b08d2a16,79e8c679,778.68,778.68,4,4,123.6,30.9,6.3,Pasto: Brachiara Ruziziensis,Semillas,2025,2025-07-08 00:00:00+00,G03,L15 LOTE SALTO DEL MIRA A,2025
5c41bb31,c01bd94c,50ea012e,0,316.8,4,3,0,0,4.4,Alfasato 48 SL (glifosato),Agroquímicos,2025,2025-05-01 00:00:00+00,P07,L01 LOTE 3A,2025
5c547bdd,fb05564f,ebc8d614,1121.4,1121.4,3.5,3.5,42,12,26.7,"Nitro Evolution: 40-00-00/5,76S",Fertilizantes,2025,2025-08-05 00:00:00+00,P06,L01 LOTE-01,2025
5c72fa71,ba8fd8e7,b6a9d42e,5460,4732,1.5,1.3,39,26,140,Maíz: Danac-029 c/fortenza duo,Semillas,2025,2025-06-24 00:00:00+00,P03,L13 LOTE LAS 50 B LOTE,2025
5c77d0c2,d7095b11,c2541310,26.47,79.41,0.1,0.3,1.57,15.7,16.86,Alfamilo 90SP,Agroquímicos,2025,2025-08-20 00:00:00+00,P04,L02 LOTE-02,2025
5ca5f520,6b1b6092,ebc8d614,1097.37,2682.02,3,3.5,41.1,13.7,26.7,"Nitro Evolution: 40-00-00/5,76S",Fertilizantes,2025,2025-08-15 00:00:00+00,G05,L09 LOTE RAMIREZ B,2025
5cb6a296,f45933a5,cc210393,9.59,49.15,0.11,0.2,0.75,6.81,12.8,CatheClean,Agroquímicos,2025,2025-06-10 00:00:00+00,P09,L01 LOTE SANTACRUZ I-LOTE 1,2025
5cc7cbd0,745423ed,bca12c05,179.64,0,0.2,0,5.34,26.7,33.64,Alfasystin,Agroquímicos,2025,2025-07-21 00:00:00+00,G03,L02 LOTE ALFARERO B,2025
5cdcd38a,05dd5e61,b275b7cf,1176,3234,2,5.5,42,21,28,"25,46N-00P-21,81K/3,66S",Fertilizantes,2025,2025-07-10 00:00:00+00,G03,L04 LOTE ARBOLOTE ARRIBA A,2025
5cf827c4,45d92437,b6a9d42e,3785.6,3785.6,1.3,1.3,27.04,20.8,140,Maíz: Danac-029 c/fortenza duo,Semillas,2025,2025-05-25 00:00:00+00,G04,L06 LOTE A,2025
5cf9b5c4,63120398,f886ec2d,55.52,55.52,0.5,0.5,10.15,20.3,5.47,"SoloPasto 30,41SL (plicorán+2,4D)",Agroquímicos,2025,2025-05-20 00:00:00+00,C02,L01 ARENERO 1 LOTE-02,2025
5cff4945,25c020f0,de256ae0,287.47,574.94,1,2,32.3,32.3,8.9,QuelaTech Micros,Fertilizantes,2025,2025-06-10 00:00:00+00,P09,L04 LOTE SANTACRUZ I-LOTE 4,2025
5d0ca311,4a130cc9,cc210393,106.88,42.75,0.5,0.2,8.35,16.7,12.8,CatheClean,Agroquímicos,2025,2025-06-19 00:00:00+00,G04,L01 LOTE CIRUELA ABAJO,2025
5d102307,8537d19f,ebc8d614,1970.46,2298.87,3,3.5,73.8,24.6,26.7,"Nitro Evolution: 40-00-00/5,76S",Fertilizantes,2025,2025-07-08 00:00:00+00,G03,L13 LOTE LOS CARO-02 B,2025
5d155547,01a9bc17,8a4ab665,68.53,41.12,0.2,0.12,1.1,5.5,62.3,Eminente 45 WG,Agroquímicos,2025,2025-07-31 00:00:00+00,G01,L07 LOTE EL DRAGAL 1-1,2025
5d430ecc,c1a5c96d,cc210393,21.76,69.12,0.1,0.2,1.7,17,12.8,CatheClean,Agroquímicos,2025,2025-06-25 00:00:00+00,P11,L03 LOTE-06,2025
5d512c51,418a767f,50ea012e,616,462,4,3,140,35,4.4,Alfasato 48 SL (glifosato),Agroquímicos,2025,2025-06-25 00:00:00+00,P03,L06 LOS CACHICAMOS,2025
5d5d41c3,a7763893,2a279588,380.74,381.7,0.067,0.06,2.13,31.8,178.7,MyCossed,Agroquímicos,2025,2025-06-20 00:00:00+00,P09,L11 LOTE SANTACRUZ II-LOTE 3,2025
5d93cfcd,c9e36589,3072d084,220.01,220.01,1.5,1.5,15.3,10.2,14.38,Gadriano 30 OD,Agroquímicos,2025,2025-08-20 00:00:00+00,G04,L03 LOTE LOMA AMARILLA,2025
5db0bf4c,3e6ed575,b275b7cf,2912,4004,4,5.5,104,26,28,"25,46N-00P-21,81K/3,66S",Fertilizantes,2025,2025-07-10 00:00:00+00,G03,L08 EL DESQUITE B,2025
5dd278c5,1a620ae5,3072d084,345.12,375.32,1.6,1.5,24,15,14.38,Gadriano 30 OD,Agroquímicos,2025,2025-06-17 00:00:00+00,G02,L01 LOTE EL TANQUE-A,2025
5dd5c37c,768a796d,50ea012e,409.2,409.2,3,3,93,31,4.4,Alfasato 48 SL (glifosato),Agroquímicos,2025,2025-07-16 00:00:00+00,P03,L03 LOTE LA CASA C,2025
5e14c608,586c68ce,cc210393,23.74,65.28,0.11,0.2,1.85,16.86,12.8,CatheClean,Agroquímicos,2025,2025-07-06 00:00:00+00,P09,L13 LOTE SANTACRUZ II-LOTE 5B,2025
5e29f18b,cbe4654c,aa72374c,508.78,508.78,2.5,2.5,58.75,23.5,8.66,Pendialfa 50 EC,Agroquímicos,2025,2025-06-11 00:00:00+00,G05,L07 LOTE MATA PALO,2025
5e2d5f31,0862a6ab,bca12c05,196.79,0,0.25,0,5.85,23.4,33.64,Alfasystin,Agroquímicos,2025,2025-07-03 00:00:00+00,G03,L05 CASA DE TABLA ARRIBA A,2025
5e6abfb8,3cd1dada,8a4ab665,21.18,25.42,0.1,0.12,0.34,3.4,62.3,Eminente 45 WG,Agroquímicos,2025,2025-06-30 00:00:00+00,G01,L03 LOTE DETRÁS DE LA CASA B,2025
5e7d539f,1d3a8fe0,c1d751bb,486,486,0.2,0.2,6,30,81,Bacillus Thuringiensis,Agroquímicos,2025,2025-07-28 00:00:00+00,G02,L05 LA CAGADA,2025
5e8dec52,2c72069c,bdac1da2,3238.2,0,0.7,0,17.99,25.7,180,Cal dolomítica,Enmienda,2025,2025-06-17 00:00:00+00,G05,L08 LOTE RAMIREZ A,2025
5e927e55,ef7839c4,bca12c05,47.94,0,0.25,0,1.43,5.7,33.64,Alfasystin,Agroquímicos,2025,2025-06-19 00:00:00+00,G04,L04 LOTE LOMA BARRIGA,2025
5eb4e798,88d1d1fd,bca12c05,204.36,0,0.25,0,6.08,24.3,33.64,Alfasystin,Agroquímicos,2025,2025-07-03 00:00:00+00,G03,L06 CASA DE TABLA ARRIBA B,2025
5ed7086b,9082e3ea,8a4ab665,225.53,135.32,0.2,0.12,3.62,18.1,62.3,Eminente 45 WG,Agroquímicos,2025,2025-06-25 00:00:00+00,P11,L02 LOTE 5B,2025
5eec04ac,65f48c6f,79e8c679,85.68,85.68,4,4,13.6,3.4,6.3,Pasto: Brachiara Ruziziensis,Semillas,2025,2025-06-30 00:00:00+00,G01,L03 LOTE DETRÁS DE LA CASA B,2025
5f2c1635,55fd6e56,790b615c,69.72,0,0.3,0,7.05,23.5,9.89,Yamur 25EW,Agroquímicos,2025,2025-08-11 00:00:00+00,G05,L07 LOTE MATA PALO,2025
5f3c5a97,cb18f0f0,aa72374c,705.79,705.79,2.5,2.5,81.5,32.6,8.66,Pendialfa 50 EC,Agroquímicos,2025,2025-06-02 00:00:00+00,G05,L01 LOTE BAJO DE LOMA,2025
5f48f7c1,d897fd9b,de256ae0,290.14,290.14,2,2,32.6,16.3,8.9,QuelaTech Micros,Fertilizantes,2025,2025-07-11 00:00:00+00,G07,L05 LOTE VICTORIERO 1D,2025
5f5bb602,7601064e,b57fd6f9,137.32,0,0.45,,7.59,16.86,18.1,Agripega 100,Agroquímicos,2025,2025-07-10 00:00:00+00,P09,L13 LOTE SANTACRUZ II-LOTE 5B,2025
5f7a1b87,6cf65d8a,bca12c05,252.3,0,0.5,0,7.5,15,33.64,Alfasystin,Agroquímicos,2025,2025-06-20 00:00:00+00,C01,L11 LOTE PATRIX,2025
5f92caa7,a91d0f8f,aa72374c,467.64,699.3,3,2.5,54,18,8.66,Pendialfa 50 EC,Agroquímicos,2025,2025-05-11 00:00:00+00,P09,L04 LOTE SANTACRUZ I-LOTE 4,2025
5fa47eca,89fd8d63,790b615c,23.29,0,0.5,0,2.36,4.71,9.89,Yamur 25EW,Agroquímicos,2025,2025-07-06 00:00:00+00,P09,L15 LOTE SANTACRUZ II-LOTE 6B,2025
5fdf7511,b0dd49b4,b6a9d42e,1739.92,2948.4,1.3,1.3,12.43,9.56,140,Maíz: Danac-029 c/fortenza duo,Semillas,2025,2025-06-01 00:00:00+00,P09,L12 LOTE SANTACRUZ II-LOTE 5A,2025
5ff0788f,a9d222c8,de6596dc,21.78,65.78,0.045,0.065,0.5,11,44,Grafito,Semillas,2025,2025-07-09 00:00:00+00,P03,L09 LOTE L2C,2025
5ffa27ee,5d5724d9,bca12c05,164,0,0.25,0,4.88,19.5,33.64,Alfasystin,Agroquímicos,2025,2025-07-03 00:00:00+00,G03,L03 LOTE ALFARERO D,2025
600ac7f2,619dd49d,79e8c679,234.36,234.36,4,4,37.2,9.3,6.3,Pasto: Brachiara Ruziziensis,Semillas,2025,2025-07-08 00:00:00+00,G03,L01 LOTE ALFARERO A,2025
60206f84,55ee60e2,de256ae0,26.7,398.72,1,2,3,3,8.9,QuelaTech Micros,Fertilizantes,2025,2025-07-06 00:00:00+00,P09,L14 LOTE SANTACRUZ II-LOTE 6A,2025
603fdbf5,3083df7f,cc210393,65.28,26.11,0.5,0.2,5.1,10.2,12.8,CatheClean,Agroquímicos,2025,2025-06-19 00:00:00+00,G04,L03 LOTE LOMA AMARILLA,2025
60423bc7,ca334692,cc210393,39.3,78.59,0.1,0.2,3.07,30.7,12.8,CatheClean,Agroquímicos,2025,2025-08-24 00:00:00+00,G06,L04 LA REPRESA LOTE C,2025
60482443,2954a925,73a629e4,71.09,142.19,0.5,1,3.4,6.8,20.91,Jupiter 25 EC (piraclostrobina),Agroquímicos,2025,2025-06-19 00:00:00+00,P03,L07 LOTE L2A,2025
60504384,0c13ae8f,8a4ab665,71.02,42.61,0.2,0.12,1.14,5.7,62.3,Eminente 45 WG,Agroquímicos,2025,2025-08-20 00:00:00+00,G04,L04 LOTE LOMA BARRIGA,2025
609ba067,d7da1f98,79e8c679,370.44,370.44,4,4,58.8,14.7,6.3,Pasto: Brachiara Ruziziensis,Semillas,2025,2025-07-08 00:00:00+00,G05,L05 LOTE LOMA 1,2025
60a43309,42aae0d0,ebc8d614,2456.4,2149.35,4,3.5,92,23,26.7,"Nitro Evolution: 40-00-00/5,76S",Fertilizantes,2025,2025-08-05 00:00:00+00,P03,L16 LOTE LOS MANGOS,2025
60b96309,5bdfc9ae,8a4ab665,386.26,231.76,0.2,0.12,6.2,31,62.3,Eminente 45 WG,Agroquímicos,2025,2025-07-03 00:00:00+00,G03,L11 LOTE LA TRINCHERA C,2025
60cbb1ab,5bc82c91,cc210393,12.8,45.06,0.1,0.2,1,10,12.8,CatheClean,Agroquímicos,2025,2025-07-22 00:00:00+00,P03,L18 LOTE LA LAGUNA,2025
60cdea90,0ca2d174,8a4ab665,214.31,128.59,0.2,0.12,3.44,17.2,62.3,Eminente 45 WG,Agroquímicos,2025,2025-06-20 00:00:00+00,P04,L05 LOTE 25 ha B,2025
60e2ed2c,25e2a2a9,ebc8d614,416.52,654.15,4,3.5,15.6,3.9,26.7,"Nitro Evolution: 40-00-00/5,76S",Fertilizantes,2025,2025-06-20 00:00:00+00,C01,PERLA LOTE 2A,2025
60e89d09,f433e362,de6596dc,64.64,64.64,0.065,0.065,1.47,22.6,44,Grafito,Semillas,2025,2025-06-17 00:00:00+00,G03,L07 EL DESQUITE A,2025
60f832cf,a84f7596,73a629e4,245.69,491.39,0.5,1,11.75,23.5,20.91,Jupiter 25 EC (piraclostrobina),Agroquímicos,2025,2025-07-06 00:00:00+00,G05,L07 LOTE MATA PALO,2025
610dfab5,840e508c,3072d084,366.69,366.69,1.5,1.5,25.5,17,14.38,Gadriano 30 OD,Agroquímicos,2025,2025-08-20 00:00:00+00,G04,L07 LOTE B,2025
61150836,3378edec,cc210393,21.76,43.52,0.1,0.2,1.7,17,12.8,CatheClean,Agroquímicos,2025,2025-08-20 00:00:00+00,G04,L07 LOTE B,2025
61284bde,0b53c89c,cc210393,18.43,36.86,0.1,0.2,1.44,14.4,12.8,CatheClean,Agroquímicos,2025,2025-07-09 00:00:00+00,P11,L07 LOTE-08,2025
6137e68f,3cd1dada,de256ae0,60.52,60.52,2,2,6.8,3.4,8.9,QuelaTech Micros,Fertilizantes,2025,2025-06-30 00:00:00+00,G01,L03 LOTE DETRÁS DE LA CASA B,2025
614d1945,e93e2a01,8a4ab665,71.02,42.61,0.2,0.12,1.14,5.7,62.3,Eminente 45 WG,Agroquímicos,2025,2025-08-20 00:00:00+00,G04,L04 LOTE LOMA BARRIGA,2025
61866f2b,0953f75e,cc210393,12.8,69.12,0.1,0.2,1,10,12.8,CatheClean,Agroquímicos,2025,2025-07-05 00:00:00+00,P11,L03 LOTE-06,2025
6192c351,74a94298,aa72374c,311.76,259.8,3,2.5,36,12,8.66,Pendialfa 50 EC,Agroquímicos,2025,2025-06-04 00:00:00+00,P06,L01 LOTE-01,2025
61a1e209,0f306f38,cc210393,44.49,80.9,0.11,0.2,3.48,31.6,12.8,CatheClean,Agroquímicos,2025,2025-07-18 00:00:00+00,P09,L16 LOTE SANTACRUZ II-LOTE 9 Y 10,2025
61ac38b6,38e6f753,d19aa794,140.78,0,0.3,,4.71,15.7,29.89,Super Barre 55 EC,Agroquímicos,2025,2025-07-08 00:00:00+00,P04,L02 LOTE-02,2025
61c97e82,92418cb0,b46d6dc9,4815.36,4213.44,8,7,115.2,14.4,41.8,"4,28N-18,52P-17,12K/5,51S+6,1MgO+0,68B+2,28Zn",Fertilizantes,2025,2025-05-20 00:00:00+00,P11,L07 LOTE-08,2025
61df0507,eeed4085,cc210393,110.4,88.32,0.25,0.2,8.63,34.5,12.8,CatheClean,Agroquímicos,2025,2025-06-17 00:00:00+00,P08,L01 LOTE-01,2025
61ff7d39,1c324b19,e1ff11f4,0,0,2,1,18.6,9.3,,Pase de rastra,Enmienda,2025,2025-06-07 00:00:00+00,G03,L01 LOTE ALFARERO A,2025
61ff9f50,6f11d175,790b615c,115.71,0,0.5,0,11.7,23.4,9.89,Yamur 25EW,Agroquímicos,2025,2025-06-21 00:00:00+00,C01,PERLA LOTE 04,2025
620df98b,b5d16af5,bca12c05,246.41,0,0.25,0,7.33,29.3,33.64,Alfasystin,Agroquímicos,2025,2025-08-24 00:00:00+00,G02,L02 LOTE EL TANQUE-B,2025
622469bc,791e6bff,c8ffca92,8.08,8.08,0.05,0.05,1.01,20.2,8,Trampa de feromonas,Agroquímicos,2025,2025-07-01 00:00:00+00,P11,L04 LOTE 7A,2025
6237fa9b,be502d71,2a279588,332.38,332.38,0.06,0.06,1.86,31,178.7,MyCossed,Agroquímicos,2025,2025-06-24 00:00:00+00,P03,L03 LOTE LA CASA C,2025
624721cc,5613ee89,b46d6dc9,327.71,5822.74,8,7,7.84,0.98,41.8,"4,28N-18,52P-17,12K/5,51S+6,1MgO+0,68B+2,28Zn",Fertilizantes,2025,2025-06-20 00:00:00+00,P09,L10 LOTE SANTACRUZ II-LOTE 2B,2025
6257e95f,ca543aea,790b615c,17.51,0,0.3,0,1.77,5.9,9.89,Yamur 25EW,Agroquímicos,2025,2025-08-11 00:00:00+00,G05,L02 LOTE COCO LOMA GRANDE,2025
625efcc5,67805a51,8a4ab665,152.01,91.21,0.2,0.12,2.44,12.2,62.3,Eminente 45 WG,Agroquímicos,2025,2025-06-20 00:00:00+00,P07,L04 LOTE 3D,2025
6269f734,1a97a646,c1d751bb,77.76,155.52,0.1,0.2,0.96,9.6,81,Bacillus Thuringiensis,Agroquímicos,2025,2025-06-08 00:00:00+00,G01,L01 LOTE DETRÁS DE LA CASA OESTE,2025
627aac78,8ddb1a3d,73a629e4,310.51,621.03,0.5,1,14.85,29.7,20.91,Jupiter 25 EC (piraclostrobina),Agroquímicos,2025,2025-06-26 00:00:00+00,P11,L05 LOTE 7B,2025
627bc1d6,c042fc61,b275b7cf,716.8,2494.8,4,5.5,25.6,6.4,28,"25,46N-00P-21,81K/3,66S",Fertilizantes,2025,2025-06-05 00:00:00+00,P09,L12 LOTE SANTACRUZ II-LOTE 5A,2025
627edc6c,a86c0c52,cc210393,39.68,79.36,0.1,0.2,3.1,31,12.8,CatheClean,Agroquímicos,2025,2025-07-16 00:00:00+00,P03,L03 LOTE LA CASA C,2025
62956e1a,b9ea1602,d73f9b82,0,0,1,,26.7,26.7,,Alfavin,Agroquímicos,2025,2025-08-10 00:00:00+00,G03,L02 LOTE ALFARERO B,2025
62a67ab8,b264931c,cc210393,132.19,62.21,0.425,0.2,10.33,24.3,12.8,CatheClean,Agroquímicos,2025,2025-06-12 00:00:00+00,G03,L06 CASA DE TABLA ARRIBA B,2025
62ceac90,02354a6c,c1d751bb,162,324,0.1,0.2,2,20,81,Bacillus Thuringiensis,Agroquímicos,2025,2025-07-02 00:00:00+00,G03,L12 LOTE LOS CARO-02 A,2025
63115149,8f87557d,8a4ab665,409.93,245.96,0.2,0.12,6.58,32.9,62.3,Eminente 45 WG,Agroquímicos,2025,2025-10-26 00:00:00+00,P05,L01 LOTE EL PALMAR 1,2025
63188c2c,79044130,73a629e4,148.46,292.74,0.5,1,7.1,14.2,20.91,Jupiter 25 EC (piraclostrobina),Agroquímicos,2025,2025-06-20 00:00:00+00,P03,L12 LOTE L2E,2025
633d2128,25fd1034,790b615c,77.14,0,0.3,0,7.8,26,9.89,Yamur 25EW,Agroquímicos,2025,2025-07-13 00:00:00+00,G03,L08 EL DESQUITE B,2025
6348f3d7,5044ec08,cc210393,97.08,45.82,0.6,0.2,7.58,12.64,12.8,CatheClean,Agroquímicos,2025,2025-05-04 00:00:00+00,P09,"L17 LOTE SANTACRUZ II-LOTE 11, 12 Y 13",2025
6351270d,1240174e,b275b7cf,2184,3003,4,5.5,78,19.5,28,"25,46N-00P-21,81K/3,66S",Fertilizantes,2025,2025-07-10 00:00:00+00,G03,L03 LOTE ALFARERO D,2025
63586554,14e1b821,cc210393,13.94,46.59,0.3,0.2,1.09,3.63,12.8,CatheClean,Agroquímicos,2025,2025-06-01 00:00:00+00,P09,L15 LOTE SANTACRUZ II-LOTE 6B,2025
6368ed59,5b31b2e3,aa72374c,562.9,562.9,2.5,2.5,65,26,8.66,Pendialfa 50 EC,Agroquímicos,2025,2025-06-17 00:00:00+00,G03,L08 EL DESQUITE B,2025
6384556f,f8121e13,50ea012e,509.52,620.4,3,3,115.8,38.6,4.4,Alfasato 48 SL (glifosato),Agroquímicos,2025,2025-06-01 00:00:00+00,G06,L02 LA REPRESA LOTE A,2025
63c51fc8,03d4f982,2a279588,168.34,168.34,0.06,0.06,0.94,15.7,178.7,MyCossed,Agroquímicos,2025,2025-05-19 00:00:00+00,P04,L02 LOTE-02,2025
63dbeadf,530a985d,73a629e4,126.51,253.01,0.5,1,6.05,12.1,20.91,Jupiter 25 EC (piraclostrobina),Agroquímicos,2025,2025-07-30 00:00:00+00,P03,L17 LOTE EL CUADRITO,2025
63df4728,b5d16af5,cc210393,37.5,75.01,0.1,0.2,2.93,29.3,12.8,CatheClean,Agroquímicos,2025,2025-07-03 00:00:00+00,G02,L02 LOTE EL TANQUE-B,2025
63fd5b5c,88fc2444,b46d6dc9,1003.2,6554.24,8,7,24,3,41.8,"4,28N-18,52P-17,12K/5,51S+6,1MgO+0,68B+2,28Zn",Fertilizantes,2025,2025-05-14 00:00:00+00,P09,L14 LOTE SANTACRUZ II-LOTE 6A,2025
6402057c,e26844ba,3072d084,244.46,345.12,2,1.5,17,8.5,14.38,Gadriano 30 OD,Agroquímicos,2025,2025-07-22 00:00:00+00,P03,L04 LA NEGRA,2025
64359e3f,07a7604b,de256ae0,158.33,354.22,1,2,17.79,17.79,8.9,QuelaTech Micros,Fertilizantes,2025,2025-07-28 00:00:00+00,P09,L10 LOTE SANTACRUZ II-LOTE 2B,2025
6454c4e7,6cf65d8a,cc210393,99.84,38.4,0.6,0.2,7.8,13,12.8,CatheClean,Agroquímicos,2025,2025-06-16 00:00:00+00,C01,L11 LOTE PATRIX,2025
64559b13,8f5ce78a,f886ec2d,67.55,67.55,0.5,0.5,12.35,24.7,5.47,"SoloPasto 30,41SL (plicorán+2,4D)",Agroquímicos,2025,2025-05-04 00:00:00+00,P09,L08 LOTE SANTACRUZ II-LOTE 1,2025
645f5d98,2954a925,de256ae0,60.52,121.04,1,2,6.8,6.8,8.9,QuelaTech Micros,Fertilizantes,2025,2025-06-19 00:00:00+00,P03,L07 LOTE L2A,2025
64890dd8,0d6b0ccb,de256ae0,347.1,347.1,2,2,39,19.5,8.9,QuelaTech Micros,Fertilizantes,2025,2025-07-08 00:00:00+00,G03,L03 LOTE ALFARERO D,2025
64a53a64,b983f2fb,3072d084,144.09,295.51,2,1.5,10.02,5.01,14.38,Gadriano 30 OD,Agroquímicos,2025,2025-07-25 00:00:00+00,P08,L07 LOTE 3B 2,2025
64f67263,526d57b3,b275b7cf,1825.6,2510.2,4,5.5,65.2,16.3,28,"25,46N-00P-21,81K/3,66S",Fertilizantes,2025,2025-07-02 00:00:00+00,P04,L03 LOTE-03,2025
64fa0e52,3eb029ce,9316143b,88.62,0,1,,8.8,8.8,10.07,Alfyrinex,Agroquímicos,2025,2025-07-31 00:00:00+00,G01,L05 LOTE EL DRAGAL 2-1,2025
64ffc802,fbc40204,ebc8d614,3513.72,3074.51,4,3.5,131.6,32.9,26.7,"Nitro Evolution: 40-00-00/5,76S",Fertilizantes,2025,2025-07-06 00:00:00+00,P05,L01 LOTE EL PALMAR 1,2025
64ffef45,7e365bc0,2a279588,128.66,128.66,0.06,0.06,0.72,12,178.7,MyCossed,Agroquímicos,2025,2025-06-19 00:00:00+00,C01,LOTE JUANCHO,2025
650dd905,7d18e1c1,3072d084,371,371,1.5,1.5,25.8,17.2,14.38,Gadriano 30 OD,Agroquímicos,2025,2025-06-20 00:00:00+00,P04,L05 LOTE 25 ha B,2025
6514af01,83db5ab0,2a279588,354.9,354.9,0.06,0.06,1.99,33.1,178.7,MyCossed,Agroquímicos,2025,2025-06-10 00:00:00+00,G07,L01 LOTE SAMANCITO,2025
6530362d,849d2fa7,3072d084,1009.48,757.11,2,1.5,70.2,35.1,14.38,Gadriano 30 OD,Agroquímicos,2025,2025-07-25 00:00:00+00,P08,L02 LOTE-02,2025
6587cf99,05505dff,c1d751bb,29.4,294.84,0.1,0.2,0.36,3.63,81,Bacillus Thuringiensis,Agroquímicos,2025,2025-06-05 00:00:00+00,P09,L15 LOTE SANTACRUZ II-LOTE 6B,2025
6591bdf2,63fccba3,cc210393,23.67,73.47,0.135,0.2,1.85,13.7,12.8,CatheClean,Agroquímicos,2025,2025-08-15 00:00:00+00,G05,L09 LOTE RAMIREZ B,2025
65995eb4,d5c99514,cc210393,17.92,53.76,0.2,0.2,1.4,7,12.8,CatheClean,Agroquímicos,2025,2025-08-19 00:00:00+00,G03,L04 LOTE ARBOLOTE ARRIBA A,2025
6599ef29,84567a0e,73a629e4,48.09,96.19,0.5,1,2.3,4.6,20.91,Jupiter 25 EC (piraclostrobina),Agroquímicos,2025,2025-07-08 00:00:00+00,P06,L04 LOTE-03 B,2025
65b57a83,943f202f,3072d084,408.39,301.98,2,1.5,28.4,14.2,14.38,Gadriano 30 OD,Agroquímicos,2025,2025-06-13 00:00:00+00,P03,L12 LOTE L2E,2025
65b5a211,2d3a1739,cc210393,22.53,45.06,0.1,0.2,1.76,17.6,12.8,CatheClean,Agroquímicos,2025,2025-05-23 00:00:00+00,G01,L11 LOTE EL DRAGAL 4-1,2025
65f925a3,011fefec,de6596dc,57.2,57.2,0.065,0.065,1.3,20,44,Grafito,Semillas,2025,2025-06-17 00:00:00+00,G03,L12 LOTE LOS CARO-02 A,2025
660e45fe,a5590190,cc210393,33.28,89.6,0.1,0.2,2.6,26,12.8,CatheClean,Agroquímicos,2025,2025-06-30 00:00:00+00,P03,L06 LOS CACHICAMOS,2025
66179ce9,e99bffc6,de256ae0,366.68,366.68,2,2,41.2,20.6,8.9,QuelaTech Micros,Fertilizantes,2025,2025-07-11 00:00:00+00,G07,L02 LOTE VICTORIERO 1A,2025
66319a08,14e1b821,50ea012e,63.89,240.24,4,3,14.52,3.63,4.4,Alfasato 48 SL (glifosato),Agroquímicos,2025,2025-06-01 00:00:00+00,P09,L15 LOTE SANTACRUZ II-LOTE 6B,2025
6642c3cc,0eda3460,aa72374c,506.61,506.61,2.5,2.5,58.5,23.4,8.66,Pendialfa 50 EC,Agroquímicos,2025,2025-06-12 00:00:00+00,G03,L05 CASA DE TABLA ARRIBA A,2025
66482348,a83cf68d,f886ec2d,23.52,86.43,0.5,0.5,4.3,8.6,5.47,"SoloPasto 30,41SL (plicorán+2,4D)",Agroquímicos,2025,2025-05-23 00:00:00+00,P09,L16 LOTE SANTACRUZ II-LOTE 9 Y 10,2025
6663ff29,91c3c252,de6596dc,67.21,67.21,0.065,0.065,1.53,23.5,44,Grafito,Semillas,2025,2025-06-18 00:00:00+00,G05,L07 LOTE MATA PALO,2025
6668a7a1,80944c3e,de6596dc,58.06,58.06,0.065,0.065,1.32,20.3,44,Grafito,Semillas,2025,2025-06-08 00:00:00+00,C02,L01 ARENERO 1 LOTE-02,2025
666e1f8a,9bbbe87e,50ea012e,259.6,155.76,5,3,59,11.8,4.4,Alfasato 48 SL (glifosato),Agroquímicos,2025,2025-06-04 00:00:00+00,P06,L02 LOTE-02,2025
66a6b868,f1fefdab,b46d6dc9,7197.96,7197.96,7,7,172.2,24.6,41.8,"4,28N-18,52P-17,12K/5,51S+6,1MgO+0,68B+2,28Zn",Fertilizantes,2025,2025-06-08 00:00:00+00,G03,L13 LOTE LOS CARO-02 B,2025
66af8b2f,a6e30096,3072d084,448.66,448.66,1.5,1.5,31.2,20.8,14.38,Gadriano 30 OD,Agroquímicos,2025,2025-08-20 00:00:00+00,G04,L06 LOTE A,2025
66b6d8b8,8ddb1a3d,d73f9b82,0,0,1,,29.7,29.7,,Alfavin,Agroquímicos,2025,2025-07-10 00:00:00+00,P11,L05 LOTE 7B,2025
66c4d059,28b267c1,50ea012e,220.44,220.44,3,3,50.1,16.7,4.4,Alfasato 48 SL (glifosato),Agroquímicos,2025,2025-05-27 00:00:00+00,G04,L01 LOTE CIRUELA ABAJO,2025
66d88a53,bbb23fe3,de6596dc,114.4,74.36,0.1,0.065,2.6,26,44,Grafito,Semillas,2025,2025-06-18 00:00:00+00,P03,L13 LOTE LAS 50 B LOTE,2025
6703ef63,0b53c89c,d19aa794,43.04,0,0.1,,1.44,14.4,29.89,Super Barre 55 EC,Agroquímicos,2025,2025-07-08 00:00:00+00,P11,L07 LOTE-08,2025
6708ba0b,3258064e,c1d751bb,210.6,421.2,0.1,0.2,2.6,26,81,Bacillus Thuringiensis,Agroquímicos,2025,2025-07-02 00:00:00+00,G03,L08 EL DESQUITE B,2025
6724f4b0,1f052b88,bca12c05,319.58,0,0.5,0,9.5,19,33.64,Alfasystin,Agroquímicos,2025,2025-07-17 00:00:00+00,P03,L10 LOTE L2D1,2025
672855d3,20f74670,d19aa794,142.58,0,0.3,,4.77,15.9,29.89,Super Barre 55 EC,Agroquímicos,2025,2025-07-08 00:00:00+00,P04,L04 LOTE 25 ha A,2025
67430a92,30467c43,50ea012e,394.24,295.68,4,3,89.6,22.4,4.4,Alfasato 48 SL (glifosato),Agroquímicos,2025,2025-05-15 00:00:00+00,P02,L06 LOTE-04,2025
67697d36,b9a94488,ebc8d614,320.4,2093.28,4,3.5,12,3,26.7,"Nitro Evolution: 40-00-00/5,76S",Fertilizantes,2025,2025-06-10 00:00:00+00,P09,L14 LOTE SANTACRUZ II-LOTE 6A,2025
6776efc6,264af288,b275b7cf,1870.4,2571.8,4,5.5,66.8,16.7,28,"25,46N-00P-21,81K/3,66S",Fertilizantes,2025,2025-08-05 00:00:00+00,G04,L01 LOTE CIRUELA ABAJO,2025
678404f7,cab5878d,9316143b,234.94,0,0.7,,23.33,33.33,10.07,Alfyrinex,Agroquímicos,2025,2025-07-21 00:00:00+00,G03,L10 LOTE LA TRINCHERA B,2025
67af471d,0db3b3a5,cc210393,133.12,53.25,0.5,0.2,10.4,20.8,12.8,CatheClean,Agroquímicos,2025,2025-06-19 00:00:00+00,G04,L06 LOTE A,2025
67b8428b,b75b88b6,b6a9d42e,4732,4732,1.3,1.3,33.8,26,140,Maíz: Danac-029 c/fortenza duo,Semillas,2025,2025-05-16 00:00:00+00,C01,PERLA LOTE 04,2025
67c4cce0,260f2812,de6596dc,58.92,58.92,0.065,0.065,1.34,20.6,44,Grafito,Semillas,2025,2025-06-15 00:00:00+00,G07,L02 LOTE VICTORIERO 1A,2025
67c877ad,10684511,44237940,39.2,134.55,1.5,1.5,10.05,6.7,3.9,Alfaxone Super 20 SL,Agroquímicos,2025,2025-07-17 00:00:00+00,P03,L09 LOTE L2C,2025
67f0d15d,da575fc5,b46d6dc9,9041.34,9041.34,7,7,216.3,30.9,41.8,"4,28N-18,52P-17,12K/5,51S+6,1MgO+0,68B+2,28Zn",Fertilizantes,2025,2025-06-06 00:00:00+00,G03,L15 LOTE SALTO DEL MIRA A,2025
67f16fa3,3aacc949,bca12c05,174.93,0,0.2,0,5.2,26,33.64,Alfasystin,Agroquímicos,2025,2025-08-11 00:00:00+00,G03,L08 EL DESQUITE B,2025
67f50448,5625969b,8a4ab665,3389.12,203.35,2,0.12,54.4,27.2,62.3,Eminente 45 WG,Agroquímicos,2025,2025-07-31 00:00:00+00,G01,L02 LOTE LOS MANGOS,2025
67f75867,aff79803,cc210393,19.71,74.5,0.1,0.2,1.54,15.4,12.8,CatheClean,Agroquímicos,2025,2025-06-26 00:00:00+00,P11,L06 LOTE 7C,2025
68102861,f8103c83,cc210393,33.54,33.54,0.2,0.2,2.62,13.1,12.8,CatheClean,Agroquímicos,2025,2025-06-16 00:00:00+00,G05,L04 LOTE LOCACIÓN A,2025
68181325,7601064e,790b615c,83.37,0,0.5,0,8.43,16.86,9.89,Yamur 25EW,Agroquímicos,2025,2025-07-06 00:00:00+00,P09,L13 LOTE SANTACRUZ II-LOTE 5B,2025
681c6764,05d03087,aa72374c,471.97,471.97,2.5,2.5,54.5,21.8,8.66,Pendialfa 50 EC,Agroquímicos,2025,2025-06-17 00:00:00+00,G03,L09 LOTE LA TRINCHERA A,2025
68251d4c,ce756e97,aa72374c,454.65,454.65,2.5,2.5,52.5,21,8.66,Pendialfa 50 EC,Agroquímicos,2025,2025-06-08 00:00:00+00,G03,L04 LOTE ARBOLOTE ARRIBA A,2025
682df54c,a7763893,de6596dc,1049.4,101.82,0.75,0.065,23.85,31.8,44,Grafito,Semillas,2025,2025-06-20 00:00:00+00,P09,L11 LOTE SANTACRUZ II-LOTE 3,2025
6835619e,2d424805,cc210393,33.54,33.54,0.2,0.2,2.62,13.1,12.8,CatheClean,Agroquímicos,2025,2025-05-15 00:00:00+00,P02,L04 LOTE 2B,2025
683b344c,85631d8e,b46d6dc9,7958.72,7958.72,7,7,190.4,27.2,41.8,"4,28N-18,52P-17,12K/5,51S+6,1MgO+0,68B+2,28Zn",Fertilizantes,2025,2025-08-05 00:00:00+00,G01,L02 LOTE LOS MANGOS,2025
686f3e8a,0953f75e,3072d084,215.7,582.39,1.5,1.5,15,10,14.38,Gadriano 30 OD,Agroquímicos,2025,2025-07-05 00:00:00+00,P11,L03 LOTE-06,2025
687d0923,e1b851c2,79e8c679,420.84,420.84,4,4,66.8,16.7,6.3,Pasto: Brachiara Ruziziensis,Semillas,2025,2025-06-30 00:00:00+00,P11,L01 LOTE 5A,2025
68a24d5c,3fd2c428,73a629e4,31.37,468.38,0.5,1,1.5,3,20.91,Jupiter 25 EC (piraclostrobina),Agroquímicos,2025,2025-06-05 00:00:00+00,P09,L14 LOTE SANTACRUZ II-LOTE 6A,2025
68a6f185,b0c96e27,ebc8d614,801,934.5,3,3.5,30,10,26.7,"Nitro Evolution: 40-00-00/5,76S",Fertilizantes,2025,2025-08-05 00:00:00+00,G01,L09 LOTE EL DRAGAL 3B,2025
68b48de5,51adc024,50ea012e,545.6,409.2,4,3,124,31,4.4,Alfasato 48 SL (glifosato),Agroquímicos,2025,2025-06-24 00:00:00+00,P03,L05 LAS 50A,2025
68b89d3a,1972b411,cc210393,44.77,91.14,0.11,0.2,3.5,31.8,12.8,CatheClean,Agroquímicos,2025,2025-07-20 00:00:00+00,P09,L11 LOTE SANTACRUZ II-LOTE 3,2025
68c5b9c1,ff654cc4,cc210393,95.04,76.03,0.25,0.2,7.43,29.7,12.8,CatheClean,Agroquímicos,2025,2025-05-25 00:00:00+00,P11,L05 LOTE 7B,2025
68dc366b,aed4d998,73a629e4,184.01,368.02,0.5,1,8.8,17.6,20.91,Jupiter 25 EC (piraclostrobina),Agroquímicos,2025,2025-06-18 00:00:00+00,G01,L11 LOTE EL DRAGAL 4-1,2025
691dbb8e,bc518a48,79e8c679,589.68,589.68,4,4,93.6,23.4,6.3,Pasto: Brachiara Ruziziensis,Semillas,2025,2025-07-13 00:00:00+00,G03,L05 CASA DE TABLA ARRIBA A,2025
692911ee,38fef001,73a629e4,291.69,583.39,0.5,1,13.95,27.9,20.91,Jupiter 25 EC (piraclostrobina),Agroquímicos,2025,2025-07-11 00:00:00+00,G07,L03 LOTE VICTORIERO 1B,2025
6947f26c,d1927426,aa72374c,483.23,684.14,3,2.5,55.8,18.6,8.66,Pendialfa 50 EC,Agroquímicos,2025,2025-07-06 00:00:00+00,P09,L16 LOTE SANTACRUZ II-LOTE 9 Y 10,2025
6953d657,316ab5f4,de256ae0,148.63,297.26,1,2,16.7,16.7,8.9,QuelaTech Micros,Fertilizantes,2025,2025-06-25 00:00:00+00,P11,L01 LOTE 5A,2025
6972b046,7ddd3ee2,2a279588,312.01,312.01,0.06,0.06,1.75,29.1,178.7,MyCossed,Agroquímicos,2025,2025-06-03 00:00:00+00,G02,L04 LOS BECERROS,2025
6973b28f,420a5e06,de6596dc,140.36,91.23,0.1,0.065,3.19,31.9,44,Grafito,Semillas,2025,2025-06-18 00:00:00+00,P09,L05 LOTE SANTACRUZ I-LOTE 5,2025
697e7a84,f412a7c4,b46d6dc9,219.03,5617.92,4,7,5.24,1.31,41.8,"4,28N-18,52P-17,12K/5,51S+6,1MgO+0,68B+2,28Zn",Fertilizantes,2025,2025-05-06 00:00:00+00,P09,L01 LOTE SANTACRUZ I-LOTE 1,2025
6987915d,b8f5a108,2a279588,129.74,129.74,0.06,0.06,0.73,12.1,178.7,MyCossed,Agroquímicos,2025,2025-06-30 00:00:00+00,P03,L17 LOTE EL CUADRITO,2025
698c1a8d,3cd1dada,790b615c,10.09,0,0.3,0,1.02,3.4,9.89,Yamur 25EW,Agroquímicos,2025,2025-06-30 00:00:00+00,G01,L03 LOTE DETRÁS DE LA CASA B,2025
69a1d4d7,20af0819,50ea012e,250.8,250.8,3,3,57,19,4.4,Alfasato 48 SL (glifosato),Agroquímicos,2025,2025-05-21 00:00:00+00,P03,L10 LOTE L2D1,2025
69bdc2c8,a6ed95c7,9316143b,201.4,0,1,,20,20,10.07,Alfyrinex,Agroquímicos,2025,2025-07-30 00:00:00+00,G01,L12 LOTE EL MANGO B,2025
69c452e1,e775c016,ebc8d614,1001.25,1495.2,5,3.5,37.5,7.5,26.7,"Nitro Evolution: 40-00-00/5,76S",Fertilizantes,2025,2025-08-12 00:00:00+00,P03,L04 LA NEGRA,2025
69d83a1c,085455ac,c2541310,134.04,180.06,0.25,0.3,7.95,31.8,16.86,Alfamilo 90SP,Agroquímicos,2025,2025-07-06 00:00:00+00,P09,L11 LOTE SANTACRUZ II-LOTE 3,2025
69fcd8a2,a4b14455,b6a9d42e,3906,5751.2,1.5,1.3,27.9,18.6,140,Maíz: Danac-029 c/fortenza duo,Semillas,2025,2025-06-10 00:00:00+00,P09,L16 LOTE SANTACRUZ II-LOTE 9 Y 10,2025
6a0dbbdb,7e9ef8b7,c1d751bb,51.76,372.6,0.1,0.2,0.64,6.39,81,Bacillus Thuringiensis,Agroquímicos,2025,2025-07-17 00:00:00+00,P03,L09 LOTE L2C,2025
6a0f9a3e,cab5878d,b57fd6f9,90.49,0,0.15,,5,33.33,18.1,Agripega 100,Agroquímicos,2025,2025-07-21 00:00:00+00,G03,L10 LOTE LA TRINCHERA B,2025
6a29e34c,81f8c03d,cc210393,25.2,45.82,0.11,0.2,1.97,17.9,12.8,CatheClean,Agroquímicos,2025,2025-08-20 00:00:00+00,P09,"L17 LOTE SANTACRUZ II-LOTE 11, 12 Y 13",2025
6a4e588f,84567a0e,bca12c05,38.69,0,0.25,0,1.15,4.6,33.64,Alfasystin,Agroquímicos,2025,2025-07-08 00:00:00+00,P06,L04 LOTE-03 B,2025
6a93a19e,6421c749,cc210393,34.82,69.63,0.1,0.2,2.72,27.2,12.8,CatheClean,Agroquímicos,2025,2025-06-03 00:00:00+00,G01,L02 LOTE LOS MANGOS,2025
6aaf1602,3b3ab51d,8a4ab665,208.08,124.85,0.2,0.12,3.34,16.7,62.3,Eminente 45 WG,Agroquímicos,2025,2025-08-20 00:00:00+00,G04,L01 LOTE CIRUELA ABAJO,2025
6aed1a0e,f25c398e,79e8c679,153.72,330.12,4,4,24.4,6.1,6.3,Pasto: Brachiara Ruziziensis,Semillas,2025,2025-07-14 00:00:00+00,G05,L04 LOTE LOCACIÓN A,2025
6afe4974,44d3bc79,de6596dc,75.68,49.19,0.1,0.065,1.72,17.2,44,Grafito,Semillas,2025,2025-05-16 00:00:00+00,P04,L05 LOTE 25 ha B,2025
6b031b22,4d597107,b6a9d42e,1601.6,1601.6,1.3,1.3,11.44,8.8,140,Maíz: Danac-029 c/fortenza duo,Semillas,2025,2025-05-19 00:00:00+00,G01,L05 LOTE EL DRAGAL 2-1,2025
6b3937b7,81f8c03d,3072d084,386.1,386.1,1.5,1.5,26.85,17.9,14.38,Gadriano 30 OD,Agroquímicos,2025,2025-08-20 00:00:00+00,P09,"L17 LOTE SANTACRUZ II-LOTE 11, 12 Y 13",2025
6b3f7cb4,eef6d72c,ebc8d614,1393.74,1626.03,3,3.5,52.2,17.4,26.7,"Nitro Evolution: 40-00-00/5,76S",Fertilizantes,2025,2025-07-03 00:00:00+00,G02,L01 LOTE EL TANQUE-A,2025
6b490dff,e610d510,e1ff11f4,0,0,0,1,0,10,,Pase de rastra,Enmienda,2025,2025-05-20 00:00:00+00,C01,L08 LOTE MERLOS,2025
6b4b6e00,3815011c,b275b7cf,743.68,3927,4,5.5,26.56,6.64,28,"25,46N-00P-21,81K/3,66S",Fertilizantes,2025,2025-06-05 00:00:00+00,P09,L13 LOTE SANTACRUZ II-LOTE 5B,2025
6b5c9f01,a433e27e,ebc8d614,2242.8,1962.45,4,3.5,84,21,26.7,"Nitro Evolution: 40-00-00/5,76S",Fertilizantes,2025,2025-06-20 00:00:00+00,C01,PERLA LOTE 01,2025
6b7430e1,28b267c1,c2541310,28.16,84.47,0.1,0.3,1.67,16.7,16.86,Alfamilo 90SP,Agroquímicos,2025,2025-05-27 00:00:00+00,G04,L01 LOTE CIRUELA ABAJO,2025
6b85ad4a,4c70554c,8a4ab665,219.3,131.58,0.2,0.12,3.52,17.6,62.3,Eminente 45 WG,Agroquímicos,2025,2025-07-31 00:00:00+00,G01,L11 LOTE EL DRAGAL 4-1,2025
6b98261c,07a7604b,790b615c,87.97,0,0.5,0,8.9,17.79,9.89,Yamur 25EW,Agroquímicos,2025,2025-07-28 00:00:00+00,P09,L10 LOTE SANTACRUZ II-LOTE 2B,2025
6ba7fc12,5b713d1f,9316143b,176.23,0,0.5,,17.5,35,10.07,Alfyrinex,Agroquímicos,2025,2025-07-30 00:00:00+00,P03,L06 LOS CACHICAMOS,2025
6baac22d,540e97d5,50ea012e,126.72,126.72,3,3,28.8,9.6,4.4,Alfasato 48 SL (glifosato),Agroquímicos,2025,2025-05-19 00:00:00+00,G01,L01 LOTE DETRÁS DE LA CASA OESTE,2025
6baf4fff,2cd6b70e,e1ff11f4,0,0,1,1,20.3,20.3,,Pase de rastra,Enmienda,2025,2025-05-24 00:00:00+00,G04,L08 LOTE C,2025
6bb373d5,c3d8e26d,3072d084,222,200.6,1.66,1.5,15.44,9.3,14.38,Gadriano 30 OD,Agroquímicos,2025,2025-07-03 00:00:00+00,G03,L01 LOTE ALFARERO A,2025
6bcb0485,710894eb,ebc8d614,1201.5,4205.25,3,3.5,45,15,26.7,"Nitro Evolution: 40-00-00/5,76S",Fertilizantes,2025,2025-07-10 00:00:00+00,G02,L03 LOTE IGUANITAS,2025
6bce482c,5f18b82f,de256ae0,130.83,528.66,1,2,14.7,14.7,8.9,QuelaTech Micros,Fertilizantes,2025,2025-07-12 00:00:00+00,P03,L11 LOTE L2D2,2025
6bd1e7a5,10adef45,3072d084,970.65,970.65,1.5,1.5,67.5,45,14.38,Gadriano 30 OD,Agroquímicos,2025,2025-08-24 00:00:00+00,G02,L03 LOTE IGUANITAS,2025
6befcd10,e4887b58,b275b7cf,2226,2448.6,5,5.5,79.5,15.9,28,"25,46N-00P-21,81K/3,66S",Fertilizantes,2025,2025-05-26 00:00:00+00,P04,L04 LOTE 25 ha A,2025
6bf273ee,d39dd1fa,ce31a1fd,5296200,0,1300,0,37830,29.1,140,Maíz: Danac-430 c/fortenza duo,Semillas,2025,2025-06-05 00:00:00+00,G02,L04 LOS BECERROS,2025
6c2ae7ca,2a6c53c7,cc210393,74.24,74.24,0.2,0.2,5.8,29,12.8,CatheClean,Agroquímicos,2025,2025-05-10 00:00:00+00,C01,PERLA LOTE 06,2025
6c2c72a7,5247ce26,c2541310,52.27,156.8,0.1,0.3,3.1,31,16.86,Alfamilo 90SP,Agroquímicos,2025,2025-06-17 00:00:00+00,G03,L11 LOTE LA TRINCHERA C,2025
6c32ff06,5bc82c91,8a4ab665,124.6,131.58,0.2,0.12,2,10,62.3,Eminente 45 WG,Agroquímicos,2025,2025-07-22 00:00:00+00,P03,L18 LOTE LA LAGUNA,2025
6c398665,5b713d1f,cc210393,33.28,89.6,0.1,0.2,2.6,26,12.8,CatheClean,Agroquímicos,2025,2025-07-22 00:00:00+00,P03,L06 LOS CACHICAMOS,2025
6c4c344c,63fccba3,8a4ab665,170.7,214.56,0.2,0.12,2.74,13.7,62.3,Eminente 45 WG,Agroquímicos,2025,2025-08-15 00:00:00+00,G05,L09 LOTE RAMIREZ B,2025
6c590b7c,65f7634d,f886ec2d,12.58,12.58,0.5,0.5,2.3,4.6,5.47,"SoloPasto 30,41SL (plicorán+2,4D)",Agroquímicos,2025,2025-05-29 00:00:00+00,P06,L04 LOTE-03 B,2025
6c85ee4c,e228b868,cc210393,33.92,54.27,0.125,0.2,2.65,21.2,12.8,CatheClean,Agroquímicos,2025,2025-05-27 00:00:00+00,G04,L02 LOTE CIRUELA ARRIBA,2025
6c8a0d36,1a97a646,bca12c05,80.74,0,0.25,0,2.4,9.6,33.64,Alfasystin,Agroquímicos,2025,2025-06-08 00:00:00+00,G01,L01 LOTE DETRÁS DE LA CASA OESTE,2025
6ca0613d,f0c6fada,3072d084,172.56,129.42,2,1.5,12,6,14.38,Gadriano 30 OD,Agroquímicos,2025,2025-07-02 00:00:00+00,P03,L19 LOTE L2F,2025
6ca306fa,187cd574,cc210393,17.92,33.54,0.2,0.2,1.4,7,12.8,CatheClean,Agroquímicos,2025,2025-08-20 00:00:00+00,G05,L04 LOTE LOCACIÓN A,2025
6caa93c7,35759b20,b46d6dc9,7110.18,7110.18,7,7,170.1,24.3,41.8,"4,28N-18,52P-17,12K/5,51S+6,1MgO+0,68B+2,28Zn",Fertilizantes,2025,2025-06-12 00:00:00+00,G03,L06 CASA DE TABLA ARRIBA B,2025
6cc1e9b7,68c471cf,7a071d0e,2860,0,1.3,0,13,10,220,Lucino,Semillas,2025,2025-05-25 00:00:00+00,G01,L09 LOTE EL DRAGAL 3B,2025
6cebe9c4,5cf30055,79e8c679,400.68,400.68,4,4,63.6,15.9,6.3,Pasto: Brachiara Ruziziensis,Semillas,2025,2025-07-14 00:00:00+00,G05,L02 LOTE COCO LOMA GRANDE,2025
6cf9ba9d,8c9c2b25,de6596dc,125.84,82.94,0.1,0.065,2.86,28.6,44,Grafito,Semillas,2025,2025-06-01 00:00:00+00,C01,PERLA LOTE 06,2025
6d0148b5,1d3a8fe0,f886ec2d,49.23,82.05,0.3,0.5,9,30,5.47,"SoloPasto 30,41SL (plicorán+2,4D)",Agroquímicos,2025,2025-07-10 00:00:00+00,G02,L05 LA CAGADA,2025
6d027f46,a5d16936,de6596dc,17.42,25.17,0.045,0.065,0.4,8.8,44,Grafito,Semillas,2025,2025-05-22 00:00:00+00,G01,L05 LOTE EL DRAGAL 2-1,2025
6d037098,625fec76,de256ae0,373.8,373.8,2,2,42,21,8.9,QuelaTech Micros,Fertilizantes,2025,2025-07-13 00:00:00+00,G03,L04 LOTE ARBOLOTE ARRIBA A,2025
6d1ef064,43b00c16,5438a6c7,155.4,0,0.1,,2.59,25.9,60,BTKIMAX PLUS PM,Agroquímicos,2025,2025-07-07 00:00:00+00,P07,L03 LOTE 3C,2025
6d267fd0,3e3760a1,e1ff11f4,0,0,0,1,0,15,,Pase de rastra,Enmienda,2025,2025-05-20 00:00:00+00,C01,L10 LOTE 1-A3,2025
6d43499b,8db9d3ac,50ea012e,443.78,262.68,6,3,100.86,16.81,4.4,Alfasato 48 SL (glifosato),Agroquímicos,2025,2025-07-06 00:00:00+00,P09,L10 LOTE SANTACRUZ II-LOTE 2B,2025
6d4f749a,1d3a8fe0,b275b7cf,3360,4620,4,5.5,120,30,28,"25,46N-00P-21,81K/3,66S",Fertilizantes,2025,2025-08-12 00:00:00+00,G02,L05 LA CAGADA,2025
6d6240e6,260f2812,b46d6dc9,6027.56,6027.56,7,7,144.2,20.6,41.8,"4,28N-18,52P-17,12K/5,51S+6,1MgO+0,68B+2,28Zn",Fertilizantes,2025,2025-06-15 00:00:00+00,G07,L02 LOTE VICTORIERO 1A,2025
6d650999,241e7ae9,ebc8d614,560.7,1224.2,3,3.5,21,7,26.7,"Nitro Evolution: 40-00-00/5,76S",Fertilizantes,2025,2025-08-20 00:00:00+00,G05,L04 LOTE LOCACIÓN A,2025
6d909706,de73d6f2,c2541310,15.68,47.04,0.1,0.3,0.93,9.3,16.86,Alfamilo 90SP,Agroquímicos,2025,2025-06-07 00:00:00+00,G03,L01 LOTE ALFARERO A,2025
6d99a0f7,aed4d998,d19aa794,263.03,0,0.5,,8.8,17.6,29.89,Super Barre 55 EC,Agroquímicos,2025,2025-08-12 00:00:00+00,G01,L11 LOTE EL DRAGAL 4-1,2025
6d9d7cff,7dbf553d,c1d751bb,115.02,400.14,0.1,0.2,1.42,14.2,81,Bacillus Thuringiensis,Agroquímicos,2025,2025-06-05 00:00:00+00,P09,L08 LOTE SANTACRUZ II-LOTE 1,2025
6dc542ed,0825fce9,bca12c05,111.68,0,0.5,0,3.32,6.64,33.64,Alfasystin,Agroquímicos,2025,2025-06-05 00:00:00+00,P09,L12 LOTE SANTACRUZ II-LOTE 5A,2025
6ddcc84f,717c0a67,f886ec2d,32.82,32.82,0.5,0.5,6,12,5.47,"SoloPasto 30,41SL (plicorán+2,4D)",Agroquímicos,2025,2025-05-20 00:00:00+00,C01,LOTE JUANCHO,2025
6de68942,ce9560f0,8a4ab665,37.38,167.46,0.2,0.12,0.6,3,62.3,Eminente 45 WG,Agroquímicos,2025,2025-06-14 00:00:00+00,P09,L14 LOTE SANTACRUZ II-LOTE 6A,2025
6df7fa03,9a04ff7a,f886ec2d,16.41,27.35,0.3,0.5,3,10,5.47,"SoloPasto 30,41SL (plicorán+2,4D)",Agroquímicos,2025,2025-05-14 00:00:00+00,G01,L10 LOTE EL DRAGAL 3-1,2025
6e077f5a,9bbbe87e,cc210393,30.21,30.21,0.2,0.2,2.36,11.8,12.8,CatheClean,Agroquímicos,2025,2025-06-04 00:00:00+00,P06,L02 LOTE-02,2025
6e11c3fd,d80d8913,790b615c,156.26,0,0.5,0,15.8,31.6,9.89,Yamur 25EW,Agroquímicos,2025,2025-07-28 00:00:00+00,P09,L16 LOTE SANTACRUZ II-LOTE 9 Y 10,2025
6e17a37c,8f7aaa9d,50ea012e,184.8,393.36,3,3,42,14,4.4,Alfasato 48 SL (glifosato),Agroquímicos,2025,2025-05-27 00:00:00+00,P13,L01 LOTE 1A,2025
6e36689c,a6e30096,8a4ab665,259.17,155.5,0.2,0.12,4.16,20.8,62.3,Eminente 45 WG,Agroquímicos,2025,2025-08-20 00:00:00+00,G04,L06 LOTE A,2025
6e5f69a1,34c8b3e9,50ea012e,36.96,238.92,4,3,8.4,2.1,4.4,Alfasato 48 SL (glifosato),Agroquímicos,2025,2025-05-13 00:00:00+00,P11,L02 LOTE 5B,2025
6e88f300,6260c85b,79e8c679,781.2,781.2,4,4,124,31,6.3,Pasto: Brachiara Ruziziensis,Semillas,2025,2025-08-02 00:00:00+00,P03,L03 LOTE LA CASA C,2025
6e946c36,6fac1fd9,44237940,110.76,144.5,2,1.5,28.4,14.2,3.9,Alfaxone Super 20 SL,Agroquímicos,2025,2025-05-11 00:00:00+00,P09,L08 LOTE SANTACRUZ II-LOTE 1,2025
6eb061e8,8497038c,bdac1da2,1404,0,1,0,7.8,7.8,180,Cal dolomítica,Enmienda,2025,2025-04-29 00:00:00+00,P03,L07 LOTE L2A,2025
6eb9fff3,118dadb8,f886ec2d,28.88,48.14,0.3,0.5,5.28,17.6,5.47,"SoloPasto 30,41SL (plicorán+2,4D)",Agroquímicos,2025,2025-05-15 00:00:00+00,G01,L11 LOTE EL DRAGAL 4-1,2025
6ebcfa5d,98d91a09,ebc8d614,1102.71,1102.71,3.5,3.5,41.3,11.8,26.7,"Nitro Evolution: 40-00-00/5,76S",Fertilizantes,2025,2025-08-20 00:00:00+00,P06,L02 LOTE-02,2025
6ec527f6,7601064e,de256ae0,150.05,453.9,1,2,16.86,16.86,8.9,QuelaTech Micros,Fertilizantes,2025,2025-07-06 00:00:00+00,P09,L13 LOTE SANTACRUZ II-LOTE 5B,2025
6ef5b106,c3d8e26d,cc210393,23.81,23.81,0.2,0.2,1.86,9.3,12.8,CatheClean,Agroquímicos,2025,2025-07-02 00:00:00+00,G03,L01 LOTE ALFARERO A,2025
6f1225cb,55ee60e2,790b615c,14.84,0,0.5,0,1.5,3,9.89,Yamur 25EW,Agroquímicos,2025,2025-07-06 00:00:00+00,P09,L14 LOTE SANTACRUZ II-LOTE 6A,2025
6f2d0b36,34c8b3e9,cc210393,6.45,46.34,0.24,0.2,0.5,2.1,12.8,CatheClean,Agroquímicos,2025,2025-05-13 00:00:00+00,P11,L02 LOTE 5B,2025
6f349172,d973c512,b46d6dc9,4715.04,4125.66,8,7,112.8,14.1,41.8,"4,28N-18,52P-17,12K/5,51S+6,1MgO+0,68B+2,28Zn",Fertilizantes,2025,2025-05-16 00:00:00+00,P04,L01 LOTE-01,2025
6f4bf78b,29fa12ff,2a279588,289.49,346.32,0.09,0.06,1.62,18,178.7,MyCossed,Agroquímicos,2025,2025-05-11 00:00:00+00,P09,L04 LOTE SANTACRUZ I-LOTE 4,2025
6f6308b2,75d675a6,cc210393,249.6,66.56,0.75,0.2,19.5,26,12.8,CatheClean,Agroquímicos,2025,2025-05-28 00:00:00+00,C01,PERLA LOTE 04,2025
6f63db83,f8121e13,cc210393,123.52,120.32,0.25,0.2,9.65,38.6,12.8,CatheClean,Agroquímicos,2025,2025-08-06 00:00:00+00,G06,L02 LA REPRESA LOTE A,2025
6f6ca12a,a84f7596,cc210393,40.61,60.16,0.135,0.2,3.17,23.5,12.8,CatheClean,Agroquímicos,2025,2025-07-06 00:00:00+00,G05,L07 LOTE MATA PALO,2025
6f76ee52,75975c1f,b275b7cf,3124.8,4296.6,4,5.5,111.6,27.9,28,"25,46N-00P-21,81K/3,66S",Fertilizantes,2025,2025-07-05 00:00:00+00,G07,L03 LOTE VICTORIERO 1B,2025
6f87b6e6,96fe8df2,3072d084,452.97,452.97,1.5,1.5,31.5,21,14.38,Gadriano 30 OD,Agroquímicos,2025,2025-07-02 00:00:00+00,G03,L04 LOTE ARBOLOTE ARRIBA A,2025
6f8979ec,20af0819,f886ec2d,51.97,51.97,0.5,0.5,9.5,19,5.47,"SoloPasto 30,41SL (plicorán+2,4D)",Agroquímicos,2025,2025-05-21 00:00:00+00,P03,L10 LOTE L2D1,2025
6f8b728f,eeed4085,73a629e4,360.7,721.4,0.5,1,17.25,34.5,20.91,Jupiter 25 EC (piraclostrobina),Agroquímicos,2025,2025-06-17 00:00:00+00,P08,L01 LOTE-01,2025
6fa8d966,8c9c2b25,b6a9d42e,5205.2,5278,1.3,1.3,37.18,28.6,140,Maíz: Danac-029 c/fortenza duo,Semillas,2025,2025-07-10 00:00:00+00,C01,PERLA LOTE 06,2025
6fc0f4e9,9895fb41,50ea012e,123.2,92.4,4,3,28,7,4.4,Alfasato 48 SL (glifosato),Agroquímicos,2025,2025-05-01 00:00:00+00,C01,PERLA LOTE 2A,2025
6fee76d4,6b426b30,f886ec2d,140.31,46.77,1.5,0.5,25.65,17.1,5.47,"SoloPasto 30,41SL (plicorán+2,4D)",Agroquímicos,2025,2025-06-24 00:00:00+00,P08,L05 LOTE 4A,2025
6ffab59d,97eaa262,f886ec2d,149,86.43,1.5,0.5,27.24,18.16,5.47,"SoloPasto 30,41SL (plicorán+2,4D)",Agroquímicos,2025,2025-07-10 00:00:00+00,P09,L16 LOTE SANTACRUZ II-LOTE 9 Y 10,2025
6ffbae76,5bc82c91,c1d751bb,81,285.12,0.1,0.2,1,10,81,Bacillus Thuringiensis,Agroquímicos,2025,2025-07-22 00:00:00+00,P03,L18 LOTE LA LAGUNA,2025
6ffecf47,93067a9a,cc210393,20.22,20.22,0.2,0.2,1.58,7.9,12.8,CatheClean,Agroquímicos,2025,2025-05-15 00:00:00+00,P02,L09 LOTE-07,2025
70000b89,edcc657c,de6596dc,76.56,54.91,0.15,0.065,1.74,11.6,44,Grafito,Semillas,2025,2025-06-01 00:00:00+00,P09,L01 LOTE SANTACRUZ I-LOTE 1,2025
700a4dbe,f71b0210,de256ae0,361.34,361.34,2,2,40.6,20.3,8.9,QuelaTech Micros,Fertilizantes,2025,2025-08-20 00:00:00+00,G04,L08 LOTE C,2025
7042cee2,16406399,f886ec2d,24.62,47.59,0.3,0.5,4.5,15,5.47,"SoloPasto 30,41SL (plicorán+2,4D)",Agroquímicos,2025,2025-06-03 00:00:00+00,G02,L01 LOTE EL TANQUE-A,2025
705aa3f2,6d2f1f7b,cc210393,39.68,79.36,0.1,0.2,3.1,31,12.8,CatheClean,Agroquímicos,2025,2025-07-15 00:00:00+00,P03,L03 LOTE LA CASA C,2025
706135f3,658a566a,bdac1da2,1674,0,0.3,0,9.3,31,180,Cal dolomítica,Enmienda,2025,2025-05-07 00:00:00+00,G03,L11 LOTE LA TRINCHERA C,2025
706cdaa5,39962293,b6a9d42e,3640,3640,1.3,1.3,26,20,140,Maíz: Danac-029 c/fortenza duo,Semillas,2025,2025-05-16 00:00:00+00,G01,L12 LOTE EL MANGO B,2025
707a9736,0825fce9,73a629e4,69.42,338.74,0.5,1,3.32,6.64,20.91,Jupiter 25 EC (piraclostrobina),Agroquímicos,2025,2025-06-05 00:00:00+00,P09,L12 LOTE SANTACRUZ II-LOTE 5A,2025
70857c6e,01a9bc17,cc210393,3.52,14.08,0.05,0.2,0.28,5.5,12.8,CatheClean,Agroquímicos,2025,2025-07-31 00:00:00+00,G01,L07 LOTE EL DRAGAL 1-1,2025
70901c9f,f82684d3,61e0f8a6,4607.85,0,1.3,0,19.5,15,236.3,Dekalb 410,Semillas,2025,2025-07-18 00:00:00+00,G05,L09 LOTE RAMIREZ B,2025
7092a089,849002bc,2a279588,277.7,277.7,0.06,0.06,1.55,25.9,178.7,MyCossed,Agroquímicos,2025,2025-05-29 00:00:00+00,P07,L03 LOTE 3C,2025
709f38d9,7601064e,3072d084,143.22,550.04,1.5,1.5,9.96,6.64,14.38,Gadriano 30 OD,Agroquímicos,2025,2025-06-05 00:00:00+00,P09,L13 LOTE SANTACRUZ II-LOTE 5B,2025
70cd9dda,f0652540,50ea012e,512.16,384.12,4,3,116.4,29.1,4.4,Alfasato 48 SL (glifosato),Agroquímicos,2025,2025-05-13 00:00:00+00,P11,L06 LOTE 7C,2025
70f39f69,ecf949b9,c1d751bb,164.43,328.86,0.1,0.2,2.03,20.3,81,Bacillus Thuringiensis,Agroquímicos,2025,2025-06-19 00:00:00+00,G04,L08 LOTE C,2025
70f53880,91a0374c,de6596dc,0,74.36,0,0.065,0,26,44,Grafito,Semillas,2025,2025-05-30 00:00:00+00,C01,PERLA LOTE 04,2025
711af136,d39dd1fa,ce31a1fd,2730,0,1.3,0,19.5,15,140,Maíz: Danac-430 c/fortenza duo,Semillas,2025,2025-06-03 00:00:00+00,G02,L04 LOS BECERROS,2025
712a39ab,3fd2c428,bca12c05,50.46,0,0.5,0,1.5,3,33.64,Alfasystin,Agroquímicos,2025,2025-06-05 00:00:00+00,P09,L14 LOTE SANTACRUZ II-LOTE 6A,2025
7157645b,9082e3ea,d73f9b82,0,0,1,,18.1,18.1,,Alfavin,Agroquímicos,2025,2025-07-10 00:00:00+00,P11,L02 LOTE 5B,2025
717b9bcc,eebfd618,c1d751bb,312.66,761.4,0.1,0.2,3.86,38.6,81,Bacillus Thuringiensis,Agroquímicos,2025,2025-06-21 00:00:00+00,G06,L02 LA REPRESA LOTE A,2025
717c5f18,fe6bedc8,de6596dc,73.48,47.76,0.1,0.065,1.67,16.7,44,Grafito,Semillas,2025,2025-05-27 00:00:00+00,P11,L01 LOTE 5A,2025
71881541,bc4f2764,50ea012e,233.64,233.64,3,3,53.1,17.7,4.4,Alfasato 48 SL (glifosato),Agroquímicos,2025,2025-05-23 00:00:00+00,G01,L06 LOTE EL DRAGAL 4B,2025
71a6f884,c928a5e1,73a629e4,209.1,439.11,0.5,1,10,20,20.91,Jupiter 25 EC (piraclostrobina),Agroquímicos,2025,2025-05-28 00:00:00+00,C01,PERLA LOTE 01,2025
71b90c03,0b363115,aa72374c,129.9,415.68,3,2.5,15,5,8.66,Pendialfa 50 EC,Agroquímicos,2025,2025-05-11 00:00:00+00,P09,L01 LOTE SANTACRUZ I-LOTE 1,2025
71c21ddf,9d6b6d34,2a279588,136.71,182.27,0.045,0.06,0.77,17,178.7,MyCossed,Agroquímicos,2025,2025-05-24 00:00:00+00,G04,L07 LOTE B,2025
71d0cdc7,9955ed35,b46d6dc9,5467.44,6378.68,6,7,130.8,21.8,41.8,"4,28N-18,52P-17,12K/5,51S+6,1MgO+0,68B+2,28Zn",Fertilizantes,2025,2025-06-01 00:00:00+00,G03,L09 LOTE LA TRINCHERA A,2025
71de1e30,e228b868,50ea012e,279.84,279.84,3,3,63.6,21.2,4.4,Alfasato 48 SL (glifosato),Agroquímicos,2025,2025-05-27 00:00:00+00,G04,L02 LOTE CIRUELA ARRIBA,2025
71f3d32e,530a985d,8a4ab665,75.38,90.46,0.1,0.12,1.21,12.1,62.3,Eminente 45 WG,Agroquímicos,2025,2025-07-30 00:00:00+00,P03,L17 LOTE EL CUADRITO,2025
71fe8909,e04cd03c,b275b7cf,3707.2,5097.4,4,5.5,132.4,33.1,28,"25,46N-00P-21,81K/3,66S",Fertilizantes,2025,2025-07-04 00:00:00+00,G07,L01 LOTE SAMANCITO,2025
722443b3,7c713080,c8ffca92,162.4,8.12,1,0.05,20.3,20.3,8,Trampa de feromonas,Agroquímicos,2025,2025-05-31 00:00:00+00,G04,L08 LOTE C,2025
72413547,c928a5e1,bca12c05,336.4,0,0.5,0,10,20,33.64,Alfasystin,Agroquímicos,2025,2025-05-28 00:00:00+00,C01,PERLA LOTE 01,2025
7250b514,e2222a64,2a279588,117.88,173.7,0.069,0.06,0.66,9.56,178.7,MyCossed,Agroquímicos,2025,2025-06-01 00:00:00+00,P09,L12 LOTE SANTACRUZ II-LOTE 5A,2025
7255022f,6997a6bf,f886ec2d,53.5,89.16,0.3,0.5,9.78,32.6,5.47,"SoloPasto 30,41SL (plicorán+2,4D)",Agroquímicos,2025,2025-06-12 00:00:00+00,G05,L01 LOTE BAJO DE LOMA,2025
7258e0a8,eebfd618,3072d084,832.6,1013.79,1.5,1.5,57.9,38.6,14.38,Gadriano 30 OD,Agroquímicos,2025,2025-06-21 00:00:00+00,G06,L02 LA REPRESA LOTE A,2025
725c1399,e21dde72,aa72374c,444.78,430.84,3,2.5,51.36,17.12,8.66,Pendialfa 50 EC,Agroquímicos,2025,2025-07-15 00:00:00+00,P09,L10 LOTE SANTACRUZ II-LOTE 2B,2025
727ad5d2,b707e5db,3072d084,161.34,767.89,1.5,1.5,11.22,7.48,14.38,Gadriano 30 OD,Agroquímicos,2025,2025-07-15 00:00:00+00,P09,L11 LOTE SANTACRUZ II-LOTE 3,2025
72a453ad,d14a2a6d,cc210393,28.22,76.03,0.15,0.2,2.21,14.7,12.8,CatheClean,Agroquímicos,2025,2025-07-17 00:00:00+00,P03,L11 LOTE L2D2,2025
72c3363c,a3a718e9,73a629e4,333.51,667.03,0.5,1,15.95,31.9,20.91,Jupiter 25 EC (piraclostrobina),Agroquímicos,2025,2025-06-05 00:00:00+00,P09,L05 LOTE SANTACRUZ I-LOTE 5,2025
72e074f9,5d5724d9,cc210393,49.92,49.92,0.2,0.2,3.9,19.5,12.8,CatheClean,Agroquímicos,2025,2025-08-10 00:00:00+00,G03,L03 LOTE ALFARERO D,2025
72f18f89,a83cf68d,f886ec2d,62.91,86.43,0.5,0.5,11.5,23,5.47,"SoloPasto 30,41SL (plicorán+2,4D)",Agroquímicos,2025,2025-05-21 00:00:00+00,P09,L16 LOTE SANTACRUZ II-LOTE 9 Y 10,2025
72f5624a,ebda141d,cc210393,31.23,31.23,0.2,0.2,2.44,12.2,12.8,CatheClean,Agroquímicos,2025,2025-05-29 00:00:00+00,P07,L04 LOTE 3D,2025
7364a99a,8e18c825,cc210393,19.84,39.68,0.1,0.2,1.55,15.5,12.8,CatheClean,Agroquímicos,2025,2025-06-24 00:00:00+00,P08,L03 LOTE 3A,2025
737a138e,ff4f9345,f886ec2d,32.66,77.4,0.3,0.5,5.97,19.9,5.47,"SoloPasto 30,41SL (plicorán+2,4D)",Agroquímicos,2025,2025-06-01 00:00:00+00,G06,L03 LA REPRESA LOTE B,2025
73978664,bfd1d6e6,8a4ab665,249.2,149.52,0.2,0.12,4,20,62.3,Eminente 45 WG,Agroquímicos,2025,2025-07-31 00:00:00+00,G01,L12 LOTE EL MANGO B,2025
73a5d0ba,552fc1db,b46d6dc9,1755.6,5705.7,6,7,42,7,41.8,"4,28N-18,52P-17,12K/5,51S+6,1MgO+0,68B+2,28Zn",Fertilizantes,2025,2025-06-01 00:00:00+00,G03,L03 LOTE ALFARERO D,2025
73c333e6,d163787a,b46d6dc9,3511.2,3511.2,7,7,84,12,41.8,"4,28N-18,52P-17,12K/5,51S+6,1MgO+0,68B+2,28Zn",Fertilizantes,2025,2025-06-18 00:00:00+00,P06,L01 LOTE-01,2025
73d44257,07dd311b,2a279588,170.48,227.31,0.045,0.06,0.95,21.2,178.7,MyCossed,Agroquímicos,2025,2025-05-27 00:00:00+00,G04,L02 LOTE CIRUELA ARRIBA,2025
73d9cc3e,f0c6fada,8a4ab665,74.76,44.86,0.2,0.12,1.2,6,62.3,Eminente 45 WG,Agroquímicos,2025,2025-07-02 00:00:00+00,P03,L19 LOTE L2F,2025
73ded078,8675ef40,ebc8d614,2611.26,3046.47,3,3.5,97.8,32.6,26.7,"Nitro Evolution: 40-00-00/5,76S",Fertilizantes,2025,2025-07-08 00:00:00+00,G05,L01 LOTE BAJO DE LOMA,2025
73fdd3cc,98c8b311,cc210393,52.62,41.47,0.43,0.2,4.11,9.56,12.8,CatheClean,Agroquímicos,2025,2025-07-06 00:00:00+00,P09,L12 LOTE SANTACRUZ II-LOTE 5A,2025
740948a2,974a564b,b46d6dc9,2984.52,2984.52,7,7,71.4,10.2,41.8,"4,28N-18,52P-17,12K/5,51S+6,1MgO+0,68B+2,28Zn",Fertilizantes,2025,2025-08-05 00:00:00+00,G04,L03 LOTE LOMA AMARILLA,2025
7474ceb4,22889750,ebc8d614,3310.8,2896.95,4,3.5,124,31,26.7,"Nitro Evolution: 40-00-00/5,76S",Fertilizantes,2025,2025-07-25 00:00:00+00,P03,L03 LOTE LA CASA C,2025
74880df7,a83cf68d,50ea012e,151.36,417.12,4,3,34.4,8.6,4.4,Alfasato 48 SL (glifosato),Agroquímicos,2025,2025-05-23 00:00:00+00,P09,L16 LOTE SANTACRUZ II-LOTE 9 Y 10,2025
749bd665,3083df7f,bca12c05,85.78,0,0.25,0,2.55,10.2,33.64,Alfasystin,Agroquímicos,2025,2025-06-19 00:00:00+00,G04,L03 LOTE LOMA AMARILLA,2025
749c05b9,786a3acc,cc210393,62.21,41.47,0.3,0.2,4.86,16.2,12.8,CatheClean,Agroquímicos,2025,2025-05-11 00:00:00+00,P09,L12 LOTE SANTACRUZ II-LOTE 5A,2025
74b3d4b7,5b33b6e4,f886ec2d,61.81,61.81,0.5,0.5,11.3,22.6,5.47,"SoloPasto 30,41SL (plicorán+2,4D)",Agroquímicos,2025,2025-06-08 00:00:00+00,G03,L07 EL DESQUITE A,2025
74b6e22d,3319beaf,2a279588,242.32,242.32,0.06,0.06,1.36,22.6,178.7,MyCossed,Agroquímicos,2025,2025-06-08 00:00:00+00,G03,L07 EL DESQUITE A,2025
74e4f416,90a99b0b,50ea012e,101.2,60.72,5,3,23,4.6,4.4,Alfasato 48 SL (glifosato),Agroquímicos,2025,2025-06-20 00:00:00+00,P06,L04 LOTE-03 B,2025
74e7850f,1c0a397c,bca12c05,289.64,0,0.3,0,8.61,28.7,33.64,Alfasystin,Agroquímicos,2025,2025-07-06 00:00:00+00,G05,L06 LOTE LOMA 2,2025
74f5c27d,534cf2b4,73a629e4,143.23,600.12,0.5,1,6.85,13.7,20.91,Jupiter 25 EC (piraclostrobina),Agroquímicos,2025,2025-08-15 00:00:00+00,G05,L09 LOTE RAMIREZ B,2025
74fcd645,7d8ea755,8a4ab665,203.1,121.86,0.2,0.12,3.26,16.3,62.3,Eminente 45 WG,Agroquímicos,2025,2025-08-20 00:00:00+00,P04,L03 LOTE-03,2025
75239f91,3400d4f4,cc210393,62.05,51.71,0.24,0.2,4.85,20.2,12.8,CatheClean,Agroquímicos,2025,2025-05-13 00:00:00+00,P11,L04 LOTE 7A,2025
75715459,69515c44,b275b7cf,2100,2310,5,5.5,75,15,28,"25,46N-00P-21,81K/3,66S",Fertilizantes,2025,2025-07-08 00:00:00+00,P06,L05 LOTE-03 C,2025
757373ab,d5c99514,bfe0f583,0,0,2,0,14,7,,Atrazina,Agroquímicos,2025,2025-08-19 00:00:00+00,G03,L04 LOTE ARBOLOTE ARRIBA A,2025
757a1aed,9010008a,2a279588,263.76,263.76,0.06,0.06,1.48,24.6,178.7,MyCossed,Agroquímicos,2025,2025-06-08 00:00:00+00,G03,L13 LOTE LOS CARO-02 B,2025
75cb5575,15e50ba6,d73f9b82,0,0,1,,9.3,9.3,,Alfavin,Agroquímicos,2025,2025-08-12 00:00:00+00,G01,L04 LOTE EL DRAGAL 2B,2025
75cb8fb8,b728a74c,b275b7cf,392,1078,2,5.5,14,7,28,"25,46N-00P-21,81K/3,66S",Fertilizantes,2025,2025-08-05 00:00:00+00,G01,L08 LOTE EL MANGO C,2025
75eeeea7,ddf2fa56,b6a9d42e,3094,4914,1.3,1.3,22.1,17,140,Maíz: Danac-029 c/fortenza duo,Semillas,2025,2025-05-27 00:00:00+00,P11,L03 LOTE-06,2025
7603d555,f5f9a382,cc210393,44.41,65.79,0.135,0.2,3.47,25.7,12.8,CatheClean,Agroquímicos,2025,2025-08-15 00:00:00+00,G05,L08 LOTE RAMIREZ A,2025
7625924a,b1a26da3,0edac71f,6610.08,0,8,,188,23.5,35.16,"4N-17,4P-22,4K/4,6S+5,2MgO+0,68B+1,7Zn",Fertilizantes,2025,2025-07-23 00:00:00+00,P03,L15 LOTE LAS 60 B,2025
7625c5f8,f7c1484c,50ea012e,431.2,363,4,3,98,24.5,4.4,Alfasato 48 SL (glifosato),Agroquímicos,2025,2025-05-23 00:00:00+00,P09,L06 LOTE SANTACRUZ I-LOTE 6A,2025
7646ca78,7d18e1c1,c1d751bb,139.32,278.64,0.1,0.2,1.72,17.2,81,Bacillus Thuringiensis,Agroquímicos,2025,2025-06-20 00:00:00+00,P04,L05 LOTE 25 ha B,2025
76755d3a,490e520c,bdac1da2,3186,0,1,0,17.7,17.7,180,Cal dolomítica,Enmienda,2025,2025-05-08 00:00:00+00,G01,L06 LOTE EL DRAGAL 4B,2025
768597f8,f1c4a404,f886ec2d,56.89,28.44,1,0.5,10.4,10.4,5.47,"SoloPasto 30,41SL (plicorán+2,4D)",Agroquímicos,2025,2025-06-20 00:00:00+00,P03,L02 LOTE LA CASA A,2025
76aabb5f,cf5cf90e,50ea012e,397.76,298.32,4,3,90.4,22.6,4.4,Alfasato 48 SL (glifosato),Agroquímicos,2025,2025-05-21 00:00:00+00,C02,L02 LOTE ARENERO 2 LOTE-01,2025
76aba845,8ad00e1e,b6a9d42e,3549,3549,1.3,1.3,25.35,19.5,140,Maíz: Danac-029 c/fortenza duo,Semillas,2025,2025-06-01 00:00:00+00,G03,L03 LOTE ALFARERO D,2025
76b45e9d,e63d810e,8a4ab665,170.7,217.55,0.2,0.12,2.74,13.7,62.3,Eminente 45 WG,Agroquímicos,2025,2025-06-09 00:00:00+00,P11,L06 LOTE 7C,2025
76ce42d7,be7adb89,aa72374c,346.4,433,2,2.5,40,20,8.66,Pendialfa 50 EC,Agroquímicos,2025,2025-05-18 00:00:00+00,G01,L12 LOTE EL MANGO B,2025
76e2c23d,a5590190,50ea012e,343.2,462,3,3,78,26,4.4,Alfasato 48 SL (glifosato),Agroquímicos,2025,2025-06-30 00:00:00+00,P03,L06 LOS CACHICAMOS,2025
76eabb68,ff19a30a,c1d751bb,183.06,366.12,0.1,0.2,2.26,22.6,81,Bacillus Thuringiensis,Agroquímicos,2025,2025-07-02 00:00:00+00,G03,L07 EL DESQUITE A,2025
76ed846f,ff442033,ebc8d614,1602,1869,3,3.5,60,20,26.7,"Nitro Evolution: 40-00-00/5,76S",Fertilizantes,2025,2025-08-05 00:00:00+00,G01,L12 LOTE EL MANGO B,2025
76fd2a9e,3e33a1f0,b6a9d42e,4477.2,4477.2,1.3,1.3,31.98,24.6,140,Maíz: Danac-029 c/fortenza duo,Semillas,2025,2025-06-08 00:00:00+00,G03,L13 LOTE LOS CARO-02 B,2025
771369a3,ff19a30a,3072d084,649.98,487.48,2,1.5,45.2,22.6,14.38,Gadriano 30 OD,Agroquímicos,2025,2025-08-18 00:00:00+00,G03,L07 EL DESQUITE A,2025
772f364c,ba8fd8e7,cc210393,83.2,66.56,0.25,0.2,6.5,26,12.8,CatheClean,Agroquímicos,2025,2025-06-18 00:00:00+00,P03,L13 LOTE LAS 50 B LOTE,2025
7739b61e,f8121e13,f886ec2d,63.34,128.55,0.3,0.5,11.58,38.6,5.47,"SoloPasto 30,41SL (plicorán+2,4D)",Agroquímicos,2025,2025-06-01 00:00:00+00,G06,L02 LA REPRESA LOTE A,2025
77c7bfb2,c606a5f8,cc210393,82.94,69.12,0.24,0.2,6.48,27,12.8,CatheClean,Agroquímicos,2025,2025-05-13 00:00:00+00,P11,L03 LOTE-06,2025
77cd4c6e,92655fa7,ebc8d614,1687.44,2953.02,2,3.5,63.2,31.6,26.7,"Nitro Evolution: 40-00-00/5,76S",Fertilizantes,2025,2025-07-15 00:00:00+00,P09,L16 LOTE SANTACRUZ II-LOTE 9 Y 10,2025
77dcf391,3c9e0bdb,2a279588,418.16,278.77,0.09,0.06,2.34,26,178.7,MyCossed,Agroquímicos,2025,2025-05-19 00:00:00+00,P03,L13 LOTE LAS 50 B LOTE,2025
77f38b4a,1ce522a0,b46d6dc9,11001.76,9626.54,8,7,263.2,32.9,41.8,"4,28N-18,52P-17,12K/5,51S+6,1MgO+0,68B+2,28Zn",Fertilizantes,2025,2025-06-01 00:00:00+00,P05,L01 LOTE EL PALMAR 1,2025
77f530c6,3258064e,73a629e4,271.83,543.66,0.5,1,13,26,20.91,Jupiter 25 EC (piraclostrobina),Agroquímicos,2025,2025-07-02 00:00:00+00,G03,L08 EL DESQUITE B,2025
78067c0a,6643d357,de6596dc,45.54,65.78,0.045,0.065,1.04,23,44,Grafito,Semillas,2025,2025-06-30 00:00:00+00,P03,L16 LOTE LOS MANGOS,2025
781005dd,bcd075db,73a629e4,153.69,307.38,0.5,1,7.35,14.7,20.91,Jupiter 25 EC (piraclostrobina),Agroquímicos,2025,2025-07-06 00:00:00+00,G05,L05 LOTE LOMA 1,2025
78214ff2,212ceb94,de256ae0,156.64,156.64,2,2,17.6,8.8,8.9,QuelaTech Micros,Fertilizantes,2025,2025-07-31 00:00:00+00,G01,L05 LOTE EL DRAGAL 2-1,2025
7854155d,e70d346b,bca12c05,152.05,0,0.2,0,4.52,22.6,33.64,Alfasystin,Agroquímicos,2025,2025-08-11 00:00:00+00,G03,L07 EL DESQUITE A,2025
785df519,506fd1c5,b6a9d42e,1791.3,3312.4,1.5,1.3,12.8,8.53,140,Maíz: Danac-029 c/fortenza duo,Semillas,2025,2025-07-06 00:00:00+00,P09,L15 LOTE SANTACRUZ II-LOTE 6B,2025
787c1a16,0003a049,ebc8d614,1882.35,2196.08,3,3.5,70.5,23.5,26.7,"Nitro Evolution: 40-00-00/5,76S",Fertilizantes,2025,2025-08-11 00:00:00+00,G05,L07 LOTE MATA PALO,2025
78b42c02,5613ee89,de6596dc,3.23,56.91,0.075,0.065,0.07,0.98,44,Grafito,Semillas,2025,2025-06-20 00:00:00+00,P09,L10 LOTE SANTACRUZ II-LOTE 2B,2025
78be5ff3,cf5b8e16,f886ec2d,48.41,48.41,0.5,0.5,8.85,17.7,5.47,"SoloPasto 30,41SL (plicorán+2,4D)",Agroquímicos,2025,2025-05-15 00:00:00+00,P02,L10 LOTE-08,2025
78d47e74,3ed354a1,aa72374c,672.88,560.74,3,2.5,77.7,25.9,8.66,Pendialfa 50 EC,Agroquímicos,2025,2025-05-29 00:00:00+00,P07,L03 LOTE 3C,2025
78fc4ba3,a7763893,b6a9d42e,6678,6479.2,1.5,1.3,47.7,31.8,140,Maíz: Danac-029 c/fortenza duo,Semillas,2025,2025-06-20 00:00:00+00,P09,L11 LOTE SANTACRUZ II-LOTE 3,2025
7903ac86,2d3a1739,50ea012e,232.32,232.32,3,3,52.8,17.6,4.4,Alfasato 48 SL (glifosato),Agroquímicos,2025,2025-05-23 00:00:00+00,G01,L11 LOTE EL DRAGAL 4-1,2025
79058d62,b1a26da3,de6596dc,13.86,87.23,0.045,0.065,0.32,7,44,Grafito,Semillas,2025,2025-07-09 00:00:00+00,P03,L15 LOTE LAS 60 B,2025
7906159a,1c0a397c,cc210393,49.59,73.47,0.135,0.2,3.87,28.7,12.8,CatheClean,Agroquímicos,2025,2025-07-14 00:00:00+00,G05,L06 LOTE LOMA 2,2025
79132381,a1679c89,79e8c679,504,504,4,4,80,20,6.3,Pasto: Brachiara Ruziziensis,Semillas,2025,2025-07-03 00:00:00+00,G01,L12 LOTE EL MANGO B,2025
79334aae,89fd8d63,f886ec2d,69.99,49.78,1.5,0.5,12.8,8.53,5.47,"SoloPasto 30,41SL (plicorán+2,4D)",Agroquímicos,2025,2025-07-10 00:00:00+00,P09,L15 LOTE SANTACRUZ II-LOTE 6B,2025
7946db4c,506fd1c5,b6a9d42e,2553.6,3312.4,1.5,1.3,18.24,12.16,140,Maíz: Danac-029 c/fortenza duo,Semillas,2025,2025-06-01 00:00:00+00,P09,L15 LOTE SANTACRUZ II-LOTE 6B,2025
795d7372,64cfd163,aa72374c,166.27,207.84,2,2.5,19.2,9.6,8.66,Pendialfa 50 EC,Agroquímicos,2025,2025-07-31 00:00:00+00,G01,L01 LOTE DETRÁS DE LA CASA OESTE,2025
796890a6,53c9e1f5,ebc8d614,1068,1644.72,4,3.5,40,10,26.7,"Nitro Evolution: 40-00-00/5,76S",Fertilizantes,2025,2025-08-05 00:00:00+00,P03,L18 LOTE LA LAGUNA,2025
79c4f105,2e0ec371,3072d084,460.16,437.87,2,1.5,32,16,14.38,Gadriano 30 OD,Agroquímicos,2025,2025-07-02 00:00:00+00,C02,L01 ARENERO 1 LOTE-02,2025
79f4b712,2058c59d,ebc8d614,2509.8,2850.23,4,3.5,94,23.5,26.7,"Nitro Evolution: 40-00-00/5,76S",Fertilizantes,2025,2025-08-20 00:00:00+00,P03,L14 LOTE LAS 60 A LOTE,2025
7a012d0d,ffbd4454,8a4ab665,303.15,266.15,0.2,0.12,4.87,24.33,62.3,Eminente 45 WG,Agroquímicos,2025,2025-07-15 00:00:00+00,P09,L11 LOTE SANTACRUZ II-LOTE 3,2025
7a04df83,5aebee80,b275b7cf,3931.2,5405.4,4,5.5,140.4,35.1,28,"25,46N-00P-21,81K/3,66S",Fertilizantes,2025,2025-06-30 00:00:00+00,P08,L02 LOTE-02,2025
7a2f09a8,ff59542f,de6596dc,96.8,87.23,0.1,0.065,2.2,22,44,Grafito,Semillas,2025,2025-07-23 00:00:00+00,P03,L14 LOTE LAS 60 A LOTE,2025
7a30f075,7c9f8acc,cc210393,8.7,17.41,0.1,0.2,0.68,6.8,12.8,CatheClean,Agroquímicos,2025,2025-07-17 00:00:00+00,P03,L07 LOTE L2A,2025
7a369470,6467446f,cc210393,136.7,91.14,0.3,0.2,10.68,35.6,12.8,CatheClean,Agroquímicos,2025,2025-05-25 00:00:00+00,P09,L11 LOTE SANTACRUZ II-LOTE 3,2025
7a3f29a0,0b363115,cc210393,19.2,49.15,0.3,0.2,1.5,5,12.8,CatheClean,Agroquímicos,2025,2025-05-11 00:00:00+00,P09,L01 LOTE SANTACRUZ I-LOTE 1,2025
7a41b4fe,f8121e13,f886ec2d,105.57,128.55,0.5,0.5,19.3,38.6,5.47,"SoloPasto 30,41SL (plicorán+2,4D)",Agroquímicos,2025,2025-08-06 00:00:00+00,G06,L02 LA REPRESA LOTE A,2025
7a628f2e,229cd7cc,2a279588,282.26,376.34,0.045,0.06,1.58,35.1,178.7,MyCossed,Agroquímicos,2025,2025-05-30 00:00:00+00,P08,L02 LOTE-02,2025
7a6c80ca,ca50ffda,b275b7cf,2380,3126.2,5,5.5,85,17,28,"25,46N-00P-21,81K/3,66S",Fertilizantes,2025,2025-07-07 00:00:00+00,C02,L01 ARENERO 1 LOTE-02,2025
7a6e347d,fbd374a3,7a071d0e,5033.6,0,1.3,0,22.88,17.6,220,Lucino,Semillas,2025,2025-05-25 00:00:00+00,G01,L11 LOTE EL DRAGAL 4-1,2025
7a6ec09b,97eaa262,cc210393,99.95,80.9,0.43,0.2,7.81,18.16,12.8,CatheClean,Agroquímicos,2025,2025-06-10 00:00:00+00,P09,L16 LOTE SANTACRUZ II-LOTE 9 Y 10,2025
7a8910c4,774ed569,b6a9d42e,5642,5642,1.3,1.3,40.3,31,140,Maíz: Danac-029 c/fortenza duo,Semillas,2025,2025-06-02 00:00:00+00,G03,L11 LOTE LA TRINCHERA C,2025
7abb8576,ca543aea,cc210393,10.2,40.7,0.135,0.2,0.8,5.9,12.8,CatheClean,Agroquímicos,2025,2025-08-11 00:00:00+00,G05,L02 LOTE COCO LOMA GRANDE,2025
7ac58577,a4415b22,8a4ab665,300.91,240.73,0.15,0.12,4.83,32.2,62.3,Eminente 45 WG,Agroquímicos,2025,2025-07-11 00:00:00+00,G07,L04 LOTE VICTORIERO 1C,2025
7ac8bf01,4e7530e3,de256ae0,261.66,261.66,2,2,29.4,14.7,8.9,QuelaTech Micros,Fertilizantes,2025,2025-07-14 00:00:00+00,G05,L05 LOTE LOMA 1,2025
7ade0490,c0d1f794,50ea012e,448.8,277.2,4,3,102,25.5,4.4,Alfasato 48 SL (glifosato),Agroquímicos,2025,2025-04-30 00:00:00+00,C01,PERLA LOTE 01,2025
7adf5453,3083df7f,c1d751bb,82.62,165.24,0.1,0.2,1.02,10.2,81,Bacillus Thuringiensis,Agroquímicos,2025,2025-06-19 00:00:00+00,G04,L03 LOTE LOMA AMARILLA,2025
7ae08650,7a2472d4,b46d6dc9,1213.87,5325.32,8,7,29.04,3.63,41.8,"4,28N-18,52P-17,12K/5,51S+6,1MgO+0,68B+2,28Zn",Fertilizantes,2025,2025-06-01 00:00:00+00,P09,L15 LOTE SANTACRUZ II-LOTE 6B,2025
7ae7d56f,feaed3d0,d19aa794,866.81,0,1,,29,29,29.89,Super Barre 55 EC,Agroquímicos,2025,2025-07-08 00:00:00+00,C01,PERLA LOTE 06,2025
7b30460b,6421c749,bca12c05,228.75,0,0.25,0,6.8,27.2,33.64,Alfasystin,Agroquímicos,2025,2025-07-31 00:00:00+00,G01,L02 LOTE LOS MANGOS,2025
7b3395b7,9be40d57,c2541310,41.48,124.43,0.1,0.3,2.46,24.6,16.86,Alfamilo 90SP,Agroquímicos,2025,2025-06-08 00:00:00+00,G03,L13 LOTE LOS CARO-02 B,2025
7b3818e3,97eaa262,aa72374c,820.97,684.14,3,2.5,94.8,31.6,8.66,Pendialfa 50 EC,Agroquímicos,2025,2025-07-06 00:00:00+00,P09,L16 LOTE SANTACRUZ II-LOTE 9 Y 10,2025
7b45bca3,abc16c2b,b46d6dc9,8163540,8163.54,7000,7,195300,27.9,41.8,"4,28N-18,52P-17,12K/5,51S+6,1MgO+0,68B+2,28Zn",Fertilizantes,2025,2025-06-15 00:00:00+00,G07,L03 LOTE VICTORIERO 1B,2025
7b4ddb8f,90eaf18f,cc210393,7.04,14.08,0.1,0.2,0.55,5.5,12.8,CatheClean,Agroquímicos,2025,2025-05-22 00:00:00+00,G01,L07 LOTE EL DRAGAL 1-1,2025
7b53bc8e,d287b5ab,bdac1da2,612,0,1,0,3.4,3.4,180,Cal dolomítica,Enmienda,2025,2025-04-30 00:00:00+00,G01,L03 LOTE DETRÁS DE LA CASA B,2025
7b6b1731,05b85bc6,cc210393,39.68,15.87,0.5,0.2,3.1,6.2,12.8,CatheClean,Agroquímicos,2025,2025-06-19 00:00:00+00,G04,L05 LOTE LOMAS DE MEDANO,2025
7b7cca5f,f50b0ca6,2a279588,81.75,195.14,0.069,0.06,0.46,6.63,178.7,MyCossed,Agroquímicos,2025,2025-06-01 00:00:00+00,P09,L15 LOTE SANTACRUZ II-LOTE 6B,2025
7b8942c7,9bd4af62,50ea012e,155.76,159.72,3,3,35.4,11.8,4.4,Alfasato 48 SL (glifosato),Agroquímicos,2025,2025-05-31 00:00:00+00,P03,L17 LOTE EL CUADRITO,2025
7b9a441e,e8f189cc,cc210393,26.11,69.63,0.075,0.2,2.04,27.2,12.8,CatheClean,Agroquímicos,2025,2025-07-31 00:00:00+00,G01,L02 LOTE LOS MANGOS,2025
7bac2a73,2b2948a7,c8ffca92,10.4,10.4,0.05,0.05,1.3,26,8,Trampa de feromonas,Agroquímicos,2025,2025-07-02 00:00:00+00,G03,L08 EL DESQUITE B,2025
7baf6a09,10684511,c2541310,11.3,116.33,0.1,0.3,0.67,6.7,16.86,Alfamilo 90SP,Agroquímicos,2025,2025-07-17 00:00:00+00,P03,L09 LOTE L2C,2025
7bc9b588,e0b54c97,cc210393,12.8,17.41,0.25,0.2,1,4,12.8,CatheClean,Agroquímicos,2025,2025-05-24 00:00:00+00,P03,L07 LOTE L2A,2025
7bd6d05d,ce756e97,50ea012e,277.2,277.2,3,3,63,21,4.4,Alfasato 48 SL (glifosato),Agroquímicos,2025,2025-06-08 00:00:00+00,G03,L04 LOTE ARBOLOTE ARRIBA A,2025
7bf1bb0d,f71b0210,8a4ab665,252.94,151.76,0.2,0.12,4.06,20.3,62.3,Eminente 45 WG,Agroquímicos,2025,2025-08-20 00:00:00+00,G04,L08 LOTE C,2025
7c01914d,bf2fe06d,b46d6dc9,2808.96,2808.96,7,7,67.2,9.6,41.8,"4,28N-18,52P-17,12K/5,51S+6,1MgO+0,68B+2,28Zn",Fertilizantes,2025,2025-08-05 00:00:00+00,G01,L01 LOTE DETRÁS DE LA CASA OESTE,2025
7c0eb36b,1dd78eca,cc210393,85.32,85.32,0.2,0.2,6.67,33.33,12.8,CatheClean,Agroquímicos,2025,2025-07-03 00:00:00+00,G03,L10 LOTE LA TRINCHERA B,2025
7c2a680e,9c7eba35,73a629e4,248.83,940.95,0.5,1,11.9,23.8,20.91,Jupiter 25 EC (piraclostrobina),Agroquímicos,2025,2025-07-14 00:00:00+00,G02,L03 LOTE IGUANITAS,2025
7c2b61bd,f45933a5,73a629e4,13.7,401.47,0.5,1,0.66,1.31,20.91,Jupiter 25 EC (piraclostrobina),Agroquímicos,2025,2025-06-05 00:00:00+00,P09,L01 LOTE SANTACRUZ I-LOTE 1,2025
7c3e0f4f,710894eb,ebc8d614,1906.38,4205.25,3,3.5,71.4,23.8,26.7,"Nitro Evolution: 40-00-00/5,76S",Fertilizantes,2025,2025-07-03 00:00:00+00,G02,L03 LOTE IGUANITAS,2025
7c440616,a3a718e9,c1d751bb,258.39,516.78,0.1,0.2,3.19,31.9,81,Bacillus Thuringiensis,Agroquímicos,2025,2025-06-05 00:00:00+00,P09,L05 LOTE SANTACRUZ I-LOTE 5,2025
7c4737ed,1344bd0b,cc210393,3.26,8.7,0.075,0.2,0.26,3.4,12.8,CatheClean,Agroquímicos,2025,2025-07-31 00:00:00+00,G01,L03 LOTE DETRÁS DE LA CASA B,2025
7c51bbf1,cbe4654c,c2541310,39.62,118.86,0.1,0.3,2.35,23.5,16.86,Alfamilo 90SP,Agroquímicos,2025,2025-06-11 00:00:00+00,G05,L07 LOTE MATA PALO,2025
7c6f0745,b5d16af5,5438a6c7,175.8,0,0.1,,2.93,29.3,60,BTKIMAX PLUS PM,Agroquímicos,2025,2025-08-24 00:00:00+00,G02,L02 LOTE EL TANQUE-B,2025
7c71272b,c3d8e26d,73a629e4,97.23,194.46,0.5,1,4.65,9.3,20.91,Jupiter 25 EC (piraclostrobina),Agroquímicos,2025,2025-07-03 00:00:00+00,G03,L01 LOTE ALFARERO A,2025
7c912c5d,358594ce,b275b7cf,1792,2464,4,5.5,64,16,28,"25,46N-00P-21,81K/3,66S",Fertilizantes,2025,2025-07-14 00:00:00+00,P03,L04 LA NEGRA,2025
7c932f9e,5bc82c91,73a629e4,104.55,368.02,0.5,1,5,10,20.91,Jupiter 25 EC (piraclostrobina),Agroquímicos,2025,2025-07-30 00:00:00+00,P03,L18 LOTE LA LAGUNA,2025
7cd62d64,1a5d20e3,bca12c05,133.72,0,0.25,0,3.98,15.9,33.64,Alfasystin,Agroquímicos,2025,2025-07-14 00:00:00+00,G05,L02 LOTE COCO LOMA GRANDE,2025
7ce8f3e7,849d2fa7,cc210393,112.32,89.86,0.25,0.2,8.78,35.1,12.8,CatheClean,Agroquímicos,2025,2025-06-17 00:00:00+00,P08,L02 LOTE-02,2025
7d33af19,1584c60a,b275b7cf,1120,2448.6,4,5.5,40,10,28,"25,46N-00P-21,81K/3,66S",Fertilizantes,2025,2025-08-12 00:00:00+00,G05,L02 LOTE COCO LOMA GRANDE,2025
7d34957e,3b790f31,ebc8d614,272.34,317.73,3,3.5,10.2,3.4,26.7,"Nitro Evolution: 40-00-00/5,76S",Fertilizantes,2025,2025-08-05 00:00:00+00,G01,L03 LOTE DETRÁS DE LA CASA B,2025
7d4bf4eb,ec052713,8a4ab665,271.63,162.98,0.2,0.12,4.36,21.8,62.3,Eminente 45 WG,Agroquímicos,2025,2025-07-03 00:00:00+00,G03,L09 LOTE LA TRINCHERA A,2025
7d555b91,06bc9a68,b6a9d42e,4732,4732,1.3,1.3,33.8,26,140,Maíz: Danac-029 c/fortenza duo,Semillas,2025,2025-06-05 00:00:00+00,G03,L08 EL DESQUITE B,2025
7d6950ee,11d5c2ed,c2541310,6.19,18.56,0.1,0.3,0.37,3.67,16.86,Alfamilo 90SP,Agroquímicos,2025,2025-06-07 00:00:00+00,G03,L14 LOTE LOS CARO-01,2025
7d72dfe6,9aa98331,cc210393,23.55,23.55,0.2,0.2,1.84,9.2,12.8,CatheClean,Agroquímicos,2025,2025-05-15 00:00:00+00,P02,L08 LOTE-06,2025
7d820481,7d864fc0,790b615c,173.57,0,0.5,0,17.55,35.1,9.89,Yamur 25EW,Agroquímicos,2025,2025-07-01 00:00:00+00,P08,L02 LOTE-02,2025
7d83bf95,93067a9a,f886ec2d,21.61,21.61,0.5,0.5,3.95,7.9,5.47,"SoloPasto 30,41SL (plicorán+2,4D)",Agroquímicos,2025,2025-05-15 00:00:00+00,P02,L09 LOTE-07,2025
7d8b1a42,1ce522a0,de6596dc,144.76,94.09,0.1,0.065,3.29,32.9,44,Grafito,Semillas,2025,2025-06-01 00:00:00+00,P05,L01 LOTE EL PALMAR 1,2025
7d8b582b,5b713d1f,79e8c679,630,882,4,4,100,25,6.3,Pasto: Brachiara Ruziziensis,Semillas,2025,2025-08-02 00:00:00+00,P03,L06 LOS CACHICAMOS,2025
7d8e1c34,1fb0bcd8,ebc8d614,3337.5,2429.7,5,3.5,125,25,26.7,"Nitro Evolution: 40-00-00/5,76S",Fertilizantes,2025,2025-06-20 00:00:00+00,C01,PERLA LOTE 04,2025
7d94645b,4b71e39f,9316143b,217.81,0,0.7,,21.63,30.9,10.07,Alfyrinex,Agroquímicos,2025,2025-08-11 00:00:00+00,G03,L15 LOTE SALTO DEL MIRA A,2025
7df8295f,d6be7c86,2a279588,268.02,357.36,0.045,0.06,1.5,33.33,178.7,MyCossed,Agroquímicos,2025,2025-07-29 00:00:00+00,G03,L10 LOTE LA TRINCHERA B,2025
7e01156b,ffb3ea09,50ea012e,448.8,298.32,6,3,102,17,4.4,Alfasato 48 SL (glifosato),Agroquímicos,2025,2025-06-08 00:00:00+00,C02,L02 LOTE ARENERO 2 LOTE-01,2025
7e0ecf24,97eaa262,c2541310,133.19,159.83,0.25,0.3,7.9,31.6,16.86,Alfamilo 90SP,Agroquímicos,2025,2025-07-06 00:00:00+00,P09,L16 LOTE SANTACRUZ II-LOTE 9 Y 10,2025
7e141d38,6537d3d5,b275b7cf,2800,3080,5,5.5,100,20,28,"25,46N-00P-21,81K/3,66S",Fertilizantes,2025,2025-07-08 00:00:00+00,P06,L03 LOTE-03 A,2025
7e41df01,501a2d4a,b46d6dc9,6612.76,6612.76,7,7,158.2,22.6,41.8,"4,28N-18,52P-17,12K/5,51S+6,1MgO+0,68B+2,28Zn",Fertilizantes,2025,2025-06-08 00:00:00+00,G03,L07 EL DESQUITE A,2025
7e62496a,ffbd4454,3072d084,524.8,767.89,1.5,1.5,36.5,24.33,14.38,Gadriano 30 OD,Agroquímicos,2025,2025-07-15 00:00:00+00,P09,L11 LOTE SANTACRUZ II-LOTE 3,2025
7e89100f,441dad8a,9316143b,100.7,0,1,,10,10,10.07,Alfyrinex,Agroquímicos,2025,2025-07-31 00:00:00+00,G01,L09 LOTE EL DRAGAL 3B,2025
7ea110e9,8676cae9,cc210393,73.02,41.73,0.35,0.2,5.71,16.3,12.8,CatheClean,Agroquímicos,2025,2025-05-05 00:00:00+00,P04,L03 LOTE-03,2025
7ea4bc38,625fec76,cc210393,53.76,53.76,0.2,0.2,4.2,21,12.8,CatheClean,Agroquímicos,2025,2025-07-13 00:00:00+00,G03,L04 LOTE ARBOLOTE ARRIBA A,2025
7ea793c1,6fe3bb6b,50ea012e,303.6,303.6,3,3,69,23,4.4,Alfasato 48 SL (glifosato),Agroquímicos,2025,2025-07-16 00:00:00+00,P03,L16 LOTE LOS MANGOS,2025
7ec97bee,8d36303c,f886ec2d,57.44,57.44,0.5,0.5,10.5,21,5.47,"SoloPasto 30,41SL (plicorán+2,4D)",Agroquímicos,2025,2025-06-08 00:00:00+00,G03,L04 LOTE ARBOLOTE ARRIBA A,2025
7ecf8529,530a985d,3072d084,348,261,2,1.5,24.2,12.1,14.38,Gadriano 30 OD,Agroquímicos,2025,2025-07-22 00:00:00+00,P03,L17 LOTE EL CUADRITO,2025
7ee42e17,f83b347c,79e8c679,252,252,4,4,40,10,6.3,Pasto: Brachiara Ruziziensis,Semillas,2025,2025-07-03 00:00:00+00,G01,L09 LOTE EL DRAGAL 3B,2025
7f0854a1,65f7634d,cc210393,17.66,11.78,0.3,0.2,1.38,4.6,12.8,CatheClean,Agroquímicos,2025,2025-05-29 00:00:00+00,P06,L04 LOTE-03 B,2025
7f0bda14,e7bb2b10,c8ffca92,166.4,8.32,1,0.05,20.8,20.8,8,Trampa de feromonas,Agroquímicos,2025,2025-05-31 00:00:00+00,G04,L06 LOTE A,2025
7f1891ea,f45933a5,bca12c05,92.51,0,0.5,0,2.75,5.5,33.64,Alfasystin,Agroquímicos,2025,2025-06-05 00:00:00+00,P09,L01 LOTE SANTACRUZ I-LOTE 1,2025
7f606f83,ed668e52,44237940,302.25,181.35,2.5,1.5,77.5,31,3.9,Alfaxone Super 20 SL,Agroquímicos,2025,2025-11-19 00:00:00+00,G03,L11 LOTE LA TRINCHERA C,2025
7f6416f0,025c152e,79e8c679,428.4,428.4,4,4,68,17,6.3,Pasto: Brachiara Ruziziensis,Semillas,2025,2025-07-08 00:00:00+00,G04,L07 LOTE B,2025
7f6710e1,3db9b88e,c1d751bb,106.11,212.22,0.1,0.2,1.31,13.1,81,Bacillus Thuringiensis,Agroquímicos,2025,2025-07-06 00:00:00+00,G05,L04 LOTE LOCACIÓN A,2025
7f745587,c1c0267f,73a629e4,125.46,250.92,0.5,1,6,12,20.91,Jupiter 25 EC (piraclostrobina),Agroquímicos,2025,2025-07-08 00:00:00+00,P06,L01 LOTE-01,2025
7f8284de,8f24f04d,b6a9d42e,3324.3,3276,1.5,1.3,23.75,15.83,140,Maíz: Danac-029 c/fortenza duo,Semillas,2025,2025-06-01 00:00:00+00,P09,L09 LOTE SANTACRUZ II-LOTE 2A,2025
7faea584,89fd8d63,cc210393,46.18,46.59,0.423,0.2,3.61,8.53,12.8,CatheClean,Agroquímicos,2025,2025-06-10 00:00:00+00,P09,L15 LOTE SANTACRUZ II-LOTE 6B,2025
7faff31c,5d48806a,ebc8d614,2563.2,2242.8,4,3.5,96,24,26.7,"Nitro Evolution: 40-00-00/5,76S",Fertilizantes,2025,2025-08-05 00:00:00+00,P07,L01 LOTE 3A,2025
7fc57f41,31458738,cc210393,72.19,67.84,0.2,0.2,5.64,28.2,12.8,CatheClean,Agroquímicos,2025,2025-05-15 00:00:00+00,P02,L02 LOTE 1B,2025
7fe7da15,022a84ba,cc210393,98.88,79.1,0.25,0.2,7.73,30.9,12.8,CatheClean,Agroquímicos,2025,2025-06-06 00:00:00+00,G03,L15 LOTE SALTO DEL MIRA A,2025
7ff21ba4,f0652540,f886ec2d,79.59,79.59,0.5,0.5,14.55,29.1,5.47,"SoloPasto 30,41SL (plicorán+2,4D)",Agroquímicos,2025,2025-05-13 00:00:00+00,P11,L06 LOTE 7C,2025
80168f10,fd87bd69,de256ae0,204.7,409.4,1,2,23,23,8.9,QuelaTech Micros,Fertilizantes,2025,2025-07-22 00:00:00+00,P03,L16 LOTE LOS MANGOS,2025
8018d731,dc6cbab4,b275b7cf,1299.2,2956.8,4,5.5,46.4,11.6,28,"25,46N-00P-21,81K/3,66S",Fertilizantes,2025,2025-07-06 00:00:00+00,P09,L01 LOTE SANTACRUZ I-LOTE 1,2025
802789cb,81f8c03d,cc210393,98.52,45.82,0.43,0.2,7.7,17.9,12.8,CatheClean,Agroquímicos,2025,2025-08-20 00:00:00+00,P09,"L17 LOTE SANTACRUZ II-LOTE 11, 12 Y 13",2025
80385afe,f0c6fada,cc210393,7.68,15.36,0.1,0.2,0.6,6,12.8,CatheClean,Agroquímicos,2025,2025-07-02 00:00:00+00,P03,L19 LOTE L2F,2025
806f6410,288fa73e,50ea012e,116.16,116.16,3,3,26.4,8.8,4.4,Alfasato 48 SL (glifosato),Agroquímicos,2025,2025-05-23 00:00:00+00,G01,L05 LOTE EL DRAGAL 2-1,2025
80767141,33ada63a,50ea012e,122.76,122.76,3,3,27.9,9.3,4.4,Alfasato 48 SL (glifosato),Agroquímicos,2025,2025-05-13 00:00:00+00,G01,L04 LOTE EL DRAGAL 2B,2025
8085b631,52432966,b46d6dc9,3833.06,3833.06,7,7,91.7,13.1,41.8,"4,28N-18,52P-17,12K/5,51S+6,1MgO+0,68B+2,28Zn",Fertilizantes,2025,2025-06-01 00:00:00+00,G05,L04 LOTE LOCACIÓN A,2025
809a8524,2d17d0a3,de256ae0,133.5,267,1,2,15,15,8.9,QuelaTech Micros,Fertilizantes,2025,2025-08-05 00:00:00+00,P06,L05 LOTE-03 C,2025
80a52690,11f66ea4,cc210393,63.17,36.1,0.35,0.2,4.94,14.1,12.8,CatheClean,Agroquímicos,2025,2025-05-05 00:00:00+00,P04,L01 LOTE-01,2025
80b57814,4cb2866d,c2541310,56.19,168.58,0.1,0.3,3.33,33.33,16.86,Alfamilo 90SP,Agroquímicos,2025,2025-06-17 00:00:00+00,G03,L10 LOTE LA TRINCHERA B,2025
80c107c2,8ad79958,bca12c05,92.51,0,0.25,0,2.75,11,33.64,Alfasystin,Agroquímicos,2025,2025-05-31 00:00:00+00,G01,L12 LOTE EL MANGO B,2025
80f2ee8f,fd87bd69,cc210393,29.44,58.88,0.1,0.2,2.3,23,12.8,CatheClean,Agroquímicos,2025,2025-07-22 00:00:00+00,P03,L16 LOTE LOS MANGOS,2025
810b3fbd,a2c9b12c,b46d6dc9,1345.96,1345.96,7,7,32.2,4.6,41.8,"4,28N-18,52P-17,12K/5,51S+6,1MgO+0,68B+2,28Zn",Fertilizantes,2025,2025-06-18 00:00:00+00,P06,L04 LOTE-03 B,2025
81200716,5625969b,de256ae0,484.16,484.16,2,2,54.4,27.2,8.9,QuelaTech Micros,Fertilizantes,2025,2025-07-31 00:00:00+00,G01,L02 LOTE LOS MANGOS,2025
81233567,b36351de,cc210393,62.98,62.98,0.2,0.2,4.92,24.6,12.8,CatheClean,Agroquímicos,2025,2025-07-02 00:00:00+00,G03,L13 LOTE LOS CARO-02 B,2025
8135eca7,64cfd163,50ea012e,126.72,126.72,3,3,28.8,9.6,4.4,Alfasato 48 SL (glifosato),Agroquímicos,2025,2025-07-31 00:00:00+00,G01,L01 LOTE DETRÁS DE LA CASA OESTE,2025
813ed1a3,9bacadd0,de256ae0,219.83,439.66,1,2,24.7,24.7,8.9,QuelaTech Micros,Fertilizantes,2025,2025-06-10 00:00:00+00,P09,L08 LOTE SANTACRUZ II-LOTE 1,2025
8157655d,a25204e2,de256ae0,329.3,329.3,2,2,37,18.5,8.9,QuelaTech Micros,Fertilizantes,2025,2025-07-14 00:00:00+00,G05,L03 LOTE LA PIEDRA,2025
81935d4b,099ef2a3,ebc8d614,3009.09,3009.09,3.5,3.5,112.7,32.2,26.7,"Nitro Evolution: 40-00-00/5,76S",Fertilizantes,2025,2025-07-12 00:00:00+00,G07,L04 LOTE VICTORIERO 1C,2025
81a877d2,05a0a74f,50ea012e,132,132,3,3,30,10,4.4,Alfasato 48 SL (glifosato),Agroquímicos,2025,2025-05-14 00:00:00+00,G01,L09 LOTE EL DRAGAL 3B,2025
81baaeea,557aab4c,ebc8d614,2058.57,2401.67,3,3.5,77.1,25.7,26.7,"Nitro Evolution: 40-00-00/5,76S",Fertilizantes,2025,2025-08-12 00:00:00+00,G05,L08 LOTE RAMIREZ A,2025
81bed0f8,031febc3,cc210393,9.4,9.4,0.2,0.2,0.73,3.67,12.8,CatheClean,Agroquímicos,2025,2025-07-02 00:00:00+00,G03,L14 LOTE LOS CARO-01,2025
81ca91fc,2b8679fe,d73f9b82,0,0,1,,23.4,23.4,,Alfavin,Agroquímicos,2025,2025-08-11 00:00:00+00,G03,L05 CASA DE TABLA ARRIBA A,2025
81d1dba2,0d17835d,79e8c679,378,723.24,4,4,60,15,6.3,Pasto: Brachiara Ruziziensis,Semillas,2025,2025-08-12 00:00:00+00,G05,L09 LOTE RAMIREZ B,2025
81df1a83,629c26b7,c8ffca92,5.76,5.76,0.05,0.05,0.72,14.4,8,Trampa de feromonas,Agroquímicos,2025,2025-07-01 00:00:00+00,P11,L07 LOTE-08,2025
81e1ea42,0b53c89c,8a4ab665,448.56,107.65,0.5,0.12,7.2,14.4,62.3,Eminente 45 WG,Agroquímicos,2025,2025-06-25 00:00:00+00,P11,L07 LOTE-08,2025
81ec16d9,0c13ae8f,de256ae0,101.46,101.46,2,2,11.4,5.7,8.9,QuelaTech Micros,Fertilizantes,2025,2025-08-20 00:00:00+00,G04,L04 LOTE LOMA BARRIGA,2025
8209b9f0,375c961a,b46d6dc9,2926,2926,7,7,70,10,41.8,"4,28N-18,52P-17,12K/5,51S+6,1MgO+0,68B+2,28Zn",Fertilizantes,2025,2025-08-05 00:00:00+00,G01,L10 LOTE EL DRAGAL 3-1,2025
820c7ea2,a5590190,7a071d0e,8580,0,1.5,0,39,26,220,Lucino,Semillas,2025,2025-06-30 00:00:00+00,P03,L06 LOS CACHICAMOS,2025
8216712a,bc4f2764,cc210393,22.66,45.31,0.1,0.2,1.77,17.7,12.8,CatheClean,Agroquímicos,2025,2025-05-23 00:00:00+00,G01,L06 LOTE EL DRAGAL 4B,2025
82272c19,739a044c,b46d6dc9,8025.6,7022.4,8,7,192,24,41.8,"4,28N-18,52P-17,12K/5,51S+6,1MgO+0,68B+2,28Zn",Fertilizantes,2025,2025-07-30 00:00:00+00,P07,L01 LOTE 3A,2025
82329f72,0db3b3a5,bca12c05,174.93,0,0.25,0,5.2,20.8,33.64,Alfasystin,Agroquímicos,2025,2025-06-19 00:00:00+00,G04,L06 LOTE A,2025
8235d5d2,e81d5710,79e8c679,619.92,619.92,4,4,98.4,24.6,6.3,Pasto: Brachiara Ruziziensis,Semillas,2025,2025-07-08 00:00:00+00,G03,L13 LOTE LOS CARO-02 B,2025
825b1f27,77c62494,de256ae0,232.29,309.72,1.5,2,26.1,17.4,8.9,QuelaTech Micros,Fertilizantes,2025,2025-07-03 00:00:00+00,G02,L01 LOTE EL TANQUE-A,2025
826658cd,cb2b7852,8a4ab665,225.53,135.32,0.2,0.12,3.62,18.1,62.3,Eminente 45 WG,Agroquímicos,2025,2025-06-25 00:00:00+00,P11,L02 LOTE 5B,2025
82982540,c928a5e1,73a629e4,219.56,439.11,0.5,1,10.5,21,20.91,Jupiter 25 EC (piraclostrobina),Agroquímicos,2025,2025-06-20 00:00:00+00,C01,PERLA LOTE 01,2025
82a056c6,e233efe3,bdac1da2,3744,0,1,0,20.8,20.8,180,Cal dolomítica,Enmienda,2025,2025-05-06 00:00:00+00,G04,L06 LOTE A,2025
82b74baa,c7b8666a,b275b7cf,1904,4158,4,5.5,68,17,28,"25,46N-00P-21,81K/3,66S",Fertilizantes,2025,2025-06-25 00:00:00+00,P11,L03 LOTE-06,2025
82c3d80d,a6ed95c7,d73f9b82,0,0,1,,20,20,,Alfavin,Agroquímicos,2025,2025-08-12 00:00:00+00,G01,L12 LOTE EL MANGO B,2025
82cd50fc,e3b57f9b,ebc8d614,707.02,1513.89,4,3.5,26.48,6.62,26.7,"Nitro Evolution: 40-00-00/5,76S",Fertilizantes,2025,2025-06-10 00:00:00+00,P09,L12 LOTE SANTACRUZ II-LOTE 5A,2025
83082151,dc39d8c0,7a071d0e,2860,0,1.3,0,13,10,220,Lucino,Semillas,2025,2025-05-25 00:00:00+00,G01,L10 LOTE EL DRAGAL 3-1,2025
8325608d,3db9b88e,3072d084,131.58,282.57,1.5,1.5,9.15,6.1,14.38,Gadriano 30 OD,Agroquímicos,2025,2025-07-14 00:00:00+00,G05,L04 LOTE LOCACIÓN A,2025
8327857e,c1b9ef6e,b6a9d42e,4368,4368,1.3,1.3,31.2,24,140,Maíz: Danac-029 c/fortenza duo,Semillas,2025,2025-05-30 00:00:00+00,P07,L01 LOTE 3A,2025
832d371d,deb2e7da,bca12c05,173.25,0,0.25,0,5.15,20.6,33.64,Alfasystin,Agroquímicos,2025,2025-07-04 00:00:00+00,G07,L02 LOTE VICTORIERO 1A,2025
83471039,e724238f,cc210393,22.53,45.06,0.1,0.2,1.76,17.6,12.8,CatheClean,Agroquímicos,2025,2025-06-25 00:00:00+00,P03,L18 LOTE LA LAGUNA,2025
83663c9a,e748ef8e,cc210393,25.47,72.45,0.1,0.2,1.99,19.9,12.8,CatheClean,Agroquímicos,2025,2025-07-03 00:00:00+00,G06,L03 LA REPRESA LOTE B,2025
836be4b4,3863ca13,c8ffca92,3.72,3.72,0.05,0.05,0.47,9.3,8,Trampa de feromonas,Agroquímicos,2025,2025-07-02 00:00:00+00,G03,L01 LOTE ALFARERO A,2025
8373d4e7,28bf06bb,c2541310,71.06,128.98,0.25,0.3,4.22,16.86,16.86,Alfamilo 90SP,Agroquímicos,2025,2025-07-06 00:00:00+00,P09,L13 LOTE SANTACRUZ II-LOTE 5B,2025
8378c1a3,0b363115,44237940,25.82,112.32,2,1.5,6.62,3.31,3.9,Alfaxone Super 20 SL,Agroquímicos,2025,2025-05-06 00:00:00+00,P09,L01 LOTE SANTACRUZ I-LOTE 1,2025
838146ac,d46f60fe,bca12c05,137.08,0,0.25,0,4.08,16.3,33.64,Alfasystin,Agroquímicos,2025,2025-06-20 00:00:00+00,P04,L03 LOTE-03,2025
8383d1a0,97eaa262,cc210393,169.88,80.9,0.42,0.2,13.27,31.6,12.8,CatheClean,Agroquímicos,2025,2025-07-06 00:00:00+00,P09,L16 LOTE SANTACRUZ II-LOTE 9 Y 10,2025
8390cef7,f25c398e,79e8c679,176.4,330.12,4,4,28,7,6.3,Pasto: Brachiara Ruziziensis,Semillas,2025,2025-08-20 00:00:00+00,G05,L04 LOTE LOCACIÓN A,2025
83b958e9,131691a0,cc210393,79.1,79.1,0.2,0.2,6.18,30.9,12.8,CatheClean,Agroquímicos,2025,2025-07-02 00:00:00+00,G03,L15 LOTE SALTO DEL MIRA A,2025
83bca9a9,19f59538,b46d6dc9,7607.6,7607.6,7,7,182,26,41.8,"4,28N-18,52P-17,12K/5,51S+6,1MgO+0,68B+2,28Zn",Fertilizantes,2025,2025-05-19 00:00:00+00,C01,PERLA LOTE 04,2025
83cd48e6,ddf2fa56,2a279588,107.22,289.49,0.06,0.06,0.6,10,178.7,MyCossed,Agroquímicos,2025,2025-06-09 00:00:00+00,P11,L03 LOTE-06,2025
83e8ba50,4d71d137,8a4ab665,306.52,183.91,0.2,0.12,4.92,24.6,62.3,Eminente 45 WG,Agroquímicos,2025,2025-08-11 00:00:00+00,G03,L13 LOTE LOS CARO-02 B,2025
83fe6e5e,79044130,de256ae0,189.57,249.2,1.5,2,21.3,14.2,8.9,QuelaTech Micros,Fertilizantes,2025,2025-06-23 00:00:00+00,P03,L12 LOTE L2E,2025
84024842,bb2a7f43,b46d6dc9,9538.76,9538.76,7,7,228.2,32.6,41.8,"4,28N-18,52P-17,12K/5,51S+6,1MgO+0,68B+2,28Zn",Fertilizantes,2025,2025-06-01 00:00:00+00,G05,L01 LOTE BAJO DE LOMA,2025
844b28f3,bcb769b4,b275b7cf,2755.2,3788.4,4,5.5,98.4,24.6,28,"25,46N-00P-21,81K/3,66S",Fertilizantes,2025,2025-07-09 00:00:00+00,G03,L13 LOTE LOS CARO-02 B,2025
844ca075,30dbc879,bca12c05,126.15,0,0.25,0,3.75,15,33.64,Alfasystin,Agroquímicos,2025,2025-06-19 00:00:00+00,G06,L03 LA REPRESA LOTE B,2025
8459ae5b,ffbd4454,bfe0f583,0,0,0.5,0,12.17,24.33,,Atrazina,Agroquímicos,2025,2025-07-15 00:00:00+00,P09,L11 LOTE SANTACRUZ II-LOTE 3,2025
84674786,089c3294,50ea012e,350.59,426.36,4,3,79.68,19.92,4.4,Alfasato 48 SL (glifosato),Agroquímicos,2025,2025-05-04 00:00:00+00,P09,L04 LOTE SANTACRUZ I-LOTE 4,2025
8495ba65,34cb2f74,2a279588,168.87,264.83,0.09,0.06,0.95,10.5,178.7,MyCossed,Agroquímicos,2025,2025-05-07 00:00:00+00,P09,L08 LOTE SANTACRUZ II-LOTE 1,2025
84c9d957,13577b79,de256ae0,128.16,256.32,1,2,14.4,14.4,8.9,QuelaTech Micros,Fertilizantes,2025,2025-06-25 00:00:00+00,P11,L07 LOTE-08,2025
84d116f7,89fd8d63,73a629e4,89.18,380.56,0.5,1,4.27,8.53,20.91,Jupiter 25 EC (piraclostrobina),Agroquímicos,2025,2025-07-06 00:00:00+00,P09,L15 LOTE SANTACRUZ II-LOTE 6B,2025
84e0cb8d,ffb3ea09,cc210393,43.52,57.86,0.2,0.2,3.4,17,12.8,CatheClean,Agroquímicos,2025,2025-06-08 00:00:00+00,C02,L02 LOTE ARENERO 2 LOTE-01,2025
84f44859,367d27c2,c2541310,30.52,91.55,0.1,0.3,1.81,18.1,16.86,Alfamilo 90SP,Agroquímicos,2025,2025-05-29 00:00:00+00,P11,L02 LOTE 5B,2025
84fcc6af,6abeceb7,cc210393,24.32,48.64,0.1,0.2,1.9,19,12.8,CatheClean,Agroquímicos,2025,2025-06-24 00:00:00+00,P03,L10 LOTE L2D1,2025
8517be26,07a7604b,2a279588,189.53,213.37,0.067,0.06,1.06,15.83,178.7,MyCossed,Agroquímicos,2025,2025-07-06 00:00:00+00,P09,L10 LOTE SANTACRUZ II-LOTE 2B,2025
85393cf3,1e7ddbbd,b46d6dc9,5333.68,9333.94,4,7,127.6,31.9,41.8,"4,28N-18,52P-17,12K/5,51S+6,1MgO+0,68B+2,28Zn",Fertilizantes,2025,2025-05-14 00:00:00+00,P09,L05 LOTE SANTACRUZ I-LOTE 5,2025
85463664,4f1f83bb,50ea012e,561.44,421.08,4,3,127.6,31.9,4.4,Alfasato 48 SL (glifosato),Agroquímicos,2025,2025-08-20 00:00:00+00,P09,L05 LOTE SANTACRUZ I-LOTE 5,2025
8547af35,1fa154a7,aa72374c,351.6,439.5,2,2.5,40.6,20.3,8.66,Pendialfa 50 EC,Agroquímicos,2025,2025-05-25 00:00:00+00,G04,L08 LOTE C,2025
8577b045,5303087b,b6a9d42e,3094,3094,1.3,1.3,22.1,17,140,Maíz: Danac-029 c/fortenza duo,Semillas,2025,2025-05-24 00:00:00+00,G04,L07 LOTE B,2025
859232c6,5bdfc9ae,790b615c,91.98,0,0.3,0,9.3,31,9.89,Yamur 25EW,Agroquímicos,2025,2025-07-03 00:00:00+00,G03,L11 LOTE LA TRINCHERA C,2025
85936f80,f71b0210,cc210393,25.98,51.97,0.1,0.2,2.03,20.3,12.8,CatheClean,Agroquímicos,2025,2025-08-20 00:00:00+00,G04,L08 LOTE C,2025
85a5054a,4edd5789,8a4ab665,87.22,52.33,0.2,0.12,1.4,7,62.3,Eminente 45 WG,Agroquímicos,2025,2025-07-31 00:00:00+00,G01,L08 LOTE EL MANGO C,2025
85ad46db,3db9b88e,bca12c05,58.87,0,0.25,0,1.75,7,33.64,Alfasystin,Agroquímicos,2025,2025-08-20 00:00:00+00,G05,L04 LOTE LOCACIÓN A,2025
85c0fc87,8798b08c,de6596dc,88.88,57.77,0.1,0.065,2.02,20.2,44,Grafito,Semillas,2025,2025-05-25 00:00:00+00,P11,L04 LOTE 7A,2025
85c393a1,72dd5ac0,de6596dc,136.4,88.66,0.1,0.065,3.1,31,44,Grafito,Semillas,2025,2025-06-18 00:00:00+00,P03,L05 LAS 50A,2025
85c6c35f,41edbe16,44237940,82.49,82.49,1.5,1.5,21.15,14.1,3.9,Alfaxone Super 20 SL,Agroquímicos,2025,2025-08-20 00:00:00+00,P04,L01 LOTE-01,2025
85cb30b8,0db3b3a5,c1d751bb,168.48,336.96,0.1,0.2,2.08,20.8,81,Bacillus Thuringiensis,Agroquímicos,2025,2025-06-19 00:00:00+00,G04,L06 LOTE A,2025
85e7d52c,f8046378,d19aa794,146.16,0,0.3,,4.89,16.3,29.89,Super Barre 55 EC,Agroquímicos,2025,2025-08-05 00:00:00+00,P04,L03 LOTE-03,2025
85f6aeea,e775c016,ebc8d614,854.4,1495.2,4,3.5,32,8,26.7,"Nitro Evolution: 40-00-00/5,76S",Fertilizantes,2025,2025-08-05 00:00:00+00,P03,L04 LA NEGRA,2025
85fbbb5c,f2f4b823,b275b7cf,2531.2,3480.4,4,5.5,90.4,22.6,28,"25,46N-00P-21,81K/3,66S",Fertilizantes,2025,2025-07-10 00:00:00+00,G03,L07 EL DESQUITE A,2025
85fc113f,cdced598,79e8c679,733.32,733.32,4,4,116.4,29.1,6.3,Pasto: Brachiara Ruziziensis,Semillas,2025,2025-07-03 00:00:00+00,G02,L04 LOS BECERROS,2025
85fea11c,1d3a8fe0,b275b7cf,2520,4620,3,5.5,90,30,28,"25,46N-00P-21,81K/3,66S",Fertilizantes,2025,2025-08-15 00:00:00+00,G02,L05 LA CAGADA,2025
861a2c1e,0b53c89c,9316143b,145.01,0,1,,14.4,14.4,10.07,Alfyrinex,Agroquímicos,2025,2025-06-25 00:00:00+00,P11,L07 LOTE-08,2025
862c9c51,cb2b7852,cc210393,23.17,46.34,0.1,0.2,1.81,18.1,12.8,CatheClean,Agroquímicos,2025,2025-06-25 00:00:00+00,P11,L02 LOTE 5B,2025
8655d98f,1aff316a,ebc8d614,3224.03,3224.03,3.5,3.5,120.75,34.5,26.7,"Nitro Evolution: 40-00-00/5,76S",Fertilizantes,2025,2025-07-01 00:00:00+00,P08,L01 LOTE-01,2025
86566cad,1f052b88,c1d751bb,307.8,307.8,0.2,0.2,3.8,19,81,Bacillus Thuringiensis,Agroquímicos,2025,2025-06-06 00:00:00+00,P03,L10 LOTE L2D1,2025
86680709,0eda3460,cc210393,127.3,59.9,0.425,0.2,9.95,23.4,12.8,CatheClean,Agroquímicos,2025,2025-06-12 00:00:00+00,G03,L05 CASA DE TABLA ARRIBA A,2025
866f6438,974c0b82,79e8c679,511.56,511.56,4,4,81.2,20.3,6.3,Pasto: Brachiara Ruziziensis,Semillas,2025,2025-07-08 00:00:00+00,G04,L08 LOTE C,2025
867b9263,1c0a397c,73a629e4,300.06,600.12,0.5,1,14.35,28.7,20.91,Jupiter 25 EC (piraclostrobina),Agroquímicos,2025,2025-07-06 00:00:00+00,G05,L06 LOTE LOMA 2,2025
868d6d01,0b7e0f8e,b46d6dc9,11294.36,13752.2,7,7,270.2,38.6,41.8,"4,28N-18,52P-17,12K/5,51S+6,1MgO+0,68B+2,28Zn",Fertilizantes,2025,2025-06-01 00:00:00+00,G06,L02 LA REPRESA LOTE A,2025
869ffe7c,b1a26da3,7a071d0e,2310,0,1.5,0,10.5,7,220,Lucino,Semillas,2025,2025-07-09 00:00:00+00,P03,L15 LOTE LAS 60 B,2025
86a0d877,fa733e98,b46d6dc9,1073.84,1073.84,7,7,25.69,3.67,41.8,"4,28N-18,52P-17,12K/5,51S+6,1MgO+0,68B+2,28Zn",Fertilizantes,2025,2025-06-07 00:00:00+00,G03,L14 LOTE LOS CARO-01,2025
86a86850,8c9c2b25,b46d6dc9,8368.36,8485.4,7,7,200.2,28.6,41.8,"4,28N-18,52P-17,12K/5,51S+6,1MgO+0,68B+2,28Zn",Fertilizantes,2025,2025-06-01 00:00:00+00,C01,PERLA LOTE 06,2025
86cd0493,edd5287b,cc210393,64,78.08,0.25,0.2,5,20,12.8,CatheClean,Agroquímicos,2025,2025-06-22 00:00:00+00,P03,L15 LOTE LAS 60 B,2025
86cf3f0d,16d02584,ebc8d614,2723.4,2382.98,4,3.5,102,25.5,26.7,"Nitro Evolution: 40-00-00/5,76S",Fertilizantes,2025,2025-06-10 00:00:00+00,P09,L13 LOTE SANTACRUZ II-LOTE 5B,2025
8713405d,81042fb0,c8ffca92,113.6,5.6,1,0.05,14.2,14.2,8,Trampa de feromonas,Agroquímicos,2025,2025-05-24 00:00:00+00,P03,L12 LOTE L2E,2025
871e7c26,1d3a8fe0,50ea012e,396,396,3,3,90,30,4.4,Alfasato 48 SL (glifosato),Agroquímicos,2025,2025-07-10 00:00:00+00,G02,L05 LA CAGADA,2025
871ee092,4144f79e,c1d751bb,240.57,481.14,0.1,0.2,2.97,29.7,81,Bacillus Thuringiensis,Agroquímicos,2025,2025-06-26 00:00:00+00,P11,L05 LOTE 7B,2025
872bd14f,b903496c,50ea012e,130.68,209.88,3,3,29.7,9.9,4.4,Alfasato 48 SL (glifosato),Agroquímicos,2025,2025-06-16 00:00:00+00,G05,L02 LOTE COCO LOMA GRANDE,2025
8744bb49,e70d346b,9316143b,159.31,0,0.7,,15.82,22.6,10.07,Alfyrinex,Agroquímicos,2025,2025-08-11 00:00:00+00,G03,L07 EL DESQUITE A,2025
8754e6e0,21de058a,de6596dc,638,70.64,1,0.065,14.5,14.5,44,Grafito,Semillas,2025,2025-05-13 00:00:00+00,P09,L08 LOTE SANTACRUZ II-LOTE 1,2025
87650240,b8842302,3072d084,696.71,696.71,1.5,1.5,48.45,32.3,14.38,Gadriano 30 OD,Agroquímicos,2025,2025-06-05 00:00:00+00,P09,L04 LOTE SANTACRUZ I-LOTE 4,2025
87932bd3,1a97a646,cc210393,61.44,24.58,0.5,0.2,4.8,9.6,12.8,CatheClean,Agroquímicos,2025,2025-06-08 00:00:00+00,G01,L01 LOTE DETRÁS DE LA CASA OESTE,2025
87affddf,81f8c03d,cc210393,25.2,45.82,0.11,0.2,1.97,17.9,12.8,CatheClean,Agroquímicos,2025,2025-08-20 00:00:00+00,P09,"L17 LOTE SANTACRUZ II-LOTE 11, 12 Y 13",2025
87c41e3f,1b24e237,cc210393,39.94,76.03,0.12,0.2,3.12,26,12.8,CatheClean,Agroquímicos,2025,2025-06-23 00:00:00+00,P03,L11 LOTE L2D2,2025
87dc9d8f,b41c580c,c2541310,86.83,104.19,0.25,0.3,5.15,20.6,16.86,Alfamilo 90SP,Agroquímicos,2025,2025-07-04 00:00:00+00,G07,L02 LOTE VICTORIERO 1A,2025
87f2173b,75a0a67c,cc210393,5.12,42.75,0.1,0.2,0.4,4,12.8,CatheClean,Agroquímicos,2025,2025-06-09 00:00:00+00,P11,L01 LOTE 5A,2025
87ff1163,4b71e39f,bca12c05,207.9,0,0.2,0,6.18,30.9,33.64,Alfasystin,Agroquímicos,2025,2025-08-11 00:00:00+00,G03,L15 LOTE SALTO DEL MIRA A,2025
8859730b,9165accd,b6a9d42e,4859.4,4859.4,1.3,1.3,34.71,26.7,140,Maíz: Danac-029 c/fortenza duo,Semillas,2025,2025-06-01 00:00:00+00,G03,L02 LOTE ALFARERO B,2025
8885a255,b8f5a108,7a071d0e,3993,0,1.5,0,18.15,12.1,220,Lucino,Semillas,2025,2025-06-30 00:00:00+00,P03,L17 LOTE EL CUADRITO,2025
88919cba,cba27d83,d73f9b82,0,0,1,,19.5,19.5,,Alfavin,Agroquímicos,2025,2025-08-10 00:00:00+00,G03,L03 LOTE ALFARERO D,2025
88b63184,43b00c16,de256ae0,461.02,461.02,2,2,51.8,25.9,8.9,QuelaTech Micros,Fertilizantes,2025,2025-07-07 00:00:00+00,P07,L03 LOTE 3C,2025
88c8582e,4b36b409,73a629e4,279.15,558.3,0.5,1,13.35,26.7,20.91,Jupiter 25 EC (piraclostrobina),Agroquímicos,2025,2025-07-03 00:00:00+00,G03,L02 LOTE ALFARERO B,2025
88d72d61,1a7128e5,8a4ab665,239.23,143.54,0.2,0.12,3.84,19.2,62.3,Eminente 45 WG,Agroquímicos,2025,2025-06-14 00:00:00+00,P09,L01 LOTE SANTACRUZ I-LOTE 1,2025
88fb78a0,b36351de,3072d084,258.84,530.62,2,1.5,18,9,14.38,Gadriano 30 OD,Agroquímicos,2025,2025-07-03 00:00:00+00,G03,L13 LOTE LOS CARO-02 B,2025
891d39d2,deb2e7da,c1d751bb,166.86,333.72,0.1,0.2,2.06,20.6,81,Bacillus Thuringiensis,Agroquímicos,2025,2025-07-04 00:00:00+00,G07,L02 LOTE VICTORIERO 1A,2025
89249d85,30dbc879,cc210393,19.2,72.45,0.1,0.2,1.5,15,12.8,CatheClean,Agroquímicos,2025,2025-06-19 00:00:00+00,G06,L03 LA REPRESA LOTE B,2025
8934d131,75def668,aa72374c,649.5,649.5,2.5,2.5,75,30,8.66,Pendialfa 50 EC,Agroquímicos,2025,2025-05-30 00:00:00+00,P07,L02 LOTE 3B,2025
89385573,89fd8d63,50ea012e,225.19,240.24,6,3,51.18,8.53,4.4,Alfasato 48 SL (glifosato),Agroquímicos,2025,2025-06-10 00:00:00+00,P09,L15 LOTE SANTACRUZ II-LOTE 6B,2025
8938d9b6,7e365bc0,b46d6dc9,3511.2,3511.2,7,7,84,12,41.8,"4,28N-18,52P-17,12K/5,51S+6,1MgO+0,68B+2,28Zn",Fertilizantes,2025,2025-06-19 00:00:00+00,C01,LOTE JUANCHO,2025
8947c06c,2ab53777,b6a9d42e,6066.06,6066.06,1.3,1.3,43.33,33.33,140,Maíz: Danac-029 c/fortenza duo,Semillas,2025,2025-06-03 00:00:00+00,G03,L10 LOTE LA TRINCHERA B,2025
894c4a6f,bbc6164a,b46d6dc9,8660.96,7578.34,8,7,207.2,25.9,41.8,"4,28N-18,52P-17,12K/5,51S+6,1MgO+0,68B+2,28Zn",Fertilizantes,2025,2025-06-23 00:00:00+00,P07,L03 LOTE 3C,2025
8978035e,11f66ea4,f886ec2d,38.56,38.56,0.5,0.5,7.05,14.1,5.47,"SoloPasto 30,41SL (plicorán+2,4D)",Agroquímicos,2025,2025-05-05 00:00:00+00,P04,L01 LOTE-01,2025
8983da78,011fefec,d73f9b82,0,0,1,,20,20,,Alfavin,Agroquímicos,2025,2025-08-11 00:00:00+00,G03,L12 LOTE LOS CARO-02 A,2025
89897a03,ae3f75cb,79e8c679,685.44,685.44,4,4,108.8,27.2,6.3,Pasto: Brachiara Ruziziensis,Semillas,2025,2025-07-03 00:00:00+00,G01,L02 LOTE LOS MANGOS,2025
898a25f5,e9297d03,3072d084,323.55,345.12,1.5,1.5,22.5,15,14.38,Gadriano 30 OD,Agroquímicos,2025,2025-07-01 00:00:00+00,P03,L04 LA NEGRA,2025
89903a6a,5044ec08,f886ec2d,34.57,48.96,0.5,0.5,6.32,12.64,5.47,"SoloPasto 30,41SL (plicorán+2,4D)",Agroquímicos,2025,2025-05-04 00:00:00+00,P09,"L17 LOTE SANTACRUZ II-LOTE 11, 12 Y 13",2025
8992de99,0953f75e,c1d751bb,81,437.4,0.1,0.2,1,10,81,Bacillus Thuringiensis,Agroquímicos,2025,2025-07-07 00:00:00+00,P11,L03 LOTE-06,2025
899cef84,2d8259f2,de6596dc,19.8,28.6,0.045,0.065,0.45,10,44,Grafito,Semillas,2025,2025-05-23 00:00:00+00,G01,L09 LOTE EL DRAGAL 3B,2025
89a65d2b,6643d357,f886ec2d,62.91,62.91,0.5,0.5,11.5,23,5.47,"SoloPasto 30,41SL (plicorán+2,4D)",Agroquímicos,2025,2025-06-30 00:00:00+00,P03,L16 LOTE LOS MANGOS,2025
89bfbcbc,3aacc949,9316143b,183.27,0,0.7,,18.2,26,10.07,Alfyrinex,Agroquímicos,2025,2025-08-11 00:00:00+00,G03,L08 EL DESQUITE B,2025
89cb27ce,534cf2b4,73a629e4,300.06,600.12,0.5,1,14.35,28.7,20.91,Jupiter 25 EC (piraclostrobina),Agroquímicos,2025,2025-08-12 00:00:00+00,G05,L09 LOTE RAMIREZ B,2025
89d0bcbe,502701a2,73a629e4,57.5,115.01,0.5,1,2.75,5.5,20.91,Jupiter 25 EC (piraclostrobina),Agroquímicos,2025,2025-06-05 00:00:00+00,G01,L07 LOTE EL DRAGAL 1-1,2025
8a17292e,1ce522a0,2a279588,264.57,352.75,0.045,0.06,1.48,32.9,178.7,MyCossed,Agroquímicos,2025,2025-06-01 00:00:00+00,P05,L01 LOTE EL PALMAR 1,2025
8a304258,1fe527d4,79e8c679,491.4,491.4,4,4,78,19.5,6.3,Pasto: Brachiara Ruziziensis,Semillas,2025,2025-07-08 00:00:00+00,G03,L03 LOTE ALFARERO D,2025
8a340232,d80d8913,8a4ab665,393.74,236.24,0.2,0.12,6.32,31.6,62.3,Eminente 45 WG,Agroquímicos,2025,2025-07-28 00:00:00+00,P09,L16 LOTE SANTACRUZ II-LOTE 9 Y 10,2025
8a3a448c,cb18f0f0,cc210393,125.18,83.46,0.3,0.2,9.78,32.6,12.8,CatheClean,Agroquímicos,2025,2025-06-02 00:00:00+00,G05,L01 LOTE BAJO DE LOMA,2025
8a456d95,152407f6,d19aa794,50.81,0,0.5,,1.7,3.4,29.89,Super Barre 55 EC,Agroquímicos,2025,2025-08-12 00:00:00+00,G01,L03 LOTE DETRÁS DE LA CASA B,2025
8a68c9ce,6a6d1675,ebc8d614,2138.67,2495.12,3,3.5,80.1,26.7,26.7,"Nitro Evolution: 40-00-00/5,76S",Fertilizantes,2025,2025-07-08 00:00:00+00,G03,L02 LOTE ALFARERO B,2025
8a6d323b,c01bd94c,f886ec2d,0,65.64,0.5,0.5,0,0,5.47,"SoloPasto 30,41SL (plicorán+2,4D)",Agroquímicos,2025,2025-05-01 00:00:00+00,P07,L01 LOTE 3A,2025
8a815a58,5247ce26,50ea012e,409.2,409.2,3,3,93,31,4.4,Alfasato 48 SL (glifosato),Agroquímicos,2025,2025-06-17 00:00:00+00,G03,L11 LOTE LA TRINCHERA C,2025
8a8ad2f1,06cbcb9e,79e8c679,655.2,655.2,4,4,104,26,6.3,Pasto: Brachiara Ruziziensis,Semillas,2025,2025-07-13 00:00:00+00,G03,L08 EL DESQUITE B,2025
8ac4c890,9b7b31fa,b275b7cf,1680,1848,5,5.5,60,12,28,"25,46N-00P-21,81K/3,66S",Fertilizantes,2025,2025-07-01 00:00:00+00,C01,LOTE JUANCHO,2025
8ac998d3,4b36b409,cc210393,68.35,68.35,0.2,0.2,5.34,26.7,12.8,CatheClean,Agroquímicos,2025,2025-07-02 00:00:00+00,G03,L02 LOTE ALFARERO B,2025
8aca796b,d5c99514,9316143b,148.03,0,0.7,,14.7,21,10.07,Alfyrinex,Agroquímicos,2025,2025-08-11 00:00:00+00,G03,L04 LOTE ARBOLOTE ARRIBA A,2025
8acb67f9,75a0a67c,cc210393,53.44,42.75,0.25,0.2,4.18,16.7,12.8,CatheClean,Agroquímicos,2025,2025-05-29 00:00:00+00,P11,L01 LOTE 5A,2025
8adaa485,2954a925,bca12c05,75.49,0,0.33,0,2.24,6.8,33.64,Alfasystin,Agroquímicos,2025,2025-06-19 00:00:00+00,P03,L07 LOTE L2A,2025
8ae79297,074e411c,bca12c05,84.1,0,0.25,0,2.5,10,33.64,Alfasystin,Agroquímicos,2025,2025-06-18 00:00:00+00,G01,L10 LOTE EL DRAGAL 3-1,2025
8b10ca35,d04fab5b,b6a9d42e,3694.6,3694.6,1.3,1.3,26.39,20.3,140,Maíz: Danac-029 c/fortenza duo,Semillas,2025,2025-05-24 00:00:00+00,G04,L08 LOTE C,2025
8b21d3c6,cbe728e9,3072d084,129.42,129.42,1.5,1.5,9,6,14.38,Gadriano 30 OD,Agroquímicos,2025,2025-06-23 00:00:00+00,P03,L19 LOTE L2F,2025
8b3cc0d1,0a2db7e4,50ea012e,455.4,455.4,3,3,103.5,34.5,4.4,Alfasato 48 SL (glifosato),Agroquímicos,2025,2025-05-07 00:00:00+00,P08,L01 LOTE-01,2025
8b4cb1af,a9fef325,e1ff11f4,0,0,1000,1,7000,7,,Pase de rastra,Enmienda,2025,2025-05-08 00:00:00+00,G01,L08 LOTE EL MANGO C,2025
8b502007,7601064e,8a4ab665,292.81,190.64,0.2,0.12,4.7,23.5,62.3,Eminente 45 WG,Agroquímicos,2025,2025-06-14 00:00:00+00,P09,L13 LOTE SANTACRUZ II-LOTE 5B,2025
8b5240e0,b8f5a108,cc210393,15.49,30.98,0.1,0.2,1.21,12.1,12.8,CatheClean,Agroquímicos,2025,2025-06-30 00:00:00+00,P03,L17 LOTE EL CUADRITO,2025
8b547399,b6278147,c8ffca92,140.8,7.04,1,0.05,17.6,17.6,8,Trampa de feromonas,Agroquímicos,2025,2025-05-31 00:00:00+00,G01,L11 LOTE EL DRAGAL 4-1,2025
8b7a6762,64052081,b6a9d42e,2730,5751.2,1.5,1.3,19.5,13,140,Maíz: Danac-029 c/fortenza duo,Semillas,2025,2025-06-20 00:00:00+00,P09,L16 LOTE SANTACRUZ II-LOTE 9 Y 10,2025
8b8434ad,542c5a30,de256ae0,370.24,370.24,2,2,41.6,20.8,8.9,QuelaTech Micros,Fertilizantes,2025,2025-08-20 00:00:00+00,G04,L06 LOTE A,2025
8b87c01c,be502d71,de6596dc,61.38,88.66,0.045,0.065,1.4,31,44,Grafito,Semillas,2025,2025-06-19 00:00:00+00,P03,L03 LOTE LA CASA C,2025
8b97ee39,6ada907e,de6596dc,454.74,45.47,0.65,0.065,10.34,15.9,44,Grafito,Semillas,2025,2025-06-18 00:00:00+00,G05,L02 LOTE COCO LOMA GRANDE,2025
8b9de9cf,8b94bebf,bdac1da2,1760.4,0,0.3,0,9.78,32.6,180,Cal dolomítica,Enmienda,2025,2025-05-16 00:00:00+00,G05,L01 LOTE BAJO DE LOMA,2025
8bbd4b32,1b003a7e,de6596dc,42.04,42.04,0.065,0.065,0.96,14.7,44,Grafito,Semillas,2025,2025-06-18 00:00:00+00,G05,L05 LOTE LOMA 1,2025
8be914ea,aa19e501,de6596dc,83226,83.23,65,0.065,1891.5,29.1,44,Grafito,Semillas,2025,2025-06-05 00:00:00+00,G02,L04 LOS BECERROS,2025
8bf5e07c,050a7e66,f886ec2d,38.56,64.27,0.3,0.5,7.05,23.5,5.47,"SoloPasto 30,41SL (plicorán+2,4D)",Agroquímicos,2025,2025-06-11 00:00:00+00,G05,L07 LOTE MATA PALO,2025
8bfa8866,c8ac5fa6,de6596dc,52.8,34.32,0.1,0.065,1.2,12,44,Grafito,Semillas,2025,2025-06-04 00:00:00+00,P06,L01 LOTE-01,2025
8c1f732a,7877e4ee,ebc8d614,958.53,1859.66,2,3.5,35.9,17.95,26.7,"Nitro Evolution: 40-00-00/5,76S",Fertilizantes,2025,2025-07-15 00:00:00+00,P09,L10 LOTE SANTACRUZ II-LOTE 2B,2025
8c253cf4,530a985d,de256ae0,215.38,215.38,2,2,24.2,12.1,8.9,QuelaTech Micros,Fertilizantes,2025,2025-07-30 00:00:00+00,P03,L17 LOTE EL CUADRITO,2025
8c334242,b8f5a108,44237940,94.38,70.79,2,1.5,24.2,12.1,3.9,Alfaxone Super 20 SL,Agroquímicos,2025,2025-06-30 00:00:00+00,P03,L17 LOTE EL CUADRITO,2025
8c3bf3f8,7dbf553d,73a629e4,109.78,516.48,0.5,1,5.25,10.5,20.91,Jupiter 25 EC (piraclostrobina),Agroquímicos,2025,2025-06-05 00:00:00+00,P09,L08 LOTE SANTACRUZ II-LOTE 1,2025
8c420ce8,4abacd9c,de6596dc,19.8,28.6,0.045,0.065,0.45,10,44,Grafito,Semillas,2025,2025-05-23 00:00:00+00,G01,L10 LOTE EL DRAGAL 3-1,2025
8c43d320,dd186869,50ea012e,522.72,392.04,4,3,118.8,29.7,4.4,Alfasato 48 SL (glifosato),Agroquímicos,2025,2025-05-13 00:00:00+00,P11,L05 LOTE 7B,2025
8c6523ae,80944c3e,f886ec2d,55.52,55.52,0.5,0.5,10.15,20.3,5.47,"SoloPasto 30,41SL (plicorán+2,4D)",Agroquímicos,2025,2025-06-08 00:00:00+00,C02,L01 ARENERO 1 LOTE-02,2025
8c7fa34b,1894b70b,cc210393,62.98,62.98,0.2,0.2,4.92,24.6,12.8,CatheClean,Agroquímicos,2025,2025-07-14 00:00:00+00,G03,L13 LOTE LOS CARO-02 B,2025
8c83bae7,f8830501,ebc8d614,560.7,654.15,3,3.5,21,7,26.7,"Nitro Evolution: 40-00-00/5,76S",Fertilizantes,2025,2025-08-05 00:00:00+00,G01,L08 LOTE EL MANGO C,2025
8cab8a06,4df173a8,790b615c,170.6,0,0.5,0,17.25,34.5,9.89,Yamur 25EW,Agroquímicos,2025,2025-07-01 00:00:00+00,P08,L01 LOTE-01,2025
8ccf9439,5b713d1f,c1d751bb,283.5,567,0.1,0.2,3.5,35,81,Bacillus Thuringiensis,Agroquímicos,2025,2025-07-30 00:00:00+00,P03,L06 LOS CACHICAMOS,2025
8cd48f2e,cf5b8e16,cc210393,45.31,45.31,0.2,0.2,3.54,17.7,12.8,CatheClean,Agroquímicos,2025,2025-05-15 00:00:00+00,P02,L10 LOTE-08,2025
8cf8fbe3,7511f632,c1d751bb,181.44,362.88,0.1,0.2,2.24,22.4,81,Bacillus Thuringiensis,Agroquímicos,2025,2025-06-22 00:00:00+00,P03,L08 LOTE L2B,2025
8d1458bd,a5590190,7a071d0e,2772,0,1.4,0,12.6,9,220,Lucino,Semillas,2025,2025-07-09 00:00:00+00,P03,L06 LOS CACHICAMOS,2025
8d2d87c2,05298cd5,50ea012e,70.4,220.44,4,3,16,4,4.4,Alfasato 48 SL (glifosato),Agroquímicos,2025,2025-05-07 00:00:00+00,P11,L01 LOTE 5A,2025
8d3d3b69,fa24b1b4,c2541310,135.72,162.87,0.25,0.3,8.05,32.2,16.86,Alfamilo 90SP,Agroquímicos,2025,2025-07-05 00:00:00+00,G07,L04 LOTE VICTORIERO 1C,2025
8d449ee3,8c9ab3f4,cc210393,27.14,54.27,0.1,0.2,2.12,21.2,12.8,CatheClean,Agroquímicos,2025,2025-08-20 00:00:00+00,G04,L02 LOTE CIRUELA ARRIBA,2025
8d4faa21,7f26559b,2a279588,127.86,170.48,0.045,0.06,0.72,15.9,178.7,MyCossed,Agroquímicos,2025,2025-06-16 00:00:00+00,G05,L02 LOTE COCO LOMA GRANDE,2025
8d606117,30467c43,f886ec2d,61.26,61.26,0.5,0.5,11.2,22.4,5.47,"SoloPasto 30,41SL (plicorán+2,4D)",Agroquímicos,2025,2025-05-15 00:00:00+00,P02,L06 LOTE-04,2025
8d6c1fd9,eab9cdec,8a4ab665,251.69,151.02,0.2,0.12,4.04,20.2,62.3,Eminente 45 WG,Agroquímicos,2025,2025-06-26 00:00:00+00,P11,L04 LOTE 7A,2025
8d816720,dd667983,bdac1da2,3978,0,1.7,0,22.1,13,180,Cal dolomítica,Enmienda,2025,2025-04-30 00:00:00+00,C01,L11 LOTE PATRIX,2025
8d8859b5,f45933a5,c1d751bb,10.61,311.04,0.1,0.2,0.13,1.31,81,Bacillus Thuringiensis,Agroquímicos,2025,2025-06-05 00:00:00+00,P09,L01 LOTE SANTACRUZ I-LOTE 1,2025
8d9abe5d,51adc024,cc210393,39.68,79.36,0.1,0.2,3.1,31,12.8,CatheClean,Agroquímicos,2025,2025-06-24 00:00:00+00,P03,L05 LAS 50A,2025
8d9d7a24,7e378e34,cc210393,62.36,49.15,0.42,0.2,4.87,11.6,12.8,CatheClean,Agroquímicos,2025,2025-07-06 00:00:00+00,P09,L01 LOTE SANTACRUZ I-LOTE 1,2025
8db9eae4,d5279f09,b6a9d42e,2566.2,2566.2,1.3,1.3,18.33,14.1,140,Maíz: Danac-029 c/fortenza duo,Semillas,2025,2025-05-14 00:00:00+00,P04,L01 LOTE-01,2025
8dc1ebe2,c4103fb5,73a629e4,156.83,437.02,0.5,1,7.5,15,20.91,Jupiter 25 EC (piraclostrobina),Agroquímicos,2025,2025-07-05 00:00:00+00,P05,L02 LOTE EL PALMAR 2,2025
8dd3a2dd,6433e6cb,3072d084,517.68,517.68,1.5,1.5,36,24,14.38,Gadriano 30 OD,Agroquímicos,2025,2025-06-18 00:00:00+00,P07,L01 LOTE 3A,2025
8de084f3,6f11d175,cc210393,59.9,66.56,0.2,0.2,4.68,23.4,12.8,CatheClean,Agroquímicos,2025,2025-06-21 00:00:00+00,C01,PERLA LOTE 04,2025
8de555bf,c8ac5fa6,2a279588,96.5,128.66,0.045,0.06,0.54,12,178.7,MyCossed,Agroquímicos,2025,2025-06-04 00:00:00+00,P06,L01 LOTE-01,2025
8deddc05,a41dd0b9,cc210393,83.2,66.56,0.25,0.2,6.5,26,12.8,CatheClean,Agroquímicos,2025,2025-06-05 00:00:00+00,P03,L13 LOTE LAS 50 B LOTE,2025
8e0de9c5,ce9560f0,cc210393,4.22,57.34,0.11,0.2,0.33,3,12.8,CatheClean,Agroquímicos,2025,2025-06-14 00:00:00+00,P09,L14 LOTE SANTACRUZ II-LOTE 6A,2025
8e11e55f,4e9e7b8c,b275b7cf,434,1078,5,5.5,15.5,3.1,28,"25,46N-00P-21,81K/3,66S",Fertilizantes,2025,2025-06-20 00:00:00+00,C01,PERLA LOTE 2A,2025
8e1694b7,41edbe16,c2541310,23.77,71.32,0.1,0.3,1.41,14.1,16.86,Alfamilo 90SP,Agroquímicos,2025,2025-08-20 00:00:00+00,P04,L01 LOTE-01,2025
8e2e259e,0fcdb088,e1ff11f4,0,0,1,1,10.2,10.2,,Pase de rastra,Enmienda,2025,2025-05-06 00:00:00+00,G04,L03 LOTE LOMA AMARILLA,2025
8e317bc5,1d3a8fe0,5438a6c7,180,0,0.1,,3,30,60,BTKIMAX PLUS PM,Agroquímicos,2025,2025-07-28 00:00:00+00,G02,L05 LA CAGADA,2025
8e32f9d9,04fc938f,50ea012e,302.72,227.04,4,3,68.8,17.2,4.4,Alfasato 48 SL (glifosato),Agroquímicos,2025,2025-05-04 00:00:00+00,P04,L05 LOTE 25 ha B,2025
8e3fc60b,d19a7140,c8ffca92,10.28,10.28,0.05,0.05,1.29,25.7,8,Trampa de feromonas,Agroquímicos,2025,2025-07-07 00:00:00+00,G05,L08 LOTE RAMIREZ A,2025
8e40de7e,5ff59454,8a4ab665,82.73,190.64,0.2,0.12,1.33,6.64,62.3,Eminente 45 WG,Agroquímicos,2025,2025-06-10 00:00:00+00,P09,L13 LOTE SANTACRUZ II-LOTE 5B,2025
8e6c42d4,7601064e,8a4ab665,210.08,190.64,0.2,0.12,3.37,16.86,62.3,Eminente 45 WG,Agroquímicos,2025,2025-07-06 00:00:00+00,P09,L13 LOTE SANTACRUZ II-LOTE 5B,2025
8ecb98a0,849002bc,de6596dc,113.96,74.07,0.1,0.065,2.59,25.9,44,Grafito,Semillas,2025,2025-05-29 00:00:00+00,P07,L03 LOTE 3C,2025
8ed85a83,8d954d12,8a4ab665,158.24,124.85,0.2,0.12,2.54,12.7,62.3,Eminente 45 WG,Agroquímicos,2025,2025-06-25 00:00:00+00,P11,L01 LOTE 5A,2025
8ee1b294,79914438,c2541310,9.61,28.83,0.1,0.3,0.57,5.7,16.86,Alfamilo 90SP,Agroquímicos,2025,2025-05-26 00:00:00+00,G04,L04 LOTE LOMA BARRIGA,2025
8efb9bd0,5bc82c91,de256ae0,178,313.28,2,2,20,10,8.9,QuelaTech Micros,Fertilizantes,2025,2025-07-30 00:00:00+00,P03,L18 LOTE LA LAGUNA,2025
8f2a0a1c,fef179af,aa72374c,381.04,381.04,2.5,2.5,44,17.6,8.66,Pendialfa 50 EC,Agroquímicos,2025,2025-07-16 00:00:00+00,P03,L18 LOTE LA LAGUNA,2025
8f2a3f14,e93e2a01,d73f9b82,0,0,1,,5.7,5.7,,Alfavin,Agroquímicos,2025,2025-08-20 00:00:00+00,G04,L04 LOTE LOMA BARRIGA,2025
8f3a98c1,7753a376,b275b7cf,3732.96,5132.82,4,5.5,133.32,33.33,28,"25,46N-00P-21,81K/3,66S",Fertilizantes,2025,2025-07-10 00:00:00+00,G03,L10 LOTE LA TRINCHERA B,2025
8f3cd8eb,c02839cc,b275b7cf,2665.6,6930,4,5.5,95.2,23.8,28,"25,46N-00P-21,81K/3,66S",Fertilizantes,2025,2025-07-05 00:00:00+00,G02,L03 LOTE IGUANITAS,2025
8f3f31b0,36301787,79e8c679,703.08,703.08,4,4,111.6,27.9,6.3,Pasto: Brachiara Ruziziensis,Semillas,2025,2025-07-12 00:00:00+00,G07,L03 LOTE VICTORIERO 1B,2025
8f52b019,2ab51324,b46d6dc9,6086.08,6086.08,7,7,145.6,20.8,41.8,"4,28N-18,52P-17,12K/5,51S+6,1MgO+0,68B+2,28Zn",Fertilizantes,2025,2025-08-05 00:00:00+00,G04,L06 LOTE A,2025
8f679a78,e26844ba,cc210393,10.24,40.96,0.1,0.2,0.8,8,12.8,CatheClean,Agroquímicos,2025,2025-07-30 00:00:00+00,P03,L04 LA NEGRA,2025
8f69b5ad,8cd088a1,2a279588,170.48,170.48,0.06,0.06,0.95,15.9,178.7,MyCossed,Agroquímicos,2025,2025-05-06 00:00:00+00,P04,L04 LOTE 25 ha A,2025
8f7b54b7,24f5e773,2a279588,225.16,225.16,0.06,0.06,1.26,21,178.7,MyCossed,Agroquímicos,2025,2025-06-08 00:00:00+00,G03,L04 LOTE ARBOLOTE ARRIBA A,2025
8f910ffa,1c06deca,b6a9d42e,3858.4,3858.4,1.3,1.3,27.56,21.2,140,Maíz: Danac-029 c/fortenza duo,Semillas,2025,2025-05-27 00:00:00+00,G04,L02 LOTE CIRUELA ARRIBA,2025
8fa4d220,f1c4a404,50ea012e,183.04,137.28,4,3,41.6,10.4,4.4,Alfasato 48 SL (glifosato),Agroquímicos,2025,2025-06-20 00:00:00+00,P03,L02 LOTE LA CASA A,2025
8fad517a,63446ea7,8a4ab665,115.88,69.53,0.2,0.12,1.86,9.3,62.3,Eminente 45 WG,Agroquímicos,2025,2025-08-10 00:00:00+00,G03,L01 LOTE ALFARERO A,2025
8fc2da43,ca334692,3072d084,662.2,662.2,1.5,1.5,46.05,30.7,14.38,Gadriano 30 OD,Agroquímicos,2025,2025-08-24 00:00:00+00,G06,L04 LA REPRESA LOTE C,2025
8fc66766,e99bffc6,73a629e4,215.37,430.75,0.5,1,10.3,20.6,20.91,Jupiter 25 EC (piraclostrobina),Agroquímicos,2025,2025-07-11 00:00:00+00,G07,L02 LOTE VICTORIERO 1A,2025
8fe04664,532264eb,5438a6c7,174.6,0,0.1,,2.91,29.1,60,BTKIMAX PLUS PM,Agroquímicos,2025,2025-08-24 00:00:00+00,G02,L04 LOS BECERROS,2025
900d076a,d14a2a6d,c2541310,37.18,150.22,0.15,0.3,2.21,14.7,16.86,Alfamilo 90SP,Agroquímicos,2025,2025-07-17 00:00:00+00,P03,L11 LOTE L2D2,2025
9034613a,aed4d998,3072d084,379.63,379.63,1.5,1.5,26.4,17.6,14.38,Gadriano 30 OD,Agroquímicos,2025,2025-06-18 00:00:00+00,G01,L11 LOTE EL DRAGAL 4-1,2025
905b0e53,eebfd618,bca12c05,324.63,0,0.25,0,9.65,38.6,33.64,Alfasystin,Agroquímicos,2025,2025-06-21 00:00:00+00,G06,L02 LA REPRESA LOTE A,2025
9078b00f,b8b2576f,ebc8d614,2082.6,2429.7,3,3.5,78,26,26.7,"Nitro Evolution: 40-00-00/5,76S",Fertilizantes,2025,2025-07-10 00:00:00+00,G03,L08 EL DESQUITE B,2025
908c50d6,ef50587d,aa72374c,515.27,974.25,2.5,2.5,59.5,23.8,8.66,Pendialfa 50 EC,Agroquímicos,2025,2025-06-20 00:00:00+00,G02,L03 LOTE IGUANITAS,2025
90c32a96,12113ce1,cc210393,10.88,40.96,0.1,0.2,0.85,8.5,12.8,CatheClean,Agroquímicos,2025,2025-07-03 00:00:00+00,P03,L04 LA NEGRA,2025
90ca6801,8db9d3ac,c2541310,70.85,100.65,0.25,0.3,4.2,16.81,16.86,Alfamilo 90SP,Agroquímicos,2025,2025-07-06 00:00:00+00,P09,L10 LOTE SANTACRUZ II-LOTE 2B,2025
90dff85d,20a02f5d,8a4ab665,362.59,217.55,0.2,0.12,5.82,29.1,62.3,Eminente 45 WG,Agroquímicos,2025,2025-06-26 00:00:00+00,P11,L06 LOTE 7C,2025
90ec6b18,0953f75e,cc210393,12.8,69.12,0.1,0.2,1,10,12.8,CatheClean,Agroquímicos,2025,2025-07-07 00:00:00+00,P11,L03 LOTE-06,2025
90eff487,f71b0210,790b615c,60.23,0,0.3,0,6.09,20.3,9.89,Yamur 25EW,Agroquímicos,2025,2025-08-20 00:00:00+00,G04,L08 LOTE C,2025
91086116,d2a7898e,de6596dc,82.08,82.08,0.065,0.065,1.87,28.7,44,Grafito,Semillas,2025,2025-06-18 00:00:00+00,G05,L06 LOTE LOMA 2,2025
91171548,84567a0e,de256ae0,40.94,81.88,1,2,4.6,4.6,8.9,QuelaTech Micros,Fertilizantes,2025,2025-07-08 00:00:00+00,P06,L04 LOTE-03 B,2025
9141f773,8937141a,73a629e4,313.65,627.3,0.5,1,15,30,20.91,Jupiter 25 EC (piraclostrobina),Agroquímicos,2025,2025-07-07 00:00:00+00,P07,L02 LOTE 3B,2025
9177dbde,ff59542f,7a071d0e,6776,0,1.4,0,30.8,22,220,Lucino,Semillas,2025,2025-07-23 00:00:00+00,P03,L14 LOTE LAS 60 A LOTE,2025
918d5602,9bacadd0,cc210393,34.78,63.23,0.11,0.2,2.72,24.7,12.8,CatheClean,Agroquímicos,2025,2025-06-14 00:00:00+00,P09,L08 LOTE SANTACRUZ II-LOTE 1,2025
91ac44f6,98c8b311,cc210393,25.5,41.47,0.3,0.2,1.99,6.64,12.8,CatheClean,Agroquímicos,2025,2025-05-18 00:00:00+00,P09,L12 LOTE SANTACRUZ II-LOTE 5A,2025
91b3ed7c,1344bd0b,aa72374c,58.89,73.61,2,2.5,6.8,3.4,8.66,Pendialfa 50 EC,Agroquímicos,2025,2025-07-31 00:00:00+00,G01,L03 LOTE DETRÁS DE LA CASA B,2025
91beb975,8423bd85,b6a9d42e,2940,5405.4,1.5,1.3,21,14,140,Maíz: Danac-029 c/fortenza duo,Semillas,2025,2025-06-24 00:00:00+00,P03,L11 LOTE L2D2,2025
91c0b689,e348b19f,8a4ab665,402.46,241.47,0.2,0.12,6.46,32.3,62.3,Eminente 45 WG,Agroquímicos,2025,2025-06-14 00:00:00+00,P09,L04 LOTE SANTACRUZ I-LOTE 4,2025
91c897cd,7601064e,790b615c,32.83,0,0.5,0,3.32,6.64,9.89,Yamur 25EW,Agroquímicos,2025,2025-07-06 00:00:00+00,P09,L13 LOTE SANTACRUZ II-LOTE 5B,2025
91d7cc28,08e4458c,bdac1da2,579.6,0,0.7,0,3.22,4.6,180,Cal dolomítica,Enmienda,2025,2025-05-16 00:00:00+00,G07,L02 LOTE VICTORIERO 1A,2025
92090466,a6085382,9316143b,153.67,0,0.7,,15.26,21.8,10.07,Alfyrinex,Agroquímicos,2025,2025-07-21 00:00:00+00,G03,L09 LOTE LA TRINCHERA A,2025
921ba553,cbe728e9,c2541310,25.29,30.35,0.25,0.3,1.5,6,16.86,Alfamilo 90SP,Agroquímicos,2025,2025-06-18 00:00:00+00,P03,L19 LOTE L2F,2025
921ceb36,5bc82c91,de256ae0,89,313.28,1,2,10,10,8.9,QuelaTech Micros,Fertilizantes,2025,2025-07-22 00:00:00+00,P03,L18 LOTE LA LAGUNA,2025
922fe6df,e77f6ea8,cc210393,73.02,41.73,0.35,0.2,5.71,16.3,12.8,CatheClean,Agroquímicos,2025,2025-05-16 00:00:00+00,P04,L03 LOTE-03,2025
92310448,cba27d83,de6596dc,55.77,55.77,0.065,0.065,1.27,19.5,44,Grafito,Semillas,2025,2025-06-17 00:00:00+00,G03,L03 LOTE ALFARERO D,2025
92438f0f,7601064e,d73f9b82,0,0,1,,16.86,16.86,,Alfavin,Agroquímicos,2025,2025-07-10 00:00:00+00,P09,L13 LOTE SANTACRUZ II-LOTE 5B,2025
9253b63d,81f8c03d,73a629e4,187.14,374.29,0.5,1,8.95,17.9,20.91,Jupiter 25 EC (piraclostrobina),Agroquímicos,2025,2025-08-20 00:00:00+00,P09,"L17 LOTE SANTACRUZ II-LOTE 11, 12 Y 13",2025
92655f00,19a644fd,f886ec2d,125.81,62.91,1,0.5,23,23,5.47,"SoloPasto 30,41SL (plicorán+2,4D)",Agroquímicos,2025,2025-05-31 00:00:00+00,P03,L16 LOTE LOS MANGOS,2025
927e3b50,10d71555,b275b7cf,784,2017.4,4,5.5,28,7,28,"25,46N-00P-21,81K/3,66S",Fertilizantes,2025,2025-08-20 00:00:00+00,G05,L04 LOTE LOCACIÓN A,2025
92860d1c,e4daaaa3,b6a9d42e,2562,3130.4,1.5,1.3,18.3,12.2,140,Maíz: Danac-029 c/fortenza duo,Semillas,2025,2025-08-05 00:00:00+00,P04,L05 LOTE 25 ha B,2025
9289ea19,f5f9a382,bca12c05,216.14,0,0.25,0,6.43,25.7,33.64,Alfasystin,Agroquímicos,2025,2025-08-15 00:00:00+00,G05,L08 LOTE RAMIREZ A,2025
9292df73,84a75c10,2a279588,230.79,307.72,0.045,0.06,1.29,28.7,178.7,MyCossed,Agroquímicos,2025,2025-06-02 00:00:00+00,G05,L06 LOTE LOMA 2,2025
92a54d47,48cfdb7b,c8ffca92,160,8,1,0.05,20,20,8,Trampa de feromonas,Agroquímicos,2025,2025-05-31 00:00:00+00,G01,L12 LOTE EL MANGO B,2025
92aa8d24,089c3294,cc210393,152.99,82.69,0.6,0.2,11.95,19.92,12.8,CatheClean,Agroquímicos,2025,2025-05-04 00:00:00+00,P09,L04 LOTE SANTACRUZ I-LOTE 4,2025
92af67ee,7953b6db,50ea012e,368.28,368.28,3,3,83.7,27.9,4.4,Alfasato 48 SL (glifosato),Agroquímicos,2025,2025-08-06 00:00:00+00,G07,L03 LOTE VICTORIERO 1B,2025
92c133fb,db2bf835,f886ec2d,36.59,83.96,0.3,0.5,6.69,22.3,5.47,"SoloPasto 30,41SL (plicorán+2,4D)",Agroquímicos,2025,2025-06-01 00:00:00+00,G06,L04 LA REPRESA LOTE C,2025
92c6e332,3bea2a41,73a629e4,31.37,468.38,0.5,1,1.5,3,20.91,Jupiter 25 EC (piraclostrobina),Agroquímicos,2025,2025-06-10 00:00:00+00,P09,L14 LOTE SANTACRUZ II-LOTE 6A,2025
93024ce3,ea0dce4f,8a4ab665,415.29,249.18,0.2,0.12,6.67,33.33,62.3,Eminente 45 WG,Agroquímicos,2025,2025-07-03 00:00:00+00,G03,L10 LOTE LA TRINCHERA B,2025
930ece19,f03d2136,8a4ab665,249.2,149.52,0.2,0.12,4,20,62.3,Eminente 45 WG,Agroquímicos,2025,2025-07-13 00:00:00+00,G03,L12 LOTE LOS CARO-02 A,2025
9337ca19,ca175d5f,73a629e4,346.06,692.12,0.5,1,16.55,33.1,20.91,Jupiter 25 EC (piraclostrobina),Agroquímicos,2025,2025-07-04 00:00:00+00,G07,L01 LOTE SAMANCITO,2025
933ddc98,2f8145a4,ebc8d614,1068,2523.15,4,3.5,40,10,26.7,"Nitro Evolution: 40-00-00/5,76S",Fertilizantes,2025,2025-08-05 00:00:00+00,P11,L03 LOTE-06,2025
9353bf63,ca543aea,8a4ab665,73.51,118.87,0.2,0.12,1.18,5.9,62.3,Eminente 45 WG,Agroquímicos,2025,2025-08-11 00:00:00+00,G05,L02 LOTE COCO LOMA GRANDE,2025
9368ff02,30de1f10,cc210393,53.76,53.76,0.2,0.2,4.2,21,12.8,CatheClean,Agroquímicos,2025,2025-05-27 00:00:00+00,C01,PERLA LOTE 01,2025
936dda5a,aed4d998,5438a6c7,105.6,0,0.1,,1.76,17.6,60,BTKIMAX PLUS PM,Agroquímicos,2025,2025-06-18 00:00:00+00,G01,L11 LOTE EL DRAGAL 4-1,2025
939f5b7b,0f2fe728,de256ae0,542.9,542.9,2,2,61,30.5,8.9,QuelaTech Micros,Fertilizantes,2025,2025-08-21 00:00:00+00,P03,L15 LOTE LAS 60 B,2025
93a5ce9e,1972b411,790b615c,19.78,0,0.5,0,2,4,9.89,Yamur 25EW,Agroquímicos,2025,2025-07-28 00:00:00+00,P09,L11 LOTE SANTACRUZ II-LOTE 3,2025
93f2ffbd,5625969b,cc210393,17.41,69.63,0.05,0.2,1.36,27.2,12.8,CatheClean,Agroquímicos,2025,2025-07-31 00:00:00+00,G01,L02 LOTE LOS MANGOS,2025
93f8fb98,bfddb24b,2a279588,275.56,275.56,0.06,0.06,1.54,25.7,178.7,MyCossed,Agroquímicos,2025,2025-06-08 00:00:00+00,G05,L08 LOTE RAMIREZ A,2025
940e2b09,7511f632,3072d084,483.17,483.17,1.5,1.5,33.6,22.4,14.38,Gadriano 30 OD,Agroquímicos,2025,2025-06-22 00:00:00+00,P03,L08 LOTE L2B,2025
9420ef82,2a6c53c7,f886ec2d,42.39,79.32,0.5,0.5,7.75,15.5,5.47,"SoloPasto 30,41SL (plicorán+2,4D)",Agroquímicos,2025,2025-04-30 00:00:00+00,C01,PERLA LOTE 06,2025
9426656d,07a7604b,de6596dc,52.24,56.91,0.075,0.065,1.19,15.83,44,Grafito,Semillas,2025,2025-07-06 00:00:00+00,P09,L10 LOTE SANTACRUZ II-LOTE 2B,2025
94325964,a86c0c52,3072d084,891.56,668.67,2,1.5,62,31,14.38,Gadriano 30 OD,Agroquímicos,2025,2025-07-16 00:00:00+00,P03,L03 LOTE LA CASA C,2025
9447da76,c717eee1,cc210393,73.47,73.47,0.2,0.2,5.74,28.7,12.8,CatheClean,Agroquímicos,2025,2025-06-16 00:00:00+00,G05,L06 LOTE LOMA 2,2025
9448ecff,ffa84aeb,cc210393,13.06,26.11,0.1,0.2,1.02,10.2,12.8,CatheClean,Agroquímicos,2025,2025-08-20 00:00:00+00,G04,L03 LOTE LOMA AMARILLA,2025
944f9710,717c0a67,cc210393,30.72,30.72,0.2,0.2,2.4,12,12.8,CatheClean,Agroquímicos,2025,2025-05-20 00:00:00+00,C01,LOTE JUANCHO,2025
945cadc7,74d132ea,b46d6dc9,5985.76,5237.54,8,7,143.2,17.9,41.8,"4,28N-18,52P-17,12K/5,51S+6,1MgO+0,68B+2,28Zn",Fertilizantes,2025,2025-06-20 00:00:00+00,P09,"L17 LOTE SANTACRUZ II-LOTE 11, 12 Y 13",2025
9466c41b,ec853322,de6596dc,73.5,73.5,0.065,0.065,1.67,25.7,44,Grafito,Semillas,2025,2025-06-18 00:00:00+00,G05,L08 LOTE RAMIREZ A,2025
9482d1ee,662fe147,b275b7cf,2508.8,3449.6,4,5.5,89.6,22.4,28,"25,46N-00P-21,81K/3,66S",Fertilizantes,2025,2025-06-10 00:00:00+00,P03,L08 LOTE L2B,2025
9483e7c9,143b3b07,cc210393,81.58,57.86,0.282,0.2,6.37,22.6,12.8,CatheClean,Agroquímicos,2025,2025-06-08 00:00:00+00,G03,L07 EL DESQUITE A,2025
9484e2ee,f1c4a404,cc210393,33.28,26.62,0.25,0.2,2.6,10.4,12.8,CatheClean,Agroquímicos,2025,2025-06-20 00:00:00+00,P03,L02 LOTE LA CASA A,2025
949254ef,1972b411,8a4ab665,49.84,266.15,0.2,0.12,0.8,4,62.3,Eminente 45 WG,Agroquímicos,2025,2025-07-28 00:00:00+00,P09,L11 LOTE SANTACRUZ II-LOTE 3,2025
949835d6,534cf2b4,3072d084,394.01,619.06,2,1.5,27.4,13.7,14.38,Gadriano 30 OD,Agroquímicos,2025,2025-08-15 00:00:00+00,G05,L09 LOTE RAMIREZ B,2025
949d870e,ecf949b9,cc210393,129.92,51.97,0.5,0.2,10.15,20.3,12.8,CatheClean,Agroquímicos,2025,2025-06-19 00:00:00+00,G04,L08 LOTE C,2025
94a3fb9e,666e80c0,de256ae0,510.86,510.86,2,2,57.4,28.7,8.9,QuelaTech Micros,Fertilizantes,2025,2025-07-14 00:00:00+00,G05,L06 LOTE LOMA 2,2025
94a7cc41,16f07592,c2541310,88.52,106.22,0.25,0.3,5.25,21,16.86,Alfamilo 90SP,Agroquímicos,2025,2025-06-21 00:00:00+00,C01,PERLA LOTE 01,2025
94e52bb7,7601064e,c1d751bb,53.78,413.1,0.1,0.2,0.66,6.64,81,Bacillus Thuringiensis,Agroquímicos,2025,2025-06-05 00:00:00+00,P09,L13 LOTE SANTACRUZ II-LOTE 5B,2025
94eb85cf,c0d1f794,f886ec2d,69.74,57.44,0.5,0.5,12.75,25.5,5.47,"SoloPasto 30,41SL (plicorán+2,4D)",Agroquímicos,2025,2025-04-30 00:00:00+00,C01,PERLA LOTE 01,2025
953180d4,d5c99514,b57fd6f9,57.02,0,0.15,,3.15,21,18.1,Agripega 100,Agroquímicos,2025,2025-08-11 00:00:00+00,G03,L04 LOTE ARBOLOTE ARRIBA A,2025
9539402d,a7763893,b46d6dc9,10633.92,10416.56,8,7,254.4,31.8,41.8,"4,28N-18,52P-17,12K/5,51S+6,1MgO+0,68B+2,28Zn",Fertilizantes,2025,2025-06-20 00:00:00+00,P09,L11 LOTE SANTACRUZ II-LOTE 3,2025
95461c53,f45933a5,3072d084,28.26,414.14,1.5,1.5,1.97,1.31,14.38,Gadriano 30 OD,Agroquímicos,2025,2025-06-05 00:00:00+00,P09,L01 LOTE SANTACRUZ I-LOTE 1,2025
954df5ba,5ba4558a,b275b7cf,1120,1540,4,5.5,40,10,28,"25,46N-00P-21,81K/3,66S",Fertilizantes,2025,2025-08-05 00:00:00+00,G01,L10 LOTE EL DRAGAL 3-1,2025
9563eeec,cba27d83,cc210393,49.92,49.92,0.2,0.2,3.9,19.5,12.8,CatheClean,Agroquímicos,2025,2025-08-10 00:00:00+00,G03,L03 LOTE ALFARERO D,2025
956c6cc8,29cc1e6e,b46d6dc9,6144.6,6144.6,7,7,147,21,41.8,"4,28N-18,52P-17,12K/5,51S+6,1MgO+0,68B+2,28Zn",Fertilizantes,2025,2025-05-19 00:00:00+00,C01,PERLA LOTE 01,2025
95722094,5d045e1d,2a279588,94.89,126.52,0.045,0.06,0.53,11.8,178.7,MyCossed,Agroquímicos,2025,2025-06-04 00:00:00+00,P06,L02 LOTE-02,2025
9597303f,f8a21ac7,aa72374c,324.75,376.71,2.5,2.5,37.5,15,8.66,Pendialfa 50 EC,Agroquímicos,2025,2025-06-02 00:00:00+00,G02,L01 LOTE EL TANQUE-A,2025
95a88906,8c9ab3f4,8a4ab665,2641.52,158.49,2,0.12,42.4,21.2,62.3,Eminente 45 WG,Agroquímicos,2025,2025-08-20 00:00:00+00,G04,L02 LOTE CIRUELA ARRIBA,2025
95c22e72,14e1b821,c2541310,15.3,92.06,0.25,0.3,0.91,3.63,16.86,Alfamilo 90SP,Agroquímicos,2025,2025-06-01 00:00:00+00,P09,L15 LOTE SANTACRUZ II-LOTE 6B,2025
96203766,29f24031,b275b7cf,694.4,954.8,4,5.5,24.8,6.2,28,"25,46N-00P-21,81K/3,66S",Fertilizantes,2025,2025-08-05 00:00:00+00,G04,L05 LOTE LOMAS DE MEDANO,2025
963ed6f0,cb2b7852,c1d751bb,146.61,293.22,0.1,0.2,1.81,18.1,81,Bacillus Thuringiensis,Agroquímicos,2025,2025-06-25 00:00:00+00,P11,L02 LOTE 5B,2025
96537a03,481ab45e,aa72374c,176.66,220.83,2,2.5,20.4,10.2,8.66,Pendialfa 50 EC,Agroquímicos,2025,2025-05-26 00:00:00+00,G04,L03 LOTE LOMA AMARILLA,2025
96d6c859,367d27c2,aa72374c,391.87,391.87,2.5,2.5,45.25,18.1,8.66,Pendialfa 50 EC,Agroquímicos,2025,2025-05-29 00:00:00+00,P11,L02 LOTE 5B,2025
96d8d2ce,697ad611,b46d6dc9,1258.18,8982.82,7,7,30.1,4.3,41.8,"4,28N-18,52P-17,12K/5,51S+6,1MgO+0,68B+2,28Zn",Fertilizantes,2025,2025-06-03 00:00:00+00,G06,L04 LA REPRESA LOTE C,2025
96e448b7,5ae6d721,cc210393,31.62,63.23,0.1,0.2,2.47,24.7,12.8,CatheClean,Agroquímicos,2025,2025-07-06 00:00:00+00,P09,L08 LOTE SANTACRUZ II-LOTE 1,2025
96f64b39,d1927426,bfe0f583,0,0,3,0,55.8,18.6,,Atrazina,Agroquímicos,2025,2025-07-06 00:00:00+00,P09,L16 LOTE SANTACRUZ II-LOTE 9 Y 10,2025
96f9370c,131691a0,c1d751bb,250.29,500.58,0.1,0.2,3.09,30.9,81,Bacillus Thuringiensis,Agroquímicos,2025,2025-07-02 00:00:00+00,G03,L15 LOTE SALTO DEL MIRA A,2025
97051540,c1c0267f,bca12c05,100.92,0,0.25,0,3,12,33.64,Alfasystin,Agroquímicos,2025,2025-07-08 00:00:00+00,P06,L01 LOTE-01,2025
9707ad52,7d3d6120,c8ffca92,81.6,4.08,1,0.05,10.2,10.2,8,Trampa de feromonas,Agroquímicos,2025,2025-05-31 00:00:00+00,G04,L03 LOTE LOMA AMARILLA,2025
97118dd8,45881120,44237940,93.02,93.02,1.5,1.5,23.85,15.9,3.9,Alfaxone Super 20 SL,Agroquímicos,2025,2025-05-06 00:00:00+00,P04,L04 LOTE 25 ha A,2025
97394d53,ba8fd8e7,73a629e4,271.83,543.66,0.5,1,13,26,20.91,Jupiter 25 EC (piraclostrobina),Agroquímicos,2025,2025-06-18 00:00:00+00,P03,L13 LOTE LAS 50 B LOTE,2025
974c8856,ba8fd8e7,de6596dc,51.48,74.36,0.045,0.065,1.17,26,44,Grafito,Semillas,2025,2025-06-24 00:00:00+00,P03,L13 LOTE LAS 50 B LOTE,2025
975c04c1,427aef34,ebc8d614,1561.95,1822.28,3,3.5,58.5,19.5,26.7,"Nitro Evolution: 40-00-00/5,76S",Fertilizantes,2025,2025-07-08 00:00:00+00,G03,L03 LOTE ALFARERO D,2025
975c5bbf,e8de4558,de6596dc,41.18,59.49,0.045,0.065,0.94,20.8,44,Grafito,Semillas,2025,2025-05-25 00:00:00+00,G04,L06 LOTE A,2025
9765bb44,be4d3747,de6596dc,91.96,59.77,0.1,0.065,2.09,20.9,44,Grafito,Semillas,2025,2025-06-01 00:00:00+00,P05,L02 LOTE EL PALMAR 2,2025
977436cf,32b609b4,790b615c,27.59,0,0.3,0,2.79,9.3,9.89,Yamur 25EW,Agroquímicos,2025,2025-07-31 00:00:00+00,G01,L04 LOTE EL DRAGAL 2B,2025
977a635f,ff4f73aa,44237940,117,93.02,3,1.5,30,10,3.9,Alfaxone Super 20 SL,Agroquímicos,2025,2025-08-12 00:00:00+00,G05,L02 LOTE COCO LOMA GRANDE,2025
97b050b1,11d47f6c,cc210393,5.11,46.59,0.11,0.2,0.4,3.63,12.8,CatheClean,Agroquímicos,2025,2025-06-10 00:00:00+00,P09,L15 LOTE SANTACRUZ II-LOTE 6B,2025
97c0d158,6df4f766,b6a9d42e,3822,3822,1.3,1.3,27.3,21,140,Maíz: Danac-029 c/fortenza duo,Semillas,2025,2025-05-16 00:00:00+00,C01,PERLA LOTE 01,2025
97da94d7,02b83227,50ea012e,320.32,240.24,4,3,72.8,18.2,4.4,Alfasato 48 SL (glifosato),Agroquímicos,2025,2025-05-23 00:00:00+00,P09,L15 LOTE SANTACRUZ II-LOTE 6B,2025
97eab9b2,2fb7cb2e,b6a9d42e,391.3,4732,1.3,1.3,2.8,2.15,140,Maíz: Danac-029 c/fortenza duo,Semillas,2025,2025-05-13 00:00:00+00,C01,PERLA LOTE 04,2025
97eeea8d,9a04ff7a,cc210393,9.6,25.6,0.075,0.2,0.75,10,12.8,CatheClean,Agroquímicos,2025,2025-07-31 00:00:00+00,G01,L10 LOTE EL DRAGAL 3-1,2025
97f225d7,b87c491b,bdac1da2,3006,0,1,0,16.7,16.7,180,Cal dolomítica,Enmienda,2025,2025-05-06 00:00:00+00,G04,L01 LOTE CIRUELA ABAJO,2025
9802a688,6fac1fd9,44237940,81.9,144.5,2,1.5,21,10.5,3.9,Alfaxone Super 20 SL,Agroquímicos,2025,2025-05-07 00:00:00+00,P09,L08 LOTE SANTACRUZ II-LOTE 1,2025
9804e7a5,b983f2fb,73a629e4,52.38,286.47,0.5,1,2.51,5.01,20.91,Jupiter 25 EC (piraclostrobina),Agroquímicos,2025,2025-07-25 00:00:00+00,P08,L07 LOTE 3B 2,2025
9807ddd5,6b1b6092,ebc8d614,1201.5,2682.02,3,3.5,45,15,26.7,"Nitro Evolution: 40-00-00/5,76S",Fertilizantes,2025,2025-08-12 00:00:00+00,G05,L09 LOTE RAMIREZ B,2025
98109e6f,d134cfba,2a279588,3077.21,307.72,0.6,0.06,17.22,28.7,178.7,MyCossed,Agroquímicos,2025,2025-06-08 00:00:00+00,G05,L09 LOTE RAMIREZ B,2025
9817f002,1c128d02,de6596dc,29.92,19.45,0.1,0.065,0.68,6.8,44,Grafito,Semillas,2025,2025-05-24 00:00:00+00,P03,L07 LOTE L2A,2025
9846ba30,80eaf641,3072d084,366.69,582.39,1.5,1.5,25.5,17,14.38,Gadriano 30 OD,Agroquímicos,2025,2025-06-25 00:00:00+00,P11,L03 LOTE-06,2025
984d2a58,e52762fb,e1ff11f4,0,0,1000,1,5500,5.5,,Pase de rastra,Enmienda,2025,2025-05-08 00:00:00+00,G01,L07 LOTE EL DRAGAL 1-1,2025
985e1ec7,8ffd3d98,b275b7cf,1948.8,2679.6,4,5.5,69.6,17.4,28,"25,46N-00P-21,81K/3,66S",Fertilizantes,2025,2025-06-16 00:00:00+00,G02,L01 LOTE EL TANQUE-A,2025
987eb225,b5ae46b1,de6596dc,83.8,83.8,0.065,0.065,1.9,29.3,44,Grafito,Semillas,2025,2025-06-17 00:00:00+00,G02,L02 LOTE EL TANQUE-B,2025
988d96ab,8b219f0f,3072d084,946.2,709.65,2,1.5,65.8,32.9,14.38,Gadriano 30 OD,Agroquímicos,2025,2025-07-01 00:00:00+00,P05,L01 LOTE EL PALMAR 1,2025
98ada6c5,1db63196,f886ec2d,39.38,39.38,0.5,0.5,7.2,14.4,5.47,"SoloPasto 30,41SL (plicorán+2,4D)",Agroquímicos,2025,2025-05-13 00:00:00+00,P11,L07 LOTE-08,2025
98b752aa,d9c0e809,9316143b,100.7,0,1,,10,10,10.07,Alfyrinex,Agroquímicos,2025,2025-07-31 00:00:00+00,G01,L10 LOTE EL DRAGAL 3-1,2025
98b7c983,e7d5b57c,ebc8d614,1925.07,1925.07,3.5,3.5,72.1,20.6,26.7,"Nitro Evolution: 40-00-00/5,76S",Fertilizantes,2025,2025-07-11 00:00:00+00,G07,L02 LOTE VICTORIERO 1A,2025
98d12d76,e8119bf5,b46d6dc9,10032,8778,8,7,240,30,41.8,"4,28N-18,52P-17,12K/5,51S+6,1MgO+0,68B+2,28Zn",Fertilizantes,2025,2025-06-23 00:00:00+00,P07,L02 LOTE 3B,2025
98d681e4,5f18b82f,3072d084,422.77,640.63,2,1.5,29.4,14.7,14.38,Gadriano 30 OD,Agroquímicos,2025,2025-07-12 00:00:00+00,P03,L11 LOTE L2D2,2025
99037536,7cc59f96,cc210393,12.8,25.6,0.1,0.2,1,10,12.8,CatheClean,Agroquímicos,2025,2025-05-23 00:00:00+00,G01,L09 LOTE EL DRAGAL 3B,2025
9909d690,283daccb,b6a9d42e,6279,6279,1.3,1.3,44.85,34.5,140,Maíz: Danac-029 c/fortenza duo,Semillas,2025,2025-05-30 00:00:00+00,P08,L01 LOTE-01,2025
9910fb3e,acb3a3e4,50ea012e,528,310.2,6,3,120,20,4.4,Alfasato 48 SL (glifosato),Agroquímicos,2025,2025-06-01 00:00:00+00,C02,L03 RIO 2 LOTE-03,2025
991a8b2b,b8842302,73a629e4,337.7,675.39,0.5,1,16.15,32.3,20.91,Jupiter 25 EC (piraclostrobina),Agroquímicos,2025,2025-06-05 00:00:00+00,P09,L04 LOTE SANTACRUZ I-LOTE 4,2025
992c873a,5ff59454,cc210393,9.35,65.28,0.11,0.2,0.73,6.64,12.8,CatheClean,Agroquímicos,2025,2025-06-10 00:00:00+00,P09,L13 LOTE SANTACRUZ II-LOTE 5B,2025
99642712,7e378e34,f886ec2d,95.18,52.51,1.5,0.5,17.4,11.6,5.47,"SoloPasto 30,41SL (plicorán+2,4D)",Agroquímicos,2025,2025-08-20 00:00:00+00,P09,L01 LOTE SANTACRUZ I-LOTE 1,2025
9990a7b1,c3c5e5d3,8a4ab665,45.73,27.44,0.2,0.12,0.73,3.67,62.3,Eminente 45 WG,Agroquímicos,2025,2025-08-11 00:00:00+00,G03,L14 LOTE LOS CARO-01,2025
9994a8ad,9cd84b6e,de6596dc,53.86,77.79,0.045,0.065,1.22,27.2,44,Grafito,Semillas,2025,2025-05-22 00:00:00+00,G01,L02 LOTE LOS MANGOS,2025
99972418,d8b706d7,5438a6c7,107.4,0,0.1,,1.79,17.9,60,BTKIMAX PLUS PM,Agroquímicos,2025,2025-07-06 00:00:00+00,P05,L01 LOTE EL PALMAR 1,2025
99998406,de73d6f2,cc210393,50.59,23.81,0.425,0.2,3.95,9.3,12.8,CatheClean,Agroquímicos,2025,2025-06-07 00:00:00+00,G03,L01 LOTE ALFARERO A,2025
999b82f6,91508721,79e8c679,113.4,869.4,4,4,18,4.5,6.3,Pasto: Brachiara Ruziziensis,Semillas,2025,2025-07-05 00:00:00+00,P08,L01 LOTE-01,2025
999daf86,1a5d20e3,73a629e4,104.55,332.47,0.5,1,5,10,20.91,Jupiter 25 EC (piraclostrobina),Agroquímicos,2025,2025-08-12 00:00:00+00,G05,L02 LOTE COCO LOMA GRANDE,2025
99a58353,3659ee62,73a629e4,193.42,386.84,0.5,1,9.25,18.5,20.91,Jupiter 25 EC (piraclostrobina),Agroquímicos,2025,2025-07-06 00:00:00+00,G05,L03 LOTE LA PIEDRA,2025
99b42897,d6c09a3d,de6596dc,73.33,95.32,0.05,0.065,1.67,33.33,44,Grafito,Semillas,2025,2025-05-31 00:00:00+00,G03,L10 LOTE LA TRINCHERA B,2025
99cfe1fa,81f8c03d,c1d751bb,144.99,289.98,0.1,0.2,1.79,17.9,81,Bacillus Thuringiensis,Agroquímicos,2025,2025-08-20 00:00:00+00,P09,"L17 LOTE SANTACRUZ II-LOTE 11, 12 Y 13",2025
99d443a9,4c70554c,cc210393,11.26,45.06,0.05,0.2,0.88,17.6,12.8,CatheClean,Agroquímicos,2025,2025-07-31 00:00:00+00,G01,L11 LOTE EL DRAGAL 4-1,2025
99e809f1,89fd8d63,de256ae0,41.92,323.96,1,2,4.71,4.71,8.9,QuelaTech Micros,Fertilizantes,2025,2025-07-06 00:00:00+00,P09,L15 LOTE SANTACRUZ II-LOTE 6B,2025
99ee744e,1a7128e5,aa72374c,311.76,415.68,3,2.5,36,12,8.66,Pendialfa 50 EC,Agroquímicos,2025,2025-07-13 00:00:00+00,P09,L01 LOTE SANTACRUZ I-LOTE 1,2025
99fd33f3,8f5ce78a,50ea012e,434.72,326.04,4,3,98.8,24.7,4.4,Alfasato 48 SL (glifosato),Agroquímicos,2025,2025-05-04 00:00:00+00,P09,L08 LOTE SANTACRUZ II-LOTE 1,2025
9a0cb12b,02200b94,b6a9d42e,3990,3458,1.5,1.3,28.5,19,140,Maíz: Danac-029 c/fortenza duo,Semillas,2025,2025-05-19 00:00:00+00,P03,L10 LOTE L2D1,2025
9a3b2ebd,849d2fa7,de256ae0,312.39,624.78,1,2,35.1,35.1,8.9,QuelaTech Micros,Fertilizantes,2025,2025-06-17 00:00:00+00,P08,L02 LOTE-02,2025
9a6d4f34,73647008,0edac71f,2109.6,0,8,,60,7.5,35.16,"4N-17,4P-22,4K/4,6S+5,2MgO+0,68B+1,7Zn",Fertilizantes,2025,2025-06-30 00:00:00+00,P03,L04 LA NEGRA,2025
9a86be73,67805a51,73a629e4,127.55,255.1,0.5,1,6.1,12.2,20.91,Jupiter 25 EC (piraclostrobina),Agroquímicos,2025,2025-07-07 00:00:00+00,P07,L04 LOTE 3D,2025
9a89b992,3ed62dec,de6596dc,11.29,16.3,0.045,0.065,0.26,5.7,44,Grafito,Semillas,2025,2025-05-26 00:00:00+00,G04,L04 LOTE LOMA BARRIGA,2025
9a927e9f,7ddd3ee2,2a279588,312010.2,312.01,60,0.06,1746,29.1,178.7,MyCossed,Agroquímicos,2025,2025-06-05 00:00:00+00,G02,L04 LOS BECERROS,2025
9aa6ec8d,f2651ee8,cc210393,4.19,49.15,0.25,0.2,0.33,1.31,12.8,CatheClean,Agroquímicos,2025,2025-06-05 00:00:00+00,P09,L01 LOTE SANTACRUZ I-LOTE 1,2025
9ac6826e,3dac7922,f886ec2d,10.04,10.04,0.5,0.5,1.84,3.67,5.47,"SoloPasto 30,41SL (plicorán+2,4D)",Agroquímicos,2025,2025-06-12 00:00:00+00,G03,L14 LOTE LOS CARO-01,2025
9ae694a6,2954a925,790b615c,33.63,0,0.5,0,3.4,6.8,9.89,Yamur 25EW,Agroquímicos,2025,2025-06-19 00:00:00+00,P03,L07 LOTE L2A,2025
9aeb3d69,768a796d,aa72374c,671.15,671.15,2.5,2.5,77.5,31,8.66,Pendialfa 50 EC,Agroquímicos,2025,2025-07-16 00:00:00+00,P03,L03 LOTE LA CASA C,2025
9af42501,b3516a5e,50ea012e,176,264,2,3,40,20,4.4,Alfasato 48 SL (glifosato),Agroquímicos,2025,2025-06-08 00:00:00+00,G03,L12 LOTE LOS CARO-02 A,2025
9b0855ac,a56e4515,cc210393,5.12,42.75,0.1,0.2,0.4,4,12.8,CatheClean,Agroquímicos,2025,2025-06-25 00:00:00+00,P11,L01 LOTE 5A,2025
9b0cc579,5bdfc9ae,cc210393,79.36,79.36,0.2,0.2,6.2,31,12.8,CatheClean,Agroquímicos,2025,2025-07-03 00:00:00+00,G03,L11 LOTE LA TRINCHERA C,2025
9b0d88ca,ec15b336,d19aa794,104.62,0,0.5,,3.5,7,29.89,Super Barre 55 EC,Agroquímicos,2025,2025-08-12 00:00:00+00,G01,L08 LOTE EL MANGO C,2025
9b33e35a,8c9c2b25,c2541310,120.55,146.68,0.25,0.3,7.15,28.6,16.86,Alfamilo 90SP,Agroquímicos,2025,2025-06-01 00:00:00+00,C01,PERLA LOTE 06,2025
9b34b2d8,7cc59f96,aa72374c,173.2,216.5,2,2.5,20,10,8.66,Pendialfa 50 EC,Agroquímicos,2025,2025-05-23 00:00:00+00,G01,L09 LOTE EL DRAGAL 3B,2025
9b4868e9,0783a071,de6596dc,37.47,37.47,0.065,0.065,0.85,13.1,44,Grafito,Semillas,2025,2025-07-18 00:00:00+00,G05,L04 LOTE LOCACIÓN A,2025
9b686839,c164e4de,8a4ab665,220.54,132.33,0.2,0.12,3.54,17.7,62.3,Eminente 45 WG,Agroquímicos,2025,2025-07-31 00:00:00+00,G01,L06 LOTE EL DRAGAL 4B,2025
9b6c6348,961a3693,de256ae0,398.72,398.72,2,2,44.8,22.4,8.9,QuelaTech Micros,Fertilizantes,2025,2025-07-17 00:00:00+00,P03,L08 LOTE L2B,2025
9b71fe05,6fe3bb6b,aa72374c,597.54,497.95,3,2.5,69,23,8.66,Pendialfa 50 EC,Agroquímicos,2025,2025-07-16 00:00:00+00,P03,L16 LOTE LOS MANGOS,2025
9b8457e0,6421c749,c1d751bb,220.32,440.64,0.1,0.2,2.72,27.2,81,Bacillus Thuringiensis,Agroquímicos,2025,2025-06-03 00:00:00+00,G01,L02 LOTE LOS MANGOS,2025
9b9b1a0b,a0081c8f,bdac1da2,1260,0,0.7,0,7,10,180,Cal dolomítica,Enmienda,2025,2025-05-13 00:00:00+00,G07,L01 LOTE SAMANCITO,2025
9b9ecd6c,7e365bc0,b6a9d42e,2184,2184,1.3,1.3,15.6,12,140,Maíz: Danac-029 c/fortenza duo,Semillas,2025,2025-07-10 00:00:00+00,C01,LOTE JUANCHO,2025
9bc2e5c7,1fa154a7,c2541310,34.23,102.68,0.1,0.3,2.03,20.3,16.86,Alfamilo 90SP,Agroquímicos,2025,2025-05-25 00:00:00+00,G04,L08 LOTE C,2025
9bca00db,031febc3,3072d084,105.55,79.16,2,1.5,7.34,3.67,14.38,Gadriano 30 OD,Agroquímicos,2025,2025-08-18 00:00:00+00,G03,L14 LOTE LOS CARO-01,2025
9bccf428,481bea8f,79e8c679,251.84,622.44,6.15,4,39.98,6.5,6.3,Pasto: Brachiara Ruziziensis,Semillas,2025,2025-06-10 00:00:00+00,P09,L08 LOTE SANTACRUZ II-LOTE 1,2025
9c00c209,ba8fd8e7,790b615c,128.57,0,0.5,0,13,26,9.89,Yamur 25EW,Agroquímicos,2025,2025-06-18 00:00:00+00,P03,L13 LOTE LAS 50 B LOTE,2025
9c073a04,ecf949b9,73a629e4,212.24,424.47,0.5,1,10.15,20.3,20.91,Jupiter 25 EC (piraclostrobina),Agroquímicos,2025,2025-06-19 00:00:00+00,G04,L08 LOTE C,2025
9c1248e5,e56835dd,b46d6dc9,6353.6,5559.4,8,7,152,19,41.8,"4,28N-18,52P-17,12K/5,51S+6,1MgO+0,68B+2,28Zn",Fertilizantes,2025,2025-05-21 00:00:00+00,P03,L10 LOTE L2D1,2025
9c2e932c,7dbf553d,bca12c05,88.31,0,0.25,0,2.63,10.5,33.64,Alfasystin,Agroquímicos,2025,2025-05-25 00:00:00+00,P09,L08 LOTE SANTACRUZ II-LOTE 1,2025
9c34d6ff,a6a6b529,ce31a1fd,5623.8,0,1.3,0,40.17,30.9,140,Maíz: Danac-430 c/fortenza duo,Semillas,2025,2025-06-06 00:00:00+00,G03,L15 LOTE SALTO DEL MIRA A,2025
9c405376,945cec1b,cc210393,85.32,85.32,0.2,0.2,6.67,33.33,12.8,CatheClean,Agroquímicos,2025,2025-07-02 00:00:00+00,G03,L10 LOTE LA TRINCHERA B,2025
9c48442b,586c68ce,3072d084,363.67,550.04,1.5,1.5,25.29,16.86,14.38,Gadriano 30 OD,Agroquímicos,2025,2025-07-06 00:00:00+00,P09,L13 LOTE SANTACRUZ II-LOTE 5B,2025
9c51fe79,e26844ba,de256ae0,142.4,284.8,2,2,16,8,8.9,QuelaTech Micros,Fertilizantes,2025,2025-07-30 00:00:00+00,P03,L04 LA NEGRA,2025
9c78c719,3db9b88e,bca12c05,132.21,0,0.3,0,3.93,13.1,33.64,Alfasystin,Agroquímicos,2025,2025-07-06 00:00:00+00,G05,L04 LOTE LOCACIÓN A,2025
9c800974,29fa12ff,2a279588,228.38,346.32,0.09,0.06,1.28,14.2,178.7,MyCossed,Agroquímicos,2025,2025-05-14 00:00:00+00,P09,L04 LOTE SANTACRUZ I-LOTE 4,2025
9c863c87,3400d4f4,f886ec2d,55.25,55.25,0.5,0.5,10.1,20.2,5.47,"SoloPasto 30,41SL (plicorán+2,4D)",Agroquímicos,2025,2025-05-13 00:00:00+00,P11,L04 LOTE 7A,2025
9c8e7801,01dd3b18,2a279588,2078.89,273.41,0.69,0.06,11.63,16.86,178.7,MyCossed,Agroquímicos,2025,2025-06-01 00:00:00+00,P09,L13 LOTE SANTACRUZ II-LOTE 5B,2025
9c91d648,a91d0f8f,cc210393,69.12,82.69,0.3,0.2,5.4,18,12.8,CatheClean,Agroquímicos,2025,2025-05-11 00:00:00+00,P09,L04 LOTE SANTACRUZ I-LOTE 4,2025
9cb5328f,7e365bc0,61e0f8a6,3686.28,0,1.3,0,15.6,12,236.3,Dekalb 410,Semillas,2025,2025-06-19 00:00:00+00,C01,LOTE JUANCHO,2025
9cc0c03e,e21dde72,c2541310,72.16,100.65,0.25,0.3,4.28,17.12,16.86,Alfamilo 90SP,Agroquímicos,2025,2025-07-15 00:00:00+00,P09,L10 LOTE SANTACRUZ II-LOTE 2B,2025
9cdd9508,118dadb8,cc210393,16.9,45.06,0.075,0.2,1.32,17.6,12.8,CatheClean,Agroquímicos,2025,2025-07-31 00:00:00+00,G01,L11 LOTE EL DRAGAL 4-1,2025
9cf9ad0c,08e4458c,e1ff11f4,0,0,1,1,8,8,,Pase de rastra,Enmienda,2025,2025-05-14 00:00:00+00,G07,L02 LOTE VICTORIERO 1A,2025
9cfa1d18,d1927426,c2541310,78.4,159.83,0.25,0.3,4.65,18.6,16.86,Alfamilo 90SP,Agroquímicos,2025,2025-07-06 00:00:00+00,P09,L16 LOTE SANTACRUZ II-LOTE 9 Y 10,2025
9d3ecfff,530a985d,cc210393,15.49,30.98,0.1,0.2,1.21,12.1,12.8,CatheClean,Agroquímicos,2025,2025-07-22 00:00:00+00,P03,L17 LOTE EL CUADRITO,2025
9d4542de,77b7d847,44237940,202.8,204.75,2,1.5,52,26,3.9,Alfaxone Super 20 SL,Agroquímicos,2025,2025-07-01 00:00:00+00,P03,L06 LOS CACHICAMOS,2025
9d45726d,f9346ba5,bdac1da2,793.8,0,0.3,0,4.41,14.7,180,Cal dolomítica,Enmienda,2025,2025-05-18 00:00:00+00,G05,L05 LOTE LOMA 1,2025
9d4de913,9fd5d16a,b46d6dc9,3452.68,3452.68,7,7,82.6,11.8,41.8,"4,28N-18,52P-17,12K/5,51S+6,1MgO+0,68B+2,28Zn",Fertilizantes,2025,2025-06-18 00:00:00+00,P06,L02 LOTE-02,2025
9d6a7085,30de1f10,c2541310,35.41,106.22,0.1,0.3,2.1,21,16.86,Alfamilo 90SP,Agroquímicos,2025,2025-05-27 00:00:00+00,C01,PERLA LOTE 01,2025
9d844de1,220a522b,b275b7cf,2940,4466,5,5.5,105,21,28,"25,46N-00P-21,81K/3,66S",Fertilizantes,2025,2025-06-26 00:00:00+00,C01,PERLA LOTE 06,2025
9d88e81f,96fe8df2,cc210393,80.64,53.76,0.3,0.2,6.3,21,12.8,CatheClean,Agroquímicos,2025,2025-08-21 00:00:00+00,G03,L04 LOTE ARBOLOTE ARRIBA A,2025
9da67114,7601064e,cc210393,33.09,65.28,0.11,0.2,2.59,23.5,12.8,CatheClean,Agroquímicos,2025,2025-06-14 00:00:00+00,P09,L13 LOTE SANTACRUZ II-LOTE 5B,2025
9dc61563,011fefec,b57fd6f9,54.3,0,0.15,,3,20,18.1,Agripega 100,Agroquímicos,2025,2025-08-11 00:00:00+00,G03,L12 LOTE LOS CARO-02 A,2025
9df01ab5,e3b57f9b,ebc8d614,1021.01,1513.89,4,3.5,38.24,9.56,26.7,"Nitro Evolution: 40-00-00/5,76S",Fertilizantes,2025,2025-07-08 00:00:00+00,P09,L12 LOTE SANTACRUZ II-LOTE 5A,2025
9df51174,97eaa262,50ea012e,479.42,417.12,6,3,108.96,18.16,4.4,Alfasato 48 SL (glifosato),Agroquímicos,2025,2025-06-10 00:00:00+00,P09,L16 LOTE SANTACRUZ II-LOTE 9 Y 10,2025
9e0c0476,1a7128e5,cc210393,103.22,49.15,0.42,0.2,8.06,19.2,12.8,CatheClean,Agroquímicos,2025,2025-07-06 00:00:00+00,P09,L01 LOTE SANTACRUZ I-LOTE 1,2025
9e12cad0,a5590190,0edac71f,2531.52,0,8,,72,9,35.16,"4N-17,4P-22,4K/4,6S+5,2MgO+0,68B+1,7Zn",Fertilizantes,2025,2025-07-09 00:00:00+00,P03,L06 LOS CACHICAMOS,2025
9e2d2e93,0d6b0ccb,8a4ab665,242.97,145.78,0.2,0.12,3.9,19.5,62.3,Eminente 45 WG,Agroquímicos,2025,2025-07-08 00:00:00+00,G03,L03 LOTE ALFARERO D,2025
9e3a2ada,79044130,aa72374c,307.43,303.1,2.5,2.5,35.5,14.2,8.66,Pendialfa 50 EC,Agroquímicos,2025,2025-06-23 00:00:00+00,P03,L12 LOTE L2E,2025
9e51dcae,212ceb94,790b615c,26.11,0,0.3,0,2.64,8.8,9.89,Yamur 25EW,Agroquímicos,2025,2025-07-31 00:00:00+00,G01,L05 LOTE EL DRAGAL 2-1,2025
9e6acced,8c1006bd,ebc8d614,40.05,934.5,0.15,3.5,1.5,10,26.7,"Nitro Evolution: 40-00-00/5,76S",Fertilizantes,2025,2025-07-31 00:00:00+00,G01,L10 LOTE EL DRAGAL 3-1,2025
9e90eb7b,5b713d1f,8a4ab665,218.05,261.66,0.1,0.12,3.5,35,62.3,Eminente 45 WG,Agroquímicos,2025,2025-07-30 00:00:00+00,P03,L06 LOS CACHICAMOS,2025
9ea676b1,7e9ef8b7,cc210393,8.18,58.88,0.1,0.2,0.64,6.39,12.8,CatheClean,Agroquímicos,2025,2025-07-17 00:00:00+00,P03,L09 LOTE L2C,2025
9eb02cc3,a8869d49,b46d6dc9,6846.84,6846.84,7,7,163.8,23.4,41.8,"4,28N-18,52P-17,12K/5,51S+6,1MgO+0,68B+2,28Zn",Fertilizantes,2025,2025-06-08 00:00:00+00,G03,L05 CASA DE TABLA ARRIBA A,2025
9ec1197f,745423ed,b57fd6f9,72.49,0,0.15,,4.01,26.7,18.1,Agripega 100,Agroquímicos,2025,2025-07-21 00:00:00+00,G03,L02 LOTE ALFARERO B,2025
9ed40c5b,07f5ebc3,b275b7cf,3539.2,4866.4,4,5.5,126.4,31.6,28,"25,46N-00P-21,81K/3,66S",Fertilizantes,2025,2025-07-08 00:00:00+00,P09,L16 LOTE SANTACRUZ II-LOTE 9 Y 10,2025
9ed77559,7953b6db,cc210393,107.14,71.42,0.3,0.2,8.37,27.9,12.8,CatheClean,Agroquímicos,2025,2025-08-06 00:00:00+00,G07,L03 LOTE VICTORIERO 1B,2025
9edc1e27,da3216c3,f886ec2d,73.02,73.02,0.5,0.5,13.35,26.7,5.47,"SoloPasto 30,41SL (plicorán+2,4D)",Agroquímicos,2025,2025-06-11 00:00:00+00,G03,L02 LOTE ALFARERO B,2025
9eed3d83,ec15b336,44b881f4,0,0,0.25,,1.75,7,,KUNG FU MAX,Agroquímicos,2025,2025-07-31 00:00:00+00,G01,L08 LOTE EL MANGO C,2025
9ef307da,b298bdd2,de6596dc,68.2,88.66,0.05,0.065,1.55,31,44,Grafito,Semillas,2025,2025-06-17 00:00:00+00,G03,L11 LOTE LA TRINCHERA C,2025
9f002f6f,13577b79,8a4ab665,179.42,107.65,0.2,0.12,2.88,14.4,62.3,Eminente 45 WG,Agroquímicos,2025,2025-06-25 00:00:00+00,P11,L07 LOTE-08,2025
9f1c818c,7592df82,de256ae0,279.46,279.46,2,2,31.4,15.7,8.9,QuelaTech Micros,Fertilizantes,2025,2025-06-20 00:00:00+00,P04,L02 LOTE-02,2025
9f30a94e,30dbc879,3072d084,323.55,610.43,1.5,1.5,22.5,15,14.38,Gadriano 30 OD,Agroquímicos,2025,2025-06-19 00:00:00+00,G06,L03 LA REPRESA LOTE B,2025
9f353a1c,ff654cc4,cc210393,11.01,76.03,0.1,0.2,0.86,8.6,12.8,CatheClean,Agroquímicos,2025,2025-06-09 00:00:00+00,P11,L05 LOTE 7B,2025
9f4c2ce3,02b83227,f886ec2d,49.78,49.78,0.5,0.5,9.1,18.2,5.47,"SoloPasto 30,41SL (plicorán+2,4D)",Agroquímicos,2025,2025-05-23 00:00:00+00,P09,L15 LOTE SANTACRUZ II-LOTE 6B,2025
9f726dd6,0953f75e,de256ae0,89,480.6,1,2,10,10,8.9,QuelaTech Micros,Fertilizantes,2025,2025-07-07 00:00:00+00,P11,L03 LOTE-06,2025
9f83e467,5e23f007,d73f9b82,0,0,1,,17.7,17.7,,Alfavin,Agroquímicos,2025,2025-08-12 00:00:00+00,G01,L06 LOTE EL DRAGAL 4B,2025
9f89ce84,48dd1c0c,b6a9d42e,630,4076.8,1.5,1.3,4.5,3,140,Maíz: Danac-029 c/fortenza duo,Semillas,2025,2025-05-14 00:00:00+00,P09,L14 LOTE SANTACRUZ II-LOTE 6A,2025
9fc68318,6129a4da,de6596dc,66.92,66.92,0.065,0.065,1.52,23.4,44,Grafito,Semillas,2025,2025-06-17 00:00:00+00,G03,L05 CASA DE TABLA ARRIBA A,2025
9ff9df01,c3ac8bd8,8a4ab665,175.69,105.41,0.2,0.12,2.82,14.1,62.3,Eminente 45 WG,Agroquímicos,2025,2025-06-20 00:00:00+00,P04,L01 LOTE-01,2025
a001d5c0,a18acc12,e1ff11f4,0,0,1,1,17,17,,Pase de rastra,Enmienda,2025,2025-05-24 00:00:00+00,G04,L07 LOTE B,2025
a00675df,25fd1034,cc210393,66.56,66.56,0.2,0.2,5.2,26,12.8,CatheClean,Agroquímicos,2025,2025-07-13 00:00:00+00,G03,L08 EL DESQUITE B,2025
a01e4662,a6822ece,d73f9b82,0,0,1,,33.33,33.33,,Alfavin,Agroquímicos,2025,2025-08-10 00:00:00+00,G03,L10 LOTE LA TRINCHERA B,2025
a0278818,2e84429b,79e8c679,592.2,592.2,4,4,94,23.5,6.3,Pasto: Brachiara Ruziziensis,Semillas,2025,2025-07-14 00:00:00+00,G05,L07 LOTE MATA PALO,2025
a04147ca,8830d24f,0581f3d9,0,0,0,1,0,22.6,,Pase de rotativa,Enmienda,2025,2025-05-20 00:00:00+00,C02,L02 LOTE ARENERO 2 LOTE-01,2025
a05b9c5a,399cb67c,ebc8d614,1238.88,1794.24,4,3.5,46.4,11.6,26.7,"Nitro Evolution: 40-00-00/5,76S",Fertilizantes,2025,2025-07-17 00:00:00+00,P09,L01 LOTE SANTACRUZ I-LOTE 1,2025
a081ff4b,bfd1d6e6,790b615c,59.34,0,0.3,0,6,20,9.89,Yamur 25EW,Agroquímicos,2025,2025-07-31 00:00:00+00,G01,L12 LOTE EL MANGO B,2025
a089d322,0e1e38d7,ce31a1fd,3276,0,1.3,0,23.4,18,140,Maíz: Danac-430 c/fortenza duo,Semillas,2025,2025-06-02 00:00:00+00,G06,L04 LA REPRESA LOTE C,2025
a08cc92f,260f2812,b6a9d42e,3749.2,3749.2,1.3,1.3,26.78,20.6,140,Maíz: Danac-029 c/fortenza duo,Semillas,2025,2025-07-10 00:00:00+00,G07,L02 LOTE VICTORIERO 1A,2025
a09816d0,260f2812,2a279588,220.87,220.87,0.06,0.06,1.24,20.6,178.7,MyCossed,Agroquímicos,2025,2025-06-15 00:00:00+00,G07,L02 LOTE VICTORIERO 1A,2025
a0a49394,4edd5789,de256ae0,124.6,124.6,2,2,14,7,8.9,QuelaTech Micros,Fertilizantes,2025,2025-07-31 00:00:00+00,G01,L08 LOTE EL MANGO C,2025
a0b04710,75a0a67c,8a4ab665,49.84,124.85,0.2,0.12,0.8,4,62.3,Eminente 45 WG,Agroquímicos,2025,2025-06-09 00:00:00+00,P11,L01 LOTE 5A,2025
a0bf4ee6,a91d0f8f,aa72374c,368.92,699.3,3,2.5,42.6,14.2,8.66,Pendialfa 50 EC,Agroquímicos,2025,2025-05-14 00:00:00+00,P09,L04 LOTE SANTACRUZ I-LOTE 4,2025
a0c26b2e,d7095b11,cc210393,70.34,40.19,0.35,0.2,5.5,15.7,12.8,CatheClean,Agroquímicos,2025,2025-08-20 00:00:00+00,P04,L02 LOTE-02,2025
a0cce8dd,e99bffc6,cc210393,52.74,52.74,0.2,0.2,4.12,20.6,12.8,CatheClean,Agroquímicos,2025,2025-08-13 00:00:00+00,G07,L02 LOTE VICTORIERO 1A,2025
a0d328cd,f0c6fada,c1d751bb,48.6,97.2,0.1,0.2,0.6,6,81,Bacillus Thuringiensis,Agroquímicos,2025,2025-07-02 00:00:00+00,P03,L19 LOTE L2F,2025
a0fe435e,0b53c89c,cc210393,18.43,36.86,0.1,0.2,1.44,14.4,12.8,CatheClean,Agroquímicos,2025,2025-06-25 00:00:00+00,P11,L07 LOTE-08,2025
a10dd6b7,31458738,50ea012e,496.32,349.8,4,3,112.8,28.2,4.4,Alfasato 48 SL (glifosato),Agroquímicos,2025,2025-05-15 00:00:00+00,P02,L02 LOTE 1B,2025
a13c2a59,ca4d4470,cc210393,11.01,76.03,0.1,0.2,0.86,8.6,12.8,CatheClean,Agroquímicos,2025,2025-06-26 00:00:00+00,P11,L05 LOTE 7B,2025
a13e66eb,002af2f0,f886ec2d,9.03,15.04,0.3,0.5,1.65,5.5,5.47,"SoloPasto 30,41SL (plicorán+2,4D)",Agroquímicos,2025,2025-05-13 00:00:00+00,G01,L07 LOTE EL DRAGAL 1-1,2025
a1563731,841f7e74,44237940,152.1,152.1,1.5,1.5,39,26,3.9,Alfaxone Super 20 SL,Agroquímicos,2025,2025-05-21 00:00:00+00,C01,PERLA LOTE 04,2025
a1573f00,ea208cfc,e1ff11f4,0,0,1,1,7,7,,Pase de rastra,Enmienda,2025,2025-08-12 00:00:00+00,G05,L04 LOTE LOCACIÓN A,2025
a16ba73a,b49bc8c8,b6a9d42e,4713.8,4713.8,1.3,1.3,33.67,25.9,140,Maíz: Danac-029 c/fortenza duo,Semillas,2025,2025-05-29 00:00:00+00,P07,L03 LOTE 3C,2025
a1733305,a7275e42,b6a9d42e,728,2730,1.3,1.3,5.2,4,140,Maíz: Danac-029 c/fortenza duo,Semillas,2025,2025-06-01 00:00:00+00,C01,L11 LOTE PATRIX,2025
a192c378,d1f11745,cc210393,23.17,46.34,0.1,0.2,1.81,18.1,12.8,CatheClean,Agroquímicos,2025,2025-06-25 00:00:00+00,P11,L02 LOTE 5B,2025
a19d9e11,ed437e6c,2a279588,188.98,251.97,0.045,0.06,1.06,23.5,178.7,MyCossed,Agroquímicos,2025,2025-06-16 00:00:00+00,G05,L07 LOTE MATA PALO,2025
a1a05732,e3e7bb0a,bdac1da2,540,0,0.3,0,3,10,180,Cal dolomítica,Enmienda,2025,2025-05-08 00:00:00+00,G03,L02 LOTE ALFARERO B,2025
a1b59dca,b40a7e99,b275b7cf,1758.4,4573.8,4,5.5,62.8,15.7,28,"25,46N-00P-21,81K/3,66S",Fertilizantes,2025,2025-07-14 00:00:00+00,P03,L11 LOTE L2D2,2025
a1b5d2d5,25c020f0,73a629e4,337.7,675.39,0.5,1,16.15,32.3,20.91,Jupiter 25 EC (piraclostrobina),Agroquímicos,2025,2025-06-10 00:00:00+00,P09,L04 LOTE SANTACRUZ I-LOTE 4,2025
a1cf3df2,bcaf1fcd,79e8c679,156.24,156.24,4,4,24.8,6.2,6.3,Pasto: Brachiara Ruziziensis,Semillas,2025,2025-07-08 00:00:00+00,G04,L05 LOTE LOMAS DE MEDANO,2025
a1d88d0a,86f5ac28,aa72374c,400.53,400.53,2.5,2.5,46.25,18.5,8.66,Pendialfa 50 EC,Agroquímicos,2025,2025-06-16 00:00:00+00,G05,L03 LOTE LA PIEDRA,2025
a1f03387,7601064e,73a629e4,69.42,533.21,0.5,1,3.32,6.64,20.91,Jupiter 25 EC (piraclostrobina),Agroquímicos,2025,2025-06-05 00:00:00+00,P09,L13 LOTE SANTACRUZ II-LOTE 5B,2025
a2011dd3,11d5c2ed,50ea012e,48.44,48.44,3,3,11.01,3.67,4.4,Alfasato 48 SL (glifosato),Agroquímicos,2025,2025-06-07 00:00:00+00,G03,L14 LOTE LOS CARO-01,2025
a2291920,e748ef8e,73a629e4,208.05,591.75,0.5,1,9.95,19.9,20.91,Jupiter 25 EC (piraclostrobina),Agroquímicos,2025,2025-07-03 00:00:00+00,G06,L03 LA REPRESA LOTE B,2025
a261c6ae,0862a6ab,c1d751bb,189.54,379.08,0.1,0.2,2.34,23.4,81,Bacillus Thuringiensis,Agroquímicos,2025,2025-07-03 00:00:00+00,G03,L05 CASA DE TABLA ARRIBA A,2025
a2644a22,0825fce9,8a4ab665,119.12,121.11,0.2,0.12,1.91,9.56,62.3,Eminente 45 WG,Agroquímicos,2025,2025-07-06 00:00:00+00,P09,L12 LOTE SANTACRUZ II-LOTE 5A,2025
a298e920,6eab1bb3,b46d6dc9,2048.2,2048.2,7,7,49,7,41.8,"4,28N-18,52P-17,12K/5,51S+6,1MgO+0,68B+2,28Zn",Fertilizantes,2025,2025-05-19 00:00:00+00,C01,PERLA LOTE 2A,2025
a2acd6b2,eab9cdec,c2541310,34.06,102.17,0.1,0.3,2.02,20.2,16.86,Alfamilo 90SP,Agroquímicos,2025,2025-05-25 00:00:00+00,P11,L04 LOTE 7A,2025
a2c94435,444a756a,cc210393,9.4,9.4,0.2,0.2,0.73,3.67,12.8,CatheClean,Agroquímicos,2025,2025-08-19 00:00:00+00,G03,L14 LOTE LOS CARO-01,2025
a2cc949c,1a620ae5,cc210393,96,44.54,0.5,0.2,7.5,15,12.8,CatheClean,Agroquímicos,2025,2025-06-17 00:00:00+00,G02,L01 LOTE EL TANQUE-A,2025
a2e6a8af,67805a51,bca12c05,135.43,0,0.33,0,4.03,12.2,33.64,Alfasystin,Agroquímicos,2025,2025-07-07 00:00:00+00,P07,L04 LOTE 3D,2025
a3107935,07a7604b,cc210393,25.05,50.94,0.11,0.2,1.96,17.79,12.8,CatheClean,Agroquímicos,2025,2025-07-28 00:00:00+00,P09,L10 LOTE SANTACRUZ II-LOTE 2B,2025
a3110ca5,75a0a67c,aa72374c,361.56,361.56,2.5,2.5,41.75,16.7,8.66,Pendialfa 50 EC,Agroquímicos,2025,2025-05-29 00:00:00+00,P11,L01 LOTE 5A,2025
a3185a4e,86f5ac28,c2541310,31.19,93.57,0.1,0.3,1.85,18.5,16.86,Alfamilo 90SP,Agroquímicos,2025,2025-06-16 00:00:00+00,G05,L03 LOTE LA PIEDRA,2025
a319f78f,2ccc4a55,b6a9d42e,3294.2,3294.2,1.3,1.3,23.53,18.1,140,Maíz: Danac-029 c/fortenza duo,Semillas,2025,2025-05-27 00:00:00+00,P11,L02 LOTE 5B,2025
a31fd4cc,0953f75e,de256ae0,240.3,480.6,1,2,27,27,8.9,QuelaTech Micros,Fertilizantes,2025,2025-06-25 00:00:00+00,P11,L03 LOTE-06,2025
a331b6d7,666e80c0,8a4ab665,357.6,214.56,0.2,0.12,5.74,28.7,62.3,Eminente 45 WG,Agroquímicos,2025,2025-07-14 00:00:00+00,G05,L06 LOTE LOMA 2,2025
a34e7b71,63446ea7,cc210393,23.81,23.81,0.2,0.2,1.86,9.3,12.8,CatheClean,Agroquímicos,2025,2025-08-10 00:00:00+00,G03,L01 LOTE ALFARERO A,2025
a35610ee,b9ea1602,cc210393,68.35,68.35,0.2,0.2,5.34,26.7,12.8,CatheClean,Agroquímicos,2025,2025-08-10 00:00:00+00,G03,L02 LOTE ALFARERO B,2025
a3575fbb,1d37bc54,c8ffca92,128,6.4,1,0.05,16,16,8,Trampa de feromonas,Agroquímicos,2025,2025-07-16 00:00:00+00,P03,L04 LA NEGRA,2025
a35edb92,abc16c2b,de6596dc,79.79,79.79,0.065,0.065,1.81,27.9,44,Grafito,Semillas,2025,2025-06-15 00:00:00+00,G07,L03 LOTE VICTORIERO 1B,2025
a369911a,c01bd94c,cc210393,0,61.44,0.4,0.2,0,0,12.8,CatheClean,Agroquímicos,2025,2025-05-01 00:00:00+00,P07,L01 LOTE 3A,2025
a37f20df,b1462711,b6a9d42e,3367,3367,1.3,1.3,24.05,18.5,140,Maíz: Danac-029 c/fortenza duo,Semillas,2025,2025-06-02 00:00:00+00,G05,L03 LOTE LA PIEDRA,2025
a3c21d71,513fd279,73a629e4,248.83,940.95,0.5,1,11.9,23.8,20.91,Jupiter 25 EC (piraclostrobina),Agroquímicos,2025,2025-07-05 00:00:00+00,G02,L03 LOTE IGUANITAS,2025
a3c7dfe2,78d9c6d7,aa72374c,630.02,630.02,2.5,2.5,72.75,29.1,8.66,Pendialfa 50 EC,Agroquímicos,2025,2025-05-25 00:00:00+00,P11,L06 LOTE 7C,2025
a3d4cdb0,5f6e8082,b275b7cf,603.68,3542,4,5.5,21.56,5.39,28,"25,46N-00P-21,81K/3,66S",Fertilizantes,2025,2025-07-16 00:00:00+00,P03,L09 LOTE L2C,2025
a3f2381d,a91d0f8f,cc210393,54.53,82.69,0.3,0.2,4.26,14.2,12.8,CatheClean,Agroquímicos,2025,2025-05-14 00:00:00+00,P09,L04 LOTE SANTACRUZ I-LOTE 4,2025
a4189cff,81f8c03d,bca12c05,301.08,0,0.5,0,8.95,17.9,33.64,Alfasystin,Agroquímicos,2025,2025-08-20 00:00:00+00,P09,"L17 LOTE SANTACRUZ II-LOTE 11, 12 Y 13",2025
a4299cd4,f0bce0ac,b57fd6f9,25.25,0,0.15,,1.4,9.3,18.1,Agripega 100,Agroquímicos,2025,2025-07-21 00:00:00+00,G03,L01 LOTE ALFARERO A,2025
a42b714b,75def668,44237940,234,175.5,2,1.5,60,30,3.9,Alfaxone Super 20 SL,Agroquímicos,2025,2025-05-30 00:00:00+00,P07,L02 LOTE 3B,2025
a43cdc31,80944c3e,b46d6dc9,5939.78,5939.78,7,7,142.1,20.3,41.8,"4,28N-18,52P-17,12K/5,51S+6,1MgO+0,68B+2,28Zn",Fertilizantes,2025,2025-06-08 00:00:00+00,C02,L01 ARENERO 1 LOTE-02,2025
a445cfa7,0fcdb088,bdac1da2,1836,0,1,0,10.2,10.2,180,Cal dolomítica,Enmienda,2025,2025-05-01 00:00:00+00,G04,L03 LOTE LOMA AMARILLA,2025
a452b04c,ac0654f9,b46d6dc9,4769.38,4769.38,7,7,114.1,16.3,41.8,"4,28N-18,52P-17,12K/5,51S+6,1MgO+0,68B+2,28Zn",Fertilizantes,2025,2025-06-15 00:00:00+00,G07,L05 LOTE VICTORIERO 1D,2025
a46e51c8,59cbb879,b46d6dc9,11536.8,10094.7,8,7,276,34.5,41.8,"4,28N-18,52P-17,12K/5,51S+6,1MgO+0,68B+2,28Zn",Fertilizantes,2025,2025-05-30 00:00:00+00,P08,L01 LOTE-01,2025
a47c7ea9,5d0cad20,bdac1da2,2196,0,1,0,12.2,12.2,180,Cal dolomítica,Enmienda,2025,2025-05-05 00:00:00+00,G01,L02 LOTE LOS MANGOS,2025
a480dbd6,849d2fa7,c2541310,118.36,177.54,0.2,0.3,7.02,35.1,16.86,Alfamilo 90SP,Agroquímicos,2025,2025-06-17 00:00:00+00,P08,L02 LOTE-02,2025
a4846551,c3d8e26d,73a629e4,97.23,194.46,0.5,1,4.65,9.3,20.91,Jupiter 25 EC (piraclostrobina),Agroquímicos,2025,2025-07-02 00:00:00+00,G03,L01 LOTE ALFARERO A,2025
a4a60ef8,72dd5ac0,b6a9d42e,5642,5642,1.3,1.3,40.3,31,140,Maíz: Danac-029 c/fortenza duo,Semillas,2025,2025-06-18 00:00:00+00,P03,L05 LAS 50A,2025
a4a616d6,0825fce9,3072d084,143.22,349.43,1.5,1.5,9.96,6.64,14.38,Gadriano 30 OD,Agroquímicos,2025,2025-06-05 00:00:00+00,P09,L12 LOTE SANTACRUZ II-LOTE 5A,2025
a4c612a5,9be40d57,50ea012e,216.48,324.72,2,3,49.2,24.6,4.4,Alfasato 48 SL (glifosato),Agroquímicos,2025,2025-06-08 00:00:00+00,G03,L13 LOTE LOS CARO-02 B,2025
a4d577d9,4b36b409,c1d751bb,216.27,432.54,0.1,0.2,2.67,26.7,81,Bacillus Thuringiensis,Agroquímicos,2025,2025-07-03 00:00:00+00,G03,L02 LOTE ALFARERO B,2025
a4edfb4a,5d165080,8a4ab665,260.41,156.25,0.2,0.12,4.18,20.9,62.3,Eminente 45 WG,Agroquímicos,2025,2025-10-26 00:00:00+00,P05,L02 LOTE EL PALMAR 2,2025
a507a772,f45933a5,bca12c05,11.02,0,0.25,0,0.33,1.31,33.64,Alfasystin,Agroquímicos,2025,2025-06-05 00:00:00+00,P09,L01 LOTE SANTACRUZ I-LOTE 1,2025
a511e063,7e9ef8b7,de256ae0,195.8,409.4,2,2,22,11,8.9,QuelaTech Micros,Fertilizantes,2025,2025-08-21 00:00:00+00,P03,L09 LOTE L2C,2025
a5300111,c1c0267f,5438a6c7,72,0,0.1,,1.2,12,60,BTKIMAX PLUS PM,Agroquímicos,2025,2025-07-08 00:00:00+00,P06,L01 LOTE-01,2025
a530c2ed,50288144,2a279588,19.66,205.86,0.084,0.06,0.11,1.31,178.7,MyCossed,Agroquímicos,2025,2025-05-06 00:00:00+00,P09,L01 LOTE SANTACRUZ I-LOTE 1,2025
a543ae0d,c438a92d,d19aa794,154.23,0,0.3,,5.16,17.2,29.89,Super Barre 55 EC,Agroquímicos,2025,2025-07-08 00:00:00+00,P04,L05 LOTE 25 ha B,2025
a56b3871,0c917f82,cc210393,8.96,17.92,0.1,0.2,0.7,7,12.8,CatheClean,Agroquímicos,2025,2025-05-18 00:00:00+00,G01,L08 LOTE EL MANGO C,2025
a570b1e8,534cf2b4,cc210393,23.67,73.47,0.135,0.2,1.85,13.7,12.8,CatheClean,Agroquímicos,2025,2025-08-15 00:00:00+00,G05,L09 LOTE RAMIREZ B,2025
a5829203,a5590190,44237940,202.8,204.75,2,1.5,52,26,3.9,Alfaxone Super 20 SL,Agroquímicos,2025,2025-06-30 00:00:00+00,P03,L06 LOS CACHICAMOS,2025
a5944911,47a5f328,79e8c679,420.84,420.84,4,4,66.8,16.7,6.3,Pasto: Brachiara Ruziziensis,Semillas,2025,2025-07-08 00:00:00+00,G04,L01 LOTE CIRUELA ABAJO,2025
a5948e77,02a36d49,3072d084,457.28,457.28,1.5,1.5,31.8,21.2,14.38,Gadriano 30 OD,Agroquímicos,2025,2025-08-20 00:00:00+00,G04,L02 LOTE CIRUELA ARRIBA,2025
a5e24002,0b573e66,73a629e4,61.68,437.02,0.5,1,2.95,5.9,20.91,Jupiter 25 EC (piraclostrobina),Agroquímicos,2025,2025-07-06 00:00:00+00,P05,L02 LOTE EL PALMAR 2,2025
a62cbdc6,b903496c,aa72374c,214.34,344.24,2.5,2.5,24.75,9.9,8.66,Pendialfa 50 EC,Agroquímicos,2025,2025-06-16 00:00:00+00,G05,L02 LOTE COCO LOMA GRANDE,2025
a65d21b1,2bc5ccb0,50ea012e,194.04,194.04,3,3,44.1,14.7,4.4,Alfasato 48 SL (glifosato),Agroquímicos,2025,2025-06-03 00:00:00+00,G05,L05 LOTE LOMA 1,2025
a66a4ef6,9bacadd0,73a629e4,258.24,516.48,0.5,1,12.35,24.7,20.91,Jupiter 25 EC (piraclostrobina),Agroquímicos,2025,2025-06-10 00:00:00+00,P09,L08 LOTE SANTACRUZ II-LOTE 1,2025
a67416cf,3eca8a4b,2a279588,255.18,482.49,0.06,0.06,1.43,23.8,178.7,MyCossed,Agroquímicos,2025,2025-06-20 00:00:00+00,G02,L03 LOTE IGUANITAS,2025
a67dbc7d,4a130cc9,c1d751bb,135.27,270.54,0.1,0.2,1.67,16.7,81,Bacillus Thuringiensis,Agroquímicos,2025,2025-06-19 00:00:00+00,G04,L01 LOTE CIRUELA ABAJO,2025
a680e65c,f45933a5,73a629e4,13.7,401.47,0.5,1,0.66,1.31,20.91,Jupiter 25 EC (piraclostrobina),Agroquímicos,2025,2025-05-25 00:00:00+00,P09,L01 LOTE SANTACRUZ I-LOTE 1,2025
a68522e4,e21dde72,cc210393,24.1,50.94,0.11,0.2,1.88,17.12,12.8,CatheClean,Agroquímicos,2025,2025-07-15 00:00:00+00,P09,L10 LOTE SANTACRUZ II-LOTE 2B,2025
a69861a3,2b986641,8eaf03a3,0,0,2,0,49.4,24.7,,Picloran,Agroquímicos,2025,2025-07-06 00:00:00+00,P09,L08 LOTE SANTACRUZ II-LOTE 1,2025
a6bd4e2e,0862a6ab,3072d084,672.98,504.74,2,1.5,46.8,23.4,14.38,Gadriano 30 OD,Agroquímicos,2025,2025-08-18 00:00:00+00,G03,L05 CASA DE TABLA ARRIBA A,2025
a6e9b4a5,2e29243b,cc210393,19.2,51.2,0.075,0.2,1.5,20,12.8,CatheClean,Agroquímicos,2025,2025-07-31 00:00:00+00,G01,L12 LOTE EL MANGO B,2025
a6fdf7fa,0f2fe728,73a629e4,318.88,637.76,0.5,1,15.25,30.5,20.91,Jupiter 25 EC (piraclostrobina),Agroquímicos,2025,2025-08-21 00:00:00+00,P03,L15 LOTE LAS 60 B,2025
a7068621,89fd8d63,d73f9b82,0,0,1,,8.52,8.52,,Alfavin,Agroquímicos,2025,2025-07-10 00:00:00+00,P09,L15 LOTE SANTACRUZ II-LOTE 6B,2025
a70f7de1,f0299ebf,cc210393,86.4,69.12,0.25,0.2,6.75,27,12.8,CatheClean,Agroquímicos,2025,2025-06-20 00:00:00+00,P03,L01 LOTE LA CASA B,2025
a74d615c,79914438,cc210393,9.12,14.59,0.125,0.2,0.71,5.7,12.8,CatheClean,Agroquímicos,2025,2025-05-26 00:00:00+00,G04,L04 LOTE LOMA BARRIGA,2025
a7562d27,4c70554c,790b615c,52.22,0,0.3,0,5.28,17.6,9.89,Yamur 25EW,Agroquímicos,2025,2025-07-31 00:00:00+00,G01,L11 LOTE EL DRAGAL 4-1,2025
a75c8899,c80d14f1,50ea012e,561.44,421.08,4,3,127.6,31.9,4.4,Alfasato 48 SL (glifosato),Agroquímicos,2025,2025-05-14 00:00:00+00,P09,L05 LOTE SANTACRUZ I-LOTE 5,2025
a7802dbe,b1a26da3,de6596dc,103.4,87.23,0.1,0.065,2.35,23.5,44,Grafito,Semillas,2025,2025-07-23 00:00:00+00,P03,L15 LOTE LAS 60 B,2025
a78b0d9c,11d5c2ed,cc210393,19.96,9.4,0.425,0.2,1.56,3.67,12.8,CatheClean,Agroquímicos,2025,2025-06-07 00:00:00+00,G03,L14 LOTE LOS CARO-01,2025
a7e7806d,aef734e7,b6a9d42e,256.76,3494.4,1.4,1.3,1.83,1.31,140,Maíz: Danac-029 c/fortenza duo,Semillas,2025,2025-05-06 00:00:00+00,P09,L01 LOTE SANTACRUZ I-LOTE 1,2025
a7f131f5,b6bcc404,de256ae0,550.02,550.02,2,2,61.8,30.9,8.9,QuelaTech Micros,Fertilizantes,2025,2025-07-09 00:00:00+00,G03,L15 LOTE SALTO DEL MIRA A,2025
a7f6391d,55fd6e56,cc210393,40.61,60.16,0.135,0.2,3.17,23.5,12.8,CatheClean,Agroquímicos,2025,2025-08-11 00:00:00+00,G05,L07 LOTE MATA PALO,2025
a7f86aef,5a66556b,b275b7cf,3326.4,4573.8,4,5.5,118.8,29.7,28,"25,46N-00P-21,81K/3,66S",Fertilizantes,2025,2025-06-26 00:00:00+00,P11,L05 LOTE 7B,2025
a81d94f2,7df769e5,c1d751bb,251.1,502.2,0.1,0.2,3.1,31,81,Bacillus Thuringiensis,Agroquímicos,2025,2025-07-02 00:00:00+00,G03,L11 LOTE LA TRINCHERA C,2025
a86183df,0988ec03,0581f3d9,0,0,1,1,33.1,33.1,,Pase de rotativa,Enmienda,2025,2025-05-12 00:00:00+00,G07,L01 LOTE SAMANCITO,2025
a88c14cb,0f5eeec5,cc210393,60.67,60.67,0.2,0.2,4.74,23.7,12.8,CatheClean,Agroquímicos,2025,2025-05-15 00:00:00+00,P02,L05 LOTE-03,2025
a8bd4c62,9780e2b2,b6a9d42e,3822,3822,1.3,1.3,27.3,21,140,Maíz: Danac-029 c/fortenza duo,Semillas,2025,2025-06-08 00:00:00+00,G03,L04 LOTE ARBOLOTE ARRIBA A,2025
a8c91544,d72888c4,b275b7cf,3259.2,4481.4,4,5.5,116.4,29.1,28,"25,46N-00P-21,81K/3,66S",Fertilizantes,2025,2025-06-26 00:00:00+00,P11,L06 LOTE 7C,2025
a8c9d7d5,80944c3e,2a279588,217.66,217.66,0.06,0.06,1.22,20.3,178.7,MyCossed,Agroquímicos,2025,2025-06-08 00:00:00+00,C02,L01 ARENERO 1 LOTE-02,2025
a94040f0,1a7128e5,de256ae0,103.24,341.76,1,2,11.6,11.6,8.9,QuelaTech Micros,Fertilizantes,2025,2025-07-06 00:00:00+00,P09,L01 LOTE SANTACRUZ I-LOTE 1,2025
a9448113,bff2b4db,0581f3d9,0,0,0,1,0,26.7,,Pase de rotativa,Enmienda,2025,2025-05-20 00:00:00+00,C02,L04 LOTE RIO 1 LOTE-04,2025
a947b711,5535f5aa,d19aa794,134.51,0,0.3,,4.5,15,29.89,Super Barre 55 EC,Agroquímicos,2025,2025-07-08 00:00:00+00,P05,L01 LOTE EL PALMAR 1,2025
a9514a34,5535f5aa,c1d751bb,121.5,532.98,0.1,0.2,1.5,15,81,Bacillus Thuringiensis,Agroquímicos,2025,2025-07-05 00:00:00+00,P05,L01 LOTE EL PALMAR 1,2025
a95699cf,bfd1d6e6,de256ae0,356,356,2,2,40,20,8.9,QuelaTech Micros,Fertilizantes,2025,2025-07-31 00:00:00+00,G01,L12 LOTE EL MANGO B,2025
a9a1c4bd,2d8259f2,2a279588,80.42,107.22,0.045,0.06,0.45,10,178.7,MyCossed,Agroquímicos,2025,2025-05-23 00:00:00+00,G01,L09 LOTE EL DRAGAL 3B,2025
a9df4add,3db9b88e,3072d084,201.32,282.57,2,1.5,14,7,14.38,Gadriano 30 OD,Agroquímicos,2025,2025-08-20 00:00:00+00,G05,L04 LOTE LOCACIÓN A,2025
a9e58e4e,6fdfd7c1,b6a9d42e,2584.4,5223.4,1.3,1.3,18.46,14.2,140,Maíz: Danac-029 c/fortenza duo,Semillas,2025,2025-06-02 00:00:00+00,G05,L06 LOTE LOMA 2,2025
a9e8f3a5,89fd8d63,3072d084,245.04,392.57,2,1.5,17.04,8.52,14.38,Gadriano 30 OD,Agroquímicos,2025,2025-07-06 00:00:00+00,P09,L15 LOTE SANTACRUZ II-LOTE 6B,2025
a9efcacd,3eca8a4b,b46d6dc9,6963.88,13167,7,7,166.6,23.8,41.8,"4,28N-18,52P-17,12K/5,51S+6,1MgO+0,68B+2,28Zn",Fertilizantes,2025,2025-06-20 00:00:00+00,G02,L03 LOTE IGUANITAS,2025
aa1773f7,ff654cc4,8a4ab665,107.16,222.04,0.2,0.12,1.72,8.6,62.3,Eminente 45 WG,Agroquímicos,2025,2025-06-09 00:00:00+00,P11,L05 LOTE 7B,2025
aa24b54a,239e8ddc,b46d6dc9,2721.18,2721.18,7,7,65.1,9.3,41.8,"4,28N-18,52P-17,12K/5,51S+6,1MgO+0,68B+2,28Zn",Fertilizantes,2025,2025-08-05 00:00:00+00,G01,L04 LOTE EL DRAGAL 2B,2025
aa39acaf,c07bca78,44237940,198.9,149.18,2,1.5,51,25.5,3.9,Alfaxone Super 20 SL,Agroquímicos,2025,2025-05-18 00:00:00+00,P09,L13 LOTE SANTACRUZ II-LOTE 5B,2025
aa53a639,e4fa0337,b275b7cf,1870.4,2571.8,4,5.5,66.8,16.7,28,"25,46N-00P-21,81K/3,66S",Fertilizantes,2025,2025-06-25 00:00:00+00,P11,L01 LOTE 5A,2025
aa6c209a,efb19947,ebc8d614,1698.12,3326.82,2,3.5,63.6,31.8,26.7,"Nitro Evolution: 40-00-00/5,76S",Fertilizantes,2025,2025-07-22 00:00:00+00,P09,L11 LOTE SANTACRUZ II-LOTE 3,2025
aa7f5a51,1d31e1d2,b46d6dc9,8573.18,8573.18,7,7,205.1,29.3,41.8,"4,28N-18,52P-17,12K/5,51S+6,1MgO+0,68B+2,28Zn",Fertilizantes,2025,2025-06-01 00:00:00+00,G02,L02 LOTE EL TANQUE-B,2025
aaa354b0,b7128a01,cc210393,33.28,53.25,0.125,0.2,2.6,20.8,12.8,CatheClean,Agroquímicos,2025,2025-05-27 00:00:00+00,G04,L06 LOTE A,2025
aab71f5e,10adef45,cc210393,57.6,115.2,0.1,0.2,4.5,45,12.8,CatheClean,Agroquímicos,2025,2025-08-24 00:00:00+00,G02,L03 LOTE IGUANITAS,2025
aad1b339,ddad842e,b46d6dc9,4079.68,3569.72,8,7,97.6,12.2,41.8,"4,28N-18,52P-17,12K/5,51S+6,1MgO+0,68B+2,28Zn",Fertilizantes,2025,2025-06-23 00:00:00+00,P07,L04 LOTE 3D,2025
aadd67f2,dfd5041e,de6596dc,82.08,82.08,0.065,0.065,1.87,28.7,44,Grafito,Semillas,2025,2025-06-18 00:00:00+00,G05,L09 LOTE RAMIREZ B,2025
aaef9c9e,7df769e5,cc210393,79.36,79.36,0.2,0.2,6.2,31,12.8,CatheClean,Agroquímicos,2025,2025-07-02 00:00:00+00,G03,L11 LOTE LA TRINCHERA C,2025
aaf2d5f7,4da830e4,de6596dc,103.53,51.77,0.13,0.065,2.35,18.1,44,Grafito,Semillas,2025,2025-05-27 00:00:00+00,P11,L02 LOTE 5B,2025
aaf7f4bb,09e367da,d73f9b82,0,0,1,,21.8,21.8,,Alfavin,Agroquímicos,2025,2025-08-10 00:00:00+00,G03,L09 LOTE LA TRINCHERA A,2025
ab0bc68c,34c8b3e9,50ea012e,281.6,238.92,4,3,64,16,4.4,Alfasato 48 SL (glifosato),Agroquímicos,2025,2025-05-07 00:00:00+00,P11,L02 LOTE 5B,2025
ab4ffc77,f93c9e4c,79e8c679,534.24,534.24,4,4,84.8,21.2,6.3,Pasto: Brachiara Ruziziensis,Semillas,2025,2025-07-08 00:00:00+00,G04,L02 LOTE CIRUELA ARRIBA,2025
ab8ebdea,8423bd85,2a279588,162.62,318.44,0.065,0.06,0.91,14,178.7,MyCossed,Agroquímicos,2025,2025-06-24 00:00:00+00,P03,L11 LOTE L2D2,2025
abafb52e,b85a69c5,de256ae0,110.36,110.36,2,2,12.4,6.2,8.9,QuelaTech Micros,Fertilizantes,2025,2025-08-20 00:00:00+00,G04,L05 LOTE LOMAS DE MEDANO,2025
abb1dedf,89fd8d63,c2541310,35.95,92.06,0.25,0.3,2.13,8.53,16.86,Alfamilo 90SP,Agroquímicos,2025,2025-06-10 00:00:00+00,P09,L15 LOTE SANTACRUZ II-LOTE 6B,2025
abb27840,540e97d5,f886ec2d,15.75,26.26,0.3,0.5,2.88,9.6,5.47,"SoloPasto 30,41SL (plicorán+2,4D)",Agroquímicos,2025,2025-05-19 00:00:00+00,G01,L01 LOTE DETRÁS DE LA CASA OESTE,2025
abcbe41d,6ddf6556,f886ec2d,66.46,66.46,0.5,0.5,12.15,24.3,5.47,"SoloPasto 30,41SL (plicorán+2,4D)",Agroquímicos,2025,2025-06-12 00:00:00+00,G03,L06 CASA DE TABLA ARRIBA B,2025
abd5f722,f0246bad,ebc8d614,1417.77,1654.07,3,3.5,53.1,17.7,26.7,"Nitro Evolution: 40-00-00/5,76S",Fertilizantes,2025,2025-08-05 00:00:00+00,G01,L06 LOTE EL DRAGAL 4B,2025
abd9a719,cf47a79a,aa72374c,805.38,671.15,3,2.5,93,31,8.66,Pendialfa 50 EC,Agroquímicos,2025,2025-06-24 00:00:00+00,P03,L05 LAS 50A,2025
abe0260d,23192f46,d73f9b82,0,0,1,,9.6,9.6,,Alfavin,Agroquímicos,2025,2025-08-09 00:00:00+00,G01,L01 LOTE DETRÁS DE LA CASA OESTE,2025
abe773b4,75a0a67c,50ea012e,220.44,220.44,3,3,50.1,16.7,4.4,Alfasato 48 SL (glifosato),Agroquímicos,2025,2025-05-29 00:00:00+00,P11,L01 LOTE 5A,2025
abebc177,cdc8e789,ebc8d614,440.55,513.98,3,3.5,16.5,5.5,26.7,"Nitro Evolution: 40-00-00/5,76S",Fertilizantes,2025,2025-08-05 00:00:00+00,G01,L07 LOTE EL DRAGAL 1-1,2025
ac0c6c4a,28824d28,cc210393,18.43,36.86,0.1,0.2,1.44,14.4,12.8,CatheClean,Agroquímicos,2025,2025-06-09 00:00:00+00,P11,L07 LOTE-08,2025
ac0dd011,3659ee62,bca12c05,186.7,0,0.3,0,5.55,18.5,33.64,Alfasystin,Agroquímicos,2025,2025-07-06 00:00:00+00,G05,L03 LOTE LA PIEDRA,2025
ac1aec38,b08fd0d1,ebc8d614,1746.18,2037.21,3,3.5,65.4,21.8,26.7,"Nitro Evolution: 40-00-00/5,76S",Fertilizantes,2025,2025-07-13 00:00:00+00,G03,L09 LOTE LA TRINCHERA A,2025
ac34ce64,ce756e97,c2541310,35.41,106.22,0.1,0.3,2.1,21,16.86,Alfamilo 90SP,Agroquímicos,2025,2025-06-08 00:00:00+00,G03,L04 LOTE ARBOLOTE ARRIBA A,2025
ac6a7dca,b85a69c5,8a4ab665,77.25,46.35,0.2,0.12,1.24,6.2,62.3,Eminente 45 WG,Agroquímicos,2025,2025-08-20 00:00:00+00,G04,L05 LOTE LOMAS DE MEDANO,2025
ac6d9b44,90a99b0b,de6596dc,20.24,13.16,0.1,0.065,0.46,4.6,44,Grafito,Semillas,2025,2025-06-20 00:00:00+00,P06,L04 LOTE-03 B,2025
ac78b47c,3287ac30,8a4ab665,373.8,224.28,0.2,0.12,6,30,62.3,Eminente 45 WG,Agroquímicos,2025,2025-06-18 00:00:00+00,P07,L02 LOTE 3B,2025
ac7a0222,34c8b3e9,f886ec2d,43.76,49.5,0.5,0.5,8,16,5.47,"SoloPasto 30,41SL (plicorán+2,4D)",Agroquímicos,2025,2025-05-07 00:00:00+00,P11,L02 LOTE 5B,2025
aca723e9,75d675a6,73a629e4,271.83,543.66,0.5,1,13,26,20.91,Jupiter 25 EC (piraclostrobina),Agroquímicos,2025,2025-05-28 00:00:00+00,C01,PERLA LOTE 04,2025
ad2cae20,701dd184,cc210393,9.92,15.87,0.125,0.2,0.78,6.2,12.8,CatheClean,Agroquímicos,2025,2025-05-24 00:00:00+00,G04,L05 LOTE LOMAS DE MEDANO,2025
ad30745c,f98ec527,de6596dc,69.96,45.47,0.1,0.065,1.59,15.9,44,Grafito,Semillas,2025,2025-05-16 00:00:00+00,P04,L04 LOTE 25 ha A,2025
ad79bc79,b1258d1d,ebc8d614,3280.1,3280.1,3.5,3.5,122.85,35.1,26.7,"Nitro Evolution: 40-00-00/5,76S",Fertilizantes,2025,2025-07-01 00:00:00+00,P08,L02 LOTE-02,2025
ad82db30,fc828cf3,cc210393,39.68,79.36,0.1,0.2,3.1,31,12.8,CatheClean,Agroquímicos,2025,2025-07-03 00:00:00+00,P03,L05 LAS 50A,2025
ad8f18c2,b983f2fb,44237940,29.31,80.15,1.5,1.5,7.52,5.01,3.9,Alfaxone Super 20 SL,Agroquímicos,2025,2025-07-25 00:00:00+00,P08,L07 LOTE 3B 2,2025
ad930e50,fd87bd69,8a4ab665,286.58,171.95,0.2,0.12,4.6,23,62.3,Eminente 45 WG,Agroquímicos,2025,2025-07-22 00:00:00+00,P03,L16 LOTE LOS MANGOS,2025
ad97f71e,89fd8d63,c1d751bb,69.01,294.84,0.1,0.2,0.85,8.52,81,Bacillus Thuringiensis,Agroquímicos,2025,2025-07-06 00:00:00+00,P09,L15 LOTE SANTACRUZ II-LOTE 6B,2025
ad9dcfff,12113ce1,44237940,66.3,93.6,2,1.5,17,8.5,3.9,Alfaxone Super 20 SL,Agroquímicos,2025,2025-07-03 00:00:00+00,P03,L04 LA NEGRA,2025
adbbfce8,15b5c367,8a4ab665,393.74,236.24,0.2,0.12,6.32,31.6,62.3,Eminente 45 WG,Agroquímicos,2025,2025-07-10 00:00:00+00,P09,L16 LOTE SANTACRUZ II-LOTE 9 Y 10,2025
ade2cd7d,7601064e,de256ae0,59.1,453.9,1,2,6.64,6.64,8.9,QuelaTech Micros,Fertilizantes,2025,2025-07-06 00:00:00+00,P09,L13 LOTE SANTACRUZ II-LOTE 5B,2025
aded88a0,2bc5ccb0,cc210393,37.63,37.63,0.2,0.2,2.94,14.7,12.8,CatheClean,Agroquímicos,2025,2025-06-03 00:00:00+00,G05,L05 LOTE LOMA 1,2025
ae150f93,ca543aea,8a4ab665,198.11,118.87,0.2,0.12,3.18,15.9,62.3,Eminente 45 WG,Agroquímicos,2025,2025-08-12 00:00:00+00,G05,L02 LOTE COCO LOMA GRANDE,2025
ae19d59f,7ef72c5a,b275b7cf,985.6,1355.2,4,5.5,35.2,8.8,28,"25,46N-00P-21,81K/3,66S",Fertilizantes,2025,2025-08-05 00:00:00+00,G01,L05 LOTE EL DRAGAL 2-1,2025
ae1c471d,02a36d49,d73f9b82,0,0,1,,21.2,21.2,,Alfavin,Agroquímicos,2025,2025-08-20 00:00:00+00,G04,L02 LOTE CIRUELA ARRIBA,2025
ae209a84,5c1b220f,c1d751bb,0,194.4,0.1,0.2,0,,81,Bacillus Thuringiensis,Agroquímicos,2025,2025-07-22 00:00:00+00,C01,LOTE JUANCHO,2025
ae3482e4,a18acc12,bdac1da2,3060,0,1,0,17,17,180,Cal dolomítica,Enmienda,2025,2025-05-03 00:00:00+00,G04,L07 LOTE B,2025
ae367699,ec052713,de256ae0,388.04,388.04,2,2,43.6,21.8,8.9,QuelaTech Micros,Fertilizantes,2025,2025-07-03 00:00:00+00,G03,L09 LOTE LA TRINCHERA A,2025
ae5338bf,945cec1b,c1d751bb,269.97,539.95,0.1,0.2,3.33,33.33,81,Bacillus Thuringiensis,Agroquímicos,2025,2025-07-02 00:00:00+00,G03,L10 LOTE LA TRINCHERA B,2025
ae6630a5,fa4239b5,8a4ab665,261.66,157,0.2,0.12,4.2,21,62.3,Eminente 45 WG,Agroquímicos,2025,2025-06-21 00:00:00+00,C01,PERLA LOTE 01,2025
ae67840d,68b57fb4,ebc8d614,2157.36,1887.69,4,3.5,80.8,20.2,26.7,"Nitro Evolution: 40-00-00/5,76S",Fertilizantes,2025,2025-06-26 00:00:00+00,P11,L04 LOTE 7A,2025
ae6fac1d,cbe728e9,44237940,35.1,35.1,1.5,1.5,9,6,3.9,Alfaxone Super 20 SL,Agroquímicos,2025,2025-06-24 00:00:00+00,P03,L19 LOTE L2F,2025
ae927f93,b71c0e25,ce31a1fd,4911.27,0,1.365,0,35.08,25.7,140,Maíz: Danac-430 c/fortenza duo,Semillas,2025,2025-06-08 00:00:00+00,G05,L08 LOTE RAMIREZ A,2025
aeaea1cd,a4404d3f,7a071d0e,2745.6,0,1.3,0,12.48,9.6,220,Lucino,Semillas,2025,2025-05-25 00:00:00+00,G01,L01 LOTE DETRÁS DE LA CASA OESTE,2025
aecfabfe,fd9b4cd6,ebc8d614,1666.08,1943.76,3,3.5,62.4,20.8,26.7,"Nitro Evolution: 40-00-00/5,76S",Fertilizantes,2025,2025-08-05 00:00:00+00,G04,L06 LOTE A,2025
aede193e,1a7128e5,790b615c,94.94,0,0.5,0,9.6,19.2,9.89,Yamur 25EW,Agroquímicos,2025,2025-07-06 00:00:00+00,P09,L01 LOTE SANTACRUZ I-LOTE 1,2025
aee73a68,b7a05fce,b46d6dc9,1421.2,1989.68,5,7,34,6.8,41.8,"4,28N-18,52P-17,12K/5,51S+6,1MgO+0,68B+2,28Zn",Fertilizantes,2025,2025-05-24 00:00:00+00,P03,L07 LOTE L2A,2025
aee85e71,81f8c03d,de256ae0,159.31,318.62,1,2,17.9,17.9,8.9,QuelaTech Micros,Fertilizantes,2025,2025-08-20 00:00:00+00,P09,"L17 LOTE SANTACRUZ II-LOTE 11, 12 Y 13",2025
aefb83b1,f5a3961c,8a4ab665,1812.93,217.55,1,0.12,29.1,29.1,62.3,Eminente 45 WG,Agroquímicos,2025,2025-07-03 00:00:00+00,G02,L04 LOS BECERROS,2025
af065b04,143b3b07,aa72374c,489.29,489.29,2.5,2.5,56.5,22.6,8.66,Pendialfa 50 EC,Agroquímicos,2025,2025-06-08 00:00:00+00,G03,L07 EL DESQUITE A,2025
af0fdb43,1a7128e5,c2541310,48.89,97.11,0.25,0.3,2.9,11.6,16.86,Alfamilo 90SP,Agroquímicos,2025,2025-07-06 00:00:00+00,P09,L01 LOTE SANTACRUZ I-LOTE 1,2025
af12f6e4,1371c631,50ea012e,448.8,336.6,4,3,102,25.5,4.4,Alfasato 48 SL (glifosato),Agroquímicos,2025,2025-05-11 00:00:00+00,P09,L13 LOTE SANTACRUZ II-LOTE 5B,2025
af410493,4d71d137,d73f9b82,0,0,1,,24.6,24.6,,Alfavin,Agroquímicos,2025,2025-08-11 00:00:00+00,G03,L13 LOTE LOS CARO-02 B,2025
af6d656e,7e9ef8b7,790b615c,54.4,0,0.5,0,5.5,11,9.89,Yamur 25EW,Agroquímicos,2025,2025-08-21 00:00:00+00,P03,L09 LOTE L2C,2025
afa1f2e0,ff19a30a,bca12c05,190.07,0,0.25,0,5.65,22.6,33.64,Alfasystin,Agroquímicos,2025,2025-07-02 00:00:00+00,G03,L07 EL DESQUITE A,2025
afd6ed63,bb7bda4e,b6a9d42e,4258.8,4258.8,1.3,1.3,30.42,23.4,140,Maíz: Danac-029 c/fortenza duo,Semillas,2025,2025-06-08 00:00:00+00,G03,L05 CASA DE TABLA ARRIBA A,2025
afdec0e5,8db9d3ac,cc210393,90.37,50.94,0.42,0.2,7.06,16.81,12.8,CatheClean,Agroquímicos,2025,2025-07-06 00:00:00+00,P09,L10 LOTE SANTACRUZ II-LOTE 2B,2025
aff8983c,7601064e,9316143b,236.65,0,1,,23.5,23.5,10.07,Alfyrinex,Agroquímicos,2025,2025-07-10 00:00:00+00,P09,L13 LOTE SANTACRUZ II-LOTE 5B,2025
b0067a38,20a02f5d,cc210393,37.25,74.5,0.1,0.2,2.91,29.1,12.8,CatheClean,Agroquímicos,2025,2025-06-26 00:00:00+00,P11,L06 LOTE 7C,2025
b0159a61,b983f2fb,de6596dc,22.04,39.18,0.1,0.065,0.5,5.01,44,Grafito,Semillas,2025,2025-07-25 00:00:00+00,P08,L07 LOTE 3B 2,2025
b01f1322,d7e300eb,bca12c05,351.54,0,0.5,0,10.45,20.9,33.64,Alfasystin,Agroquímicos,2025,2025-07-01 00:00:00+00,P05,L02 LOTE EL PALMAR 2,2025
b05f51ea,701dd184,c2541310,10.45,31.36,0.1,0.3,0.62,6.2,16.86,Alfamilo 90SP,Agroquímicos,2025,2025-05-24 00:00:00+00,G04,L05 LOTE LOMAS DE MEDANO,2025
b0a8a6a4,2475107a,50ea012e,92.4,92.4,3,3,21,7,4.4,Alfasato 48 SL (glifosato),Agroquímicos,2025,2025-05-12 00:00:00+00,G01,L08 LOTE EL MANGO C,2025
b0acbd8f,5044ec08,cc210393,20.2,45.82,0.3,0.2,1.58,5.26,12.8,CatheClean,Agroquímicos,2025,2025-05-21 00:00:00+00,P09,"L17 LOTE SANTACRUZ II-LOTE 11, 12 Y 13",2025
b0b9b653,cbe728e9,0edac71f,1687.68,0,8,,48,6,35.16,"4N-17,4P-22,4K/4,6S+5,2MgO+0,68B+1,7Zn",Fertilizantes,2025,2025-07-02 00:00:00+00,P03,L19 LOTE L2F,2025
b0d5819e,5158af80,b46d6dc9,8694.4,7607.6,8,7,208,26,41.8,"4,28N-18,52P-17,12K/5,51S+6,1MgO+0,68B+2,28Zn",Fertilizantes,2025,2025-05-19 00:00:00+00,P03,L13 LOTE LAS 50 B LOTE,2025
b0e57058,212ceb94,8a4ab665,109.65,65.79,0.2,0.12,1.76,8.8,62.3,Eminente 45 WG,Agroquímicos,2025,2025-07-31 00:00:00+00,G01,L05 LOTE EL DRAGAL 2-1,2025
b0e8bde0,e497dfd8,b46d6dc9,8397.62,8397.62,7,7,200.9,28.7,41.8,"4,28N-18,52P-17,12K/5,51S+6,1MgO+0,68B+2,28Zn",Fertilizantes,2025,2025-06-08 00:00:00+00,G05,L09 LOTE RAMIREZ B,2025
b11075ef,5ae6d721,8a4ab665,130.83,184.66,0.2,0.12,2.1,10.5,62.3,Eminente 45 WG,Agroquímicos,2025,2025-06-05 00:00:00+00,P09,L08 LOTE SANTACRUZ II-LOTE 1,2025
b1107b95,a4b14455,de6596dc,61.38,90.38,0.075,0.065,1.4,18.6,44,Grafito,Semillas,2025,2025-06-10 00:00:00+00,P09,L16 LOTE SANTACRUZ II-LOTE 9 Y 10,2025
b1181556,0953f75e,d73f9b82,0,0,1,,27,27,,Alfavin,Agroquímicos,2025,2025-07-10 00:00:00+00,P11,L03 LOTE-06,2025
b13055cb,7d8ea755,de256ae0,290.14,290.14,2,2,32.6,16.3,8.9,QuelaTech Micros,Fertilizantes,2025,2025-08-20 00:00:00+00,P04,L03 LOTE-03,2025
b130eb14,7c9f8acc,bca12c05,114.38,0,0.5,0,3.4,6.8,33.64,Alfasystin,Agroquímicos,2025,2025-07-17 00:00:00+00,P03,L07 LOTE L2A,2025
b130efa3,bc8e1726,73a629e4,227.92,455.84,0.5,1,10.9,21.8,20.91,Jupiter 25 EC (piraclostrobina),Agroquímicos,2025,2025-07-02 00:00:00+00,G03,L09 LOTE LA TRINCHERA A,2025
b142021f,ed2738c4,b6a9d42e,3540.6,4641,1.5,1.3,25.29,16.86,140,Maíz: Danac-029 c/fortenza duo,Semillas,2025,2025-06-01 00:00:00+00,P09,L13 LOTE SANTACRUZ II-LOTE 5B,2025
b1442ac3,b983f2fb,b46d6dc9,1675.34,4008.62,8,7,40.08,5.01,41.8,"4,28N-18,52P-17,12K/5,51S+6,1MgO+0,68B+2,28Zn",Fertilizantes,2025,2025-07-25 00:00:00+00,P08,L07 LOTE 3B 2,2025
b14605e7,a23d1ff1,8a4ab665,291.56,174.94,0.2,0.12,4.68,23.4,62.3,Eminente 45 WG,Agroquímicos,2025,2025-08-21 00:00:00+00,G03,L05 CASA DE TABLA ARRIBA A,2025
b1622994,7dbf553d,c1d751bb,85.05,400.14,0.1,0.2,1.05,10.5,81,Bacillus Thuringiensis,Agroquímicos,2025,2025-06-05 00:00:00+00,P09,L08 LOTE SANTACRUZ II-LOTE 1,2025
b1760515,34674699,cc210393,54.4,69.12,0.25,0.2,4.25,17,12.8,CatheClean,Agroquímicos,2025,2025-05-29 00:00:00+00,P11,L03 LOTE-06,2025
b17a4a15,67c030f2,b275b7cf,1142.4,1570.8,4,5.5,40.8,10.2,28,"25,46N-00P-21,81K/3,66S",Fertilizantes,2025,2025-08-05 00:00:00+00,G04,L03 LOTE LOMA AMARILLA,2025
b189e447,2d06dcca,ebc8d614,1783.56,1560.62,4,3.5,66.8,16.7,26.7,"Nitro Evolution: 40-00-00/5,76S",Fertilizantes,2025,2025-06-26 00:00:00+00,P11,L01 LOTE 5A,2025
b19d3006,89b9a99d,73a629e4,209.1,418.2,0.5,1,10,20,20.91,Jupiter 25 EC (piraclostrobina),Agroquímicos,2025,2025-07-08 00:00:00+00,P06,L03 LOTE-03 A,2025
b1c19a6a,ffbd4454,aa72374c,632.09,770.74,3,2.5,72.99,24.33,8.66,Pendialfa 50 EC,Agroquímicos,2025,2025-07-15 00:00:00+00,P09,L11 LOTE SANTACRUZ II-LOTE 3,2025
b1c44a9c,43eb1004,cc210393,68.35,68.35,0.2,0.2,5.34,26.7,12.8,CatheClean,Agroquímicos,2025,2025-07-08 00:00:00+00,G03,L02 LOTE ALFARERO B,2025
b1cc3467,edd5287b,50ea012e,402.6,402.6,3,3,91.5,30.5,4.4,Alfasato 48 SL (glifosato),Agroquímicos,2025,2025-06-22 00:00:00+00,P03,L15 LOTE LAS 60 B,2025
b1e3d313,6421c749,73a629e4,284.38,568.75,0.5,1,13.6,27.2,20.91,Jupiter 25 EC (piraclostrobina),Agroquímicos,2025,2025-06-03 00:00:00+00,G01,L02 LOTE LOS MANGOS,2025
b1f1eddd,e5456a6d,8a4ab665,336.42,201.85,0.2,0.12,5.4,27,62.3,Eminente 45 WG,Agroquímicos,2025,2025-06-09 00:00:00+00,P11,L03 LOTE-06,2025
b2222ac0,bbd3963a,b275b7cf,1652,1817.2,5,5.5,59,11.8,28,"25,46N-00P-21,81K/3,66S",Fertilizantes,2025,2025-07-08 00:00:00+00,P06,L02 LOTE-02,2025
b23b0599,f7c1484c,cc210393,94.08,70.4,0.3,0.2,7.35,24.5,12.8,CatheClean,Agroquímicos,2025,2025-05-23 00:00:00+00,P09,L06 LOTE SANTACRUZ I-LOTE 6A,2025
b2423bf8,89fd8d63,8a4ab665,106.28,136.06,0.2,0.12,1.71,8.53,62.3,Eminente 45 WG,Agroquímicos,2025,2025-07-28 00:00:00+00,P09,L15 LOTE SANTACRUZ II-LOTE 6B,2025
b2479010,75d675a6,bca12c05,437.32,0,0.5,0,13,26,33.64,Alfasystin,Agroquímicos,2025,2025-05-28 00:00:00+00,C01,PERLA LOTE 04,2025
b280cc33,30e230ee,aa72374c,129.9,151.55,2.5,2.5,15,6,8.66,Pendialfa 50 EC,Agroquímicos,2025,2025-05-27 00:00:00+00,C01,PERLA LOTE 2A,2025
b295134b,cf47a79a,44237940,181.35,181.35,1.5,1.5,46.5,31,3.9,Alfaxone Super 20 SL,Agroquímicos,2025,2025-06-24 00:00:00+00,P03,L05 LAS 50A,2025
b29df12c,ffca14a0,b6a9d42e,1692.6,1692.6,1.3,1.3,12.09,9.3,140,Maíz: Danac-029 c/fortenza duo,Semillas,2025,2025-06-03 00:00:00+00,G03,L01 LOTE ALFARERO A,2025
b2a67f3b,c80d14f1,aa72374c,828.76,690.64,3,2.5,95.7,31.9,8.66,Pendialfa 50 EC,Agroquímicos,2025,2025-05-14 00:00:00+00,P09,L05 LOTE SANTACRUZ I-LOTE 5,2025
b2a7556e,8423bd85,c2541310,47.21,150.22,0.2,0.3,2.8,14,16.86,Alfamilo 90SP,Agroquímicos,2025,2025-06-20 00:00:00+00,P03,L11 LOTE L2D2,2025
b2b142c5,2503355c,cc210393,6.72,17.92,0.075,0.2,0.53,7,12.8,CatheClean,Agroquímicos,2025,2025-07-31 00:00:00+00,G01,L08 LOTE EL MANGO C,2025
b2c6af7c,a9d222c8,2a279588,117.94,246.61,0.06,0.06,0.66,11,178.7,MyCossed,Agroquímicos,2025,2025-07-09 00:00:00+00,P03,L09 LOTE L2C,2025
b2ce6993,b7294074,b46d6dc9,8778,8778,7,7,210,30,41.8,"4,28N-18,52P-17,12K/5,51S+6,1MgO+0,68B+2,28Zn",Fertilizantes,2025,2025-07-10 00:00:00+00,G02,L05 LA CAGADA,2025
b2d989e2,8423bd85,50ea012e,246.4,392.04,4,3,56,14,4.4,Alfasato 48 SL (glifosato),Agroquímicos,2025,2025-06-20 00:00:00+00,P03,L11 LOTE L2D2,2025
b2e65f63,9c63534a,79e8c679,504,834.12,4,4,80,20,6.3,Pasto: Brachiara Ruziziensis,Semillas,2025,2025-07-11 00:00:00+00,G07,L01 LOTE SAMANCITO,2025
b2f47fcf,ee4b6c68,c1d751bb,128.79,257.58,0.1,0.2,1.59,15.9,81,Bacillus Thuringiensis,Agroquímicos,2025,2025-06-20 00:00:00+00,P04,L04 LOTE 25 ha A,2025
b32e9219,0f2fe728,cc210393,39.04,78.08,0.1,0.2,3.05,30.5,12.8,CatheClean,Agroquímicos,2025,2025-08-20 00:00:00+00,P03,L15 LOTE LAS 60 B,2025
b330c669,acb3a3e4,f886ec2d,54.7,64.27,0.5,0.5,10,20,5.47,"SoloPasto 30,41SL (plicorán+2,4D)",Agroquímicos,2025,2025-06-01 00:00:00+00,C02,L03 RIO 2 LOTE-03,2025
b33ca5cd,ef7839c4,cc210393,36.48,14.59,0.5,0.2,2.85,5.7,12.8,CatheClean,Agroquímicos,2025,2025-06-19 00:00:00+00,G04,L04 LOTE LOMA BARRIGA,2025
b3420f31,038d1524,cc210393,20.48,62.98,0.2,0.2,1.6,8,12.8,CatheClean,Agroquímicos,2025,2025-08-19 00:00:00+00,G03,L13 LOTE LOS CARO-02 B,2025
b3547384,a4b14455,b46d6dc9,6219.84,9246.16,8,7,148.8,18.6,41.8,"4,28N-18,52P-17,12K/5,51S+6,1MgO+0,68B+2,28Zn",Fertilizantes,2025,2025-06-10 00:00:00+00,P09,L16 LOTE SANTACRUZ II-LOTE 9 Y 10,2025
b376d085,691ea464,ebc8d614,1292.28,1130.75,4,3.5,48.4,12.1,26.7,"Nitro Evolution: 40-00-00/5,76S",Fertilizantes,2025,2025-08-05 00:00:00+00,P03,L17 LOTE EL CUADRITO,2025
b38221b6,50276408,b275b7cf,411.04,565.18,4,5.5,14.68,3.67,28,"25,46N-00P-21,81K/3,66S",Fertilizantes,2025,2025-07-09 00:00:00+00,G03,L14 LOTE LOS CARO-01,2025
b395ba6b,f5f9a382,3072d084,739.13,554.35,2,1.5,51.4,25.7,14.38,Gadriano 30 OD,Agroquímicos,2025,2025-08-15 00:00:00+00,G05,L08 LOTE RAMIREZ A,2025
b3ac5e10,ea0dce4f,cc210393,85.32,85.32,0.2,0.2,6.67,33.33,12.8,CatheClean,Agroquímicos,2025,2025-07-11 00:00:00+00,G03,L10 LOTE LA TRINCHERA B,2025
b3acb0a1,4794c8e9,3072d084,400.34,375.32,1.6,1.5,27.84,17.4,14.38,Gadriano 30 OD,Agroquímicos,2025,2025-06-18 00:00:00+00,G02,L01 LOTE EL TANQUE-A,2025
b3f31d62,7e378e34,c2541310,48.89,97.11,0.25,0.3,2.9,11.6,16.86,Alfamilo 90SP,Agroquímicos,2025,2025-08-20 00:00:00+00,P09,L01 LOTE SANTACRUZ I-LOTE 1,2025
b401370f,e26844ba,73a629e4,83.64,334.56,0.5,1,4,8,20.91,Jupiter 25 EC (piraclostrobina),Agroquímicos,2025,2025-07-30 00:00:00+00,P03,L04 LA NEGRA,2025
b40573ba,0862a6ab,cc210393,59.9,59.9,0.2,0.2,4.68,23.4,12.8,CatheClean,Agroquímicos,2025,2025-07-03 00:00:00+00,G03,L05 CASA DE TABLA ARRIBA A,2025
b4944ec6,be4d3747,b6a9d42e,3803.8,3803.8,1.3,1.3,27.17,20.9,140,Maíz: Danac-029 c/fortenza duo,Semillas,2025,2025-07-10 00:00:00+00,P05,L02 LOTE EL PALMAR 2,2025
b49d1bf9,5247ce26,aa72374c,671.15,671.15,2.5,2.5,77.5,31,8.66,Pendialfa 50 EC,Agroquímicos,2025,2025-06-17 00:00:00+00,G03,L11 LOTE LA TRINCHERA C,2025
b4a74ad8,be7adb89,cc210393,25.6,51.2,0.1,0.2,2,20,12.8,CatheClean,Agroquímicos,2025,2025-05-18 00:00:00+00,G01,L12 LOTE EL MANGO B,2025
b4a895ab,a4415b22,de256ae0,573.16,573.16,2,2,64.4,32.2,8.9,QuelaTech Micros,Fertilizantes,2025,2025-07-11 00:00:00+00,G07,L04 LOTE VICTORIERO 1C,2025
b4a936cc,c5711f6e,cc210393,72.19,72.19,0.2,0.2,5.64,28.2,12.8,CatheClean,Agroquímicos,2025,2025-04-29 00:00:00+00,P02,L01 LOTE 1A,2025
b4d7f58f,5bc82c91,3072d084,287.6,379.63,2,1.5,20,10,14.38,Gadriano 30 OD,Agroquímicos,2025,2025-07-22 00:00:00+00,P03,L18 LOTE LA LAGUNA,2025
b4e72374,c4be03d3,b275b7cf,3281.6,4512.2,4,5.5,117.2,29.3,28,"25,46N-00P-21,81K/3,66S",Fertilizantes,2025,2025-06-16 00:00:00+00,G02,L02 LOTE EL TANQUE-B,2025
b4f7d47c,1a5d20e3,cc210393,27.48,40.7,0.135,0.2,2.15,15.9,12.8,CatheClean,Agroquímicos,2025,2025-07-14 00:00:00+00,G05,L02 LOTE COCO LOMA GRANDE,2025
b51c5469,35277d80,c8ffca92,6.36,6.36,0.05,0.05,0.8,15.9,8,Trampa de feromonas,Agroquímicos,2025,2025-07-07 00:00:00+00,G05,L02 LOTE COCO LOMA GRANDE,2025
b53d131a,1894b70b,790b615c,72.99,0,0.3,0,7.38,24.6,9.89,Yamur 25EW,Agroquímicos,2025,2025-07-14 00:00:00+00,G03,L13 LOTE LOS CARO-02 B,2025
b54b548f,79033947,790b615c,20.77,0,0.3,0,2.1,7,9.89,Yamur 25EW,Agroquímicos,2025,2025-08-20 00:00:00+00,G05,L04 LOTE LOCACIÓN A,2025
b570e692,4686ba49,2a279588,214.44,214.44,0.06,0.06,1.2,20,178.7,MyCossed,Agroquímicos,2025,2025-06-04 00:00:00+00,P06,L03 LOTE-03 A,2025
b573f88b,b8f5a108,0edac71f,3403.49,0,8,,96.8,12.1,35.16,"4N-17,4P-22,4K/4,6S+5,2MgO+0,68B+1,7Zn",Fertilizantes,2025,2025-07-03 00:00:00+00,P03,L17 LOTE EL CUADRITO,2025
b57fddd6,18d93e22,8a4ab665,3126.21,351.37,1.3,0.12,50.18,38.6,62.3,Eminente 45 WG,Agroquímicos,2025,2025-07-03 00:00:00+00,G06,L02 LA REPRESA LOTE A,2025
b5b12ecc,5b31b2e3,c2541310,43.84,131.51,0.1,0.3,2.6,26,16.86,Alfamilo 90SP,Agroquímicos,2025,2025-06-17 00:00:00+00,G03,L08 EL DESQUITE B,2025
b5bfb151,fef179af,cc210393,12.8,45.06,0.1,0.2,1,10,12.8,CatheClean,Agroquímicos,2025,2025-07-16 00:00:00+00,P03,L18 LOTE LA LAGUNA,2025
b5d53c28,6b426b30,cc210393,21.89,43.78,0.1,0.2,1.71,17.1,12.8,CatheClean,Agroquímicos,2025,2025-06-24 00:00:00+00,P08,L05 LOTE 4A,2025
b5e23d58,883bf2f1,b6a9d42e,1001,1001,1.3,1.3,7.15,5.5,140,Maíz: Danac-029 c/fortenza duo,Semillas,2025,2025-05-19 00:00:00+00,G01,L07 LOTE EL DRAGAL 1-1,2025
b5fad197,90a99b0b,2a279588,49.32,49.32,0.06,0.06,0.28,4.6,178.7,MyCossed,Agroquímicos,2025,2025-06-20 00:00:00+00,P06,L04 LOTE-03 B,2025
b6271222,e228b868,c2541310,35.74,107.23,0.1,0.3,2.12,21.2,16.86,Alfamilo 90SP,Agroquímicos,2025,2025-05-27 00:00:00+00,G04,L02 LOTE CIRUELA ARRIBA,2025
b63b1245,5b713d1f,56facf15,2460.64,0,4,,104,26,23.66,"26,9N-00P-15,5K/7S",Fertilizantes,2025,2025-07-15 00:00:00+00,P03,L06 LOS CACHICAMOS,2025
b644605c,8d00ccfe,b275b7cf,2100,2310,5,5.5,75,15,28,"25,46N-00P-21,81K/3,66S",Fertilizantes,2025,2025-06-20 00:00:00+00,C01,L11 LOTE PATRIX,2025
b646091c,1eefd6d0,ebc8d614,2029.2,1775.55,4,3.5,76,19,26.7,"Nitro Evolution: 40-00-00/5,76S",Fertilizantes,2025,2025-06-24 00:00:00+00,P03,L10 LOTE L2D1,2025
b65cc6ac,a5590190,2a279588,278.77,375.27,0.06,0.06,1.56,26,178.7,MyCossed,Agroquímicos,2025,2025-06-30 00:00:00+00,P03,L06 LOS CACHICAMOS,2025
b65f48c5,961a3693,8a4ab665,167.46,167.46,0.12,0.12,2.69,22.4,62.3,Eminente 45 WG,Agroquímicos,2025,2025-06-22 00:00:00+00,P03,L08 LOTE L2B,2025
b683610a,11d47f6c,8a4ab665,45.23,136.06,0.2,0.12,0.73,3.63,62.3,Eminente 45 WG,Agroquímicos,2025,2025-06-10 00:00:00+00,P09,L15 LOTE SANTACRUZ II-LOTE 6B,2025
b694ceaf,367d27c2,50ea012e,238.92,238.92,3,3,54.3,18.1,4.4,Alfasato 48 SL (glifosato),Agroquímicos,2025,2025-05-29 00:00:00+00,P11,L02 LOTE 5B,2025
b6baba61,5b713d1f,de256ae0,231.4,623,1,2,26,26,8.9,QuelaTech Micros,Fertilizantes,2025,2025-07-22 00:00:00+00,P03,L06 LOS CACHICAMOS,2025
b6bbe485,bc4f2764,aa72374c,306.56,383.21,2,2.5,35.4,17.7,8.66,Pendialfa 50 EC,Agroquímicos,2025,2025-05-23 00:00:00+00,G01,L06 LOTE EL DRAGAL 4B,2025
b6cc9931,9d460581,2a279588,312.01,312.01,0.06,0.06,1.75,29.1,178.7,MyCossed,Agroquímicos,2025,2025-05-25 00:00:00+00,P11,L06 LOTE 7C,2025
b6e892c1,8423bd85,de6596dc,27.72,84.94,0.045,0.065,0.63,14,44,Grafito,Semillas,2025,2025-06-24 00:00:00+00,P03,L11 LOTE L2D2,2025
b715848f,42523ddf,f886ec2d,131.28,43.76,1.5,0.5,24,16,5.47,"SoloPasto 30,41SL (plicorán+2,4D)",Agroquímicos,2025,2025-07-16 00:00:00+00,P03,L04 LA NEGRA,2025
b715b431,25c020f0,8a4ab665,402.46,241.47,0.2,0.12,6.46,32.3,62.3,Eminente 45 WG,Agroquímicos,2025,2025-06-10 00:00:00+00,P09,L04 LOTE SANTACRUZ I-LOTE 4,2025
b71f0389,10684511,44237940,42.04,134.55,2,1.5,10.78,5.39,3.9,Alfaxone Super 20 SL,Agroquímicos,2025,2025-07-17 00:00:00+00,P03,L09 LOTE L2C,2025
b770778f,10684511,50ea012e,71.15,303.6,3,3,16.17,5.39,4.4,Alfasato 48 SL (glifosato),Agroquímicos,2025,2025-07-17 00:00:00+00,P03,L09 LOTE L2C,2025
b7714c2f,12648583,790b615c,10.89,0,0.3,0,1.1,3.67,9.89,Yamur 25EW,Agroquímicos,2025,2025-07-09 00:00:00+00,G03,L14 LOTE LOS CARO-01,2025
b79ec0a4,fc4d8dc5,50ea012e,279.84,209.88,4,3,63.6,15.9,4.4,Alfasato 48 SL (glifosato),Agroquímicos,2025,2025-04-30 00:00:00+00,P04,L04 LOTE 25 ha A,2025
b7b52080,bbf761b7,8a4ab665,198.11,118.87,0.2,0.12,3.18,15.9,62.3,Eminente 45 WG,Agroquímicos,2025,2025-06-20 00:00:00+00,P04,L04 LOTE 25 ha A,2025
b7bb94be,3258064e,3072d084,747.76,560.82,2,1.5,52,26,14.38,Gadriano 30 OD,Agroquímicos,2025,2025-08-18 00:00:00+00,G03,L08 EL DESQUITE B,2025
b7e371ce,3db9b88e,73a629e4,136.96,273.92,0.5,1,6.55,13.1,20.91,Jupiter 25 EC (piraclostrobina),Agroquímicos,2025,2025-07-06 00:00:00+00,G05,L04 LOTE LOCACIÓN A,2025
b7f5d932,0b363115,bfe0f583,0,0,3,0,15,5,,Atrazina,Agroquímicos,2025,2025-05-11 00:00:00+00,P09,L01 LOTE SANTACRUZ I-LOTE 1,2025
b814a21e,eeed4085,bca12c05,382.99,0,0.33,0,11.39,34.5,33.64,Alfasystin,Agroquímicos,2025,2025-06-17 00:00:00+00,P08,L01 LOTE-01,2025
b831d367,30de1f10,44237940,122.85,122.85,1.5,1.5,31.5,21,3.9,Alfaxone Super 20 SL,Agroquímicos,2025,2025-05-27 00:00:00+00,C01,PERLA LOTE 01,2025
b84cfe51,b728a74c,b275b7cf,392,1078,2,5.5,14,7,28,"25,46N-00P-21,81K/3,66S",Fertilizantes,2025,2025-08-05 00:00:00+00,G01,L08 LOTE EL MANGO C,2025
b84d3a87,ab8f48c5,f886ec2d,64,64,0.5,0.5,11.7,23.4,5.47,"SoloPasto 30,41SL (plicorán+2,4D)",Agroquímicos,2025,2025-06-12 00:00:00+00,G03,L05 CASA DE TABLA ARRIBA A,2025
b8523a99,96e53a82,b46d6dc9,4301.22,4301.22,7,7,102.9,14.7,41.8,"4,28N-18,52P-17,12K/5,51S+6,1MgO+0,68B+2,28Zn",Fertilizantes,2025,2025-06-01 00:00:00+00,G05,L05 LOTE LOMA 1,2025
b863d9a6,89fd8d63,790b615c,168.53,0,2,0,17.04,8.52,9.89,Yamur 25EW,Agroquímicos,2025,2025-07-10 00:00:00+00,P09,L15 LOTE SANTACRUZ II-LOTE 6B,2025
b86b1f43,5b713d1f,8a4ab665,323.96,261.66,0.2,0.12,5.2,26,62.3,Eminente 45 WG,Agroquímicos,2025,2025-07-22 00:00:00+00,P03,L06 LOS CACHICAMOS,2025
b87aacd4,077f9eb3,e1ff11f4,0,0,1,1,17.7,17.7,,Pase de rastra,Enmienda,2025,2025-05-06 00:00:00+00,G01,L06 LOTE EL DRAGAL 4B,2025
b87b0067,1df38e14,cc210393,89.86,89.86,0.2,0.2,7.02,35.1,12.8,CatheClean,Agroquímicos,2025,2025-05-30 00:00:00+00,P08,L02 LOTE-02,2025
b87ec25d,1747798c,c2541310,16.44,35.41,0.25,0.3,0.98,3.9,16.86,Alfamilo 90SP,Agroquímicos,2025,2025-06-21 00:00:00+00,C01,PERLA LOTE 2A,2025
b8bd5051,974eba31,bdac1da2,3616.2,0,0.7,0,20.09,28.7,180,Cal dolomítica,Enmienda,2025,2025-06-17 00:00:00+00,G05,L09 LOTE RAMIREZ B,2025
b8ec6055,e348b19f,cc210393,45.48,82.69,0.11,0.2,3.55,32.3,12.8,CatheClean,Agroquímicos,2025,2025-06-14 00:00:00+00,P09,L04 LOTE SANTACRUZ I-LOTE 4,2025
b902bb2b,d8b706d7,73a629e4,187.14,687.94,0.5,1,8.95,17.9,20.91,Jupiter 25 EC (piraclostrobina),Agroquímicos,2025,2025-07-06 00:00:00+00,P05,L01 LOTE EL PALMAR 1,2025
b90887c8,506fd1c5,b46d6dc9,2852.43,5325.32,8,7,68.24,8.53,41.8,"4,28N-18,52P-17,12K/5,51S+6,1MgO+0,68B+2,28Zn",Fertilizantes,2025,2025-06-10 00:00:00+00,P09,L15 LOTE SANTACRUZ II-LOTE 6B,2025
b90b3b78,0f2fe728,8a4ab665,380.03,228.02,0.2,0.12,6.1,30.5,62.3,Eminente 45 WG,Agroquímicos,2025,2025-08-21 00:00:00+00,P03,L15 LOTE LAS 60 B,2025
b90b402a,41666276,c1d751bb,163.62,327.24,0.1,0.2,2.02,20.2,81,Bacillus Thuringiensis,Agroquímicos,2025,2025-06-26 00:00:00+00,P11,L04 LOTE 7A,2025
b90c28da,481ab45e,c2541310,17.2,51.59,0.1,0.3,1.02,10.2,16.86,Alfamilo 90SP,Agroquímicos,2025,2025-05-26 00:00:00+00,G04,L03 LOTE LOMA AMARILLA,2025
b90febb0,7601064e,73a629e4,176.27,533.21,0.5,1,8.43,16.86,20.91,Jupiter 25 EC (piraclostrobina),Agroquímicos,2025,2025-07-06 00:00:00+00,P09,L13 LOTE SANTACRUZ II-LOTE 5B,2025
b9136574,7fb623f4,ebc8d614,2483.1,2896.95,3,3.5,93,31,26.7,"Nitro Evolution: 40-00-00/5,76S",Fertilizantes,2025,2025-07-03 00:00:00+00,G03,L11 LOTE LA TRINCHERA C,2025
b91ddf50,a41dd0b9,3072d084,560.82,560.82,1.5,1.5,39,26,14.38,Gadriano 30 OD,Agroquímicos,2025,2025-06-05 00:00:00+00,P03,L13 LOTE LAS 50 B LOTE,2025
b921073b,73647008,de6596dc,148.5,45.76,0.45,0.065,3.38,7.5,44,Grafito,Semillas,2025,2025-06-24 00:00:00+00,P03,L04 LA NEGRA,2025
b9597084,93067a9a,50ea012e,139.04,104.28,4,3,31.6,7.9,4.4,Alfasato 48 SL (glifosato),Agroquímicos,2025,2025-05-15 00:00:00+00,P02,L09 LOTE-07,2025
b96eb0de,b1fceb3a,79e8c679,821.52,821.52,4,4,130.4,32.6,6.3,Pasto: Brachiara Ruziziensis,Semillas,2025,2025-07-08 00:00:00+00,G05,L01 LOTE BAJO DE LOMA,2025
b97e7c9b,316ab5f4,cc210393,21.38,42.75,0.1,0.2,1.67,16.7,12.8,CatheClean,Agroquímicos,2025,2025-06-25 00:00:00+00,P11,L01 LOTE 5A,2025
b9d205a9,da5f15f9,de256ae0,804.56,402.28,4,2,90.4,22.6,8.9,QuelaTech Micros,Fertilizantes,2025,2025-08-20 00:00:00+00,C02,L02 LOTE ARENERO 2 LOTE-01,2025
b9d8d86f,01e43deb,aa72374c,471.1,588.88,2,2.5,54.4,27.2,8.66,Pendialfa 50 EC,Agroquímicos,2025,2025-05-17 00:00:00+00,G01,L02 LOTE LOS MANGOS,2025
b9df0da3,ec4d338c,aa72374c,422.18,422.18,2.5,2.5,48.75,19.5,8.66,Pendialfa 50 EC,Agroquímicos,2025,2025-06-08 00:00:00+00,G03,L03 LOTE ALFARERO D,2025
b9f1f687,453b9592,de6596dc,0,20.02,0,0.065,0,7,44,Grafito,Semillas,2025,2025-05-30 00:00:00+00,C01,PERLA LOTE 2A,2025
b9f79587,f95dcf4f,cc210393,44.24,36.86,0.24,0.2,3.46,14.4,12.8,CatheClean,Agroquímicos,2025,2025-05-20 00:00:00+00,P11,L07 LOTE-08,2025
b9ff833a,ecd43646,de6596dc,19.01,27.46,0.045,0.065,0.43,9.6,44,Grafito,Semillas,2025,2025-05-25 00:00:00+00,G01,L01 LOTE DETRÁS DE LA CASA OESTE,2025
ba0a6095,e70d346b,cc210393,57.86,57.86,0.2,0.2,4.52,22.6,12.8,CatheClean,Agroquímicos,2025,2025-08-19 00:00:00+00,G03,L07 EL DESQUITE A,2025
ba13a882,c3ac8bd8,de256ae0,250.98,250.98,2,2,28.2,14.1,8.9,QuelaTech Micros,Fertilizantes,2025,2025-06-20 00:00:00+00,P04,L01 LOTE-01,2025
ba4c9f1b,0a021a0b,79e8c679,257.04,257.04,4,4,40.8,10.2,6.3,Pasto: Brachiara Ruziziensis,Semillas,2025,2025-07-08 00:00:00+00,G04,L03 LOTE LOMA AMARILLA,2025
ba5da86c,05b85bc6,bca12c05,52.14,0,0.25,0,1.55,6.2,33.64,Alfasystin,Agroquímicos,2025,2025-06-19 00:00:00+00,G04,L05 LOTE LOMAS DE MEDANO,2025
ba647d08,d80d8913,cc210393,44.49,80.9,0.11,0.2,3.48,31.6,12.8,CatheClean,Agroquímicos,2025,2025-07-28 00:00:00+00,P09,L16 LOTE SANTACRUZ II-LOTE 9 Y 10,2025
ba655b70,f8121e13,50ea012e,204.6,620.4,3,3,46.5,15.5,4.4,Alfasato 48 SL (glifosato),Agroquímicos,2025,2025-08-06 00:00:00+00,G06,L02 LA REPRESA LOTE A,2025
ba6792ce,530a985d,cc210393,15.49,30.98,0.1,0.2,1.21,12.1,12.8,CatheClean,Agroquímicos,2025,2025-07-30 00:00:00+00,P03,L17 LOTE EL CUADRITO,2025
ba86e848,6fc3590d,79e8c679,143.64,143.64,4,4,22.8,5.7,6.3,Pasto: Brachiara Ruziziensis,Semillas,2025,2025-07-08 00:00:00+00,G04,L04 LOTE LOMA BARRIGA,2025
ba8e62bf,0b363115,c2541310,8.43,97.11,0.1,0.3,0.5,5,16.86,Alfamilo 90SP,Agroquímicos,2025,2025-05-11 00:00:00+00,P09,L01 LOTE SANTACRUZ I-LOTE 1,2025
baa48651,005ccd59,f886ec2d,26.09,43.49,0.3,0.5,4.77,15.9,5.47,"SoloPasto 30,41SL (plicorán+2,4D)",Agroquímicos,2025,2025-06-08 00:00:00+00,G05,L02 LOTE COCO LOMA GRANDE,2025
bac65f69,c8b5eeab,c1d751bb,27.54,55.08,0.1,0.2,0.34,3.4,81,Bacillus Thuringiensis,Agroquímicos,2025,2025-06-08 00:00:00+00,G01,L03 LOTE DETRÁS DE LA CASA B,2025
bac95a81,f8121e13,f886ec2d,42.39,128.55,0.5,0.5,7.75,15.5,5.47,"SoloPasto 30,41SL (plicorán+2,4D)",Agroquímicos,2025,2025-08-06 00:00:00+00,G06,L02 LA REPRESA LOTE A,2025
bb06996b,2bc5ccb0,aa72374c,318.26,318.26,2.5,2.5,36.75,14.7,8.66,Pendialfa 50 EC,Agroquímicos,2025,2025-06-03 00:00:00+00,G05,L05 LOTE LOMA 1,2025
bb3a28b2,7f54d15f,c8ffca92,74.4,3.72,1,0.05,9.3,9.3,8,Trampa de feromonas,Agroquímicos,2025,2025-05-31 00:00:00+00,G01,L04 LOTE EL DRAGAL 2B,2025
bb449463,8c9c2b25,2a279588,229.99,310.94,0.045,0.06,1.29,28.6,178.7,MyCossed,Agroquímicos,2025,2025-06-01 00:00:00+00,C01,PERLA LOTE 06,2025
bb5c87c9,3bea2a41,8a4ab665,37.38,167.46,0.2,0.12,0.6,3,62.3,Eminente 45 WG,Agroquímicos,2025,2025-06-10 00:00:00+00,P09,L14 LOTE SANTACRUZ II-LOTE 6A,2025
bb5d457c,81f8c03d,50ea012e,472.56,236.28,6,3,107.4,17.9,4.4,Alfasato 48 SL (glifosato),Agroquímicos,2025,2025-08-20 00:00:00+00,P09,"L17 LOTE SANTACRUZ II-LOTE 11, 12 Y 13",2025
bb607242,89d31c4c,de256ae0,722.68,361.34,4,2,81.2,20.3,8.9,QuelaTech Micros,Fertilizantes,2025,2025-08-20 00:00:00+00,C02,L01 ARENERO 1 LOTE-02,2025
bb720215,b55e63ca,b46d6dc9,4886.42,4886.42,7,7,116.9,16.7,41.8,"4,28N-18,52P-17,12K/5,51S+6,1MgO+0,68B+2,28Zn",Fertilizantes,2025,2025-08-05 00:00:00+00,G04,L01 LOTE CIRUELA ABAJO,2025
bb769d8d,a5d16936,2a279588,70.77,94.35,0.045,0.06,0.4,8.8,178.7,MyCossed,Agroquímicos,2025,2025-05-22 00:00:00+00,G01,L05 LOTE EL DRAGAL 2-1,2025
bb810b2a,e724238f,f886ec2d,144.41,48.14,1.5,0.5,26.4,17.6,5.47,"SoloPasto 30,41SL (plicorán+2,4D)",Agroquímicos,2025,2025-06-25 00:00:00+00,P03,L18 LOTE LA LAGUNA,2025
bb836659,1a7128e5,790b615c,57.36,0,0.5,0,5.8,11.6,9.89,Yamur 25EW,Agroquímicos,2025,2025-07-28 00:00:00+00,P09,L01 LOTE SANTACRUZ I-LOTE 1,2025
bb83d938,02351b92,2a279588,141.53,188.71,0.045,0.06,0.79,17.6,178.7,MyCossed,Agroquímicos,2025,2025-05-23 00:00:00+00,G01,L11 LOTE EL DRAGAL 4-1,2025
bb8c4184,11d5c2ed,aa72374c,79.46,79.46,2.5,2.5,9.18,3.67,8.66,Pendialfa 50 EC,Agroquímicos,2025,2025-06-07 00:00:00+00,G03,L14 LOTE LOS CARO-01,2025
bbe81030,ca334692,c1d751bb,248.67,497.34,0.1,0.2,3.07,30.7,81,Bacillus Thuringiensis,Agroquímicos,2025,2025-08-24 00:00:00+00,G06,L04 LA REPRESA LOTE C,2025
bc263254,de73d6f2,50ea012e,81.84,122.76,2,3,18.6,9.3,4.4,Alfasato 48 SL (glifosato),Agroquímicos,2025,2025-06-07 00:00:00+00,G03,L01 LOTE ALFARERO A,2025
bc2aee23,de73d6f2,aa72374c,201.35,201.35,2.5,2.5,23.25,9.3,8.66,Pendialfa 50 EC,Agroquímicos,2025,2025-06-07 00:00:00+00,G03,L01 LOTE ALFARERO A,2025
bc356574,51adc024,f886ec2d,169.57,84.79,1,0.5,31,31,5.47,"SoloPasto 30,41SL (plicorán+2,4D)",Agroquímicos,2025,2025-06-24 00:00:00+00,P03,L05 LAS 50A,2025
bc3b9362,0a2db7e4,f886ec2d,94.36,94.36,0.5,0.5,17.25,34.5,5.47,"SoloPasto 30,41SL (plicorán+2,4D)",Agroquímicos,2025,2025-05-07 00:00:00+00,P08,L01 LOTE-01,2025
bc64f7c0,5e23f007,9316143b,178.24,0,1,,17.7,17.7,10.07,Alfyrinex,Agroquímicos,2025,2025-07-31 00:00:00+00,G01,L06 LOTE EL DRAGAL 4B,2025
bc7760d3,ec4d338c,cc210393,62.4,49.92,0.25,0.2,4.88,19.5,12.8,CatheClean,Agroquímicos,2025,2025-06-08 00:00:00+00,G03,L03 LOTE ALFARERO D,2025
bc82434b,1a5d20e3,cc210393,10.2,40.7,0.135,0.2,0.8,5.9,12.8,CatheClean,Agroquímicos,2025,2025-08-11 00:00:00+00,G05,L02 LOTE COCO LOMA GRANDE,2025
bc83774e,8646d0b0,c8ffca92,8.72,8.72,0.05,0.05,1.09,21.8,8,Trampa de feromonas,Agroquímicos,2025,2025-07-02 00:00:00+00,G03,L09 LOTE LA TRINCHERA A,2025
bc860bec,e7898031,cc210393,23.81,23.81,0.2,0.2,1.86,9.3,12.8,CatheClean,Agroquímicos,2025,2025-07-08 00:00:00+00,G03,L01 LOTE ALFARERO A,2025
bcb5c44b,0c13ae8f,790b615c,16.91,0,0.3,0,1.71,5.7,9.89,Yamur 25EW,Agroquímicos,2025,2025-08-20 00:00:00+00,G04,L04 LOTE LOMA BARRIGA,2025
bcb86c92,dff4e1c6,f886ec2d,61.26,61.26,0.5,0.5,11.2,22.4,5.47,"SoloPasto 30,41SL (plicorán+2,4D)",Agroquímicos,2025,2025-05-21 00:00:00+00,P03,L08 LOTE L2B,2025
bcc56945,6fac1fd9,bfe0f583,0,0,2.75,0,28.88,10.5,,Atrazina,Agroquímicos,2025,2025-05-07 00:00:00+00,P09,L08 LOTE SANTACRUZ II-LOTE 1,2025
bcd1bb2b,7e378e34,de6596dc,38.28,54.91,0.075,0.065,0.87,11.6,44,Grafito,Semillas,2025,2025-07-06 00:00:00+00,P09,L01 LOTE SANTACRUZ I-LOTE 1,2025
bce8d8f7,43b00c16,bca12c05,287.52,0,0.33,0,8.55,25.9,33.64,Alfasystin,Agroquímicos,2025,2025-07-07 00:00:00+00,P07,L03 LOTE 3C,2025
bd029bb4,f4c714fc,ebc8d614,2232.12,1953.11,4,3.5,83.6,20.9,26.7,"Nitro Evolution: 40-00-00/5,76S",Fertilizantes,2025,2025-07-06 00:00:00+00,P05,L02 LOTE EL PALMAR 2,2025
bd0eea5b,2756cc5d,2a279588,345.25,345.25,0.06,0.06,1.93,32.2,178.7,MyCossed,Agroquímicos,2025,2025-06-15 00:00:00+00,G07,L04 LOTE VICTORIERO 1C,2025
bd23115e,d8722fc2,2a279588,39.35,39.35,0.06,0.06,0.22,3.67,178.7,MyCossed,Agroquímicos,2025,2025-06-07 00:00:00+00,G03,L14 LOTE LOS CARO-01,2025
bd3a22e9,a4ec9af0,c8ffca92,141.6,7.08,1,0.05,17.7,17.7,8,Trampa de feromonas,Agroquímicos,2025,2025-05-31 00:00:00+00,G01,L06 LOTE EL DRAGAL 4B,2025
bd3a652d,586c68ce,c1d751bb,136.57,413.1,0.1,0.2,1.69,16.86,81,Bacillus Thuringiensis,Agroquímicos,2025,2025-07-06 00:00:00+00,P09,L13 LOTE SANTACRUZ II-LOTE 5B,2025
bd3ee172,e26844ba,de256ae0,75.65,284.8,1,2,8.5,8.5,8.9,QuelaTech Micros,Fertilizantes,2025,2025-07-22 00:00:00+00,P03,L04 LA NEGRA,2025
bd4b9547,441dad8a,bca12c05,84.1,0,0.25,0,2.5,10,33.64,Alfasystin,Agroquímicos,2025,2025-06-19 00:00:00+00,G01,L09 LOTE EL DRAGAL 3B,2025
bd50645c,417bb92a,2a279588,56.29,75.05,0.045,0.06,0.32,7,178.7,MyCossed,Agroquímicos,2025,2025-05-19 00:00:00+00,G01,L08 LOTE EL MANGO C,2025
bd5a2212,666e80c0,790b615c,85.15,0,0.3,0,8.61,28.7,9.89,Yamur 25EW,Agroquímicos,2025,2025-07-14 00:00:00+00,G05,L06 LOTE LOMA 2,2025
bd8eeb01,07dd311b,de6596dc,41.98,60.63,0.045,0.065,0.95,21.2,44,Grafito,Semillas,2025,2025-05-27 00:00:00+00,G04,L02 LOTE CIRUELA ARRIBA,2025
bdbe131a,8c9ab3f4,de256ae0,377.36,377.36,2,2,42.4,21.2,8.9,QuelaTech Micros,Fertilizantes,2025,2025-08-20 00:00:00+00,G04,L02 LOTE CIRUELA ARRIBA,2025
bde6fdaf,6b043315,bdac1da2,1080,0,0.3,0,6,20,180,Cal dolomítica,Enmienda,2025,2025-05-10 00:00:00+00,G03,L12 LOTE LOS CARO-02 A,2025
be31eab9,c7503169,ebc8d614,2669.73,3114.69,3,3.5,99.99,33.33,26.7,"Nitro Evolution: 40-00-00/5,76S",Fertilizantes,2025,2025-07-13 00:00:00+00,G03,L10 LOTE LA TRINCHERA B,2025
be5d3c85,c72b39be,b275b7cf,2307.2,3172.4,4,5.5,82.4,20.6,28,"25,46N-00P-21,81K/3,66S",Fertilizantes,2025,2025-07-05 00:00:00+00,G07,L02 LOTE VICTORIERO 1A,2025
be7b5e74,3eca8a4b,b6a9d42e,4331.6,8190,1.3,1.3,30.94,23.8,140,Maíz: Danac-029 c/fortenza duo,Semillas,2025,2025-06-20 00:00:00+00,G02,L03 LOTE IGUANITAS,2025
be7c6884,7df769e5,bca12c05,260.71,0,0.25,0,7.75,31,33.64,Alfasystin,Agroquímicos,2025,2025-07-02 00:00:00+00,G03,L11 LOTE LA TRINCHERA C,2025
be821840,5b31b2e3,cc210393,49.92,66.56,0.15,0.2,3.9,26,12.8,CatheClean,Agroquímicos,2025,2025-06-17 00:00:00+00,G03,L08 EL DESQUITE B,2025
be83da09,1df38e14,c2541310,118.36,177.54,0.2,0.3,7.02,35.1,16.86,Alfamilo 90SP,Agroquímicos,2025,2025-06-19 00:00:00+00,P08,L02 LOTE-02,2025
be89a582,e77f6ea8,c2541310,27.48,82.45,0.1,0.3,1.63,16.3,16.86,Alfamilo 90SP,Agroquímicos,2025,2025-05-16 00:00:00+00,P04,L03 LOTE-03,2025
be8ef93f,3659ee62,cc210393,31.97,47.36,0.135,0.2,2.5,18.5,12.8,CatheClean,Agroquímicos,2025,2025-07-06 00:00:00+00,G05,L03 LOTE LA PIEDRA,2025
be9644ca,5d3afbeb,3072d084,189.82,189.82,1.5,1.5,13.2,8.8,14.38,Gadriano 30 OD,Agroquímicos,2025,2025-07-31 00:00:00+00,G01,L05 LOTE EL DRAGAL 2-1,2025
be9fa7d8,c4c105f5,3072d084,339.37,254.53,2,1.5,23.6,11.8,14.38,Gadriano 30 OD,Agroquímicos,2025,2025-06-21 00:00:00+00,P06,L02 LOTE-02,2025
be9fffa5,3258064e,cc210393,66.56,66.56,0.2,0.2,5.2,26,12.8,CatheClean,Agroquímicos,2025,2025-08-18 00:00:00+00,G03,L08 EL DESQUITE B,2025
bec3d7a0,a6822ece,8a4ab665,415.29,249.18,0.2,0.12,6.67,33.33,62.3,Eminente 45 WG,Agroquímicos,2025,2025-08-10 00:00:00+00,G03,L10 LOTE LA TRINCHERA B,2025
becfa84f,c3d8e26d,c1d751bb,75.33,150.66,0.1,0.2,0.93,9.3,81,Bacillus Thuringiensis,Agroquímicos,2025,2025-07-03 00:00:00+00,G03,L01 LOTE ALFARERO A,2025
becfc988,945cec1b,73a629e4,348.47,696.93,0.5,1,16.67,33.33,20.91,Jupiter 25 EC (piraclostrobina),Agroquímicos,2025,2025-07-02 00:00:00+00,G03,L10 LOTE LA TRINCHERA B,2025
bed2deeb,0e1d0649,b46d6dc9,994.84,994.84,7,7,23.8,3.4,41.8,"4,28N-18,52P-17,12K/5,51S+6,1MgO+0,68B+2,28Zn",Fertilizantes,2025,2025-08-05 00:00:00+00,G01,L03 LOTE DETRÁS DE LA CASA B,2025
bed84d63,1344bd0b,50ea012e,44.88,44.88,3,3,10.2,3.4,4.4,Alfasato 48 SL (glifosato),Agroquímicos,2025,2025-07-31 00:00:00+00,G01,L03 LOTE DETRÁS DE LA CASA B,2025
bef6d944,30b79e49,b46d6dc9,5684.8,7900.2,8,7,136,17,41.8,"4,28N-18,52P-17,12K/5,51S+6,1MgO+0,68B+2,28Zn",Fertilizantes,2025,2025-05-27 00:00:00+00,P11,L03 LOTE-06,2025
bf271dfe,6b4bc961,b46d6dc9,4389,4389,7,7,105,15,41.8,"4,28N-18,52P-17,12K/5,51S+6,1MgO+0,68B+2,28Zn",Fertilizantes,2025,2025-06-16 00:00:00+00,P06,L05 LOTE-03 C,2025
bf2abf77,96fe8df2,bca12c05,176.61,0,0.25,0,5.25,21,33.64,Alfasystin,Agroquímicos,2025,2025-07-02 00:00:00+00,G03,L04 LOTE ARBOLOTE ARRIBA A,2025
bf3515cd,aaf534f3,de256ae0,427.2,427.2,2,2,48,24,8.9,QuelaTech Micros,Fertilizantes,2025,2025-07-07 00:00:00+00,P07,L01 LOTE 3A,2025
bf540303,e8f189cc,50ea012e,359.04,359.04,3,3,81.6,27.2,4.4,Alfasato 48 SL (glifosato),Agroquímicos,2025,2025-05-10 00:00:00+00,G01,L02 LOTE LOS MANGOS,2025
bf59c948,43b00c16,c2541310,109.17,131,0.25,0.3,6.48,25.9,16.86,Alfamilo 90SP,Agroquímicos,2025,2025-07-07 00:00:00+00,P07,L03 LOTE 3C,2025
bf5af497,0ca2d174,de256ae0,306.16,306.16,2,2,34.4,17.2,8.9,QuelaTech Micros,Fertilizantes,2025,2025-06-20 00:00:00+00,P04,L05 LOTE 25 ha B,2025
bf7cebbc,46cc2f47,79e8c679,811.44,811.44,4,4,128.8,32.2,6.3,Pasto: Brachiara Ruziziensis,Semillas,2025,2025-07-12 00:00:00+00,G07,L04 LOTE VICTORIERO 1C,2025
bf88b73d,c0c3ec0a,b275b7cf,1120,2710.4,4,5.5,40,10,28,"25,46N-00P-21,81K/3,66S",Fertilizantes,2025,2025-07-14 00:00:00+00,P03,L18 LOTE LA LAGUNA,2025
bf88eede,8b782a25,cc210393,79.36,79.36,0.2,0.2,6.2,31,12.8,CatheClean,Agroquímicos,2025,2025-07-03 00:00:00+00,G03,L11 LOTE LA TRINCHERA C,2025
bfa37c46,51c23199,f886ec2d,42.17,70.29,0.3,0.5,7.71,25.7,5.47,"SoloPasto 30,41SL (plicorán+2,4D)",Agroquímicos,2025,2025-06-08 00:00:00+00,G05,L08 LOTE RAMIREZ A,2025
bfba45ae,c3993aa7,cc210393,21.38,42.75,0.1,0.2,1.67,16.7,12.8,CatheClean,Agroquímicos,2025,2025-08-20 00:00:00+00,G04,L01 LOTE CIRUELA ABAJO,2025
bfc5b8bd,79033947,cc210393,12.1,33.54,0.135,0.2,0.95,7,12.8,CatheClean,Agroquímicos,2025,2025-08-20 00:00:00+00,G05,L04 LOTE LOCACIÓN A,2025
bfc751e7,ca175d5f,3072d084,475.98,713.97,1,1.5,33.1,33.1,14.38,Gadriano 30 OD,Agroquímicos,2025,2025-08-13 00:00:00+00,G07,L01 LOTE SAMANCITO,2025
bfe961c4,98c8b311,bfe0f583,0,0,3,0,19.92,6.64,,Atrazina,Agroquímicos,2025,2025-05-18 00:00:00+00,P09,L12 LOTE SANTACRUZ II-LOTE 5A,2025
c027f1db,cab5878d,44237940,185.25,194.98,2.5,1.5,47.5,19,3.9,Alfaxone Super 20 SL,Agroquímicos,2025,2025-11-19 00:00:00+00,G03,L10 LOTE LA TRINCHERA B,2025
c04dbde5,12648583,de256ae0,65.33,65.33,2,2,7.34,3.67,8.9,QuelaTech Micros,Fertilizantes,2025,2025-07-09 00:00:00+00,G03,L14 LOTE LOS CARO-01,2025
c0508dc3,c4c105f5,8a4ab665,147.03,88.22,0.2,0.12,2.36,11.8,62.3,Eminente 45 WG,Agroquímicos,2025,2025-06-20 00:00:00+00,P06,L02 LOTE-02,2025
c062f67f,0b573e66,de256ae0,105.02,372.02,2,2,11.8,5.9,8.9,QuelaTech Micros,Fertilizantes,2025,2025-07-06 00:00:00+00,P05,L02 LOTE EL PALMAR 2,2025
c06e629e,14416ade,50ea012e,365.64,409.2,3,3,83.1,27.7,4.4,Alfasato 48 SL (glifosato),Agroquímicos,2025,2025-07-02 00:00:00+00,P03,L03 LOTE LA CASA C,2025
c0b1f47b,77067645,b275b7cf,2990.4,4111.8,4,5.5,106.8,26.7,28,"25,46N-00P-21,81K/3,66S",Fertilizantes,2025,2025-07-10 00:00:00+00,G03,L02 LOTE ALFARERO B,2025
c0d38687,dd57772d,8a4ab665,362.59,217.55,0.2,0.12,5.82,29.1,62.3,Eminente 45 WG,Agroquímicos,2025,2025-06-26 00:00:00+00,P11,L06 LOTE 7C,2025
c0f64436,cf47a79a,cc210393,39.68,79.36,0.1,0.2,3.1,31,12.8,CatheClean,Agroquímicos,2025,2025-06-24 00:00:00+00,P03,L05 LAS 50A,2025
c108ee60,4b36b409,3072d084,637.35,575.92,1.66,1.5,44.32,26.7,14.38,Gadriano 30 OD,Agroquímicos,2025,2025-08-10 00:00:00+00,G03,L02 LOTE ALFARERO B,2025
c12bc10f,3db9b88e,73a629e4,73.19,273.92,0.5,1,3.5,7,20.91,Jupiter 25 EC (piraclostrobina),Agroquímicos,2025,2025-08-20 00:00:00+00,G05,L04 LOTE LOCACIÓN A,2025
c13b6261,11f66ea4,50ea012e,248.16,186.12,4,3,56.4,14.1,4.4,Alfasato 48 SL (glifosato),Agroquímicos,2025,2025-05-05 00:00:00+00,P04,L01 LOTE-01,2025
c1518c51,4cb2866d,aa72374c,721.59,721.59,2.5,2.5,83.33,33.33,8.66,Pendialfa 50 EC,Agroquímicos,2025,2025-06-17 00:00:00+00,G03,L10 LOTE LA TRINCHERA B,2025
c1735850,b9f76adb,61e0f8a6,9123.54,0,1.3,0,38.61,29.7,236.3,Dekalb 410,Semillas,2025,2025-05-25 00:00:00+00,P11,L05 LOTE 7B,2025
c1801930,7e9ef8b7,de256ae0,56.87,409.4,1,2,6.39,6.39,8.9,QuelaTech Micros,Fertilizantes,2025,2025-07-17 00:00:00+00,P03,L09 LOTE L2C,2025
c182b435,f5a3961c,cc210393,37.25,74.5,0.1,0.2,2.91,29.1,12.8,CatheClean,Agroquímicos,2025,2025-07-03 00:00:00+00,G02,L04 LOS BECERROS,2025
c18923b0,ebda141d,44237940,142.74,71.37,3,1.5,36.6,12.2,3.9,Alfaxone Super 20 SL,Agroquímicos,2025,2025-05-29 00:00:00+00,P07,L04 LOTE 3D,2025
c18e59c5,0825fce9,cc210393,22.81,41.47,0.11,0.2,1.78,16.2,12.8,CatheClean,Agroquímicos,2025,2025-06-14 00:00:00+00,P09,L12 LOTE SANTACRUZ II-LOTE 5A,2025
c192d964,6cf65d8a,73a629e4,3533.79,313.65,13,1,169,13,20.91,Jupiter 25 EC (piraclostrobina),Agroquímicos,2025,2025-06-16 00:00:00+00,C01,L11 LOTE PATRIX,2025
c1a2781a,5f18b82f,c1d751bb,119.07,481.14,0.1,0.2,1.47,14.7,81,Bacillus Thuringiensis,Agroquímicos,2025,2025-07-12 00:00:00+00,P03,L11 LOTE L2D2,2025
c1b033ba,4edd5789,cc210393,4.48,17.92,0.05,0.2,0.35,7,12.8,CatheClean,Agroquímicos,2025,2025-07-31 00:00:00+00,G01,L08 LOTE EL MANGO C,2025
c1b0c512,2503355c,73a629e4,146.37,146.37,1,1,7,7,20.91,Jupiter 25 EC (piraclostrobina),Agroquímicos,2025,2025-05-31 00:00:00+00,G01,L08 LOTE EL MANGO C,2025
c210a7be,1a7128e5,aa72374c,498.82,415.68,3,2.5,57.6,19.2,8.66,Pendialfa 50 EC,Agroquímicos,2025,2025-07-06 00:00:00+00,P09,L01 LOTE SANTACRUZ I-LOTE 1,2025
c22d1952,2b10f8db,3072d084,437.87,437.87,1.5,1.5,30.45,20.3,14.38,Gadriano 30 OD,Agroquímicos,2025,2025-08-20 00:00:00+00,G04,L08 LOTE C,2025
c2372371,7dbf553d,3072d084,226.49,532.78,1.5,1.5,15.75,10.5,14.38,Gadriano 30 OD,Agroquímicos,2025,2025-05-25 00:00:00+00,P09,L08 LOTE SANTACRUZ II-LOTE 1,2025
c24387a6,f6d182a2,ebc8d614,744.93,869.09,3,3.5,27.9,9.3,26.7,"Nitro Evolution: 40-00-00/5,76S",Fertilizantes,2025,2025-07-08 00:00:00+00,G03,L01 LOTE ALFARERO A,2025
c2712db5,09e367da,de6596dc,62.35,62.35,0.065,0.065,1.42,21.8,44,Grafito,Semillas,2025,2025-06-17 00:00:00+00,G03,L09 LOTE LA TRINCHERA A,2025
c278ce33,5a412e0d,79e8c679,221.76,221.76,4,4,35.2,8.8,6.3,Pasto: Brachiara Ruziziensis,Semillas,2025,2025-07-03 00:00:00+00,G01,L05 LOTE EL DRAGAL 2-1,2025
c2b3a680,7dbf553d,73a629e4,148.46,516.48,0.5,1,7.1,14.2,20.91,Jupiter 25 EC (piraclostrobina),Agroquímicos,2025,2025-06-05 00:00:00+00,P09,L08 LOTE SANTACRUZ II-LOTE 1,2025
c2b79291,1f4b0c5f,de6596dc,28.82,37.47,0.05,0.065,0.66,13.1,44,Grafito,Semillas,2025,2025-06-02 00:00:00+00,G05,L04 LOTE LOCACIÓN A,2025
c2ba583c,64be32af,50ea012e,132,132,3,3,30,10,4.4,Alfasato 48 SL (glifosato),Agroquímicos,2025,2025-05-23 00:00:00+00,G01,L10 LOTE EL DRAGAL 3-1,2025
c2c216e9,ef7839c4,c1d751bb,46.17,92.34,0.1,0.2,0.57,5.7,81,Bacillus Thuringiensis,Agroquímicos,2025,2025-06-19 00:00:00+00,G04,L04 LOTE LOMA BARRIGA,2025
c2eb8f37,b7535af1,b46d6dc9,4389,13167,7,7,105,15,41.8,"4,28N-18,52P-17,12K/5,51S+6,1MgO+0,68B+2,28Zn",Fertilizantes,2025,2025-06-18 00:00:00+00,G02,L03 LOTE IGUANITAS,2025
c3045aec,031febc3,bca12c05,30.86,0,0.25,0,0.92,3.67,33.64,Alfasystin,Agroquímicos,2025,2025-07-02 00:00:00+00,G03,L14 LOTE LOS CARO-01,2025
c3140195,93016805,c8ffca92,8.4,8.4,0.05,0.05,1.05,21,8,Trampa de feromonas,Agroquímicos,2025,2025-07-02 00:00:00+00,G03,L04 LOTE ARBOLOTE ARRIBA A,2025
c32fca8f,05505dff,3072d084,78.3,392.57,1.5,1.5,5.45,3.63,14.38,Gadriano 30 OD,Agroquímicos,2025,2025-06-05 00:00:00+00,P09,L15 LOTE SANTACRUZ II-LOTE 6B,2025
c3428f6f,37a797d1,aa72374c,562.9,634.35,2.6,2.5,65,25,8.66,Pendialfa 50 EC,Agroquímicos,2025,2025-06-01 00:00:00+00,G02,L02 LOTE EL TANQUE-B,2025
c355fe85,e26844ba,c1d751bb,64.8,259.2,0.1,0.2,0.8,8,81,Bacillus Thuringiensis,Agroquímicos,2025,2025-07-30 00:00:00+00,P03,L04 LA NEGRA,2025
c35dbb5b,a25204e2,8a4ab665,230.51,138.31,0.2,0.12,3.7,18.5,62.3,Eminente 45 WG,Agroquímicos,2025,2025-07-14 00:00:00+00,G05,L03 LOTE LA PIEDRA,2025
c389d5ac,30dbc879,c1d751bb,161.19,458.46,0.1,0.2,1.99,19.9,81,Bacillus Thuringiensis,Agroquímicos,2025,2025-06-21 00:00:00+00,G06,L03 LA REPRESA LOTE B,2025
c3914a97,a9d222c8,50ea012e,88.44,303.6,3,3,20.1,6.7,4.4,Alfasato 48 SL (glifosato),Agroquímicos,2025,2025-06-18 00:00:00+00,P03,L09 LOTE L2C,2025
c3f058ad,34674699,50ea012e,224.4,356.4,3,3,51,17,4.4,Alfasato 48 SL (glifosato),Agroquímicos,2025,2025-05-29 00:00:00+00,P11,L03 LOTE-06,2025
c3f8ff4e,b7497399,de6596dc,64.06,64.06,0.065,0.065,1.46,22.4,44,Grafito,Semillas,2025,2025-05-19 00:00:00+00,P03,L08 LOTE L2B,2025
c400fa26,9bbbe87e,c2541310,49.74,59.68,0.25,0.3,2.95,11.8,16.86,Alfamilo 90SP,Agroquímicos,2025,2025-06-04 00:00:00+00,P06,L02 LOTE-02,2025
c4129578,e26844ba,cc210393,13.06,40.96,0.12,0.2,1.02,8.5,12.8,CatheClean,Agroquímicos,2025,2025-07-22 00:00:00+00,P03,L04 LA NEGRA,2025
c460a7ab,c06bf9ac,b6a9d42e,5296.2,5296.2,1.3,1.3,37.83,29.1,140,Maíz: Danac-029 c/fortenza duo,Semillas,2025,2025-05-25 00:00:00+00,P11,L06 LOTE 7C,2025
c47740c9,67199d64,b46d6dc9,5939.78,5939.78,7,7,142.1,20.3,41.8,"4,28N-18,52P-17,12K/5,51S+6,1MgO+0,68B+2,28Zn",Fertilizantes,2025,2025-08-05 00:00:00+00,G04,L08 LOTE C,2025
c4790747,ed1d76c1,b6a9d42e,2384.2,2384.2,1.3,1.3,17.03,13.1,140,Maíz: Danac-029 c/fortenza duo,Semillas,2025,2025-06-02 00:00:00+00,G05,L04 LOTE LOCACIÓN A,2025
c47a37f8,eab9cdec,50ea012e,266.64,266.64,3,3,60.6,20.2,4.4,Alfasato 48 SL (glifosato),Agroquímicos,2025,2025-05-25 00:00:00+00,P11,L04 LOTE 7A,2025
c49bdbba,a4b14455,b6a9d42e,2730,5751.2,1.5,1.3,19.5,13,140,Maíz: Danac-029 c/fortenza duo,Semillas,2025,2025-07-25 00:00:00+00,P09,L16 LOTE SANTACRUZ II-LOTE 9 Y 10,2025
c4a5fe89,3b3ab51d,3072d084,360.22,360.22,1.5,1.5,25.05,16.7,14.38,Gadriano 30 OD,Agroquímicos,2025,2025-08-20 00:00:00+00,G04,L01 LOTE CIRUELA ABAJO,2025
c4a99d7b,14b9a1b7,de6596dc,88.37,88.37,0.065,0.065,2.01,30.9,44,Grafito,Semillas,2025,2025-06-06 00:00:00+00,G03,L15 LOTE SALTO DEL MIRA A,2025
c4b586b1,85c3f740,79e8c679,781.2,781.2,4,4,124,31,6.3,Pasto: Brachiara Ruziziensis,Semillas,2025,2025-07-03 00:00:00+00,G03,L11 LOTE LA TRINCHERA C,2025
c4c0418f,a489190c,b275b7cf,1366.4,1878.8,4,5.5,48.8,12.2,28,"25,46N-00P-21,81K/3,66S",Fertilizantes,2025,2025-08-05 00:00:00+00,P07,L04 LOTE 3D,2025
c4c5ee65,f03d2136,cc210393,23.04,51.2,0.2,0.2,1.8,9,12.8,CatheClean,Agroquímicos,2025,2025-07-03 00:00:00+00,G03,L12 LOTE LOS CARO-02 A,2025
c4cbe2a4,ca3321ff,f886ec2d,42.94,42.94,0.5,0.5,7.85,15.7,5.47,"SoloPasto 30,41SL (plicorán+2,4D)",Agroquímicos,2025,2025-05-05 00:00:00+00,P04,L02 LOTE-02,2025
c4d45a49,39044183,b275b7cf,2688,3696,4,5.5,96,24,28,"25,46N-00P-21,81K/3,66S",Fertilizantes,2025,2025-08-05 00:00:00+00,P07,L01 LOTE 3A,2025
c4dde24e,02354a6c,cc210393,51.2,51.2,0.2,0.2,4,20,12.8,CatheClean,Agroquímicos,2025,2025-07-02 00:00:00+00,G03,L12 LOTE LOS CARO-02 A,2025
c4e585e4,2f39ce7f,ebc8d614,3171.96,2775.47,4,3.5,118.8,29.7,26.7,"Nitro Evolution: 40-00-00/5,76S",Fertilizantes,2025,2025-06-26 00:00:00+00,P11,L05 LOTE 7B,2025
c4e91485,dd186869,cc210393,91.24,76.03,0.24,0.2,7.13,29.7,12.8,CatheClean,Agroquímicos,2025,2025-05-13 00:00:00+00,P11,L05 LOTE 7B,2025
c4f3bb5d,a5590190,0edac71f,7313.28,0,8,,208,26,35.16,"4N-17,4P-22,4K/4,6S+5,2MgO+0,68B+1,7Zn",Fertilizantes,2025,2025-06-30 00:00:00+00,P03,L06 LOS CACHICAMOS,2025
c54a0f2f,c3c5e5d3,de6596dc,10.5,10.5,0.065,0.065,0.24,3.67,44,Grafito,Semillas,2025,2025-06-17 00:00:00+00,G03,L14 LOTE LOS CARO-01,2025
c5628924,aaf534f3,c1d751bb,194.4,388.8,0.1,0.2,2.4,24,81,Bacillus Thuringiensis,Agroquímicos,2025,2025-07-07 00:00:00+00,P07,L01 LOTE 3A,2025
c57e5f3f,9ae7f806,44237940,322.73,193.64,2.5,1.5,82.75,33.1,3.9,Alfaxone Super 20 SL,Agroquímicos,2025,2025-06-10 00:00:00+00,G07,L01 LOTE SAMANCITO,2025
c58c3a6a,bcd075db,cc210393,25.4,37.63,0.135,0.2,1.98,14.7,12.8,CatheClean,Agroquímicos,2025,2025-07-14 00:00:00+00,G05,L05 LOTE LOMA 1,2025
c59ab511,ae6ba1db,79e8c679,549.36,549.36,4,4,87.2,21.8,6.3,Pasto: Brachiara Ruziziensis,Semillas,2025,2025-07-03 00:00:00+00,G03,L09 LOTE LA TRINCHERA A,2025
c59af09b,42523ddf,cc210393,40.96,40.96,0.2,0.2,3.2,16,12.8,CatheClean,Agroquímicos,2025,2025-07-16 00:00:00+00,P03,L04 LA NEGRA,2025
c5a3bc0c,837c42eb,2a279588,193,329.17,0.06,0.06,1.08,18,178.7,MyCossed,Agroquímicos,2025,2025-06-02 00:00:00+00,G06,L04 LA REPRESA LOTE C,2025
c5af7b77,358cb6fe,ebc8d614,1537.92,1345.68,4,3.5,57.6,14.4,26.7,"Nitro Evolution: 40-00-00/5,76S",Fertilizantes,2025,2025-06-26 00:00:00+00,P11,L07 LOTE-08,2025
c5bbe6fa,1a58c682,d19aa794,126.43,0,0.3,,4.23,14.1,29.89,Super Barre 55 EC,Agroquímicos,2025,2025-07-08 00:00:00+00,P04,L01 LOTE-01,2025
c5d0ed6a,074e411c,3072d084,215.7,215.7,1.5,1.5,15,10,14.38,Gadriano 30 OD,Agroquímicos,2025,2025-06-18 00:00:00+00,G01,L10 LOTE EL DRAGAL 3-1,2025
c60bf8a6,b298bdd2,8a4ab665,386.26,231.76,0.2,0.12,6.2,31,62.3,Eminente 45 WG,Agroquímicos,2025,2025-08-10 00:00:00+00,G03,L11 LOTE LA TRINCHERA C,2025
c6286f69,79033947,de256ae0,108.58,233.18,2,2,12.2,6.1,8.9,QuelaTech Micros,Fertilizantes,2025,2025-07-14 00:00:00+00,G05,L04 LOTE LOCACIÓN A,2025
c65dad74,e93e2a01,3072d084,122.95,122.95,1.5,1.5,8.55,5.7,14.38,Gadriano 30 OD,Agroquímicos,2025,2025-08-20 00:00:00+00,G04,L04 LOTE LOMA BARRIGA,2025
c65e7b99,19d7e5b7,b46d6dc9,5032.72,5032.72,7,7,120.4,17.2,41.8,"4,28N-18,52P-17,12K/5,51S+6,1MgO+0,68B+2,28Zn",Fertilizantes,2025,2025-05-16 00:00:00+00,P04,L05 LOTE 25 ha B,2025
c673e262,3eb029ce,d73f9b82,0,0,1,,8.8,8.8,,Alfavin,Agroquímicos,2025,2025-08-12 00:00:00+00,G01,L05 LOTE EL DRAGAL 2-1,2025
c67bc83b,ecf949b9,bca12c05,170.72,0,0.25,0,5.08,20.3,33.64,Alfasystin,Agroquímicos,2025,2025-06-19 00:00:00+00,G04,L08 LOTE C,2025
c682802f,8f7aaa9d,cc210393,22.53,76.29,0.22,0.2,1.76,8,12.8,CatheClean,Agroquímicos,2025,2025-05-19 00:00:00+00,P13,L01 LOTE 1A,2025
c6a07322,d7c57379,b6a9d42e,3221.4,3221.4,1.3,1.3,23.01,17.7,140,Maíz: Danac-029 c/fortenza duo,Semillas,2025,2025-05-22 00:00:00+00,G01,L06 LOTE EL DRAGAL 4B,2025
c6c96c6c,2475107a,cc210393,21.5,17.92,0.24,0.2,1.68,7,12.8,CatheClean,Agroquímicos,2025,2025-05-12 00:00:00+00,G01,L08 LOTE EL MANGO C,2025
c6e28c9c,eb6027a2,2a279588,163.24,217.66,0.045,0.06,0.91,20.3,178.7,MyCossed,Agroquímicos,2025,2025-05-24 00:00:00+00,G04,L08 LOTE C,2025
c6e3d6c5,ca4d4470,3072d084,185.5,640.63,1.5,1.5,12.9,8.6,14.38,Gadriano 30 OD,Agroquímicos,2025,2025-06-26 00:00:00+00,P11,L05 LOTE 7B,2025
c6e56b68,b8cdac90,bca12c05,148.02,0,0.25,0,4.4,17.6,33.64,Alfasystin,Agroquímicos,2025,2025-07-31 00:00:00+00,G01,L11 LOTE EL DRAGAL 4-1,2025
c6e87bdd,ca543aea,de256ae0,283.02,283.02,2,2,31.8,15.9,8.9,QuelaTech Micros,Fertilizantes,2025,2025-08-12 00:00:00+00,G05,L02 LOTE COCO LOMA GRANDE,2025
c6f548bd,80944c3e,aa72374c,439.5,439.5,2.5,2.5,50.75,20.3,8.66,Pendialfa 50 EC,Agroquímicos,2025,2025-06-08 00:00:00+00,C02,L01 ARENERO 1 LOTE-02,2025
c6f5d98f,f8121e13,cc210393,123.52,120.32,0.25,0.2,9.65,38.6,12.8,CatheClean,Agroquímicos,2025,2025-06-01 00:00:00+00,G06,L02 LA REPRESA LOTE A,2025
c716a767,5006ca41,f886ec2d,91.16,91.16,0.5,0.5,16.67,33.33,5.47,"SoloPasto 30,41SL (plicorán+2,4D)",Agroquímicos,2025,2025-06-11 00:00:00+00,G03,L10 LOTE LA TRINCHERA B,2025
c73ae9ec,28bf06bb,f886ec2d,138.34,69.74,1.5,0.5,25.29,16.86,5.47,"SoloPasto 30,41SL (plicorán+2,4D)",Agroquímicos,2025,2025-07-06 00:00:00+00,P09,L13 LOTE SANTACRUZ II-LOTE 5B,2025
c74663d5,ac0654f9,2a279588,174.77,174.77,0.06,0.06,0.98,16.3,178.7,MyCossed,Agroquímicos,2025,2025-06-16 00:00:00+00,G07,L05 LOTE VICTORIERO 1D,2025
c74fa90a,32b609b4,8a4ab665,115.88,69.53,0.2,0.12,1.86,9.3,62.3,Eminente 45 WG,Agroquímicos,2025,2025-07-31 00:00:00+00,G01,L04 LOTE EL DRAGAL 2B,2025
c757e6ba,4b36b409,bca12c05,224.55,0,0.25,0,6.68,26.7,33.64,Alfasystin,Agroquímicos,2025,2025-07-03 00:00:00+00,G03,L02 LOTE ALFARERO B,2025
c772eef0,fe84ad82,bca12c05,234.64,0,0.25,0,6.98,27.9,33.64,Alfasystin,Agroquímicos,2025,2025-07-04 00:00:00+00,G07,L03 LOTE VICTORIERO 1B,2025
c791e783,05298cd5,f886ec2d,10.94,45.67,0.5,0.5,2,4,5.47,"SoloPasto 30,41SL (plicorán+2,4D)",Agroquímicos,2025,2025-05-07 00:00:00+00,P11,L01 LOTE 5A,2025
c79c9bb5,6cf65d8a,bca12c05,218.66,0,0.5,0,6.5,13,33.64,Alfasystin,Agroquímicos,2025,2025-06-16 00:00:00+00,C01,L11 LOTE PATRIX,2025
c7cdf96a,1db63196,50ea012e,253.44,190.08,4,3,57.6,14.4,4.4,Alfasato 48 SL (glifosato),Agroquímicos,2025,2025-05-13 00:00:00+00,P11,L07 LOTE-08,2025
c7da4811,f4383058,ce31a1fd,667.94,0,1.3,0,4.77,3.67,140,Maíz: Danac-430 c/fortenza duo,Semillas,2025,2025-06-07 00:00:00+00,G03,L14 LOTE LOS CARO-01,2025
c8071a7e,3fb20a3f,73a629e4,177.74,355.47,0.5,1,8.5,17,20.91,Jupiter 25 EC (piraclostrobina),Agroquímicos,2025,2025-06-19 00:00:00+00,G04,L07 LOTE B,2025
c8081be8,ea0dce4f,790b615c,98.89,0,0.3,0,10,33.33,9.89,Yamur 25EW,Agroquímicos,2025,2025-07-03 00:00:00+00,G03,L10 LOTE LA TRINCHERA B,2025
c8105ac9,fc4814f4,b46d6dc9,6019.2,9450.98,8,7,144,18,41.8,"4,28N-18,52P-17,12K/5,51S+6,1MgO+0,68B+2,28Zn",Fertilizantes,2025,2025-05-11 00:00:00+00,P09,L04 LOTE SANTACRUZ I-LOTE 4,2025
c813568a,5044ec08,50ea012e,222.46,236.28,4,3,50.56,12.64,4.4,Alfasato 48 SL (glifosato),Agroquímicos,2025,2025-05-04 00:00:00+00,P09,"L17 LOTE SANTACRUZ II-LOTE 11, 12 Y 13",2025
c81669f7,8f103296,61e0f8a6,5007.2,0,1.3,0,21.19,16.3,236.3,Dekalb 410,Semillas,2025,2025-05-16 00:00:00+00,P04,L03 LOTE-03,2025
c8601b5a,d31d0951,790b615c,72.1,0,0.3,0,7.29,24.3,9.89,Yamur 25EW,Agroquímicos,2025,2025-07-13 00:00:00+00,G03,L06 CASA DE TABLA ARRIBA B,2025
c86d9919,fccf7a07,8a4ab665,48.59,52.33,0.2,0.12,0.78,3.9,62.3,Eminente 45 WG,Agroquímicos,2025,2025-06-21 00:00:00+00,C01,PERLA LOTE 2A,2025
c8cb585f,ee1a4dc2,cc210393,25.86,51.71,0.1,0.2,2.02,20.2,12.8,CatheClean,Agroquímicos,2025,2025-06-26 00:00:00+00,P11,L04 LOTE 7A,2025
c8d05e68,d81cfa5d,79e8c679,443.52,443.52,4,4,70.4,17.6,6.3,Pasto: Brachiara Ruziziensis,Semillas,2025,2025-07-03 00:00:00+00,G01,L11 LOTE EL DRAGAL 4-1,2025
c8dd3778,adf34f00,cc210393,44.92,81.66,0.11,0.2,3.51,31.9,12.8,CatheClean,Agroquímicos,2025,2025-06-10 00:00:00+00,P09,L05 LOTE SANTACRUZ I-LOTE 5,2025
c8dec85a,73265259,bdac1da2,198.18,0,0.3,0,1.1,3.67,180,Cal dolomítica,Enmienda,2025,2025-05-10 00:00:00+00,G03,L14 LOTE LOS CARO-01,2025
c9255a2d,1744932f,f886ec2d,49.23,49.23,0.5,0.5,9,18,5.47,"SoloPasto 30,41SL (plicorán+2,4D)",Agroquímicos,2025,2025-05-06 00:00:00+00,P09,L09 LOTE SANTACRUZ II-LOTE 2A,2025
c9322166,d201f6f1,b275b7cf,2912,4004,4,5.5,104,26,28,"25,46N-00P-21,81K/3,66S",Fertilizantes,2025,2025-06-13 00:00:00+00,P03,L13 LOTE LAS 50 B LOTE,2025
c945feef,3fffca01,bca12c05,137.08,0,0.25,0,4.08,16.3,33.64,Alfasystin,Agroquímicos,2025,2025-07-04 00:00:00+00,G07,L05 LOTE VICTORIERO 1D,2025
c9475716,f5452706,b275b7cf,2329.6,3203.2,4,5.5,83.2,20.8,28,"25,46N-00P-21,81K/3,66S",Fertilizantes,2025,2025-08-05 00:00:00+00,G04,L06 LOTE A,2025
c96362f2,c08ae1d5,44b881f4,0,0,0.25,,6.8,27.2,,KUNG FU MAX,Agroquímicos,2025,2025-07-31 00:00:00+00,G01,L02 LOTE LOS MANGOS,2025
c96f2e5a,74d132ea,de6596dc,59.07,51.19,0.075,0.065,1.34,17.9,44,Grafito,Semillas,2025,2025-06-20 00:00:00+00,P09,"L17 LOTE SANTACRUZ II-LOTE 11, 12 Y 13",2025
c9762632,81253792,c2541310,150.05,180.06,0.25,0.3,8.9,35.6,16.86,Alfamilo 90SP,Agroquímicos,2025,2025-05-25 00:00:00+00,P09,L11 LOTE SANTACRUZ II-LOTE 3,2025
c9985cd8,be4d3747,b46d6dc9,6988.96,6115.34,8,7,167.2,20.9,41.8,"4,28N-18,52P-17,12K/5,51S+6,1MgO+0,68B+2,28Zn",Fertilizantes,2025,2025-06-01 00:00:00+00,P05,L02 LOTE EL PALMAR 2,2025
c9b86c15,89fd8d63,cc210393,12.01,46.59,0.11,0.2,0.94,8.53,12.8,CatheClean,Agroquímicos,2025,2025-07-28 00:00:00+00,P09,L15 LOTE SANTACRUZ II-LOTE 6B,2025
c9bda791,8c1006bd,ebc8d614,801,934.5,3,3.5,30,10,26.7,"Nitro Evolution: 40-00-00/5,76S",Fertilizantes,2025,2025-08-05 00:00:00+00,G01,L10 LOTE EL DRAGAL 3-1,2025
c9f12c09,be75e30e,3072d084,703.18,703.18,1.5,1.5,48.9,32.6,14.38,Gadriano 30 OD,Agroquímicos,2025,2025-07-14 00:00:00+00,G05,L01 LOTE BAJO DE LOMA,2025
c9f4cd3d,364b624f,50ea012e,44.88,44.88,3,3,10.2,3.4,4.4,Alfasato 48 SL (glifosato),Agroquímicos,2025,2025-05-19 00:00:00+00,G01,L03 LOTE DETRÁS DE LA CASA B,2025
ca078c1e,8c9ab3f4,8a4ab665,2641.52,158.49,2,0.12,42.4,21.2,62.3,Eminente 45 WG,Agroquímicos,2025,2025-08-20 00:00:00+00,G04,L02 LOTE CIRUELA ARRIBA,2025
ca362ad5,81f8c03d,9316143b,180.25,0,1,,17.9,17.9,10.07,Alfyrinex,Agroquímicos,2025,2025-08-20 00:00:00+00,P09,"L17 LOTE SANTACRUZ II-LOTE 11, 12 Y 13",2025
ca382535,6abeceb7,50ea012e,250.8,250.8,3,3,57,19,4.4,Alfasato 48 SL (glifosato),Agroquímicos,2025,2025-06-24 00:00:00+00,P03,L10 LOTE L2D1,2025
ca40a395,b707e5db,aa72374c,194.33,770.74,3,2.5,22.44,7.48,8.66,Pendialfa 50 EC,Agroquímicos,2025,2025-07-15 00:00:00+00,P09,L11 LOTE SANTACRUZ II-LOTE 3,2025
ca6ff16e,3be66398,b275b7cf,2721.6,3742.2,4,5.5,97.2,24.3,28,"25,46N-00P-21,81K/3,66S",Fertilizantes,2025,2025-07-10 00:00:00+00,G03,L06 CASA DE TABLA ARRIBA B,2025
ca73ca19,8b219f0f,bca12c05,553.38,0,0.5,0,16.45,32.9,33.64,Alfasystin,Agroquímicos,2025,2025-07-01 00:00:00+00,P05,L01 LOTE EL PALMAR 1,2025
ca9a9f25,a56e4515,c1d751bb,32.4,270.54,0.1,0.2,0.4,4,81,Bacillus Thuringiensis,Agroquímicos,2025,2025-06-25 00:00:00+00,P11,L01 LOTE 5A,2025
caaab8d8,b298bdd2,d73f9b82,0,0,1,,31,31,,Alfavin,Agroquímicos,2025,2025-08-10 00:00:00+00,G03,L11 LOTE LA TRINCHERA C,2025
cac21938,79044130,cc210393,21.81,35.84,0.12,0.2,1.7,14.2,12.8,CatheClean,Agroquímicos,2025,2025-06-23 00:00:00+00,P03,L12 LOTE L2E,2025
cac57919,30dbc879,3072d084,429.24,610.43,1.5,1.5,29.85,19.9,14.38,Gadriano 30 OD,Agroquímicos,2025,2025-06-21 00:00:00+00,G06,L03 LA REPRESA LOTE B,2025
caf233c6,56db8df0,79e8c679,410.76,410.76,4,4,65.2,16.3,6.3,Pasto: Brachiara Ruziziensis,Semillas,2025,2025-07-12 00:00:00+00,G07,L05 LOTE VICTORIERO 1D,2025
caf770ca,bdd8d067,79e8c679,45.36,1134,0.4,4,7.2,18,6.3,Pasto: Brachiara Ruziziensis,Semillas,2025,2025-07-05 00:00:00+00,G02,L03 LOTE IGUANITAS,2025
cb293ac2,15b1f897,ebc8d614,1626.03,1897.04,3,3.5,60.9,20.3,26.7,"Nitro Evolution: 40-00-00/5,76S",Fertilizantes,2025,2025-08-05 00:00:00+00,G04,L08 LOTE C,2025
cb38553c,856f7988,79e8c679,456.12,456.12,4,4,72.4,18.1,6.3,Pasto: Brachiara Ruziziensis,Semillas,2025,2025-06-30 00:00:00+00,P11,L02 LOTE 5B,2025
cb3f73b1,ba5b7f94,7a071d0e,2659.8,0,1.3,0,12.09,9.3,220,Lucino,Semillas,2025,2025-05-25 00:00:00+00,G01,L04 LOTE EL DRAGAL 2B,2025
cb78dbf4,79033947,8a4ab665,76.01,97.94,0.2,0.12,1.22,6.1,62.3,Eminente 45 WG,Agroquímicos,2025,2025-07-14 00:00:00+00,G05,L04 LOTE LOCACIÓN A,2025
cb845fbc,6502dc07,c8ffca92,217.6,10.88,1,0.05,27.2,27.2,8,Trampa de feromonas,Agroquímicos,2025,2025-05-31 00:00:00+00,G01,L02 LOTE LOS MANGOS,2025
cb8db03c,a83cf68d,50ea012e,404.8,417.12,4,3,92,23,4.4,Alfasato 48 SL (glifosato),Agroquímicos,2025,2025-05-21 00:00:00+00,P09,L16 LOTE SANTACRUZ II-LOTE 9 Y 10,2025
cb9c902c,75def668,cc210393,76.8,76.8,0.2,0.2,6,30,12.8,CatheClean,Agroquímicos,2025,2025-05-30 00:00:00+00,P07,L02 LOTE 3B,2025
cb9cc6f9,7dbf553d,bca12c05,88.31,0,0.25,0,2.63,10.5,33.64,Alfasystin,Agroquímicos,2025,2025-06-05 00:00:00+00,P09,L08 LOTE SANTACRUZ II-LOTE 1,2025
cbb4759e,c943da25,2a279588,72.91,72.91,0.06,0.06,0.41,6.8,178.7,MyCossed,Agroquímicos,2025,2025-06-24 00:00:00+00,P03,L07 LOTE L2A,2025
cbbe76cb,7e378e34,cc210393,62.36,49.15,0.42,0.2,4.87,11.6,12.8,CatheClean,Agroquímicos,2025,2025-08-20 00:00:00+00,P09,L01 LOTE SANTACRUZ I-LOTE 1,2025
cbc1fd39,a86c0c52,c1d751bb,251.1,502.2,0.1,0.2,3.1,31,81,Bacillus Thuringiensis,Agroquímicos,2025,2025-07-16 00:00:00+00,P03,L03 LOTE LA CASA C,2025
cbc544e9,10adef45,c1d751bb,364.5,729,0.1,0.2,4.5,45,81,Bacillus Thuringiensis,Agroquímicos,2025,2025-08-24 00:00:00+00,G02,L03 LOTE IGUANITAS,2025
cbcf4dd4,3db9b88e,cc210393,12.1,33.54,0.135,0.2,0.95,7,12.8,CatheClean,Agroquímicos,2025,2025-08-20 00:00:00+00,G05,L04 LOTE LOCACIÓN A,2025
cbeba215,c3d8e26d,cc210393,23.81,23.81,0.2,0.2,1.86,9.3,12.8,CatheClean,Agroquímicos,2025,2025-07-03 00:00:00+00,G03,L01 LOTE ALFARERO A,2025
cc4dcea5,7c64d46f,b6a9d42e,4950.4,4950.4,1.3,1.3,35.36,27.2,140,Maíz: Danac-029 c/fortenza duo,Semillas,2025,2025-05-15 00:00:00+00,G01,L02 LOTE LOS MANGOS,2025
cc5674cb,6b4bc961,de6596dc,42.9,42.9,0.065,0.065,0.98,15,44,Grafito,Semillas,2025,2025-06-16 00:00:00+00,P06,L05 LOTE-03 C,2025
cc57c2a6,a170d551,b275b7cf,2273.6,3126.2,4,5.5,81.2,20.3,28,"25,46N-00P-21,81K/3,66S",Fertilizantes,2025,2025-08-05 00:00:00+00,G04,L08 LOTE C,2025
cc69733e,9bacadd0,8a4ab665,307.76,184.66,0.2,0.12,4.94,24.7,62.3,Eminente 45 WG,Agroquímicos,2025,2025-06-14 00:00:00+00,P09,L08 LOTE SANTACRUZ II-LOTE 1,2025
cc7d2d42,0825fce9,8a4ab665,119.12,121.11,0.2,0.12,1.91,9.56,62.3,Eminente 45 WG,Agroquímicos,2025,2025-07-06 00:00:00+00,P09,L12 LOTE SANTACRUZ II-LOTE 5A,2025
cc816f15,b983f2fb,2a279588,53.72,146.89,0.06,0.06,0.3,5.01,178.7,MyCossed,Agroquímicos,2025,2025-07-25 00:00:00+00,P08,L07 LOTE 3B 2,2025
cc8ea937,3db9b88e,c1d751bb,56.7,212.22,0.1,0.2,0.7,7,81,Bacillus Thuringiensis,Agroquímicos,2025,2025-08-20 00:00:00+00,G05,L04 LOTE LOCACIÓN A,2025
cc90ff42,ff654cc4,c2541310,50.07,150.22,0.1,0.3,2.97,29.7,16.86,Alfamilo 90SP,Agroquímicos,2025,2025-05-25 00:00:00+00,P11,L05 LOTE 7B,2025
cca111c3,994f4a16,f886ec2d,41.03,41.03,0.5,0.5,7.5,15,5.47,"SoloPasto 30,41SL (plicorán+2,4D)",Agroquímicos,2025,2025-05-29 00:00:00+00,P06,L05 LOTE-03 C,2025
cca67c4a,9be40d57,cc210393,88.8,62.98,0.282,0.2,6.94,24.6,12.8,CatheClean,Agroquímicos,2025,2025-06-08 00:00:00+00,G03,L13 LOTE LOS CARO-02 B,2025
ccc051d0,7ba77497,cc210393,38.4,38.4,0.2,0.2,3,15,12.8,CatheClean,Agroquímicos,2025,2025-07-08 00:00:00+00,P06,L05 LOTE-03 C,2025
cccdfd00,1344bd0b,c2541310,57.32,17.2,1,0.3,3.4,3.4,16.86,Alfamilo 90SP,Agroquímicos,2025,2025-07-31 00:00:00+00,G01,L03 LOTE DETRÁS DE LA CASA B,2025
cd0922e9,3aacc949,bfe0f583,0,0,2,0,20,10,,Atrazina,Agroquímicos,2025,2025-08-19 00:00:00+00,G03,L08 EL DESQUITE B,2025
cd2f177e,0f2fe728,c1d751bb,247.05,494.1,0.1,0.2,3.05,30.5,81,Bacillus Thuringiensis,Agroquímicos,2025,2025-08-20 00:00:00+00,P03,L15 LOTE LAS 60 B,2025
cd45996b,a5590190,de6596dc,51.48,100.1,0.045,0.065,1.17,26,44,Grafito,Semillas,2025,2025-06-30 00:00:00+00,P03,L06 LOS CACHICAMOS,2025
cd4fa945,c1a5c96d,c1d751bb,137.7,437.4,0.1,0.2,1.7,17,81,Bacillus Thuringiensis,Agroquímicos,2025,2025-06-25 00:00:00+00,P11,L03 LOTE-06,2025
cd6494b5,aaf534f3,73a629e4,250.92,501.84,0.5,1,12,24,20.91,Jupiter 25 EC (piraclostrobina),Agroquímicos,2025,2025-07-07 00:00:00+00,P07,L01 LOTE 3A,2025
cd73b760,b3ca8b80,8a4ab665,281.6,168.96,0.2,0.12,4.52,22.6,62.3,Eminente 45 WG,Agroquímicos,2025,2025-07-13 00:00:00+00,G03,L07 EL DESQUITE A,2025
cd909d56,5d3afbeb,c1d751bb,71.28,142.56,0.1,0.2,0.88,8.8,81,Bacillus Thuringiensis,Agroquímicos,2025,2025-06-05 00:00:00+00,G01,L05 LOTE EL DRAGAL 2-1,2025
cd9e0074,c9e36589,8a4ab665,127.09,76.26,0.2,0.12,2.04,10.2,62.3,Eminente 45 WG,Agroquímicos,2025,2025-08-20 00:00:00+00,G04,L03 LOTE LOMA AMARILLA,2025
cda6a104,73647008,cc210393,14.4,40.96,0.15,0.2,1.13,7.5,12.8,CatheClean,Agroquímicos,2025,2025-06-24 00:00:00+00,P03,L04 LA NEGRA,2025
cdaae846,97368d01,b275b7cf,3472,4774,4,5.5,124,31,28,"25,46N-00P-21,81K/3,66S",Fertilizantes,2025,2025-07-14 00:00:00+00,P03,L03 LOTE LA CASA C,2025
cdba06bc,0825fce9,8a4ab665,82.73,121.11,0.2,0.12,1.33,6.64,62.3,Eminente 45 WG,Agroquímicos,2025,2025-06-10 00:00:00+00,P09,L12 LOTE SANTACRUZ II-LOTE 5A,2025
cdbfc5b1,b264931c,aa72374c,526.1,526.1,2.5,2.5,60.75,24.3,8.66,Pendialfa 50 EC,Agroquímicos,2025,2025-06-12 00:00:00+00,G03,L06 CASA DE TABLA ARRIBA B,2025
cdd53854,131691a0,bca12c05,259.87,0,0.25,0,7.73,30.9,33.64,Alfasystin,Agroquímicos,2025,2025-07-02 00:00:00+00,G03,L15 LOTE SALTO DEL MIRA A,2025
cde53f3b,a5cbd67f,aa72374c,484.96,484.96,2.5,2.5,56,22.4,8.66,Pendialfa 50 EC,Agroquímicos,2025,2025-05-24 00:00:00+00,P03,L08 LOTE L2B,2025
cde61875,6fe3bb6b,cc210393,29.44,58.88,0.1,0.2,2.3,23,12.8,CatheClean,Agroquímicos,2025,2025-07-16 00:00:00+00,P03,L16 LOTE LOS MANGOS,2025
ce0906d5,b2a8690f,f886ec2d,71.11,71.11,0.5,0.5,13,26,5.47,"SoloPasto 30,41SL (plicorán+2,4D)",Agroquímicos,2025,2025-05-01 00:00:00+00,C01,PERLA LOTE 04,2025
ce287cfd,4f1f83bb,f886ec2d,87.25,87.25,0.5,0.5,15.95,31.9,5.47,"SoloPasto 30,41SL (plicorán+2,4D)",Agroquímicos,2025,2025-08-20 00:00:00+00,P09,L05 LOTE SANTACRUZ I-LOTE 5,2025
ce31dda0,6f11d175,de256ae0,416.52,462.8,2,2,46.8,23.4,8.9,QuelaTech Micros,Fertilizantes,2025,2025-06-21 00:00:00+00,C01,PERLA LOTE 04,2025
ce3d7b2f,b707e5db,bfe0f583,0,0,0.5,0,3.74,7.48,,Atrazina,Agroquímicos,2025,2025-07-15 00:00:00+00,P09,L11 LOTE SANTACRUZ II-LOTE 3,2025
ce47d476,092bea23,b46d6dc9,9731.04,8514.66,8,7,232.8,29.1,41.8,"4,28N-18,52P-17,12K/5,51S+6,1MgO+0,68B+2,28Zn",Fertilizantes,2025,2025-05-25 00:00:00+00,P11,L06 LOTE 7C,2025
ce5a44d3,57da6b0c,3072d084,133.73,133.73,1.5,1.5,9.3,6.2,14.38,Gadriano 30 OD,Agroquímicos,2025,2025-08-20 00:00:00+00,G04,L05 LOTE LOMAS DE MEDANO,2025
ce641035,f45933a5,8a4ab665,84.85,143.54,0.2,0.12,1.36,6.81,62.3,Eminente 45 WG,Agroquímicos,2025,2025-06-10 00:00:00+00,P09,L01 LOTE SANTACRUZ I-LOTE 1,2025
ce68ab87,b8d8e7b6,aa72374c,77.94,484.96,3,2.5,9,3,8.66,Pendialfa 50 EC,Agroquímicos,2025,2025-05-14 00:00:00+00,P09,L14 LOTE SANTACRUZ II-LOTE 6A,2025
ced8dde3,b41c580c,3072d084,592.46,444.34,2,1.5,41.2,20.6,14.38,Gadriano 30 OD,Agroquímicos,2025,2025-07-04 00:00:00+00,G07,L02 LOTE VICTORIERO 1A,2025
ceed4be6,50b41dbd,b46d6dc9,11737.44,10270.26,8,7,280.8,35.1,41.8,"4,28N-18,52P-17,12K/5,51S+6,1MgO+0,68B+2,28Zn",Fertilizantes,2025,2025-05-30 00:00:00+00,P08,L02 LOTE-02,2025
cf23ed10,8937141a,5438a6c7,180,0,0.1,,3,30,60,BTKIMAX PLUS PM,Agroquímicos,2025,2025-07-07 00:00:00+00,P07,L02 LOTE 3B,2025
cf4c7c7c,84567a0e,cc210393,11.78,11.78,0.2,0.2,0.92,4.6,12.8,CatheClean,Agroquímicos,2025,2025-07-08 00:00:00+00,P06,L04 LOTE-03 B,2025
cf4e34a0,473ee342,de6596dc,6.73,9.72,0.045,0.065,0.15,3.4,44,Grafito,Semillas,2025,2025-05-25 00:00:00+00,G01,L03 LOTE DETRÁS DE LA CASA B,2025
cf5df901,f45933a5,de256ae0,60.61,341.76,1,2,6.81,6.81,8.9,QuelaTech Micros,Fertilizantes,2025,2025-06-10 00:00:00+00,P09,L01 LOTE SANTACRUZ I-LOTE 1,2025
cf61a7b9,63fccba3,790b615c,40.65,0,0.3,0,4.11,13.7,9.89,Yamur 25EW,Agroquímicos,2025,2025-08-15 00:00:00+00,G05,L09 LOTE RAMIREZ B,2025
cf71099d,4f1f83bb,cc210393,244.99,81.66,0.6,0.2,19.14,31.9,12.8,CatheClean,Agroquímicos,2025,2025-08-20 00:00:00+00,P09,L05 LOTE SANTACRUZ I-LOTE 5,2025
cf74ca30,ca175d5f,73a629e4,346.06,692.12,0.5,1,16.55,33.1,20.91,Jupiter 25 EC (piraclostrobina),Agroquímicos,2025,2025-08-13 00:00:00+00,G07,L01 LOTE SAMANCITO,2025
cf773721,0b573e66,d19aa794,52.91,0,0.3,,1.77,5.9,29.89,Super Barre 55 EC,Agroquímicos,2025,2025-07-08 00:00:00+00,P05,L02 LOTE EL PALMAR 2,2025
cf91b016,7e9ef8b7,8a4ab665,137.06,171.95,0.2,0.12,2.2,11,62.3,Eminente 45 WG,Agroquímicos,2025,2025-08-21 00:00:00+00,P03,L09 LOTE L2C,2025
cfa219ea,b983f2fb,de256ae0,89.18,243.86,2,2,10.02,5.01,8.9,QuelaTech Micros,Fertilizantes,2025,2025-07-25 00:00:00+00,P08,L07 LOTE 3B 2,2025
cfbc9829,038d1524,bfe0f583,0,0,2,0,16,8,,Atrazina,Agroquímicos,2025,2025-08-19 00:00:00+00,G03,L13 LOTE LOS CARO-02 B,2025
cfc7c1e3,7601064e,de256ae0,150.05,453.9,1,2,16.86,16.86,8.9,QuelaTech Micros,Fertilizantes,2025,2025-07-06 00:00:00+00,P09,L13 LOTE SANTACRUZ II-LOTE 5B,2025
d0081653,7e9ef8b7,73a629e4,115.01,480.93,0.5,1,5.5,11,20.91,Jupiter 25 EC (piraclostrobina),Agroquímicos,2025,2025-08-21 00:00:00+00,P03,L09 LOTE L2C,2025
d013b3a8,86f5ac28,cc210393,47.36,47.36,0.2,0.2,3.7,18.5,12.8,CatheClean,Agroquímicos,2025,2025-06-16 00:00:00+00,G05,L03 LOTE LA PIEDRA,2025
d04300a2,cf0bf609,b46d6dc9,2220.42,4740.12,8,7,53.12,6.64,41.8,"4,28N-18,52P-17,12K/5,51S+6,1MgO+0,68B+2,28Zn",Fertilizantes,2025,2025-05-18 00:00:00+00,P09,L12 LOTE SANTACRUZ II-LOTE 5A,2025
d06c70aa,1dd78eca,3072d084,795.61,718.93,1.66,1.5,55.33,33.33,14.38,Gadriano 30 OD,Agroquímicos,2025,2025-07-03 00:00:00+00,G03,L10 LOTE LA TRINCHERA B,2025
d0c90e8a,18d93e22,cc210393,49.41,120.32,0.1,0.2,3.86,38.6,12.8,CatheClean,Agroquímicos,2025,2025-07-03 00:00:00+00,G06,L02 LA REPRESA LOTE A,2025
d0ea9627,64267964,de256ae0,418.3,542.9,2,2,47,23.5,8.9,QuelaTech Micros,Fertilizantes,2025,2025-08-20 00:00:00+00,P03,L14 LOTE LAS 60 A LOTE,2025
d0ef7bd3,d9b30bb0,bdac1da2,15033.6,0,4.8,0,83.52,17.4,180,Cal dolomítica,Enmienda,2025,2025-05-22 00:00:00+00,G02,L01 LOTE EL TANQUE-A,2025
d1001267,a84f7596,cc210393,40.61,60.16,0.135,0.2,3.17,23.5,12.8,CatheClean,Agroquímicos,2025,2025-08-11 00:00:00+00,G05,L07 LOTE MATA PALO,2025
d104de7d,e8c7419a,3072d084,338.65,338.65,1.5,1.5,23.55,15.7,14.38,Gadriano 30 OD,Agroquímicos,2025,2025-06-20 00:00:00+00,P04,L02 LOTE-02,2025
d10578b4,e0b54c97,aa72374c,86.6,147.22,2.5,2.5,10,4,8.66,Pendialfa 50 EC,Agroquímicos,2025,2025-05-24 00:00:00+00,P03,L07 LOTE L2A,2025
d11c8605,55f72768,b46d6dc9,6052.64,5296.06,8,7,144.8,18.1,41.8,"4,28N-18,52P-17,12K/5,51S+6,1MgO+0,68B+2,28Zn",Fertilizantes,2025,2025-05-27 00:00:00+00,P11,L02 LOTE 5B,2025
d140eda0,399cb67c,ebc8d614,727.31,1794.24,4,3.5,27.24,6.81,26.7,"Nitro Evolution: 40-00-00/5,76S",Fertilizantes,2025,2025-06-10 00:00:00+00,P09,L01 LOTE SANTACRUZ I-LOTE 1,2025
d142bc4a,c928a5e1,3072d084,575.2,452.97,2,1.5,40,20,14.38,Gadriano 30 OD,Agroquímicos,2025,2025-05-28 00:00:00+00,C01,PERLA LOTE 01,2025
d15c2516,0f2fe728,cc210393,39.04,78.08,0.1,0.2,3.05,30.5,12.8,CatheClean,Agroquímicos,2025,2025-08-21 00:00:00+00,P03,L15 LOTE LAS 60 B,2025
d15ead76,e7898031,790b615c,27.59,0,0.3,0,2.79,9.3,9.89,Yamur 25EW,Agroquímicos,2025,2025-07-08 00:00:00+00,G03,L01 LOTE ALFARERO A,2025
d16d1dbd,ac0dfeef,b275b7cf,2228.8,4358.2,4,5.5,79.6,19.9,28,"25,46N-00P-21,81K/3,66S",Fertilizantes,2025,2025-07-03 00:00:00+00,G06,L03 LA REPRESA LOTE B,2025
d16f8d88,f2651ee8,8a4ab665,16.32,143.54,0.2,0.12,0.26,1.31,62.3,Eminente 45 WG,Agroquímicos,2025,2025-06-05 00:00:00+00,P09,L01 LOTE SANTACRUZ I-LOTE 1,2025
d1954450,5ae6d721,cc210393,33.6,63.23,0.25,0.2,2.63,10.5,12.8,CatheClean,Agroquímicos,2025,2025-06-05 00:00:00+00,P09,L08 LOTE SANTACRUZ II-LOTE 1,2025
d1b8e866,db2bf835,50ea012e,294.36,405.24,3,3,66.9,22.3,4.4,Alfasato 48 SL (glifosato),Agroquímicos,2025,2025-06-01 00:00:00+00,G06,L04 LA REPRESA LOTE C,2025
d1e8cda2,28824d28,8a4ab665,179.42,107.65,0.2,0.12,2.88,14.4,62.3,Eminente 45 WG,Agroquímicos,2025,2025-06-09 00:00:00+00,P11,L07 LOTE-08,2025
d216ee59,ee4b6c68,3072d084,342.96,342.96,1.5,1.5,23.85,15.9,14.38,Gadriano 30 OD,Agroquímicos,2025,2025-06-20 00:00:00+00,P04,L04 LOTE 25 ha A,2025
d24d9fe5,15b5c367,c1d751bb,255.96,511.92,0.1,0.2,3.16,31.6,81,Bacillus Thuringiensis,Agroquímicos,2025,2025-07-10 00:00:00+00,P09,L16 LOTE SANTACRUZ II-LOTE 9 Y 10,2025
d24e78ba,78d9c6d7,cc210393,19.71,74.5,0.1,0.2,1.54,15.4,12.8,CatheClean,Agroquímicos,2025,2025-06-09 00:00:00+00,P11,L06 LOTE 7C,2025
d27dadff,2d137843,3072d084,575.2,431.4,2,1.5,40,20,14.38,Gadriano 30 OD,Agroquímicos,2025,2025-06-21 00:00:00+00,P06,L03 LOTE-03 A,2025
d28994fb,79044130,f886ec2d,38.84,38.29,0.5,0.5,7.1,14.2,5.47,"SoloPasto 30,41SL (plicorán+2,4D)",Agroquímicos,2025,2025-06-23 00:00:00+00,P03,L12 LOTE L2E,2025
d29d2ab6,0b363115,44237940,39,112.32,2,1.5,10,5,3.9,Alfaxone Super 20 SL,Agroquímicos,2025,2025-05-11 00:00:00+00,P09,L01 LOTE SANTACRUZ I-LOTE 1,2025
d2a30dcd,1371c631,cc210393,97.92,65.28,0.3,0.2,7.65,25.5,12.8,CatheClean,Agroquímicos,2025,2025-05-11 00:00:00+00,P09,L13 LOTE SANTACRUZ II-LOTE 5B,2025
d2ca9bce,7953b6db,f886ec2d,30.52,76.31,0.2,0.5,5.58,27.9,5.47,"SoloPasto 30,41SL (plicorán+2,4D)",Agroquímicos,2025,2025-08-06 00:00:00+00,G07,L03 LOTE VICTORIERO 1B,2025
d2d2abcc,0f20153f,b6a9d42e,1237.6,1237.6,1.3,1.3,8.84,6.8,140,Maíz: Danac-029 c/fortenza duo,Semillas,2025,2025-05-24 00:00:00+00,P03,L07 LOTE L2A,2025
d301925a,1d3a8fe0,de256ae0,534,534,2,2,60,30,8.9,QuelaTech Micros,Fertilizantes,2025,2025-08-12 00:00:00+00,G02,L05 LA CAGADA,2025
d302c046,2503355c,c1d751bb,56.7,113.4,0.1,0.2,0.7,7,81,Bacillus Thuringiensis,Agroquímicos,2025,2025-07-31 00:00:00+00,G01,L08 LOTE EL MANGO C,2025
d311b306,0825fce9,8a4ab665,82.73,121.11,0.2,0.12,1.33,6.64,62.3,Eminente 45 WG,Agroquímicos,2025,2025-07-10 00:00:00+00,P09,L12 LOTE SANTACRUZ II-LOTE 5A,2025
d31adfa0,c0b35895,b275b7cf,3561.6,5482.4,4,5.5,127.2,31.8,28,"25,46N-00P-21,81K/3,66S",Fertilizantes,2025,2025-07-08 00:00:00+00,P09,L11 LOTE SANTACRUZ II-LOTE 3,2025
d325e6d6,9f36777e,50ea012e,116.16,116.16,3,3,26.4,8.8,4.4,Alfasato 48 SL (glifosato),Agroquímicos,2025,2025-05-13 00:00:00+00,G01,L05 LOTE EL DRAGAL 2-1,2025
d3343b1f,4144f79e,cc210393,38.02,76.03,0.1,0.2,2.97,29.7,12.8,CatheClean,Agroquímicos,2025,2025-06-26 00:00:00+00,P11,L05 LOTE 7B,2025
d34b689e,8901f753,790b615c,76.25,0,0.3,0,7.71,25.7,9.89,Yamur 25EW,Agroquímicos,2025,2025-08-15 00:00:00+00,G05,L08 LOTE RAMIREZ A,2025
d38157e9,b2a8690f,50ea012e,457.6,343.2,4,3,104,26,4.4,Alfasato 48 SL (glifosato),Agroquímicos,2025,2025-05-01 00:00:00+00,C01,PERLA LOTE 04,2025
d38875fe,0c13ae8f,cc210393,7.3,14.59,0.1,0.2,0.57,5.7,12.8,CatheClean,Agroquímicos,2025,2025-08-20 00:00:00+00,G04,L04 LOTE LOMA BARRIGA,2025
d396278e,43e80d7b,2a279588,175.3,233.74,0.045,0.06,0.98,21.8,178.7,MyCossed,Agroquímicos,2025,2025-06-01 00:00:00+00,G03,L09 LOTE LA TRINCHERA A,2025
d39d8339,4ba1bbcd,b46d6dc9,3218.6,4389,7,7,77,11,41.8,"4,28N-18,52P-17,12K/5,51S+6,1MgO+0,68B+2,28Zn",Fertilizantes,2025,2025-05-30 00:00:00+00,C01,L11 LOTE PATRIX,2025
d3ac9893,16406399,cc210393,43.2,44.54,0.225,0.2,3.38,15,12.8,CatheClean,Agroquímicos,2025,2025-06-03 00:00:00+00,G02,L01 LOTE EL TANQUE-A,2025
d3b4cfe3,7d864fc0,de256ae0,312.39,624.78,1,2,35.1,35.1,8.9,QuelaTech Micros,Fertilizantes,2025,2025-07-01 00:00:00+00,P08,L02 LOTE-02,2025
d3bc6137,3ce5df03,cc210393,76.8,51.2,0.3,0.2,6,20,12.8,CatheClean,Agroquímicos,2025,2025-05-29 00:00:00+00,P06,L03 LOTE-03 A,2025
d3c87117,f7e4c2ae,ce31a1fd,1528.8,0,1.3,0,10.92,8.4,140,Maíz: Danac-430 c/fortenza duo,Semillas,2025,2025-06-02 00:00:00+00,G06,L03 LA REPRESA LOTE B,2025
d3f46d01,2a6c53c7,50ea012e,272.8,382.8,4,3,62,15.5,4.4,Alfasato 48 SL (glifosato),Agroquímicos,2025,2025-04-30 00:00:00+00,C01,PERLA LOTE 06,2025
d4053172,07a7604b,8a4ab665,221.66,148.77,0.2,0.12,3.56,17.79,62.3,Eminente 45 WG,Agroquímicos,2025,2025-07-28 00:00:00+00,P09,L10 LOTE SANTACRUZ II-LOTE 2B,2025
d42eb6af,dd186869,f886ec2d,81.23,81.23,0.5,0.5,14.85,29.7,5.47,"SoloPasto 30,41SL (plicorán+2,4D)",Agroquímicos,2025,2025-05-13 00:00:00+00,P11,L05 LOTE 7B,2025
d43300dc,3258064e,bca12c05,218.66,0,0.25,0,6.5,26,33.64,Alfasystin,Agroquímicos,2025,2025-07-02 00:00:00+00,G03,L08 EL DESQUITE B,2025
d43b01f1,cbe728e9,2a279588,69.69,64.33,0.065,0.06,0.39,6,178.7,MyCossed,Agroquímicos,2025,2025-06-24 00:00:00+00,P03,L19 LOTE L2F,2025
d45a9d15,8901f753,8a4ab665,320.22,192.13,0.2,0.12,5.14,25.7,62.3,Eminente 45 WG,Agroquímicos,2025,2025-08-15 00:00:00+00,G05,L08 LOTE RAMIREZ A,2025
d45e9da3,b1a26da3,7a071d0e,7238,0,1.4,0,32.9,23.5,220,Lucino,Semillas,2025,2025-07-23 00:00:00+00,P03,L15 LOTE LAS 60 B,2025
d480bd93,23192f46,d19aa794,143.47,0,0.5,,4.8,9.6,29.89,Super Barre 55 EC,Agroquímicos,2025,2025-08-12 00:00:00+00,G01,L01 LOTE DETRÁS DE LA CASA OESTE,2025
d489a74f,90eaf18f,50ea012e,72.6,72.6,3,3,16.5,5.5,4.4,Alfasato 48 SL (glifosato),Agroquímicos,2025,2025-05-22 00:00:00+00,G01,L07 LOTE EL DRAGAL 1-1,2025
d499ca53,9cf0705e,cc210393,76.8,50.94,0.6,0.2,6,10,12.8,CatheClean,Agroquímicos,2025,2025-05-08 00:00:00+00,P09,L10 LOTE SANTACRUZ II-LOTE 2B,2025
d4b036d9,1972b411,de256ae0,283.02,633.68,1,2,31.8,31.8,8.9,QuelaTech Micros,Fertilizantes,2025,2025-07-20 00:00:00+00,P09,L11 LOTE SANTACRUZ II-LOTE 3,2025
d4b51db2,99221891,de6596dc,88,57.2,0.1,0.065,2,20,44,Grafito,Semillas,2025,2025-06-04 00:00:00+00,P06,L03 LOTE-03 A,2025
d4ca2c08,7545fd00,ebc8d614,911,1700.79,4,3.5,34.12,8.53,26.7,"Nitro Evolution: 40-00-00/5,76S",Fertilizantes,2025,2025-07-17 00:00:00+00,P09,L15 LOTE SANTACRUZ II-LOTE 6B,2025
d4e4fb99,45881120,c2541310,26.81,80.42,0.1,0.3,1.59,15.9,16.86,Alfamilo 90SP,Agroquímicos,2025,2025-05-06 00:00:00+00,P04,L04 LOTE 25 ha A,2025
d4ecb2a5,3e7fa197,ebc8d614,1401.75,1401.75,3.5,3.5,52.5,15,26.7,"Nitro Evolution: 40-00-00/5,76S",Fertilizantes,2025,2025-07-02 00:00:00+00,C01,L11 LOTE PATRIX,2025
d4ffc1ae,d31d0951,8a4ab665,302.78,181.67,0.2,0.12,4.86,24.3,62.3,Eminente 45 WG,Agroquímicos,2025,2025-07-13 00:00:00+00,G03,L06 CASA DE TABLA ARRIBA B,2025
d52eeb41,55fd6e56,8a4ab665,292.81,175.69,0.2,0.12,4.7,23.5,62.3,Eminente 45 WG,Agroquímicos,2025,2025-08-11 00:00:00+00,G05,L07 LOTE MATA PALO,2025
d52f95b6,473ee342,2a279588,27.34,36.45,0.045,0.06,0.15,3.4,178.7,MyCossed,Agroquímicos,2025,2025-05-25 00:00:00+00,G01,L03 LOTE DETRÁS DE LA CASA B,2025
d53ace3b,c5711f6e,f886ec2d,77.13,77.13,0.5,0.5,14.1,28.2,5.47,"SoloPasto 30,41SL (plicorán+2,4D)",Agroquímicos,2025,2025-04-29 00:00:00+00,P02,L01 LOTE 1A,2025
d55960fd,8fef547a,aa72374c,294.44,368.05,2,2.5,34,17,8.66,Pendialfa 50 EC,Agroquímicos,2025,2025-05-24 00:00:00+00,G04,L07 LOTE B,2025
d56ad268,1972b411,de256ae0,35.6,633.68,1,2,4,4,8.9,QuelaTech Micros,Fertilizantes,2025,2025-07-28 00:00:00+00,P09,L11 LOTE SANTACRUZ II-LOTE 3,2025
d5746818,1860094c,ebc8d614,704.88,822.36,3,3.5,26.4,8.8,26.7,"Nitro Evolution: 40-00-00/5,76S",Fertilizantes,2025,2025-08-05 00:00:00+00,G01,L05 LOTE EL DRAGAL 2-1,2025
d5b70994,3fd2c428,3072d084,64.71,483.17,1.5,1.5,4.5,3,14.38,Gadriano 30 OD,Agroquímicos,2025,2025-06-05 00:00:00+00,P09,L14 LOTE SANTACRUZ II-LOTE 6A,2025
d5bb095a,6bedb85e,790b615c,96.72,0,0.3,0,9.78,32.6,9.89,Yamur 25EW,Agroquímicos,2025,2025-07-14 00:00:00+00,G05,L01 LOTE BAJO DE LOMA,2025
d5ee677b,2986c7d3,b46d6dc9,4593.82,4593.82,7,7,109.9,15.7,41.8,"4,28N-18,52P-17,12K/5,51S+6,1MgO+0,68B+2,28Zn",Fertilizantes,2025,2025-05-16 00:00:00+00,P04,L02 LOTE-02,2025
d5ff088d,adf34f00,8a4ab665,397.47,238.48,0.2,0.12,6.38,31.9,62.3,Eminente 45 WG,Agroquímicos,2025,2025-06-10 00:00:00+00,P09,L05 LOTE SANTACRUZ I-LOTE 5,2025
d6119424,b0dd49b4,b6a9d42e,1394.4,2948.4,1.5,1.3,9.96,6.64,140,Maíz: Danac-029 c/fortenza duo,Semillas,2025,2025-05-18 00:00:00+00,P09,L12 LOTE SANTACRUZ II-LOTE 5A,2025
d613a6c8,8423bd85,7a071d0e,5181,0,1.5,0,23.55,15.7,220,Lucino,Semillas,2025,2025-06-30 00:00:00+00,P03,L11 LOTE L2D2,2025
d692d444,8465ee18,2a279588,195140.4,225.16,52,0.06,1092,21,178.7,MyCossed,Agroquímicos,2025,2025-05-19 00:00:00+00,C01,PERLA LOTE 01,2025
d6a203d2,c5711f6e,50ea012e,496.32,372.24,4,3,112.8,28.2,4.4,Alfasato 48 SL (glifosato),Agroquímicos,2025,2025-04-29 00:00:00+00,P02,L01 LOTE 1A,2025
d6b0f674,43eb1004,de256ae0,475.26,475.26,2,2,53.4,26.7,8.9,QuelaTech Micros,Fertilizantes,2025,2025-07-08 00:00:00+00,G03,L02 LOTE ALFARERO B,2025
d6b9513c,34cb2f74,2a279588,228.38,264.83,0.09,0.06,1.28,14.2,178.7,MyCossed,Agroquímicos,2025,2025-05-11 00:00:00+00,P09,L08 LOTE SANTACRUZ II-LOTE 1,2025
d6bf2ac3,1f23c120,ebc8d614,3093.2,3093.2,3.5,3.5,115.85,33.1,26.7,"Nitro Evolution: 40-00-00/5,76S",Fertilizantes,2025,2025-07-11 00:00:00+00,G07,L01 LOTE SAMANCITO,2025
d6bff756,002af2f0,50ea012e,72.6,72.6,3,3,16.5,5.5,4.4,Alfasato 48 SL (glifosato),Agroquímicos,2025,2025-05-13 00:00:00+00,G01,L07 LOTE EL DRAGAL 1-1,2025
d6c9c38b,f564eb51,de256ae0,170.88,170.88,2,2,19.2,9.6,8.9,QuelaTech Micros,Fertilizantes,2025,2025-07-31 00:00:00+00,G01,L01 LOTE DETRÁS DE LA CASA OESTE,2025
d6ec6773,a076e26b,b6a9d42e,1470,1274,1.5,1.3,10.5,7,140,Maíz: Danac-029 c/fortenza duo,Semillas,2025,2025-05-17 00:00:00+00,G01,L08 LOTE EL MANGO C,2025
d6f3e9af,8676cae9,50ea012e,286.88,215.16,4,3,65.2,16.3,4.4,Alfasato 48 SL (glifosato),Agroquímicos,2025,2025-05-05 00:00:00+00,P04,L03 LOTE-03,2025
d6f44e09,9bbbe87e,aa72374c,306.56,255.47,3,2.5,35.4,11.8,8.66,Pendialfa 50 EC,Agroquímicos,2025,2025-06-04 00:00:00+00,P06,L02 LOTE-02,2025
d6feae81,1edc9f84,79e8c679,647.64,647.64,4,4,102.8,25.7,6.3,Pasto: Brachiara Ruziziensis,Semillas,2025,2025-08-15 00:00:00+00,G05,L08 LOTE RAMIREZ A,2025
d71a5302,c08ae1d5,d73f9b82,0,0,1,,27.2,27.2,,Alfavin,Agroquímicos,2025,2025-08-12 00:00:00+00,G01,L02 LOTE LOS MANGOS,2025
d727831a,894861a6,50ea012e,123.2,402.6,4,3,28,7,4.4,Alfasato 48 SL (glifosato),Agroquímicos,2025,2025-07-09 00:00:00+00,P03,L15 LOTE LAS 60 B,2025
d73a9ac7,1e8ffb0c,2a279588,182.27,289.49,0.06,0.06,1.02,17,178.7,MyCossed,Agroquímicos,2025,2025-05-27 00:00:00+00,P11,L03 LOTE-06,2025
d73ad81f,4bbe984c,b6a9d42e,3166.8,3166.8,1.3,1.3,22.62,17.4,140,Maíz: Danac-029 c/fortenza duo,Semillas,2025,2025-06-02 00:00:00+00,G02,L01 LOTE EL TANQUE-A,2025
d7543212,4dc44f74,de6596dc,63.14,82.08,0.05,0.065,1.44,28.7,44,Grafito,Semillas,2025,2025-06-02 00:00:00+00,G05,L06 LOTE LOMA 2,2025
d773d4e1,7601064e,b57fd6f9,137.32,0,0.45,,7.59,16.86,18.1,Agripega 100,Agroquímicos,2025,2025-07-11 00:00:00+00,P09,L13 LOTE SANTACRUZ II-LOTE 5B,2025
d77a9732,a91d0f8f,c2541310,30.35,163.37,0.1,0.3,1.8,18,16.86,Alfamilo 90SP,Agroquímicos,2025,2025-05-11 00:00:00+00,P09,L04 LOTE SANTACRUZ I-LOTE 4,2025
d789aacd,f5a3961c,de256ae0,388.49,517.98,1.5,2,43.65,29.1,8.9,QuelaTech Micros,Fertilizantes,2025,2025-07-03 00:00:00+00,G02,L04 LOS BECERROS,2025
d7b08b31,1b24e237,f886ec2d,71.11,81.23,0.5,0.5,13,26,5.47,"SoloPasto 30,41SL (plicorán+2,4D)",Agroquímicos,2025,2025-06-23 00:00:00+00,P03,L11 LOTE L2D2,2025
d7b1cc6d,4b36b409,bca12c05,224.55,0,0.25,0,6.68,26.7,33.64,Alfasystin,Agroquímicos,2025,2025-07-02 00:00:00+00,G03,L02 LOTE ALFARERO B,2025
d801ba82,6643d357,aa72374c,497.95,497.95,2.5,2.5,57.5,23,8.66,Pendialfa 50 EC,Agroquímicos,2025,2025-06-30 00:00:00+00,P03,L16 LOTE LOS MANGOS,2025
d80273fa,d8cbccf9,ebc8d614,1177.47,1373.72,3,3.5,44.1,14.7,26.7,"Nitro Evolution: 40-00-00/5,76S",Fertilizantes,2025,2025-07-08 00:00:00+00,G05,L05 LOTE LOMA 1,2025
d80e2133,f5a3961c,73a629e4,304.24,608.48,0.5,1,14.55,29.1,20.91,Jupiter 25 EC (piraclostrobina),Agroquímicos,2025,2025-07-03 00:00:00+00,G02,L04 LOS BECERROS,2025
d81f1ba4,4794c8e9,bca12c05,146.33,0,0.25,0,4.35,17.4,33.64,Alfasystin,Agroquímicos,2025,2025-06-18 00:00:00+00,G02,L01 LOTE EL TANQUE-A,2025
d8221bde,0b363115,aa72374c,28.36,415.68,2.5,2.5,3.28,1.31,8.66,Pendialfa 50 EC,Agroquímicos,2025,2025-05-06 00:00:00+00,P09,L01 LOTE SANTACRUZ I-LOTE 1,2025
d82424a9,c2fcae6b,2a279588,360.26,240.17,0.09,0.06,2.02,22.4,178.7,MyCossed,Agroquímicos,2025,2025-05-16 00:00:00+00,P03,L08 LOTE L2B,2025
d837135e,6643d357,2a279588,246.61,246.61,0.06,0.06,1.38,23,178.7,MyCossed,Agroquímicos,2025,2025-06-30 00:00:00+00,P03,L16 LOTE LOS MANGOS,2025
d843fabf,63fccba3,790b615c,85.15,0,0.3,0,8.61,28.7,9.89,Yamur 25EW,Agroquímicos,2025,2025-08-12 00:00:00+00,G05,L09 LOTE RAMIREZ B,2025
d862bda2,f7e4c2ae,b6a9d42e,3621.8,5150.6,1.3,1.3,25.87,19.9,140,Maíz: Danac-029 c/fortenza duo,Semillas,2025,2025-06-01 00:00:00+00,G06,L03 LA REPRESA LOTE B,2025
d8afb9a3,a91d0f8f,44237940,140.4,188.96,2,1.5,36,18,3.9,Alfaxone Super 20 SL,Agroquímicos,2025,2025-05-11 00:00:00+00,P09,L04 LOTE SANTACRUZ I-LOTE 4,2025
d8cb51db,767581fa,f886ec2d,112.41,41.03,1.5,0.5,20.55,13.7,5.47,"SoloPasto 30,41SL (plicorán+2,4D)",Agroquímicos,2025,2025-06-24 00:00:00+00,P08,L04 LOTE 3B 1,2025
d8d2e22f,b224fed3,c2541310,145.42,174.5,0.25,0.3,8.63,34.5,16.86,Alfamilo 90SP,Agroquímicos,2025,2025-06-19 00:00:00+00,P08,L01 LOTE-01,2025
d8dd5e6f,6c1b541a,44237940,335.79,167.9,3,1.5,86.1,28.7,3.9,Alfaxone Super 20 SL,Agroquímicos,2025,2025-08-12 00:00:00+00,G05,L09 LOTE RAMIREZ B,2025
d8eb12bd,dc587adc,de6596dc,128.04,83.23,0.1,0.065,2.91,29.1,44,Grafito,Semillas,2025,2025-05-25 00:00:00+00,P11,L06 LOTE 7C,2025
d903b139,b8d8e7b6,c2541310,12.65,113.3,0.25,0.3,0.75,3,16.86,Alfamilo 90SP,Agroquímicos,2025,2025-05-14 00:00:00+00,P09,L14 LOTE SANTACRUZ II-LOTE 6A,2025
d9054580,717c0a67,50ea012e,211.2,158.4,4,3,48,12,4.4,Alfasato 48 SL (glifosato),Agroquímicos,2025,2025-05-20 00:00:00+00,C01,LOTE JUANCHO,2025
d90e32da,6dc3e147,de6596dc,35.05,50.62,0.045,0.065,0.8,17.7,44,Grafito,Semillas,2025,2025-05-24 00:00:00+00,G01,L06 LOTE EL DRAGAL 4B,2025
d916f48b,7d18d60e,e1ff11f4,0,0,1000,1,21200,21.2,,Pase de rastra,Enmienda,2025,2025-05-06 00:00:00+00,G04,L02 LOTE CIRUELA ARRIBA,2025
d920c5ab,a5cbd67f,44237940,131.04,131.04,1.5,1.5,33.6,22.4,3.9,Alfaxone Super 20 SL,Agroquímicos,2025,2025-06-22 00:00:00+00,P03,L08 LOTE L2B,2025
d937ad52,d46f60fe,73a629e4,170.42,340.83,0.5,1,8.15,16.3,20.91,Jupiter 25 EC (piraclostrobina),Agroquímicos,2025,2025-06-20 00:00:00+00,P04,L03 LOTE-03,2025
d948746a,207a36a8,bdac1da2,1263.6,0,0.3,0,7.02,23.4,180,Cal dolomítica,Enmienda,2025,2025-05-09 00:00:00+00,G03,L05 CASA DE TABLA ARRIBA A,2025
d94d4799,31458738,f886ec2d,77.13,72.48,0.5,0.5,14.1,28.2,5.47,"SoloPasto 30,41SL (plicorán+2,4D)",Agroquímicos,2025,2025-05-15 00:00:00+00,P02,L02 LOTE 1B,2025
d96e6217,b4b6a79a,bdac1da2,1220.4,0,0.3,0,6.78,22.6,180,Cal dolomítica,Enmienda,2025,2025-05-12 00:00:00+00,G03,L07 EL DESQUITE A,2025
d985316d,1b85f802,79e8c679,234.36,234.36,4,4,37.2,9.3,6.3,Pasto: Brachiara Ruziziensis,Semillas,2025,2025-07-03 00:00:00+00,G01,L04 LOTE EL DRAGAL 2B,2025
d994dca2,b8842302,bca12c05,543.29,0,0.5,0,16.15,32.3,33.64,Alfasystin,Agroquímicos,2025,2025-06-05 00:00:00+00,P09,L04 LOTE SANTACRUZ I-LOTE 4,2025
d9ae6160,0f5eeec5,50ea012e,417.12,312.84,4,3,94.8,23.7,4.4,Alfasato 48 SL (glifosato),Agroquímicos,2025,2025-05-15 00:00:00+00,P02,L05 LOTE-03,2025
d9b40c9b,a1379bbf,ebc8d614,429.87,429.87,3.5,3.5,16.1,4.6,26.7,"Nitro Evolution: 40-00-00/5,76S",Fertilizantes,2025,2025-07-09 00:00:00+00,P06,L04 LOTE-03 B,2025
d9fa7664,2d424805,50ea012e,230.56,172.92,4,3,52.4,13.1,4.4,Alfasato 48 SL (glifosato),Agroquímicos,2025,2025-05-15 00:00:00+00,P02,L04 LOTE 2B,2025
d9fb88be,88d1d1fd,cc210393,62.21,62.21,0.2,0.2,4.86,24.3,12.8,CatheClean,Agroquímicos,2025,2025-08-18 00:00:00+00,G03,L06 CASA DE TABLA ARRIBA B,2025
da058985,6e18bad0,b275b7cf,2004.8,2756.6,4,5.5,71.6,17.9,28,"25,46N-00P-21,81K/3,66S",Fertilizantes,2025,2025-08-20 00:00:00+00,P09,"L17 LOTE SANTACRUZ II-LOTE 11, 12 Y 13",2025
da28f0f6,b269a6e6,b46d6dc9,9752.36,9752.36,7,7,233.31,33.33,41.8,"4,28N-18,52P-17,12K/5,51S+6,1MgO+0,68B+2,28Zn",Fertilizantes,2025,2025-06-01 00:00:00+00,G03,L10 LOTE LA TRINCHERA B,2025
da3aaf78,64cfd163,cc210393,9.22,24.58,0.075,0.2,0.72,9.6,12.8,CatheClean,Agroquímicos,2025,2025-07-31 00:00:00+00,G01,L01 LOTE DETRÁS DE LA CASA OESTE,2025
da3fbdb9,b5f47588,50ea012e,564.96,423.72,4,3,128.4,32.1,4.4,Alfasato 48 SL (glifosato),Agroquímicos,2025,2025-05-15 00:00:00+00,P02,L11 LOTE-09,2025
da446ef4,8e18c825,f886ec2d,127.18,42.39,1.5,0.5,23.25,15.5,5.47,"SoloPasto 30,41SL (plicorán+2,4D)",Agroquímicos,2025,2025-06-24 00:00:00+00,P08,L03 LOTE 3A,2025
da4695e8,7c64d46f,b6a9d42e,3192,4950.4,1.5,1.3,22.8,15.2,140,Maíz: Danac-029 c/fortenza duo,Semillas,2025,2025-07-31 00:00:00+00,G01,L02 LOTE LOS MANGOS,2025
da48e5d4,b3ca8b80,790b615c,67.05,0,0.3,0,6.78,22.6,9.89,Yamur 25EW,Agroquímicos,2025,2025-07-13 00:00:00+00,G03,L07 EL DESQUITE A,2025
da4ca74a,7ba77497,73a629e4,156.83,313.65,0.5,1,7.5,15,20.91,Jupiter 25 EC (piraclostrobina),Agroquímicos,2025,2025-07-08 00:00:00+00,P06,L05 LOTE-03 C,2025
da617776,b707e5db,c1d751bb,60.59,576.72,0.1,0.2,0.75,7.48,81,Bacillus Thuringiensis,Agroquímicos,2025,2025-07-15 00:00:00+00,P09,L11 LOTE SANTACRUZ II-LOTE 3,2025
da6629b8,bbbdc86c,e1ff11f4,0,0,1,1,20.8,20.8,,Pase de rastra,Enmienda,2025,2025-04-29 00:00:00+00,G04,L06 LOTE A,2025
da93ffda,25fd1034,de256ae0,462.8,462.8,2,2,52,26,8.9,QuelaTech Micros,Fertilizantes,2025,2025-07-13 00:00:00+00,G03,L08 EL DESQUITE B,2025
da94fae6,e7898031,8a4ab665,115.88,69.53,0.2,0.12,1.86,9.3,62.3,Eminente 45 WG,Agroquímicos,2025,2025-07-08 00:00:00+00,G03,L01 LOTE ALFARERO A,2025
da9f2f4d,532264eb,3072d084,627.69,627.69,1.5,1.5,43.65,29.1,14.38,Gadriano 30 OD,Agroquímicos,2025,2025-08-24 00:00:00+00,G02,L04 LOS BECERROS,2025
daae49a4,d5be768a,2a279588,331.31,331.31,0.06,0.06,1.85,30.9,178.7,MyCossed,Agroquímicos,2025,2025-06-06 00:00:00+00,G03,L15 LOTE SALTO DEL MIRA A,2025
dabdb379,d1a9c8b7,c8ffca92,152,7.6,1,0.05,19,19,8,Trampa de feromonas,Agroquímicos,2025,2025-05-24 00:00:00+00,P03,L10 LOTE L2D1,2025
dad76804,0825fce9,73a629e4,69.42,338.74,0.5,1,3.32,6.64,20.91,Jupiter 25 EC (piraclostrobina),Agroquímicos,2025,2025-06-10 00:00:00+00,P09,L12 LOTE SANTACRUZ II-LOTE 5A,2025
db1a902b,884d0e5e,ebc8d614,1361.7,1588.65,3,3.5,51,17,26.7,"Nitro Evolution: 40-00-00/5,76S",Fertilizantes,2025,2025-08-05 00:00:00+00,G04,L07 LOTE B,2025
db1b6f2b,07dcff45,8a4ab665,124.6,74.76,0.2,0.12,2,10,62.3,Eminente 45 WG,Agroquímicos,2025,2025-07-31 00:00:00+00,G01,L10 LOTE EL DRAGAL 3-1,2025
db4bcac9,30de1f10,aa72374c,454.65,454.65,2.5,2.5,52.5,21,8.66,Pendialfa 50 EC,Agroquímicos,2025,2025-05-27 00:00:00+00,C01,PERLA LOTE 01,2025
db56f691,3378edec,790b615c,50.44,0,0.3,0,5.1,17,9.89,Yamur 25EW,Agroquímicos,2025,2025-08-20 00:00:00+00,G04,L07 LOTE B,2025
db826dd9,c80d14f1,c2541310,53.78,161.35,0.1,0.3,3.19,31.9,16.86,Alfamilo 90SP,Agroquímicos,2025,2025-05-14 00:00:00+00,P09,L05 LOTE SANTACRUZ I-LOTE 5,2025
db87f1e1,e8de4558,2a279588,167.26,223.02,0.045,0.06,0.94,20.8,178.7,MyCossed,Agroquímicos,2025,2025-05-25 00:00:00+00,G04,L06 LOTE A,2025
db8bad96,ffbd4454,cc210393,34.26,91.14,0.11,0.2,2.68,24.33,12.8,CatheClean,Agroquímicos,2025,2025-07-15 00:00:00+00,P09,L11 LOTE SANTACRUZ II-LOTE 3,2025
dba14619,33ada63a,cc210393,9.52,23.81,0.08,0.2,0.74,9.3,12.8,CatheClean,Agroquímicos,2025,2025-05-13 00:00:00+00,G01,L04 LOTE EL DRAGAL 2B,2025
dbaf087b,63446ea7,de6596dc,26.6,26.6,0.065,0.065,0.6,9.3,44,Grafito,Semillas,2025,2025-06-17 00:00:00+00,G03,L01 LOTE ALFARERO A,2025
dbb378a5,1972b411,cc210393,5.63,91.14,0.11,0.2,0.44,4,12.8,CatheClean,Agroquímicos,2025,2025-07-28 00:00:00+00,P09,L11 LOTE SANTACRUZ II-LOTE 3,2025
dbb83170,0c6bf241,b6a9d42e,4704,4076.8,1.5,1.3,33.6,22.4,140,Maíz: Danac-029 c/fortenza duo,Semillas,2025,2025-05-19 00:00:00+00,P03,L08 LOTE L2B,2025
dc0029bf,e28cf799,b46d6dc9,5822.74,8280.58,7,7,139.3,19.9,41.8,"4,28N-18,52P-17,12K/5,51S+6,1MgO+0,68B+2,28Zn",Fertilizantes,2025,2025-06-03 00:00:00+00,G06,L03 LA REPRESA LOTE B,2025
dc075f3d,34c8b3e9,f886ec2d,5.74,49.5,0.5,0.5,1.05,2.1,5.47,"SoloPasto 30,41SL (plicorán+2,4D)",Agroquímicos,2025,2025-05-13 00:00:00+00,P11,L02 LOTE 5B,2025
dc433523,d747c466,2a279588,221.95,193,0.069,0.06,1.24,18,178.7,MyCossed,Agroquímicos,2025,2025-06-01 00:00:00+00,P09,L09 LOTE SANTACRUZ II-LOTE 2A,2025
dc4c4fa1,ec052713,cc210393,55.81,55.81,0.2,0.2,4.36,21.8,12.8,CatheClean,Agroquímicos,2025,2025-07-03 00:00:00+00,G03,L09 LOTE LA TRINCHERA A,2025
dc6124e9,dd57772d,de256ae0,258.99,517.98,1,2,29.1,29.1,8.9,QuelaTech Micros,Fertilizantes,2025,2025-06-26 00:00:00+00,P11,L06 LOTE 7C,2025
dc62dd90,031febc3,c1d751bb,29.73,59.45,0.1,0.2,0.37,3.67,81,Bacillus Thuringiensis,Agroquímicos,2025,2025-07-02 00:00:00+00,G03,L14 LOTE LOS CARO-01,2025
dc7c14b1,0fc57d57,ebc8d614,1481.85,1728.83,3,3.5,55.5,18.5,26.7,"Nitro Evolution: 40-00-00/5,76S",Fertilizantes,2025,2025-07-08 00:00:00+00,G05,L03 LOTE LA PIEDRA,2025
dc8c88af,5d5724d9,cc210393,49.92,49.92,0.2,0.2,3.9,19.5,12.8,CatheClean,Agroquímicos,2025,2025-07-02 00:00:00+00,G03,L03 LOTE ALFARERO D,2025
dc9cf101,deb69925,cc210393,44.03,44.03,0.2,0.2,3.44,17.2,12.8,CatheClean,Agroquímicos,2025,2025-05-06 00:00:00+00,P04,L05 LOTE 25 ha B,2025
dcb026c6,90eaf18f,aa72374c,95.26,119.08,2,2.5,11,5.5,8.66,Pendialfa 50 EC,Agroquímicos,2025,2025-05-22 00:00:00+00,G01,L07 LOTE EL DRAGAL 1-1,2025
dcc73df5,ed668e52,9316143b,218.52,0,0.7,,21.7,31,10.07,Alfyrinex,Agroquímicos,2025,2025-07-21 00:00:00+00,G03,L11 LOTE LA TRINCHERA C,2025
dccb82e4,ab267fdc,0edac71f,2812.8,0,8,,80,10,35.16,"4N-17,4P-22,4K/4,6S+5,2MgO+0,68B+1,7Zn",Fertilizantes,2025,2025-07-03 00:00:00+00,P03,L18 LOTE LA LAGUNA,2025
dcd3312d,15b5c367,aa72374c,820.97,684.14,3,2.5,94.8,31.6,8.66,Pendialfa 50 EC,Agroquímicos,2025,2025-07-10 00:00:00+00,P09,L16 LOTE SANTACRUZ II-LOTE 9 Y 10,2025
dce61185,81f8c03d,8a4ab665,223.03,133.82,0.2,0.12,3.58,17.9,62.3,Eminente 45 WG,Agroquímicos,2025,2025-08-20 00:00:00+00,P09,"L17 LOTE SANTACRUZ II-LOTE 11, 12 Y 13",2025
dcffb279,f16edc1a,bca12c05,270.8,0,0.25,0,8.05,32.2,33.64,Alfasystin,Agroquímicos,2025,2025-07-04 00:00:00+00,G07,L04 LOTE VICTORIERO 1C,2025
dd035348,2756cc5d,de6596dc,92.09,92.09,0.065,0.065,2.09,32.2,44,Grafito,Semillas,2025,2025-06-15 00:00:00+00,G07,L04 LOTE VICTORIERO 1C,2025
dd24e70a,7877e4ee,ebc8d614,949.99,1859.66,2,3.5,35.58,17.79,26.7,"Nitro Evolution: 40-00-00/5,76S",Fertilizantes,2025,2025-07-22 00:00:00+00,P09,L10 LOTE SANTACRUZ II-LOTE 2B,2025
dd2a6ee2,a883b657,cc210393,28.54,78.59,0.1,0.2,2.23,22.3,12.8,CatheClean,Agroquímicos,2025,2025-07-03 00:00:00+00,G06,L04 LA REPRESA LOTE C,2025
dd2e9b27,4144f79e,9316143b,299.08,0,1,,29.7,29.7,10.07,Alfyrinex,Agroquímicos,2025,2025-06-26 00:00:00+00,P11,L05 LOTE 7B,2025
dd364f20,bcd075db,3072d084,317.08,317.08,1.5,1.5,22.05,14.7,14.38,Gadriano 30 OD,Agroquímicos,2025,2025-07-14 00:00:00+00,G05,L05 LOTE LOMA 1,2025
dd49b89a,8c9ab3f4,790b615c,62.9,0,0.3,0,6.36,21.2,9.89,Yamur 25EW,Agroquímicos,2025,2025-08-20 00:00:00+00,G04,L02 LOTE CIRUELA ARRIBA,2025
dd55ae4b,786a3acc,50ea012e,285.12,213.84,4,3,64.8,16.2,4.4,Alfasato 48 SL (glifosato),Agroquímicos,2025,2025-05-11 00:00:00+00,P09,L12 LOTE SANTACRUZ II-LOTE 5A,2025
dd7a7a94,39a0237e,b46d6dc9,2220.42,7461.3,8,7,53.12,6.64,41.8,"4,28N-18,52P-17,12K/5,51S+6,1MgO+0,68B+2,28Zn",Fertilizantes,2025,2025-05-18 00:00:00+00,P09,L13 LOTE SANTACRUZ II-LOTE 5B,2025
dd8c971f,7e9ef8b7,3072d084,183.78,496.11,2,1.5,12.78,6.39,14.38,Gadriano 30 OD,Agroquímicos,2025,2025-07-17 00:00:00+00,P03,L09 LOTE L2C,2025
ddb032aa,eeed4085,c1d751bb,279.45,558.9,0.1,0.2,3.45,34.5,81,Bacillus Thuringiensis,Agroquímicos,2025,2025-06-17 00:00:00+00,P08,L01 LOTE-01,2025
dde27173,506f89f4,b46d6dc9,2574.88,2574.88,7,7,61.6,8.8,41.8,"4,28N-18,52P-17,12K/5,51S+6,1MgO+0,68B+2,28Zn",Fertilizantes,2025,2025-05-22 00:00:00+00,G01,L05 LOTE EL DRAGAL 2-1,2025
ddf34bfb,ffa84aeb,de256ae0,181.56,181.56,2,2,20.4,10.2,8.9,QuelaTech Micros,Fertilizantes,2025,2025-08-20 00:00:00+00,G04,L03 LOTE LOMA AMARILLA,2025
de010b65,05298cd5,50ea012e,223.52,220.44,4,3,50.8,12.7,4.4,Alfasato 48 SL (glifosato),Agroquímicos,2025,2025-05-13 00:00:00+00,P11,L01 LOTE 5A,2025
de098be8,b22a7803,cc210393,44.92,81.66,0.11,0.2,3.51,31.9,12.8,CatheClean,Agroquímicos,2025,2025-06-14 00:00:00+00,P09,L05 LOTE SANTACRUZ I-LOTE 5,2025
de17adb6,586c68ce,8a4ab665,210.08,190.64,0.2,0.12,3.37,16.86,62.3,Eminente 45 WG,Agroquímicos,2025,2025-07-06 00:00:00+00,P09,L13 LOTE SANTACRUZ II-LOTE 5B,2025
de2aefa1,1a7128e5,de256ae0,103.24,341.76,1,2,11.6,11.6,8.9,QuelaTech Micros,Fertilizantes,2025,2025-07-18 00:00:00+00,P09,L01 LOTE SANTACRUZ I-LOTE 1,2025
de2ff2f4,a883b657,8a4ab665,1806.08,229.51,1.3,0.12,28.99,22.3,62.3,Eminente 45 WG,Agroquímicos,2025,2025-07-03 00:00:00+00,G06,L04 LA REPRESA LOTE C,2025
de3753c3,73647008,7a071d0e,2618,0,1.4,0,11.9,8.5,220,Lucino,Semillas,2025,2025-08-25 00:00:00+00,P03,L04 LA NEGRA,2025
de56163a,a9d222c8,7a071d0e,3630,0,1.5,0,16.5,11,220,Lucino,Semillas,2025,2025-07-09 00:00:00+00,P03,L09 LOTE L2C,2025
de586e42,6643d357,44237940,179.4,134.55,2,1.5,46,23,3.9,Alfaxone Super 20 SL,Agroquímicos,2025,2025-06-30 00:00:00+00,P03,L16 LOTE LOS MANGOS,2025
de639750,9114f243,8a4ab665,149.52,89.71,0.2,0.12,2.4,12,62.3,Eminente 45 WG,Agroquímicos,2025,2025-06-20 00:00:00+00,P06,L01 LOTE-01,2025
de751856,7dbf553d,3072d084,226.49,532.78,1.5,1.5,15.75,10.5,14.38,Gadriano 30 OD,Agroquímicos,2025,2025-06-05 00:00:00+00,P09,L08 LOTE SANTACRUZ II-LOTE 1,2025
de9e798a,4fb134d4,de6596dc,105.6,68.64,0.1,0.065,2.4,24,44,Grafito,Semillas,2025,2025-05-30 00:00:00+00,P07,L01 LOTE 3A,2025
deb5b3ca,f95dcf4f,50ea012e,190.08,190.08,3,3,43.2,14.4,4.4,Alfasato 48 SL (glifosato),Agroquímicos,2025,2025-05-20 00:00:00+00,P11,L07 LOTE-08,2025
debbf7ad,8288ab30,b275b7cf,2632,4697,4,5.5,94,23.5,28,"25,46N-00P-21,81K/3,66S",Fertilizantes,2025,2025-08-05 00:00:00+00,P03,L14 LOTE LAS 60 A LOTE,2025
debd6128,f45933a5,3072d084,118.64,414.14,1.5,1.5,8.25,5.5,14.38,Gadriano 30 OD,Agroquímicos,2025,2025-06-05 00:00:00+00,P09,L01 LOTE SANTACRUZ I-LOTE 1,2025
dee7616a,acc028e6,2a279588,214.71,286.28,0.045,0.06,1.2,26.7,178.7,MyCossed,Agroquímicos,2025,2025-06-01 00:00:00+00,G03,L02 LOTE ALFARERO B,2025
df02b5d3,c3d8e26d,bca12c05,78.21,0,0.25,0,2.33,9.3,33.64,Alfasystin,Agroquímicos,2025,2025-07-02 00:00:00+00,G03,L01 LOTE ALFARERO A,2025
df1c9f73,617b062a,c2541310,101.16,131.51,0.25,0.3,6,24,16.86,Alfamilo 90SP,Agroquímicos,2025,2025-06-21 00:00:00+00,C01,PERLA LOTE 04,2025
df2954e5,28b267c1,cc210393,26.72,42.75,0.125,0.2,2.09,16.7,12.8,CatheClean,Agroquímicos,2025,2025-05-27 00:00:00+00,G04,L01 LOTE CIRUELA ABAJO,2025
df2a5779,41666276,9316143b,203.41,0,1,,20.2,20.2,10.07,Alfyrinex,Agroquímicos,2025,2025-06-26 00:00:00+00,P11,L04 LOTE 7A,2025
df395f7c,8ef4a656,ebc8d614,1409.76,1644.72,3,3.5,52.8,17.6,26.7,"Nitro Evolution: 40-00-00/5,76S",Fertilizantes,2025,2025-08-05 00:00:00+00,G01,L11 LOTE EL DRAGAL 4-1,2025
df66b514,444a756a,bfe0f583,0,0,2,0,7.34,3.67,,Atrazina,Agroquímicos,2025,2025-08-19 00:00:00+00,G03,L14 LOTE LOS CARO-01,2025
df739933,fc4d8dc5,f886ec2d,43.49,43.49,0.5,0.5,7.95,15.9,5.47,"SoloPasto 30,41SL (plicorán+2,4D)",Agroquímicos,2025,2025-04-30 00:00:00+00,P04,L04 LOTE 25 ha A,2025
dfb7bb41,7e9ef8b7,cc210393,6.9,58.88,0.1,0.2,0.54,5.39,12.8,CatheClean,Agroquímicos,2025,2025-07-17 00:00:00+00,P03,L09 LOTE L2C,2025
dfb950c6,ca543aea,790b615c,47.18,0,0.3,0,4.77,15.9,9.89,Yamur 25EW,Agroquímicos,2025,2025-08-12 00:00:00+00,G05,L02 LOTE COCO LOMA GRANDE,2025
dfe239b7,1a5d20e3,73a629e4,166.23,332.47,0.5,1,7.95,15.9,20.91,Jupiter 25 EC (piraclostrobina),Agroquímicos,2025,2025-07-14 00:00:00+00,G05,L02 LOTE COCO LOMA GRANDE,2025
e01004ed,2bc5ccb0,c2541310,24.78,74.35,0.1,0.3,1.47,14.7,16.86,Alfamilo 90SP,Agroquímicos,2025,2025-06-03 00:00:00+00,G05,L05 LOTE LOMA 1,2025
e022e38f,7d016f9c,b6a9d42e,2056.6,5332.6,1.3,1.3,14.69,11.3,140,Maíz: Danac-029 c/fortenza duo,Semillas,2025,2025-06-01 00:00:00+00,G02,L02 LOTE EL TANQUE-B,2025
e034fd4f,316ab5f4,8a4ab665,208.08,124.85,0.2,0.12,3.34,16.7,62.3,Eminente 45 WG,Agroquímicos,2025,2025-06-25 00:00:00+00,P11,L01 LOTE 5A,2025
e059c187,e7295827,b275b7cf,3214.4,4419.8,4,5.5,114.8,28.7,28,"25,46N-00P-21,81K/3,66S",Fertilizantes,2025,2025-07-07 00:00:00+00,G05,L06 LOTE LOMA 2,2025
e05b228e,e7d337b9,c8ffca92,62.4,2.72,1,0.05,7.8,7.8,8,Trampa de feromonas,Agroquímicos,2025,2025-06-01 00:00:00+00,P03,L07 LOTE L2A,2025
e0a4f850,542c5a30,cc210393,26.62,53.25,0.1,0.2,2.08,20.8,12.8,CatheClean,Agroquímicos,2025,2025-08-20 00:00:00+00,G04,L06 LOTE A,2025
e0c26019,9bacadd0,cc210393,34.78,63.23,0.11,0.2,2.72,24.7,12.8,CatheClean,Agroquímicos,2025,2025-06-10 00:00:00+00,P09,L08 LOTE SANTACRUZ II-LOTE 1,2025
e0e64d88,95e82acc,ebc8d614,2607.26,2607.26,3.5,3.5,97.65,27.9,26.7,"Nitro Evolution: 40-00-00/5,76S",Fertilizantes,2025,2025-07-12 00:00:00+00,G07,L03 LOTE VICTORIERO 1B,2025
e11e52bf,eab9cdec,aa72374c,437.33,437.33,2.5,2.5,50.5,20.2,8.66,Pendialfa 50 EC,Agroquímicos,2025,2025-05-25 00:00:00+00,P11,L04 LOTE 7A,2025
e158f47b,20ce756e,ebc8d614,0,1121.4,3.9,3.5,0,,26.7,"Nitro Evolution: 40-00-00/5,76S",Fertilizantes,2025,2025-07-27 00:00:00+00,C01,LOTE JUANCHO,2025
e15f16fa,584bff09,50ea012e,122.76,122.76,3,3,27.9,9.3,4.4,Alfasato 48 SL (glifosato),Agroquímicos,2025,2025-05-23 00:00:00+00,G01,L04 LOTE EL DRAGAL 2B,2025
e16a3efb,b27cbf29,2a279588,156.81,209.08,0.045,0.06,0.88,19.5,178.7,MyCossed,Agroquímicos,2025,2025-06-01 00:00:00+00,G03,L03 LOTE ALFARERO D,2025
e1829679,684b43a5,b46d6dc9,5450.72,4769.38,8,7,130.4,16.3,41.8,"4,28N-18,52P-17,12K/5,51S+6,1MgO+0,68B+2,28Zn",Fertilizantes,2025,2025-05-20 00:00:00+00,P04,L03 LOTE-03,2025
e1bb980f,edf93312,bdac1da2,4104,0,1,0,22.8,22.8,180,Cal dolomítica,Enmienda,2025,2025-04-29 00:00:00+00,P03,L09 LOTE L2C,2025
e1ce1b3a,01dd3b18,2a279588,106.79,273.41,0.09,0.06,0.6,6.64,178.7,MyCossed,Agroquímicos,2025,2025-05-18 00:00:00+00,P09,L13 LOTE SANTACRUZ II-LOTE 5B,2025
e1d9a98e,a83cf68d,cc210393,33.02,80.9,0.3,0.2,2.58,8.6,12.8,CatheClean,Agroquímicos,2025,2025-05-23 00:00:00+00,P09,L16 LOTE SANTACRUZ II-LOTE 9 Y 10,2025
e1f4d3f5,05298cd5,cc210393,23.04,42.75,0.45,0.2,1.8,4,12.8,CatheClean,Agroquímicos,2025,2025-05-07 00:00:00+00,P11,L01 LOTE 5A,2025
e233866f,34b2c97f,c8ffca92,152,7.6,1,0.05,19,19,8,Trampa de feromonas,Agroquímicos,2025,2025-06-01 00:00:00+00,P03,L10 LOTE L2D1,2025
e239e994,e6e559f6,2a279588,884.57,160.83,0.45,0.06,4.95,11,178.7,MyCossed,Agroquímicos,2025,2025-05-30 00:00:00+00,C01,L11 LOTE PATRIX,2025
e24e0865,392c4dc7,b46d6dc9,4389,4389,7,7,105,15,41.8,"4,28N-18,52P-17,12K/5,51S+6,1MgO+0,68B+2,28Zn",Fertilizantes,2025,2025-06-18 00:00:00+00,P06,L05 LOTE-03 C,2025
e2510c72,18d93e22,3072d084,555.07,1013.79,1,1.5,38.6,38.6,14.38,Gadriano 30 OD,Agroquímicos,2025,2025-07-03 00:00:00+00,G06,L02 LA REPRESA LOTE A,2025
e252cae3,031b7a8c,8a4ab665,124.6,74.76,0.2,0.12,2,10,62.3,Eminente 45 WG,Agroquímicos,2025,2025-07-31 00:00:00+00,G01,L09 LOTE EL DRAGAL 3B,2025
e28816dc,92c090c0,bca12c05,78.21,0,0.25,0,2.33,9.3,33.64,Alfasystin,Agroquímicos,2025,2025-07-31 00:00:00+00,G01,L04 LOTE EL DRAGAL 2B,2025
e29304c5,ac0654f9,ce31a1fd,2966.6,0,1.3,0,21.19,16.3,140,Maíz: Danac-430 c/fortenza duo,Semillas,2025,2025-07-10 00:00:00+00,G07,L05 LOTE VICTORIERO 1D,2025
e2df787a,c1a5c96d,9316143b,171.19,0,1,,17,17,10.07,Alfyrinex,Agroquímicos,2025,2025-07-10 00:00:00+00,P11,L03 LOTE-06,2025
e2f88f6f,f0299ebf,50ea012e,475.2,356.4,4,3,108,27,4.4,Alfasato 48 SL (glifosato),Agroquímicos,2025,2025-06-20 00:00:00+00,P03,L01 LOTE LA CASA B,2025
e2f8e29e,5b31b2e3,50ea012e,343.2,343.2,3,3,78,26,4.4,Alfasato 48 SL (glifosato),Agroquímicos,2025,2025-06-17 00:00:00+00,G03,L08 EL DESQUITE B,2025
e33dab0d,805cb177,c8ffca92,80,4,1,0.05,10,10,8,Trampa de feromonas,Agroquímicos,2025,2025-05-31 00:00:00+00,G01,L10 LOTE EL DRAGAL 3-1,2025
e343d159,fa4239b5,de256ae0,37.38,373.8,0.2,2,4.2,21,8.9,QuelaTech Micros,Fertilizantes,2025,2025-06-21 00:00:00+00,C01,PERLA LOTE 01,2025
e375ce5a,72686c34,c8ffca92,276,13.8,1,0.05,34.5,34.5,8,Trampa de feromonas,Agroquímicos,2025,2025-07-01 00:00:00+00,P08,L01 LOTE-01,2025
e3770b89,6f11d175,8a4ab665,291.56,194.38,0.2,0.12,4.68,23.4,62.3,Eminente 45 WG,Agroquímicos,2025,2025-06-21 00:00:00+00,C01,PERLA LOTE 04,2025
e3b2cf47,0862a6ab,73a629e4,244.65,489.29,0.5,1,11.7,23.4,20.91,Jupiter 25 EC (piraclostrobina),Agroquímicos,2025,2025-07-03 00:00:00+00,G03,L05 CASA DE TABLA ARRIBA A,2025
e3b75281,29cc1e6e,b46d6dc9,1170.4,6144.6,7,7,28,4,41.8,"4,28N-18,52P-17,12K/5,51S+6,1MgO+0,68B+2,28Zn",Fertilizantes,2025,2025-08-06 00:00:00+00,C01,PERLA LOTE 01,2025
e3bb72e3,c9801b6d,b46d6dc9,4945.78,6554.24,8,7,118.32,14.79,41.8,"4,28N-18,52P-17,12K/5,51S+6,1MgO+0,68B+2,28Zn",Fertilizantes,2025,2025-05-16 00:00:00+00,P03,L08 LOTE L2B,2025
e3e64c95,f564eb51,cc210393,6.14,24.58,0.05,0.2,0.48,9.6,12.8,CatheClean,Agroquímicos,2025,2025-07-31 00:00:00+00,G01,L01 LOTE DETRÁS DE LA CASA OESTE,2025
e3f0d0a4,5613ee89,7a071d0e,4544.1,0,1.5,0,20.66,13.77,220,Lucino,Semillas,2025,2025-07-11 00:00:00+00,P09,L10 LOTE SANTACRUZ II-LOTE 2B,2025
e3faba56,b1a26da3,2a279588,75.05,327.02,0.06,0.06,0.42,7,178.7,MyCossed,Agroquímicos,2025,2025-07-09 00:00:00+00,P03,L15 LOTE LAS 60 B,2025
e42fcea7,940d9ec7,de6596dc,79.2,92.38,0.1,0.065,1.8,18,44,Grafito,Semillas,2025,2025-06-18 00:00:00+00,P09,L04 LOTE SANTACRUZ I-LOTE 4,2025
e433e37d,1fda9eb5,79e8c679,252,252,4,4,40,10,6.3,Pasto: Brachiara Ruziziensis,Semillas,2025,2025-07-03 00:00:00+00,G01,L10 LOTE EL DRAGAL 3-1,2025
e442af11,fb5df037,c8ffca92,8,8,0.05,0.05,1,20,8,Trampa de feromonas,Agroquímicos,2025,2025-07-02 00:00:00+00,G03,L12 LOTE LOS CARO-02 A,2025
e44a7736,14d9e762,b46d6dc9,6203.12,6203.12,7,7,148.4,21.2,41.8,"4,28N-18,52P-17,12K/5,51S+6,1MgO+0,68B+2,28Zn",Fertilizantes,2025,2025-08-05 00:00:00+00,G04,L02 LOTE CIRUELA ARRIBA,2025
e47e2f49,c928a5e1,3072d084,603.96,452.97,2,1.5,42,21,14.38,Gadriano 30 OD,Agroquímicos,2025,2025-06-20 00:00:00+00,C01,PERLA LOTE 01,2025
e47ececa,fc828cf3,c1d751bb,251.1,502.2,0.1,0.2,3.1,31,81,Bacillus Thuringiensis,Agroquímicos,2025,2025-07-03 00:00:00+00,P03,L05 LAS 50A,2025
e486aedb,2e29243b,f886ec2d,32.82,54.7,0.3,0.5,6,20,5.47,"SoloPasto 30,41SL (plicorán+2,4D)",Agroquímicos,2025,2025-05-11 00:00:00+00,G01,L12 LOTE EL MANGO B,2025
e4872765,0825fce9,c1d751bb,77.44,262.44,0.1,0.2,0.96,9.56,81,Bacillus Thuringiensis,Agroquímicos,2025,2025-07-06 00:00:00+00,P09,L12 LOTE SANTACRUZ II-LOTE 5A,2025
e4a31f39,9881ddb8,8a4ab665,251.69,151.02,0.2,0.12,4.04,20.2,62.3,Eminente 45 WG,Agroquímicos,2025,2025-06-26 00:00:00+00,P11,L04 LOTE 7A,2025
e4ceffbd,0313fab1,ebc8d614,2392.32,2093.28,4,3.5,89.6,22.4,26.7,"Nitro Evolution: 40-00-00/5,76S",Fertilizantes,2025,2025-06-24 00:00:00+00,P03,L08 LOTE L2B,2025
e4df1c96,abc16c2b,b6a9d42e,5077.8,5077.8,1.3,1.3,36.27,27.9,140,Maíz: Danac-029 c/fortenza duo,Semillas,2025,2025-07-10 00:00:00+00,G07,L03 LOTE VICTORIERO 1B,2025
e4e564cc,12113ce1,aa72374c,220.83,346.4,3,2.5,25.5,8.5,8.66,Pendialfa 50 EC,Agroquímicos,2025,2025-07-03 00:00:00+00,P03,L04 LA NEGRA,2025
e50279f8,6ff21d2e,b6a9d42e,1037.4,1037.4,1.3,1.3,7.41,5.7,140,Maíz: Danac-029 c/fortenza duo,Semillas,2025,2025-05-26 00:00:00+00,G04,L04 LOTE LOMA BARRIGA,2025
e5041c5f,0c269765,b275b7cf,3472,4774,4,5.5,124,31,28,"25,46N-00P-21,81K/3,66S",Fertilizantes,2025,2025-06-24 00:00:00+00,P03,L05 LAS 50A,2025
e50a68ab,3a610e04,e1ff11f4,0,0,1000,1,16700,16.7,,Pase de rastra,Enmienda,2025,2025-05-06 00:00:00+00,G04,L01 LOTE CIRUELA ABAJO,2025
e5188e5b,8fef547a,cc210393,27.2,43.52,0.125,0.2,2.13,17,12.8,CatheClean,Agroquímicos,2025,2025-05-24 00:00:00+00,G04,L07 LOTE B,2025
e52cb565,d758047a,79e8c679,92.48,92.48,4,4,14.68,3.67,6.3,Pasto: Brachiara Ruziziensis,Semillas,2025,2025-07-08 00:00:00+00,G03,L14 LOTE LOS CARO-01,2025
e54668b8,0953f75e,8a4ab665,124.6,201.85,0.2,0.12,2,10,62.3,Eminente 45 WG,Agroquímicos,2025,2025-07-05 00:00:00+00,P11,L03 LOTE-06,2025
e55eb18d,3bea2a41,d73f9b82,0,0,1,,3,3,,Alfavin,Agroquímicos,2025,2025-07-10 00:00:00+00,P09,L14 LOTE SANTACRUZ II-LOTE 6A,2025
e577fac6,f5f9a382,cc210393,44.41,65.79,0.135,0.2,3.47,25.7,12.8,CatheClean,Agroquímicos,2025,2025-08-15 00:00:00+00,G05,L08 LOTE RAMIREZ A,2025
e5798cd4,7ba77497,5438a6c7,90,0,0.1,,1.5,15,60,BTKIMAX PLUS PM,Agroquímicos,2025,2025-07-08 00:00:00+00,P06,L05 LOTE-03 C,2025
e58790ad,084f941b,cc210393,145.25,68.35,0.425,0.2,11.35,26.7,12.8,CatheClean,Agroquímicos,2025,2025-06-08 00:00:00+00,G03,L02 LOTE ALFARERO B,2025
e588bc68,9cf0705e,50ea012e,176,262.68,4,3,40,10,4.4,Alfasato 48 SL (glifosato),Agroquímicos,2025,2025-05-08 00:00:00+00,P09,L10 LOTE SANTACRUZ II-LOTE 2B,2025
e5898df7,d7fdd80a,b275b7cf,2766.4,3803.8,4,5.5,98.8,24.7,28,"25,46N-00P-21,81K/3,66S",Fertilizantes,2025,2025-06-05 00:00:00+00,P09,L08 LOTE SANTACRUZ II-LOTE 1,2025
e58de11d,50642746,c2541310,84.3,101.16,0.25,0.3,5,20,16.86,Alfamilo 90SP,Agroquímicos,2025,2025-06-04 00:00:00+00,P06,L03 LOTE-03 A,2025
e5c17318,19a644fd,cc210393,58.88,58.88,0.2,0.2,4.6,23,12.8,CatheClean,Agroquímicos,2025,2025-05-31 00:00:00+00,P03,L16 LOTE LOS MANGOS,2025
e631d0cd,8de516b6,b46d6dc9,7519.82,7519.82,7,7,179.9,25.7,41.8,"4,28N-18,52P-17,12K/5,51S+6,1MgO+0,68B+2,28Zn",Fertilizantes,2025,2025-06-08 00:00:00+00,G05,L08 LOTE RAMIREZ A,2025
e648607d,3d2def45,79e8c679,599.76,1134,4,4,95.2,23.8,6.3,Pasto: Brachiara Ruziziensis,Semillas,2025,2025-07-03 00:00:00+00,G02,L03 LOTE IGUANITAS,2025
e64c5abd,3b39cdf3,bca12c05,118.58,0,0.25,0,3.53,14.1,33.64,Alfasystin,Agroquímicos,2025,2025-06-20 00:00:00+00,P04,L01 LOTE-01,2025
e666fde1,1d6edbec,de6596dc,43.76,52.05,0.15,0.065,0.99,6.63,44,Grafito,Semillas,2025,2025-06-01 00:00:00+00,P09,L15 LOTE SANTACRUZ II-LOTE 6B,2025
e68151d3,736936cc,b275b7cf,4323.2,7238,4,5.5,154.4,38.6,28,"25,46N-00P-21,81K/3,66S",Fertilizantes,2025,2025-07-03 00:00:00+00,G06,L02 LA REPRESA LOTE A,2025
e69147c5,943f202f,c1d751bb,115.02,226.8,0.1,0.2,1.42,14.2,81,Bacillus Thuringiensis,Agroquímicos,2025,2025-06-13 00:00:00+00,P03,L12 LOTE L2E,2025
e6a530e9,61c66469,c8ffca92,13.04,13.04,0.05,0.05,1.63,32.6,8,Trampa de feromonas,Agroquímicos,2025,2025-07-07 00:00:00+00,G05,L01 LOTE BAJO DE LOMA,2025
e6ee5f88,7e378e34,b6a9d42e,2436,3494.4,1.5,1.3,17.4,11.6,140,Maíz: Danac-029 c/fortenza duo,Semillas,2025,2025-07-06 00:00:00+00,P09,L01 LOTE SANTACRUZ I-LOTE 1,2025
e70e08e0,b660dc42,2a279588,216.58,216.58,0.06,0.06,1.21,20.2,178.7,MyCossed,Agroquímicos,2025,2025-05-25 00:00:00+00,P11,L04 LOTE 7A,2025
e7172e1e,6fac1fd9,c2541310,23.94,124.93,0.1,0.3,1.42,14.2,16.86,Alfamilo 90SP,Agroquímicos,2025,2025-05-11 00:00:00+00,P09,L08 LOTE SANTACRUZ II-LOTE 1,2025
e72754b8,c07bca78,c2541310,107.48,128.98,0.25,0.3,6.38,25.5,16.86,Alfamilo 90SP,Agroquímicos,2025,2025-05-18 00:00:00+00,P09,L13 LOTE SANTACRUZ II-LOTE 5B,2025
e749e536,b22a7803,8a4ab665,397.47,238.48,0.2,0.12,6.38,31.9,62.3,Eminente 45 WG,Agroquímicos,2025,2025-06-14 00:00:00+00,P09,L05 LOTE SANTACRUZ I-LOTE 5,2025
e7672757,1a5d20e3,c1d751bb,81,257.58,0.1,0.2,1,10,81,Bacillus Thuringiensis,Agroquímicos,2025,2025-08-12 00:00:00+00,G05,L02 LOTE COCO LOMA GRANDE,2025
e7688f14,073d7f90,b275b7cf,2632,3619,4,5.5,94,23.5,28,"25,46N-00P-21,81K/3,66S",Fertilizantes,2025,2025-07-07 00:00:00+00,G05,L07 LOTE MATA PALO,2025
e76b33cf,7601064e,b57fd6f9,54.08,0,0.45,,2.99,6.64,18.1,Agripega 100,Agroquímicos,2025,2025-07-11 00:00:00+00,P09,L13 LOTE SANTACRUZ II-LOTE 5B,2025
e771129b,5c1b220f,3072d084,316.36,258.84,2,1.5,22,11,14.38,Gadriano 30 OD,Agroquímicos,2025,2025-07-10 00:00:00+00,C01,LOTE JUANCHO,2025
e77653d1,9895fb41,cc210393,17.92,17.92,0.2,0.2,1.4,7,12.8,CatheClean,Agroquímicos,2025,2025-05-01 00:00:00+00,C01,PERLA LOTE 2A,2025
e77e7749,8d4f7469,b275b7cf,2352,3234,4,5.5,84,21,28,"25,46N-00P-21,81K/3,66S",Fertilizantes,2025,2025-06-20 00:00:00+00,C01,PERLA LOTE 01,2025
e78301b2,609ee81c,b6a9d42e,2675.4,2675.4,1.3,1.3,19.11,14.7,140,Maíz: Danac-029 c/fortenza duo,Semillas,2025,2025-06-02 00:00:00+00,G05,L05 LOTE LOMA 1,2025
e78ebd6c,11b3e0d4,bca12c05,178.29,0,0.25,0,5.3,21.2,33.64,Alfasystin,Agroquímicos,2025,2025-06-19 00:00:00+00,G04,L02 LOTE CIRUELA ARRIBA,2025
e796b189,25c020f0,cc210393,45.48,82.69,0.11,0.2,3.55,32.3,12.8,CatheClean,Agroquímicos,2025,2025-06-10 00:00:00+00,P09,L04 LOTE SANTACRUZ I-LOTE 4,2025
e7a9591f,b66ffc2e,b57fd6f9,52.94,0,0.15,,2.93,19.5,18.1,Agripega 100,Agroquímicos,2025,2025-07-18 00:00:00+00,G03,L03 LOTE ALFARERO D,2025
e7a9d368,b707e5db,c2541310,31.53,180.06,0.25,0.3,1.87,7.48,16.86,Alfamilo 90SP,Agroquímicos,2025,2025-07-15 00:00:00+00,P09,L11 LOTE SANTACRUZ II-LOTE 3,2025
e7b1cfdc,89b9a99d,cc210393,51.2,51.2,0.2,0.2,4,20,12.8,CatheClean,Agroquímicos,2025,2025-07-08 00:00:00+00,P06,L03 LOTE-03 A,2025
e7b3e93a,43c8a66e,b46d6dc9,5149.76,5149.76,7,7,123.2,17.6,41.8,"4,28N-18,52P-17,12K/5,51S+6,1MgO+0,68B+2,28Zn",Fertilizantes,2025,2025-08-05 00:00:00+00,G01,L11 LOTE EL DRAGAL 4-1,2025
e7ca38f6,7dbf553d,c1d751bb,85.05,400.14,0.1,0.2,1.05,10.5,81,Bacillus Thuringiensis,Agroquímicos,2025,2025-05-25 00:00:00+00,P09,L08 LOTE SANTACRUZ II-LOTE 1,2025
e7f2bf45,e26844ba,8a4ab665,49.84,119.62,0.1,0.12,0.8,8,62.3,Eminente 45 WG,Agroquímicos,2025,2025-07-30 00:00:00+00,P03,L04 LA NEGRA,2025
e7fcb532,6d2f1f7b,c1d751bb,251.1,502.2,0.1,0.2,3.1,31,81,Bacillus Thuringiensis,Agroquímicos,2025,2025-07-15 00:00:00+00,P03,L03 LOTE LA CASA C,2025
e80a1f68,7601064e,bca12c05,111.68,0,0.5,0,3.32,6.64,33.64,Alfasystin,Agroquímicos,2025,2025-06-05 00:00:00+00,P09,L13 LOTE SANTACRUZ II-LOTE 5B,2025
e80a99f9,88d1d1fd,cc210393,62.21,62.21,0.2,0.2,4.86,24.3,12.8,CatheClean,Agroquímicos,2025,2025-07-03 00:00:00+00,G03,L06 CASA DE TABLA ARRIBA B,2025
e8151fb8,c08ae1d5,d73f9b82,0,0,1,,27.2,27.2,,Alfavin,Agroquímicos,2025,2025-08-12 00:00:00+00,G01,L02 LOTE LOS MANGOS,2025
e81a2664,ecee423e,2a279588,3403.34,314.15,0.65,0.06,19.05,29.3,178.7,MyCossed,Agroquímicos,2025,2025-06-01 00:00:00+00,G02,L02 LOTE EL TANQUE-B,2025
e8202386,767581fa,50ea012e,271.26,198,4.5,3,61.65,13.7,4.4,Alfasato 48 SL (glifosato),Agroquímicos,2025,2025-06-24 00:00:00+00,P08,L04 LOTE 3B 1,2025
e840c0ba,534cf2b4,cc210393,49.59,73.47,0.135,0.2,3.87,28.7,12.8,CatheClean,Agroquímicos,2025,2025-08-12 00:00:00+00,G05,L09 LOTE RAMIREZ B,2025
e843dcd2,a616f0ba,b6a9d42e,1128.4,1128.4,1.3,1.3,8.06,6.2,140,Maíz: Danac-029 c/fortenza duo,Semillas,2025,2025-05-24 00:00:00+00,G04,L05 LOTE LOMAS DE MEDANO,2025
e857dbf0,a25204e2,cc210393,31.97,47.36,0.135,0.2,2.5,18.5,12.8,CatheClean,Agroquímicos,2025,2025-07-14 00:00:00+00,G05,L03 LOTE LA PIEDRA,2025
e865d915,a91d0f8f,c2541310,23.94,163.37,0.1,0.3,1.42,14.2,16.86,Alfamilo 90SP,Agroquímicos,2025,2025-05-14 00:00:00+00,P09,L04 LOTE SANTACRUZ I-LOTE 4,2025
e8683299,64052081,de6596dc,42.9,90.38,0.075,0.065,0.98,13,44,Grafito,Semillas,2025,2025-06-20 00:00:00+00,P09,L16 LOTE SANTACRUZ II-LOTE 9 Y 10,2025
e86cd045,80f1e9d9,b275b7cf,1041.6,1432.2,4,5.5,37.2,9.3,28,"25,46N-00P-21,81K/3,66S",Fertilizantes,2025,2025-07-10 00:00:00+00,G03,L01 LOTE ALFARERO A,2025
e86ef940,0db3b3a5,73a629e4,217.46,434.93,0.5,1,10.4,20.8,20.91,Jupiter 25 EC (piraclostrobina),Agroquímicos,2025,2025-06-19 00:00:00+00,G04,L06 LOTE A,2025
e87723b9,cee33b5f,b275b7cf,3164,3480.4,5,5.5,113,22.6,28,"25,46N-00P-21,81K/3,66S",Fertilizantes,2025,2025-07-07 00:00:00+00,C02,L02 LOTE ARENERO 2 LOTE-01,2025
e87c9318,3659ee62,3072d084,399.05,399.05,1.5,1.5,27.75,18.5,14.38,Gadriano 30 OD,Agroquímicos,2025,2025-07-14 00:00:00+00,G05,L03 LOTE LA PIEDRA,2025
e88256a6,28bf06bb,50ea012e,445.1,336.6,6,3,101.16,16.86,4.4,Alfasato 48 SL (glifosato),Agroquímicos,2025,2025-07-06 00:00:00+00,P09,L13 LOTE SANTACRUZ II-LOTE 5B,2025
e8911084,b3516a5e,c2541310,33.72,101.16,0.1,0.3,2,20,16.86,Alfamilo 90SP,Agroquímicos,2025,2025-06-08 00:00:00+00,G03,L12 LOTE LOS CARO-02 A,2025
e8b9e296,deb69925,aa72374c,372.38,372.38,2.5,2.5,43,17.2,8.66,Pendialfa 50 EC,Agroquímicos,2025,2025-05-06 00:00:00+00,P04,L05 LOTE 25 ha B,2025
e8f17f27,a9d222c8,b6a9d42e,964.6,4186,1.3,1.3,6.89,5.3,140,Maíz: Danac-029 c/fortenza duo,Semillas,2025,2025-06-22 00:00:00+00,P03,L09 LOTE L2C,2025
e8f321c6,a23d1ff1,790b615c,69.43,0,0.3,0,7.02,23.4,9.89,Yamur 25EW,Agroquímicos,2025,2025-08-21 00:00:00+00,G03,L05 CASA DE TABLA ARRIBA A,2025
e8f4ccdc,58703672,ebc8d614,1467.17,1467.17,3.5,3.5,54.95,15.7,26.7,"Nitro Evolution: 40-00-00/5,76S",Fertilizantes,2025,2025-07-03 00:00:00+00,P04,L02 LOTE-02,2025
e918a046,fc4814f4,b46d6dc9,4748.48,9450.98,8,7,113.6,14.2,41.8,"4,28N-18,52P-17,12K/5,51S+6,1MgO+0,68B+2,28Zn",Fertilizantes,2025,2025-05-14 00:00:00+00,P09,L04 LOTE SANTACRUZ I-LOTE 4,2025
e91f2b13,44430c63,bdac1da2,1260,0,1,0,7,7,180,Cal dolomítica,Enmienda,2025,2025-05-03 00:00:00+00,G01,L08 LOTE EL MANGO C,2025
e9487756,ee1a4dc2,3072d084,435.71,435.71,1.5,1.5,30.3,20.2,14.38,Gadriano 30 OD,Agroquímicos,2025,2025-06-26 00:00:00+00,P11,L04 LOTE 7A,2025
e98c06d3,0b363115,cc210393,13.41,49.15,0.8,0.2,1.05,1.31,12.8,CatheClean,Agroquímicos,2025,2025-05-06 00:00:00+00,P09,L01 LOTE SANTACRUZ I-LOTE 1,2025
e9a478fc,841f7e74,aa72374c,562.9,562.9,2.5,2.5,65,26,8.66,Pendialfa 50 EC,Agroquímicos,2025,2025-05-21 00:00:00+00,C01,PERLA LOTE 04,2025
e9abb74d,b7535af1,2a279588,160.83,482.49,0.06,0.06,0.9,15,178.7,MyCossed,Agroquímicos,2025,2025-06-18 00:00:00+00,G02,L03 LOTE IGUANITAS,2025
e9afd3b6,f45933a5,bca12c05,11.02,0,0.25,0,0.33,1.31,33.64,Alfasystin,Agroquímicos,2025,2025-05-25 00:00:00+00,P09,L01 LOTE SANTACRUZ I-LOTE 1,2025
e9afeeab,0d6b0ccb,cc210393,49.92,49.92,0.2,0.2,3.9,19.5,12.8,CatheClean,Agroquímicos,2025,2025-07-08 00:00:00+00,G03,L03 LOTE ALFARERO D,2025
e9be62c0,be502d71,b6a9d42e,6510,5642,1.5,1.3,46.5,31,140,Maíz: Danac-029 c/fortenza duo,Semillas,2025,2025-07-02 00:00:00+00,P03,L03 LOTE LA CASA C,2025
e9c92aac,01e43deb,50ea012e,359.04,359.04,3,3,81.6,27.2,4.4,Alfasato 48 SL (glifosato),Agroquímicos,2025,2025-05-17 00:00:00+00,G01,L02 LOTE LOS MANGOS,2025
e9d08279,522ade73,cc210393,61.44,61.44,0.2,0.2,4.8,24,12.8,CatheClean,Agroquímicos,2025,2025-05-30 00:00:00+00,P07,L01 LOTE 3A,2025
e9eaa649,b2d0843b,b275b7cf,2441.6,3357.2,4,5.5,87.2,21.8,28,"25,46N-00P-21,81K/3,66S",Fertilizantes,2025,2025-07-10 00:00:00+00,G03,L09 LOTE LA TRINCHERA A,2025
e9fa5232,b7294074,b6a9d42e,5460,5460,1.3,1.3,39,30,140,Maíz: Danac-029 c/fortenza duo,Semillas,2025,2025-07-10 00:00:00+00,G02,L05 LA CAGADA,2025
ea0f8957,28bf06bb,cc210393,92.8,65.28,0.43,0.2,7.25,16.86,12.8,CatheClean,Agroquímicos,2025,2025-07-06 00:00:00+00,P09,L13 LOTE SANTACRUZ II-LOTE 5B,2025
ea262ed3,ce9560f0,9316143b,30.21,0,1,,3,3,10.07,Alfyrinex,Agroquímicos,2025,2025-07-10 00:00:00+00,P09,L14 LOTE SANTACRUZ II-LOTE 6A,2025
ea344a5e,0825fce9,c1d751bb,53.78,262.44,0.1,0.2,0.66,6.64,81,Bacillus Thuringiensis,Agroquímicos,2025,2025-06-05 00:00:00+00,P09,L12 LOTE SANTACRUZ II-LOTE 5A,2025
ea35ef70,f0c6fada,56facf15,567.84,0,4,,24,6,23.66,"26,9N-00P-15,5K/7S",Fertilizantes,2025,2025-07-18 00:00:00+00,P03,L19 LOTE L2F,2025
ea539974,a9d222c8,0edac71f,1884.58,0,8,,53.6,6.7,35.16,"4N-17,4P-22,4K/4,6S+5,2MgO+0,68B+1,7Zn",Fertilizantes,2025,2025-07-07 00:00:00+00,P03,L09 LOTE L2C,2025
ea59230e,81f8c03d,8a4ab665,223.03,133.82,0.2,0.12,3.58,17.9,62.3,Eminente 45 WG,Agroquímicos,2025,2025-08-20 00:00:00+00,P09,"L17 LOTE SANTACRUZ II-LOTE 11, 12 Y 13",2025
ea5acc08,e21dde72,c1d751bb,138.67,322.38,0.1,0.2,1.71,17.12,81,Bacillus Thuringiensis,Agroquímicos,2025,2025-07-15 00:00:00+00,P09,L10 LOTE SANTACRUZ II-LOTE 2B,2025
ea6961e8,df593cd4,2a279588,151.18,151.18,0.06,0.06,0.85,14.1,178.7,MyCossed,Agroquímicos,2025,2025-05-19 00:00:00+00,P04,L01 LOTE-01,2025
ea7396e7,f4e1e5c3,79e8c679,504,504,4,4,80,20,6.3,Pasto: Brachiara Ruziziensis,Semillas,2025,2025-07-08 00:00:00+00,G03,L12 LOTE LOS CARO-02 A,2025
ea790b6f,e3e7bb0a,bdac1da2,901.8,0,0.3,0,5.01,16.7,180,Cal dolomítica,Enmienda,2025,2025-05-09 00:00:00+00,G03,L02 LOTE ALFARERO B,2025
ea83883d,cb18f0f0,c2541310,54.96,164.89,0.1,0.3,3.26,32.6,16.86,Alfamilo 90SP,Agroquímicos,2025,2025-06-02 00:00:00+00,G05,L01 LOTE BAJO DE LOMA,2025
ea87a604,29be7f7b,bdac1da2,57600,0,32,0,320,10,180,Cal dolomítica,Enmienda,2025,2025-08-06 00:00:00+00,G02,L02 LOTE EL TANQUE-B,2025
ea9e4261,47485fad,ebc8d614,1401.75,1401.75,3.5,3.5,52.5,15,26.7,"Nitro Evolution: 40-00-00/5,76S",Fertilizantes,2025,2025-07-08 00:00:00+00,P06,L05 LOTE-03 C,2025
eab76382,ddf2fa56,aa72374c,216.5,584.55,2.5,2.5,25,10,8.66,Pendialfa 50 EC,Agroquímicos,2025,2025-06-09 00:00:00+00,P11,L03 LOTE-06,2025
eacd709a,6cf65d8a,3072d084,431.4,323.55,2,1.5,30,15,14.38,Gadriano 30 OD,Agroquímicos,2025,2025-06-26 00:00:00+00,C01,L11 LOTE PATRIX,2025
ead22b25,3fb20a3f,cc210393,108.8,43.52,0.5,0.2,8.5,17,12.8,CatheClean,Agroquímicos,2025,2025-06-19 00:00:00+00,G04,L07 LOTE B,2025
eb0f862b,00658f63,ebc8d614,744.93,869.09,3,3.5,27.9,9.3,26.7,"Nitro Evolution: 40-00-00/5,76S",Fertilizantes,2025,2025-08-05 00:00:00+00,G01,L04 LOTE EL DRAGAL 2B,2025
eb148551,f8121e13,50ea012e,509.52,620.4,3,3,115.8,38.6,4.4,Alfasato 48 SL (glifosato),Agroquímicos,2025,2025-08-06 00:00:00+00,G06,L02 LA REPRESA LOTE A,2025
eb1d7e46,1a620ae5,c1d751bb,121.5,281.88,0.1,0.2,1.5,15,81,Bacillus Thuringiensis,Agroquímicos,2025,2025-06-17 00:00:00+00,G02,L01 LOTE EL TANQUE-A,2025
eb2b1bd0,fccf7a07,cc210393,9.98,17.92,0.2,0.2,0.78,3.9,12.8,CatheClean,Agroquímicos,2025,2025-06-21 00:00:00+00,C01,PERLA LOTE 2A,2025
eb3936e8,3f06397a,b275b7cf,1680,4419.8,4,5.5,60,15,28,"25,46N-00P-21,81K/3,66S",Fertilizantes,2025,2025-08-12 00:00:00+00,G05,L09 LOTE RAMIREZ B,2025
eb43726d,90c5b3a5,f886ec2d,59.62,59.62,0.5,0.5,10.9,21.8,5.47,"SoloPasto 30,41SL (plicorán+2,4D)",Agroquímicos,2025,2025-06-11 00:00:00+00,G03,L09 LOTE LA TRINCHERA A,2025
eb52170d,b5f47588,cc210393,82.18,82.18,0.2,0.2,6.42,32.1,12.8,CatheClean,Agroquímicos,2025,2025-05-15 00:00:00+00,P02,L11 LOTE-09,2025
eb60cd68,837c42eb,2a279588,239.1,329.17,0.06,0.06,1.34,22.3,178.7,MyCossed,Agroquímicos,2025,2025-06-03 00:00:00+00,G06,L04 LA REPRESA LOTE C,2025
eb6410fb,63120398,cc210393,51.97,51.97,0.2,0.2,4.06,20.3,12.8,CatheClean,Agroquímicos,2025,2025-05-20 00:00:00+00,C02,L01 ARENERO 1 LOTE-02,2025
eb751ff3,82e66dfe,de6596dc,74.8,77.22,0.1,0.065,1.7,17,44,Grafito,Semillas,2025,2025-05-27 00:00:00+00,P11,L03 LOTE-06,2025
eb8d51cc,10adef45,73a629e4,248.83,940.95,0.5,1,11.9,23.8,20.91,Jupiter 25 EC (piraclostrobina),Agroquímicos,2025,2025-07-03 00:00:00+00,G02,L03 LOTE IGUANITAS,2025
ebbba097,92c090c0,c1d751bb,75.33,150.66,0.1,0.2,0.93,9.3,81,Bacillus Thuringiensis,Agroquímicos,2025,2025-06-05 00:00:00+00,G01,L04 LOTE EL DRAGAL 2B,2025
ebc00f90,f412a7c4,b46d6dc9,3879.04,5617.92,8,7,92.8,11.6,41.8,"4,28N-18,52P-17,12K/5,51S+6,1MgO+0,68B+2,28Zn",Fertilizantes,2025,2025-06-01 00:00:00+00,P09,L01 LOTE SANTACRUZ I-LOTE 1,2025
ebd74a91,f95dcf4f,cc210393,18.43,36.86,0.1,0.2,1.44,14.4,12.8,CatheClean,Agroquímicos,2025,2025-06-25 00:00:00+00,P11,L07 LOTE-08,2025
ebdcec82,09e367da,8a4ab665,271.63,162.98,0.2,0.12,4.36,21.8,62.3,Eminente 45 WG,Agroquímicos,2025,2025-08-10 00:00:00+00,G03,L09 LOTE LA TRINCHERA A,2025
ebee3e50,10684511,cc210393,8.58,58.88,0.1,0.2,0.67,6.7,12.8,CatheClean,Agroquímicos,2025,2025-07-17 00:00:00+00,P03,L09 LOTE L2C,2025
ebf09292,ec4d338c,c2541310,32.88,98.63,0.1,0.3,1.95,19.5,16.86,Alfamilo 90SP,Agroquímicos,2025,2025-06-08 00:00:00+00,G03,L03 LOTE ALFARERO D,2025
ec23dc7b,522ade73,aa72374c,623.52,519.6,3,2.5,72,24,8.66,Pendialfa 50 EC,Agroquímicos,2025,2025-05-30 00:00:00+00,P07,L01 LOTE 3A,2025
ec25579b,dd487ef1,b275b7cf,3572.8,4912.6,4,5.5,127.6,31.9,28,"25,46N-00P-21,81K/3,66S",Fertilizantes,2025,2025-06-17 00:00:00+00,P09,L05 LOTE SANTACRUZ I-LOTE 5,2025
ec352025,be75e30e,bca12c05,329,0,0.3,0,9.78,32.6,33.64,Alfasystin,Agroquímicos,2025,2025-07-06 00:00:00+00,G05,L01 LOTE BAJO DE LOMA,2025
ec5c3e39,903ff0c7,de6596dc,2.92,46.33,0.01,0.065,0.07,6.64,44,Grafito,Semillas,2025,2025-07-10 00:00:00+00,P09,L12 LOTE SANTACRUZ II-LOTE 5A,2025
ec7c20fd,e0b54c97,c2541310,6.74,34.39,0.1,0.3,0.4,4,16.86,Alfamilo 90SP,Agroquímicos,2025,2025-05-24 00:00:00+00,P03,L07 LOTE L2A,2025
ec985e9e,e85b00d0,cc210393,14.72,11.78,0.25,0.2,1.15,4.6,12.8,CatheClean,Agroquímicos,2025,2025-08-05 00:00:00+00,P06,L04 LOTE-03 B,2025
ecbdd827,5bdfc9ae,de256ae0,551.8,551.8,2,2,62,31,8.9,QuelaTech Micros,Fertilizantes,2025,2025-07-03 00:00:00+00,G03,L11 LOTE LA TRINCHERA C,2025
ecca5d17,0825fce9,b57fd6f9,54.08,0,0.45,,2.99,6.64,18.1,Agripega 100,Agroquímicos,2025,2025-07-11 00:00:00+00,P09,L12 LOTE SANTACRUZ II-LOTE 5A,2025
ecee39a4,7e6b190d,ebc8d614,1874.34,2186.73,3,3.5,70.2,23.4,26.7,"Nitro Evolution: 40-00-00/5,76S",Fertilizantes,2025,2025-07-13 00:00:00+00,G03,L05 CASA DE TABLA ARRIBA A,2025
ed06df8a,3db9b88e,cc210393,10.54,33.54,0.135,0.2,0.82,6.1,12.8,CatheClean,Agroquímicos,2025,2025-07-14 00:00:00+00,G05,L04 LOTE LOCACIÓN A,2025
ed1d3ed7,701dd184,aa72374c,107.38,134.23,2,2.5,12.4,6.2,8.66,Pendialfa 50 EC,Agroquímicos,2025,2025-05-24 00:00:00+00,G04,L05 LOTE LOMAS DE MEDANO,2025
ed232895,1a5d20e3,3072d084,287.6,342.96,2,1.5,20,10,14.38,Gadriano 30 OD,Agroquímicos,2025,2025-08-12 00:00:00+00,G05,L02 LOTE COCO LOMA GRANDE,2025
ed47517a,e2222a64,2a279588,106.79,173.7,0.09,0.06,0.6,6.64,178.7,MyCossed,Agroquímicos,2025,2025-05-18 00:00:00+00,P09,L12 LOTE SANTACRUZ II-LOTE 5A,2025
ed4b04e8,38fef001,790b615c,137.97,0,0.5,0,13.95,27.9,9.89,Yamur 25EW,Agroquímicos,2025,2025-07-11 00:00:00+00,G07,L03 LOTE VICTORIERO 1B,2025
ed4b3f97,288fa73e,cc210393,8.45,22.53,0.075,0.2,0.66,8.8,12.8,CatheClean,Agroquímicos,2025,2025-07-31 00:00:00+00,G01,L05 LOTE EL DRAGAL 2-1,2025
ed56336e,41edbe16,aa72374c,305.27,305.27,2.5,2.5,35.25,14.1,8.66,Pendialfa 50 EC,Agroquímicos,2025,2025-08-20 00:00:00+00,P04,L01 LOTE-01,2025
ed5c7db5,7c9f8acc,3072d084,195.57,146.68,2,1.5,13.6,6.8,14.38,Gadriano 30 OD,Agroquímicos,2025,2025-07-17 00:00:00+00,P03,L07 LOTE L2A,2025
ed89b48a,da1c1124,b275b7cf,616,847,4,5.5,22,5.5,28,"25,46N-00P-21,81K/3,66S",Fertilizantes,2025,2025-08-05 00:00:00+00,G01,L07 LOTE EL DRAGAL 1-1,2025
ed974f83,bfb378a7,de6596dc,104.48,51.48,0.15,0.065,2.37,15.83,44,Grafito,Semillas,2025,2025-06-01 00:00:00+00,P09,L09 LOTE SANTACRUZ II-LOTE 2A,2025
eda91bc2,274871c4,b6a9d42e,1365,2730,1.3,1.3,9.75,7.5,140,Maíz: Danac-029 c/fortenza duo,Semillas,2025,2025-06-16 00:00:00+00,P06,L05 LOTE-03 C,2025
edd8aab9,84567a0e,5438a6c7,27.6,0,0.1,,0.46,4.6,60,BTKIMAX PLUS PM,Agroquímicos,2025,2025-07-08 00:00:00+00,P06,L04 LOTE-03 B,2025
eddef49a,be75e30e,cc210393,56.33,83.46,0.135,0.2,4.4,32.6,12.8,CatheClean,Agroquímicos,2025,2025-07-14 00:00:00+00,G05,L01 LOTE BAJO DE LOMA,2025
ee1d9521,75def668,c2541310,126.45,151.74,0.25,0.3,7.5,30,16.86,Alfamilo 90SP,Agroquímicos,2025,2025-05-30 00:00:00+00,P07,L02 LOTE 3B,2025
ee1f32e2,01a9bc17,790b615c,16.32,0,0.3,0,1.65,5.5,9.89,Yamur 25EW,Agroquímicos,2025,2025-07-31 00:00:00+00,G01,L07 LOTE EL DRAGAL 1-1,2025
ee2a33cb,f8103c83,aa72374c,283.62,283.62,2.5,2.5,32.75,13.1,8.66,Pendialfa 50 EC,Agroquímicos,2025,2025-06-16 00:00:00+00,G05,L04 LOTE LOCACIÓN A,2025
ee38aa22,14e1b821,aa72374c,94.31,394.03,3,2.5,10.89,3.63,8.66,Pendialfa 50 EC,Agroquímicos,2025,2025-06-01 00:00:00+00,P09,L15 LOTE SANTACRUZ II-LOTE 6B,2025
ee42e01c,0b363115,bfe0f583,0,0,2.75,0,3.6,1.31,,Atrazina,Agroquímicos,2025,2025-05-06 00:00:00+00,P09,L01 LOTE SANTACRUZ I-LOTE 1,2025
ee4a99ee,5d3afbeb,73a629e4,92,184.01,0.5,1,4.4,8.8,20.91,Jupiter 25 EC (piraclostrobina),Agroquímicos,2025,2025-06-05 00:00:00+00,G01,L05 LOTE EL DRAGAL 2-1,2025
ee562c64,07dcff45,cc210393,6.4,25.6,0.05,0.2,0.5,10,12.8,CatheClean,Agroquímicos,2025,2025-07-31 00:00:00+00,G01,L10 LOTE EL DRAGAL 3-1,2025
ee9a59f1,d31d0951,cc210393,62.21,62.21,0.2,0.2,4.86,24.3,12.8,CatheClean,Agroquímicos,2025,2025-07-13 00:00:00+00,G03,L06 CASA DE TABLA ARRIBA B,2025
eed2774d,80944c3e,50ea012e,357.28,267.96,4,3,81.2,20.3,4.4,Alfasato 48 SL (glifosato),Agroquímicos,2025,2025-06-08 00:00:00+00,C02,L01 ARENERO 1 LOTE-02,2025
eedd9580,1c0a397c,c1d751bb,232.47,464.94,0.1,0.2,2.87,28.7,81,Bacillus Thuringiensis,Agroquímicos,2025,2025-07-06 00:00:00+00,G05,L06 LOTE LOMA 2,2025
eee1d473,f0652540,cc210393,89.4,74.5,0.24,0.2,6.98,29.1,12.8,CatheClean,Agroquímicos,2025,2025-05-13 00:00:00+00,P11,L06 LOTE 7C,2025
ef186bbb,2e29243b,50ea012e,264,264,3,3,60,20,4.4,Alfasato 48 SL (glifosato),Agroquímicos,2025,2025-05-12 00:00:00+00,G01,L12 LOTE EL MANGO B,2025
ef1f3dd3,89fd8d63,de256ae0,75.92,323.96,1,2,8.53,8.53,8.9,QuelaTech Micros,Fertilizantes,2025,2025-07-28 00:00:00+00,P09,L15 LOTE SANTACRUZ II-LOTE 6B,2025
ef244cb8,7dbf553d,bca12c05,238.84,0,0.5,0,7.1,14.2,33.64,Alfasystin,Agroquímicos,2025,2025-06-05 00:00:00+00,P09,L08 LOTE SANTACRUZ II-LOTE 1,2025
ef2fc0f9,04fc938f,f886ec2d,47.04,47.04,0.5,0.5,8.6,17.2,5.47,"SoloPasto 30,41SL (plicorán+2,4D)",Agroquímicos,2025,2025-05-04 00:00:00+00,P04,L05 LOTE 25 ha B,2025
ef80ad19,d897fd9b,44237940,158.93,95.36,2.5,1.5,40.75,16.3,3.9,Alfaxone Super 20 SL,Agroquímicos,2025,2025-08-06 00:00:00+00,G07,L05 LOTE VICTORIERO 1D,2025
ef8137c9,6d2f1f7b,3072d084,891.56,668.67,2,1.5,62,31,14.38,Gadriano 30 OD,Agroquímicos,2025,2025-07-15 00:00:00+00,P03,L03 LOTE LA CASA C,2025
efafb3c3,3bea2a41,de256ae0,26.7,398.72,1,2,3,3,8.9,QuelaTech Micros,Fertilizantes,2025,2025-06-10 00:00:00+00,P09,L14 LOTE SANTACRUZ II-LOTE 6A,2025
efc5a7d2,3659ee62,c1d751bb,149.85,299.7,0.1,0.2,1.85,18.5,81,Bacillus Thuringiensis,Agroquímicos,2025,2025-07-06 00:00:00+00,G05,L03 LOTE LA PIEDRA,2025
efd36ae1,084f941b,50ea012e,352.44,352.44,3,3,80.1,26.7,4.4,Alfasato 48 SL (glifosato),Agroquímicos,2025,2025-06-08 00:00:00+00,G03,L02 LOTE ALFARERO B,2025
efd57f24,2d3a1739,aa72374c,304.83,381.04,2,2.5,35.2,17.6,8.66,Pendialfa 50 EC,Agroquímicos,2025,2025-05-23 00:00:00+00,G01,L11 LOTE EL DRAGAL 4-1,2025
efe618ac,13ddbf20,b46d6dc9,6876.1,6876.1,7,7,164.5,23.5,41.8,"4,28N-18,52P-17,12K/5,51S+6,1MgO+0,68B+2,28Zn",Fertilizantes,2025,2025-06-16 00:00:00+00,G05,L07 LOTE MATA PALO,2025
efef1ab4,75a0a67c,c2541310,28.16,84.47,0.1,0.3,1.67,16.7,16.86,Alfamilo 90SP,Agroquímicos,2025,2025-05-29 00:00:00+00,P11,L01 LOTE 5A,2025
f00459e4,206d0933,ebc8d614,2637.96,2308.22,4,3.5,98.8,24.7,26.7,"Nitro Evolution: 40-00-00/5,76S",Fertilizantes,2025,2025-06-10 00:00:00+00,P09,L08 LOTE SANTACRUZ II-LOTE 1,2025
f00be798,4e22b67b,bdac1da2,2646,0,0.7,0,14.7,21,180,Cal dolomítica,Enmienda,2025,2025-05-14 00:00:00+00,G03,L04 LOTE ARBOLOTE ARRIBA A,2025
f01ae75a,15e50ba6,d19aa794,138.99,0,0.5,,4.65,9.3,29.89,Super Barre 55 EC,Agroquímicos,2025,2025-08-12 00:00:00+00,G01,L04 LOTE EL DRAGAL 2B,2025
f024b1b3,241e7ae9,ebc8d614,488.61,1224.2,3,3.5,18.3,6.1,26.7,"Nitro Evolution: 40-00-00/5,76S",Fertilizantes,2025,2025-07-14 00:00:00+00,G05,L04 LOTE LOCACIÓN A,2025
f02bd745,f8a21ac7,50ea012e,132,229.68,2,3,30,15,4.4,Alfasato 48 SL (glifosato),Agroquímicos,2025,2025-06-02 00:00:00+00,G02,L01 LOTE EL TANQUE-A,2025
f05e2220,dfa29a3d,b275b7cf,3460.8,4758.6,4,5.5,123.6,30.9,28,"25,46N-00P-21,81K/3,66S",Fertilizantes,2025,2025-07-10 00:00:00+00,G03,L15 LOTE SALTO DEL MIRA A,2025
f074660d,074e411c,c1d751bb,81,162,0.1,0.2,1,10,81,Bacillus Thuringiensis,Agroquímicos,2025,2025-06-18 00:00:00+00,G01,L10 LOTE EL DRAGAL 3-1,2025
f09afe72,f95dcf4f,aa72374c,311.76,311.76,2.5,2.5,36,14.4,8.66,Pendialfa 50 EC,Agroquímicos,2025,2025-05-20 00:00:00+00,P11,L07 LOTE-08,2025
f0a0f74e,1d3a8fe0,79e8c679,756,756,4,4,120,30,6.3,Pasto: Brachiara Ruziziensis,Semillas,2025,2025-08-15 00:00:00+00,G02,L05 LA CAGADA,2025
f0a8f620,9f36777e,cc210393,9.01,22.53,0.08,0.2,0.7,8.8,12.8,CatheClean,Agroquímicos,2025,2025-05-13 00:00:00+00,G01,L05 LOTE EL DRAGAL 2-1,2025
f0d3e5d0,0825fce9,de256ae0,85.08,288.36,1,2,9.56,9.56,8.9,QuelaTech Micros,Fertilizantes,2025,2025-07-06 00:00:00+00,P09,L12 LOTE SANTACRUZ II-LOTE 5A,2025
f10c7a7a,2cd6b70e,bdac1da2,3654,0,1,0,20.3,20.3,180,Cal dolomítica,Enmienda,2025,2025-05-01 00:00:00+00,G04,L08 LOTE C,2025
f1199877,72b9d8a8,de6596dc,39.6,57.2,0.045,0.065,0.9,20,44,Grafito,Semillas,2025,2025-05-22 00:00:00+00,G01,L12 LOTE EL MANGO B,2025
f125333a,ff19a30a,cc210393,57.86,57.86,0.2,0.2,4.52,22.6,12.8,CatheClean,Agroquímicos,2025,2025-07-02 00:00:00+00,G03,L07 EL DESQUITE A,2025
f15b4da4,c9e36589,d73f9b82,0,0,1,,10.2,10.2,,Alfavin,Agroquímicos,2025,2025-08-20 00:00:00+00,G04,L03 LOTE LOMA AMARILLA,2025
f16a4e92,a56e4515,8a4ab665,49.84,124.85,0.2,0.12,0.8,4,62.3,Eminente 45 WG,Agroquímicos,2025,2025-06-25 00:00:00+00,P11,L01 LOTE 5A,2025
f1a7a965,710894eb,ebc8d614,2224.11,4205.25,3.5,3.5,83.3,23.8,26.7,"Nitro Evolution: 40-00-00/5,76S",Fertilizantes,2025,2025-07-14 00:00:00+00,G02,L03 LOTE IGUANITAS,2025
f1d353b4,6bedb85e,8a4ab665,406.2,243.72,0.2,0.12,6.52,32.6,62.3,Eminente 45 WG,Agroquímicos,2025,2025-07-14 00:00:00+00,G05,L01 LOTE BAJO DE LOMA,2025
f1d64c60,02354a6c,73a629e4,209.1,418.2,0.5,1,10,20,20.91,Jupiter 25 EC (piraclostrobina),Agroquímicos,2025,2025-07-02 00:00:00+00,G03,L12 LOTE LOS CARO-02 A,2025
f20d109c,a23d1ff1,cc210393,59.9,59.9,0.2,0.2,4.68,23.4,12.8,CatheClean,Agroquímicos,2025,2025-08-21 00:00:00+00,G03,L05 CASA DE TABLA ARRIBA A,2025
f219e15f,89b9a99d,bca12c05,168.2,0,0.25,0,5,20,33.64,Alfasystin,Agroquímicos,2025,2025-07-08 00:00:00+00,P06,L03 LOTE-03 A,2025
f21cf335,e70d346b,b57fd6f9,61.36,0,0.15,,3.39,22.6,18.1,Agripega 100,Agroquímicos,2025,2025-08-11 00:00:00+00,G03,L07 EL DESQUITE A,2025
f234441d,1a7128e5,cc210393,15.36,49.15,0.1,0.2,1.2,12,12.8,CatheClean,Agroquímicos,2025,2025-07-13 00:00:00+00,P09,L01 LOTE SANTACRUZ I-LOTE 1,2025
f2424fa5,ed668e52,bca12c05,208.57,0,0.2,0,6.2,31,33.64,Alfasystin,Agroquímicos,2025,2025-07-21 00:00:00+00,G03,L11 LOTE LA TRINCHERA C,2025
f2623002,25fdf8c9,bdac1da2,3816,0,1,0,21.2,21.2,180,Cal dolomítica,Enmienda,2025,2025-05-03 00:00:00+00,G04,L02 LOTE CIRUELA ARRIBA,2025
f27041cf,ca175d5f,8a4ab665,247.46,247.46,0.12,0.12,3.97,33.1,62.3,Eminente 45 WG,Agroquímicos,2025,2025-07-04 00:00:00+00,G07,L01 LOTE SAMANCITO,2025
f27137a7,64be32af,aa72374c,173.2,216.5,2,2.5,20,10,8.66,Pendialfa 50 EC,Agroquímicos,2025,2025-05-23 00:00:00+00,G01,L10 LOTE EL DRAGAL 3-1,2025
f272d738,5d5724d9,cc210393,49.92,49.92,0.2,0.2,3.9,19.5,12.8,CatheClean,Agroquímicos,2025,2025-07-03 00:00:00+00,G03,L03 LOTE ALFARERO D,2025
f288ded0,0efcddbe,ebc8d614,575.65,2149.35,4,3.5,21.56,5.39,26.7,"Nitro Evolution: 40-00-00/5,76S",Fertilizantes,2025,2025-07-17 00:00:00+00,P03,L09 LOTE L2C,2025
f2a31435,07dcff45,790b615c,29.67,0,0.3,0,3,10,9.89,Yamur 25EW,Agroquímicos,2025,2025-07-31 00:00:00+00,G01,L10 LOTE EL DRAGAL 3-1,2025
f2a7a871,c717eee1,aa72374c,621.36,621.36,2.5,2.5,71.75,28.7,8.66,Pendialfa 50 EC,Agroquímicos,2025,2025-06-16 00:00:00+00,G05,L06 LOTE LOMA 2,2025
f2a83f57,e99bffc6,44237940,200.85,120.51,2.5,1.5,51.5,20.6,3.9,Alfaxone Super 20 SL,Agroquímicos,2025,2025-08-06 00:00:00+00,G07,L02 LOTE VICTORIERO 1A,2025
f2bb7d44,4d71d137,b57fd6f9,66.79,0,0.15,,3.69,24.6,18.1,Agripega 100,Agroquímicos,2025,2025-08-11 00:00:00+00,G03,L13 LOTE LOS CARO-02 B,2025
f2bed163,3eca8a4b,de6596dc,68.07,128.7,0.065,0.065,1.55,23.8,44,Grafito,Semillas,2025,2025-06-20 00:00:00+00,G02,L03 LOTE IGUANITAS,2025
f2ccedaf,f08573bb,2a279588,250.89,250.89,0.06,0.06,1.4,23.4,178.7,MyCossed,Agroquímicos,2025,2025-06-08 00:00:00+00,G03,L05 CASA DE TABLA ARRIBA A,2025
f2e46588,5d045e1d,de6596dc,51.92,33.75,0.1,0.065,1.18,11.8,44,Grafito,Semillas,2025,2025-06-04 00:00:00+00,P06,L02 LOTE-02,2025
f2ec7a30,4ebd26b4,de6596dc,42.9,55.77,0.05,0.065,0.98,19.5,44,Grafito,Semillas,2025,2025-06-01 00:00:00+00,G03,L03 LOTE ALFARERO D,2025
f2f2b58c,5ae6d721,790b615c,122.14,0,0.5,0,12.35,24.7,9.89,Yamur 25EW,Agroquímicos,2025,2025-07-06 00:00:00+00,P09,L08 LOTE SANTACRUZ II-LOTE 1,2025
f2ff0ae5,d1f11745,3072d084,390.42,390.42,1.5,1.5,27.15,18.1,14.38,Gadriano 30 OD,Agroquímicos,2025,2025-06-25 00:00:00+00,P11,L02 LOTE 5B,2025
f322f0a5,63120398,50ea012e,357.28,267.96,4,3,81.2,20.3,4.4,Alfasato 48 SL (glifosato),Agroquímicos,2025,2025-05-20 00:00:00+00,C02,L01 ARENERO 1 LOTE-02,2025
f340dfa1,88d1d1fd,c1d751bb,196.83,393.66,0.1,0.2,2.43,24.3,81,Bacillus Thuringiensis,Agroquímicos,2025,2025-07-03 00:00:00+00,G03,L06 CASA DE TABLA ARRIBA B,2025
f3537958,1d3a8fe0,b275b7cf,3360,4620,4,5.5,120,30,28,"25,46N-00P-21,81K/3,66S",Fertilizantes,2025,2025-08-06 00:00:00+00,G02,L05 LA CAGADA,2025
f362797d,2756cc5d,b46d6dc9,9421.72,9421.72,7,7,225.4,32.2,41.8,"4,28N-18,52P-17,12K/5,51S+6,1MgO+0,68B+2,28Zn",Fertilizantes,2025,2025-06-15 00:00:00+00,G07,L04 LOTE VICTORIERO 1C,2025
f36e84a5,b6bcc404,cc210393,79.1,79.1,0.2,0.2,6.18,30.9,12.8,CatheClean,Agroquímicos,2025,2025-07-09 00:00:00+00,G03,L15 LOTE SALTO DEL MIRA A,2025
f37f5cba,0c14279c,ebc8d614,768.96,897.12,3,3.5,28.8,9.6,26.7,"Nitro Evolution: 40-00-00/5,76S",Fertilizantes,2025,2025-08-05 00:00:00+00,G01,L01 LOTE DETRÁS DE LA CASA OESTE,2025
f3888806,07a7604b,0edac71f,4452.66,0,8,,126.64,15.83,35.16,"4N-17,4P-22,4K/4,6S+5,2MgO+0,68B+1,7Zn",Fertilizantes,2025,2025-07-06 00:00:00+00,P09,L10 LOTE SANTACRUZ II-LOTE 2B,2025
f38956f1,b3516a5e,cc210393,72.19,51.2,0.282,0.2,5.64,20,12.8,CatheClean,Agroquímicos,2025,2025-06-08 00:00:00+00,G03,L12 LOTE LOS CARO-02 A,2025
f392538f,64052081,2a279588,155.65,338.82,0.067,0.06,0.87,13,178.7,MyCossed,Agroquímicos,2025,2025-06-20 00:00:00+00,P09,L16 LOTE SANTACRUZ II-LOTE 9 Y 10,2025
f3a4b615,28ec0da5,b6a9d42e,5460,5460,1.3,1.3,39,30,140,Maíz: Danac-029 c/fortenza duo,Semillas,2025,2025-05-30 00:00:00+00,P07,L02 LOTE 3B,2025
f3c0f2cf,d9c0e809,d73f9b82,0,0,1,,10,10,,Alfavin,Agroquímicos,2025,2025-08-12 00:00:00+00,G01,L10 LOTE EL DRAGAL 3-1,2025
f3c6670f,2022c37f,61e0f8a6,5635.76,0,1.5,0,23.85,15.9,236.3,Dekalb 410,Semillas,2025,2025-05-06 00:00:00+00,P04,L04 LOTE 25 ha A,2025
f3f2c460,8f7aaa9d,50ea012e,140.8,393.36,4,3,32,8,4.4,Alfasato 48 SL (glifosato),Agroquímicos,2025,2025-05-19 00:00:00+00,P13,L01 LOTE 1A,2025
f404d1e3,b8d8e7b6,50ea012e,52.8,295.68,4,3,12,3,4.4,Alfasato 48 SL (glifosato),Agroquímicos,2025,2025-05-14 00:00:00+00,P09,L14 LOTE SANTACRUZ II-LOTE 6A,2025
f40fe5c5,c3d8e26d,cc210393,23.81,23.81,0.2,0.2,1.86,9.3,12.8,CatheClean,Agroquímicos,2025,2025-08-10 00:00:00+00,G03,L01 LOTE ALFARERO A,2025
f41a96af,32b609b4,de256ae0,165.54,165.54,2,2,18.6,9.3,8.9,QuelaTech Micros,Fertilizantes,2025,2025-07-31 00:00:00+00,G01,L04 LOTE EL DRAGAL 2B,2025
f447f3f8,ed2738c4,b6a9d42e,1394.4,4641,1.5,1.3,9.96,6.64,140,Maíz: Danac-029 c/fortenza duo,Semillas,2025,2025-05-18 00:00:00+00,P09,L13 LOTE SANTACRUZ II-LOTE 5B,2025
f4863b4c,44496675,de6596dc,71.72,46.62,0.1,0.065,1.63,16.3,44,Grafito,Semillas,2025,2025-05-16 00:00:00+00,P04,L03 LOTE-03,2025
f4bd5a3c,7c9f8acc,c1d751bb,55.08,110.16,0.1,0.2,0.68,6.8,81,Bacillus Thuringiensis,Agroquímicos,2025,2025-07-17 00:00:00+00,P03,L07 LOTE L2A,2025
f4ca29ba,e724238f,50ea012e,232.32,232.32,3,3,52.8,17.6,4.4,Alfasato 48 SL (glifosato),Agroquímicos,2025,2025-07-16 00:00:00+00,P03,L18 LOTE LA LAGUNA,2025
f4de72b4,74d132ea,b6a9d42e,3759,3257.8,1.5,1.3,26.85,17.9,140,Maíz: Danac-029 c/fortenza duo,Semillas,2025,2025-06-20 00:00:00+00,P09,"L17 LOTE SANTACRUZ II-LOTE 11, 12 Y 13",2025
f51fca7c,ee86c3ee,2a279588,277.43,369.91,0.045,0.06,1.55,34.5,178.7,MyCossed,Agroquímicos,2025,2025-05-30 00:00:00+00,P08,L01 LOTE-01,2025
f52b729a,b5d16af5,3072d084,674.13,632,1.6,1.5,46.88,29.3,14.38,Gadriano 30 OD,Agroquímicos,2025,2025-08-24 00:00:00+00,G02,L02 LOTE EL TANQUE-B,2025
f53a3a48,5613ee89,2a279588,11.73,213.37,0.067,0.06,0.07,0.98,178.7,MyCossed,Agroquímicos,2025,2025-06-20 00:00:00+00,P09,L10 LOTE SANTACRUZ II-LOTE 2B,2025
f5492beb,3378edec,8a4ab665,211.82,127.09,0.2,0.12,3.4,17,62.3,Eminente 45 WG,Agroquímicos,2025,2025-08-20 00:00:00+00,G04,L07 LOTE B,2025
f55b0e22,83db5ab0,de6596dc,94.67,94.67,0.065,0.065,2.15,33.1,44,Grafito,Semillas,2025,2025-06-10 00:00:00+00,G07,L01 LOTE SAMANCITO,2025
f56ea6ec,ceffb943,cc210393,25.05,50.94,0.11,0.2,1.96,17.79,12.8,CatheClean,Agroquímicos,2025,2025-07-20 00:00:00+00,P09,L10 LOTE SANTACRUZ II-LOTE 2B,2025
f5867558,87d2dddf,b6a9d42e,2205,4495.4,1.5,1.3,15.75,10.5,140,Maíz: Danac-029 c/fortenza duo,Semillas,2025,2025-05-07 00:00:00+00,P09,L08 LOTE SANTACRUZ II-LOTE 1,2025
f5a51aa3,1fa154a7,cc210393,32.48,51.97,0.125,0.2,2.54,20.3,12.8,CatheClean,Agroquímicos,2025,2025-05-25 00:00:00+00,G04,L08 LOTE C,2025
f5b01beb,d6693528,bdac1da2,810,0,0.3,0,4.5,15,180,Cal dolomítica,Enmienda,2025,2025-05-15 00:00:00+00,G05,L03 LOTE LA PIEDRA,2025
f5be5eac,cb4587ce,f886ec2d,28.99,28.99,0.5,0.5,5.3,10.6,5.47,"SoloPasto 30,41SL (plicorán+2,4D)",Agroquímicos,2025,2025-05-15 00:00:00+00,P02,L02 LOTE 2A,2025
f5c11dcf,fa4239b5,790b615c,103.85,0,0.5,0,10.5,21,9.89,Yamur 25EW,Agroquímicos,2025,2025-06-21 00:00:00+00,C01,PERLA LOTE 01,2025
f5cc5ca5,9c7eba35,de256ae0,423.64,801,2,2,47.6,23.8,8.9,QuelaTech Micros,Fertilizantes,2025,2025-07-14 00:00:00+00,G02,L03 LOTE IGUANITAS,2025
f5d9339b,18ade695,2a279588,413.87,503.93,0.06,0.06,2.32,38.6,178.7,MyCossed,Agroquímicos,2025,2025-06-05 00:00:00+00,G06,L02 LA REPRESA LOTE A,2025
f5ee8cf6,0862a6ab,cc210393,59.9,59.9,0.2,0.2,4.68,23.4,12.8,CatheClean,Agroquímicos,2025,2025-08-18 00:00:00+00,G03,L05 CASA DE TABLA ARRIBA A,2025
f5f9581d,740e30d5,8a4ab665,45.23,136.06,0.2,0.12,0.73,3.63,62.3,Eminente 45 WG,Agroquímicos,2025,2025-06-05 00:00:00+00,P09,L15 LOTE SANTACRUZ II-LOTE 6B,2025
f5f993eb,8937141a,c2541310,126.45,151.74,0.25,0.3,7.5,30,16.86,Alfamilo 90SP,Agroquímicos,2025,2025-07-07 00:00:00+00,P07,L02 LOTE 3B,2025
f5fd5ae2,63fccba3,8a4ab665,357.6,214.56,0.2,0.12,5.74,28.7,62.3,Eminente 45 WG,Agroquímicos,2025,2025-08-12 00:00:00+00,G05,L09 LOTE RAMIREZ B,2025
f63d1a37,80eaf641,cc210393,21.76,69.12,0.1,0.2,1.7,17,12.8,CatheClean,Agroquímicos,2025,2025-06-25 00:00:00+00,P11,L03 LOTE-06,2025
f63d3b43,8122f11b,44237940,21.45,114.08,2.5,1.5,5.5,2.2,3.9,Alfaxone Super 20 SL,Agroquímicos,2025,2025-11-19 00:00:00+00,G03,L03 LOTE ALFARERO D,2025
f67df83d,42523ddf,50ea012e,211.2,211.2,3,3,48,16,4.4,Alfasato 48 SL (glifosato),Agroquímicos,2025,2025-07-16 00:00:00+00,P03,L04 LA NEGRA,2025
f6808482,86f5ac28,50ea012e,244.2,244.2,3,3,55.5,18.5,4.4,Alfasato 48 SL (glifosato),Agroquímicos,2025,2025-06-16 00:00:00+00,G05,L03 LOTE LA PIEDRA,2025
f6b76906,8fef547a,c2541310,28.66,85.99,0.1,0.3,1.7,17,16.86,Alfamilo 90SP,Agroquímicos,2025,2025-05-24 00:00:00+00,G04,L07 LOTE B,2025
f6b9a44d,994f4a16,50ea012e,198,198,3,3,45,15,4.4,Alfasato 48 SL (glifosato),Agroquímicos,2025,2025-05-29 00:00:00+00,P06,L05 LOTE-03 C,2025
f6d99164,b7294074,de6596dc,85.8,85.8,0.065,0.065,1.95,30,44,Grafito,Semillas,2025,2025-07-10 00:00:00+00,G02,L05 LA CAGADA,2025
f6fac7e7,b0af603a,ebc8d614,2178.72,2541.84,3,3.5,81.6,27.2,26.7,"Nitro Evolution: 40-00-00/5,76S",Fertilizantes,2025,2025-08-05 00:00:00+00,G01,L02 LOTE LOS MANGOS,2025
f6fd6b1c,ab267fdc,2a279588,116.16,188.71,0.065,0.06,0.65,10,178.7,MyCossed,Agroquímicos,2025,2025-06-30 00:00:00+00,P03,L18 LOTE LA LAGUNA,2025
f70ac4cb,ff19a30a,73a629e4,236.28,472.57,0.5,1,11.3,22.6,20.91,Jupiter 25 EC (piraclostrobina),Agroquímicos,2025,2025-07-02 00:00:00+00,G03,L07 EL DESQUITE A,2025
f70d3f1d,7ba77497,bca12c05,126.15,0,0.25,0,3.75,15,33.64,Alfasystin,Agroquímicos,2025,2025-07-08 00:00:00+00,P06,L05 LOTE-03 C,2025
f710625a,0c767aa9,2a279588,99.71,99.71,0.06,0.06,0.56,9.3,178.7,MyCossed,Agroquímicos,2025,2025-06-07 00:00:00+00,G03,L01 LOTE ALFARERO A,2025
f7131db6,2d424805,f886ec2d,35.83,35.83,0.5,0.5,6.55,13.1,5.47,"SoloPasto 30,41SL (plicorán+2,4D)",Agroquímicos,2025,2025-05-15 00:00:00+00,P02,L04 LOTE 2B,2025
f722b96d,63fccba3,de256ae0,510.86,510.86,2,2,57.4,28.7,8.9,QuelaTech Micros,Fertilizantes,2025,2025-08-12 00:00:00+00,G05,L09 LOTE RAMIREZ B,2025
f728ce97,15093c22,cc210393,27.01,76.03,0.1,0.2,2.11,21.1,12.8,CatheClean,Agroquímicos,2025,2025-06-09 00:00:00+00,P11,L05 LOTE 7B,2025
f7348e7c,f5f9a382,73a629e4,268.69,537.39,0.5,1,12.85,25.7,20.91,Jupiter 25 EC (piraclostrobina),Agroquímicos,2025,2025-08-15 00:00:00+00,G05,L08 LOTE RAMIREZ A,2025
f757e405,6bedb85e,de256ae0,580.28,580.28,2,2,65.2,32.6,8.9,QuelaTech Micros,Fertilizantes,2025,2025-07-14 00:00:00+00,G05,L01 LOTE BAJO DE LOMA,2025
f75bc818,8314c53d,79e8c679,43.85,438.48,0.4,4,6.96,17.4,6.3,Pasto: Brachiara Ruziziensis,Semillas,2025,2025-08-24 00:00:00+00,G02,L01 LOTE EL TANQUE-A,2025
f78a3ea2,77c62494,cc210393,22.27,44.54,0.1,0.2,1.74,17.4,12.8,CatheClean,Agroquímicos,2025,2025-07-03 00:00:00+00,G02,L01 LOTE EL TANQUE-A,2025
f79d844a,55fd6e56,de256ae0,418.3,418.3,2,2,47,23.5,8.9,QuelaTech Micros,Fertilizantes,2025,2025-08-11 00:00:00+00,G05,L07 LOTE MATA PALO,2025
f7c408ab,ef7839c4,73a629e4,59.59,119.19,0.5,1,2.85,5.7,20.91,Jupiter 25 EC (piraclostrobina),Agroquímicos,2025,2025-06-19 00:00:00+00,G04,L04 LOTE LOMA BARRIGA,2025
f7debf5f,ad490e1d,de6596dc,49.76,49.76,0.065,0.065,1.13,17.4,44,Grafito,Semillas,2025,2025-06-17 00:00:00+00,G02,L01 LOTE EL TANQUE-A,2025
f7e8d6c0,55ad8438,79e8c679,612.36,612.36,4,4,97.2,24.3,6.3,Pasto: Brachiara Ruziziensis,Semillas,2025,2025-07-13 00:00:00+00,G03,L06 CASA DE TABLA ARRIBA B,2025
f811d284,10adef45,bca12c05,378.45,0,0.25,0,11.25,45,33.64,Alfasystin,Agroquímicos,2025,2025-08-24 00:00:00+00,G02,L03 LOTE IGUANITAS,2025
f82d1135,ac2c561d,79e8c679,529.2,529.2,4,4,84,21,6.3,Pasto: Brachiara Ruziziensis,Semillas,2025,2025-07-13 00:00:00+00,G03,L04 LOTE ARBOLOTE ARRIBA A,2025
f83b4e54,9be40d57,aa72374c,532.59,532.59,2.5,2.5,61.5,24.6,8.66,Pendialfa 50 EC,Agroquímicos,2025,2025-06-08 00:00:00+00,G03,L13 LOTE LOS CARO-02 B,2025
f84791c2,011fefec,8a4ab665,249.2,149.52,0.2,0.12,4,20,62.3,Eminente 45 WG,Agroquímicos,2025,2025-08-11 00:00:00+00,G03,L12 LOTE LOS CARO-02 A,2025
f853f5f4,419da795,ebc8d614,1933.08,1691.45,4,3.5,72.4,18.1,26.7,"Nitro Evolution: 40-00-00/5,76S",Fertilizantes,2025,2025-06-26 00:00:00+00,P11,L02 LOTE 5B,2025
f8628ab6,002af2f0,cc210393,3.52,14.08,0.05,0.2,0.28,5.5,12.8,CatheClean,Agroquímicos,2025,2025-07-31 00:00:00+00,G01,L07 LOTE EL DRAGAL 1-1,2025
f86b7aed,02a36d49,8a4ab665,264.15,158.49,0.2,0.12,4.24,21.2,62.3,Eminente 45 WG,Agroquímicos,2025,2025-08-20 00:00:00+00,G04,L02 LOTE CIRUELA ARRIBA,2025
f86c966a,30467c43,cc210393,57.34,57.34,0.2,0.2,4.48,22.4,12.8,CatheClean,Agroquímicos,2025,2025-05-15 00:00:00+00,P02,L06 LOTE-04,2025
f86e6566,4b22a0bf,b6a9d42e,1856.4,1856.4,1.3,1.3,13.26,10.2,140,Maíz: Danac-029 c/fortenza duo,Semillas,2025,2025-05-26 00:00:00+00,G04,L03 LOTE LOMA AMARILLA,2025
f87ddd92,c3d8e26d,c1d751bb,75.33,150.66,0.1,0.2,0.93,9.3,81,Bacillus Thuringiensis,Agroquímicos,2025,2025-07-02 00:00:00+00,G03,L01 LOTE ALFARERO A,2025
f8b27ad7,d8761167,bdac1da2,2556,0,1,0,14.2,14.2,180,Cal dolomítica,Enmienda,2025,2025-04-29 00:00:00+00,P03,L12 LOTE L2E,2025
f8d2a745,43b00c16,73a629e4,270.78,541.57,0.5,1,12.95,25.9,20.91,Jupiter 25 EC (piraclostrobina),Agroquímicos,2025,2025-07-07 00:00:00+00,P07,L03 LOTE 3C,2025
f8f32957,f5c69be6,b46d6dc9,4974.2,4974.2,7,7,119,17,41.8,"4,28N-18,52P-17,12K/5,51S+6,1MgO+0,68B+2,28Zn",Fertilizantes,2025,2025-08-05 00:00:00+00,G04,L07 LOTE B,2025
f8fb1c60,502701a2,cc210393,7.04,14.08,0.1,0.2,0.55,5.5,12.8,CatheClean,Agroquímicos,2025,2025-06-05 00:00:00+00,G01,L07 LOTE EL DRAGAL 1-1,2025
f9416512,02d8638b,c1d751bb,143.37,286.74,0.1,0.2,1.77,17.7,81,Bacillus Thuringiensis,Agroquímicos,2025,2025-06-18 00:00:00+00,G01,L06 LOTE EL DRAGAL 4B,2025
f94260a7,840e508c,d73f9b82,0,0,1,,17,17,,Alfavin,Agroquímicos,2025,2025-08-20 00:00:00+00,G04,L07 LOTE B,2025
f98295b5,f8103c83,c2541310,22.09,66.26,0.1,0.3,1.31,13.1,16.86,Alfamilo 90SP,Agroquímicos,2025,2025-06-16 00:00:00+00,G05,L04 LOTE LOCACIÓN A,2025
f998e5ae,3eb029ce,d19aa794,131.52,0,0.5,,4.4,8.8,29.89,Super Barre 55 EC,Agroquímicos,2025,2025-08-12 00:00:00+00,G01,L05 LOTE EL DRAGAL 2-1,2025
f9bba0e4,3e50dcac,b275b7cf,3416,4697,4,5.5,122,30.5,28,"25,46N-00P-21,81K/3,66S",Fertilizantes,2025,2025-08-05 00:00:00+00,P03,L15 LOTE LAS 60 B,2025
f9c49b3b,0e1d0649,b46d6dc9,994.84,994.84,7,7,23.8,3.4,41.8,"4,28N-18,52P-17,12K/5,51S+6,1MgO+0,68B+2,28Zn",Fertilizantes,2025,2025-06-16 00:00:00+00,G01,L03 LOTE DETRÁS DE LA CASA B,2025
f9cba6c6,70784496,b275b7cf,1075.2,1478.4,4,5.5,38.4,9.6,28,"25,46N-00P-21,81K/3,66S",Fertilizantes,2025,2025-08-05 00:00:00+00,G01,L01 LOTE DETRÁS DE LA CASA OESTE,2025
f9f04d9e,2a6c53c7,50ea012e,510.4,382.8,4,3,116,29,4.4,Alfasato 48 SL (glifosato),Agroquímicos,2025,2025-05-10 00:00:00+00,C01,PERLA LOTE 06,2025
f9f43403,ca3321ff,cc210393,70.34,40.19,0.35,0.2,5.5,15.7,12.8,CatheClean,Agroquímicos,2025,2025-05-05 00:00:00+00,P04,L02 LOTE-02,2025
fa0bb24d,a6822ece,cc210393,85.32,85.32,0.2,0.2,6.67,33.33,12.8,CatheClean,Agroquímicos,2025,2025-08-10 00:00:00+00,G03,L10 LOTE LA TRINCHERA B,2025
fa1e4c91,ca543aea,cc210393,27.48,40.7,0.135,0.2,2.15,15.9,12.8,CatheClean,Agroquímicos,2025,2025-08-12 00:00:00+00,G05,L02 LOTE COCO LOMA GRANDE,2025
faa16932,540e97d5,cc210393,12.29,24.58,0.1,0.2,0.96,9.6,12.8,CatheClean,Agroquímicos,2025,2025-05-19 00:00:00+00,G01,L01 LOTE DETRÁS DE LA CASA OESTE,2025
faa4810c,e228b868,aa72374c,367.18,458.98,2,2.5,42.4,21.2,8.66,Pendialfa 50 EC,Agroquímicos,2025,2025-05-27 00:00:00+00,G04,L02 LOTE CIRUELA ARRIBA,2025
fabec9e8,89fd8d63,9316143b,36.55,0,1,,3.63,3.63,10.07,Alfyrinex,Agroquímicos,2025,2025-07-10 00:00:00+00,P09,L15 LOTE SANTACRUZ II-LOTE 6B,2025
fac1cbad,bb9a7dd9,b46d6dc9,6754.88,5910.52,8,7,161.6,20.2,41.8,"4,28N-18,52P-17,12K/5,51S+6,1MgO+0,68B+2,28Zn",Fertilizantes,2025,2025-05-25 00:00:00+00,P11,L04 LOTE 7A,2025
facb3994,d14a2a6d,50ea012e,194.04,392.04,3,3,44.1,14.7,4.4,Alfasato 48 SL (glifosato),Agroquímicos,2025,2025-07-17 00:00:00+00,P03,L11 LOTE L2D2,2025
fadb1bc5,bcd075db,bca12c05,148.35,0,0.3,0,4.41,14.7,33.64,Alfasystin,Agroquímicos,2025,2025-07-06 00:00:00+00,G05,L05 LOTE LOMA 1,2025
faf4b998,1d3a8fe0,8a4ab665,224.28,224.28,0.12,0.12,3.6,30,62.3,Eminente 45 WG,Agroquímicos,2025,2025-08-12 00:00:00+00,G02,L05 LA CAGADA,2025
fb0a3ac4,db2bf835,cc210393,71.36,78.59,0.25,0.2,5.58,22.3,12.8,CatheClean,Agroquímicos,2025,2025-06-01 00:00:00+00,G06,L04 LA REPRESA LOTE C,2025
fb28db48,dff4e1c6,50ea012e,394.24,295.68,4,3,89.6,22.4,4.4,Alfasato 48 SL (glifosato),Agroquímicos,2025,2025-05-21 00:00:00+00,P03,L08 LOTE L2B,2025
fb2b31ca,95d2cb90,bdac1da2,990,0,1,0,5.5,5.5,180,Cal dolomítica,Enmienda,2025,2025-05-08 00:00:00+00,G01,L07 LOTE EL DRAGAL 1-1,2025
fb35b4ef,7dbf553d,3072d084,306.29,532.78,1.5,1.5,21.3,14.2,14.38,Gadriano 30 OD,Agroquímicos,2025,2025-06-05 00:00:00+00,P09,L08 LOTE SANTACRUZ II-LOTE 1,2025
fb372994,0afbea47,b275b7cf,1355.2,1863.4,4,5.5,48.4,12.1,28,"25,46N-00P-21,81K/3,66S",Fertilizantes,2025,2025-07-14 00:00:00+00,P03,L17 LOTE EL CUADRITO,2025
fb421479,10684511,cc210393,6.9,58.88,0.1,0.2,0.54,5.39,12.8,CatheClean,Agroquímicos,2025,2025-07-17 00:00:00+00,P03,L09 LOTE L2C,2025
fb4229a8,26877f46,b275b7cf,1041.6,1432.2,4,5.5,37.2,9.3,28,"25,46N-00P-21,81K/3,66S",Fertilizantes,2025,2025-08-05 00:00:00+00,G01,L04 LOTE EL DRAGAL 2B,2025
fb76f56c,031febc3,cc210393,9.4,9.4,0.2,0.2,0.73,3.67,12.8,CatheClean,Agroquímicos,2025,2025-08-18 00:00:00+00,G03,L14 LOTE LOS CARO-01,2025
fb82c28b,dc9f2af9,c8ffca92,7.4,7.4,0.05,0.05,0.93,18.5,8,Trampa de feromonas,Agroquímicos,2025,2025-07-07 00:00:00+00,G05,L03 LOTE LA PIEDRA,2025
fb968bf1,69e7a831,79e8c679,176.4,176.4,4,4,28,7,6.3,Pasto: Brachiara Ruziziensis,Semillas,2025,2025-07-03 00:00:00+00,G01,L08 LOTE EL MANGO C,2025
fbcbc67a,d1a9c8b7,de6596dc,83.6,54.34,0.1,0.065,1.9,19,44,Grafito,Semillas,2025,2025-05-19 00:00:00+00,P03,L10 LOTE L2D1,2025
fbd2a076,30dbc879,c1d751bb,121.5,458.46,0.1,0.2,1.5,15,81,Bacillus Thuringiensis,Agroquímicos,2025,2025-06-19 00:00:00+00,G06,L03 LA REPRESA LOTE B,2025
fbd3680f,3b39cdf3,c1d751bb,114.21,228.42,0.1,0.2,1.41,14.1,81,Bacillus Thuringiensis,Agroquímicos,2025,2025-06-20 00:00:00+00,P04,L01 LOTE-01,2025
fbd731d7,9e3f931b,79e8c679,569.52,569.52,4,4,90.4,22.6,6.3,Pasto: Brachiara Ruziziensis,Semillas,2025,2025-07-13 00:00:00+00,G03,L07 EL DESQUITE A,2025
fbe6815d,b2a8690f,cc210393,66.56,66.56,0.2,0.2,5.2,26,12.8,CatheClean,Agroquímicos,2025,2025-05-01 00:00:00+00,C01,PERLA LOTE 04,2025
fbe7b21b,6db73a05,bfe0f583,0,0,2,0,15,7.5,,Atrazina,Agroquímicos,2025,2025-08-19 00:00:00+00,G03,L12 LOTE LOS CARO-02 A,2025
fbf36def,a50cbfc2,de6596dc,20.2,29.17,0.045,0.065,0.46,10.2,44,Grafito,Semillas,2025,2025-05-26 00:00:00+00,G04,L03 LOTE LOMA AMARILLA,2025
fc098760,79044130,8a4ab665,176.93,104.66,0.2,0.12,2.84,14.2,62.3,Eminente 45 WG,Agroquímicos,2025,2025-06-20 00:00:00+00,P03,L12 LOTE L2E,2025
fc14a8ca,4cb2866d,50ea012e,439.96,439.96,3,3,99.99,33.33,4.4,Alfasato 48 SL (glifosato),Agroquímicos,2025,2025-06-17 00:00:00+00,G03,L10 LOTE LA TRINCHERA B,2025
fc3adf94,0f5eeec5,f886ec2d,64.82,64.82,0.5,0.5,11.85,23.7,5.47,"SoloPasto 30,41SL (plicorán+2,4D)",Agroquímicos,2025,2025-05-15 00:00:00+00,P02,L05 LOTE-03,2025
fc543ab4,fd87bd69,3072d084,661.48,496.11,2,1.5,46,23,14.38,Gadriano 30 OD,Agroquímicos,2025,2025-07-22 00:00:00+00,P03,L16 LOTE LOS MANGOS,2025
fc552346,79044130,790b615c,70.22,0,0.5,0,7.1,14.2,9.89,Yamur 25EW,Agroquímicos,2025,2025-06-20 00:00:00+00,P03,L12 LOTE L2E,2025
fc76c513,c1a5c96d,8a4ab665,211.82,201.85,0.2,0.12,3.4,17,62.3,Eminente 45 WG,Agroquímicos,2025,2025-06-25 00:00:00+00,P11,L03 LOTE-06,2025
fc862562,7545fd00,ebc8d614,387.68,1700.79,4,3.5,14.52,3.63,26.7,"Nitro Evolution: 40-00-00/5,76S",Fertilizantes,2025,2025-06-10 00:00:00+00,P09,L15 LOTE SANTACRUZ II-LOTE 6B,2025
fc91f61b,2aa00293,61e0f8a6,6143.8,0,1.3,0,26,20,236.3,Dekalb 410,Semillas,2025,2025-07-30 00:00:00+00,P06,L03 LOTE-03 A,2025
fca482b3,7e378e34,50ea012e,204.16,253.44,4,3,46.4,11.6,4.4,Alfasato 48 SL (glifosato),Agroquímicos,2025,2025-07-06 00:00:00+00,P09,L01 LOTE SANTACRUZ I-LOTE 1,2025
fcd2be58,b8f5a108,de6596dc,23.96,34.61,0.045,0.065,0.54,12.1,44,Grafito,Semillas,2025,2025-06-30 00:00:00+00,P03,L17 LOTE EL CUADRITO,2025
fcd7c2c6,52f91a47,ebc8d614,1810.26,2111.97,3,3.5,67.8,22.6,26.7,"Nitro Evolution: 40-00-00/5,76S",Fertilizantes,2025,2025-07-10 00:00:00+00,G03,L07 EL DESQUITE A,2025
fcdc3f76,7601064e,b57fd6f9,30.05,0,0.25,,1.66,6.64,18.1,Agripega 100,Agroquímicos,2025,2025-07-10 00:00:00+00,P09,L13 LOTE SANTACRUZ II-LOTE 5B,2025
fce03d09,288fa73e,aa72374c,152.42,190.52,2,2.5,17.6,8.8,8.66,Pendialfa 50 EC,Agroquímicos,2025,2025-05-23 00:00:00+00,G01,L05 LOTE EL DRAGAL 2-1,2025
fd111de9,ca3321ff,50ea012e,276.32,207.24,4,3,62.8,15.7,4.4,Alfasato 48 SL (glifosato),Agroquímicos,2025,2025-05-05 00:00:00+00,P04,L02 LOTE-02,2025
fd7e7ace,79033947,cc210393,10.54,33.54,0.135,0.2,0.82,6.1,12.8,CatheClean,Agroquímicos,2025,2025-07-14 00:00:00+00,G05,L04 LOTE LOCACIÓN A,2025
fd933cca,441dad8a,73a629e4,104.55,209.1,0.5,1,5,10,20.91,Jupiter 25 EC (piraclostrobina),Agroquímicos,2025,2025-06-19 00:00:00+00,G01,L09 LOTE EL DRAGAL 3B,2025
fdad2776,22ea0694,bdac1da2,1668.6,0,0.3,0,9.27,30.9,180,Cal dolomítica,Enmienda,2025,2025-05-11 00:00:00+00,G03,L15 LOTE SALTO DEL MIRA A,2025
fdbed376,bc8e1726,3072d084,520.38,470.23,1.66,1.5,36.19,21.8,14.38,Gadriano 30 OD,Agroquímicos,2025,2025-07-03 00:00:00+00,G03,L09 LOTE LA TRINCHERA A,2025
fdcb0a3d,3378edec,de256ae0,302.6,302.6,2,2,34,17,8.9,QuelaTech Micros,Fertilizantes,2025,2025-08-20 00:00:00+00,G04,L07 LOTE B,2025
fe06d7d7,b903496c,c2541310,16.69,80.42,0.1,0.3,0.99,9.9,16.86,Alfamilo 90SP,Agroquímicos,2025,2025-06-16 00:00:00+00,G05,L02 LOTE COCO LOMA GRANDE,2025
fe0976a5,4f1f83bb,c2541310,53.78,161.35,0.1,0.3,3.19,31.9,16.86,Alfamilo 90SP,Agroquímicos,2025,2025-08-20 00:00:00+00,P09,L05 LOTE SANTACRUZ I-LOTE 5,2025
fe18ce6b,4e7530e3,cc210393,25.4,37.63,0.135,0.2,1.98,14.7,12.8,CatheClean,Agroquímicos,2025,2025-07-14 00:00:00+00,G05,L05 LOTE LOMA 1,2025
fe20c7dc,c3c5e5d3,d73f9b82,0,0,1,,3.67,3.67,,Alfavin,Agroquímicos,2025,2025-08-11 00:00:00+00,G03,L14 LOTE LOS CARO-01,2025
fe243a00,be7adb89,50ea012e,264,264,3,3,60,20,4.4,Alfasato 48 SL (glifosato),Agroquímicos,2025,2025-05-18 00:00:00+00,G01,L12 LOTE EL MANGO B,2025
fe275ed4,666e80c0,cc210393,49.59,73.47,0.135,0.2,3.87,28.7,12.8,CatheClean,Agroquímicos,2025,2025-07-14 00:00:00+00,G05,L06 LOTE LOMA 2,2025
fe32b939,bbbdc86c,e1ff11f4,0,0,1000,1,20800,20.8,,Pase de rastra,Enmienda,2025,2025-05-06 00:00:00+00,G04,L06 LOTE A,2025
fe3363be,b903496c,cc210393,25.34,40.7,0.2,0.2,1.98,9.9,12.8,CatheClean,Agroquímicos,2025,2025-06-16 00:00:00+00,G05,L02 LOTE COCO LOMA GRANDE,2025
fe502c41,0953f75e,8a4ab665,336.42,201.85,0.2,0.12,5.4,27,62.3,Eminente 45 WG,Agroquímicos,2025,2025-06-25 00:00:00+00,P11,L03 LOTE-06,2025
fe6a9e74,51a1ad90,2a279588,1858.48,278.77,0.4,0.06,10.4,26,178.7,MyCossed,Agroquímicos,2025,2025-05-19 00:00:00+00,C01,PERLA LOTE 04,2025
fe6ec6f2,a99514fe,b275b7cf,2374.4,3264.8,4,5.5,84.8,21.2,28,"25,46N-00P-21,81K/3,66S",Fertilizantes,2025,2025-08-05 00:00:00+00,G04,L02 LOTE CIRUELA ARRIBA,2025
fe81de4d,3db9b88e,cc210393,22.64,33.54,0.135,0.2,1.77,13.1,12.8,CatheClean,Agroquímicos,2025,2025-07-06 00:00:00+00,G05,L04 LOTE LOCACIÓN A,2025
fe882400,0375b556,50ea012e,409.2,402.6,3,3,93,31,4.4,Alfasato 48 SL (glifosato),Agroquímicos,2025,2025-05-31 00:00:00+00,P03,L14 LOTE LAS 60 A LOTE,2025
fe8ee48e,b36351de,bca12c05,206.89,0,0.25,0,6.15,24.6,33.64,Alfasystin,Agroquímicos,2025,2025-07-02 00:00:00+00,G03,L13 LOTE LOS CARO-02 B,2025
fee1cb4c,25e2a2a9,ebc8d614,289.7,654.15,3.5,3.5,10.85,3.1,26.7,"Nitro Evolution: 40-00-00/5,76S",Fertilizantes,2025,2025-07-01 00:00:00+00,C01,PERLA LOTE 2A,2025
fee6f93d,90a99b0b,b46d6dc9,1345.96,1345.96,7,7,32.2,4.6,41.8,"4,28N-18,52P-17,12K/5,51S+6,1MgO+0,68B+2,28Zn",Fertilizantes,2025,2025-06-20 00:00:00+00,P06,L04 LOTE-03 B,2025
feee804d,e85b00d0,de256ae0,40.94,81.88,1,2,4.6,4.6,8.9,QuelaTech Micros,Fertilizantes,2025,2025-08-05 00:00:00+00,P06,L04 LOTE-03 B,2025
ff104619,1a7128e5,3072d084,258.84,414.14,1.5,1.5,18,12,14.38,Gadriano 30 OD,Agroquímicos,2025,2025-07-13 00:00:00+00,P09,L01 LOTE SANTACRUZ I-LOTE 1,2025
ff174314,18d93e22,de256ae0,515.31,836.6,1.5,2,57.9,38.6,8.9,QuelaTech Micros,Fertilizantes,2025,2025-07-03 00:00:00+00,G06,L02 LA REPRESA LOTE A,2025
ff415e77,ec15b336,d73f9b82,0,0,1,,7,7,,Alfavin,Agroquímicos,2025,2025-08-12 00:00:00+00,G01,L08 LOTE EL MANGO C,2025
ff53f4b3,a9d222c8,2a279588,61.56,246.61,0.065,0.06,0.34,5.3,178.7,MyCossed,Agroquímicos,2025,2025-06-23 00:00:00+00,P03,L09 LOTE L2C,2025
ff971b6b,131691a0,73a629e4,323.06,646.12,0.5,1,15.45,30.9,20.91,Jupiter 25 EC (piraclostrobina),Agroquímicos,2025,2025-07-02 00:00:00+00,G03,L15 LOTE SALTO DEL MIRA A,2025
ffafb921,ee4b6c68,bca12c05,133.72,0,0.25,0,3.98,15.9,33.64,Alfasystin,Agroquímicos,2025,2025-05-22 00:00:00+00,P04,L04 LOTE 25 ha A,2025
ffddf1f7,e63d810e,3072d084,295.51,627.69,1.5,1.5,20.55,13.7,14.38,Gadriano 30 OD,Agroquímicos,2025,2025-06-09 00:00:00+00,P11,L06 LOTE 7C,2025
ffe4f325,b224fed3,44237940,201.83,201.83,1.5,1.5,51.75,34.5,3.9,Alfaxone Super 20 SL,Agroquímicos,2025,2025-05-30 00:00:00+00,P08,L01 LOTE-01,2025
PR-2026-0001,,,,,0.2,,,26.5,,Cal agrícola,Enmienda,,,,L01 LOTE 1A,2026
PR-2026-0002,,,,,0.2,,,26.3,,Cal agrícola,Enmienda,,,,L06 LOTE-04,2026
PR-2026-0003,,,,,0.2,,,22.4,,Cal agrícola,Enmienda,,,,L07 LOTE-05,2026
PR-2026-0004,,,,,0.3,,,9.2,,Cal agrícola,Enmienda,,,,L08 LOTE-06,2026
PR-2026-0005,,,,,0.2,,,7.9,,Cal agrícola,Enmienda,,,,L09 LOTE-07,2026
PR-2026-0006,,,,,0.2,,,17.7,,Cal agrícola,Enmienda,,,,L10 LOTE-08,2026
PR-2026-0007,,,,,0.2,,,32.1,,Cal agrícola,Enmienda,,,,L11 LOTE-09,2026
PR-2026-0008,,,,,1.5,,,23,,KMAG,Fertilizante,,,,Villa Marina 1,2026
PR-2026-0009,,,,,1.5,,,21,,KMAG,Fertilizante,,,,Villa Marina 2,2026
PR-2026-0010,,,,,1.5,,,21.7,,KMAG,Fertilizante,,,,L05 CASA DE TABLA ARRIBA A,2026
PR-2026-0011,,,,,1.5,,,23.6,,KMAG,Fertilizante,,,,L06 CASA DE TABLA ARRIBA B,2026
PR-2026-0012,,,,,1.5,,,25.75,,KMAG,Fertilizante,,,,Molino Escabezao 4,2026
PR-2026-0013,,,,,1.5,,,17.19,,KMAG,Fertilizante,,,,Frijolero Oeste,2026
PR-2026-0014,,,,,1.5,,,30.46,,KMAG,Fertilizante,,,,La Ceiba,2026
PR-2026-0015,,,,,1.5,,,45.11,,KMAG,Fertilizante,,,,La Padillera 1,2026
PR-2026-0016,,,,,1.5,,,36.87,,KMAG,Fertilizante,,,,La Padillera 2,2026
PR-2026-0017,,,,,0.2,,,6.78,,Cal agrícola,Enmienda,,,,Las Coromoticos 1,2026
PR-2026-0018,,,,,1,,,6.78,,Magniplus,Enmienda,,,,Las Coromoticos 1,2026
PR-2026-0019,,,,,0.7,,,6.24,,Cal agrícola,Enmienda,,,,Las Coromoticos 2,2026
PR-2026-0020,,,,,1.5,,,29.86,,KMAG,Fertilizante,,,,Los Manguitos,2026
PR-2026-0021,,,,,0.7,,,34.66,,Cal agrícola,Enmienda,,,,Fabiana,2026
PR-2026-0022,,,,,1,,,34.66,,Magniplus,Enmienda,,,,Fabiana,2026
PR-2026-0023,,,,,1.5,,,14.1,,KMAG,Fertilizante,,,,LOTE-01,2026
PR-2026-0024,,,,,1.5,,,15.7,,KMAG,Fertilizante,,,,LOTE-02,2026
PR-2026-0025,,,,,0.7,,,16.4,,Cal agrícola,Enmienda,,,,LOTE-03,2026
PR-2026-0026,,,,,0.7,,,27.9,,Cal agrícola,Enmienda,,,,La Laguna,2026
PR-2026-0027,,,,,1,,,27.9,,Magniplus,Enmienda,,,,La Laguna,2026
PR-2026-0028,,,,,0.7,,,18.23,,Cal agrícola,Enmienda,,,,La Mora 1,2026
PR-2026-0029,,,,,1,,,18.23,,Magniplus,Enmienda,,,,La Mora 1,2026
PR-2026-0030,,,,,0.7,,,25.31,,Cal agrícola,Enmienda,,,,La Mora 2,2026
PR-2026-0031,,,,,1,,,25.31,,Magniplus,Enmienda,,,,La Mora 2,2026
PR-2026-0032,,,,,1,,,22.31,,Cal agrícola,Enmienda,,,,Dugarte 1,2026
PR-2026-0033,,,,,1,,,23.33,,Cal agrícola,Enmienda,,,,Dugarte 2,2026
PR-2026-0034,,,,,1,,,24.31,,Cal agrícola,Enmienda,,,,Dugarte 3,2026
PR-2026-0035,,,,,1,,,25.01,,Cal agrícola,Enmienda,,,,Dugarte 4,2026
PR-2026-0036,,,,,1.5,,,25.44,,KMAG,Fertilizante,,,,Las Niveladas 1,2026
PR-2026-0037,,,,,1.5,,,32.24,,KMAG,Fertilizante,,,,Las Niveladas 2,2026
PR-2026-0038,,,,,1.5,,,24.58,,KMAG,Fertilizante,,,,Las Niveladas 3,2026
PR-2026-0039,,,,,1.5,,,25.75,,KMAG,Fertilizante,,,,Las Niveladas 4,2026
PR-2026-0040,,,,,1,,,17.2,,Magniplus,Enmienda,,,,Candilero,2026
PR-2026-0041,,,,,0.7,,,16.8,,Cal agrícola,Enmienda,,,,Candirosa - Mango A,2026
PR-2026-0042,,,,,1,,,16.8,,Magniplus,Enmienda,,,,Candirosa - Mango A,2026
PR-2026-0043,,,,,1,,,17.3,,Magniplus,Enmienda,,,,Candirosa - Mango B,2026
PR-2026-0044,,,,,1.5,,,23.7,,KMAG,Fertilizante,,,,El Drago,2026
PR-2026-0045,,,,,1.5,,,9.4,,KMAG,Fertilizante,,,,El Mamon,2026
PR-2026-0046,,,,,1.5,,,25.4,,KMAG,Fertilizante,,,,Girasol,2026
PR-2026-0047,,,,,1.5,,,7.3,,KMAG,Fertilizante,,,,Guinea,2026
PR-2026-0048,,,,,1.5,,,8.3,,KMAG,Fertilizante,,,,La Batea,2026
PR-2026-0049,,,,,1.5,,,12.5,,KMAG,Fertilizante,,,,La Ceiba A,2026
PR-2026-0050,,,,,1.5,,,12.1,,KMAG,Fertilizante,,,,La Ceiba B,2026
PR-2026-0051,,,,,1.5,,,16.8,,KMAG,Fertilizante,,,,Los Viejos A,2026
PR-2026-0052,,,,,1.5,,,14.3,,KMAG,Fertilizante,,,,Los Viejos B,2026
PR-2026-0053,,,,,1.5,,,12.5,,KMAG,Fertilizante,,,,Tamarindo,2026
PR-2026-0054,,,,,1.5,,,12.83,,KMAG,Fertilizante,,,,L04 LOTE LOCACIÓN A,2026
PR-2026-0055,,,,,1,,,37.05,,Magniplus,Enmienda,,,,L07 LOTE MATA PALO,2026
PR-2026-0056,,,,,0.5,,,7.44,,Cal agrícola,Enmienda,,,,La Victoria 1,2026
PR-2026-0057,,,,,0.2,,,6.87,,Cal agrícola,Enmienda,,,,La Victoria 2,2026
PR-2026-0058,,,,,1.5,,,19.08,,Cal agrícola,Enmienda,,,,La Victoria 3,2026
PR-2026-0059,,,,,1.5,,,7.75,,Cal agrícola,Enmienda,,,,La Victoria 4,2026
PR-2026-0060,,,,,0.2,,,22.72,,Cal agrícola,Enmienda,,,,Chaparralito 2,2026
PR-2026-0061,,,,,1.5,,,21.29,,KMAG,Fertilizante,,,,El Olivo 3,2026
PR-2026-0062,,,,,1.5,,,22.9,,KMAG,Fertilizante,,,,La Aguadita 1,2026
PR-2026-0063,,,,,1.5,,,18.61,,KMAG,Fertilizante,,,,La Aguadita 2,2026
PR-2026-0064,,,,,1.5,,,24.31,,KMAG,Fertilizante,,,,La Aguadita 3,2026
PR-2026-0065,,,,,1.5,,,20.7,,KMAG,Fertilizante,,,,Los Toros 1,2026
PR-2026-0066,,,,,1,,,29.14,,Magniplus,Enmienda,,,,Los Toros 2,2026
PR-2026-0067,,,,,1.5,,,11.2,,KMAG,Fertilizante,,,,Grande,2026
PR-2026-0068,,,,,1.5,,,1.7,,KMAG,Fertilizante,,,,Las 3 ha,2026
PR-2026-0069,,,,,1.5,,,35.3,,KMAG,Fertilizante,,,,Pot Laguna grande,2026
PR-2026-0070,,,,,1.5,,,77.3,,KMAG,Fertilizante,,,,Parte baja Los Muertos,2026
PR-2026-0071,,,,,1.5,,,24.5,,KMAG,Fertilizante,,,,Parte alta Los Muertos+Puerta Azul,2026
PR-2026-0072,,,,,1.5,,,39.15,,KMAG,Fertilizante,,,,El Porvenir,2026
PR-2026-0073,,,,,1.5,,,15.23,,KMAG,Fertilizante,,,,La Palmita 1,2026
PR-2026-0074,,,,,1.5,,,29.51,,KMAG,Fertilizante,,,,La Palmita 2,2026
PR-2026-0075,,,,,1.5,,,31.87,,KMAG,Fertilizante,,,,Los Morochos 1,2026
PR-2026-0076,,,,,1.5,,,39.35,,KMAG,Fertilizante,,,,Los Morochos 2,2026
PR-2026-0077,,,,,1.5,,,35.39,,KMAG,Fertilizante,,,,Magallanes,2026
PR-2026-0078,,,,,1.5,,,27.28,,KMAG,Fertilizante,,,,El Carito 11,2026
PR-2026-0079,,,,,1.5,,,33.15,,KMAG,Fertilizante,,,,Eleodoro 1,2026
PR-2026-0080,,,,,1.5,,,32.99,,KMAG,Fertilizante,,,,Eleodoro 2,2026
PR-2026-0081,,,,,1.5,,,29.78,,KMAG,Fertilizante,,,,La Zorra 2,2026
PR-2026-0082,,,,,1.5,,,22.75,,KMAG,Fertilizante,,,,Tomate 21,2026
PR-2026-0083,,,,,1.5,,,33.94,,KMAG,Fertilizante,,,,Trinchera de Corcovado A1,2026
PR-2026-0084,,,,,1.5,,,37.43,,KMAG,Fertilizante,,,,Trinchera de Corcovado A2,2026
PR-2026-0085,,,,,1.5,,,31.63,,KMAG,Fertilizante,,,,Trinchera de Llano Adentro,2026
PR-2026-0086,,,,,0.2,,,23.91,,Cal agrícola,Enmienda,,,,Cosechadora Quemada 1,2026
PR-2026-0087,,,,,1.5,,,26.85,,KMAG,Fertilizante,,,,Cosechadora Quemada 3,2026
PR-2026-0088,,,,,0.2,,,25.54,,Cal agrícola,Enmienda,,,,Cosechadora Quemada 4,2026
PR-2026-0089,,,,,0.2,,,24.59,,Cal agrícola,Enmienda,,,,Detrás del Galpón 1,2026
PR-2026-0090,,,,,0.2,,,23.64,,Cal agrícola,Enmienda,,,,Detrás del Galpón 2,2026
PR-2026-0091,,,,,1.5,,,32.15,,KMAG,Fertilizante,,,,El Trailer 1,2026
PR-2026-0092,,,,,1.5,,,31.99,,KMAG,Fertilizante,,,,El Trailer 3,2026
PR-2026-0093,,,,,1.5,,,13.27,,KMAG,Fertilizante,,,,El Trailer 5,2026
PR-2026-0094,,,,,1.5,,,26.75,,KMAG,Fertilizante,,,,Leo 1,2026
PR-2026-0095,,,,,1.5,,,31.65,,KMAG,Fertilizante,,,,Leo 2,2026
PR-2026-0096,,,,,1.5,,,24.96,,KMAG,Fertilizante,,,,Leo 3,2026
PR-2026-0097,,,,,1.5,,,19.11,,KMAG,Fertilizante,,,,Leo 4,2026
PR-2026-0098,,,,,0.2,,,23.7,,Cal agrícola,Enmienda,,,,Los Pepes 1,2026
PR-2026-0099,,,,,0.2,,,29.3,,Cal agrícola,Enmienda,,,,Los Pepes 2,2026
PR-2026-0100,,,,,0.2,,,8.78,,Cal agrícola,Enmienda,,,,Los Pepes 3,2026
PR-2026-0101,,,,,1,,,8.78,,Magniplus,Enmienda,,,,Los Pepes 3,2026
PR-2026-0102,,,,,0.2,,,25.65,,Cal agrícola,Enmienda,,,,La Casa 2,2026
PR-2026-0103,,,,,1.5,,,25.23,,KMAG,Fertilizante,,,,La Casa 3,2026
PR-2026-0104,,,,,0.2,,,23.4,,Cal agrícola,Enmienda,,,,La Casa 4,2026
PR-2026-0105,,,,,1.5,,,29.88,,KMAG,Fertilizante,,,,La Casa 5,2026
PR-2026-0106,,,,,1.5,,,20.82,,KMAG,Fertilizante,,,,Parcela 212,2026
PR-2026-0107,,,,,1.5,,,32.78,,KMAG,Fertilizante,,,,Parcela 246,2026
PR-2026-0108,,,,,1.5,,,31.97,,KMAG,Fertilizante,,,,Parcela 273,2026
PR-2026-0109,,,,,1.5,,,65.39,,KMAG,Fertilizante,,,,Lote 1-2-3,2026
PR-2026-0110,,,,,1.5,,,14.42,,KMAG,Fertilizante,,,,Reina A,2026
PR-2026-0111,,,,,1.5,,,15.23,,KMAG,Fertilizante,,,,Reina B,2026
PR-2026-0112,,,,,1.5,,,33.95,,KMAG,Fertilizante,,,,Los Reyes 1,2026
PR-2026-0113,,,,,1.5,,,22.47,,KMAG,Fertilizante,,,,Los Reyes 4,2026
PR-2026-0114,,,,,1.5,,,29.17,,KMAG,Fertilizante,,,,Los Reyes 5,2026
PR-2026-0115,,,,,1.5,,,24.28,,KMAG,Fertilizante,,,,Los Vaquiros 1,2026
PR-2026-0116,,,,,1.5,,,35.35,,KMAG,Fertilizante,,,,Los Vaquiros 2,2026
PR-2026-0117,,,,,1.5,,,32,,KMAG,Fertilizante,,,,Caño El Loco 1,2026
PR-2026-0118,,,,,1.5,,,26.29,,KMAG,Fertilizante,,,,Caño El Loco 2,2026
PR-2026-0119,,,,,1.5,,,31.78,,KMAG,Fertilizante,,,,Cerro blanco,2026
PR-2026-0120,,,,,1.5,,,51.55,,KMAG,Fertilizante,,,,El Ataud,2026
PR-2026-0121,,,,,1.5,,,25.99,,KMAG,Fertilizante,,,,El Diablo 1,2026
PR-2026-0122,,,,,1.5,,,14.94,,KMAG,Fertilizante,,,,El Diablo 2,2026
PR-2026-0123,,,,,1.5,,,41.86,,KMAG,Fertilizante,,,,El Mamon,2026
PR-2026-0124,,,,,1.5,,,37.62,,KMAG,Fertilizante,,,,El Palmarital 1,2026
PR-2026-0125,,,,,1.5,,,24.05,,KMAG,Fertilizante,,,,El Palmarital 2,2026
PR-2026-0126,,,,,1.5,,,24.43,,KMAG,Fertilizante,,,,El Palmarital 3,2026
PR-2026-0127,,,,,1.5,,,14.3,,KMAG,Fertilizante,,,,El Palmarital 4,2026
PR-2026-0128,,,,,1.5,,,13.84,,KMAG,Fertilizante,,,,El Roble 1,2026
PR-2026-0129,,,,,1.5,,,34.78,,KMAG,Fertilizante,,,,El Roble 2 + El Roble 3,2026
PR-2026-0130,,,,,1.5,,,21.41,,KMAG,Fertilizante,,,,La Carretera 1,2026
PR-2026-0131,,,,,1.5,,,21.01,,KMAG,Fertilizante,,,,La Carretera 2,2026
PR-2026-0132,,,,,1.5,,,28.31,,KMAG,Fertilizante,,,,La Cuca 1,2026
PR-2026-0133,,,,,1.5,,,13.76,,KMAG,Fertilizante,,,,La Cuca 2,2026
PR-2026-0134,,,,,1.5,,,28.81,,KMAG,Fertilizante,,,,La Nueva 1,2026
PR-2026-0135,,,,,1.5,,,29.3,,KMAG,Fertilizante,,,,La Nueva 2,2026
PR-2026-0136,,,,,1.5,,,19.45,,KMAG,Fertilizante,,,,La Nueva 3,2026
PR-2026-0137,,,,,1.5,,,25.97,,KMAG,Fertilizante,,,,La Sociedad,2026
PR-2026-0138,,,,,1.5,,,23.46,,KMAG,Fertilizante,,,,Laguna Negra,2026
PR-2026-0139,,,,,1.5,,,29.44,,KMAG,Fertilizante,,,,Las Novillas,2026
PR-2026-0140,,,,,1.5,,,24.55,,KMAG,Fertilizante,,,,Los Palos 1,2026
PR-2026-0141,,,,,1.5,,,25.26,,KMAG,Fertilizante,,,,Los Palos 2,2026
PR-2026-0142,,,,,1.5,,,19.49,,KMAG,Fertilizante,,,,El Pablitero,2026
PR-2026-0143,,,,,1.5,,,20.64,,KMAG,Fertilizante,,,,La Antena 1,2026
PR-2026-0144,,,,,1.5,,,25.52,,KMAG,Fertilizante,,,,La Antena 2,2026
PR-2026-0145,,,,,1.5,,,34.58,,KMAG,Fertilizante,,,,La Isla 1,2026
PR-2026-0146,,,,,1.5,,,35.29,,KMAG,Fertilizante,,,,La Isla 2,2026
PR-2026-0147,,,,,1.5,,,24.62,,KMAG,Fertilizante,,,,La Viuda 2,2026
PR-2026-0148,,,,,1.5,,,17.65,,KMAG,Fertilizante,,,,La Viuda 3,2026
PR-2026-0149,,,,,1.5,,,28.06,,KMAG,Fertilizante,,,,La Viuda 4,2026
PR-2026-0150,,,,,1.5,,,24.23,,KMAG,Fertilizante,,,,La Viuda 5,2026
PR-2026-0151,,,,,1.5,,,23.09,,KMAG,Fertilizante,,,,La Viuda 6,2026
PR-2026-0152,,,,,1.5,,,26.53,,KMAG,Fertilizante,,,,La Viuda 7,2026
PR-2026-0153,,,,,1.5,,,20.29,,KMAG,Fertilizante,,,,L01 ARENERO 1 LOTE02,2026
PR-2026-0154,,,,,1.5,,,22.6,,KMAG,Fertilizante,,,,L02 LOTE ARENERO 2 LOTE01,2026
PR-2026-0155,,,,,1.5,,,23.48,,KMAG,Fertilizante,,,,L03 RIO 2 LOTE03,2026
PR-2026-0156,,,,,1.5,,,26.74,,KMAG,Fertilizante,,,,L04 LOTE RIO 1 LOTE04,2026
PR-2026-0157,,,,,1.5,,,48.21,,KMAG,Fertilizante,,,,Lote La Cincuenta,2026
PR-2026-0158,,,,,1.5,,,29.27,,KMAG,Fertilizante,,,,L02 LOTE EL TANQUEB,2026
PR-2026-0159,,,,,1.5,,,37.58,,KMAG,Fertilizante,,,,L03 LOTE IGUANITAS,2026
PR-2026-0160,,,,,1.5,,,12.44,,KMAG,Fertilizante,,,,Marbellero,2026
PR-2026-0161,,,,,1.5,,,20.22,,KMAG,Fertilizante,,,,L04 LOTE 7A,2026
PR-2026-0162,,,,,1.5,,,29.71,,KMAG,Fertilizante,,,,L05 LOTE 7B,2026
PR-2026-0163,,,,,1.5,,,25.64,,KMAG,Fertilizante,,,,L06 LOTE 7C,2026
PR-2026-0164,,,,,1.5,,,69.85,,KMAG,Fertilizante,,,,L07 LOTE08,2026
PR-2026-0165,,,,,1.5,,,9.76,,KMAG,Fertilizante,,,,Las 10,2026
PR-2026-0166,,,,,1.5,,,11.68,,KMAG,Fertilizante,,,,Las 12,2026
PR-2026-0167,,,,,1.5,,,13.4,,KMAG,Fertilizante,,,,Las 14,2026
PR-2026-0168,,,,,1.5,,,13.24,,KMAG,Fertilizante,,,,Las 15,2026
PR-2026-0169,,,,,1.5,,,25.61,,KMAG,Fertilizante,,,,Las 25,2026
PR-2026-0170,,,,,1,,,28.1,,Magniplus,Enmienda,,,,Las 30,2026
PR-2026-0171,,,,,1,,,34.67,,Magniplus,Enmienda,,,,Las 36,2026
PR-2026-0172,,,,,1.5,,,38.49,,KMAG,Fertilizante,,,,Las 40,2026
PR-2026-0173,,,,,1.5,,,8.01,,KMAG,Fertilizante,,,,"Las 6 + 1,7 + 0,4",2026
PR-2026-0174,,,,,1,,,29.93,,Magniplus,Enmienda,,,,El arenero,2026
PR-2026-0175,,,,,1.5,,,27.7,,KMAG,Fertilizante,,,,El Indio,2026
PR-2026-0176,,,,,1,,,17.62,,Magniplus,Enmienda,,,,Las 17 frente al pozo-1,2026
PR-2026-0177,,,,,1.5,,,32.31,,KMAG,Fertilizante,,,,Las 17 frente al pozo,2026
PR-2026-0178,,,,,1.5,,,45.16,,KMAG,Fertilizante,,,,Las del 120 de al frente-1,2026
PR-2026-0179,,,,,1.5,,,32.36,,KMAG,Fertilizante,,,,Las del 120 de al frente-2,2026
PR-2026-0180,,,,,1.5,,,24.91,,KMAG,Fertilizante,,,,Las del 120 de al frente-3,2026
PR-2026-0181,,,,,1,,,14.27,,Magniplus,Enmienda,,,,Las 15,2026
PR-2026-0182,,,,,1.5,,,17.52,,KMAG,Fertilizante,,,,Las 17,2026
PR-2026-0183,,,,,1.5,,,18.14,,KMAG,Fertilizante,,,,Las 19,2026
PR-2026-0184,,,,,1.5,,,28.74,,KMAG,Fertilizante,,,,Las 28,2026
PR-2026-0185,,,,,1.5,,,31.99,,KMAG,Fertilizante,,,,Las Ochenta de atras-1,2026
PR-2026-0186,,,,,1,,,33.73,,Magniplus,Enmienda,,,,Las Ochenta de atras-2,2026
PR-2026-0187,,,,,1,,,16.31,,Magniplus,Enmienda,,,,Las 80 de abajo-3,2026
PR-2026-0188,,,,,1,,,22.24,,Magniplus,Enmienda,,,,Parcela 62,2026
PR-2026-0189,,,,,1,,,24.27,,Magniplus,Enmienda,,,,Parcela 64,2026
