lote_id,agricultor,unidad_produccion,lote,zona,station_id,mes,mes_label,lluvia_mm_mes,pct_mes_dentro_del_periodo,mes_dentro_del_periodo
21354b7b-4e5e-4d94-a76d-303882311642,Angela Rosa Guedez Morales,Las Cupulas,L01 LOTE 1A,Occidente,212695,2025-05-01,2025-05,267.6,0,False
21354b7b-4e5e-4d94-a76d-303882311642,Angela Rosa Guedez Morales,Las Cupulas,L01 LOTE 1A,Occidente,212695,2025-06-01,2025-06,436,0,False
21354b7b-4e5e-4d94-a76d-303882311642,Angela Rosa Guedez Morales,Las Cupulas,L01 LOTE 1A,Occidente,212695,2025-07-01,2025-07,390,0,False
21354b7b-4e5e-4d94-a76d-303882311642,Angela Rosa Guedez Morales,Las Cupulas,L01 LOTE 1A,Occidente,212695,2025-08-01,2025-08,191,0,False
21354b7b-4e5e-4d94-a76d-303882311642,Angela Rosa Guedez Morales,Las Cupulas,L01 LOTE 1A,Occidente,212695,2025-09-01,2025-09,149.4,0,False
21354b7b-4e5e-4d94-a76d-303882311642,Angela Rosa Guedez Morales,Las Cupulas,L01 LOTE 1A,Occidente,212695,2025-10-01,2025-10,120.6,0,False
21354b7b-4e5e-4d94-a76d-303882311642,Angela Rosa Guedez Morales,Las Cupulas,L01 LOTE 1A,Occidente,212695,2025-11-01,2025-11,17.2,0,False
21354b7b-4e5e-4d94-a76d-303882311642,Angela Rosa Guedez Morales,Las Cupulas,L01 LOTE 1A,Occidente,212695,2025-12-01,2025-12,16.4,0,False
21354b7b-4e5e-4d94-a76d-303882311642,Angela Rosa Guedez Morales,Las Cupulas,L01 LOTE 1A,Occidente,212695,2026-01-01,2026-01,7,0,False
21354b7b-4e5e-4d94-a76d-303882311642,Angela Rosa Guedez Morales,Las Cupulas,L01 LOTE 1A,Occidente,212695,2026-02-01,2026-02,0,0,False
21354b7b-4e5e-4d94-a76d-303882311642,Angela Rosa Guedez Morales,Las Cupulas,L01 LOTE 1A,Occidente,212695,2026-03-01,2026-03,12.8,0,False
21354b7b-4e5e-4d94-a76d-303882311642,Angela Rosa Guedez Morales,Las Cupulas,L01 LOTE 1A,Occidente,212695,2026-04-01,2026-04,130.4,0,False
21354b7b-4e5e-4d94-a76d-303882311642,Angela Rosa Guedez Morales,Las Cupulas,L01 LOTE 1A,Occidente,212695,2026-05-01,2026-05,172.8,0,False
21354b7b-4e5e-4d94-a76d-303882311642,Angela Rosa Guedez Morales,Las Cupulas,L01 LOTE 1A,Occidente,212695,2026-06-01,2026-06,267.8,16.666666666666668,True
21354b7b-4e5e-4d94-a76d-303882311642,Angela Rosa Guedez Morales,Las Cupulas,L01 LOTE 1A,Occidente,212695,2026-07-01,2026-07,297.4,83.87096774193549,True
21354b7b-4e5e-4d94-a76d-303882311642,Angela Rosa Guedez Morales,Las Cupulas,L01 LOTE 1A,Occidente,212695,2026-08-01,2026-08,0,0,False
a9ba524c-81d9-404f-8d5f-067aa10988f6,Angela Rosa Guedez Morales,Las Cupulas,L02 LOTE 1B,Occidente,212695,2025-05-01,2025-05,267.6,0,False
a9ba524c-81d9-404f-8d5f-067aa10988f6,Angela Rosa Guedez Morales,Las Cupulas,L02 LOTE 1B,Occidente,212695,2025-06-01,2025-06,436,0,False
a9ba524c-81d9-404f-8d5f-067aa10988f6,Angela Rosa Guedez Morales,Las Cupulas,L02 LOTE 1B,Occidente,212695,2025-07-01,2025-07,390,0,False
a9ba524c-81d9-404f-8d5f-067aa10988f6,Angela Rosa Guedez Morales,Las Cupulas,L02 LOTE 1B,Occidente,212695,2025-08-01,2025-08,191,0,False
a9ba524c-81d9-404f-8d5f-067aa10988f6,Angela Rosa Guedez Morales,Las Cupulas,L02 LOTE 1B,Occidente,212695,2025-09-01,2025-09,149.4,0,False
a9ba524c-81d9-404f-8d5f-067aa10988f6,Angela Rosa Guedez Morales,Las Cupulas,L02 LOTE 1B,Occidente,212695,2025-10-01,2025-10,120.6,0,False
a9ba524c-81d9-404f-8d5f-067aa10988f6,Angela Rosa Guedez Morales,Las Cupulas,L02 LOTE 1B,Occidente,212695,2025-11-01,2025-11,17.2,0,False
a9ba524c-81d9-404f-8d5f-067aa10988f6,Angela Rosa Guedez Morales,Las Cupulas,L02 LOTE 1B,Occidente,212695,2025-12-01,2025-12,16.4,0,False
a9ba524c-81d9-404f-8d5f-067aa10988f6,Angela Rosa Guedez Morales,Las Cupulas,L02 LOTE 1B,Occidente,212695,2026-01-01,2026-01,7,0,False
a9ba524c-81d9-404f-8d5f-067aa10988f6,Angela Rosa Guedez Morales,Las Cupulas,L02 LOTE 1B,Occidente,212695,2026-02-01,2026-02,0,0,False
a9ba524c-81d9-404f-8d5f-067aa10988f6,Angela Rosa Guedez Morales,Las Cupulas,L02 LOTE 1B,Occidente,212695,2026-03-01,2026-03,12.8,0,False
a9ba524c-81d9-404f-8d5f-067aa10988f6,Angela Rosa Guedez Morales,Las Cupulas,L02 LOTE 1B,Occidente,212695,2026-04-01,2026-04,130.4,0,False
a9ba524c-81d9-404f-8d5f-067aa10988f6,Angela Rosa Guedez Morales,Las Cupulas,L02 LOTE 1B,Occidente,212695,2026-05-01,2026-05,172.8,0,False
a9ba524c-81d9-404f-8d5f-067aa10988f6,Angela Rosa Guedez Morales,Las Cupulas,L02 LOTE 1B,Occidente,212695,2026-06-01,2026-06,267.8,20,True
a9ba524c-81d9-404f-8d5f-067aa10988f6,Angela Rosa Guedez Morales,Las Cupulas,L02 LOTE 1B,Occidente,212695,2026-07-01,2026-07,297.4,80.64516129032258,True
a9ba524c-81d9-404f-8d5f-067aa10988f6,Angela Rosa Guedez Morales,Las Cupulas,L02 LOTE 1B,Occidente,212695,2026-08-01,2026-08,0,0,False
ffbf2b7b-cfb6-4a97-a959-b31cc0a04dd7,Angela Rosa Guedez Morales,Las Cupulas,L06 LOTE-04,Occidente,212695,2025-05-01,2025-05,267.6,0,False
ffbf2b7b-cfb6-4a97-a959-b31cc0a04dd7,Angela Rosa Guedez Morales,Las Cupulas,L06 LOTE-04,Occidente,212695,2025-06-01,2025-06,436,0,False
ffbf2b7b-cfb6-4a97-a959-b31cc0a04dd7,Angela Rosa Guedez Morales,Las Cupulas,L06 LOTE-04,Occidente,212695,2025-07-01,2025-07,390,0,False
ffbf2b7b-cfb6-4a97-a959-b31cc0a04dd7,Angela Rosa Guedez Morales,Las Cupulas,L06 LOTE-04,Occidente,212695,2025-08-01,2025-08,191,0,False
ffbf2b7b-cfb6-4a97-a959-b31cc0a04dd7,Angela Rosa Guedez Morales,Las Cupulas,L06 LOTE-04,Occidente,212695,2025-09-01,2025-09,149.4,0,False
ffbf2b7b-cfb6-4a97-a959-b31cc0a04dd7,Angela Rosa Guedez Morales,Las Cupulas,L06 LOTE-04,Occidente,212695,2025-10-01,2025-10,120.6,0,False
ffbf2b7b-cfb6-4a97-a959-b31cc0a04dd7,Angela Rosa Guedez Morales,Las Cupulas,L06 LOTE-04,Occidente,212695,2025-11-01,2025-11,17.2,0,False
ffbf2b7b-cfb6-4a97-a959-b31cc0a04dd7,Angela Rosa Guedez Morales,Las Cupulas,L06 LOTE-04,Occidente,212695,2025-12-01,2025-12,16.4,0,False
ffbf2b7b-cfb6-4a97-a959-b31cc0a04dd7,Angela Rosa Guedez Morales,Las Cupulas,L06 LOTE-04,Occidente,212695,2026-01-01,2026-01,7,0,False
ffbf2b7b-cfb6-4a97-a959-b31cc0a04dd7,Angela Rosa Guedez Morales,Las Cupulas,L06 LOTE-04,Occidente,212695,2026-02-01,2026-02,0,0,False
ffbf2b7b-cfb6-4a97-a959-b31cc0a04dd7,Angela Rosa Guedez Morales,Las Cupulas,L06 LOTE-04,Occidente,212695,2026-03-01,2026-03,12.8,0,False
ffbf2b7b-cfb6-4a97-a959-b31cc0a04dd7,Angela Rosa Guedez Morales,Las Cupulas,L06 LOTE-04,Occidente,212695,2026-04-01,2026-04,130.4,0,False
ffbf2b7b-cfb6-4a97-a959-b31cc0a04dd7,Angela Rosa Guedez Morales,Las Cupulas,L06 LOTE-04,Occidente,212695,2026-05-01,2026-05,172.8,0,False
ffbf2b7b-cfb6-4a97-a959-b31cc0a04dd7,Angela Rosa Guedez Morales,Las Cupulas,L06 LOTE-04,Occidente,212695,2026-06-01,2026-06,267.8,26.666666666666668,True
ffbf2b7b-cfb6-4a97-a959-b31cc0a04dd7,Angela Rosa Guedez Morales,Las Cupulas,L06 LOTE-04,Occidente,212695,2026-07-01,2026-07,297.4,74.19354838709677,True
ffbf2b7b-cfb6-4a97-a959-b31cc0a04dd7,Angela Rosa Guedez Morales,Las Cupulas,L06 LOTE-04,Occidente,212695,2026-08-01,2026-08,0,0,False
8982bf78-f197-4170-9026-e58f752a51ee,Angela Rosa Guedez Morales,Las Cupulas,L07 LOTE-05,Occidente,212695,2025-05-01,2025-05,267.6,0,False
8982bf78-f197-4170-9026-e58f752a51ee,Angela Rosa Guedez Morales,Las Cupulas,L07 LOTE-05,Occidente,212695,2025-06-01,2025-06,436,0,False
8982bf78-f197-4170-9026-e58f752a51ee,Angela Rosa Guedez Morales,Las Cupulas,L07 LOTE-05,Occidente,212695,2025-07-01,2025-07,390,0,False
8982bf78-f197-4170-9026-e58f752a51ee,Angela Rosa Guedez Morales,Las Cupulas,L07 LOTE-05,Occidente,212695,2025-08-01,2025-08,191,0,False
8982bf78-f197-4170-9026-e58f752a51ee,Angela Rosa Guedez Morales,Las Cupulas,L07 LOTE-05,Occidente,212695,2025-09-01,2025-09,149.4,0,False
8982bf78-f197-4170-9026-e58f752a51ee,Angela Rosa Guedez Morales,Las Cupulas,L07 LOTE-05,Occidente,212695,2025-10-01,2025-10,120.6,0,False
8982bf78-f197-4170-9026-e58f752a51ee,Angela Rosa Guedez Morales,Las Cupulas,L07 LOTE-05,Occidente,212695,2025-11-01,2025-11,17.2,0,False
8982bf78-f197-4170-9026-e58f752a51ee,Angela Rosa Guedez Morales,Las Cupulas,L07 LOTE-05,Occidente,212695,2025-12-01,2025-12,16.4,0,False
8982bf78-f197-4170-9026-e58f752a51ee,Angela Rosa Guedez Morales,Las Cupulas,L07 LOTE-05,Occidente,212695,2026-01-01,2026-01,7,0,False
8982bf78-f197-4170-9026-e58f752a51ee,Angela Rosa Guedez Morales,Las Cupulas,L07 LOTE-05,Occidente,212695,2026-02-01,2026-02,0,0,False
8982bf78-f197-4170-9026-e58f752a51ee,Angela Rosa Guedez Morales,Las Cupulas,L07 LOTE-05,Occidente,212695,2026-03-01,2026-03,12.8,0,False
8982bf78-f197-4170-9026-e58f752a51ee,Angela Rosa Guedez Morales,Las Cupulas,L07 LOTE-05,Occidente,212695,2026-04-01,2026-04,130.4,0,False
8982bf78-f197-4170-9026-e58f752a51ee,Angela Rosa Guedez Morales,Las Cupulas,L07 LOTE-05,Occidente,212695,2026-05-01,2026-05,172.8,0,False
8982bf78-f197-4170-9026-e58f752a51ee,Angela Rosa Guedez Morales,Las Cupulas,L07 LOTE-05,Occidente,212695,2026-06-01,2026-06,267.8,0,False
8982bf78-f197-4170-9026-e58f752a51ee,Angela Rosa Guedez Morales,Las Cupulas,L07 LOTE-05,Occidente,212695,2026-07-01,2026-07,297.4,93.54838709677419,True
8982bf78-f197-4170-9026-e58f752a51ee,Angela Rosa Guedez Morales,Las Cupulas,L07 LOTE-05,Occidente,212695,2026-08-01,2026-08,0,6.451612903225807,True
46a27a1e-dff3-4415-bdc0-fbfb18d94d22,Angela Rosa Guedez Morales,Las Cupulas,L08 LOTE-06,Occidente,212695,2025-05-01,2025-05,267.6,0,False
46a27a1e-dff3-4415-bdc0-fbfb18d94d22,Angela Rosa Guedez Morales,Las Cupulas,L08 LOTE-06,Occidente,212695,2025-06-01,2025-06,436,0,False
46a27a1e-dff3-4415-bdc0-fbfb18d94d22,Angela Rosa Guedez Morales,Las Cupulas,L08 LOTE-06,Occidente,212695,2025-07-01,2025-07,390,0,False
46a27a1e-dff3-4415-bdc0-fbfb18d94d22,Angela Rosa Guedez Morales,Las Cupulas,L08 LOTE-06,Occidente,212695,2025-08-01,2025-08,191,0,False
46a27a1e-dff3-4415-bdc0-fbfb18d94d22,Angela Rosa Guedez Morales,Las Cupulas,L08 LOTE-06,Occidente,212695,2025-09-01,2025-09,149.4,0,False
46a27a1e-dff3-4415-bdc0-fbfb18d94d22,Angela Rosa Guedez Morales,Las Cupulas,L08 LOTE-06,Occidente,212695,2025-10-01,2025-10,120.6,0,False
46a27a1e-dff3-4415-bdc0-fbfb18d94d22,Angela Rosa Guedez Morales,Las Cupulas,L08 LOTE-06,Occidente,212695,2025-11-01,2025-11,17.2,0,False
46a27a1e-dff3-4415-bdc0-fbfb18d94d22,Angela Rosa Guedez Morales,Las Cupulas,L08 LOTE-06,Occidente,212695,2025-12-01,2025-12,16.4,0,False
46a27a1e-dff3-4415-bdc0-fbfb18d94d22,Angela Rosa Guedez Morales,Las Cupulas,L08 LOTE-06,Occidente,212695,2026-01-01,2026-01,7,0,False
46a27a1e-dff3-4415-bdc0-fbfb18d94d22,Angela Rosa Guedez Morales,Las Cupulas,L08 LOTE-06,Occidente,212695,2026-02-01,2026-02,0,0,False
46a27a1e-dff3-4415-bdc0-fbfb18d94d22,Angela Rosa Guedez Morales,Las Cupulas,L08 LOTE-06,Occidente,212695,2026-03-01,2026-03,12.8,0,False
46a27a1e-dff3-4415-bdc0-fbfb18d94d22,Angela Rosa Guedez Morales,Las Cupulas,L08 LOTE-06,Occidente,212695,2026-04-01,2026-04,130.4,0,False
46a27a1e-dff3-4415-bdc0-fbfb18d94d22,Angela Rosa Guedez Morales,Las Cupulas,L08 LOTE-06,Occidente,212695,2026-05-01,2026-05,172.8,0,False
46a27a1e-dff3-4415-bdc0-fbfb18d94d22,Angela Rosa Guedez Morales,Las Cupulas,L08 LOTE-06,Occidente,212695,2026-06-01,2026-06,267.8,23.333333333333332,True
46a27a1e-dff3-4415-bdc0-fbfb18d94d22,Angela Rosa Guedez Morales,Las Cupulas,L08 LOTE-06,Occidente,212695,2026-07-01,2026-07,297.4,77.41935483870968,True
46a27a1e-dff3-4415-bdc0-fbfb18d94d22,Angela Rosa Guedez Morales,Las Cupulas,L08 LOTE-06,Occidente,212695,2026-08-01,2026-08,0,0,False
22b7966f-1f56-4d15-bfdc-3dfa6dbbc8bb,Angela Rosa Guedez Morales,Las Cupulas,L09 LOTE-07,Occidente,212695,2025-05-01,2025-05,267.6,0,False
22b7966f-1f56-4d15-bfdc-3dfa6dbbc8bb,Angela Rosa Guedez Morales,Las Cupulas,L09 LOTE-07,Occidente,212695,2025-06-01,2025-06,436,0,False
22b7966f-1f56-4d15-bfdc-3dfa6dbbc8bb,Angela Rosa Guedez Morales,Las Cupulas,L09 LOTE-07,Occidente,212695,2025-07-01,2025-07,390,0,False
22b7966f-1f56-4d15-bfdc-3dfa6dbbc8bb,Angela Rosa Guedez Morales,Las Cupulas,L09 LOTE-07,Occidente,212695,2025-08-01,2025-08,191,0,False
22b7966f-1f56-4d15-bfdc-3dfa6dbbc8bb,Angela Rosa Guedez Morales,Las Cupulas,L09 LOTE-07,Occidente,212695,2025-09-01,2025-09,149.4,0,False
22b7966f-1f56-4d15-bfdc-3dfa6dbbc8bb,Angela Rosa Guedez Morales,Las Cupulas,L09 LOTE-07,Occidente,212695,2025-10-01,2025-10,120.6,0,False
22b7966f-1f56-4d15-bfdc-3dfa6dbbc8bb,Angela Rosa Guedez Morales,Las Cupulas,L09 LOTE-07,Occidente,212695,2025-11-01,2025-11,17.2,0,False
22b7966f-1f56-4d15-bfdc-3dfa6dbbc8bb,Angela Rosa Guedez Morales,Las Cupulas,L09 LOTE-07,Occidente,212695,2025-12-01,2025-12,16.4,0,False
22b7966f-1f56-4d15-bfdc-3dfa6dbbc8bb,Angela Rosa Guedez Morales,Las Cupulas,L09 LOTE-07,Occidente,212695,2026-01-01,2026-01,7,0,False
22b7966f-1f56-4d15-bfdc-3dfa6dbbc8bb,Angela Rosa Guedez Morales,Las Cupulas,L09 LOTE-07,Occidente,212695,2026-02-01,2026-02,0,0,False
22b7966f-1f56-4d15-bfdc-3dfa6dbbc8bb,Angela Rosa Guedez Morales,Las Cupulas,L09 LOTE-07,Occidente,212695,2026-03-01,2026-03,12.8,0,False
22b7966f-1f56-4d15-bfdc-3dfa6dbbc8bb,Angela Rosa Guedez Morales,Las Cupulas,L09 LOTE-07,Occidente,212695,2026-04-01,2026-04,130.4,0,False
22b7966f-1f56-4d15-bfdc-3dfa6dbbc8bb,Angela Rosa Guedez Morales,Las Cupulas,L09 LOTE-07,Occidente,212695,2026-05-01,2026-05,172.8,0,False
22b7966f-1f56-4d15-bfdc-3dfa6dbbc8bb,Angela Rosa Guedez Morales,Las Cupulas,L09 LOTE-07,Occidente,212695,2026-06-01,2026-06,267.8,26.666666666666668,True
22b7966f-1f56-4d15-bfdc-3dfa6dbbc8bb,Angela Rosa Guedez Morales,Las Cupulas,L09 LOTE-07,Occidente,212695,2026-07-01,2026-07,297.4,74.19354838709677,True
22b7966f-1f56-4d15-bfdc-3dfa6dbbc8bb,Angela Rosa Guedez Morales,Las Cupulas,L09 LOTE-07,Occidente,212695,2026-08-01,2026-08,0,0,False
24bd0cbb-0814-4774-bb5a-6e9c2f9fc955,Angela Rosa Guedez Morales,Las Cupulas,L10 LOTE-08,Occidente,212695,2025-05-01,2025-05,267.6,0,False
24bd0cbb-0814-4774-bb5a-6e9c2f9fc955,Angela Rosa Guedez Morales,Las Cupulas,L10 LOTE-08,Occidente,212695,2025-06-01,2025-06,436,0,False
24bd0cbb-0814-4774-bb5a-6e9c2f9fc955,Angela Rosa Guedez Morales,Las Cupulas,L10 LOTE-08,Occidente,212695,2025-07-01,2025-07,390,0,False
24bd0cbb-0814-4774-bb5a-6e9c2f9fc955,Angela Rosa Guedez Morales,Las Cupulas,L10 LOTE-08,Occidente,212695,2025-08-01,2025-08,191,0,False
24bd0cbb-0814-4774-bb5a-6e9c2f9fc955,Angela Rosa Guedez Morales,Las Cupulas,L10 LOTE-08,Occidente,212695,2025-09-01,2025-09,149.4,0,False
24bd0cbb-0814-4774-bb5a-6e9c2f9fc955,Angela Rosa Guedez Morales,Las Cupulas,L10 LOTE-08,Occidente,212695,2025-10-01,2025-10,120.6,0,False
24bd0cbb-0814-4774-bb5a-6e9c2f9fc955,Angela Rosa Guedez Morales,Las Cupulas,L10 LOTE-08,Occidente,212695,2025-11-01,2025-11,17.2,0,False
24bd0cbb-0814-4774-bb5a-6e9c2f9fc955,Angela Rosa Guedez Morales,Las Cupulas,L10 LOTE-08,Occidente,212695,2025-12-01,2025-12,16.4,0,False
24bd0cbb-0814-4774-bb5a-6e9c2f9fc955,Angela Rosa Guedez Morales,Las Cupulas,L10 LOTE-08,Occidente,212695,2026-01-01,2026-01,7,0,False
24bd0cbb-0814-4774-bb5a-6e9c2f9fc955,Angela Rosa Guedez Morales,Las Cupulas,L10 LOTE-08,Occidente,212695,2026-02-01,2026-02,0,0,False
24bd0cbb-0814-4774-bb5a-6e9c2f9fc955,Angela Rosa Guedez Morales,Las Cupulas,L10 LOTE-08,Occidente,212695,2026-03-01,2026-03,12.8,0,False
24bd0cbb-0814-4774-bb5a-6e9c2f9fc955,Angela Rosa Guedez Morales,Las Cupulas,L10 LOTE-08,Occidente,212695,2026-04-01,2026-04,130.4,0,False
24bd0cbb-0814-4774-bb5a-6e9c2f9fc955,Angela Rosa Guedez Morales,Las Cupulas,L10 LOTE-08,Occidente,212695,2026-05-01,2026-05,172.8,0,False
24bd0cbb-0814-4774-bb5a-6e9c2f9fc955,Angela Rosa Guedez Morales,Las Cupulas,L10 LOTE-08,Occidente,212695,2026-06-01,2026-06,267.8,13.333333333333334,True
24bd0cbb-0814-4774-bb5a-6e9c2f9fc955,Angela Rosa Guedez Morales,Las Cupulas,L10 LOTE-08,Occidente,212695,2026-07-01,2026-07,297.4,87.09677419354838,True
24bd0cbb-0814-4774-bb5a-6e9c2f9fc955,Angela Rosa Guedez Morales,Las Cupulas,L10 LOTE-08,Occidente,212695,2026-08-01,2026-08,0,0,False
f8302450-521e-4ecf-bcf9-80849b89390f,Angela Rosa Guedez Morales,Las Cupulas,L11 LOTE-09,Occidente,212695,2025-05-01,2025-05,267.6,0,False
f8302450-521e-4ecf-bcf9-80849b89390f,Angela Rosa Guedez Morales,Las Cupulas,L11 LOTE-09,Occidente,212695,2025-06-01,2025-06,436,0,False
f8302450-521e-4ecf-bcf9-80849b89390f,Angela Rosa Guedez Morales,Las Cupulas,L11 LOTE-09,Occidente,212695,2025-07-01,2025-07,390,0,False
f8302450-521e-4ecf-bcf9-80849b89390f,Angela Rosa Guedez Morales,Las Cupulas,L11 LOTE-09,Occidente,212695,2025-08-01,2025-08,191,0,False
f8302450-521e-4ecf-bcf9-80849b89390f,Angela Rosa Guedez Morales,Las Cupulas,L11 LOTE-09,Occidente,212695,2025-09-01,2025-09,149.4,0,False
f8302450-521e-4ecf-bcf9-80849b89390f,Angela Rosa Guedez Morales,Las Cupulas,L11 LOTE-09,Occidente,212695,2025-10-01,2025-10,120.6,0,False
f8302450-521e-4ecf-bcf9-80849b89390f,Angela Rosa Guedez Morales,Las Cupulas,L11 LOTE-09,Occidente,212695,2025-11-01,2025-11,17.2,0,False
f8302450-521e-4ecf-bcf9-80849b89390f,Angela Rosa Guedez Morales,Las Cupulas,L11 LOTE-09,Occidente,212695,2025-12-01,2025-12,16.4,0,False
f8302450-521e-4ecf-bcf9-80849b89390f,Angela Rosa Guedez Morales,Las Cupulas,L11 LOTE-09,Occidente,212695,2026-01-01,2026-01,7,0,False
f8302450-521e-4ecf-bcf9-80849b89390f,Angela Rosa Guedez Morales,Las Cupulas,L11 LOTE-09,Occidente,212695,2026-02-01,2026-02,0,0,False
f8302450-521e-4ecf-bcf9-80849b89390f,Angela Rosa Guedez Morales,Las Cupulas,L11 LOTE-09,Occidente,212695,2026-03-01,2026-03,12.8,0,False
f8302450-521e-4ecf-bcf9-80849b89390f,Angela Rosa Guedez Morales,Las Cupulas,L11 LOTE-09,Occidente,212695,2026-04-01,2026-04,130.4,0,False
f8302450-521e-4ecf-bcf9-80849b89390f,Angela Rosa Guedez Morales,Las Cupulas,L11 LOTE-09,Occidente,212695,2026-05-01,2026-05,172.8,0,False
f8302450-521e-4ecf-bcf9-80849b89390f,Angela Rosa Guedez Morales,Las Cupulas,L11 LOTE-09,Occidente,212695,2026-06-01,2026-06,267.8,23.333333333333332,True
f8302450-521e-4ecf-bcf9-80849b89390f,Angela Rosa Guedez Morales,Las Cupulas,L11 LOTE-09,Occidente,212695,2026-07-01,2026-07,297.4,77.41935483870968,True
f8302450-521e-4ecf-bcf9-80849b89390f,Angela Rosa Guedez Morales,Las Cupulas,L11 LOTE-09,Occidente,212695,2026-08-01,2026-08,0,0,False
c4ec995d-fbf4-4f15-8f34-63724d7a16fa,Angela Rosa Guedez Morales,Las Cupulas,Villa Marina 1,Occidente,212695,2025-05-01,2025-05,267.6,0,False
c4ec995d-fbf4-4f15-8f34-63724d7a16fa,Angela Rosa Guedez Morales,Las Cupulas,Villa Marina 1,Occidente,212695,2025-06-01,2025-06,436,0,False
c4ec995d-fbf4-4f15-8f34-63724d7a16fa,Angela Rosa Guedez Morales,Las Cupulas,Villa Marina 1,Occidente,212695,2025-07-01,2025-07,390,0,False
c4ec995d-fbf4-4f15-8f34-63724d7a16fa,Angela Rosa Guedez Morales,Las Cupulas,Villa Marina 1,Occidente,212695,2025-08-01,2025-08,191,0,False
c4ec995d-fbf4-4f15-8f34-63724d7a16fa,Angela Rosa Guedez Morales,Las Cupulas,Villa Marina 1,Occidente,212695,2025-09-01,2025-09,149.4,0,False
c4ec995d-fbf4-4f15-8f34-63724d7a16fa,Angela Rosa Guedez Morales,Las Cupulas,Villa Marina 1,Occidente,212695,2025-10-01,2025-10,120.6,0,False
c4ec995d-fbf4-4f15-8f34-63724d7a16fa,Angela Rosa Guedez Morales,Las Cupulas,Villa Marina 1,Occidente,212695,2025-11-01,2025-11,17.2,0,False
c4ec995d-fbf4-4f15-8f34-63724d7a16fa,Angela Rosa Guedez Morales,Las Cupulas,Villa Marina 1,Occidente,212695,2025-12-01,2025-12,16.4,0,False
c4ec995d-fbf4-4f15-8f34-63724d7a16fa,Angela Rosa Guedez Morales,Las Cupulas,Villa Marina 1,Occidente,212695,2026-01-01,2026-01,7,0,False
c4ec995d-fbf4-4f15-8f34-63724d7a16fa,Angela Rosa Guedez Morales,Las Cupulas,Villa Marina 1,Occidente,212695,2026-02-01,2026-02,0,0,False
c4ec995d-fbf4-4f15-8f34-63724d7a16fa,Angela Rosa Guedez Morales,Las Cupulas,Villa Marina 1,Occidente,212695,2026-03-01,2026-03,12.8,0,False
c4ec995d-fbf4-4f15-8f34-63724d7a16fa,Angela Rosa Guedez Morales,Las Cupulas,Villa Marina 1,Occidente,212695,2026-04-01,2026-04,130.4,0,False
c4ec995d-fbf4-4f15-8f34-63724d7a16fa,Angela Rosa Guedez Morales,Las Cupulas,Villa Marina 1,Occidente,212695,2026-05-01,2026-05,172.8,0,False
c4ec995d-fbf4-4f15-8f34-63724d7a16fa,Angela Rosa Guedez Morales,Las Cupulas,Villa Marina 1,Occidente,212695,2026-06-01,2026-06,267.8,0,False
c4ec995d-fbf4-4f15-8f34-63724d7a16fa,Angela Rosa Guedez Morales,Las Cupulas,Villa Marina 1,Occidente,212695,2026-07-01,2026-07,297.4,100,True
c4ec995d-fbf4-4f15-8f34-63724d7a16fa,Angela Rosa Guedez Morales,Las Cupulas,Villa Marina 1,Occidente,212695,2026-08-01,2026-08,0,0,False
d3084104-dc18-4db9-bed3-34856f70877a,Angela Rosa Guedez Morales,Las Cupulas,Villa Marina 2,Occidente,212695,2025-05-01,2025-05,267.6,0,False
d3084104-dc18-4db9-bed3-34856f70877a,Angela Rosa Guedez Morales,Las Cupulas,Villa Marina 2,Occidente,212695,2025-06-01,2025-06,436,0,False
d3084104-dc18-4db9-bed3-34856f70877a,Angela Rosa Guedez Morales,Las Cupulas,Villa Marina 2,Occidente,212695,2025-07-01,2025-07,390,0,False
d3084104-dc18-4db9-bed3-34856f70877a,Angela Rosa Guedez Morales,Las Cupulas,Villa Marina 2,Occidente,212695,2025-08-01,2025-08,191,0,False
d3084104-dc18-4db9-bed3-34856f70877a,Angela Rosa Guedez Morales,Las Cupulas,Villa Marina 2,Occidente,212695,2025-09-01,2025-09,149.4,0,False
d3084104-dc18-4db9-bed3-34856f70877a,Angela Rosa Guedez Morales,Las Cupulas,Villa Marina 2,Occidente,212695,2025-10-01,2025-10,120.6,0,False
d3084104-dc18-4db9-bed3-34856f70877a,Angela Rosa Guedez Morales,Las Cupulas,Villa Marina 2,Occidente,212695,2025-11-01,2025-11,17.2,0,False
d3084104-dc18-4db9-bed3-34856f70877a,Angela Rosa Guedez Morales,Las Cupulas,Villa Marina 2,Occidente,212695,2025-12-01,2025-12,16.4,0,False
d3084104-dc18-4db9-bed3-34856f70877a,Angela Rosa Guedez Morales,Las Cupulas,Villa Marina 2,Occidente,212695,2026-01-01,2026-01,7,0,False
d3084104-dc18-4db9-bed3-34856f70877a,Angela Rosa Guedez Morales,Las Cupulas,Villa Marina 2,Occidente,212695,2026-02-01,2026-02,0,0,False
d3084104-dc18-4db9-bed3-34856f70877a,Angela Rosa Guedez Morales,Las Cupulas,Villa Marina 2,Occidente,212695,2026-03-01,2026-03,12.8,0,False
d3084104-dc18-4db9-bed3-34856f70877a,Angela Rosa Guedez Morales,Las Cupulas,Villa Marina 2,Occidente,212695,2026-04-01,2026-04,130.4,0,False
d3084104-dc18-4db9-bed3-34856f70877a,Angela Rosa Guedez Morales,Las Cupulas,Villa Marina 2,Occidente,212695,2026-05-01,2026-05,172.8,0,False
d3084104-dc18-4db9-bed3-34856f70877a,Angela Rosa Guedez Morales,Las Cupulas,Villa Marina 2,Occidente,212695,2026-06-01,2026-06,267.8,0,False
d3084104-dc18-4db9-bed3-34856f70877a,Angela Rosa Guedez Morales,Las Cupulas,Villa Marina 2,Occidente,212695,2026-07-01,2026-07,297.4,96.7741935483871,True
d3084104-dc18-4db9-bed3-34856f70877a,Angela Rosa Guedez Morales,Las Cupulas,Villa Marina 2,Occidente,212695,2026-08-01,2026-08,0,3.225806451612903,True
19fb02c0-9102-4a92-832e-68cc39dad695,Angela Rosa Guedez Morales,Las Cupulas,Villa Marina 3,Occidente,212695,2025-05-01,2025-05,267.6,0,False
19fb02c0-9102-4a92-832e-68cc39dad695,Angela Rosa Guedez Morales,Las Cupulas,Villa Marina 3,Occidente,212695,2025-06-01,2025-06,436,0,False
19fb02c0-9102-4a92-832e-68cc39dad695,Angela Rosa Guedez Morales,Las Cupulas,Villa Marina 3,Occidente,212695,2025-07-01,2025-07,390,0,False
19fb02c0-9102-4a92-832e-68cc39dad695,Angela Rosa Guedez Morales,Las Cupulas,Villa Marina 3,Occidente,212695,2025-08-01,2025-08,191,0,False
19fb02c0-9102-4a92-832e-68cc39dad695,Angela Rosa Guedez Morales,Las Cupulas,Villa Marina 3,Occidente,212695,2025-09-01,2025-09,149.4,0,False
19fb02c0-9102-4a92-832e-68cc39dad695,Angela Rosa Guedez Morales,Las Cupulas,Villa Marina 3,Occidente,212695,2025-10-01,2025-10,120.6,0,False
19fb02c0-9102-4a92-832e-68cc39dad695,Angela Rosa Guedez Morales,Las Cupulas,Villa Marina 3,Occidente,212695,2025-11-01,2025-11,17.2,0,False
19fb02c0-9102-4a92-832e-68cc39dad695,Angela Rosa Guedez Morales,Las Cupulas,Villa Marina 3,Occidente,212695,2025-12-01,2025-12,16.4,0,False
19fb02c0-9102-4a92-832e-68cc39dad695,Angela Rosa Guedez Morales,Las Cupulas,Villa Marina 3,Occidente,212695,2026-01-01,2026-01,7,0,False
19fb02c0-9102-4a92-832e-68cc39dad695,Angela Rosa Guedez Morales,Las Cupulas,Villa Marina 3,Occidente,212695,2026-02-01,2026-02,0,0,False
19fb02c0-9102-4a92-832e-68cc39dad695,Angela Rosa Guedez Morales,Las Cupulas,Villa Marina 3,Occidente,212695,2026-03-01,2026-03,12.8,0,False
19fb02c0-9102-4a92-832e-68cc39dad695,Angela Rosa Guedez Morales,Las Cupulas,Villa Marina 3,Occidente,212695,2026-04-01,2026-04,130.4,0,False
19fb02c0-9102-4a92-832e-68cc39dad695,Angela Rosa Guedez Morales,Las Cupulas,Villa Marina 3,Occidente,212695,2026-05-01,2026-05,172.8,0,False
19fb02c0-9102-4a92-832e-68cc39dad695,Angela Rosa Guedez Morales,Las Cupulas,Villa Marina 3,Occidente,212695,2026-06-01,2026-06,267.8,0,False
19fb02c0-9102-4a92-832e-68cc39dad695,Angela Rosa Guedez Morales,Las Cupulas,Villa Marina 3,Occidente,212695,2026-07-01,2026-07,297.4,25.806451612903224,True
19fb02c0-9102-4a92-832e-68cc39dad695,Angela Rosa Guedez Morales,Las Cupulas,Villa Marina 3,Occidente,212695,2026-08-01,2026-08,0,74.19354838709677,True
31577c1d-53ac-4645-8b69-849bf3561130,Antonio Luis Zambrano Acuña,Camaripano,L03 CASA DE TABLA ARRIBA A,Oriente,186730,2024-05-01,2024-05,147.79,0,False
31577c1d-53ac-4645-8b69-849bf3561130,Antonio Luis Zambrano Acuña,Camaripano,L03 CASA DE TABLA ARRIBA A,Oriente,186730,2024-06-01,2024-06,261.78,0,False
31577c1d-53ac-4645-8b69-849bf3561130,Antonio Luis Zambrano Acuña,Camaripano,L03 CASA DE TABLA ARRIBA A,Oriente,186730,2024-07-01,2024-07,325.8,0,False
31577c1d-53ac-4645-8b69-849bf3561130,Antonio Luis Zambrano Acuña,Camaripano,L03 CASA DE TABLA ARRIBA A,Oriente,186730,2024-08-01,2024-08,114.6,0,False
31577c1d-53ac-4645-8b69-849bf3561130,Antonio Luis Zambrano Acuña,Camaripano,L03 CASA DE TABLA ARRIBA A,Oriente,186730,2024-09-01,2024-09,33.4,0,False
31577c1d-53ac-4645-8b69-849bf3561130,Antonio Luis Zambrano Acuña,Camaripano,L03 CASA DE TABLA ARRIBA A,Oriente,186730,2024-10-01,2024-10,27.2,0,False
31577c1d-53ac-4645-8b69-849bf3561130,Antonio Luis Zambrano Acuña,Camaripano,L03 CASA DE TABLA ARRIBA A,Oriente,186730,2024-11-01,2024-11,20,0,False
31577c1d-53ac-4645-8b69-849bf3561130,Antonio Luis Zambrano Acuña,Camaripano,L03 CASA DE TABLA ARRIBA A,Oriente,186730,2024-12-01,2024-12,0,0,False
31577c1d-53ac-4645-8b69-849bf3561130,Antonio Luis Zambrano Acuña,Camaripano,L03 CASA DE TABLA ARRIBA A,Oriente,186730,2025-01-01,2025-01,0.2,0,False
31577c1d-53ac-4645-8b69-849bf3561130,Antonio Luis Zambrano Acuña,Camaripano,L03 CASA DE TABLA ARRIBA A,Oriente,186730,2025-02-01,2025-02,0,0,False
31577c1d-53ac-4645-8b69-849bf3561130,Antonio Luis Zambrano Acuña,Camaripano,L03 CASA DE TABLA ARRIBA A,Oriente,186730,2025-03-01,2025-03,0.2,0,False
31577c1d-53ac-4645-8b69-849bf3561130,Antonio Luis Zambrano Acuña,Camaripano,L03 CASA DE TABLA ARRIBA A,Oriente,186730,2025-04-01,2025-04,7,0,False
31577c1d-53ac-4645-8b69-849bf3561130,Antonio Luis Zambrano Acuña,Camaripano,L03 CASA DE TABLA ARRIBA A,Oriente,186730,2025-05-01,2025-05,30,0,False
31577c1d-53ac-4645-8b69-849bf3561130,Antonio Luis Zambrano Acuña,Camaripano,L03 CASA DE TABLA ARRIBA A,Oriente,186730,2025-06-01,2025-06,103.2,0,False
31577c1d-53ac-4645-8b69-849bf3561130,Antonio Luis Zambrano Acuña,Camaripano,L03 CASA DE TABLA ARRIBA A,Oriente,186730,2025-07-01,2025-07,144.6,0,False
31577c1d-53ac-4645-8b69-849bf3561130,Antonio Luis Zambrano Acuña,Camaripano,L03 CASA DE TABLA ARRIBA A,Oriente,186730,2025-08-01,2025-08,173.4,0,False
31577c1d-53ac-4645-8b69-849bf3561130,Antonio Luis Zambrano Acuña,Camaripano,L03 CASA DE TABLA ARRIBA A,Oriente,186730,2025-09-01,2025-09,70.2,0,False
31577c1d-53ac-4645-8b69-849bf3561130,Antonio Luis Zambrano Acuña,Camaripano,L03 CASA DE TABLA ARRIBA A,Oriente,186730,2025-10-01,2025-10,57,0,False
31577c1d-53ac-4645-8b69-849bf3561130,Antonio Luis Zambrano Acuña,Camaripano,L03 CASA DE TABLA ARRIBA A,Oriente,186730,2025-11-01,2025-11,3.2,0,False
31577c1d-53ac-4645-8b69-849bf3561130,Antonio Luis Zambrano Acuña,Camaripano,L03 CASA DE TABLA ARRIBA A,Oriente,186730,2025-12-01,2025-12,4,0,False
31577c1d-53ac-4645-8b69-849bf3561130,Antonio Luis Zambrano Acuña,Camaripano,L03 CASA DE TABLA ARRIBA A,Oriente,186730,2026-01-01,2026-01,2,0,False
31577c1d-53ac-4645-8b69-849bf3561130,Antonio Luis Zambrano Acuña,Camaripano,L03 CASA DE TABLA ARRIBA A,Oriente,186730,2026-02-01,2026-02,0,0,False
31577c1d-53ac-4645-8b69-849bf3561130,Antonio Luis Zambrano Acuña,Camaripano,L03 CASA DE TABLA ARRIBA A,Oriente,186730,2026-03-01,2026-03,6.6,0,False
31577c1d-53ac-4645-8b69-849bf3561130,Antonio Luis Zambrano Acuña,Camaripano,L03 CASA DE TABLA ARRIBA A,Oriente,186730,2026-04-01,2026-04,45.4,0,False
31577c1d-53ac-4645-8b69-849bf3561130,Antonio Luis Zambrano Acuña,Camaripano,L03 CASA DE TABLA ARRIBA A,Oriente,186730,2026-05-01,2026-05,90.6,0,False
31577c1d-53ac-4645-8b69-849bf3561130,Antonio Luis Zambrano Acuña,Camaripano,L03 CASA DE TABLA ARRIBA A,Oriente,186730,2026-06-01,2026-06,79.4,0,False
31577c1d-53ac-4645-8b69-849bf3561130,Antonio Luis Zambrano Acuña,Camaripano,L03 CASA DE TABLA ARRIBA A,Oriente,186730,2026-07-01,2026-07,147,9.67741935483871,True
31577c1d-53ac-4645-8b69-849bf3561130,Antonio Luis Zambrano Acuña,Camaripano,L03 CASA DE TABLA ARRIBA A,Oriente,186730,2026-08-01,2026-08,0,90.3225806451613,True
3130337f-3ab2-406b-a5c1-347f402702ca,Antonio Luis Zambrano Acuña,Camaripano,L04 CASA DE TABLA ARRIBA B,Oriente,186730,2024-05-01,2024-05,147.79,0,False
3130337f-3ab2-406b-a5c1-347f402702ca,Antonio Luis Zambrano Acuña,Camaripano,L04 CASA DE TABLA ARRIBA B,Oriente,186730,2024-06-01,2024-06,261.78,0,False
3130337f-3ab2-406b-a5c1-347f402702ca,Antonio Luis Zambrano Acuña,Camaripano,L04 CASA DE TABLA ARRIBA B,Oriente,186730,2024-07-01,2024-07,325.8,0,False
3130337f-3ab2-406b-a5c1-347f402702ca,Antonio Luis Zambrano Acuña,Camaripano,L04 CASA DE TABLA ARRIBA B,Oriente,186730,2024-08-01,2024-08,114.6,0,False
3130337f-3ab2-406b-a5c1-347f402702ca,Antonio Luis Zambrano Acuña,Camaripano,L04 CASA DE TABLA ARRIBA B,Oriente,186730,2024-09-01,2024-09,33.4,0,False
3130337f-3ab2-406b-a5c1-347f402702ca,Antonio Luis Zambrano Acuña,Camaripano,L04 CASA DE TABLA ARRIBA B,Oriente,186730,2024-10-01,2024-10,27.2,0,False
3130337f-3ab2-406b-a5c1-347f402702ca,Antonio Luis Zambrano Acuña,Camaripano,L04 CASA DE TABLA ARRIBA B,Oriente,186730,2024-11-01,2024-11,20,0,False
3130337f-3ab2-406b-a5c1-347f402702ca,Antonio Luis Zambrano Acuña,Camaripano,L04 CASA DE TABLA ARRIBA B,Oriente,186730,2024-12-01,2024-12,0,0,False
3130337f-3ab2-406b-a5c1-347f402702ca,Antonio Luis Zambrano Acuña,Camaripano,L04 CASA DE TABLA ARRIBA B,Oriente,186730,2025-01-01,2025-01,0.2,0,False
3130337f-3ab2-406b-a5c1-347f402702ca,Antonio Luis Zambrano Acuña,Camaripano,L04 CASA DE TABLA ARRIBA B,Oriente,186730,2025-02-01,2025-02,0,0,False
3130337f-3ab2-406b-a5c1-347f402702ca,Antonio Luis Zambrano Acuña,Camaripano,L04 CASA DE TABLA ARRIBA B,Oriente,186730,2025-03-01,2025-03,0.2,0,False
3130337f-3ab2-406b-a5c1-347f402702ca,Antonio Luis Zambrano Acuña,Camaripano,L04 CASA DE TABLA ARRIBA B,Oriente,186730,2025-04-01,2025-04,7,0,False
3130337f-3ab2-406b-a5c1-347f402702ca,Antonio Luis Zambrano Acuña,Camaripano,L04 CASA DE TABLA ARRIBA B,Oriente,186730,2025-05-01,2025-05,30,0,False
3130337f-3ab2-406b-a5c1-347f402702ca,Antonio Luis Zambrano Acuña,Camaripano,L04 CASA DE TABLA ARRIBA B,Oriente,186730,2025-06-01,2025-06,103.2,0,False
3130337f-3ab2-406b-a5c1-347f402702ca,Antonio Luis Zambrano Acuña,Camaripano,L04 CASA DE TABLA ARRIBA B,Oriente,186730,2025-07-01,2025-07,144.6,0,False
3130337f-3ab2-406b-a5c1-347f402702ca,Antonio Luis Zambrano Acuña,Camaripano,L04 CASA DE TABLA ARRIBA B,Oriente,186730,2025-08-01,2025-08,173.4,0,False
3130337f-3ab2-406b-a5c1-347f402702ca,Antonio Luis Zambrano Acuña,Camaripano,L04 CASA DE TABLA ARRIBA B,Oriente,186730,2025-09-01,2025-09,70.2,0,False
3130337f-3ab2-406b-a5c1-347f402702ca,Antonio Luis Zambrano Acuña,Camaripano,L04 CASA DE TABLA ARRIBA B,Oriente,186730,2025-10-01,2025-10,57,0,False
3130337f-3ab2-406b-a5c1-347f402702ca,Antonio Luis Zambrano Acuña,Camaripano,L04 CASA DE TABLA ARRIBA B,Oriente,186730,2025-11-01,2025-11,3.2,0,False
3130337f-3ab2-406b-a5c1-347f402702ca,Antonio Luis Zambrano Acuña,Camaripano,L04 CASA DE TABLA ARRIBA B,Oriente,186730,2025-12-01,2025-12,4,0,False
3130337f-3ab2-406b-a5c1-347f402702ca,Antonio Luis Zambrano Acuña,Camaripano,L04 CASA DE TABLA ARRIBA B,Oriente,186730,2026-01-01,2026-01,2,0,False
3130337f-3ab2-406b-a5c1-347f402702ca,Antonio Luis Zambrano Acuña,Camaripano,L04 CASA DE TABLA ARRIBA B,Oriente,186730,2026-02-01,2026-02,0,0,False
3130337f-3ab2-406b-a5c1-347f402702ca,Antonio Luis Zambrano Acuña,Camaripano,L04 CASA DE TABLA ARRIBA B,Oriente,186730,2026-03-01,2026-03,6.6,0,False
3130337f-3ab2-406b-a5c1-347f402702ca,Antonio Luis Zambrano Acuña,Camaripano,L04 CASA DE TABLA ARRIBA B,Oriente,186730,2026-04-01,2026-04,45.4,0,False
3130337f-3ab2-406b-a5c1-347f402702ca,Antonio Luis Zambrano Acuña,Camaripano,L04 CASA DE TABLA ARRIBA B,Oriente,186730,2026-05-01,2026-05,90.6,0,False
3130337f-3ab2-406b-a5c1-347f402702ca,Antonio Luis Zambrano Acuña,Camaripano,L04 CASA DE TABLA ARRIBA B,Oriente,186730,2026-06-01,2026-06,79.4,0,False
3130337f-3ab2-406b-a5c1-347f402702ca,Antonio Luis Zambrano Acuña,Camaripano,L04 CASA DE TABLA ARRIBA B,Oriente,186730,2026-07-01,2026-07,147,9.67741935483871,True
3130337f-3ab2-406b-a5c1-347f402702ca,Antonio Luis Zambrano Acuña,Camaripano,L04 CASA DE TABLA ARRIBA B,Oriente,186730,2026-08-01,2026-08,0,90.3225806451613,True
42b4b7f7-70f6-4291-b973-81920fd0cf62,Antonio Luis Zambrano Acuña,Camaripano,L05 EL DESQUITE,Oriente,186730,2024-05-01,2024-05,147.79,0,False
42b4b7f7-70f6-4291-b973-81920fd0cf62,Antonio Luis Zambrano Acuña,Camaripano,L05 EL DESQUITE,Oriente,186730,2024-06-01,2024-06,261.78,0,False
42b4b7f7-70f6-4291-b973-81920fd0cf62,Antonio Luis Zambrano Acuña,Camaripano,L05 EL DESQUITE,Oriente,186730,2024-07-01,2024-07,325.8,0,False
42b4b7f7-70f6-4291-b973-81920fd0cf62,Antonio Luis Zambrano Acuña,Camaripano,L05 EL DESQUITE,Oriente,186730,2024-08-01,2024-08,114.6,0,False
42b4b7f7-70f6-4291-b973-81920fd0cf62,Antonio Luis Zambrano Acuña,Camaripano,L05 EL DESQUITE,Oriente,186730,2024-09-01,2024-09,33.4,0,False
42b4b7f7-70f6-4291-b973-81920fd0cf62,Antonio Luis Zambrano Acuña,Camaripano,L05 EL DESQUITE,Oriente,186730,2024-10-01,2024-10,27.2,0,False
42b4b7f7-70f6-4291-b973-81920fd0cf62,Antonio Luis Zambrano Acuña,Camaripano,L05 EL DESQUITE,Oriente,186730,2024-11-01,2024-11,20,0,False
42b4b7f7-70f6-4291-b973-81920fd0cf62,Antonio Luis Zambrano Acuña,Camaripano,L05 EL DESQUITE,Oriente,186730,2024-12-01,2024-12,0,0,False
42b4b7f7-70f6-4291-b973-81920fd0cf62,Antonio Luis Zambrano Acuña,Camaripano,L05 EL DESQUITE,Oriente,186730,2025-01-01,2025-01,0.2,0,False
42b4b7f7-70f6-4291-b973-81920fd0cf62,Antonio Luis Zambrano Acuña,Camaripano,L05 EL DESQUITE,Oriente,186730,2025-02-01,2025-02,0,0,False
42b4b7f7-70f6-4291-b973-81920fd0cf62,Antonio Luis Zambrano Acuña,Camaripano,L05 EL DESQUITE,Oriente,186730,2025-03-01,2025-03,0.2,0,False
42b4b7f7-70f6-4291-b973-81920fd0cf62,Antonio Luis Zambrano Acuña,Camaripano,L05 EL DESQUITE,Oriente,186730,2025-04-01,2025-04,7,0,False
42b4b7f7-70f6-4291-b973-81920fd0cf62,Antonio Luis Zambrano Acuña,Camaripano,L05 EL DESQUITE,Oriente,186730,2025-05-01,2025-05,30,0,False
42b4b7f7-70f6-4291-b973-81920fd0cf62,Antonio Luis Zambrano Acuña,Camaripano,L05 EL DESQUITE,Oriente,186730,2025-06-01,2025-06,103.2,0,False
42b4b7f7-70f6-4291-b973-81920fd0cf62,Antonio Luis Zambrano Acuña,Camaripano,L05 EL DESQUITE,Oriente,186730,2025-07-01,2025-07,144.6,0,False
42b4b7f7-70f6-4291-b973-81920fd0cf62,Antonio Luis Zambrano Acuña,Camaripano,L05 EL DESQUITE,Oriente,186730,2025-08-01,2025-08,173.4,0,False
42b4b7f7-70f6-4291-b973-81920fd0cf62,Antonio Luis Zambrano Acuña,Camaripano,L05 EL DESQUITE,Oriente,186730,2025-09-01,2025-09,70.2,0,False
42b4b7f7-70f6-4291-b973-81920fd0cf62,Antonio Luis Zambrano Acuña,Camaripano,L05 EL DESQUITE,Oriente,186730,2025-10-01,2025-10,57,0,False
42b4b7f7-70f6-4291-b973-81920fd0cf62,Antonio Luis Zambrano Acuña,Camaripano,L05 EL DESQUITE,Oriente,186730,2025-11-01,2025-11,3.2,0,False
42b4b7f7-70f6-4291-b973-81920fd0cf62,Antonio Luis Zambrano Acuña,Camaripano,L05 EL DESQUITE,Oriente,186730,2025-12-01,2025-12,4,0,False
42b4b7f7-70f6-4291-b973-81920fd0cf62,Antonio Luis Zambrano Acuña,Camaripano,L05 EL DESQUITE,Oriente,186730,2026-01-01,2026-01,2,0,False
42b4b7f7-70f6-4291-b973-81920fd0cf62,Antonio Luis Zambrano Acuña,Camaripano,L05 EL DESQUITE,Oriente,186730,2026-02-01,2026-02,0,0,False
42b4b7f7-70f6-4291-b973-81920fd0cf62,Antonio Luis Zambrano Acuña,Camaripano,L05 EL DESQUITE,Oriente,186730,2026-03-01,2026-03,6.6,0,False
42b4b7f7-70f6-4291-b973-81920fd0cf62,Antonio Luis Zambrano Acuña,Camaripano,L05 EL DESQUITE,Oriente,186730,2026-04-01,2026-04,45.4,0,False
42b4b7f7-70f6-4291-b973-81920fd0cf62,Antonio Luis Zambrano Acuña,Camaripano,L05 EL DESQUITE,Oriente,186730,2026-05-01,2026-05,90.6,0,False
42b4b7f7-70f6-4291-b973-81920fd0cf62,Antonio Luis Zambrano Acuña,Camaripano,L05 EL DESQUITE,Oriente,186730,2026-06-01,2026-06,79.4,0,False
42b4b7f7-70f6-4291-b973-81920fd0cf62,Antonio Luis Zambrano Acuña,Camaripano,L05 EL DESQUITE,Oriente,186730,2026-07-01,2026-07,147,6.451612903225807,True
42b4b7f7-70f6-4291-b973-81920fd0cf62,Antonio Luis Zambrano Acuña,Camaripano,L05 EL DESQUITE,Oriente,186730,2026-08-01,2026-08,0,93.54838709677419,True
09164758-10e5-4d2a-9155-7bd7dd174e5f,Antonio Luis Zambrano Acuña,Camaripano,Molino Escabezao 1,Oriente,186730,2024-05-01,2024-05,147.79,0,False
09164758-10e5-4d2a-9155-7bd7dd174e5f,Antonio Luis Zambrano Acuña,Camaripano,Molino Escabezao 1,Oriente,186730,2024-06-01,2024-06,261.78,0,False
09164758-10e5-4d2a-9155-7bd7dd174e5f,Antonio Luis Zambrano Acuña,Camaripano,Molino Escabezao 1,Oriente,186730,2024-07-01,2024-07,325.8,0,False
09164758-10e5-4d2a-9155-7bd7dd174e5f,Antonio Luis Zambrano Acuña,Camaripano,Molino Escabezao 1,Oriente,186730,2024-08-01,2024-08,114.6,0,False
09164758-10e5-4d2a-9155-7bd7dd174e5f,Antonio Luis Zambrano Acuña,Camaripano,Molino Escabezao 1,Oriente,186730,2024-09-01,2024-09,33.4,0,False
09164758-10e5-4d2a-9155-7bd7dd174e5f,Antonio Luis Zambrano Acuña,Camaripano,Molino Escabezao 1,Oriente,186730,2024-10-01,2024-10,27.2,0,False
09164758-10e5-4d2a-9155-7bd7dd174e5f,Antonio Luis Zambrano Acuña,Camaripano,Molino Escabezao 1,Oriente,186730,2024-11-01,2024-11,20,0,False
09164758-10e5-4d2a-9155-7bd7dd174e5f,Antonio Luis Zambrano Acuña,Camaripano,Molino Escabezao 1,Oriente,186730,2024-12-01,2024-12,0,0,False
09164758-10e5-4d2a-9155-7bd7dd174e5f,Antonio Luis Zambrano Acuña,Camaripano,Molino Escabezao 1,Oriente,186730,2025-01-01,2025-01,0.2,0,False
09164758-10e5-4d2a-9155-7bd7dd174e5f,Antonio Luis Zambrano Acuña,Camaripano,Molino Escabezao 1,Oriente,186730,2025-02-01,2025-02,0,0,False
09164758-10e5-4d2a-9155-7bd7dd174e5f,Antonio Luis Zambrano Acuña,Camaripano,Molino Escabezao 1,Oriente,186730,2025-03-01,2025-03,0.2,0,False
09164758-10e5-4d2a-9155-7bd7dd174e5f,Antonio Luis Zambrano Acuña,Camaripano,Molino Escabezao 1,Oriente,186730,2025-04-01,2025-04,7,0,False
09164758-10e5-4d2a-9155-7bd7dd174e5f,Antonio Luis Zambrano Acuña,Camaripano,Molino Escabezao 1,Oriente,186730,2025-05-01,2025-05,30,0,False
09164758-10e5-4d2a-9155-7bd7dd174e5f,Antonio Luis Zambrano Acuña,Camaripano,Molino Escabezao 1,Oriente,186730,2025-06-01,2025-06,103.2,0,False
09164758-10e5-4d2a-9155-7bd7dd174e5f,Antonio Luis Zambrano Acuña,Camaripano,Molino Escabezao 1,Oriente,186730,2025-07-01,2025-07,144.6,0,False
09164758-10e5-4d2a-9155-7bd7dd174e5f,Antonio Luis Zambrano Acuña,Camaripano,Molino Escabezao 1,Oriente,186730,2025-08-01,2025-08,173.4,0,False
09164758-10e5-4d2a-9155-7bd7dd174e5f,Antonio Luis Zambrano Acuña,Camaripano,Molino Escabezao 1,Oriente,186730,2025-09-01,2025-09,70.2,0,False
09164758-10e5-4d2a-9155-7bd7dd174e5f,Antonio Luis Zambrano Acuña,Camaripano,Molino Escabezao 1,Oriente,186730,2025-10-01,2025-10,57,0,False
09164758-10e5-4d2a-9155-7bd7dd174e5f,Antonio Luis Zambrano Acuña,Camaripano,Molino Escabezao 1,Oriente,186730,2025-11-01,2025-11,3.2,0,False
09164758-10e5-4d2a-9155-7bd7dd174e5f,Antonio Luis Zambrano Acuña,Camaripano,Molino Escabezao 1,Oriente,186730,2025-12-01,2025-12,4,0,False
09164758-10e5-4d2a-9155-7bd7dd174e5f,Antonio Luis Zambrano Acuña,Camaripano,Molino Escabezao 1,Oriente,186730,2026-01-01,2026-01,2,0,False
09164758-10e5-4d2a-9155-7bd7dd174e5f,Antonio Luis Zambrano Acuña,Camaripano,Molino Escabezao 1,Oriente,186730,2026-02-01,2026-02,0,0,False
09164758-10e5-4d2a-9155-7bd7dd174e5f,Antonio Luis Zambrano Acuña,Camaripano,Molino Escabezao 1,Oriente,186730,2026-03-01,2026-03,6.6,0,False
09164758-10e5-4d2a-9155-7bd7dd174e5f,Antonio Luis Zambrano Acuña,Camaripano,Molino Escabezao 1,Oriente,186730,2026-04-01,2026-04,45.4,0,False
09164758-10e5-4d2a-9155-7bd7dd174e5f,Antonio Luis Zambrano Acuña,Camaripano,Molino Escabezao 1,Oriente,186730,2026-05-01,2026-05,90.6,0,False
09164758-10e5-4d2a-9155-7bd7dd174e5f,Antonio Luis Zambrano Acuña,Camaripano,Molino Escabezao 1,Oriente,186730,2026-06-01,2026-06,79.4,0,False
09164758-10e5-4d2a-9155-7bd7dd174e5f,Antonio Luis Zambrano Acuña,Camaripano,Molino Escabezao 1,Oriente,186730,2026-07-01,2026-07,147,3.225806451612903,True
09164758-10e5-4d2a-9155-7bd7dd174e5f,Antonio Luis Zambrano Acuña,Camaripano,Molino Escabezao 1,Oriente,186730,2026-08-01,2026-08,0,96.7741935483871,True
8b37ab97-2ecf-4455-add9-6ebe228e8087,Antonio Luis Zambrano Acuña,Camaripano,Molino Escabezao 2,Oriente,186730,2024-05-01,2024-05,147.79,0,False
8b37ab97-2ecf-4455-add9-6ebe228e8087,Antonio Luis Zambrano Acuña,Camaripano,Molino Escabezao 2,Oriente,186730,2024-06-01,2024-06,261.78,0,False
8b37ab97-2ecf-4455-add9-6ebe228e8087,Antonio Luis Zambrano Acuña,Camaripano,Molino Escabezao 2,Oriente,186730,2024-07-01,2024-07,325.8,0,False
8b37ab97-2ecf-4455-add9-6ebe228e8087,Antonio Luis Zambrano Acuña,Camaripano,Molino Escabezao 2,Oriente,186730,2024-08-01,2024-08,114.6,0,False
8b37ab97-2ecf-4455-add9-6ebe228e8087,Antonio Luis Zambrano Acuña,Camaripano,Molino Escabezao 2,Oriente,186730,2024-09-01,2024-09,33.4,0,False
8b37ab97-2ecf-4455-add9-6ebe228e8087,Antonio Luis Zambrano Acuña,Camaripano,Molino Escabezao 2,Oriente,186730,2024-10-01,2024-10,27.2,0,False
8b37ab97-2ecf-4455-add9-6ebe228e8087,Antonio Luis Zambrano Acuña,Camaripano,Molino Escabezao 2,Oriente,186730,2024-11-01,2024-11,20,0,False
8b37ab97-2ecf-4455-add9-6ebe228e8087,Antonio Luis Zambrano Acuña,Camaripano,Molino Escabezao 2,Oriente,186730,2024-12-01,2024-12,0,0,False
8b37ab97-2ecf-4455-add9-6ebe228e8087,Antonio Luis Zambrano Acuña,Camaripano,Molino Escabezao 2,Oriente,186730,2025-01-01,2025-01,0.2,0,False
8b37ab97-2ecf-4455-add9-6ebe228e8087,Antonio Luis Zambrano Acuña,Camaripano,Molino Escabezao 2,Oriente,186730,2025-02-01,2025-02,0,0,False
8b37ab97-2ecf-4455-add9-6ebe228e8087,Antonio Luis Zambrano Acuña,Camaripano,Molino Escabezao 2,Oriente,186730,2025-03-01,2025-03,0.2,0,False
8b37ab97-2ecf-4455-add9-6ebe228e8087,Antonio Luis Zambrano Acuña,Camaripano,Molino Escabezao 2,Oriente,186730,2025-04-01,2025-04,7,0,False
8b37ab97-2ecf-4455-add9-6ebe228e8087,Antonio Luis Zambrano Acuña,Camaripano,Molino Escabezao 2,Oriente,186730,2025-05-01,2025-05,30,0,False
8b37ab97-2ecf-4455-add9-6ebe228e8087,Antonio Luis Zambrano Acuña,Camaripano,Molino Escabezao 2,Oriente,186730,2025-06-01,2025-06,103.2,0,False
8b37ab97-2ecf-4455-add9-6ebe228e8087,Antonio Luis Zambrano Acuña,Camaripano,Molino Escabezao 2,Oriente,186730,2025-07-01,2025-07,144.6,0,False
8b37ab97-2ecf-4455-add9-6ebe228e8087,Antonio Luis Zambrano Acuña,Camaripano,Molino Escabezao 2,Oriente,186730,2025-08-01,2025-08,173.4,0,False
8b37ab97-2ecf-4455-add9-6ebe228e8087,Antonio Luis Zambrano Acuña,Camaripano,Molino Escabezao 2,Oriente,186730,2025-09-01,2025-09,70.2,0,False
8b37ab97-2ecf-4455-add9-6ebe228e8087,Antonio Luis Zambrano Acuña,Camaripano,Molino Escabezao 2,Oriente,186730,2025-10-01,2025-10,57,0,False
8b37ab97-2ecf-4455-add9-6ebe228e8087,Antonio Luis Zambrano Acuña,Camaripano,Molino Escabezao 2,Oriente,186730,2025-11-01,2025-11,3.2,0,False
8b37ab97-2ecf-4455-add9-6ebe228e8087,Antonio Luis Zambrano Acuña,Camaripano,Molino Escabezao 2,Oriente,186730,2025-12-01,2025-12,4,0,False
8b37ab97-2ecf-4455-add9-6ebe228e8087,Antonio Luis Zambrano Acuña,Camaripano,Molino Escabezao 2,Oriente,186730,2026-01-01,2026-01,2,0,False
8b37ab97-2ecf-4455-add9-6ebe228e8087,Antonio Luis Zambrano Acuña,Camaripano,Molino Escabezao 2,Oriente,186730,2026-02-01,2026-02,0,0,False
8b37ab97-2ecf-4455-add9-6ebe228e8087,Antonio Luis Zambrano Acuña,Camaripano,Molino Escabezao 2,Oriente,186730,2026-03-01,2026-03,6.6,0,False
8b37ab97-2ecf-4455-add9-6ebe228e8087,Antonio Luis Zambrano Acuña,Camaripano,Molino Escabezao 2,Oriente,186730,2026-04-01,2026-04,45.4,0,False
8b37ab97-2ecf-4455-add9-6ebe228e8087,Antonio Luis Zambrano Acuña,Camaripano,Molino Escabezao 2,Oriente,186730,2026-05-01,2026-05,90.6,0,False
8b37ab97-2ecf-4455-add9-6ebe228e8087,Antonio Luis Zambrano Acuña,Camaripano,Molino Escabezao 2,Oriente,186730,2026-06-01,2026-06,79.4,0,False
8b37ab97-2ecf-4455-add9-6ebe228e8087,Antonio Luis Zambrano Acuña,Camaripano,Molino Escabezao 2,Oriente,186730,2026-07-01,2026-07,147,0,False
8b37ab97-2ecf-4455-add9-6ebe228e8087,Antonio Luis Zambrano Acuña,Camaripano,Molino Escabezao 2,Oriente,186730,2026-08-01,2026-08,0,100,True
cb182c2d-4309-49f9-87ae-3629575d45c6,Antonio Luis Zambrano Acuña,Camaripano,Tanque Gasoil,Oriente,186730,2024-05-01,2024-05,147.79,0,False
cb182c2d-4309-49f9-87ae-3629575d45c6,Antonio Luis Zambrano Acuña,Camaripano,Tanque Gasoil,Oriente,186730,2024-06-01,2024-06,261.78,0,False
cb182c2d-4309-49f9-87ae-3629575d45c6,Antonio Luis Zambrano Acuña,Camaripano,Tanque Gasoil,Oriente,186730,2024-07-01,2024-07,325.8,0,False
cb182c2d-4309-49f9-87ae-3629575d45c6,Antonio Luis Zambrano Acuña,Camaripano,Tanque Gasoil,Oriente,186730,2024-08-01,2024-08,114.6,0,False
cb182c2d-4309-49f9-87ae-3629575d45c6,Antonio Luis Zambrano Acuña,Camaripano,Tanque Gasoil,Oriente,186730,2024-09-01,2024-09,33.4,0,False
cb182c2d-4309-49f9-87ae-3629575d45c6,Antonio Luis Zambrano Acuña,Camaripano,Tanque Gasoil,Oriente,186730,2024-10-01,2024-10,27.2,0,False
cb182c2d-4309-49f9-87ae-3629575d45c6,Antonio Luis Zambrano Acuña,Camaripano,Tanque Gasoil,Oriente,186730,2024-11-01,2024-11,20,0,False
cb182c2d-4309-49f9-87ae-3629575d45c6,Antonio Luis Zambrano Acuña,Camaripano,Tanque Gasoil,Oriente,186730,2024-12-01,2024-12,0,0,False
cb182c2d-4309-49f9-87ae-3629575d45c6,Antonio Luis Zambrano Acuña,Camaripano,Tanque Gasoil,Oriente,186730,2025-01-01,2025-01,0.2,0,False
cb182c2d-4309-49f9-87ae-3629575d45c6,Antonio Luis Zambrano Acuña,Camaripano,Tanque Gasoil,Oriente,186730,2025-02-01,2025-02,0,0,False
cb182c2d-4309-49f9-87ae-3629575d45c6,Antonio Luis Zambrano Acuña,Camaripano,Tanque Gasoil,Oriente,186730,2025-03-01,2025-03,0.2,0,False
cb182c2d-4309-49f9-87ae-3629575d45c6,Antonio Luis Zambrano Acuña,Camaripano,Tanque Gasoil,Oriente,186730,2025-04-01,2025-04,7,0,False
cb182c2d-4309-49f9-87ae-3629575d45c6,Antonio Luis Zambrano Acuña,Camaripano,Tanque Gasoil,Oriente,186730,2025-05-01,2025-05,30,0,False
cb182c2d-4309-49f9-87ae-3629575d45c6,Antonio Luis Zambrano Acuña,Camaripano,Tanque Gasoil,Oriente,186730,2025-06-01,2025-06,103.2,0,False
cb182c2d-4309-49f9-87ae-3629575d45c6,Antonio Luis Zambrano Acuña,Camaripano,Tanque Gasoil,Oriente,186730,2025-07-01,2025-07,144.6,0,False
cb182c2d-4309-49f9-87ae-3629575d45c6,Antonio Luis Zambrano Acuña,Camaripano,Tanque Gasoil,Oriente,186730,2025-08-01,2025-08,173.4,0,False
cb182c2d-4309-49f9-87ae-3629575d45c6,Antonio Luis Zambrano Acuña,Camaripano,Tanque Gasoil,Oriente,186730,2025-09-01,2025-09,70.2,0,False
cb182c2d-4309-49f9-87ae-3629575d45c6,Antonio Luis Zambrano Acuña,Camaripano,Tanque Gasoil,Oriente,186730,2025-10-01,2025-10,57,0,False
cb182c2d-4309-49f9-87ae-3629575d45c6,Antonio Luis Zambrano Acuña,Camaripano,Tanque Gasoil,Oriente,186730,2025-11-01,2025-11,3.2,0,False
cb182c2d-4309-49f9-87ae-3629575d45c6,Antonio Luis Zambrano Acuña,Camaripano,Tanque Gasoil,Oriente,186730,2025-12-01,2025-12,4,0,False
cb182c2d-4309-49f9-87ae-3629575d45c6,Antonio Luis Zambrano Acuña,Camaripano,Tanque Gasoil,Oriente,186730,2026-01-01,2026-01,2,0,False
cb182c2d-4309-49f9-87ae-3629575d45c6,Antonio Luis Zambrano Acuña,Camaripano,Tanque Gasoil,Oriente,186730,2026-02-01,2026-02,0,0,False
cb182c2d-4309-49f9-87ae-3629575d45c6,Antonio Luis Zambrano Acuña,Camaripano,Tanque Gasoil,Oriente,186730,2026-03-01,2026-03,6.6,0,False
cb182c2d-4309-49f9-87ae-3629575d45c6,Antonio Luis Zambrano Acuña,Camaripano,Tanque Gasoil,Oriente,186730,2026-04-01,2026-04,45.4,0,False
cb182c2d-4309-49f9-87ae-3629575d45c6,Antonio Luis Zambrano Acuña,Camaripano,Tanque Gasoil,Oriente,186730,2026-05-01,2026-05,90.6,0,False
cb182c2d-4309-49f9-87ae-3629575d45c6,Antonio Luis Zambrano Acuña,Camaripano,Tanque Gasoil,Oriente,186730,2026-06-01,2026-06,79.4,0,False
cb182c2d-4309-49f9-87ae-3629575d45c6,Antonio Luis Zambrano Acuña,Camaripano,Tanque Gasoil,Oriente,186730,2026-07-01,2026-07,147,12.903225806451612,True
cb182c2d-4309-49f9-87ae-3629575d45c6,Antonio Luis Zambrano Acuña,Camaripano,Tanque Gasoil,Oriente,186730,2026-08-01,2026-08,0,87.09677419354838,True
f55dc471-b9ad-4800-ac8f-676ba61e362d,Celso Fantinel Furlanis,El Loro,Costaneros,Oriente,213735,2025-05-01,2025-05,5.8,0,False
f55dc471-b9ad-4800-ac8f-676ba61e362d,Celso Fantinel Furlanis,El Loro,Costaneros,Oriente,213735,2025-06-01,2025-06,124.2,0,False
f55dc471-b9ad-4800-ac8f-676ba61e362d,Celso Fantinel Furlanis,El Loro,Costaneros,Oriente,213735,2025-07-01,2025-07,182,0,False
f55dc471-b9ad-4800-ac8f-676ba61e362d,Celso Fantinel Furlanis,El Loro,Costaneros,Oriente,213735,2025-08-01,2025-08,169,0,False
f55dc471-b9ad-4800-ac8f-676ba61e362d,Celso Fantinel Furlanis,El Loro,Costaneros,Oriente,213735,2025-09-01,2025-09,162.8,0,False
f55dc471-b9ad-4800-ac8f-676ba61e362d,Celso Fantinel Furlanis,El Loro,Costaneros,Oriente,213735,2025-10-01,2025-10,118.2,0,False
f55dc471-b9ad-4800-ac8f-676ba61e362d,Celso Fantinel Furlanis,El Loro,Costaneros,Oriente,213735,2025-11-01,2025-11,11.4,0,False
f55dc471-b9ad-4800-ac8f-676ba61e362d,Celso Fantinel Furlanis,El Loro,Costaneros,Oriente,213735,2025-12-01,2025-12,7.2,0,False
f55dc471-b9ad-4800-ac8f-676ba61e362d,Celso Fantinel Furlanis,El Loro,Costaneros,Oriente,213735,2026-01-01,2026-01,0.4,0,False
f55dc471-b9ad-4800-ac8f-676ba61e362d,Celso Fantinel Furlanis,El Loro,Costaneros,Oriente,213735,2026-02-01,2026-02,0,0,False
f55dc471-b9ad-4800-ac8f-676ba61e362d,Celso Fantinel Furlanis,El Loro,Costaneros,Oriente,213735,2026-03-01,2026-03,16.4,0,False
f55dc471-b9ad-4800-ac8f-676ba61e362d,Celso Fantinel Furlanis,El Loro,Costaneros,Oriente,213735,2026-04-01,2026-04,37.8,0,False
f55dc471-b9ad-4800-ac8f-676ba61e362d,Celso Fantinel Furlanis,El Loro,Costaneros,Oriente,213735,2026-05-01,2026-05,163.4,0,False
f55dc471-b9ad-4800-ac8f-676ba61e362d,Celso Fantinel Furlanis,El Loro,Costaneros,Oriente,213735,2026-06-01,2026-06,155.2,0,False
f55dc471-b9ad-4800-ac8f-676ba61e362d,Celso Fantinel Furlanis,El Loro,Costaneros,Oriente,213735,2026-07-01,2026-07,55,0,False
f55dc471-b9ad-4800-ac8f-676ba61e362d,Celso Fantinel Furlanis,El Loro,Costaneros,Oriente,213735,2026-08-01,2026-08,0,61.29032258064516,True
d359733d-cffe-4298-843e-98528015531d,Celso Fantinel Furlanis,El Loro,Frijolero Oeste,Oriente,213735,2025-05-01,2025-05,5.8,0,False
d359733d-cffe-4298-843e-98528015531d,Celso Fantinel Furlanis,El Loro,Frijolero Oeste,Oriente,213735,2025-06-01,2025-06,124.2,0,False
d359733d-cffe-4298-843e-98528015531d,Celso Fantinel Furlanis,El Loro,Frijolero Oeste,Oriente,213735,2025-07-01,2025-07,182,0,False
d359733d-cffe-4298-843e-98528015531d,Celso Fantinel Furlanis,El Loro,Frijolero Oeste,Oriente,213735,2025-08-01,2025-08,169,0,False
d359733d-cffe-4298-843e-98528015531d,Celso Fantinel Furlanis,El Loro,Frijolero Oeste,Oriente,213735,2025-09-01,2025-09,162.8,0,False
d359733d-cffe-4298-843e-98528015531d,Celso Fantinel Furlanis,El Loro,Frijolero Oeste,Oriente,213735,2025-10-01,2025-10,118.2,0,False
d359733d-cffe-4298-843e-98528015531d,Celso Fantinel Furlanis,El Loro,Frijolero Oeste,Oriente,213735,2025-11-01,2025-11,11.4,0,False
d359733d-cffe-4298-843e-98528015531d,Celso Fantinel Furlanis,El Loro,Frijolero Oeste,Oriente,213735,2025-12-01,2025-12,7.2,0,False
d359733d-cffe-4298-843e-98528015531d,Celso Fantinel Furlanis,El Loro,Frijolero Oeste,Oriente,213735,2026-01-01,2026-01,0.4,0,False
d359733d-cffe-4298-843e-98528015531d,Celso Fantinel Furlanis,El Loro,Frijolero Oeste,Oriente,213735,2026-02-01,2026-02,0,0,False
d359733d-cffe-4298-843e-98528015531d,Celso Fantinel Furlanis,El Loro,Frijolero Oeste,Oriente,213735,2026-03-01,2026-03,16.4,0,False
d359733d-cffe-4298-843e-98528015531d,Celso Fantinel Furlanis,El Loro,Frijolero Oeste,Oriente,213735,2026-04-01,2026-04,37.8,0,False
d359733d-cffe-4298-843e-98528015531d,Celso Fantinel Furlanis,El Loro,Frijolero Oeste,Oriente,213735,2026-05-01,2026-05,163.4,0,False
d359733d-cffe-4298-843e-98528015531d,Celso Fantinel Furlanis,El Loro,Frijolero Oeste,Oriente,213735,2026-06-01,2026-06,155.2,0,False
d359733d-cffe-4298-843e-98528015531d,Celso Fantinel Furlanis,El Loro,Frijolero Oeste,Oriente,213735,2026-07-01,2026-07,55,0,False
d359733d-cffe-4298-843e-98528015531d,Celso Fantinel Furlanis,El Loro,Frijolero Oeste,Oriente,213735,2026-08-01,2026-08,0,54.83870967741935,True
78f5f315-7fe6-449c-b591-aaaf96a3d4d5,Celso Fantinel Furlanis,El Loro,Guillero 1,Oriente,213735,2025-05-01,2025-05,5.8,0,False
78f5f315-7fe6-449c-b591-aaaf96a3d4d5,Celso Fantinel Furlanis,El Loro,Guillero 1,Oriente,213735,2025-06-01,2025-06,124.2,0,False
78f5f315-7fe6-449c-b591-aaaf96a3d4d5,Celso Fantinel Furlanis,El Loro,Guillero 1,Oriente,213735,2025-07-01,2025-07,182,0,False
78f5f315-7fe6-449c-b591-aaaf96a3d4d5,Celso Fantinel Furlanis,El Loro,Guillero 1,Oriente,213735,2025-08-01,2025-08,169,0,False
78f5f315-7fe6-449c-b591-aaaf96a3d4d5,Celso Fantinel Furlanis,El Loro,Guillero 1,Oriente,213735,2025-09-01,2025-09,162.8,0,False
78f5f315-7fe6-449c-b591-aaaf96a3d4d5,Celso Fantinel Furlanis,El Loro,Guillero 1,Oriente,213735,2025-10-01,2025-10,118.2,0,False
78f5f315-7fe6-449c-b591-aaaf96a3d4d5,Celso Fantinel Furlanis,El Loro,Guillero 1,Oriente,213735,2025-11-01,2025-11,11.4,0,False
78f5f315-7fe6-449c-b591-aaaf96a3d4d5,Celso Fantinel Furlanis,El Loro,Guillero 1,Oriente,213735,2025-12-01,2025-12,7.2,0,False
78f5f315-7fe6-449c-b591-aaaf96a3d4d5,Celso Fantinel Furlanis,El Loro,Guillero 1,Oriente,213735,2026-01-01,2026-01,0.4,0,False
78f5f315-7fe6-449c-b591-aaaf96a3d4d5,Celso Fantinel Furlanis,El Loro,Guillero 1,Oriente,213735,2026-02-01,2026-02,0,0,False
78f5f315-7fe6-449c-b591-aaaf96a3d4d5,Celso Fantinel Furlanis,El Loro,Guillero 1,Oriente,213735,2026-03-01,2026-03,16.4,0,False
78f5f315-7fe6-449c-b591-aaaf96a3d4d5,Celso Fantinel Furlanis,El Loro,Guillero 1,Oriente,213735,2026-04-01,2026-04,37.8,0,False
78f5f315-7fe6-449c-b591-aaaf96a3d4d5,Celso Fantinel Furlanis,El Loro,Guillero 1,Oriente,213735,2026-05-01,2026-05,163.4,0,False
78f5f315-7fe6-449c-b591-aaaf96a3d4d5,Celso Fantinel Furlanis,El Loro,Guillero 1,Oriente,213735,2026-06-01,2026-06,155.2,0,False
78f5f315-7fe6-449c-b591-aaaf96a3d4d5,Celso Fantinel Furlanis,El Loro,Guillero 1,Oriente,213735,2026-07-01,2026-07,55,0,False
78f5f315-7fe6-449c-b591-aaaf96a3d4d5,Celso Fantinel Furlanis,El Loro,Guillero 1,Oriente,213735,2026-08-01,2026-08,0,25.806451612903224,True
0c5f247f-14a9-456b-9c08-ad395b544af5,Celso Fantinel Furlanis,El Loro,Guillero 2,Oriente,213735,2025-05-01,2025-05,5.8,0,False
0c5f247f-14a9-456b-9c08-ad395b544af5,Celso Fantinel Furlanis,El Loro,Guillero 2,Oriente,213735,2025-06-01,2025-06,124.2,0,False
0c5f247f-14a9-456b-9c08-ad395b544af5,Celso Fantinel Furlanis,El Loro,Guillero 2,Oriente,213735,2025-07-01,2025-07,182,0,False
0c5f247f-14a9-456b-9c08-ad395b544af5,Celso Fantinel Furlanis,El Loro,Guillero 2,Oriente,213735,2025-08-01,2025-08,169,0,False
0c5f247f-14a9-456b-9c08-ad395b544af5,Celso Fantinel Furlanis,El Loro,Guillero 2,Oriente,213735,2025-09-01,2025-09,162.8,0,False
0c5f247f-14a9-456b-9c08-ad395b544af5,Celso Fantinel Furlanis,El Loro,Guillero 2,Oriente,213735,2025-10-01,2025-10,118.2,0,False
0c5f247f-14a9-456b-9c08-ad395b544af5,Celso Fantinel Furlanis,El Loro,Guillero 2,Oriente,213735,2025-11-01,2025-11,11.4,0,False
0c5f247f-14a9-456b-9c08-ad395b544af5,Celso Fantinel Furlanis,El Loro,Guillero 2,Oriente,213735,2025-12-01,2025-12,7.2,0,False
0c5f247f-14a9-456b-9c08-ad395b544af5,Celso Fantinel Furlanis,El Loro,Guillero 2,Oriente,213735,2026-01-01,2026-01,0.4,0,False
0c5f247f-14a9-456b-9c08-ad395b544af5,Celso Fantinel Furlanis,El Loro,Guillero 2,Oriente,213735,2026-02-01,2026-02,0,0,False
0c5f247f-14a9-456b-9c08-ad395b544af5,Celso Fantinel Furlanis,El Loro,Guillero 2,Oriente,213735,2026-03-01,2026-03,16.4,0,False
0c5f247f-14a9-456b-9c08-ad395b544af5,Celso Fantinel Furlanis,El Loro,Guillero 2,Oriente,213735,2026-04-01,2026-04,37.8,0,False
0c5f247f-14a9-456b-9c08-ad395b544af5,Celso Fantinel Furlanis,El Loro,Guillero 2,Oriente,213735,2026-05-01,2026-05,163.4,0,False
0c5f247f-14a9-456b-9c08-ad395b544af5,Celso Fantinel Furlanis,El Loro,Guillero 2,Oriente,213735,2026-06-01,2026-06,155.2,0,False
0c5f247f-14a9-456b-9c08-ad395b544af5,Celso Fantinel Furlanis,El Loro,Guillero 2,Oriente,213735,2026-07-01,2026-07,55,0,False
0c5f247f-14a9-456b-9c08-ad395b544af5,Celso Fantinel Furlanis,El Loro,Guillero 2,Oriente,213735,2026-08-01,2026-08,0,45.16129032258065,True
b281e4c5-89c9-4bd5-8830-bc5614b4b703,Celso Fantinel Furlanis,El Loro,L01 LOTE SAMANCITO,Oriente,213735,2025-05-01,2025-05,5.8,0,False
b281e4c5-89c9-4bd5-8830-bc5614b4b703,Celso Fantinel Furlanis,El Loro,L01 LOTE SAMANCITO,Oriente,213735,2025-06-01,2025-06,124.2,0,False
b281e4c5-89c9-4bd5-8830-bc5614b4b703,Celso Fantinel Furlanis,El Loro,L01 LOTE SAMANCITO,Oriente,213735,2025-07-01,2025-07,182,0,False
b281e4c5-89c9-4bd5-8830-bc5614b4b703,Celso Fantinel Furlanis,El Loro,L01 LOTE SAMANCITO,Oriente,213735,2025-08-01,2025-08,169,0,False
b281e4c5-89c9-4bd5-8830-bc5614b4b703,Celso Fantinel Furlanis,El Loro,L01 LOTE SAMANCITO,Oriente,213735,2025-09-01,2025-09,162.8,0,False
b281e4c5-89c9-4bd5-8830-bc5614b4b703,Celso Fantinel Furlanis,El Loro,L01 LOTE SAMANCITO,Oriente,213735,2025-10-01,2025-10,118.2,0,False
b281e4c5-89c9-4bd5-8830-bc5614b4b703,Celso Fantinel Furlanis,El Loro,L01 LOTE SAMANCITO,Oriente,213735,2025-11-01,2025-11,11.4,0,False
b281e4c5-89c9-4bd5-8830-bc5614b4b703,Celso Fantinel Furlanis,El Loro,L01 LOTE SAMANCITO,Oriente,213735,2025-12-01,2025-12,7.2,0,False
b281e4c5-89c9-4bd5-8830-bc5614b4b703,Celso Fantinel Furlanis,El Loro,L01 LOTE SAMANCITO,Oriente,213735,2026-01-01,2026-01,0.4,0,False
b281e4c5-89c9-4bd5-8830-bc5614b4b703,Celso Fantinel Furlanis,El Loro,L01 LOTE SAMANCITO,Oriente,213735,2026-02-01,2026-02,0,0,False
b281e4c5-89c9-4bd5-8830-bc5614b4b703,Celso Fantinel Furlanis,El Loro,L01 LOTE SAMANCITO,Oriente,213735,2026-03-01,2026-03,16.4,0,False
b281e4c5-89c9-4bd5-8830-bc5614b4b703,Celso Fantinel Furlanis,El Loro,L01 LOTE SAMANCITO,Oriente,213735,2026-04-01,2026-04,37.8,0,False
b281e4c5-89c9-4bd5-8830-bc5614b4b703,Celso Fantinel Furlanis,El Loro,L01 LOTE SAMANCITO,Oriente,213735,2026-05-01,2026-05,163.4,0,False
b281e4c5-89c9-4bd5-8830-bc5614b4b703,Celso Fantinel Furlanis,El Loro,L01 LOTE SAMANCITO,Oriente,213735,2026-06-01,2026-06,155.2,0,False
b281e4c5-89c9-4bd5-8830-bc5614b4b703,Celso Fantinel Furlanis,El Loro,L01 LOTE SAMANCITO,Oriente,213735,2026-07-01,2026-07,55,9.67741935483871,True
b281e4c5-89c9-4bd5-8830-bc5614b4b703,Celso Fantinel Furlanis,El Loro,L01 LOTE SAMANCITO,Oriente,213735,2026-08-01,2026-08,0,90.3225806451613,True
ea74468f-e74f-458e-a748-e6975bc9e03f,Celso Fantinel Furlanis,El Loro,La Ceiba,Oriente,213735,2025-05-01,2025-05,5.8,0,False
ea74468f-e74f-458e-a748-e6975bc9e03f,Celso Fantinel Furlanis,El Loro,La Ceiba,Oriente,213735,2025-06-01,2025-06,124.2,0,False
ea74468f-e74f-458e-a748-e6975bc9e03f,Celso Fantinel Furlanis,El Loro,La Ceiba,Oriente,213735,2025-07-01,2025-07,182,0,False
ea74468f-e74f-458e-a748-e6975bc9e03f,Celso Fantinel Furlanis,El Loro,La Ceiba,Oriente,213735,2025-08-01,2025-08,169,0,False
ea74468f-e74f-458e-a748-e6975bc9e03f,Celso Fantinel Furlanis,El Loro,La Ceiba,Oriente,213735,2025-09-01,2025-09,162.8,0,False
ea74468f-e74f-458e-a748-e6975bc9e03f,Celso Fantinel Furlanis,El Loro,La Ceiba,Oriente,213735,2025-10-01,2025-10,118.2,0,False
ea74468f-e74f-458e-a748-e6975bc9e03f,Celso Fantinel Furlanis,El Loro,La Ceiba,Oriente,213735,2025-11-01,2025-11,11.4,0,False
ea74468f-e74f-458e-a748-e6975bc9e03f,Celso Fantinel Furlanis,El Loro,La Ceiba,Oriente,213735,2025-12-01,2025-12,7.2,0,False
ea74468f-e74f-458e-a748-e6975bc9e03f,Celso Fantinel Furlanis,El Loro,La Ceiba,Oriente,213735,2026-01-01,2026-01,0.4,0,False
ea74468f-e74f-458e-a748-e6975bc9e03f,Celso Fantinel Furlanis,El Loro,La Ceiba,Oriente,213735,2026-02-01,2026-02,0,0,False
ea74468f-e74f-458e-a748-e6975bc9e03f,Celso Fantinel Furlanis,El Loro,La Ceiba,Oriente,213735,2026-03-01,2026-03,16.4,0,False
ea74468f-e74f-458e-a748-e6975bc9e03f,Celso Fantinel Furlanis,El Loro,La Ceiba,Oriente,213735,2026-04-01,2026-04,37.8,0,False
ea74468f-e74f-458e-a748-e6975bc9e03f,Celso Fantinel Furlanis,El Loro,La Ceiba,Oriente,213735,2026-05-01,2026-05,163.4,0,False
ea74468f-e74f-458e-a748-e6975bc9e03f,Celso Fantinel Furlanis,El Loro,La Ceiba,Oriente,213735,2026-06-01,2026-06,155.2,0,False
ea74468f-e74f-458e-a748-e6975bc9e03f,Celso Fantinel Furlanis,El Loro,La Ceiba,Oriente,213735,2026-07-01,2026-07,55,0,False
ea74468f-e74f-458e-a748-e6975bc9e03f,Celso Fantinel Furlanis,El Loro,La Ceiba,Oriente,213735,2026-08-01,2026-08,0,58.064516129032256,True
da0e68eb-4568-4ad4-85f6-2b89e8a7de22,Celso Fantinel Furlanis,El Loro,Punta gorda A,Oriente,213735,2025-05-01,2025-05,5.8,0,False
da0e68eb-4568-4ad4-85f6-2b89e8a7de22,Celso Fantinel Furlanis,El Loro,Punta gorda A,Oriente,213735,2025-06-01,2025-06,124.2,0,False
da0e68eb-4568-4ad4-85f6-2b89e8a7de22,Celso Fantinel Furlanis,El Loro,Punta gorda A,Oriente,213735,2025-07-01,2025-07,182,0,False
da0e68eb-4568-4ad4-85f6-2b89e8a7de22,Celso Fantinel Furlanis,El Loro,Punta gorda A,Oriente,213735,2025-08-01,2025-08,169,0,False
da0e68eb-4568-4ad4-85f6-2b89e8a7de22,Celso Fantinel Furlanis,El Loro,Punta gorda A,Oriente,213735,2025-09-01,2025-09,162.8,0,False
da0e68eb-4568-4ad4-85f6-2b89e8a7de22,Celso Fantinel Furlanis,El Loro,Punta gorda A,Oriente,213735,2025-10-01,2025-10,118.2,0,False
da0e68eb-4568-4ad4-85f6-2b89e8a7de22,Celso Fantinel Furlanis,El Loro,Punta gorda A,Oriente,213735,2025-11-01,2025-11,11.4,0,False
da0e68eb-4568-4ad4-85f6-2b89e8a7de22,Celso Fantinel Furlanis,El Loro,Punta gorda A,Oriente,213735,2025-12-01,2025-12,7.2,0,False
da0e68eb-4568-4ad4-85f6-2b89e8a7de22,Celso Fantinel Furlanis,El Loro,Punta gorda A,Oriente,213735,2026-01-01,2026-01,0.4,0,False
da0e68eb-4568-4ad4-85f6-2b89e8a7de22,Celso Fantinel Furlanis,El Loro,Punta gorda A,Oriente,213735,2026-02-01,2026-02,0,0,False
da0e68eb-4568-4ad4-85f6-2b89e8a7de22,Celso Fantinel Furlanis,El Loro,Punta gorda A,Oriente,213735,2026-03-01,2026-03,16.4,0,False
da0e68eb-4568-4ad4-85f6-2b89e8a7de22,Celso Fantinel Furlanis,El Loro,Punta gorda A,Oriente,213735,2026-04-01,2026-04,37.8,0,False
da0e68eb-4568-4ad4-85f6-2b89e8a7de22,Celso Fantinel Furlanis,El Loro,Punta gorda A,Oriente,213735,2026-05-01,2026-05,163.4,0,False
da0e68eb-4568-4ad4-85f6-2b89e8a7de22,Celso Fantinel Furlanis,El Loro,Punta gorda A,Oriente,213735,2026-06-01,2026-06,155.2,0,False
da0e68eb-4568-4ad4-85f6-2b89e8a7de22,Celso Fantinel Furlanis,El Loro,Punta gorda A,Oriente,213735,2026-07-01,2026-07,55,0,False
da0e68eb-4568-4ad4-85f6-2b89e8a7de22,Celso Fantinel Furlanis,El Loro,Punta gorda A,Oriente,213735,2026-08-01,2026-08,0,67.74193548387096,True
54273189-deea-459e-9539-a9a66e106f45,Celso Fantinel Furlanis,El Loro,Taladro,Oriente,213735,2025-05-01,2025-05,5.8,0,False
54273189-deea-459e-9539-a9a66e106f45,Celso Fantinel Furlanis,El Loro,Taladro,Oriente,213735,2025-06-01,2025-06,124.2,0,False
54273189-deea-459e-9539-a9a66e106f45,Celso Fantinel Furlanis,El Loro,Taladro,Oriente,213735,2025-07-01,2025-07,182,0,False
54273189-deea-459e-9539-a9a66e106f45,Celso Fantinel Furlanis,El Loro,Taladro,Oriente,213735,2025-08-01,2025-08,169,0,False
54273189-deea-459e-9539-a9a66e106f45,Celso Fantinel Furlanis,El Loro,Taladro,Oriente,213735,2025-09-01,2025-09,162.8,0,False
54273189-deea-459e-9539-a9a66e106f45,Celso Fantinel Furlanis,El Loro,Taladro,Oriente,213735,2025-10-01,2025-10,118.2,0,False
54273189-deea-459e-9539-a9a66e106f45,Celso Fantinel Furlanis,El Loro,Taladro,Oriente,213735,2025-11-01,2025-11,11.4,0,False
54273189-deea-459e-9539-a9a66e106f45,Celso Fantinel Furlanis,El Loro,Taladro,Oriente,213735,2025-12-01,2025-12,7.2,0,False
54273189-deea-459e-9539-a9a66e106f45,Celso Fantinel Furlanis,El Loro,Taladro,Oriente,213735,2026-01-01,2026-01,0.4,0,False
54273189-deea-459e-9539-a9a66e106f45,Celso Fantinel Furlanis,El Loro,Taladro,Oriente,213735,2026-02-01,2026-02,0,0,False
54273189-deea-459e-9539-a9a66e106f45,Celso Fantinel Furlanis,El Loro,Taladro,Oriente,213735,2026-03-01,2026-03,16.4,0,False
54273189-deea-459e-9539-a9a66e106f45,Celso Fantinel Furlanis,El Loro,Taladro,Oriente,213735,2026-04-01,2026-04,37.8,0,False
54273189-deea-459e-9539-a9a66e106f45,Celso Fantinel Furlanis,El Loro,Taladro,Oriente,213735,2026-05-01,2026-05,163.4,0,False
54273189-deea-459e-9539-a9a66e106f45,Celso Fantinel Furlanis,El Loro,Taladro,Oriente,213735,2026-06-01,2026-06,155.2,0,False
54273189-deea-459e-9539-a9a66e106f45,Celso Fantinel Furlanis,El Loro,Taladro,Oriente,213735,2026-07-01,2026-07,55,0,False
54273189-deea-459e-9539-a9a66e106f45,Celso Fantinel Furlanis,El Loro,Taladro,Oriente,213735,2026-08-01,2026-08,0,67.74193548387096,True
4fcc3c97-d554-4a32-af2f-df4166ed9d5a,Celso Fantinel Furlanis,El Loro,Victoriero 1,Oriente,213735,2025-05-01,2025-05,5.8,0,False
4fcc3c97-d554-4a32-af2f-df4166ed9d5a,Celso Fantinel Furlanis,El Loro,Victoriero 1,Oriente,213735,2025-06-01,2025-06,124.2,0,False
4fcc3c97-d554-4a32-af2f-df4166ed9d5a,Celso Fantinel Furlanis,El Loro,Victoriero 1,Oriente,213735,2025-07-01,2025-07,182,0,False
4fcc3c97-d554-4a32-af2f-df4166ed9d5a,Celso Fantinel Furlanis,El Loro,Victoriero 1,Oriente,213735,2025-08-01,2025-08,169,0,False
4fcc3c97-d554-4a32-af2f-df4166ed9d5a,Celso Fantinel Furlanis,El Loro,Victoriero 1,Oriente,213735,2025-09-01,2025-09,162.8,0,False
4fcc3c97-d554-4a32-af2f-df4166ed9d5a,Celso Fantinel Furlanis,El Loro,Victoriero 1,Oriente,213735,2025-10-01,2025-10,118.2,0,False
4fcc3c97-d554-4a32-af2f-df4166ed9d5a,Celso Fantinel Furlanis,El Loro,Victoriero 1,Oriente,213735,2025-11-01,2025-11,11.4,0,False
4fcc3c97-d554-4a32-af2f-df4166ed9d5a,Celso Fantinel Furlanis,El Loro,Victoriero 1,Oriente,213735,2025-12-01,2025-12,7.2,0,False
4fcc3c97-d554-4a32-af2f-df4166ed9d5a,Celso Fantinel Furlanis,El Loro,Victoriero 1,Oriente,213735,2026-01-01,2026-01,0.4,0,False
4fcc3c97-d554-4a32-af2f-df4166ed9d5a,Celso Fantinel Furlanis,El Loro,Victoriero 1,Oriente,213735,2026-02-01,2026-02,0,0,False
4fcc3c97-d554-4a32-af2f-df4166ed9d5a,Celso Fantinel Furlanis,El Loro,Victoriero 1,Oriente,213735,2026-03-01,2026-03,16.4,0,False
4fcc3c97-d554-4a32-af2f-df4166ed9d5a,Celso Fantinel Furlanis,El Loro,Victoriero 1,Oriente,213735,2026-04-01,2026-04,37.8,0,False
4fcc3c97-d554-4a32-af2f-df4166ed9d5a,Celso Fantinel Furlanis,El Loro,Victoriero 1,Oriente,213735,2026-05-01,2026-05,163.4,0,False
4fcc3c97-d554-4a32-af2f-df4166ed9d5a,Celso Fantinel Furlanis,El Loro,Victoriero 1,Oriente,213735,2026-06-01,2026-06,155.2,0,False
4fcc3c97-d554-4a32-af2f-df4166ed9d5a,Celso Fantinel Furlanis,El Loro,Victoriero 1,Oriente,213735,2026-07-01,2026-07,55,6.451612903225807,True
4fcc3c97-d554-4a32-af2f-df4166ed9d5a,Celso Fantinel Furlanis,El Loro,Victoriero 1,Oriente,213735,2026-08-01,2026-08,0,93.54838709677419,True
98469e64-a201-4a2f-b101-35c7011545df,Celso Fantinel Furlanis,El Loro,Victoriero 2,Oriente,213735,2025-05-01,2025-05,5.8,0,False
98469e64-a201-4a2f-b101-35c7011545df,Celso Fantinel Furlanis,El Loro,Victoriero 2,Oriente,213735,2025-06-01,2025-06,124.2,0,False
98469e64-a201-4a2f-b101-35c7011545df,Celso Fantinel Furlanis,El Loro,Victoriero 2,Oriente,213735,2025-07-01,2025-07,182,0,False
98469e64-a201-4a2f-b101-35c7011545df,Celso Fantinel Furlanis,El Loro,Victoriero 2,Oriente,213735,2025-08-01,2025-08,169,0,False
98469e64-a201-4a2f-b101-35c7011545df,Celso Fantinel Furlanis,El Loro,Victoriero 2,Oriente,213735,2025-09-01,2025-09,162.8,0,False
98469e64-a201-4a2f-b101-35c7011545df,Celso Fantinel Furlanis,El Loro,Victoriero 2,Oriente,213735,2025-10-01,2025-10,118.2,0,False
98469e64-a201-4a2f-b101-35c7011545df,Celso Fantinel Furlanis,El Loro,Victoriero 2,Oriente,213735,2025-11-01,2025-11,11.4,0,False
98469e64-a201-4a2f-b101-35c7011545df,Celso Fantinel Furlanis,El Loro,Victoriero 2,Oriente,213735,2025-12-01,2025-12,7.2,0,False
98469e64-a201-4a2f-b101-35c7011545df,Celso Fantinel Furlanis,El Loro,Victoriero 2,Oriente,213735,2026-01-01,2026-01,0.4,0,False
98469e64-a201-4a2f-b101-35c7011545df,Celso Fantinel Furlanis,El Loro,Victoriero 2,Oriente,213735,2026-02-01,2026-02,0,0,False
98469e64-a201-4a2f-b101-35c7011545df,Celso Fantinel Furlanis,El Loro,Victoriero 2,Oriente,213735,2026-03-01,2026-03,16.4,0,False
98469e64-a201-4a2f-b101-35c7011545df,Celso Fantinel Furlanis,El Loro,Victoriero 2,Oriente,213735,2026-04-01,2026-04,37.8,0,False
98469e64-a201-4a2f-b101-35c7011545df,Celso Fantinel Furlanis,El Loro,Victoriero 2,Oriente,213735,2026-05-01,2026-05,163.4,0,False
98469e64-a201-4a2f-b101-35c7011545df,Celso Fantinel Furlanis,El Loro,Victoriero 2,Oriente,213735,2026-06-01,2026-06,155.2,0,False
98469e64-a201-4a2f-b101-35c7011545df,Celso Fantinel Furlanis,El Loro,Victoriero 2,Oriente,213735,2026-07-01,2026-07,55,0,False
98469e64-a201-4a2f-b101-35c7011545df,Celso Fantinel Furlanis,El Loro,Victoriero 2,Oriente,213735,2026-08-01,2026-08,0,93.54838709677419,True
3b144731-86cd-4856-9137-d00b9e69a670,Cesar Igor Padilla Martinez,Finca La Padillera,La Padillera 1,Occidente,235240,2026-05-01,2026-05,43.2,0,False
3b144731-86cd-4856-9137-d00b9e69a670,Cesar Igor Padilla Martinez,Finca La Padillera,La Padillera 1,Occidente,235240,2026-06-01,2026-06,218.2,0,False
3b144731-86cd-4856-9137-d00b9e69a670,Cesar Igor Padilla Martinez,Finca La Padillera,La Padillera 1,Occidente,235240,2026-07-01,2026-07,262,19.35483870967742,True
3b144731-86cd-4856-9137-d00b9e69a670,Cesar Igor Padilla Martinez,Finca La Padillera,La Padillera 1,Occidente,235240,2026-08-01,2026-08,0,80.64516129032258,True
414243e8-fc22-4d60-86c6-64d2ddeb53d3,Cesar Igor Padilla Martinez,Finca La Padillera,Las Coromoticos 1,Occidente,235240,2026-05-01,2026-05,43.2,0,False
414243e8-fc22-4d60-86c6-64d2ddeb53d3,Cesar Igor Padilla Martinez,Finca La Padillera,Las Coromoticos 1,Occidente,235240,2026-06-01,2026-06,218.2,0,False
414243e8-fc22-4d60-86c6-64d2ddeb53d3,Cesar Igor Padilla Martinez,Finca La Padillera,Las Coromoticos 1,Occidente,235240,2026-07-01,2026-07,262,25.806451612903224,True
414243e8-fc22-4d60-86c6-64d2ddeb53d3,Cesar Igor Padilla Martinez,Finca La Padillera,Las Coromoticos 1,Occidente,235240,2026-08-01,2026-08,0,74.19354838709677,True
aedead7d-1c51-4a37-956c-22a030327cb8,Cesar Igor Padilla Martinez,Finca La Padillera,Las Coromoticos 2,Occidente,235240,2026-05-01,2026-05,43.2,0,False
aedead7d-1c51-4a37-956c-22a030327cb8,Cesar Igor Padilla Martinez,Finca La Padillera,Las Coromoticos 2,Occidente,235240,2026-06-01,2026-06,218.2,0,False
aedead7d-1c51-4a37-956c-22a030327cb8,Cesar Igor Padilla Martinez,Finca La Padillera,Las Coromoticos 2,Occidente,235240,2026-07-01,2026-07,262,25.806451612903224,True
aedead7d-1c51-4a37-956c-22a030327cb8,Cesar Igor Padilla Martinez,Finca La Padillera,Las Coromoticos 2,Occidente,235240,2026-08-01,2026-08,0,74.19354838709677,True
51de8ec9-612f-48f0-b790-78414fc4abfa,Cesar Igor Padilla Martinez,Finca La Padillera,Los Manguitos,Occidente,235240,2026-05-01,2026-05,43.2,0,False
51de8ec9-612f-48f0-b790-78414fc4abfa,Cesar Igor Padilla Martinez,Finca La Padillera,Los Manguitos,Occidente,235240,2026-06-01,2026-06,218.2,0,False
51de8ec9-612f-48f0-b790-78414fc4abfa,Cesar Igor Padilla Martinez,Finca La Padillera,Los Manguitos,Occidente,235240,2026-07-01,2026-07,262,80.64516129032258,True
51de8ec9-612f-48f0-b790-78414fc4abfa,Cesar Igor Padilla Martinez,Finca La Padillera,Los Manguitos,Occidente,235240,2026-08-01,2026-08,0,19.35483870967742,True
ac26d637-1354-4f4e-bc5f-213f47e00755,Dennis Leonardo Alibardi Maschio,Agropecuaria Alma,La Laguna,Occidente,212609,2025-05-01,2025-05,159.6,0,False
ac26d637-1354-4f4e-bc5f-213f47e00755,Dennis Leonardo Alibardi Maschio,Agropecuaria Alma,La Laguna,Occidente,212609,2025-06-01,2025-06,430,0,False
ac26d637-1354-4f4e-bc5f-213f47e00755,Dennis Leonardo Alibardi Maschio,Agropecuaria Alma,La Laguna,Occidente,212609,2025-07-01,2025-07,438.4,0,False
ac26d637-1354-4f4e-bc5f-213f47e00755,Dennis Leonardo Alibardi Maschio,Agropecuaria Alma,La Laguna,Occidente,212609,2025-08-01,2025-08,177.8,0,False
ac26d637-1354-4f4e-bc5f-213f47e00755,Dennis Leonardo Alibardi Maschio,Agropecuaria Alma,La Laguna,Occidente,212609,2025-09-01,2025-09,234.2,0,False
ac26d637-1354-4f4e-bc5f-213f47e00755,Dennis Leonardo Alibardi Maschio,Agropecuaria Alma,La Laguna,Occidente,212609,2025-10-01,2025-10,87.2,0,False
ac26d637-1354-4f4e-bc5f-213f47e00755,Dennis Leonardo Alibardi Maschio,Agropecuaria Alma,La Laguna,Occidente,212609,2025-11-01,2025-11,48.4,0,False
ac26d637-1354-4f4e-bc5f-213f47e00755,Dennis Leonardo Alibardi Maschio,Agropecuaria Alma,La Laguna,Occidente,212609,2025-12-01,2025-12,19.8,0,False
ac26d637-1354-4f4e-bc5f-213f47e00755,Dennis Leonardo Alibardi Maschio,Agropecuaria Alma,La Laguna,Occidente,212609,2026-01-01,2026-01,3,0,False
ac26d637-1354-4f4e-bc5f-213f47e00755,Dennis Leonardo Alibardi Maschio,Agropecuaria Alma,La Laguna,Occidente,212609,2026-02-01,2026-02,0,0,False
ac26d637-1354-4f4e-bc5f-213f47e00755,Dennis Leonardo Alibardi Maschio,Agropecuaria Alma,La Laguna,Occidente,212609,2026-03-01,2026-03,15.6,0,False
ac26d637-1354-4f4e-bc5f-213f47e00755,Dennis Leonardo Alibardi Maschio,Agropecuaria Alma,La Laguna,Occidente,212609,2026-04-01,2026-04,120.8,0,False
ac26d637-1354-4f4e-bc5f-213f47e00755,Dennis Leonardo Alibardi Maschio,Agropecuaria Alma,La Laguna,Occidente,212609,2026-05-01,2026-05,151.8,0,False
ac26d637-1354-4f4e-bc5f-213f47e00755,Dennis Leonardo Alibardi Maschio,Agropecuaria Alma,La Laguna,Occidente,212609,2026-06-01,2026-06,292,0,False
ac26d637-1354-4f4e-bc5f-213f47e00755,Dennis Leonardo Alibardi Maschio,Agropecuaria Alma,La Laguna,Occidente,212609,2026-07-01,2026-07,377,0,False
ac26d637-1354-4f4e-bc5f-213f47e00755,Dennis Leonardo Alibardi Maschio,Agropecuaria Alma,La Laguna,Occidente,212609,2026-08-01,2026-08,0.2,100,True
8543a640-bab6-490e-95e5-d51977616414,Dennis Leonardo Alibardi Maschio,Agropecuaria Alma,La Mora,Occidente,212609,2025-05-01,2025-05,159.6,0,False
8543a640-bab6-490e-95e5-d51977616414,Dennis Leonardo Alibardi Maschio,Agropecuaria Alma,La Mora,Occidente,212609,2025-06-01,2025-06,430,0,False
8543a640-bab6-490e-95e5-d51977616414,Dennis Leonardo Alibardi Maschio,Agropecuaria Alma,La Mora,Occidente,212609,2025-07-01,2025-07,438.4,0,False
8543a640-bab6-490e-95e5-d51977616414,Dennis Leonardo Alibardi Maschio,Agropecuaria Alma,La Mora,Occidente,212609,2025-08-01,2025-08,177.8,0,False
8543a640-bab6-490e-95e5-d51977616414,Dennis Leonardo Alibardi Maschio,Agropecuaria Alma,La Mora,Occidente,212609,2025-09-01,2025-09,234.2,0,False
8543a640-bab6-490e-95e5-d51977616414,Dennis Leonardo Alibardi Maschio,Agropecuaria Alma,La Mora,Occidente,212609,2025-10-01,2025-10,87.2,0,False
8543a640-bab6-490e-95e5-d51977616414,Dennis Leonardo Alibardi Maschio,Agropecuaria Alma,La Mora,Occidente,212609,2025-11-01,2025-11,48.4,0,False
8543a640-bab6-490e-95e5-d51977616414,Dennis Leonardo Alibardi Maschio,Agropecuaria Alma,La Mora,Occidente,212609,2025-12-01,2025-12,19.8,0,False
8543a640-bab6-490e-95e5-d51977616414,Dennis Leonardo Alibardi Maschio,Agropecuaria Alma,La Mora,Occidente,212609,2026-01-01,2026-01,3,0,False
8543a640-bab6-490e-95e5-d51977616414,Dennis Leonardo Alibardi Maschio,Agropecuaria Alma,La Mora,Occidente,212609,2026-02-01,2026-02,0,0,False
8543a640-bab6-490e-95e5-d51977616414,Dennis Leonardo Alibardi Maschio,Agropecuaria Alma,La Mora,Occidente,212609,2026-03-01,2026-03,15.6,0,False
8543a640-bab6-490e-95e5-d51977616414,Dennis Leonardo Alibardi Maschio,Agropecuaria Alma,La Mora,Occidente,212609,2026-04-01,2026-04,120.8,0,False
8543a640-bab6-490e-95e5-d51977616414,Dennis Leonardo Alibardi Maschio,Agropecuaria Alma,La Mora,Occidente,212609,2026-05-01,2026-05,151.8,0,False
8543a640-bab6-490e-95e5-d51977616414,Dennis Leonardo Alibardi Maschio,Agropecuaria Alma,La Mora,Occidente,212609,2026-06-01,2026-06,292,0,False
8543a640-bab6-490e-95e5-d51977616414,Dennis Leonardo Alibardi Maschio,Agropecuaria Alma,La Mora,Occidente,212609,2026-07-01,2026-07,377,3.225806451612903,True
8543a640-bab6-490e-95e5-d51977616414,Dennis Leonardo Alibardi Maschio,Agropecuaria Alma,La Mora,Occidente,212609,2026-08-01,2026-08,0.2,96.7741935483871,True
6dd3c518-edab-4522-aa03-9e0f94bbbfe1,Dennis Leonardo Alibardi Maschio,Agropecuaria Alma,LAS 35,Occidente,212609,2025-05-01,2025-05,159.6,0,False
6dd3c518-edab-4522-aa03-9e0f94bbbfe1,Dennis Leonardo Alibardi Maschio,Agropecuaria Alma,LAS 35,Occidente,212609,2025-06-01,2025-06,430,0,False
6dd3c518-edab-4522-aa03-9e0f94bbbfe1,Dennis Leonardo Alibardi Maschio,Agropecuaria Alma,LAS 35,Occidente,212609,2025-07-01,2025-07,438.4,0,False
6dd3c518-edab-4522-aa03-9e0f94bbbfe1,Dennis Leonardo Alibardi Maschio,Agropecuaria Alma,LAS 35,Occidente,212609,2025-08-01,2025-08,177.8,0,False
6dd3c518-edab-4522-aa03-9e0f94bbbfe1,Dennis Leonardo Alibardi Maschio,Agropecuaria Alma,LAS 35,Occidente,212609,2025-09-01,2025-09,234.2,0,False
6dd3c518-edab-4522-aa03-9e0f94bbbfe1,Dennis Leonardo Alibardi Maschio,Agropecuaria Alma,LAS 35,Occidente,212609,2025-10-01,2025-10,87.2,0,False
6dd3c518-edab-4522-aa03-9e0f94bbbfe1,Dennis Leonardo Alibardi Maschio,Agropecuaria Alma,LAS 35,Occidente,212609,2025-11-01,2025-11,48.4,0,False
6dd3c518-edab-4522-aa03-9e0f94bbbfe1,Dennis Leonardo Alibardi Maschio,Agropecuaria Alma,LAS 35,Occidente,212609,2025-12-01,2025-12,19.8,0,False
6dd3c518-edab-4522-aa03-9e0f94bbbfe1,Dennis Leonardo Alibardi Maschio,Agropecuaria Alma,LAS 35,Occidente,212609,2026-01-01,2026-01,3,0,False
6dd3c518-edab-4522-aa03-9e0f94bbbfe1,Dennis Leonardo Alibardi Maschio,Agropecuaria Alma,LAS 35,Occidente,212609,2026-02-01,2026-02,0,0,False
6dd3c518-edab-4522-aa03-9e0f94bbbfe1,Dennis Leonardo Alibardi Maschio,Agropecuaria Alma,LAS 35,Occidente,212609,2026-03-01,2026-03,15.6,0,False
6dd3c518-edab-4522-aa03-9e0f94bbbfe1,Dennis Leonardo Alibardi Maschio,Agropecuaria Alma,LAS 35,Occidente,212609,2026-04-01,2026-04,120.8,0,False
6dd3c518-edab-4522-aa03-9e0f94bbbfe1,Dennis Leonardo Alibardi Maschio,Agropecuaria Alma,LAS 35,Occidente,212609,2026-05-01,2026-05,151.8,0,False
6dd3c518-edab-4522-aa03-9e0f94bbbfe1,Dennis Leonardo Alibardi Maschio,Agropecuaria Alma,LAS 35,Occidente,212609,2026-06-01,2026-06,292,3.3333333333333335,True
6dd3c518-edab-4522-aa03-9e0f94bbbfe1,Dennis Leonardo Alibardi Maschio,Agropecuaria Alma,LAS 35,Occidente,212609,2026-07-01,2026-07,377,96.7741935483871,True
6dd3c518-edab-4522-aa03-9e0f94bbbfe1,Dennis Leonardo Alibardi Maschio,Agropecuaria Alma,LAS 35,Occidente,212609,2026-08-01,2026-08,0.2,0,False
61f84380-ee6e-4215-be7f-4dcf2999f3e2,Dennis Leonardo Alibardi Maschio,Agropecuaria Alma,LOTE-01,Occidente,212609,2025-05-01,2025-05,159.6,0,False
61f84380-ee6e-4215-be7f-4dcf2999f3e2,Dennis Leonardo Alibardi Maschio,Agropecuaria Alma,LOTE-01,Occidente,212609,2025-06-01,2025-06,430,0,False
61f84380-ee6e-4215-be7f-4dcf2999f3e2,Dennis Leonardo Alibardi Maschio,Agropecuaria Alma,LOTE-01,Occidente,212609,2025-07-01,2025-07,438.4,0,False
61f84380-ee6e-4215-be7f-4dcf2999f3e2,Dennis Leonardo Alibardi Maschio,Agropecuaria Alma,LOTE-01,Occidente,212609,2025-08-01,2025-08,177.8,0,False
61f84380-ee6e-4215-be7f-4dcf2999f3e2,Dennis Leonardo Alibardi Maschio,Agropecuaria Alma,LOTE-01,Occidente,212609,2025-09-01,2025-09,234.2,0,False
61f84380-ee6e-4215-be7f-4dcf2999f3e2,Dennis Leonardo Alibardi Maschio,Agropecuaria Alma,LOTE-01,Occidente,212609,2025-10-01,2025-10,87.2,0,False
61f84380-ee6e-4215-be7f-4dcf2999f3e2,Dennis Leonardo Alibardi Maschio,Agropecuaria Alma,LOTE-01,Occidente,212609,2025-11-01,2025-11,48.4,0,False
61f84380-ee6e-4215-be7f-4dcf2999f3e2,Dennis Leonardo Alibardi Maschio,Agropecuaria Alma,LOTE-01,Occidente,212609,2025-12-01,2025-12,19.8,0,False
61f84380-ee6e-4215-be7f-4dcf2999f3e2,Dennis Leonardo Alibardi Maschio,Agropecuaria Alma,LOTE-01,Occidente,212609,2026-01-01,2026-01,3,0,False
61f84380-ee6e-4215-be7f-4dcf2999f3e2,Dennis Leonardo Alibardi Maschio,Agropecuaria Alma,LOTE-01,Occidente,212609,2026-02-01,2026-02,0,0,False
61f84380-ee6e-4215-be7f-4dcf2999f3e2,Dennis Leonardo Alibardi Maschio,Agropecuaria Alma,LOTE-01,Occidente,212609,2026-03-01,2026-03,15.6,0,False
61f84380-ee6e-4215-be7f-4dcf2999f3e2,Dennis Leonardo Alibardi Maschio,Agropecuaria Alma,LOTE-01,Occidente,212609,2026-04-01,2026-04,120.8,0,False
61f84380-ee6e-4215-be7f-4dcf2999f3e2,Dennis Leonardo Alibardi Maschio,Agropecuaria Alma,LOTE-01,Occidente,212609,2026-05-01,2026-05,151.8,0,False
61f84380-ee6e-4215-be7f-4dcf2999f3e2,Dennis Leonardo Alibardi Maschio,Agropecuaria Alma,LOTE-01,Occidente,212609,2026-06-01,2026-06,292,0,False
61f84380-ee6e-4215-be7f-4dcf2999f3e2,Dennis Leonardo Alibardi Maschio,Agropecuaria Alma,LOTE-01,Occidente,212609,2026-07-01,2026-07,377,93.54838709677419,True
61f84380-ee6e-4215-be7f-4dcf2999f3e2,Dennis Leonardo Alibardi Maschio,Agropecuaria Alma,LOTE-01,Occidente,212609,2026-08-01,2026-08,0.2,6.451612903225807,True
88a4cd40-a342-4261-a568-02d2da16730e,Dennis Leonardo Alibardi Maschio,Agropecuaria Alma,LOTE-02,Occidente,212609,2025-05-01,2025-05,159.6,0,False
88a4cd40-a342-4261-a568-02d2da16730e,Dennis Leonardo Alibardi Maschio,Agropecuaria Alma,LOTE-02,Occidente,212609,2025-06-01,2025-06,430,0,False
88a4cd40-a342-4261-a568-02d2da16730e,Dennis Leonardo Alibardi Maschio,Agropecuaria Alma,LOTE-02,Occidente,212609,2025-07-01,2025-07,438.4,0,False
88a4cd40-a342-4261-a568-02d2da16730e,Dennis Leonardo Alibardi Maschio,Agropecuaria Alma,LOTE-02,Occidente,212609,2025-08-01,2025-08,177.8,0,False
88a4cd40-a342-4261-a568-02d2da16730e,Dennis Leonardo Alibardi Maschio,Agropecuaria Alma,LOTE-02,Occidente,212609,2025-09-01,2025-09,234.2,0,False
88a4cd40-a342-4261-a568-02d2da16730e,Dennis Leonardo Alibardi Maschio,Agropecuaria Alma,LOTE-02,Occidente,212609,2025-10-01,2025-10,87.2,0,False
88a4cd40-a342-4261-a568-02d2da16730e,Dennis Leonardo Alibardi Maschio,Agropecuaria Alma,LOTE-02,Occidente,212609,2025-11-01,2025-11,48.4,0,False
88a4cd40-a342-4261-a568-02d2da16730e,Dennis Leonardo Alibardi Maschio,Agropecuaria Alma,LOTE-02,Occidente,212609,2025-12-01,2025-12,19.8,0,False
88a4cd40-a342-4261-a568-02d2da16730e,Dennis Leonardo Alibardi Maschio,Agropecuaria Alma,LOTE-02,Occidente,212609,2026-01-01,2026-01,3,0,False
88a4cd40-a342-4261-a568-02d2da16730e,Dennis Leonardo Alibardi Maschio,Agropecuaria Alma,LOTE-02,Occidente,212609,2026-02-01,2026-02,0,0,False
88a4cd40-a342-4261-a568-02d2da16730e,Dennis Leonardo Alibardi Maschio,Agropecuaria Alma,LOTE-02,Occidente,212609,2026-03-01,2026-03,15.6,0,False
88a4cd40-a342-4261-a568-02d2da16730e,Dennis Leonardo Alibardi Maschio,Agropecuaria Alma,LOTE-02,Occidente,212609,2026-04-01,2026-04,120.8,0,False
88a4cd40-a342-4261-a568-02d2da16730e,Dennis Leonardo Alibardi Maschio,Agropecuaria Alma,LOTE-02,Occidente,212609,2026-05-01,2026-05,151.8,0,False
88a4cd40-a342-4261-a568-02d2da16730e,Dennis Leonardo Alibardi Maschio,Agropecuaria Alma,LOTE-02,Occidente,212609,2026-06-01,2026-06,292,0,False
88a4cd40-a342-4261-a568-02d2da16730e,Dennis Leonardo Alibardi Maschio,Agropecuaria Alma,LOTE-02,Occidente,212609,2026-07-01,2026-07,377,93.54838709677419,True
88a4cd40-a342-4261-a568-02d2da16730e,Dennis Leonardo Alibardi Maschio,Agropecuaria Alma,LOTE-02,Occidente,212609,2026-08-01,2026-08,0.2,6.451612903225807,True
50d591bf-7d43-4cf1-8d33-45f5b4cbc9f4,Dennis Leonardo Alibardi Maschio,Agropecuaria Alma,LOTE-03,Occidente,212609,2025-05-01,2025-05,159.6,0,False
50d591bf-7d43-4cf1-8d33-45f5b4cbc9f4,Dennis Leonardo Alibardi Maschio,Agropecuaria Alma,LOTE-03,Occidente,212609,2025-06-01,2025-06,430,0,False
50d591bf-7d43-4cf1-8d33-45f5b4cbc9f4,Dennis Leonardo Alibardi Maschio,Agropecuaria Alma,LOTE-03,Occidente,212609,2025-07-01,2025-07,438.4,0,False
50d591bf-7d43-4cf1-8d33-45f5b4cbc9f4,Dennis Leonardo Alibardi Maschio,Agropecuaria Alma,LOTE-03,Occidente,212609,2025-08-01,2025-08,177.8,0,False
50d591bf-7d43-4cf1-8d33-45f5b4cbc9f4,Dennis Leonardo Alibardi Maschio,Agropecuaria Alma,LOTE-03,Occidente,212609,2025-09-01,2025-09,234.2,0,False
50d591bf-7d43-4cf1-8d33-45f5b4cbc9f4,Dennis Leonardo Alibardi Maschio,Agropecuaria Alma,LOTE-03,Occidente,212609,2025-10-01,2025-10,87.2,0,False
50d591bf-7d43-4cf1-8d33-45f5b4cbc9f4,Dennis Leonardo Alibardi Maschio,Agropecuaria Alma,LOTE-03,Occidente,212609,2025-11-01,2025-11,48.4,0,False
50d591bf-7d43-4cf1-8d33-45f5b4cbc9f4,Dennis Leonardo Alibardi Maschio,Agropecuaria Alma,LOTE-03,Occidente,212609,2025-12-01,2025-12,19.8,0,False
50d591bf-7d43-4cf1-8d33-45f5b4cbc9f4,Dennis Leonardo Alibardi Maschio,Agropecuaria Alma,LOTE-03,Occidente,212609,2026-01-01,2026-01,3,0,False
50d591bf-7d43-4cf1-8d33-45f5b4cbc9f4,Dennis Leonardo Alibardi Maschio,Agropecuaria Alma,LOTE-03,Occidente,212609,2026-02-01,2026-02,0,0,False
50d591bf-7d43-4cf1-8d33-45f5b4cbc9f4,Dennis Leonardo Alibardi Maschio,Agropecuaria Alma,LOTE-03,Occidente,212609,2026-03-01,2026-03,15.6,0,False
50d591bf-7d43-4cf1-8d33-45f5b4cbc9f4,Dennis Leonardo Alibardi Maschio,Agropecuaria Alma,LOTE-03,Occidente,212609,2026-04-01,2026-04,120.8,0,False
50d591bf-7d43-4cf1-8d33-45f5b4cbc9f4,Dennis Leonardo Alibardi Maschio,Agropecuaria Alma,LOTE-03,Occidente,212609,2026-05-01,2026-05,151.8,0,False
50d591bf-7d43-4cf1-8d33-45f5b4cbc9f4,Dennis Leonardo Alibardi Maschio,Agropecuaria Alma,LOTE-03,Occidente,212609,2026-06-01,2026-06,292,0,False
50d591bf-7d43-4cf1-8d33-45f5b4cbc9f4,Dennis Leonardo Alibardi Maschio,Agropecuaria Alma,LOTE-03,Occidente,212609,2026-07-01,2026-07,377,96.7741935483871,True
50d591bf-7d43-4cf1-8d33-45f5b4cbc9f4,Dennis Leonardo Alibardi Maschio,Agropecuaria Alma,LOTE-03,Occidente,212609,2026-08-01,2026-08,0.2,3.225806451612903,True
43e91c42-7bb0-4c8b-b5af-a1adf3e96410,Dennis Leonardo Alibardi Maschio,Agropecuaria Alma,LOTE-04,Occidente,212609,2025-05-01,2025-05,159.6,0,False
43e91c42-7bb0-4c8b-b5af-a1adf3e96410,Dennis Leonardo Alibardi Maschio,Agropecuaria Alma,LOTE-04,Occidente,212609,2025-06-01,2025-06,430,0,False
43e91c42-7bb0-4c8b-b5af-a1adf3e96410,Dennis Leonardo Alibardi Maschio,Agropecuaria Alma,LOTE-04,Occidente,212609,2025-07-01,2025-07,438.4,0,False
43e91c42-7bb0-4c8b-b5af-a1adf3e96410,Dennis Leonardo Alibardi Maschio,Agropecuaria Alma,LOTE-04,Occidente,212609,2025-08-01,2025-08,177.8,0,False
43e91c42-7bb0-4c8b-b5af-a1adf3e96410,Dennis Leonardo Alibardi Maschio,Agropecuaria Alma,LOTE-04,Occidente,212609,2025-09-01,2025-09,234.2,0,False
43e91c42-7bb0-4c8b-b5af-a1adf3e96410,Dennis Leonardo Alibardi Maschio,Agropecuaria Alma,LOTE-04,Occidente,212609,2025-10-01,2025-10,87.2,0,False
43e91c42-7bb0-4c8b-b5af-a1adf3e96410,Dennis Leonardo Alibardi Maschio,Agropecuaria Alma,LOTE-04,Occidente,212609,2025-11-01,2025-11,48.4,0,False
43e91c42-7bb0-4c8b-b5af-a1adf3e96410,Dennis Leonardo Alibardi Maschio,Agropecuaria Alma,LOTE-04,Occidente,212609,2025-12-01,2025-12,19.8,0,False
43e91c42-7bb0-4c8b-b5af-a1adf3e96410,Dennis Leonardo Alibardi Maschio,Agropecuaria Alma,LOTE-04,Occidente,212609,2026-01-01,2026-01,3,0,False
43e91c42-7bb0-4c8b-b5af-a1adf3e96410,Dennis Leonardo Alibardi Maschio,Agropecuaria Alma,LOTE-04,Occidente,212609,2026-02-01,2026-02,0,0,False
43e91c42-7bb0-4c8b-b5af-a1adf3e96410,Dennis Leonardo Alibardi Maschio,Agropecuaria Alma,LOTE-04,Occidente,212609,2026-03-01,2026-03,15.6,0,False
43e91c42-7bb0-4c8b-b5af-a1adf3e96410,Dennis Leonardo Alibardi Maschio,Agropecuaria Alma,LOTE-04,Occidente,212609,2026-04-01,2026-04,120.8,0,False
43e91c42-7bb0-4c8b-b5af-a1adf3e96410,Dennis Leonardo Alibardi Maschio,Agropecuaria Alma,LOTE-04,Occidente,212609,2026-05-01,2026-05,151.8,0,False
43e91c42-7bb0-4c8b-b5af-a1adf3e96410,Dennis Leonardo Alibardi Maschio,Agropecuaria Alma,LOTE-04,Occidente,212609,2026-06-01,2026-06,292,0,False
43e91c42-7bb0-4c8b-b5af-a1adf3e96410,Dennis Leonardo Alibardi Maschio,Agropecuaria Alma,LOTE-04,Occidente,212609,2026-07-01,2026-07,377,96.7741935483871,True
43e91c42-7bb0-4c8b-b5af-a1adf3e96410,Dennis Leonardo Alibardi Maschio,Agropecuaria Alma,LOTE-04,Occidente,212609,2026-08-01,2026-08,0.2,3.225806451612903,True
4f1bf8d9-082f-4d7d-83a6-d20796e2925d,Elisa Bustamante,Agropecuaria Dos Caminos,Dugarte 1,Occidente,236176,2026-05-01,2026-05,31.2,0,False
4f1bf8d9-082f-4d7d-83a6-d20796e2925d,Elisa Bustamante,Agropecuaria Dos Caminos,Dugarte 1,Occidente,236176,2026-06-01,2026-06,215.8,0,False
4f1bf8d9-082f-4d7d-83a6-d20796e2925d,Elisa Bustamante,Agropecuaria Dos Caminos,Dugarte 1,Occidente,236176,2026-07-01,2026-07,156.8,0,False
4f1bf8d9-082f-4d7d-83a6-d20796e2925d,Elisa Bustamante,Agropecuaria Dos Caminos,Dugarte 1,Occidente,236176,2026-08-01,2026-08,0,35.483870967741936,True
7b61a69f-69e5-4f88-8447-1a414c3b0fc2,Elisa Bustamante,Agropecuaria Dos Caminos,Dugarte 2,Occidente,236176,2026-05-01,2026-05,31.2,0,False
7b61a69f-69e5-4f88-8447-1a414c3b0fc2,Elisa Bustamante,Agropecuaria Dos Caminos,Dugarte 2,Occidente,236176,2026-06-01,2026-06,215.8,0,False
7b61a69f-69e5-4f88-8447-1a414c3b0fc2,Elisa Bustamante,Agropecuaria Dos Caminos,Dugarte 2,Occidente,236176,2026-07-01,2026-07,156.8,0,False
7b61a69f-69e5-4f88-8447-1a414c3b0fc2,Elisa Bustamante,Agropecuaria Dos Caminos,Dugarte 2,Occidente,236176,2026-08-01,2026-08,0,45.16129032258065,True
628029e0-f3d7-4151-850e-680a3e0266b9,Elisa Bustamante,Agropecuaria Dos Caminos,Dugarte 3,Occidente,236176,2026-05-01,2026-05,31.2,0,False
628029e0-f3d7-4151-850e-680a3e0266b9,Elisa Bustamante,Agropecuaria Dos Caminos,Dugarte 3,Occidente,236176,2026-06-01,2026-06,215.8,0,False
628029e0-f3d7-4151-850e-680a3e0266b9,Elisa Bustamante,Agropecuaria Dos Caminos,Dugarte 3,Occidente,236176,2026-07-01,2026-07,156.8,0,False
628029e0-f3d7-4151-850e-680a3e0266b9,Elisa Bustamante,Agropecuaria Dos Caminos,Dugarte 3,Occidente,236176,2026-08-01,2026-08,0,58.064516129032256,True
f39aa274-4a2b-4cfc-a09a-3435bf844bf1,Elisa Bustamante,Agropecuaria Dos Caminos,Dugarte 4,Occidente,236176,2026-05-01,2026-05,31.2,0,False
f39aa274-4a2b-4cfc-a09a-3435bf844bf1,Elisa Bustamante,Agropecuaria Dos Caminos,Dugarte 4,Occidente,236176,2026-06-01,2026-06,215.8,0,False
f39aa274-4a2b-4cfc-a09a-3435bf844bf1,Elisa Bustamante,Agropecuaria Dos Caminos,Dugarte 4,Occidente,236176,2026-07-01,2026-07,156.8,0,False
f39aa274-4a2b-4cfc-a09a-3435bf844bf1,Elisa Bustamante,Agropecuaria Dos Caminos,Dugarte 4,Occidente,236176,2026-08-01,2026-08,0,64.51612903225806,True
f2d834fc-d53c-44f3-8591-be5a26ab4ef7,Elisa Bustamante,Agropecuaria Dos Caminos,Los Patos 1,Occidente,236176,2026-05-01,2026-05,31.2,0,False
f2d834fc-d53c-44f3-8591-be5a26ab4ef7,Elisa Bustamante,Agropecuaria Dos Caminos,Los Patos 1,Occidente,236176,2026-06-01,2026-06,215.8,0,False
f2d834fc-d53c-44f3-8591-be5a26ab4ef7,Elisa Bustamante,Agropecuaria Dos Caminos,Los Patos 1,Occidente,236176,2026-07-01,2026-07,156.8,0,False
f2d834fc-d53c-44f3-8591-be5a26ab4ef7,Elisa Bustamante,Agropecuaria Dos Caminos,Los Patos 1,Occidente,236176,2026-08-01,2026-08,0,93.54838709677419,True
1ade474a-369e-4704-ae55-4953ba5db0de,Elisa Bustamante,Agropecuaria Dos Caminos,Los Patos 2,Occidente,236176,2026-05-01,2026-05,31.2,0,False
1ade474a-369e-4704-ae55-4953ba5db0de,Elisa Bustamante,Agropecuaria Dos Caminos,Los Patos 2,Occidente,236176,2026-06-01,2026-06,215.8,0,False
1ade474a-369e-4704-ae55-4953ba5db0de,Elisa Bustamante,Agropecuaria Dos Caminos,Los Patos 2,Occidente,236176,2026-07-01,2026-07,156.8,6.451612903225807,True
1ade474a-369e-4704-ae55-4953ba5db0de,Elisa Bustamante,Agropecuaria Dos Caminos,Los Patos 2,Occidente,236176,2026-08-01,2026-08,0,93.54838709677419,True
70279d75-a867-48ca-b666-9a4a9d2ee3db,Elisa Bustamante,Agropecuaria Dos Caminos,Los Patos 3,Occidente,236176,2026-05-01,2026-05,31.2,0,False
70279d75-a867-48ca-b666-9a4a9d2ee3db,Elisa Bustamante,Agropecuaria Dos Caminos,Los Patos 3,Occidente,236176,2026-06-01,2026-06,215.8,0,False
70279d75-a867-48ca-b666-9a4a9d2ee3db,Elisa Bustamante,Agropecuaria Dos Caminos,Los Patos 3,Occidente,236176,2026-07-01,2026-07,156.8,3.225806451612903,True
70279d75-a867-48ca-b666-9a4a9d2ee3db,Elisa Bustamante,Agropecuaria Dos Caminos,Los Patos 3,Occidente,236176,2026-08-01,2026-08,0,96.7741935483871,True
b95a4ded-83d5-40b3-87bd-fbbbbb95664f,Ezequiel Jose Fontiveros Briceño,Don Fonti,Candilero,Occidente,235225,2026-05-01,2026-05,42.8,0,False
b95a4ded-83d5-40b3-87bd-fbbbbb95664f,Ezequiel Jose Fontiveros Briceño,Don Fonti,Candilero,Occidente,235225,2026-06-01,2026-06,262.6,0,False
b95a4ded-83d5-40b3-87bd-fbbbbb95664f,Ezequiel Jose Fontiveros Briceño,Don Fonti,Candilero,Occidente,235225,2026-07-01,2026-07,311.2,25.806451612903224,True
b95a4ded-83d5-40b3-87bd-fbbbbb95664f,Ezequiel Jose Fontiveros Briceño,Don Fonti,Candilero,Occidente,235225,2026-08-01,2026-08,0,74.19354838709677,True
29a2511b-4eb0-4216-ab97-01001579fb64,Ezequiel Jose Fontiveros Briceño,Don Fonti,Candirosa - Mango A,Occidente,235225,2026-05-01,2026-05,42.8,0,False
29a2511b-4eb0-4216-ab97-01001579fb64,Ezequiel Jose Fontiveros Briceño,Don Fonti,Candirosa - Mango A,Occidente,235225,2026-06-01,2026-06,262.6,0,False
29a2511b-4eb0-4216-ab97-01001579fb64,Ezequiel Jose Fontiveros Briceño,Don Fonti,Candirosa - Mango A,Occidente,235225,2026-07-01,2026-07,311.2,19.35483870967742,True
29a2511b-4eb0-4216-ab97-01001579fb64,Ezequiel Jose Fontiveros Briceño,Don Fonti,Candirosa - Mango A,Occidente,235225,2026-08-01,2026-08,0,80.64516129032258,True
a6a74564-bac7-467d-95f7-46ae0fffb356,Ezequiel Jose Fontiveros Briceño,Don Fonti,Candirosa - Mango B,Occidente,235225,2026-05-01,2026-05,42.8,0,False
a6a74564-bac7-467d-95f7-46ae0fffb356,Ezequiel Jose Fontiveros Briceño,Don Fonti,Candirosa - Mango B,Occidente,235225,2026-06-01,2026-06,262.6,0,False
a6a74564-bac7-467d-95f7-46ae0fffb356,Ezequiel Jose Fontiveros Briceño,Don Fonti,Candirosa - Mango B,Occidente,235225,2026-07-01,2026-07,311.2,22.580645161290324,True
a6a74564-bac7-467d-95f7-46ae0fffb356,Ezequiel Jose Fontiveros Briceño,Don Fonti,Candirosa - Mango B,Occidente,235225,2026-08-01,2026-08,0,77.41935483870968,True
c0492162-4a3b-40ec-8575-35e20b79e20c,Ezequiel Jose Fontiveros Briceño,Don Fonti,El Drago,Occidente,235225,2026-05-01,2026-05,42.8,0,False
c0492162-4a3b-40ec-8575-35e20b79e20c,Ezequiel Jose Fontiveros Briceño,Don Fonti,El Drago,Occidente,235225,2026-06-01,2026-06,262.6,0,False
c0492162-4a3b-40ec-8575-35e20b79e20c,Ezequiel Jose Fontiveros Briceño,Don Fonti,El Drago,Occidente,235225,2026-07-01,2026-07,311.2,90.3225806451613,True
c0492162-4a3b-40ec-8575-35e20b79e20c,Ezequiel Jose Fontiveros Briceño,Don Fonti,El Drago,Occidente,235225,2026-08-01,2026-08,0,9.67741935483871,True
a8fb7aa0-51ab-4677-a1b4-4719108c8790,Ezequiel Jose Fontiveros Briceño,Don Fonti,El Mamon,Occidente,235225,2026-05-01,2026-05,42.8,0,False
a8fb7aa0-51ab-4677-a1b4-4719108c8790,Ezequiel Jose Fontiveros Briceño,Don Fonti,El Mamon,Occidente,235225,2026-06-01,2026-06,262.6,0,False
a8fb7aa0-51ab-4677-a1b4-4719108c8790,Ezequiel Jose Fontiveros Briceño,Don Fonti,El Mamon,Occidente,235225,2026-07-01,2026-07,311.2,96.7741935483871,True
a8fb7aa0-51ab-4677-a1b4-4719108c8790,Ezequiel Jose Fontiveros Briceño,Don Fonti,El Mamon,Occidente,235225,2026-08-01,2026-08,0,3.225806451612903,True
c4fc1d9d-79b2-4320-a2ad-9be161d2e25e,Ezequiel Jose Fontiveros Briceño,Don Fonti,Girasol,Occidente,235225,2026-05-01,2026-05,42.8,0,False
c4fc1d9d-79b2-4320-a2ad-9be161d2e25e,Ezequiel Jose Fontiveros Briceño,Don Fonti,Girasol,Occidente,235225,2026-06-01,2026-06,262.6,0,False
c4fc1d9d-79b2-4320-a2ad-9be161d2e25e,Ezequiel Jose Fontiveros Briceño,Don Fonti,Girasol,Occidente,235225,2026-07-01,2026-07,311.2,83.87096774193549,True
c4fc1d9d-79b2-4320-a2ad-9be161d2e25e,Ezequiel Jose Fontiveros Briceño,Don Fonti,Girasol,Occidente,235225,2026-08-01,2026-08,0,16.129032258064516,True
e0061526-8cd5-400f-b0fd-fee43354643b,Ezequiel Jose Fontiveros Briceño,Don Fonti,Guinea,Occidente,235225,2026-05-01,2026-05,42.8,0,False
e0061526-8cd5-400f-b0fd-fee43354643b,Ezequiel Jose Fontiveros Briceño,Don Fonti,Guinea,Occidente,235225,2026-06-01,2026-06,262.6,0,False
e0061526-8cd5-400f-b0fd-fee43354643b,Ezequiel Jose Fontiveros Briceño,Don Fonti,Guinea,Occidente,235225,2026-07-01,2026-07,311.2,35.483870967741936,True
e0061526-8cd5-400f-b0fd-fee43354643b,Ezequiel Jose Fontiveros Briceño,Don Fonti,Guinea,Occidente,235225,2026-08-01,2026-08,0,64.51612903225806,True
b30d085c-b1a6-4fd6-a04b-471b553ec606,Ezequiel Jose Fontiveros Briceño,Don Fonti,La Batea,Occidente,235225,2026-05-01,2026-05,42.8,0,False
b30d085c-b1a6-4fd6-a04b-471b553ec606,Ezequiel Jose Fontiveros Briceño,Don Fonti,La Batea,Occidente,235225,2026-06-01,2026-06,262.6,0,False
b30d085c-b1a6-4fd6-a04b-471b553ec606,Ezequiel Jose Fontiveros Briceño,Don Fonti,La Batea,Occidente,235225,2026-07-01,2026-07,311.2,93.54838709677419,True
b30d085c-b1a6-4fd6-a04b-471b553ec606,Ezequiel Jose Fontiveros Briceño,Don Fonti,La Batea,Occidente,235225,2026-08-01,2026-08,0,6.451612903225807,True
6633b552-869b-409e-8223-d9515437cdd4,Ezequiel Jose Fontiveros Briceño,Don Fonti,La Ceiba,Occidente,235225,2026-05-01,2026-05,42.8,0,False
6633b552-869b-409e-8223-d9515437cdd4,Ezequiel Jose Fontiveros Briceño,Don Fonti,La Ceiba,Occidente,235225,2026-06-01,2026-06,262.6,0,False
6633b552-869b-409e-8223-d9515437cdd4,Ezequiel Jose Fontiveros Briceño,Don Fonti,La Ceiba,Occidente,235225,2026-07-01,2026-07,311.2,80.64516129032258,True
6633b552-869b-409e-8223-d9515437cdd4,Ezequiel Jose Fontiveros Briceño,Don Fonti,La Ceiba,Occidente,235225,2026-08-01,2026-08,0,19.35483870967742,True
cc72a029-f9d1-4175-8eb2-39e605c57f02,Ezequiel Jose Fontiveros Briceño,Don Fonti,Los Viejos,Occidente,235225,2026-05-01,2026-05,42.8,0,False
cc72a029-f9d1-4175-8eb2-39e605c57f02,Ezequiel Jose Fontiveros Briceño,Don Fonti,Los Viejos,Occidente,235225,2026-06-01,2026-06,262.6,0,False
cc72a029-f9d1-4175-8eb2-39e605c57f02,Ezequiel Jose Fontiveros Briceño,Don Fonti,Los Viejos,Occidente,235225,2026-07-01,2026-07,311.2,38.70967741935484,True
cc72a029-f9d1-4175-8eb2-39e605c57f02,Ezequiel Jose Fontiveros Briceño,Don Fonti,Los Viejos,Occidente,235225,2026-08-01,2026-08,0,61.29032258064516,True
5aba2d4e-e4e8-4b06-a86b-bb3a675c551e,Ezequiel Jose Fontiveros Briceño,Don Fonti,Tamarindo,Occidente,235225,2026-05-01,2026-05,42.8,0,False
5aba2d4e-e4e8-4b06-a86b-bb3a675c551e,Ezequiel Jose Fontiveros Briceño,Don Fonti,Tamarindo,Occidente,235225,2026-06-01,2026-06,262.6,0,False
5aba2d4e-e4e8-4b06-a86b-bb3a675c551e,Ezequiel Jose Fontiveros Briceño,Don Fonti,Tamarindo,Occidente,235225,2026-07-01,2026-07,311.2,83.87096774193549,True
5aba2d4e-e4e8-4b06-a86b-bb3a675c551e,Ezequiel Jose Fontiveros Briceño,Don Fonti,Tamarindo,Occidente,235225,2026-08-01,2026-08,0,16.129032258064516,True
8eed2344-d136-42ee-b3f7-f49bed8402c8,Francisco Enrique González Roselli,El Apamate,L01 LOTE BAJO DE LOMA,Oriente,186730,2024-05-01,2024-05,147.79,0,False
8eed2344-d136-42ee-b3f7-f49bed8402c8,Francisco Enrique González Roselli,El Apamate,L01 LOTE BAJO DE LOMA,Oriente,186730,2024-06-01,2024-06,261.78,0,False
8eed2344-d136-42ee-b3f7-f49bed8402c8,Francisco Enrique González Roselli,El Apamate,L01 LOTE BAJO DE LOMA,Oriente,186730,2024-07-01,2024-07,325.8,0,False
8eed2344-d136-42ee-b3f7-f49bed8402c8,Francisco Enrique González Roselli,El Apamate,L01 LOTE BAJO DE LOMA,Oriente,186730,2024-08-01,2024-08,114.6,0,False
8eed2344-d136-42ee-b3f7-f49bed8402c8,Francisco Enrique González Roselli,El Apamate,L01 LOTE BAJO DE LOMA,Oriente,186730,2024-09-01,2024-09,33.4,0,False
8eed2344-d136-42ee-b3f7-f49bed8402c8,Francisco Enrique González Roselli,El Apamate,L01 LOTE BAJO DE LOMA,Oriente,186730,2024-10-01,2024-10,27.2,0,False
8eed2344-d136-42ee-b3f7-f49bed8402c8,Francisco Enrique González Roselli,El Apamate,L01 LOTE BAJO DE LOMA,Oriente,186730,2024-11-01,2024-11,20,0,False
8eed2344-d136-42ee-b3f7-f49bed8402c8,Francisco Enrique González Roselli,El Apamate,L01 LOTE BAJO DE LOMA,Oriente,186730,2024-12-01,2024-12,0,0,False
8eed2344-d136-42ee-b3f7-f49bed8402c8,Francisco Enrique González Roselli,El Apamate,L01 LOTE BAJO DE LOMA,Oriente,186730,2025-01-01,2025-01,0.2,0,False
8eed2344-d136-42ee-b3f7-f49bed8402c8,Francisco Enrique González Roselli,El Apamate,L01 LOTE BAJO DE LOMA,Oriente,186730,2025-02-01,2025-02,0,0,False
8eed2344-d136-42ee-b3f7-f49bed8402c8,Francisco Enrique González Roselli,El Apamate,L01 LOTE BAJO DE LOMA,Oriente,186730,2025-03-01,2025-03,0.2,0,False
8eed2344-d136-42ee-b3f7-f49bed8402c8,Francisco Enrique González Roselli,El Apamate,L01 LOTE BAJO DE LOMA,Oriente,186730,2025-04-01,2025-04,7,0,False
8eed2344-d136-42ee-b3f7-f49bed8402c8,Francisco Enrique González Roselli,El Apamate,L01 LOTE BAJO DE LOMA,Oriente,186730,2025-05-01,2025-05,30,0,False
8eed2344-d136-42ee-b3f7-f49bed8402c8,Francisco Enrique González Roselli,El Apamate,L01 LOTE BAJO DE LOMA,Oriente,186730,2025-06-01,2025-06,103.2,0,False
8eed2344-d136-42ee-b3f7-f49bed8402c8,Francisco Enrique González Roselli,El Apamate,L01 LOTE BAJO DE LOMA,Oriente,186730,2025-07-01,2025-07,144.6,0,False
8eed2344-d136-42ee-b3f7-f49bed8402c8,Francisco Enrique González Roselli,El Apamate,L01 LOTE BAJO DE LOMA,Oriente,186730,2025-08-01,2025-08,173.4,0,False
8eed2344-d136-42ee-b3f7-f49bed8402c8,Francisco Enrique González Roselli,El Apamate,L01 LOTE BAJO DE LOMA,Oriente,186730,2025-09-01,2025-09,70.2,0,False
8eed2344-d136-42ee-b3f7-f49bed8402c8,Francisco Enrique González Roselli,El Apamate,L01 LOTE BAJO DE LOMA,Oriente,186730,2025-10-01,2025-10,57,0,False
8eed2344-d136-42ee-b3f7-f49bed8402c8,Francisco Enrique González Roselli,El Apamate,L01 LOTE BAJO DE LOMA,Oriente,186730,2025-11-01,2025-11,3.2,0,False
8eed2344-d136-42ee-b3f7-f49bed8402c8,Francisco Enrique González Roselli,El Apamate,L01 LOTE BAJO DE LOMA,Oriente,186730,2025-12-01,2025-12,4,0,False
8eed2344-d136-42ee-b3f7-f49bed8402c8,Francisco Enrique González Roselli,El Apamate,L01 LOTE BAJO DE LOMA,Oriente,186730,2026-01-01,2026-01,2,0,False
8eed2344-d136-42ee-b3f7-f49bed8402c8,Francisco Enrique González Roselli,El Apamate,L01 LOTE BAJO DE LOMA,Oriente,186730,2026-02-01,2026-02,0,0,False
8eed2344-d136-42ee-b3f7-f49bed8402c8,Francisco Enrique González Roselli,El Apamate,L01 LOTE BAJO DE LOMA,Oriente,186730,2026-03-01,2026-03,6.6,0,False
8eed2344-d136-42ee-b3f7-f49bed8402c8,Francisco Enrique González Roselli,El Apamate,L01 LOTE BAJO DE LOMA,Oriente,186730,2026-04-01,2026-04,45.4,0,False
8eed2344-d136-42ee-b3f7-f49bed8402c8,Francisco Enrique González Roselli,El Apamate,L01 LOTE BAJO DE LOMA,Oriente,186730,2026-05-01,2026-05,90.6,0,False
8eed2344-d136-42ee-b3f7-f49bed8402c8,Francisco Enrique González Roselli,El Apamate,L01 LOTE BAJO DE LOMA,Oriente,186730,2026-06-01,2026-06,79.4,0,False
8eed2344-d136-42ee-b3f7-f49bed8402c8,Francisco Enrique González Roselli,El Apamate,L01 LOTE BAJO DE LOMA,Oriente,186730,2026-07-01,2026-07,147,32.25806451612903,True
8eed2344-d136-42ee-b3f7-f49bed8402c8,Francisco Enrique González Roselli,El Apamate,L01 LOTE BAJO DE LOMA,Oriente,186730,2026-08-01,2026-08,0,67.74193548387096,True
a4efd631-0c89-4a3d-ac26-f6f5180564f6,Francisco Enrique González Roselli,El Apamate,L02 LOTE COCO LOMA GRANDE,Oriente,186730,2024-05-01,2024-05,147.79,0,False
a4efd631-0c89-4a3d-ac26-f6f5180564f6,Francisco Enrique González Roselli,El Apamate,L02 LOTE COCO LOMA GRANDE,Oriente,186730,2024-06-01,2024-06,261.78,0,False
a4efd631-0c89-4a3d-ac26-f6f5180564f6,Francisco Enrique González Roselli,El Apamate,L02 LOTE COCO LOMA GRANDE,Oriente,186730,2024-07-01,2024-07,325.8,0,False
a4efd631-0c89-4a3d-ac26-f6f5180564f6,Francisco Enrique González Roselli,El Apamate,L02 LOTE COCO LOMA GRANDE,Oriente,186730,2024-08-01,2024-08,114.6,0,False
a4efd631-0c89-4a3d-ac26-f6f5180564f6,Francisco Enrique González Roselli,El Apamate,L02 LOTE COCO LOMA GRANDE,Oriente,186730,2024-09-01,2024-09,33.4,0,False
a4efd631-0c89-4a3d-ac26-f6f5180564f6,Francisco Enrique González Roselli,El Apamate,L02 LOTE COCO LOMA GRANDE,Oriente,186730,2024-10-01,2024-10,27.2,0,False
a4efd631-0c89-4a3d-ac26-f6f5180564f6,Francisco Enrique González Roselli,El Apamate,L02 LOTE COCO LOMA GRANDE,Oriente,186730,2024-11-01,2024-11,20,0,False
a4efd631-0c89-4a3d-ac26-f6f5180564f6,Francisco Enrique González Roselli,El Apamate,L02 LOTE COCO LOMA GRANDE,Oriente,186730,2024-12-01,2024-12,0,0,False
a4efd631-0c89-4a3d-ac26-f6f5180564f6,Francisco Enrique González Roselli,El Apamate,L02 LOTE COCO LOMA GRANDE,Oriente,186730,2025-01-01,2025-01,0.2,0,False
a4efd631-0c89-4a3d-ac26-f6f5180564f6,Francisco Enrique González Roselli,El Apamate,L02 LOTE COCO LOMA GRANDE,Oriente,186730,2025-02-01,2025-02,0,0,False
a4efd631-0c89-4a3d-ac26-f6f5180564f6,Francisco Enrique González Roselli,El Apamate,L02 LOTE COCO LOMA GRANDE,Oriente,186730,2025-03-01,2025-03,0.2,0,False
a4efd631-0c89-4a3d-ac26-f6f5180564f6,Francisco Enrique González Roselli,El Apamate,L02 LOTE COCO LOMA GRANDE,Oriente,186730,2025-04-01,2025-04,7,0,False
a4efd631-0c89-4a3d-ac26-f6f5180564f6,Francisco Enrique González Roselli,El Apamate,L02 LOTE COCO LOMA GRANDE,Oriente,186730,2025-05-01,2025-05,30,0,False
a4efd631-0c89-4a3d-ac26-f6f5180564f6,Francisco Enrique González Roselli,El Apamate,L02 LOTE COCO LOMA GRANDE,Oriente,186730,2025-06-01,2025-06,103.2,0,False
a4efd631-0c89-4a3d-ac26-f6f5180564f6,Francisco Enrique González Roselli,El Apamate,L02 LOTE COCO LOMA GRANDE,Oriente,186730,2025-07-01,2025-07,144.6,0,False
a4efd631-0c89-4a3d-ac26-f6f5180564f6,Francisco Enrique González Roselli,El Apamate,L02 LOTE COCO LOMA GRANDE,Oriente,186730,2025-08-01,2025-08,173.4,0,False
a4efd631-0c89-4a3d-ac26-f6f5180564f6,Francisco Enrique González Roselli,El Apamate,L02 LOTE COCO LOMA GRANDE,Oriente,186730,2025-09-01,2025-09,70.2,0,False
a4efd631-0c89-4a3d-ac26-f6f5180564f6,Francisco Enrique González Roselli,El Apamate,L02 LOTE COCO LOMA GRANDE,Oriente,186730,2025-10-01,2025-10,57,0,False
a4efd631-0c89-4a3d-ac26-f6f5180564f6,Francisco Enrique González Roselli,El Apamate,L02 LOTE COCO LOMA GRANDE,Oriente,186730,2025-11-01,2025-11,3.2,0,False
a4efd631-0c89-4a3d-ac26-f6f5180564f6,Francisco Enrique González Roselli,El Apamate,L02 LOTE COCO LOMA GRANDE,Oriente,186730,2025-12-01,2025-12,4,0,False
a4efd631-0c89-4a3d-ac26-f6f5180564f6,Francisco Enrique González Roselli,El Apamate,L02 LOTE COCO LOMA GRANDE,Oriente,186730,2026-01-01,2026-01,2,0,False
a4efd631-0c89-4a3d-ac26-f6f5180564f6,Francisco Enrique González Roselli,El Apamate,L02 LOTE COCO LOMA GRANDE,Oriente,186730,2026-02-01,2026-02,0,0,False
a4efd631-0c89-4a3d-ac26-f6f5180564f6,Francisco Enrique González Roselli,El Apamate,L02 LOTE COCO LOMA GRANDE,Oriente,186730,2026-03-01,2026-03,6.6,0,False
a4efd631-0c89-4a3d-ac26-f6f5180564f6,Francisco Enrique González Roselli,El Apamate,L02 LOTE COCO LOMA GRANDE,Oriente,186730,2026-04-01,2026-04,45.4,0,False
a4efd631-0c89-4a3d-ac26-f6f5180564f6,Francisco Enrique González Roselli,El Apamate,L02 LOTE COCO LOMA GRANDE,Oriente,186730,2026-05-01,2026-05,90.6,0,False
a4efd631-0c89-4a3d-ac26-f6f5180564f6,Francisco Enrique González Roselli,El Apamate,L02 LOTE COCO LOMA GRANDE,Oriente,186730,2026-06-01,2026-06,79.4,0,False
a4efd631-0c89-4a3d-ac26-f6f5180564f6,Francisco Enrique González Roselli,El Apamate,L02 LOTE COCO LOMA GRANDE,Oriente,186730,2026-07-01,2026-07,147,25.806451612903224,True
a4efd631-0c89-4a3d-ac26-f6f5180564f6,Francisco Enrique González Roselli,El Apamate,L02 LOTE COCO LOMA GRANDE,Oriente,186730,2026-08-01,2026-08,0,74.19354838709677,True
099a640e-6c28-4acf-b6d9-305d7cd4bf86,Francisco Enrique González Roselli,El Apamate,L03 LOTE LA PIEDRA,Oriente,186730,2024-05-01,2024-05,147.79,0,False
099a640e-6c28-4acf-b6d9-305d7cd4bf86,Francisco Enrique González Roselli,El Apamate,L03 LOTE LA PIEDRA,Oriente,186730,2024-06-01,2024-06,261.78,0,False
099a640e-6c28-4acf-b6d9-305d7cd4bf86,Francisco Enrique González Roselli,El Apamate,L03 LOTE LA PIEDRA,Oriente,186730,2024-07-01,2024-07,325.8,0,False
099a640e-6c28-4acf-b6d9-305d7cd4bf86,Francisco Enrique González Roselli,El Apamate,L03 LOTE LA PIEDRA,Oriente,186730,2024-08-01,2024-08,114.6,0,False
099a640e-6c28-4acf-b6d9-305d7cd4bf86,Francisco Enrique González Roselli,El Apamate,L03 LOTE LA PIEDRA,Oriente,186730,2024-09-01,2024-09,33.4,0,False
099a640e-6c28-4acf-b6d9-305d7cd4bf86,Francisco Enrique González Roselli,El Apamate,L03 LOTE LA PIEDRA,Oriente,186730,2024-10-01,2024-10,27.2,0,False
099a640e-6c28-4acf-b6d9-305d7cd4bf86,Francisco Enrique González Roselli,El Apamate,L03 LOTE LA PIEDRA,Oriente,186730,2024-11-01,2024-11,20,0,False
099a640e-6c28-4acf-b6d9-305d7cd4bf86,Francisco Enrique González Roselli,El Apamate,L03 LOTE LA PIEDRA,Oriente,186730,2024-12-01,2024-12,0,0,False
099a640e-6c28-4acf-b6d9-305d7cd4bf86,Francisco Enrique González Roselli,El Apamate,L03 LOTE LA PIEDRA,Oriente,186730,2025-01-01,2025-01,0.2,0,False
099a640e-6c28-4acf-b6d9-305d7cd4bf86,Francisco Enrique González Roselli,El Apamate,L03 LOTE LA PIEDRA,Oriente,186730,2025-02-01,2025-02,0,0,False
099a640e-6c28-4acf-b6d9-305d7cd4bf86,Francisco Enrique González Roselli,El Apamate,L03 LOTE LA PIEDRA,Oriente,186730,2025-03-01,2025-03,0.2,0,False
099a640e-6c28-4acf-b6d9-305d7cd4bf86,Francisco Enrique González Roselli,El Apamate,L03 LOTE LA PIEDRA,Oriente,186730,2025-04-01,2025-04,7,0,False
099a640e-6c28-4acf-b6d9-305d7cd4bf86,Francisco Enrique González Roselli,El Apamate,L03 LOTE LA PIEDRA,Oriente,186730,2025-05-01,2025-05,30,0,False
099a640e-6c28-4acf-b6d9-305d7cd4bf86,Francisco Enrique González Roselli,El Apamate,L03 LOTE LA PIEDRA,Oriente,186730,2025-06-01,2025-06,103.2,0,False
099a640e-6c28-4acf-b6d9-305d7cd4bf86,Francisco Enrique González Roselli,El Apamate,L03 LOTE LA PIEDRA,Oriente,186730,2025-07-01,2025-07,144.6,0,False
099a640e-6c28-4acf-b6d9-305d7cd4bf86,Francisco Enrique González Roselli,El Apamate,L03 LOTE LA PIEDRA,Oriente,186730,2025-08-01,2025-08,173.4,0,False
099a640e-6c28-4acf-b6d9-305d7cd4bf86,Francisco Enrique González Roselli,El Apamate,L03 LOTE LA PIEDRA,Oriente,186730,2025-09-01,2025-09,70.2,0,False
099a640e-6c28-4acf-b6d9-305d7cd4bf86,Francisco Enrique González Roselli,El Apamate,L03 LOTE LA PIEDRA,Oriente,186730,2025-10-01,2025-10,57,0,False
099a640e-6c28-4acf-b6d9-305d7cd4bf86,Francisco Enrique González Roselli,El Apamate,L03 LOTE LA PIEDRA,Oriente,186730,2025-11-01,2025-11,3.2,0,False
099a640e-6c28-4acf-b6d9-305d7cd4bf86,Francisco Enrique González Roselli,El Apamate,L03 LOTE LA PIEDRA,Oriente,186730,2025-12-01,2025-12,4,0,False
099a640e-6c28-4acf-b6d9-305d7cd4bf86,Francisco Enrique González Roselli,El Apamate,L03 LOTE LA PIEDRA,Oriente,186730,2026-01-01,2026-01,2,0,False
099a640e-6c28-4acf-b6d9-305d7cd4bf86,Francisco Enrique González Roselli,El Apamate,L03 LOTE LA PIEDRA,Oriente,186730,2026-02-01,2026-02,0,0,False
099a640e-6c28-4acf-b6d9-305d7cd4bf86,Francisco Enrique González Roselli,El Apamate,L03 LOTE LA PIEDRA,Oriente,186730,2026-03-01,2026-03,6.6,0,False
099a640e-6c28-4acf-b6d9-305d7cd4bf86,Francisco Enrique González Roselli,El Apamate,L03 LOTE LA PIEDRA,Oriente,186730,2026-04-01,2026-04,45.4,0,False
099a640e-6c28-4acf-b6d9-305d7cd4bf86,Francisco Enrique González Roselli,El Apamate,L03 LOTE LA PIEDRA,Oriente,186730,2026-05-01,2026-05,90.6,0,False
099a640e-6c28-4acf-b6d9-305d7cd4bf86,Francisco Enrique González Roselli,El Apamate,L03 LOTE LA PIEDRA,Oriente,186730,2026-06-01,2026-06,79.4,0,False
099a640e-6c28-4acf-b6d9-305d7cd4bf86,Francisco Enrique González Roselli,El Apamate,L03 LOTE LA PIEDRA,Oriente,186730,2026-07-01,2026-07,147,29.032258064516128,True
099a640e-6c28-4acf-b6d9-305d7cd4bf86,Francisco Enrique González Roselli,El Apamate,L03 LOTE LA PIEDRA,Oriente,186730,2026-08-01,2026-08,0,70.96774193548387,True
5f0c51c1-923e-4d29-9a83-eb8850265570,Francisco Enrique González Roselli,El Apamate,L04 LOTE LOCACIÓN A,Oriente,186730,2024-05-01,2024-05,147.79,0,False
5f0c51c1-923e-4d29-9a83-eb8850265570,Francisco Enrique González Roselli,El Apamate,L04 LOTE LOCACIÓN A,Oriente,186730,2024-06-01,2024-06,261.78,0,False
5f0c51c1-923e-4d29-9a83-eb8850265570,Francisco Enrique González Roselli,El Apamate,L04 LOTE LOCACIÓN A,Oriente,186730,2024-07-01,2024-07,325.8,0,False
5f0c51c1-923e-4d29-9a83-eb8850265570,Francisco Enrique González Roselli,El Apamate,L04 LOTE LOCACIÓN A,Oriente,186730,2024-08-01,2024-08,114.6,0,False
5f0c51c1-923e-4d29-9a83-eb8850265570,Francisco Enrique González Roselli,El Apamate,L04 LOTE LOCACIÓN A,Oriente,186730,2024-09-01,2024-09,33.4,0,False
5f0c51c1-923e-4d29-9a83-eb8850265570,Francisco Enrique González Roselli,El Apamate,L04 LOTE LOCACIÓN A,Oriente,186730,2024-10-01,2024-10,27.2,0,False
5f0c51c1-923e-4d29-9a83-eb8850265570,Francisco Enrique González Roselli,El Apamate,L04 LOTE LOCACIÓN A,Oriente,186730,2024-11-01,2024-11,20,0,False
5f0c51c1-923e-4d29-9a83-eb8850265570,Francisco Enrique González Roselli,El Apamate,L04 LOTE LOCACIÓN A,Oriente,186730,2024-12-01,2024-12,0,0,False
5f0c51c1-923e-4d29-9a83-eb8850265570,Francisco Enrique González Roselli,El Apamate,L04 LOTE LOCACIÓN A,Oriente,186730,2025-01-01,2025-01,0.2,0,False
5f0c51c1-923e-4d29-9a83-eb8850265570,Francisco Enrique González Roselli,El Apamate,L04 LOTE LOCACIÓN A,Oriente,186730,2025-02-01,2025-02,0,0,False
5f0c51c1-923e-4d29-9a83-eb8850265570,Francisco Enrique González Roselli,El Apamate,L04 LOTE LOCACIÓN A,Oriente,186730,2025-03-01,2025-03,0.2,0,False
5f0c51c1-923e-4d29-9a83-eb8850265570,Francisco Enrique González Roselli,El Apamate,L04 LOTE LOCACIÓN A,Oriente,186730,2025-04-01,2025-04,7,0,False
5f0c51c1-923e-4d29-9a83-eb8850265570,Francisco Enrique González Roselli,El Apamate,L04 LOTE LOCACIÓN A,Oriente,186730,2025-05-01,2025-05,30,0,False
5f0c51c1-923e-4d29-9a83-eb8850265570,Francisco Enrique González Roselli,El Apamate,L04 LOTE LOCACIÓN A,Oriente,186730,2025-06-01,2025-06,103.2,0,False
5f0c51c1-923e-4d29-9a83-eb8850265570,Francisco Enrique González Roselli,El Apamate,L04 LOTE LOCACIÓN A,Oriente,186730,2025-07-01,2025-07,144.6,0,False
5f0c51c1-923e-4d29-9a83-eb8850265570,Francisco Enrique González Roselli,El Apamate,L04 LOTE LOCACIÓN A,Oriente,186730,2025-08-01,2025-08,173.4,0,False
5f0c51c1-923e-4d29-9a83-eb8850265570,Francisco Enrique González Roselli,El Apamate,L04 LOTE LOCACIÓN A,Oriente,186730,2025-09-01,2025-09,70.2,0,False
5f0c51c1-923e-4d29-9a83-eb8850265570,Francisco Enrique González Roselli,El Apamate,L04 LOTE LOCACIÓN A,Oriente,186730,2025-10-01,2025-10,57,0,False
5f0c51c1-923e-4d29-9a83-eb8850265570,Francisco Enrique González Roselli,El Apamate,L04 LOTE LOCACIÓN A,Oriente,186730,2025-11-01,2025-11,3.2,0,False
5f0c51c1-923e-4d29-9a83-eb8850265570,Francisco Enrique González Roselli,El Apamate,L04 LOTE LOCACIÓN A,Oriente,186730,2025-12-01,2025-12,4,0,False
5f0c51c1-923e-4d29-9a83-eb8850265570,Francisco Enrique González Roselli,El Apamate,L04 LOTE LOCACIÓN A,Oriente,186730,2026-01-01,2026-01,2,0,False
5f0c51c1-923e-4d29-9a83-eb8850265570,Francisco Enrique González Roselli,El Apamate,L04 LOTE LOCACIÓN A,Oriente,186730,2026-02-01,2026-02,0,0,False
5f0c51c1-923e-4d29-9a83-eb8850265570,Francisco Enrique González Roselli,El Apamate,L04 LOTE LOCACIÓN A,Oriente,186730,2026-03-01,2026-03,6.6,0,False
5f0c51c1-923e-4d29-9a83-eb8850265570,Francisco Enrique González Roselli,El Apamate,L04 LOTE LOCACIÓN A,Oriente,186730,2026-04-01,2026-04,45.4,0,False
5f0c51c1-923e-4d29-9a83-eb8850265570,Francisco Enrique González Roselli,El Apamate,L04 LOTE LOCACIÓN A,Oriente,186730,2026-05-01,2026-05,90.6,0,False
5f0c51c1-923e-4d29-9a83-eb8850265570,Francisco Enrique González Roselli,El Apamate,L04 LOTE LOCACIÓN A,Oriente,186730,2026-06-01,2026-06,79.4,0,False
5f0c51c1-923e-4d29-9a83-eb8850265570,Francisco Enrique González Roselli,El Apamate,L04 LOTE LOCACIÓN A,Oriente,186730,2026-07-01,2026-07,147,0,False
5f0c51c1-923e-4d29-9a83-eb8850265570,Francisco Enrique González Roselli,El Apamate,L04 LOTE LOCACIÓN A,Oriente,186730,2026-08-01,2026-08,0,67.74193548387096,True
15c6d03f-2a02-4b12-8a54-81ae17176103,Francisco Enrique González Roselli,El Apamate,L07 LOTE MATA PALO,Oriente,186730,2024-05-01,2024-05,147.79,0,False
15c6d03f-2a02-4b12-8a54-81ae17176103,Francisco Enrique González Roselli,El Apamate,L07 LOTE MATA PALO,Oriente,186730,2024-06-01,2024-06,261.78,0,False
15c6d03f-2a02-4b12-8a54-81ae17176103,Francisco Enrique González Roselli,El Apamate,L07 LOTE MATA PALO,Oriente,186730,2024-07-01,2024-07,325.8,0,False
15c6d03f-2a02-4b12-8a54-81ae17176103,Francisco Enrique González Roselli,El Apamate,L07 LOTE MATA PALO,Oriente,186730,2024-08-01,2024-08,114.6,0,False
15c6d03f-2a02-4b12-8a54-81ae17176103,Francisco Enrique González Roselli,El Apamate,L07 LOTE MATA PALO,Oriente,186730,2024-09-01,2024-09,33.4,0,False
15c6d03f-2a02-4b12-8a54-81ae17176103,Francisco Enrique González Roselli,El Apamate,L07 LOTE MATA PALO,Oriente,186730,2024-10-01,2024-10,27.2,0,False
15c6d03f-2a02-4b12-8a54-81ae17176103,Francisco Enrique González Roselli,El Apamate,L07 LOTE MATA PALO,Oriente,186730,2024-11-01,2024-11,20,0,False
15c6d03f-2a02-4b12-8a54-81ae17176103,Francisco Enrique González Roselli,El Apamate,L07 LOTE MATA PALO,Oriente,186730,2024-12-01,2024-12,0,0,False
15c6d03f-2a02-4b12-8a54-81ae17176103,Francisco Enrique González Roselli,El Apamate,L07 LOTE MATA PALO,Oriente,186730,2025-01-01,2025-01,0.2,0,False
15c6d03f-2a02-4b12-8a54-81ae17176103,Francisco Enrique González Roselli,El Apamate,L07 LOTE MATA PALO,Oriente,186730,2025-02-01,2025-02,0,0,False
15c6d03f-2a02-4b12-8a54-81ae17176103,Francisco Enrique González Roselli,El Apamate,L07 LOTE MATA PALO,Oriente,186730,2025-03-01,2025-03,0.2,0,False
15c6d03f-2a02-4b12-8a54-81ae17176103,Francisco Enrique González Roselli,El Apamate,L07 LOTE MATA PALO,Oriente,186730,2025-04-01,2025-04,7,0,False
15c6d03f-2a02-4b12-8a54-81ae17176103,Francisco Enrique González Roselli,El Apamate,L07 LOTE MATA PALO,Oriente,186730,2025-05-01,2025-05,30,0,False
15c6d03f-2a02-4b12-8a54-81ae17176103,Francisco Enrique González Roselli,El Apamate,L07 LOTE MATA PALO,Oriente,186730,2025-06-01,2025-06,103.2,0,False
15c6d03f-2a02-4b12-8a54-81ae17176103,Francisco Enrique González Roselli,El Apamate,L07 LOTE MATA PALO,Oriente,186730,2025-07-01,2025-07,144.6,0,False
15c6d03f-2a02-4b12-8a54-81ae17176103,Francisco Enrique González Roselli,El Apamate,L07 LOTE MATA PALO,Oriente,186730,2025-08-01,2025-08,173.4,0,False
15c6d03f-2a02-4b12-8a54-81ae17176103,Francisco Enrique González Roselli,El Apamate,L07 LOTE MATA PALO,Oriente,186730,2025-09-01,2025-09,70.2,0,False
15c6d03f-2a02-4b12-8a54-81ae17176103,Francisco Enrique González Roselli,El Apamate,L07 LOTE MATA PALO,Oriente,186730,2025-10-01,2025-10,57,0,False
15c6d03f-2a02-4b12-8a54-81ae17176103,Francisco Enrique González Roselli,El Apamate,L07 LOTE MATA PALO,Oriente,186730,2025-11-01,2025-11,3.2,0,False
15c6d03f-2a02-4b12-8a54-81ae17176103,Francisco Enrique González Roselli,El Apamate,L07 LOTE MATA PALO,Oriente,186730,2025-12-01,2025-12,4,0,False
15c6d03f-2a02-4b12-8a54-81ae17176103,Francisco Enrique González Roselli,El Apamate,L07 LOTE MATA PALO,Oriente,186730,2026-01-01,2026-01,2,0,False
15c6d03f-2a02-4b12-8a54-81ae17176103,Francisco Enrique González Roselli,El Apamate,L07 LOTE MATA PALO,Oriente,186730,2026-02-01,2026-02,0,0,False
15c6d03f-2a02-4b12-8a54-81ae17176103,Francisco Enrique González Roselli,El Apamate,L07 LOTE MATA PALO,Oriente,186730,2026-03-01,2026-03,6.6,0,False
15c6d03f-2a02-4b12-8a54-81ae17176103,Francisco Enrique González Roselli,El Apamate,L07 LOTE MATA PALO,Oriente,186730,2026-04-01,2026-04,45.4,0,False
15c6d03f-2a02-4b12-8a54-81ae17176103,Francisco Enrique González Roselli,El Apamate,L07 LOTE MATA PALO,Oriente,186730,2026-05-01,2026-05,90.6,0,False
15c6d03f-2a02-4b12-8a54-81ae17176103,Francisco Enrique González Roselli,El Apamate,L07 LOTE MATA PALO,Oriente,186730,2026-06-01,2026-06,79.4,0,False
15c6d03f-2a02-4b12-8a54-81ae17176103,Francisco Enrique González Roselli,El Apamate,L07 LOTE MATA PALO,Oriente,186730,2026-07-01,2026-07,147,6.451612903225807,True
15c6d03f-2a02-4b12-8a54-81ae17176103,Francisco Enrique González Roselli,El Apamate,L07 LOTE MATA PALO,Oriente,186730,2026-08-01,2026-08,0,93.54838709677419,True
957c0283-c955-4e84-996c-c7c7929e7af8,Francisco Enrique González Roselli,El Apamate,Locación B,Oriente,186730,2024-05-01,2024-05,147.79,0,False
957c0283-c955-4e84-996c-c7c7929e7af8,Francisco Enrique González Roselli,El Apamate,Locación B,Oriente,186730,2024-06-01,2024-06,261.78,0,False
957c0283-c955-4e84-996c-c7c7929e7af8,Francisco Enrique González Roselli,El Apamate,Locación B,Oriente,186730,2024-07-01,2024-07,325.8,0,False
957c0283-c955-4e84-996c-c7c7929e7af8,Francisco Enrique González Roselli,El Apamate,Locación B,Oriente,186730,2024-08-01,2024-08,114.6,0,False
957c0283-c955-4e84-996c-c7c7929e7af8,Francisco Enrique González Roselli,El Apamate,Locación B,Oriente,186730,2024-09-01,2024-09,33.4,0,False
957c0283-c955-4e84-996c-c7c7929e7af8,Francisco Enrique González Roselli,El Apamate,Locación B,Oriente,186730,2024-10-01,2024-10,27.2,0,False
957c0283-c955-4e84-996c-c7c7929e7af8,Francisco Enrique González Roselli,El Apamate,Locación B,Oriente,186730,2024-11-01,2024-11,20,0,False
957c0283-c955-4e84-996c-c7c7929e7af8,Francisco Enrique González Roselli,El Apamate,Locación B,Oriente,186730,2024-12-01,2024-12,0,0,False
957c0283-c955-4e84-996c-c7c7929e7af8,Francisco Enrique González Roselli,El Apamate,Locación B,Oriente,186730,2025-01-01,2025-01,0.2,0,False
957c0283-c955-4e84-996c-c7c7929e7af8,Francisco Enrique González Roselli,El Apamate,Locación B,Oriente,186730,2025-02-01,2025-02,0,0,False
957c0283-c955-4e84-996c-c7c7929e7af8,Francisco Enrique González Roselli,El Apamate,Locación B,Oriente,186730,2025-03-01,2025-03,0.2,0,False
957c0283-c955-4e84-996c-c7c7929e7af8,Francisco Enrique González Roselli,El Apamate,Locación B,Oriente,186730,2025-04-01,2025-04,7,0,False
957c0283-c955-4e84-996c-c7c7929e7af8,Francisco Enrique González Roselli,El Apamate,Locación B,Oriente,186730,2025-05-01,2025-05,30,0,False
957c0283-c955-4e84-996c-c7c7929e7af8,Francisco Enrique González Roselli,El Apamate,Locación B,Oriente,186730,2025-06-01,2025-06,103.2,0,False
957c0283-c955-4e84-996c-c7c7929e7af8,Francisco Enrique González Roselli,El Apamate,Locación B,Oriente,186730,2025-07-01,2025-07,144.6,0,False
957c0283-c955-4e84-996c-c7c7929e7af8,Francisco Enrique González Roselli,El Apamate,Locación B,Oriente,186730,2025-08-01,2025-08,173.4,0,False
957c0283-c955-4e84-996c-c7c7929e7af8,Francisco Enrique González Roselli,El Apamate,Locación B,Oriente,186730,2025-09-01,2025-09,70.2,0,False
957c0283-c955-4e84-996c-c7c7929e7af8,Francisco Enrique González Roselli,El Apamate,Locación B,Oriente,186730,2025-10-01,2025-10,57,0,False
957c0283-c955-4e84-996c-c7c7929e7af8,Francisco Enrique González Roselli,El Apamate,Locación B,Oriente,186730,2025-11-01,2025-11,3.2,0,False
957c0283-c955-4e84-996c-c7c7929e7af8,Francisco Enrique González Roselli,El Apamate,Locación B,Oriente,186730,2025-12-01,2025-12,4,0,False
957c0283-c955-4e84-996c-c7c7929e7af8,Francisco Enrique González Roselli,El Apamate,Locación B,Oriente,186730,2026-01-01,2026-01,2,0,False
957c0283-c955-4e84-996c-c7c7929e7af8,Francisco Enrique González Roselli,El Apamate,Locación B,Oriente,186730,2026-02-01,2026-02,0,0,False
957c0283-c955-4e84-996c-c7c7929e7af8,Francisco Enrique González Roselli,El Apamate,Locación B,Oriente,186730,2026-03-01,2026-03,6.6,0,False
957c0283-c955-4e84-996c-c7c7929e7af8,Francisco Enrique González Roselli,El Apamate,Locación B,Oriente,186730,2026-04-01,2026-04,45.4,0,False
957c0283-c955-4e84-996c-c7c7929e7af8,Francisco Enrique González Roselli,El Apamate,Locación B,Oriente,186730,2026-05-01,2026-05,90.6,0,False
957c0283-c955-4e84-996c-c7c7929e7af8,Francisco Enrique González Roselli,El Apamate,Locación B,Oriente,186730,2026-06-01,2026-06,79.4,0,False
957c0283-c955-4e84-996c-c7c7929e7af8,Francisco Enrique González Roselli,El Apamate,Locación B,Oriente,186730,2026-07-01,2026-07,147,0,False
957c0283-c955-4e84-996c-c7c7929e7af8,Francisco Enrique González Roselli,El Apamate,Locación B,Oriente,186730,2026-08-01,2026-08,0,67.74193548387096,True
6c03962d-afab-4407-94c0-084220b91463,Francisco Enrique González Roselli,El Apamate,Ramírez,Oriente,186730,2024-05-01,2024-05,147.79,0,False
6c03962d-afab-4407-94c0-084220b91463,Francisco Enrique González Roselli,El Apamate,Ramírez,Oriente,186730,2024-06-01,2024-06,261.78,0,False
6c03962d-afab-4407-94c0-084220b91463,Francisco Enrique González Roselli,El Apamate,Ramírez,Oriente,186730,2024-07-01,2024-07,325.8,0,False
6c03962d-afab-4407-94c0-084220b91463,Francisco Enrique González Roselli,El Apamate,Ramírez,Oriente,186730,2024-08-01,2024-08,114.6,0,False
6c03962d-afab-4407-94c0-084220b91463,Francisco Enrique González Roselli,El Apamate,Ramírez,Oriente,186730,2024-09-01,2024-09,33.4,0,False
6c03962d-afab-4407-94c0-084220b91463,Francisco Enrique González Roselli,El Apamate,Ramírez,Oriente,186730,2024-10-01,2024-10,27.2,0,False
6c03962d-afab-4407-94c0-084220b91463,Francisco Enrique González Roselli,El Apamate,Ramírez,Oriente,186730,2024-11-01,2024-11,20,0,False
6c03962d-afab-4407-94c0-084220b91463,Francisco Enrique González Roselli,El Apamate,Ramírez,Oriente,186730,2024-12-01,2024-12,0,0,False
6c03962d-afab-4407-94c0-084220b91463,Francisco Enrique González Roselli,El Apamate,Ramírez,Oriente,186730,2025-01-01,2025-01,0.2,0,False
6c03962d-afab-4407-94c0-084220b91463,Francisco Enrique González Roselli,El Apamate,Ramírez,Oriente,186730,2025-02-01,2025-02,0,0,False
6c03962d-afab-4407-94c0-084220b91463,Francisco Enrique González Roselli,El Apamate,Ramírez,Oriente,186730,2025-03-01,2025-03,0.2,0,False
6c03962d-afab-4407-94c0-084220b91463,Francisco Enrique González Roselli,El Apamate,Ramírez,Oriente,186730,2025-04-01,2025-04,7,0,False
6c03962d-afab-4407-94c0-084220b91463,Francisco Enrique González Roselli,El Apamate,Ramírez,Oriente,186730,2025-05-01,2025-05,30,0,False
6c03962d-afab-4407-94c0-084220b91463,Francisco Enrique González Roselli,El Apamate,Ramírez,Oriente,186730,2025-06-01,2025-06,103.2,0,False
6c03962d-afab-4407-94c0-084220b91463,Francisco Enrique González Roselli,El Apamate,Ramírez,Oriente,186730,2025-07-01,2025-07,144.6,0,False
6c03962d-afab-4407-94c0-084220b91463,Francisco Enrique González Roselli,El Apamate,Ramírez,Oriente,186730,2025-08-01,2025-08,173.4,0,False
6c03962d-afab-4407-94c0-084220b91463,Francisco Enrique González Roselli,El Apamate,Ramírez,Oriente,186730,2025-09-01,2025-09,70.2,0,False
6c03962d-afab-4407-94c0-084220b91463,Francisco Enrique González Roselli,El Apamate,Ramírez,Oriente,186730,2025-10-01,2025-10,57,0,False
6c03962d-afab-4407-94c0-084220b91463,Francisco Enrique González Roselli,El Apamate,Ramírez,Oriente,186730,2025-11-01,2025-11,3.2,0,False
6c03962d-afab-4407-94c0-084220b91463,Francisco Enrique González Roselli,El Apamate,Ramírez,Oriente,186730,2025-12-01,2025-12,4,0,False
6c03962d-afab-4407-94c0-084220b91463,Francisco Enrique González Roselli,El Apamate,Ramírez,Oriente,186730,2026-01-01,2026-01,2,0,False
6c03962d-afab-4407-94c0-084220b91463,Francisco Enrique González Roselli,El Apamate,Ramírez,Oriente,186730,2026-02-01,2026-02,0,0,False
6c03962d-afab-4407-94c0-084220b91463,Francisco Enrique González Roselli,El Apamate,Ramírez,Oriente,186730,2026-03-01,2026-03,6.6,0,False
6c03962d-afab-4407-94c0-084220b91463,Francisco Enrique González Roselli,El Apamate,Ramírez,Oriente,186730,2026-04-01,2026-04,45.4,0,False
6c03962d-afab-4407-94c0-084220b91463,Francisco Enrique González Roselli,El Apamate,Ramírez,Oriente,186730,2026-05-01,2026-05,90.6,0,False
6c03962d-afab-4407-94c0-084220b91463,Francisco Enrique González Roselli,El Apamate,Ramírez,Oriente,186730,2026-06-01,2026-06,79.4,0,False
6c03962d-afab-4407-94c0-084220b91463,Francisco Enrique González Roselli,El Apamate,Ramírez,Oriente,186730,2026-07-01,2026-07,147,0,False
6c03962d-afab-4407-94c0-084220b91463,Francisco Enrique González Roselli,El Apamate,Ramírez,Oriente,186730,2026-08-01,2026-08,0,100,True
0f3add10-cf21-480c-a677-31104cc89563,Francisco Jose Márquez,Agropecuaria Juan Francisco C.A,Bancales Viejos,Occidente,235418,2026-05-01,2026-05,66.6,0,False
0f3add10-cf21-480c-a677-31104cc89563,Francisco Jose Márquez,Agropecuaria Juan Francisco C.A,Bancales Viejos,Occidente,235418,2026-06-01,2026-06,262.4,0,False
0f3add10-cf21-480c-a677-31104cc89563,Francisco Jose Márquez,Agropecuaria Juan Francisco C.A,Bancales Viejos,Occidente,235418,2026-07-01,2026-07,184.8,32.25806451612903,True
0f3add10-cf21-480c-a677-31104cc89563,Francisco Jose Márquez,Agropecuaria Juan Francisco C.A,Bancales Viejos,Occidente,235418,2026-08-01,2026-08,0,67.74193548387096,True
4f0a29df-eb58-443e-a724-eb3553c69402,Francisco Jose Márquez,Agropecuaria Juan Francisco C.A,Juan,Occidente,235418,2026-05-01,2026-05,66.6,0,False
4f0a29df-eb58-443e-a724-eb3553c69402,Francisco Jose Márquez,Agropecuaria Juan Francisco C.A,Juan,Occidente,235418,2026-06-01,2026-06,262.4,0,False
4f0a29df-eb58-443e-a724-eb3553c69402,Francisco Jose Márquez,Agropecuaria Juan Francisco C.A,Juan,Occidente,235418,2026-07-01,2026-07,184.8,0,False
4f0a29df-eb58-443e-a724-eb3553c69402,Francisco Jose Márquez,Agropecuaria Juan Francisco C.A,Juan,Occidente,235418,2026-08-01,2026-08,0,64.51612903225806,True
96fb3c6e-d2e2-42ea-a9d8-77917005073b,Francisco Jose Márquez,Agropecuaria Juan Francisco C.A,La Ceiba,Occidente,235418,2026-05-01,2026-05,66.6,0,False
96fb3c6e-d2e2-42ea-a9d8-77917005073b,Francisco Jose Márquez,Agropecuaria Juan Francisco C.A,La Ceiba,Occidente,235418,2026-06-01,2026-06,262.4,0,False
96fb3c6e-d2e2-42ea-a9d8-77917005073b,Francisco Jose Márquez,Agropecuaria Juan Francisco C.A,La Ceiba,Occidente,235418,2026-07-01,2026-07,184.8,51.61290322580645,True
96fb3c6e-d2e2-42ea-a9d8-77917005073b,Francisco Jose Márquez,Agropecuaria Juan Francisco C.A,La Ceiba,Occidente,235418,2026-08-01,2026-08,0,48.38709677419355,True
39f1c564-a330-4e3b-b89e-4eb5cbe4a2dc,Francisco Jose Márquez,Agropecuaria Juan Francisco C.A,La Montaña 1,Occidente,235418,2026-05-01,2026-05,66.6,0,False
39f1c564-a330-4e3b-b89e-4eb5cbe4a2dc,Francisco Jose Márquez,Agropecuaria Juan Francisco C.A,La Montaña 1,Occidente,235418,2026-06-01,2026-06,262.4,0,False
39f1c564-a330-4e3b-b89e-4eb5cbe4a2dc,Francisco Jose Márquez,Agropecuaria Juan Francisco C.A,La Montaña 1,Occidente,235418,2026-07-01,2026-07,184.8,48.38709677419355,True
39f1c564-a330-4e3b-b89e-4eb5cbe4a2dc,Francisco Jose Márquez,Agropecuaria Juan Francisco C.A,La Montaña 1,Occidente,235418,2026-08-01,2026-08,0,51.61290322580645,True
2ebae9b8-0570-4b02-8177-93f406842bb9,Francisco Jose Márquez,Agropecuaria Juan Francisco C.A,La Montaña 2,Occidente,235418,2026-05-01,2026-05,66.6,0,False
2ebae9b8-0570-4b02-8177-93f406842bb9,Francisco Jose Márquez,Agropecuaria Juan Francisco C.A,La Montaña 2,Occidente,235418,2026-06-01,2026-06,262.4,0,False
2ebae9b8-0570-4b02-8177-93f406842bb9,Francisco Jose Márquez,Agropecuaria Juan Francisco C.A,La Montaña 2,Occidente,235418,2026-07-01,2026-07,184.8,41.935483870967744,True
2ebae9b8-0570-4b02-8177-93f406842bb9,Francisco Jose Márquez,Agropecuaria Juan Francisco C.A,La Montaña 2,Occidente,235418,2026-08-01,2026-08,0,58.064516129032256,True
a5f04bce-193a-4bf6-bfde-ccc241dfa8a5,Francisco Jose Márquez,Agropecuaria Juan Francisco C.A,La Platanera,Occidente,235418,2026-05-01,2026-05,66.6,0,False
a5f04bce-193a-4bf6-bfde-ccc241dfa8a5,Francisco Jose Márquez,Agropecuaria Juan Francisco C.A,La Platanera,Occidente,235418,2026-06-01,2026-06,262.4,0,False
a5f04bce-193a-4bf6-bfde-ccc241dfa8a5,Francisco Jose Márquez,Agropecuaria Juan Francisco C.A,La Platanera,Occidente,235418,2026-07-01,2026-07,184.8,0,False
a5f04bce-193a-4bf6-bfde-ccc241dfa8a5,Francisco Jose Márquez,Agropecuaria Juan Francisco C.A,La Platanera,Occidente,235418,2026-08-01,2026-08,0,100,True
4cad224e-34fa-4ffe-9e88-17d8bbe2e614,Francisco Jose Márquez,Agropecuaria Juan Francisco C.A,La Rafaeleña,Occidente,235418,2026-05-01,2026-05,66.6,0,False
4cad224e-34fa-4ffe-9e88-17d8bbe2e614,Francisco Jose Márquez,Agropecuaria Juan Francisco C.A,La Rafaeleña,Occidente,235418,2026-06-01,2026-06,262.4,0,False
4cad224e-34fa-4ffe-9e88-17d8bbe2e614,Francisco Jose Márquez,Agropecuaria Juan Francisco C.A,La Rafaeleña,Occidente,235418,2026-07-01,2026-07,184.8,0,False
4cad224e-34fa-4ffe-9e88-17d8bbe2e614,Francisco Jose Márquez,Agropecuaria Juan Francisco C.A,La Rafaeleña,Occidente,235418,2026-08-01,2026-08,0,58.064516129032256,True
3796c344-a2c1-4daa-8b68-da5fbea33fa9,Francisco Jose Márquez,Agropecuaria Juan Francisco C.A,Rogelio Grande,Occidente,235418,2026-05-01,2026-05,66.6,0,False
3796c344-a2c1-4daa-8b68-da5fbea33fa9,Francisco Jose Márquez,Agropecuaria Juan Francisco C.A,Rogelio Grande,Occidente,235418,2026-06-01,2026-06,262.4,0,False
3796c344-a2c1-4daa-8b68-da5fbea33fa9,Francisco Jose Márquez,Agropecuaria Juan Francisco C.A,Rogelio Grande,Occidente,235418,2026-07-01,2026-07,184.8,0,False
3796c344-a2c1-4daa-8b68-da5fbea33fa9,Francisco Jose Márquez,Agropecuaria Juan Francisco C.A,Rogelio Grande,Occidente,235418,2026-08-01,2026-08,0,64.51612903225806,True
05962cb2-bcd6-4100-8b01-03ea0cf5fd37,Francisco Jose Márquez,Agropecuaria Juan Francisco C.A,Rogelio Pequeño,Occidente,235418,2026-05-01,2026-05,66.6,0,False
05962cb2-bcd6-4100-8b01-03ea0cf5fd37,Francisco Jose Márquez,Agropecuaria Juan Francisco C.A,Rogelio Pequeño,Occidente,235418,2026-06-01,2026-06,262.4,0,False
05962cb2-bcd6-4100-8b01-03ea0cf5fd37,Francisco Jose Márquez,Agropecuaria Juan Francisco C.A,Rogelio Pequeño,Occidente,235418,2026-07-01,2026-07,184.8,0,False
05962cb2-bcd6-4100-8b01-03ea0cf5fd37,Francisco Jose Márquez,Agropecuaria Juan Francisco C.A,Rogelio Pequeño,Occidente,235418,2026-08-01,2026-08,0,61.29032258064516,True
c7ef1944-fd1e-4241-8b17-ed65092b5108,Jose Dario Gallucci Requena,Chaguaramitas,Chaparral,Oriente,238407,2026-05-01,2026-05,44.6,0,False
c7ef1944-fd1e-4241-8b17-ed65092b5108,Jose Dario Gallucci Requena,Chaguaramitas,Chaparral,Oriente,238407,2026-06-01,2026-06,193.6,0,False
c7ef1944-fd1e-4241-8b17-ed65092b5108,Jose Dario Gallucci Requena,Chaguaramitas,Chaparral,Oriente,238407,2026-07-01,2026-07,111.4,0,False
c7ef1944-fd1e-4241-8b17-ed65092b5108,Jose Dario Gallucci Requena,Chaguaramitas,Chaparral,Oriente,238407,2026-08-01,2026-08,0,54.83870967741935,True
70e131ba-d8f9-4ba0-9a6b-c0de3b159543,Jose Dario Gallucci Requena,Chaguaramitas,Chaparralito 1,Oriente,238407,2026-05-01,2026-05,44.6,0,False
70e131ba-d8f9-4ba0-9a6b-c0de3b159543,Jose Dario Gallucci Requena,Chaguaramitas,Chaparralito 1,Oriente,238407,2026-06-01,2026-06,193.6,0,False
70e131ba-d8f9-4ba0-9a6b-c0de3b159543,Jose Dario Gallucci Requena,Chaguaramitas,Chaparralito 1,Oriente,238407,2026-07-01,2026-07,111.4,0,False
70e131ba-d8f9-4ba0-9a6b-c0de3b159543,Jose Dario Gallucci Requena,Chaguaramitas,Chaparralito 1,Oriente,238407,2026-08-01,2026-08,0,0,False
db649d01-b26c-426c-949c-42778505618c,Jose Dario Gallucci Requena,Chaguaramitas,Chaparralito 2,Oriente,238407,2026-05-01,2026-05,44.6,0,False
db649d01-b26c-426c-949c-42778505618c,Jose Dario Gallucci Requena,Chaguaramitas,Chaparralito 2,Oriente,238407,2026-06-01,2026-06,193.6,0,False
db649d01-b26c-426c-949c-42778505618c,Jose Dario Gallucci Requena,Chaguaramitas,Chaparralito 2,Oriente,238407,2026-07-01,2026-07,111.4,0,False
db649d01-b26c-426c-949c-42778505618c,Jose Dario Gallucci Requena,Chaguaramitas,Chaparralito 2,Oriente,238407,2026-08-01,2026-08,0,0,False
d8629f36-aa18-4262-8b44-624c1b361f33,Jose Dario Gallucci Requena,Chaguaramitas,El Olivo 1,Oriente,238407,2026-05-01,2026-05,44.6,0,False
d8629f36-aa18-4262-8b44-624c1b361f33,Jose Dario Gallucci Requena,Chaguaramitas,El Olivo 1,Oriente,238407,2026-06-01,2026-06,193.6,0,False
d8629f36-aa18-4262-8b44-624c1b361f33,Jose Dario Gallucci Requena,Chaguaramitas,El Olivo 1,Oriente,238407,2026-07-01,2026-07,111.4,0,False
d8629f36-aa18-4262-8b44-624c1b361f33,Jose Dario Gallucci Requena,Chaguaramitas,El Olivo 1,Oriente,238407,2026-08-01,2026-08,0,64.51612903225806,True
9533c594-4333-4857-8060-48711fde7804,Jose Dario Gallucci Requena,Chaguaramitas,El Olivo 2,Oriente,238407,2026-05-01,2026-05,44.6,0,False
9533c594-4333-4857-8060-48711fde7804,Jose Dario Gallucci Requena,Chaguaramitas,El Olivo 2,Oriente,238407,2026-06-01,2026-06,193.6,0,False
9533c594-4333-4857-8060-48711fde7804,Jose Dario Gallucci Requena,Chaguaramitas,El Olivo 2,Oriente,238407,2026-07-01,2026-07,111.4,0,False
9533c594-4333-4857-8060-48711fde7804,Jose Dario Gallucci Requena,Chaguaramitas,El Olivo 2,Oriente,238407,2026-08-01,2026-08,0,0,False
4b0c8bea-4423-4c64-a18a-9d78860bc3be,Jose Dario Gallucci Requena,Chaguaramitas,El Trapiche,Oriente,238407,2026-05-01,2026-05,44.6,0,False
4b0c8bea-4423-4c64-a18a-9d78860bc3be,Jose Dario Gallucci Requena,Chaguaramitas,El Trapiche,Oriente,238407,2026-06-01,2026-06,193.6,0,False
4b0c8bea-4423-4c64-a18a-9d78860bc3be,Jose Dario Gallucci Requena,Chaguaramitas,El Trapiche,Oriente,238407,2026-07-01,2026-07,111.4,0,False
4b0c8bea-4423-4c64-a18a-9d78860bc3be,Jose Dario Gallucci Requena,Chaguaramitas,El Trapiche,Oriente,238407,2026-08-01,2026-08,0,77.41935483870968,True
3b128bd0-8987-4816-8213-88e62b0963e1,Jose Dario Gallucci Requena,Chaguaramitas,La Aguadita,Oriente,238407,2026-05-01,2026-05,44.6,0,False
3b128bd0-8987-4816-8213-88e62b0963e1,Jose Dario Gallucci Requena,Chaguaramitas,La Aguadita,Oriente,238407,2026-06-01,2026-06,193.6,0,False
3b128bd0-8987-4816-8213-88e62b0963e1,Jose Dario Gallucci Requena,Chaguaramitas,La Aguadita,Oriente,238407,2026-07-01,2026-07,111.4,0,False
3b128bd0-8987-4816-8213-88e62b0963e1,Jose Dario Gallucci Requena,Chaguaramitas,La Aguadita,Oriente,238407,2026-08-01,2026-08,0,25.806451612903224,True
474e4c6f-8da2-44c7-8e46-d8a66321907a,Jose Dario Gallucci Requena,Chaguaramitas,Loma de Piedra,Oriente,238407,2026-05-01,2026-05,44.6,0,False
474e4c6f-8da2-44c7-8e46-d8a66321907a,Jose Dario Gallucci Requena,Chaguaramitas,Loma de Piedra,Oriente,238407,2026-06-01,2026-06,193.6,0,False
474e4c6f-8da2-44c7-8e46-d8a66321907a,Jose Dario Gallucci Requena,Chaguaramitas,Loma de Piedra,Oriente,238407,2026-07-01,2026-07,111.4,0,False
474e4c6f-8da2-44c7-8e46-d8a66321907a,Jose Dario Gallucci Requena,Chaguaramitas,Loma de Piedra,Oriente,238407,2026-08-01,2026-08,0,0,False
d44de1dc-7867-4f9e-a1e7-788f92376293,Jose Dario Gallucci Requena,Chaguaramitas,Los Toros 1,Oriente,238407,2026-05-01,2026-05,44.6,0,False
d44de1dc-7867-4f9e-a1e7-788f92376293,Jose Dario Gallucci Requena,Chaguaramitas,Los Toros 1,Oriente,238407,2026-06-01,2026-06,193.6,0,False
d44de1dc-7867-4f9e-a1e7-788f92376293,Jose Dario Gallucci Requena,Chaguaramitas,Los Toros 1,Oriente,238407,2026-07-01,2026-07,111.4,0,False
d44de1dc-7867-4f9e-a1e7-788f92376293,Jose Dario Gallucci Requena,Chaguaramitas,Los Toros 1,Oriente,238407,2026-08-01,2026-08,0,0,False
db1ee136-0f1d-4ae8-b3e3-e1710c5f7ef4,Jose Dario Gallucci Requena,Chaguaramitas,Los Toros 2,Oriente,238407,2026-05-01,2026-05,44.6,0,False
db1ee136-0f1d-4ae8-b3e3-e1710c5f7ef4,Jose Dario Gallucci Requena,Chaguaramitas,Los Toros 2,Oriente,238407,2026-06-01,2026-06,193.6,0,False
db1ee136-0f1d-4ae8-b3e3-e1710c5f7ef4,Jose Dario Gallucci Requena,Chaguaramitas,Los Toros 2,Oriente,238407,2026-07-01,2026-07,111.4,0,False
db1ee136-0f1d-4ae8-b3e3-e1710c5f7ef4,Jose Dario Gallucci Requena,Chaguaramitas,Los Toros 2,Oriente,238407,2026-08-01,2026-08,0,22.580645161290324,True
31d09810-1abe-4f2e-8893-aeea6b7d205a,Jose Gregorio Balza Fajardo,Los Nivillos Mahomar,Casa Nueva,Oriente,213617,2025-05-01,2025-05,3.4,0,False
31d09810-1abe-4f2e-8893-aeea6b7d205a,Jose Gregorio Balza Fajardo,Los Nivillos Mahomar,Casa Nueva,Oriente,213617,2025-06-01,2025-06,196.8,0,False
31d09810-1abe-4f2e-8893-aeea6b7d205a,Jose Gregorio Balza Fajardo,Los Nivillos Mahomar,Casa Nueva,Oriente,213617,2025-07-01,2025-07,393,0,False
31d09810-1abe-4f2e-8893-aeea6b7d205a,Jose Gregorio Balza Fajardo,Los Nivillos Mahomar,Casa Nueva,Oriente,213617,2025-08-01,2025-08,54,0,False
31d09810-1abe-4f2e-8893-aeea6b7d205a,Jose Gregorio Balza Fajardo,Los Nivillos Mahomar,Casa Nueva,Oriente,213617,2025-09-01,2025-09,14,0,False
31d09810-1abe-4f2e-8893-aeea6b7d205a,Jose Gregorio Balza Fajardo,Los Nivillos Mahomar,Casa Nueva,Oriente,213617,2025-10-01,2025-10,41,0,False
31d09810-1abe-4f2e-8893-aeea6b7d205a,Jose Gregorio Balza Fajardo,Los Nivillos Mahomar,Casa Nueva,Oriente,213617,2025-11-01,2025-11,106.6,0,False
31d09810-1abe-4f2e-8893-aeea6b7d205a,Jose Gregorio Balza Fajardo,Los Nivillos Mahomar,Casa Nueva,Oriente,213617,2025-12-01,2025-12,60.6,0,False
31d09810-1abe-4f2e-8893-aeea6b7d205a,Jose Gregorio Balza Fajardo,Los Nivillos Mahomar,Casa Nueva,Oriente,213617,2026-01-01,2026-01,38.2,0,False
31d09810-1abe-4f2e-8893-aeea6b7d205a,Jose Gregorio Balza Fajardo,Los Nivillos Mahomar,Casa Nueva,Oriente,213617,2026-02-01,2026-02,0,0,False
31d09810-1abe-4f2e-8893-aeea6b7d205a,Jose Gregorio Balza Fajardo,Los Nivillos Mahomar,Casa Nueva,Oriente,213617,2026-03-01,2026-03,0,0,False
31d09810-1abe-4f2e-8893-aeea6b7d205a,Jose Gregorio Balza Fajardo,Los Nivillos Mahomar,Casa Nueva,Oriente,213617,2026-04-01,2026-04,2.2,0,False
31d09810-1abe-4f2e-8893-aeea6b7d205a,Jose Gregorio Balza Fajardo,Los Nivillos Mahomar,Casa Nueva,Oriente,213617,2026-05-01,2026-05,108.2,0,False
31d09810-1abe-4f2e-8893-aeea6b7d205a,Jose Gregorio Balza Fajardo,Los Nivillos Mahomar,Casa Nueva,Oriente,213617,2026-06-01,2026-06,164,0,False
31d09810-1abe-4f2e-8893-aeea6b7d205a,Jose Gregorio Balza Fajardo,Los Nivillos Mahomar,Casa Nueva,Oriente,213617,2026-07-01,2026-07,92.6,32.25806451612903,True
31d09810-1abe-4f2e-8893-aeea6b7d205a,Jose Gregorio Balza Fajardo,Los Nivillos Mahomar,Casa Nueva,Oriente,213617,2026-08-01,2026-08,0,67.74193548387096,True
52e348b0-4918-4158-a5d7-3472e0b0854d,Jose Gregorio Balza Fajardo,Los Nivillos Mahomar,L01 LOTE CIRUELA ABAJO,Oriente,213617,2025-05-01,2025-05,3.4,0,False
52e348b0-4918-4158-a5d7-3472e0b0854d,Jose Gregorio Balza Fajardo,Los Nivillos Mahomar,L01 LOTE CIRUELA ABAJO,Oriente,213617,2025-06-01,2025-06,196.8,0,False
52e348b0-4918-4158-a5d7-3472e0b0854d,Jose Gregorio Balza Fajardo,Los Nivillos Mahomar,L01 LOTE CIRUELA ABAJO,Oriente,213617,2025-07-01,2025-07,393,0,False
52e348b0-4918-4158-a5d7-3472e0b0854d,Jose Gregorio Balza Fajardo,Los Nivillos Mahomar,L01 LOTE CIRUELA ABAJO,Oriente,213617,2025-08-01,2025-08,54,0,False
52e348b0-4918-4158-a5d7-3472e0b0854d,Jose Gregorio Balza Fajardo,Los Nivillos Mahomar,L01 LOTE CIRUELA ABAJO,Oriente,213617,2025-09-01,2025-09,14,0,False
52e348b0-4918-4158-a5d7-3472e0b0854d,Jose Gregorio Balza Fajardo,Los Nivillos Mahomar,L01 LOTE CIRUELA ABAJO,Oriente,213617,2025-10-01,2025-10,41,0,False
52e348b0-4918-4158-a5d7-3472e0b0854d,Jose Gregorio Balza Fajardo,Los Nivillos Mahomar,L01 LOTE CIRUELA ABAJO,Oriente,213617,2025-11-01,2025-11,106.6,0,False
52e348b0-4918-4158-a5d7-3472e0b0854d,Jose Gregorio Balza Fajardo,Los Nivillos Mahomar,L01 LOTE CIRUELA ABAJO,Oriente,213617,2025-12-01,2025-12,60.6,0,False
52e348b0-4918-4158-a5d7-3472e0b0854d,Jose Gregorio Balza Fajardo,Los Nivillos Mahomar,L01 LOTE CIRUELA ABAJO,Oriente,213617,2026-01-01,2026-01,38.2,0,False
52e348b0-4918-4158-a5d7-3472e0b0854d,Jose Gregorio Balza Fajardo,Los Nivillos Mahomar,L01 LOTE CIRUELA ABAJO,Oriente,213617,2026-02-01,2026-02,0,0,False
52e348b0-4918-4158-a5d7-3472e0b0854d,Jose Gregorio Balza Fajardo,Los Nivillos Mahomar,L01 LOTE CIRUELA ABAJO,Oriente,213617,2026-03-01,2026-03,0,0,False
52e348b0-4918-4158-a5d7-3472e0b0854d,Jose Gregorio Balza Fajardo,Los Nivillos Mahomar,L01 LOTE CIRUELA ABAJO,Oriente,213617,2026-04-01,2026-04,2.2,0,False
52e348b0-4918-4158-a5d7-3472e0b0854d,Jose Gregorio Balza Fajardo,Los Nivillos Mahomar,L01 LOTE CIRUELA ABAJO,Oriente,213617,2026-05-01,2026-05,108.2,0,False
52e348b0-4918-4158-a5d7-3472e0b0854d,Jose Gregorio Balza Fajardo,Los Nivillos Mahomar,L01 LOTE CIRUELA ABAJO,Oriente,213617,2026-06-01,2026-06,164,0,False
52e348b0-4918-4158-a5d7-3472e0b0854d,Jose Gregorio Balza Fajardo,Los Nivillos Mahomar,L01 LOTE CIRUELA ABAJO,Oriente,213617,2026-07-01,2026-07,92.6,25.806451612903224,True
52e348b0-4918-4158-a5d7-3472e0b0854d,Jose Gregorio Balza Fajardo,Los Nivillos Mahomar,L01 LOTE CIRUELA ABAJO,Oriente,213617,2026-08-01,2026-08,0,74.19354838709677,True
6c7f9251-0153-4ab2-9c81-5077ced0d92e,Jose Gregorio Balza Fajardo,Los Nivillos Mahomar,L02 LOTE CIRUELA ARRIBA,Oriente,213617,2025-05-01,2025-05,3.4,0,False
6c7f9251-0153-4ab2-9c81-5077ced0d92e,Jose Gregorio Balza Fajardo,Los Nivillos Mahomar,L02 LOTE CIRUELA ARRIBA,Oriente,213617,2025-06-01,2025-06,196.8,0,False
6c7f9251-0153-4ab2-9c81-5077ced0d92e,Jose Gregorio Balza Fajardo,Los Nivillos Mahomar,L02 LOTE CIRUELA ARRIBA,Oriente,213617,2025-07-01,2025-07,393,0,False
6c7f9251-0153-4ab2-9c81-5077ced0d92e,Jose Gregorio Balza Fajardo,Los Nivillos Mahomar,L02 LOTE CIRUELA ARRIBA,Oriente,213617,2025-08-01,2025-08,54,0,False
6c7f9251-0153-4ab2-9c81-5077ced0d92e,Jose Gregorio Balza Fajardo,Los Nivillos Mahomar,L02 LOTE CIRUELA ARRIBA,Oriente,213617,2025-09-01,2025-09,14,0,False
6c7f9251-0153-4ab2-9c81-5077ced0d92e,Jose Gregorio Balza Fajardo,Los Nivillos Mahomar,L02 LOTE CIRUELA ARRIBA,Oriente,213617,2025-10-01,2025-10,41,0,False
6c7f9251-0153-4ab2-9c81-5077ced0d92e,Jose Gregorio Balza Fajardo,Los Nivillos Mahomar,L02 LOTE CIRUELA ARRIBA,Oriente,213617,2025-11-01,2025-11,106.6,0,False
6c7f9251-0153-4ab2-9c81-5077ced0d92e,Jose Gregorio Balza Fajardo,Los Nivillos Mahomar,L02 LOTE CIRUELA ARRIBA,Oriente,213617,2025-12-01,2025-12,60.6,0,False
6c7f9251-0153-4ab2-9c81-5077ced0d92e,Jose Gregorio Balza Fajardo,Los Nivillos Mahomar,L02 LOTE CIRUELA ARRIBA,Oriente,213617,2026-01-01,2026-01,38.2,0,False
6c7f9251-0153-4ab2-9c81-5077ced0d92e,Jose Gregorio Balza Fajardo,Los Nivillos Mahomar,L02 LOTE CIRUELA ARRIBA,Oriente,213617,2026-02-01,2026-02,0,0,False
6c7f9251-0153-4ab2-9c81-5077ced0d92e,Jose Gregorio Balza Fajardo,Los Nivillos Mahomar,L02 LOTE CIRUELA ARRIBA,Oriente,213617,2026-03-01,2026-03,0,0,False
6c7f9251-0153-4ab2-9c81-5077ced0d92e,Jose Gregorio Balza Fajardo,Los Nivillos Mahomar,L02 LOTE CIRUELA ARRIBA,Oriente,213617,2026-04-01,2026-04,2.2,0,False
6c7f9251-0153-4ab2-9c81-5077ced0d92e,Jose Gregorio Balza Fajardo,Los Nivillos Mahomar,L02 LOTE CIRUELA ARRIBA,Oriente,213617,2026-05-01,2026-05,108.2,0,False
6c7f9251-0153-4ab2-9c81-5077ced0d92e,Jose Gregorio Balza Fajardo,Los Nivillos Mahomar,L02 LOTE CIRUELA ARRIBA,Oriente,213617,2026-06-01,2026-06,164,0,False
6c7f9251-0153-4ab2-9c81-5077ced0d92e,Jose Gregorio Balza Fajardo,Los Nivillos Mahomar,L02 LOTE CIRUELA ARRIBA,Oriente,213617,2026-07-01,2026-07,92.6,29.032258064516128,True
6c7f9251-0153-4ab2-9c81-5077ced0d92e,Jose Gregorio Balza Fajardo,Los Nivillos Mahomar,L02 LOTE CIRUELA ARRIBA,Oriente,213617,2026-08-01,2026-08,0,70.96774193548387,True
332a5b09-6066-4793-b8e7-cbfa23857372,Jose Gregorio Sanchez Mendoza,La vaquera,Betsi,Occidente,235597,2026-04-01,2026-04,11.6,0,False
332a5b09-6066-4793-b8e7-cbfa23857372,Jose Gregorio Sanchez Mendoza,La vaquera,Betsi,Occidente,235597,2026-05-01,2026-05,135.4,0,False
332a5b09-6066-4793-b8e7-cbfa23857372,Jose Gregorio Sanchez Mendoza,La vaquera,Betsi,Occidente,235597,2026-06-01,2026-06,125,0,False
332a5b09-6066-4793-b8e7-cbfa23857372,Jose Gregorio Sanchez Mendoza,La vaquera,Betsi,Occidente,235597,2026-07-01,2026-07,171,0,False
332a5b09-6066-4793-b8e7-cbfa23857372,Jose Gregorio Sanchez Mendoza,La vaquera,Betsi,Occidente,235597,2026-08-01,2026-08,0,77.41935483870968,True
8dd3e28d-2029-463e-8b79-8620b90e4ba9,Jose Gregorio Sanchez Mendoza,La vaquera,Caro caro 1,Occidente,235597,2026-04-01,2026-04,11.6,0,False
8dd3e28d-2029-463e-8b79-8620b90e4ba9,Jose Gregorio Sanchez Mendoza,La vaquera,Caro caro 1,Occidente,235597,2026-05-01,2026-05,135.4,0,False
8dd3e28d-2029-463e-8b79-8620b90e4ba9,Jose Gregorio Sanchez Mendoza,La vaquera,Caro caro 1,Occidente,235597,2026-06-01,2026-06,125,0,False
8dd3e28d-2029-463e-8b79-8620b90e4ba9,Jose Gregorio Sanchez Mendoza,La vaquera,Caro caro 1,Occidente,235597,2026-07-01,2026-07,171,0,False
8dd3e28d-2029-463e-8b79-8620b90e4ba9,Jose Gregorio Sanchez Mendoza,La vaquera,Caro caro 1,Occidente,235597,2026-08-01,2026-08,0,96.7741935483871,True
60a98156-36f8-4ff5-b423-c486a6febc05,Jose Gregorio Sanchez Mendoza,La vaquera,Grande,Occidente,235597,2026-04-01,2026-04,11.6,0,False
60a98156-36f8-4ff5-b423-c486a6febc05,Jose Gregorio Sanchez Mendoza,La vaquera,Grande,Occidente,235597,2026-05-01,2026-05,135.4,0,False
60a98156-36f8-4ff5-b423-c486a6febc05,Jose Gregorio Sanchez Mendoza,La vaquera,Grande,Occidente,235597,2026-06-01,2026-06,125,0,False
60a98156-36f8-4ff5-b423-c486a6febc05,Jose Gregorio Sanchez Mendoza,La vaquera,Grande,Occidente,235597,2026-07-01,2026-07,171,0,False
60a98156-36f8-4ff5-b423-c486a6febc05,Jose Gregorio Sanchez Mendoza,La vaquera,Grande,Occidente,235597,2026-08-01,2026-08,0,45.16129032258065,True
b9e2e7ea-6831-46ad-801b-9c8960afc0dd,Jose Gregorio Sanchez Mendoza,La vaquera,La Entrada,Occidente,235597,2026-04-01,2026-04,11.6,0,False
b9e2e7ea-6831-46ad-801b-9c8960afc0dd,Jose Gregorio Sanchez Mendoza,La vaquera,La Entrada,Occidente,235597,2026-05-01,2026-05,135.4,0,False
b9e2e7ea-6831-46ad-801b-9c8960afc0dd,Jose Gregorio Sanchez Mendoza,La vaquera,La Entrada,Occidente,235597,2026-06-01,2026-06,125,0,False
b9e2e7ea-6831-46ad-801b-9c8960afc0dd,Jose Gregorio Sanchez Mendoza,La vaquera,La Entrada,Occidente,235597,2026-07-01,2026-07,171,0,False
b9e2e7ea-6831-46ad-801b-9c8960afc0dd,Jose Gregorio Sanchez Mendoza,La vaquera,La Entrada,Occidente,235597,2026-08-01,2026-08,0,35.483870967741936,True
39434e2e-460f-4a9a-bde7-5fc68435994a,Jose Gregorio Sanchez Mendoza,La vaquera,Las 3 ha,Occidente,235597,2026-04-01,2026-04,11.6,0,False
39434e2e-460f-4a9a-bde7-5fc68435994a,Jose Gregorio Sanchez Mendoza,La vaquera,Las 3 ha,Occidente,235597,2026-05-01,2026-05,135.4,0,False
39434e2e-460f-4a9a-bde7-5fc68435994a,Jose Gregorio Sanchez Mendoza,La vaquera,Las 3 ha,Occidente,235597,2026-06-01,2026-06,125,0,False
39434e2e-460f-4a9a-bde7-5fc68435994a,Jose Gregorio Sanchez Mendoza,La vaquera,Las 3 ha,Occidente,235597,2026-07-01,2026-07,171,0,False
39434e2e-460f-4a9a-bde7-5fc68435994a,Jose Gregorio Sanchez Mendoza,La vaquera,Las 3 ha,Occidente,235597,2026-08-01,2026-08,0,32.25806451612903,True
d214f04d-8808-4eda-9f30-acbf4fcb274f,Jose Gregorio Sanchez Mendoza,La vaquera,Las Torres,Occidente,235597,2026-04-01,2026-04,11.6,0,False
d214f04d-8808-4eda-9f30-acbf4fcb274f,Jose Gregorio Sanchez Mendoza,La vaquera,Las Torres,Occidente,235597,2026-05-01,2026-05,135.4,0,False
d214f04d-8808-4eda-9f30-acbf4fcb274f,Jose Gregorio Sanchez Mendoza,La vaquera,Las Torres,Occidente,235597,2026-06-01,2026-06,125,0,False
d214f04d-8808-4eda-9f30-acbf4fcb274f,Jose Gregorio Sanchez Mendoza,La vaquera,Las Torres,Occidente,235597,2026-07-01,2026-07,171,3.225806451612903,True
d214f04d-8808-4eda-9f30-acbf4fcb274f,Jose Gregorio Sanchez Mendoza,La vaquera,Las Torres,Occidente,235597,2026-08-01,2026-08,0,96.7741935483871,True
9dcf22c2-05bc-4245-8208-debe4a2d6105,Jose Gregorio Sanchez Mendoza,La vaquera,Los Aguacates,Occidente,235597,2026-04-01,2026-04,11.6,0,False
9dcf22c2-05bc-4245-8208-debe4a2d6105,Jose Gregorio Sanchez Mendoza,La vaquera,Los Aguacates,Occidente,235597,2026-05-01,2026-05,135.4,0,False
9dcf22c2-05bc-4245-8208-debe4a2d6105,Jose Gregorio Sanchez Mendoza,La vaquera,Los Aguacates,Occidente,235597,2026-06-01,2026-06,125,0,False
9dcf22c2-05bc-4245-8208-debe4a2d6105,Jose Gregorio Sanchez Mendoza,La vaquera,Los Aguacates,Occidente,235597,2026-07-01,2026-07,171,0,False
9dcf22c2-05bc-4245-8208-debe4a2d6105,Jose Gregorio Sanchez Mendoza,La vaquera,Los Aguacates,Occidente,235597,2026-08-01,2026-08,0,80.64516129032258,True
58930a46-28d1-4153-a425-5041d3e0694d,Jose Gregorio Sanchez Mendoza,La vaquera,Lote 1,Occidente,235597,2026-04-01,2026-04,11.6,0,False
58930a46-28d1-4153-a425-5041d3e0694d,Jose Gregorio Sanchez Mendoza,La vaquera,Lote 1,Occidente,235597,2026-05-01,2026-05,135.4,0,False
58930a46-28d1-4153-a425-5041d3e0694d,Jose Gregorio Sanchez Mendoza,La vaquera,Lote 1,Occidente,235597,2026-06-01,2026-06,125,0,False
58930a46-28d1-4153-a425-5041d3e0694d,Jose Gregorio Sanchez Mendoza,La vaquera,Lote 1,Occidente,235597,2026-07-01,2026-07,171,0,False
58930a46-28d1-4153-a425-5041d3e0694d,Jose Gregorio Sanchez Mendoza,La vaquera,Lote 1,Occidente,235597,2026-08-01,2026-08,0,51.61290322580645,True
40497e37-11a5-40c2-bd1f-00ad544d6607,Jose Gregorio Sanchez Mendoza,La vaquera,Lucas,Occidente,235597,2026-04-01,2026-04,11.6,0,False
40497e37-11a5-40c2-bd1f-00ad544d6607,Jose Gregorio Sanchez Mendoza,La vaquera,Lucas,Occidente,235597,2026-05-01,2026-05,135.4,0,False
40497e37-11a5-40c2-bd1f-00ad544d6607,Jose Gregorio Sanchez Mendoza,La vaquera,Lucas,Occidente,235597,2026-06-01,2026-06,125,0,False
40497e37-11a5-40c2-bd1f-00ad544d6607,Jose Gregorio Sanchez Mendoza,La vaquera,Lucas,Occidente,235597,2026-07-01,2026-07,171,0,False
40497e37-11a5-40c2-bd1f-00ad544d6607,Jose Gregorio Sanchez Mendoza,La vaquera,Lucas,Occidente,235597,2026-08-01,2026-08,0,83.87096774193549,True
9c3b9f56-6143-4420-a685-fbee350cc01f,Jose Gregorio Sanchez Mendoza,La vaquera,Neco,Occidente,235597,2026-04-01,2026-04,11.6,0,False
9c3b9f56-6143-4420-a685-fbee350cc01f,Jose Gregorio Sanchez Mendoza,La vaquera,Neco,Occidente,235597,2026-05-01,2026-05,135.4,0,False
9c3b9f56-6143-4420-a685-fbee350cc01f,Jose Gregorio Sanchez Mendoza,La vaquera,Neco,Occidente,235597,2026-06-01,2026-06,125,0,False
9c3b9f56-6143-4420-a685-fbee350cc01f,Jose Gregorio Sanchez Mendoza,La vaquera,Neco,Occidente,235597,2026-07-01,2026-07,171,0,False
9c3b9f56-6143-4420-a685-fbee350cc01f,Jose Gregorio Sanchez Mendoza,La vaquera,Neco,Occidente,235597,2026-08-01,2026-08,0,64.51612903225806,True
a1e2db0a-7600-488e-8dc1-856cff5cb84d,Jose Gregorio Sanchez Mendoza,La vaquera,Willi,Occidente,235597,2026-04-01,2026-04,11.6,0,False
a1e2db0a-7600-488e-8dc1-856cff5cb84d,Jose Gregorio Sanchez Mendoza,La vaquera,Willi,Occidente,235597,2026-05-01,2026-05,135.4,0,False
a1e2db0a-7600-488e-8dc1-856cff5cb84d,Jose Gregorio Sanchez Mendoza,La vaquera,Willi,Occidente,235597,2026-06-01,2026-06,125,0,False
a1e2db0a-7600-488e-8dc1-856cff5cb84d,Jose Gregorio Sanchez Mendoza,La vaquera,Willi,Occidente,235597,2026-07-01,2026-07,171,0,False
a1e2db0a-7600-488e-8dc1-856cff5cb84d,Jose Gregorio Sanchez Mendoza,La vaquera,Willi,Occidente,235597,2026-08-01,2026-08,0,64.51612903225806,True
227fc949-f570-4301-9b0e-f976857c35a4,Jose Rolando Caldera Arvelaiz,San Pedro,La Unión,Oriente,238339,2026-05-01,2026-05,23.2,0,False
227fc949-f570-4301-9b0e-f976857c35a4,Jose Rolando Caldera Arvelaiz,San Pedro,La Unión,Oriente,238339,2026-06-01,2026-06,131.4,0,False
227fc949-f570-4301-9b0e-f976857c35a4,Jose Rolando Caldera Arvelaiz,San Pedro,La Unión,Oriente,238339,2026-07-01,2026-07,171.4,6.451612903225807,True
227fc949-f570-4301-9b0e-f976857c35a4,Jose Rolando Caldera Arvelaiz,San Pedro,La Unión,Oriente,238339,2026-08-01,2026-08,0,93.54838709677419,True
2ee2d7da-5f06-483e-bf03-77350defcfd0,Jose Rolando Caldera Arvelaiz,San Pedro,Laguna Grande,Oriente,238339,2026-05-01,2026-05,23.2,0,False
2ee2d7da-5f06-483e-bf03-77350defcfd0,Jose Rolando Caldera Arvelaiz,San Pedro,Laguna Grande,Oriente,238339,2026-06-01,2026-06,131.4,0,False
2ee2d7da-5f06-483e-bf03-77350defcfd0,Jose Rolando Caldera Arvelaiz,San Pedro,Laguna Grande,Oriente,238339,2026-07-01,2026-07,171.4,0,False
2ee2d7da-5f06-483e-bf03-77350defcfd0,Jose Rolando Caldera Arvelaiz,San Pedro,Laguna Grande,Oriente,238339,2026-08-01,2026-08,0,64.51612903225806,True
3038661b-9d83-428f-9775-7df45290ef9d,Jose Rolando Caldera Arvelaiz,San Pedro,Los Muertos,Oriente,238339,2026-05-01,2026-05,23.2,0,False
3038661b-9d83-428f-9775-7df45290ef9d,Jose Rolando Caldera Arvelaiz,San Pedro,Los Muertos,Oriente,238339,2026-06-01,2026-06,131.4,0,False
3038661b-9d83-428f-9775-7df45290ef9d,Jose Rolando Caldera Arvelaiz,San Pedro,Los Muertos,Oriente,238339,2026-07-01,2026-07,171.4,29.032258064516128,True
3038661b-9d83-428f-9775-7df45290ef9d,Jose Rolando Caldera Arvelaiz,San Pedro,Los Muertos,Oriente,238339,2026-08-01,2026-08,0,70.96774193548387,True
31034093-3088-41a9-9948-bbb427097e9e,Jose Rolando Caldera Arvelaiz,San Pedro,Portón Azul,Oriente,238339,2026-05-01,2026-05,23.2,0,False
31034093-3088-41a9-9948-bbb427097e9e,Jose Rolando Caldera Arvelaiz,San Pedro,Portón Azul,Oriente,238339,2026-06-01,2026-06,131.4,0,False
31034093-3088-41a9-9948-bbb427097e9e,Jose Rolando Caldera Arvelaiz,San Pedro,Portón Azul,Oriente,238339,2026-07-01,2026-07,171.4,3.225806451612903,True
31034093-3088-41a9-9948-bbb427097e9e,Jose Rolando Caldera Arvelaiz,San Pedro,Portón Azul,Oriente,238339,2026-08-01,2026-08,0,96.7741935483871,True
4a9d0b47-8b81-4bac-bfee-5fca325aac50,Jose Rolando Caldera Rondon,La Graciosa,El Porvenir,Oriente,238350,2026-05-01,2026-05,31.4,0,False
4a9d0b47-8b81-4bac-bfee-5fca325aac50,Jose Rolando Caldera Rondon,La Graciosa,El Porvenir,Oriente,238350,2026-06-01,2026-06,59.6,0,False
4a9d0b47-8b81-4bac-bfee-5fca325aac50,Jose Rolando Caldera Rondon,La Graciosa,El Porvenir,Oriente,238350,2026-07-01,2026-07,0,0,False
4a9d0b47-8b81-4bac-bfee-5fca325aac50,Jose Rolando Caldera Rondon,La Graciosa,El Porvenir,Oriente,238350,2026-08-01,2026-08,0,93.54838709677419,True
20157979-7a4b-48d9-a7c6-f4a75e602c7f,Jose Rolando Caldera Rondon,La Graciosa,La Palmita 1,Oriente,238350,2026-05-01,2026-05,31.4,0,False
20157979-7a4b-48d9-a7c6-f4a75e602c7f,Jose Rolando Caldera Rondon,La Graciosa,La Palmita 1,Oriente,238350,2026-06-01,2026-06,59.6,0,False
20157979-7a4b-48d9-a7c6-f4a75e602c7f,Jose Rolando Caldera Rondon,La Graciosa,La Palmita 1,Oriente,238350,2026-07-01,2026-07,0,29.032258064516128,True
20157979-7a4b-48d9-a7c6-f4a75e602c7f,Jose Rolando Caldera Rondon,La Graciosa,La Palmita 1,Oriente,238350,2026-08-01,2026-08,0,70.96774193548387,True
b140e14c-43ec-43f2-b852-fd22dcff80e9,Jose Rolando Caldera Rondon,La Graciosa,La Palmita 2,Oriente,238350,2026-05-01,2026-05,31.4,0,False
b140e14c-43ec-43f2-b852-fd22dcff80e9,Jose Rolando Caldera Rondon,La Graciosa,La Palmita 2,Oriente,238350,2026-06-01,2026-06,59.6,0,False
b140e14c-43ec-43f2-b852-fd22dcff80e9,Jose Rolando Caldera Rondon,La Graciosa,La Palmita 2,Oriente,238350,2026-07-01,2026-07,0,25.806451612903224,True
b140e14c-43ec-43f2-b852-fd22dcff80e9,Jose Rolando Caldera Rondon,La Graciosa,La Palmita 2,Oriente,238350,2026-08-01,2026-08,0,74.19354838709677,True
32201316-debd-4eaf-a3d6-98444a4900e2,Jose Rolando Caldera Rondon,La Graciosa,Los Morochos,Oriente,238350,2026-05-01,2026-05,31.4,0,False
32201316-debd-4eaf-a3d6-98444a4900e2,Jose Rolando Caldera Rondon,La Graciosa,Los Morochos,Oriente,238350,2026-06-01,2026-06,59.6,0,False
32201316-debd-4eaf-a3d6-98444a4900e2,Jose Rolando Caldera Rondon,La Graciosa,Los Morochos,Oriente,238350,2026-07-01,2026-07,0,9.67741935483871,True
32201316-debd-4eaf-a3d6-98444a4900e2,Jose Rolando Caldera Rondon,La Graciosa,Los Morochos,Oriente,238350,2026-08-01,2026-08,0,90.3225806451613,True
be11b6b9-01c3-410c-95e0-9d11df353efc,Jose Rolando Caldera Rondon,La Graciosa,Magallanes,Oriente,238350,2026-05-01,2026-05,31.4,0,False
be11b6b9-01c3-410c-95e0-9d11df353efc,Jose Rolando Caldera Rondon,La Graciosa,Magallanes,Oriente,238350,2026-06-01,2026-06,59.6,0,False
be11b6b9-01c3-410c-95e0-9d11df353efc,Jose Rolando Caldera Rondon,La Graciosa,Magallanes,Oriente,238350,2026-07-01,2026-07,0,0,False
be11b6b9-01c3-410c-95e0-9d11df353efc,Jose Rolando Caldera Rondon,La Graciosa,Magallanes,Oriente,238350,2026-08-01,2026-08,0,74.19354838709677,True
f3b99946-6983-471f-8b45-3023527b6a0d,Juan Hernández Díaz,Agropecuaria Vilereña,El Carito 1-1,Oriente,241484,2026-07-01,2026-07,87.54,0,False
f3b99946-6983-471f-8b45-3023527b6a0d,Juan Hernández Díaz,Agropecuaria Vilereña,El Carito 1-1,Oriente,241484,2026-08-01,2026-08,0,41.935483870967744,True
f8511ddb-70d0-4214-ab6e-d6b9f20fb6fd,Juan Hernández Díaz,Agropecuaria Vilereña,El Carito 1-2,Oriente,241484,2026-07-01,2026-07,87.54,0,False
f8511ddb-70d0-4214-ab6e-d6b9f20fb6fd,Juan Hernández Díaz,Agropecuaria Vilereña,El Carito 1-2,Oriente,241484,2026-08-01,2026-08,0,35.483870967741936,True
891b1c8f-11e3-4464-8868-364a5737a2b0,Juan Hernández Díaz,Agropecuaria Vilereña,Eleodoro,Oriente,241484,2026-07-01,2026-07,87.54,0,False
891b1c8f-11e3-4464-8868-364a5737a2b0,Juan Hernández Díaz,Agropecuaria Vilereña,Eleodoro,Oriente,241484,2026-08-01,2026-08,0,45.16129032258065,True
ce77e86a-30f2-4959-a867-6df03e3bedf0,Juan Hernández Díaz,Agropecuaria Vilereña,La Casa 1-1,Oriente,241484,2026-07-01,2026-07,87.54,0,False
ce77e86a-30f2-4959-a867-6df03e3bedf0,Juan Hernández Díaz,Agropecuaria Vilereña,La Casa 1-1,Oriente,241484,2026-08-01,2026-08,0,77.41935483870968,True
fb269fe9-fa8b-4447-b852-21bf1eb8bcb3,Juan Hernández Díaz,Agropecuaria Vilereña,La Zorra 1,Oriente,241484,2026-07-01,2026-07,87.54,0,False
fb269fe9-fa8b-4447-b852-21bf1eb8bcb3,Juan Hernández Díaz,Agropecuaria Vilereña,La Zorra 1,Oriente,241484,2026-08-01,2026-08,0,93.54838709677419,True
4d621ff4-0fa4-4100-8047-941f2dea0c65,Juan Hernández Díaz,Agropecuaria Vilereña,La Zorra 2,Oriente,241484,2026-07-01,2026-07,87.54,0,False
4d621ff4-0fa4-4100-8047-941f2dea0c65,Juan Hernández Díaz,Agropecuaria Vilereña,La Zorra 2,Oriente,241484,2026-08-01,2026-08,0,64.51612903225806,True
2d2adff8-329a-4b41-b8fd-cde821b1932c,Juan Hernández Díaz,Agropecuaria Vilereña,Pegado a Pepe 1,Oriente,241484,2026-07-01,2026-07,87.54,0,False
2d2adff8-329a-4b41-b8fd-cde821b1932c,Juan Hernández Díaz,Agropecuaria Vilereña,Pegado a Pepe 1,Oriente,241484,2026-08-01,2026-08,0,54.83870967741935,True
d86526dd-2c27-4746-8730-30138f6ec098,Juan Hernández Díaz,Agropecuaria Vilereña,Pegado a Pepe 2,Oriente,241484,2026-07-01,2026-07,87.54,0,False
d86526dd-2c27-4746-8730-30138f6ec098,Juan Hernández Díaz,Agropecuaria Vilereña,Pegado a Pepe 2,Oriente,241484,2026-08-01,2026-08,0,80.64516129032258,True
062cc7bc-40eb-4812-87fb-56c3858112db,Juan Hernández Díaz,Agropecuaria Vilereña,Tomate 1,Oriente,241484,2026-07-01,2026-07,87.54,0,False
062cc7bc-40eb-4812-87fb-56c3858112db,Juan Hernández Díaz,Agropecuaria Vilereña,Tomate 1,Oriente,241484,2026-08-01,2026-08,0,29.032258064516128,True
4c2f9936-95f4-41cd-8339-ed6a912af863,Juan Hernández Díaz,Agropecuaria Vilereña,Tomate 2-1,Oriente,241484,2026-07-01,2026-07,87.54,0,False
4c2f9936-95f4-41cd-8339-ed6a912af863,Juan Hernández Díaz,Agropecuaria Vilereña,Tomate 2-1,Oriente,241484,2026-08-01,2026-08,0,22.580645161290324,True
2fd15d4e-d73a-45d7-8e71-9da3a1ad6526,Juan Hernández Díaz,Agropecuaria Vilereña,Tomate 2-2,Oriente,241484,2026-07-01,2026-07,87.54,0,False
2fd15d4e-d73a-45d7-8e71-9da3a1ad6526,Juan Hernández Díaz,Agropecuaria Vilereña,Tomate 2-2,Oriente,241484,2026-08-01,2026-08,0,22.580645161290324,True
093717a1-7bbb-44c7-a9e2-4e6f49b96f2d,Juan Hernández Díaz,Agropecuaria Vilereña,Trinchera de Corcovado A,Oriente,241484,2026-07-01,2026-07,87.54,0,False
093717a1-7bbb-44c7-a9e2-4e6f49b96f2d,Juan Hernández Díaz,Agropecuaria Vilereña,Trinchera de Corcovado A,Oriente,241484,2026-08-01,2026-08,0,32.25806451612903,True
a70cd7aa-b6eb-4f66-bbc9-6a21312eccd4,Juan Hernández Díaz,Agropecuaria Vilereña,Trinchera de Corcovado B,Oriente,241484,2026-07-01,2026-07,87.54,0,False
a70cd7aa-b6eb-4f66-bbc9-6a21312eccd4,Juan Hernández Díaz,Agropecuaria Vilereña,Trinchera de Corcovado B,Oriente,241484,2026-08-01,2026-08,0,32.25806451612903,True
c488c8ed-8752-4db3-aa7d-1c69aee40646,Juan Hernández Díaz,Agropecuaria Vilereña,Trinchera de Llano Adentro,Oriente,241484,2026-07-01,2026-07,87.54,0,False
c488c8ed-8752-4db3-aa7d-1c69aee40646,Juan Hernández Díaz,Agropecuaria Vilereña,Trinchera de Llano Adentro,Oriente,241484,2026-08-01,2026-08,0,41.935483870967744,True
0f3e9126-a65d-414f-a4c4-64a768721216,Julio Antonio Colmenarez Mendoza,Finca La Campesina,El Guasimo,Occidente,235263,2026-05-01,2026-05,127,0,False
0f3e9126-a65d-414f-a4c4-64a768721216,Julio Antonio Colmenarez Mendoza,Finca La Campesina,El Guasimo,Occidente,235263,2026-06-01,2026-06,339.4,0,False
0f3e9126-a65d-414f-a4c4-64a768721216,Julio Antonio Colmenarez Mendoza,Finca La Campesina,El Guasimo,Occidente,235263,2026-07-01,2026-07,287.8,96.7741935483871,True
0f3e9126-a65d-414f-a4c4-64a768721216,Julio Antonio Colmenarez Mendoza,Finca La Campesina,El Guasimo,Occidente,235263,2026-08-01,2026-08,0,3.225806451612903,True
0e41533b-87d2-4276-b2dc-cb6d443bdf0b,Julio Antonio Colmenarez Mendoza,Finca La Campesina,El Tanque,Occidente,235263,2026-05-01,2026-05,127,0,False
0e41533b-87d2-4276-b2dc-cb6d443bdf0b,Julio Antonio Colmenarez Mendoza,Finca La Campesina,El Tanque,Occidente,235263,2026-06-01,2026-06,339.4,0,False
0e41533b-87d2-4276-b2dc-cb6d443bdf0b,Julio Antonio Colmenarez Mendoza,Finca La Campesina,El Tanque,Occidente,235263,2026-07-01,2026-07,287.8,100,True
0e41533b-87d2-4276-b2dc-cb6d443bdf0b,Julio Antonio Colmenarez Mendoza,Finca La Campesina,El Tanque,Occidente,235263,2026-08-01,2026-08,0,0,False
68de25e0-970c-4e7b-a320-a698b4f6d605,Julio Antonio Colmenarez Mendoza,Finca La Campesina,La Ceiba,Occidente,235263,2026-05-01,2026-05,127,0,False
68de25e0-970c-4e7b-a320-a698b4f6d605,Julio Antonio Colmenarez Mendoza,Finca La Campesina,La Ceiba,Occidente,235263,2026-06-01,2026-06,339.4,0,False
68de25e0-970c-4e7b-a320-a698b4f6d605,Julio Antonio Colmenarez Mendoza,Finca La Campesina,La Ceiba,Occidente,235263,2026-07-01,2026-07,287.8,100,True
68de25e0-970c-4e7b-a320-a698b4f6d605,Julio Antonio Colmenarez Mendoza,Finca La Campesina,La Ceiba,Occidente,235263,2026-08-01,2026-08,0,0,False
dcfd1499-20dd-4342-8a05-e49be9ccc997,Julio Antonio Colmenarez Mendoza,Finca La Campesina,La Mariera,Occidente,235263,2026-05-01,2026-05,127,0,False
dcfd1499-20dd-4342-8a05-e49be9ccc997,Julio Antonio Colmenarez Mendoza,Finca La Campesina,La Mariera,Occidente,235263,2026-06-01,2026-06,339.4,3.3333333333333335,True
dcfd1499-20dd-4342-8a05-e49be9ccc997,Julio Antonio Colmenarez Mendoza,Finca La Campesina,La Mariera,Occidente,235263,2026-07-01,2026-07,287.8,96.7741935483871,True
dcfd1499-20dd-4342-8a05-e49be9ccc997,Julio Antonio Colmenarez Mendoza,Finca La Campesina,La Mariera,Occidente,235263,2026-08-01,2026-08,0,0,False
bd732e00-9929-4122-bda9-d9d6a4320535,Julio Antonio Colmenarez Mendoza,Finca La Campesina,Los Pepes 1,Occidente,235263,2026-05-01,2026-05,127,0,False
bd732e00-9929-4122-bda9-d9d6a4320535,Julio Antonio Colmenarez Mendoza,Finca La Campesina,Los Pepes 1,Occidente,235263,2026-06-01,2026-06,339.4,0,False
bd732e00-9929-4122-bda9-d9d6a4320535,Julio Antonio Colmenarez Mendoza,Finca La Campesina,Los Pepes 1,Occidente,235263,2026-07-01,2026-07,287.8,83.87096774193549,True
bd732e00-9929-4122-bda9-d9d6a4320535,Julio Antonio Colmenarez Mendoza,Finca La Campesina,Los Pepes 1,Occidente,235263,2026-08-01,2026-08,0,16.129032258064516,True
9ec86aae-f6a9-42e9-b14c-6506fcc30c1b,Julio Antonio Colmenarez Mendoza,Finca La Campesina,Los Pepes 2,Occidente,235263,2026-05-01,2026-05,127,0,False
9ec86aae-f6a9-42e9-b14c-6506fcc30c1b,Julio Antonio Colmenarez Mendoza,Finca La Campesina,Los Pepes 2,Occidente,235263,2026-06-01,2026-06,339.4,0,False
9ec86aae-f6a9-42e9-b14c-6506fcc30c1b,Julio Antonio Colmenarez Mendoza,Finca La Campesina,Los Pepes 2,Occidente,235263,2026-07-01,2026-07,287.8,80.64516129032258,True
9ec86aae-f6a9-42e9-b14c-6506fcc30c1b,Julio Antonio Colmenarez Mendoza,Finca La Campesina,Los Pepes 2,Occidente,235263,2026-08-01,2026-08,0,19.35483870967742,True
f129db6e-1770-468c-8647-b18c5ecba6a5,Julio Antonio Colmenarez Mendoza,Finca La Campesina,Pelo e Mula,Occidente,235263,2026-05-01,2026-05,127,0,False
f129db6e-1770-468c-8647-b18c5ecba6a5,Julio Antonio Colmenarez Mendoza,Finca La Campesina,Pelo e Mula,Occidente,235263,2026-06-01,2026-06,339.4,0,False
f129db6e-1770-468c-8647-b18c5ecba6a5,Julio Antonio Colmenarez Mendoza,Finca La Campesina,Pelo e Mula,Occidente,235263,2026-07-01,2026-07,287.8,96.7741935483871,True
f129db6e-1770-468c-8647-b18c5ecba6a5,Julio Antonio Colmenarez Mendoza,Finca La Campesina,Pelo e Mula,Occidente,235263,2026-08-01,2026-08,0,3.225806451612903,True
b042dd6d-4f09-4db4-a202-7c741ba70aae,Julio Antonio Colmenarez Mendoza,Finca La Campesina,Revilla 1,Occidente,235263,2026-05-01,2026-05,127,0,False
b042dd6d-4f09-4db4-a202-7c741ba70aae,Julio Antonio Colmenarez Mendoza,Finca La Campesina,Revilla 1,Occidente,235263,2026-06-01,2026-06,339.4,0,False
b042dd6d-4f09-4db4-a202-7c741ba70aae,Julio Antonio Colmenarez Mendoza,Finca La Campesina,Revilla 1,Occidente,235263,2026-07-01,2026-07,287.8,90.3225806451613,True
b042dd6d-4f09-4db4-a202-7c741ba70aae,Julio Antonio Colmenarez Mendoza,Finca La Campesina,Revilla 1,Occidente,235263,2026-08-01,2026-08,0,9.67741935483871,True
96c2be98-1632-46dc-8418-87bc935cc125,Julio Antonio Colmenarez Mendoza,Finca La Campesina,Revilla 2,Occidente,235263,2026-05-01,2026-05,127,0,False
96c2be98-1632-46dc-8418-87bc935cc125,Julio Antonio Colmenarez Mendoza,Finca La Campesina,Revilla 2,Occidente,235263,2026-06-01,2026-06,339.4,0,False
96c2be98-1632-46dc-8418-87bc935cc125,Julio Antonio Colmenarez Mendoza,Finca La Campesina,Revilla 2,Occidente,235263,2026-07-01,2026-07,287.8,83.87096774193549,True
96c2be98-1632-46dc-8418-87bc935cc125,Julio Antonio Colmenarez Mendoza,Finca La Campesina,Revilla 2,Occidente,235263,2026-08-01,2026-08,0,16.129032258064516,True
25c60eee-d69f-4d8d-acbf-e24d232566b8,Luigi Donello Tognetti,La Colina,Parcela 170,Occidente,212609,2025-05-01,2025-05,159.6,0,False
25c60eee-d69f-4d8d-acbf-e24d232566b8,Luigi Donello Tognetti,La Colina,Parcela 170,Occidente,212609,2025-06-01,2025-06,430,0,False
25c60eee-d69f-4d8d-acbf-e24d232566b8,Luigi Donello Tognetti,La Colina,Parcela 170,Occidente,212609,2025-07-01,2025-07,438.4,0,False
25c60eee-d69f-4d8d-acbf-e24d232566b8,Luigi Donello Tognetti,La Colina,Parcela 170,Occidente,212609,2025-08-01,2025-08,177.8,0,False
25c60eee-d69f-4d8d-acbf-e24d232566b8,Luigi Donello Tognetti,La Colina,Parcela 170,Occidente,212609,2025-09-01,2025-09,234.2,0,False
25c60eee-d69f-4d8d-acbf-e24d232566b8,Luigi Donello Tognetti,La Colina,Parcela 170,Occidente,212609,2025-10-01,2025-10,87.2,0,False
25c60eee-d69f-4d8d-acbf-e24d232566b8,Luigi Donello Tognetti,La Colina,Parcela 170,Occidente,212609,2025-11-01,2025-11,48.4,0,False
25c60eee-d69f-4d8d-acbf-e24d232566b8,Luigi Donello Tognetti,La Colina,Parcela 170,Occidente,212609,2025-12-01,2025-12,19.8,0,False
25c60eee-d69f-4d8d-acbf-e24d232566b8,Luigi Donello Tognetti,La Colina,Parcela 170,Occidente,212609,2026-01-01,2026-01,3,0,False
25c60eee-d69f-4d8d-acbf-e24d232566b8,Luigi Donello Tognetti,La Colina,Parcela 170,Occidente,212609,2026-02-01,2026-02,0,0,False
25c60eee-d69f-4d8d-acbf-e24d232566b8,Luigi Donello Tognetti,La Colina,Parcela 170,Occidente,212609,2026-03-01,2026-03,15.6,0,False
25c60eee-d69f-4d8d-acbf-e24d232566b8,Luigi Donello Tognetti,La Colina,Parcela 170,Occidente,212609,2026-04-01,2026-04,120.8,0,False
25c60eee-d69f-4d8d-acbf-e24d232566b8,Luigi Donello Tognetti,La Colina,Parcela 170,Occidente,212609,2026-05-01,2026-05,151.8,0,False
25c60eee-d69f-4d8d-acbf-e24d232566b8,Luigi Donello Tognetti,La Colina,Parcela 170,Occidente,212609,2026-06-01,2026-06,292,0,False
25c60eee-d69f-4d8d-acbf-e24d232566b8,Luigi Donello Tognetti,La Colina,Parcela 170,Occidente,212609,2026-07-01,2026-07,377,77.41935483870968,True
25c60eee-d69f-4d8d-acbf-e24d232566b8,Luigi Donello Tognetti,La Colina,Parcela 170,Occidente,212609,2026-08-01,2026-08,0.2,22.580645161290324,True
d26a8175-7918-484f-afe4-bcfa19a83185,Luigi Donello Tognetti,La Colina,Parcela 171-172,Occidente,212609,2025-05-01,2025-05,159.6,0,False
d26a8175-7918-484f-afe4-bcfa19a83185,Luigi Donello Tognetti,La Colina,Parcela 171-172,Occidente,212609,2025-06-01,2025-06,430,0,False
d26a8175-7918-484f-afe4-bcfa19a83185,Luigi Donello Tognetti,La Colina,Parcela 171-172,Occidente,212609,2025-07-01,2025-07,438.4,0,False
d26a8175-7918-484f-afe4-bcfa19a83185,Luigi Donello Tognetti,La Colina,Parcela 171-172,Occidente,212609,2025-08-01,2025-08,177.8,0,False
d26a8175-7918-484f-afe4-bcfa19a83185,Luigi Donello Tognetti,La Colina,Parcela 171-172,Occidente,212609,2025-09-01,2025-09,234.2,0,False
d26a8175-7918-484f-afe4-bcfa19a83185,Luigi Donello Tognetti,La Colina,Parcela 171-172,Occidente,212609,2025-10-01,2025-10,87.2,0,False
d26a8175-7918-484f-afe4-bcfa19a83185,Luigi Donello Tognetti,La Colina,Parcela 171-172,Occidente,212609,2025-11-01,2025-11,48.4,0,False
d26a8175-7918-484f-afe4-bcfa19a83185,Luigi Donello Tognetti,La Colina,Parcela 171-172,Occidente,212609,2025-12-01,2025-12,19.8,0,False
d26a8175-7918-484f-afe4-bcfa19a83185,Luigi Donello Tognetti,La Colina,Parcela 171-172,Occidente,212609,2026-01-01,2026-01,3,0,False
d26a8175-7918-484f-afe4-bcfa19a83185,Luigi Donello Tognetti,La Colina,Parcela 171-172,Occidente,212609,2026-02-01,2026-02,0,0,False
d26a8175-7918-484f-afe4-bcfa19a83185,Luigi Donello Tognetti,La Colina,Parcela 171-172,Occidente,212609,2026-03-01,2026-03,15.6,0,False
d26a8175-7918-484f-afe4-bcfa19a83185,Luigi Donello Tognetti,La Colina,Parcela 171-172,Occidente,212609,2026-04-01,2026-04,120.8,0,False
d26a8175-7918-484f-afe4-bcfa19a83185,Luigi Donello Tognetti,La Colina,Parcela 171-172,Occidente,212609,2026-05-01,2026-05,151.8,0,False
d26a8175-7918-484f-afe4-bcfa19a83185,Luigi Donello Tognetti,La Colina,Parcela 171-172,Occidente,212609,2026-06-01,2026-06,292,0,False
d26a8175-7918-484f-afe4-bcfa19a83185,Luigi Donello Tognetti,La Colina,Parcela 171-172,Occidente,212609,2026-07-01,2026-07,377,77.41935483870968,True
d26a8175-7918-484f-afe4-bcfa19a83185,Luigi Donello Tognetti,La Colina,Parcela 171-172,Occidente,212609,2026-08-01,2026-08,0.2,22.580645161290324,True
41c9f08f-79c8-43e3-a36f-4391e3f3bd62,Luis Alberto Rojas Pieretti,Los Espinitos,El Galpón,Oriente,186669,2024-05-01,2024-05,167.1,0,False
41c9f08f-79c8-43e3-a36f-4391e3f3bd62,Luis Alberto Rojas Pieretti,Los Espinitos,El Galpón,Oriente,186669,2024-06-01,2024-06,256.68,0,False
41c9f08f-79c8-43e3-a36f-4391e3f3bd62,Luis Alberto Rojas Pieretti,Los Espinitos,El Galpón,Oriente,186669,2024-07-01,2024-07,310.66,0,False
41c9f08f-79c8-43e3-a36f-4391e3f3bd62,Luis Alberto Rojas Pieretti,Los Espinitos,El Galpón,Oriente,186669,2024-08-01,2024-08,148.93,0,False
41c9f08f-79c8-43e3-a36f-4391e3f3bd62,Luis Alberto Rojas Pieretti,Los Espinitos,El Galpón,Oriente,186669,2024-09-01,2024-09,144.42,0,False
41c9f08f-79c8-43e3-a36f-4391e3f3bd62,Luis Alberto Rojas Pieretti,Los Espinitos,El Galpón,Oriente,186669,2024-10-01,2024-10,26.4,0,False
41c9f08f-79c8-43e3-a36f-4391e3f3bd62,Luis Alberto Rojas Pieretti,Los Espinitos,El Galpón,Oriente,186669,2024-11-01,2024-11,0,0,False
41c9f08f-79c8-43e3-a36f-4391e3f3bd62,Luis Alberto Rojas Pieretti,Los Espinitos,El Galpón,Oriente,186669,2024-12-01,2024-12,25.91,0,False
41c9f08f-79c8-43e3-a36f-4391e3f3bd62,Luis Alberto Rojas Pieretti,Los Espinitos,El Galpón,Oriente,186669,2025-01-01,2025-01,69.3,0,False
41c9f08f-79c8-43e3-a36f-4391e3f3bd62,Luis Alberto Rojas Pieretti,Los Espinitos,El Galpón,Oriente,186669,2025-02-01,2025-02,0,0,False
41c9f08f-79c8-43e3-a36f-4391e3f3bd62,Luis Alberto Rojas Pieretti,Los Espinitos,El Galpón,Oriente,186669,2025-03-01,2025-03,0,0,False
41c9f08f-79c8-43e3-a36f-4391e3f3bd62,Luis Alberto Rojas Pieretti,Los Espinitos,El Galpón,Oriente,186669,2025-04-01,2025-04,20.82,0,False
41c9f08f-79c8-43e3-a36f-4391e3f3bd62,Luis Alberto Rojas Pieretti,Los Espinitos,El Galpón,Oriente,186669,2025-05-01,2025-05,261.76,0,False
41c9f08f-79c8-43e3-a36f-4391e3f3bd62,Luis Alberto Rojas Pieretti,Los Espinitos,El Galpón,Oriente,186669,2025-06-01,2025-06,300.83,0,False
41c9f08f-79c8-43e3-a36f-4391e3f3bd62,Luis Alberto Rojas Pieretti,Los Espinitos,El Galpón,Oriente,186669,2025-07-01,2025-07,351.84,0,False
41c9f08f-79c8-43e3-a36f-4391e3f3bd62,Luis Alberto Rojas Pieretti,Los Espinitos,El Galpón,Oriente,186669,2025-08-01,2025-08,235.42,0,False
41c9f08f-79c8-43e3-a36f-4391e3f3bd62,Luis Alberto Rojas Pieretti,Los Espinitos,El Galpón,Oriente,186669,2025-09-01,2025-09,139.63,0,False
41c9f08f-79c8-43e3-a36f-4391e3f3bd62,Luis Alberto Rojas Pieretti,Los Espinitos,El Galpón,Oriente,186669,2025-10-01,2025-10,156.68,0,False
41c9f08f-79c8-43e3-a36f-4391e3f3bd62,Luis Alberto Rojas Pieretti,Los Espinitos,El Galpón,Oriente,186669,2025-11-01,2025-11,98.24,0,False
41c9f08f-79c8-43e3-a36f-4391e3f3bd62,Luis Alberto Rojas Pieretti,Los Espinitos,El Galpón,Oriente,186669,2025-12-01,2025-12,44.4,0,False
41c9f08f-79c8-43e3-a36f-4391e3f3bd62,Luis Alberto Rojas Pieretti,Los Espinitos,El Galpón,Oriente,186669,2026-01-01,2026-01,43.39,0,False
41c9f08f-79c8-43e3-a36f-4391e3f3bd62,Luis Alberto Rojas Pieretti,Los Espinitos,El Galpón,Oriente,186669,2026-02-01,2026-02,0,0,False
41c9f08f-79c8-43e3-a36f-4391e3f3bd62,Luis Alberto Rojas Pieretti,Los Espinitos,El Galpón,Oriente,186669,2026-03-01,2026-03,2.28,0,False
41c9f08f-79c8-43e3-a36f-4391e3f3bd62,Luis Alberto Rojas Pieretti,Los Espinitos,El Galpón,Oriente,186669,2026-04-01,2026-04,27.64,0,False
41c9f08f-79c8-43e3-a36f-4391e3f3bd62,Luis Alberto Rojas Pieretti,Los Espinitos,El Galpón,Oriente,186669,2026-05-01,2026-05,266.61,0,False
41c9f08f-79c8-43e3-a36f-4391e3f3bd62,Luis Alberto Rojas Pieretti,Los Espinitos,El Galpón,Oriente,186669,2026-06-01,2026-06,240.18,0,False
41c9f08f-79c8-43e3-a36f-4391e3f3bd62,Luis Alberto Rojas Pieretti,Los Espinitos,El Galpón,Oriente,186669,2026-07-01,2026-07,128.92,0,False
41c9f08f-79c8-43e3-a36f-4391e3f3bd62,Luis Alberto Rojas Pieretti,Los Espinitos,El Galpón,Oriente,186669,2026-08-01,2026-08,0,100,True
fa74d088-e208-4b65-9f03-d3469b9e19b8,Luis Alberto Rojas Pieretti,Los Espinitos,El Muerto,Oriente,186669,2024-05-01,2024-05,167.1,0,False
fa74d088-e208-4b65-9f03-d3469b9e19b8,Luis Alberto Rojas Pieretti,Los Espinitos,El Muerto,Oriente,186669,2024-06-01,2024-06,256.68,0,False
fa74d088-e208-4b65-9f03-d3469b9e19b8,Luis Alberto Rojas Pieretti,Los Espinitos,El Muerto,Oriente,186669,2024-07-01,2024-07,310.66,0,False
fa74d088-e208-4b65-9f03-d3469b9e19b8,Luis Alberto Rojas Pieretti,Los Espinitos,El Muerto,Oriente,186669,2024-08-01,2024-08,148.93,0,False
fa74d088-e208-4b65-9f03-d3469b9e19b8,Luis Alberto Rojas Pieretti,Los Espinitos,El Muerto,Oriente,186669,2024-09-01,2024-09,144.42,0,False
fa74d088-e208-4b65-9f03-d3469b9e19b8,Luis Alberto Rojas Pieretti,Los Espinitos,El Muerto,Oriente,186669,2024-10-01,2024-10,26.4,0,False
fa74d088-e208-4b65-9f03-d3469b9e19b8,Luis Alberto Rojas Pieretti,Los Espinitos,El Muerto,Oriente,186669,2024-11-01,2024-11,0,0,False
fa74d088-e208-4b65-9f03-d3469b9e19b8,Luis Alberto Rojas Pieretti,Los Espinitos,El Muerto,Oriente,186669,2024-12-01,2024-12,25.91,0,False
fa74d088-e208-4b65-9f03-d3469b9e19b8,Luis Alberto Rojas Pieretti,Los Espinitos,El Muerto,Oriente,186669,2025-01-01,2025-01,69.3,0,False
fa74d088-e208-4b65-9f03-d3469b9e19b8,Luis Alberto Rojas Pieretti,Los Espinitos,El Muerto,Oriente,186669,2025-02-01,2025-02,0,0,False
fa74d088-e208-4b65-9f03-d3469b9e19b8,Luis Alberto Rojas Pieretti,Los Espinitos,El Muerto,Oriente,186669,2025-03-01,2025-03,0,0,False
fa74d088-e208-4b65-9f03-d3469b9e19b8,Luis Alberto Rojas Pieretti,Los Espinitos,El Muerto,Oriente,186669,2025-04-01,2025-04,20.82,0,False
fa74d088-e208-4b65-9f03-d3469b9e19b8,Luis Alberto Rojas Pieretti,Los Espinitos,El Muerto,Oriente,186669,2025-05-01,2025-05,261.76,0,False
fa74d088-e208-4b65-9f03-d3469b9e19b8,Luis Alberto Rojas Pieretti,Los Espinitos,El Muerto,Oriente,186669,2025-06-01,2025-06,300.83,0,False
fa74d088-e208-4b65-9f03-d3469b9e19b8,Luis Alberto Rojas Pieretti,Los Espinitos,El Muerto,Oriente,186669,2025-07-01,2025-07,351.84,0,False
fa74d088-e208-4b65-9f03-d3469b9e19b8,Luis Alberto Rojas Pieretti,Los Espinitos,El Muerto,Oriente,186669,2025-08-01,2025-08,235.42,0,False
fa74d088-e208-4b65-9f03-d3469b9e19b8,Luis Alberto Rojas Pieretti,Los Espinitos,El Muerto,Oriente,186669,2025-09-01,2025-09,139.63,0,False
fa74d088-e208-4b65-9f03-d3469b9e19b8,Luis Alberto Rojas Pieretti,Los Espinitos,El Muerto,Oriente,186669,2025-10-01,2025-10,156.68,0,False
fa74d088-e208-4b65-9f03-d3469b9e19b8,Luis Alberto Rojas Pieretti,Los Espinitos,El Muerto,Oriente,186669,2025-11-01,2025-11,98.24,0,False
fa74d088-e208-4b65-9f03-d3469b9e19b8,Luis Alberto Rojas Pieretti,Los Espinitos,El Muerto,Oriente,186669,2025-12-01,2025-12,44.4,0,False
fa74d088-e208-4b65-9f03-d3469b9e19b8,Luis Alberto Rojas Pieretti,Los Espinitos,El Muerto,Oriente,186669,2026-01-01,2026-01,43.39,0,False
fa74d088-e208-4b65-9f03-d3469b9e19b8,Luis Alberto Rojas Pieretti,Los Espinitos,El Muerto,Oriente,186669,2026-02-01,2026-02,0,0,False
fa74d088-e208-4b65-9f03-d3469b9e19b8,Luis Alberto Rojas Pieretti,Los Espinitos,El Muerto,Oriente,186669,2026-03-01,2026-03,2.28,0,False
fa74d088-e208-4b65-9f03-d3469b9e19b8,Luis Alberto Rojas Pieretti,Los Espinitos,El Muerto,Oriente,186669,2026-04-01,2026-04,27.64,0,False
fa74d088-e208-4b65-9f03-d3469b9e19b8,Luis Alberto Rojas Pieretti,Los Espinitos,El Muerto,Oriente,186669,2026-05-01,2026-05,266.61,0,False
fa74d088-e208-4b65-9f03-d3469b9e19b8,Luis Alberto Rojas Pieretti,Los Espinitos,El Muerto,Oriente,186669,2026-06-01,2026-06,240.18,0,False
fa74d088-e208-4b65-9f03-d3469b9e19b8,Luis Alberto Rojas Pieretti,Los Espinitos,El Muerto,Oriente,186669,2026-07-01,2026-07,128.92,0,False
fa74d088-e208-4b65-9f03-d3469b9e19b8,Luis Alberto Rojas Pieretti,Los Espinitos,El Muerto,Oriente,186669,2026-08-01,2026-08,0,90.3225806451613,True
ef8fb276-16c8-47ab-b122-1798c47f2660,Luis Alberto Rojas Pieretti,Los Espinitos,L01 LOTE DETRÁS DE LA CASA,Oriente,186669,2024-05-01,2024-05,167.1,0,False
ef8fb276-16c8-47ab-b122-1798c47f2660,Luis Alberto Rojas Pieretti,Los Espinitos,L01 LOTE DETRÁS DE LA CASA,Oriente,186669,2024-06-01,2024-06,256.68,0,False
ef8fb276-16c8-47ab-b122-1798c47f2660,Luis Alberto Rojas Pieretti,Los Espinitos,L01 LOTE DETRÁS DE LA CASA,Oriente,186669,2024-07-01,2024-07,310.66,0,False
ef8fb276-16c8-47ab-b122-1798c47f2660,Luis Alberto Rojas Pieretti,Los Espinitos,L01 LOTE DETRÁS DE LA CASA,Oriente,186669,2024-08-01,2024-08,148.93,0,False
ef8fb276-16c8-47ab-b122-1798c47f2660,Luis Alberto Rojas Pieretti,Los Espinitos,L01 LOTE DETRÁS DE LA CASA,Oriente,186669,2024-09-01,2024-09,144.42,0,False
ef8fb276-16c8-47ab-b122-1798c47f2660,Luis Alberto Rojas Pieretti,Los Espinitos,L01 LOTE DETRÁS DE LA CASA,Oriente,186669,2024-10-01,2024-10,26.4,0,False
ef8fb276-16c8-47ab-b122-1798c47f2660,Luis Alberto Rojas Pieretti,Los Espinitos,L01 LOTE DETRÁS DE LA CASA,Oriente,186669,2024-11-01,2024-11,0,0,False
ef8fb276-16c8-47ab-b122-1798c47f2660,Luis Alberto Rojas Pieretti,Los Espinitos,L01 LOTE DETRÁS DE LA CASA,Oriente,186669,2024-12-01,2024-12,25.91,0,False
ef8fb276-16c8-47ab-b122-1798c47f2660,Luis Alberto Rojas Pieretti,Los Espinitos,L01 LOTE DETRÁS DE LA CASA,Oriente,186669,2025-01-01,2025-01,69.3,0,False
ef8fb276-16c8-47ab-b122-1798c47f2660,Luis Alberto Rojas Pieretti,Los Espinitos,L01 LOTE DETRÁS DE LA CASA,Oriente,186669,2025-02-01,2025-02,0,0,False
ef8fb276-16c8-47ab-b122-1798c47f2660,Luis Alberto Rojas Pieretti,Los Espinitos,L01 LOTE DETRÁS DE LA CASA,Oriente,186669,2025-03-01,2025-03,0,0,False
ef8fb276-16c8-47ab-b122-1798c47f2660,Luis Alberto Rojas Pieretti,Los Espinitos,L01 LOTE DETRÁS DE LA CASA,Oriente,186669,2025-04-01,2025-04,20.82,0,False
ef8fb276-16c8-47ab-b122-1798c47f2660,Luis Alberto Rojas Pieretti,Los Espinitos,L01 LOTE DETRÁS DE LA CASA,Oriente,186669,2025-05-01,2025-05,261.76,0,False
ef8fb276-16c8-47ab-b122-1798c47f2660,Luis Alberto Rojas Pieretti,Los Espinitos,L01 LOTE DETRÁS DE LA CASA,Oriente,186669,2025-06-01,2025-06,300.83,0,False
ef8fb276-16c8-47ab-b122-1798c47f2660,Luis Alberto Rojas Pieretti,Los Espinitos,L01 LOTE DETRÁS DE LA CASA,Oriente,186669,2025-07-01,2025-07,351.84,0,False
ef8fb276-16c8-47ab-b122-1798c47f2660,Luis Alberto Rojas Pieretti,Los Espinitos,L01 LOTE DETRÁS DE LA CASA,Oriente,186669,2025-08-01,2025-08,235.42,0,False
ef8fb276-16c8-47ab-b122-1798c47f2660,Luis Alberto Rojas Pieretti,Los Espinitos,L01 LOTE DETRÁS DE LA CASA,Oriente,186669,2025-09-01,2025-09,139.63,0,False
ef8fb276-16c8-47ab-b122-1798c47f2660,Luis Alberto Rojas Pieretti,Los Espinitos,L01 LOTE DETRÁS DE LA CASA,Oriente,186669,2025-10-01,2025-10,156.68,0,False
ef8fb276-16c8-47ab-b122-1798c47f2660,Luis Alberto Rojas Pieretti,Los Espinitos,L01 LOTE DETRÁS DE LA CASA,Oriente,186669,2025-11-01,2025-11,98.24,0,False
ef8fb276-16c8-47ab-b122-1798c47f2660,Luis Alberto Rojas Pieretti,Los Espinitos,L01 LOTE DETRÁS DE LA CASA,Oriente,186669,2025-12-01,2025-12,44.4,0,False
ef8fb276-16c8-47ab-b122-1798c47f2660,Luis Alberto Rojas Pieretti,Los Espinitos,L01 LOTE DETRÁS DE LA CASA,Oriente,186669,2026-01-01,2026-01,43.39,0,False
ef8fb276-16c8-47ab-b122-1798c47f2660,Luis Alberto Rojas Pieretti,Los Espinitos,L01 LOTE DETRÁS DE LA CASA,Oriente,186669,2026-02-01,2026-02,0,0,False
ef8fb276-16c8-47ab-b122-1798c47f2660,Luis Alberto Rojas Pieretti,Los Espinitos,L01 LOTE DETRÁS DE LA CASA,Oriente,186669,2026-03-01,2026-03,2.28,0,False
ef8fb276-16c8-47ab-b122-1798c47f2660,Luis Alberto Rojas Pieretti,Los Espinitos,L01 LOTE DETRÁS DE LA CASA,Oriente,186669,2026-04-01,2026-04,27.64,0,False
ef8fb276-16c8-47ab-b122-1798c47f2660,Luis Alberto Rojas Pieretti,Los Espinitos,L01 LOTE DETRÁS DE LA CASA,Oriente,186669,2026-05-01,2026-05,266.61,0,False
ef8fb276-16c8-47ab-b122-1798c47f2660,Luis Alberto Rojas Pieretti,Los Espinitos,L01 LOTE DETRÁS DE LA CASA,Oriente,186669,2026-06-01,2026-06,240.18,0,False
ef8fb276-16c8-47ab-b122-1798c47f2660,Luis Alberto Rojas Pieretti,Los Espinitos,L01 LOTE DETRÁS DE LA CASA,Oriente,186669,2026-07-01,2026-07,128.92,0,False
ef8fb276-16c8-47ab-b122-1798c47f2660,Luis Alberto Rojas Pieretti,Los Espinitos,L01 LOTE DETRÁS DE LA CASA,Oriente,186669,2026-08-01,2026-08,0,96.7741935483871,True
21739ad5-631b-472d-b168-d22372b1c1bc,Luis Alberto Rojas Pieretti,Los Espinitos,L02 LOTE LOS MANGOS,Oriente,186669,2024-05-01,2024-05,167.1,0,False
21739ad5-631b-472d-b168-d22372b1c1bc,Luis Alberto Rojas Pieretti,Los Espinitos,L02 LOTE LOS MANGOS,Oriente,186669,2024-06-01,2024-06,256.68,0,False
21739ad5-631b-472d-b168-d22372b1c1bc,Luis Alberto Rojas Pieretti,Los Espinitos,L02 LOTE LOS MANGOS,Oriente,186669,2024-07-01,2024-07,310.66,0,False
21739ad5-631b-472d-b168-d22372b1c1bc,Luis Alberto Rojas Pieretti,Los Espinitos,L02 LOTE LOS MANGOS,Oriente,186669,2024-08-01,2024-08,148.93,0,False
21739ad5-631b-472d-b168-d22372b1c1bc,Luis Alberto Rojas Pieretti,Los Espinitos,L02 LOTE LOS MANGOS,Oriente,186669,2024-09-01,2024-09,144.42,0,False
21739ad5-631b-472d-b168-d22372b1c1bc,Luis Alberto Rojas Pieretti,Los Espinitos,L02 LOTE LOS MANGOS,Oriente,186669,2024-10-01,2024-10,26.4,0,False
21739ad5-631b-472d-b168-d22372b1c1bc,Luis Alberto Rojas Pieretti,Los Espinitos,L02 LOTE LOS MANGOS,Oriente,186669,2024-11-01,2024-11,0,0,False
21739ad5-631b-472d-b168-d22372b1c1bc,Luis Alberto Rojas Pieretti,Los Espinitos,L02 LOTE LOS MANGOS,Oriente,186669,2024-12-01,2024-12,25.91,0,False
21739ad5-631b-472d-b168-d22372b1c1bc,Luis Alberto Rojas Pieretti,Los Espinitos,L02 LOTE LOS MANGOS,Oriente,186669,2025-01-01,2025-01,69.3,0,False
21739ad5-631b-472d-b168-d22372b1c1bc,Luis Alberto Rojas Pieretti,Los Espinitos,L02 LOTE LOS MANGOS,Oriente,186669,2025-02-01,2025-02,0,0,False
21739ad5-631b-472d-b168-d22372b1c1bc,Luis Alberto Rojas Pieretti,Los Espinitos,L02 LOTE LOS MANGOS,Oriente,186669,2025-03-01,2025-03,0,0,False
21739ad5-631b-472d-b168-d22372b1c1bc,Luis Alberto Rojas Pieretti,Los Espinitos,L02 LOTE LOS MANGOS,Oriente,186669,2025-04-01,2025-04,20.82,0,False
21739ad5-631b-472d-b168-d22372b1c1bc,Luis Alberto Rojas Pieretti,Los Espinitos,L02 LOTE LOS MANGOS,Oriente,186669,2025-05-01,2025-05,261.76,0,False
21739ad5-631b-472d-b168-d22372b1c1bc,Luis Alberto Rojas Pieretti,Los Espinitos,L02 LOTE LOS MANGOS,Oriente,186669,2025-06-01,2025-06,300.83,0,False
21739ad5-631b-472d-b168-d22372b1c1bc,Luis Alberto Rojas Pieretti,Los Espinitos,L02 LOTE LOS MANGOS,Oriente,186669,2025-07-01,2025-07,351.84,0,False
21739ad5-631b-472d-b168-d22372b1c1bc,Luis Alberto Rojas Pieretti,Los Espinitos,L02 LOTE LOS MANGOS,Oriente,186669,2025-08-01,2025-08,235.42,0,False
21739ad5-631b-472d-b168-d22372b1c1bc,Luis Alberto Rojas Pieretti,Los Espinitos,L02 LOTE LOS MANGOS,Oriente,186669,2025-09-01,2025-09,139.63,0,False
21739ad5-631b-472d-b168-d22372b1c1bc,Luis Alberto Rojas Pieretti,Los Espinitos,L02 LOTE LOS MANGOS,Oriente,186669,2025-10-01,2025-10,156.68,0,False
21739ad5-631b-472d-b168-d22372b1c1bc,Luis Alberto Rojas Pieretti,Los Espinitos,L02 LOTE LOS MANGOS,Oriente,186669,2025-11-01,2025-11,98.24,0,False
21739ad5-631b-472d-b168-d22372b1c1bc,Luis Alberto Rojas Pieretti,Los Espinitos,L02 LOTE LOS MANGOS,Oriente,186669,2025-12-01,2025-12,44.4,0,False
21739ad5-631b-472d-b168-d22372b1c1bc,Luis Alberto Rojas Pieretti,Los Espinitos,L02 LOTE LOS MANGOS,Oriente,186669,2026-01-01,2026-01,43.39,0,False
21739ad5-631b-472d-b168-d22372b1c1bc,Luis Alberto Rojas Pieretti,Los Espinitos,L02 LOTE LOS MANGOS,Oriente,186669,2026-02-01,2026-02,0,0,False
21739ad5-631b-472d-b168-d22372b1c1bc,Luis Alberto Rojas Pieretti,Los Espinitos,L02 LOTE LOS MANGOS,Oriente,186669,2026-03-01,2026-03,2.28,0,False
21739ad5-631b-472d-b168-d22372b1c1bc,Luis Alberto Rojas Pieretti,Los Espinitos,L02 LOTE LOS MANGOS,Oriente,186669,2026-04-01,2026-04,27.64,0,False
21739ad5-631b-472d-b168-d22372b1c1bc,Luis Alberto Rojas Pieretti,Los Espinitos,L02 LOTE LOS MANGOS,Oriente,186669,2026-05-01,2026-05,266.61,0,False
21739ad5-631b-472d-b168-d22372b1c1bc,Luis Alberto Rojas Pieretti,Los Espinitos,L02 LOTE LOS MANGOS,Oriente,186669,2026-06-01,2026-06,240.18,0,False
21739ad5-631b-472d-b168-d22372b1c1bc,Luis Alberto Rojas Pieretti,Los Espinitos,L02 LOTE LOS MANGOS,Oriente,186669,2026-07-01,2026-07,128.92,35.483870967741936,True
21739ad5-631b-472d-b168-d22372b1c1bc,Luis Alberto Rojas Pieretti,Los Espinitos,L02 LOTE LOS MANGOS,Oriente,186669,2026-08-01,2026-08,0,64.51612903225806,True
fff64211-9182-4b93-8cfd-714037e78315,Luis Alberto Rojas Pieretti,Los Espinitos,L04 LOTE EL DRAGAL 1,Oriente,186669,2024-05-01,2024-05,167.1,0,False
fff64211-9182-4b93-8cfd-714037e78315,Luis Alberto Rojas Pieretti,Los Espinitos,L04 LOTE EL DRAGAL 1,Oriente,186669,2024-06-01,2024-06,256.68,0,False
fff64211-9182-4b93-8cfd-714037e78315,Luis Alberto Rojas Pieretti,Los Espinitos,L04 LOTE EL DRAGAL 1,Oriente,186669,2024-07-01,2024-07,310.66,0,False
fff64211-9182-4b93-8cfd-714037e78315,Luis Alberto Rojas Pieretti,Los Espinitos,L04 LOTE EL DRAGAL 1,Oriente,186669,2024-08-01,2024-08,148.93,0,False
fff64211-9182-4b93-8cfd-714037e78315,Luis Alberto Rojas Pieretti,Los Espinitos,L04 LOTE EL DRAGAL 1,Oriente,186669,2024-09-01,2024-09,144.42,0,False
fff64211-9182-4b93-8cfd-714037e78315,Luis Alberto Rojas Pieretti,Los Espinitos,L04 LOTE EL DRAGAL 1,Oriente,186669,2024-10-01,2024-10,26.4,0,False
fff64211-9182-4b93-8cfd-714037e78315,Luis Alberto Rojas Pieretti,Los Espinitos,L04 LOTE EL DRAGAL 1,Oriente,186669,2024-11-01,2024-11,0,0,False
fff64211-9182-4b93-8cfd-714037e78315,Luis Alberto Rojas Pieretti,Los Espinitos,L04 LOTE EL DRAGAL 1,Oriente,186669,2024-12-01,2024-12,25.91,0,False
fff64211-9182-4b93-8cfd-714037e78315,Luis Alberto Rojas Pieretti,Los Espinitos,L04 LOTE EL DRAGAL 1,Oriente,186669,2025-01-01,2025-01,69.3,0,False
fff64211-9182-4b93-8cfd-714037e78315,Luis Alberto Rojas Pieretti,Los Espinitos,L04 LOTE EL DRAGAL 1,Oriente,186669,2025-02-01,2025-02,0,0,False
fff64211-9182-4b93-8cfd-714037e78315,Luis Alberto Rojas Pieretti,Los Espinitos,L04 LOTE EL DRAGAL 1,Oriente,186669,2025-03-01,2025-03,0,0,False
fff64211-9182-4b93-8cfd-714037e78315,Luis Alberto Rojas Pieretti,Los Espinitos,L04 LOTE EL DRAGAL 1,Oriente,186669,2025-04-01,2025-04,20.82,0,False
fff64211-9182-4b93-8cfd-714037e78315,Luis Alberto Rojas Pieretti,Los Espinitos,L04 LOTE EL DRAGAL 1,Oriente,186669,2025-05-01,2025-05,261.76,0,False
fff64211-9182-4b93-8cfd-714037e78315,Luis Alberto Rojas Pieretti,Los Espinitos,L04 LOTE EL DRAGAL 1,Oriente,186669,2025-06-01,2025-06,300.83,0,False
fff64211-9182-4b93-8cfd-714037e78315,Luis Alberto Rojas Pieretti,Los Espinitos,L04 LOTE EL DRAGAL 1,Oriente,186669,2025-07-01,2025-07,351.84,0,False
fff64211-9182-4b93-8cfd-714037e78315,Luis Alberto Rojas Pieretti,Los Espinitos,L04 LOTE EL DRAGAL 1,Oriente,186669,2025-08-01,2025-08,235.42,0,False
fff64211-9182-4b93-8cfd-714037e78315,Luis Alberto Rojas Pieretti,Los Espinitos,L04 LOTE EL DRAGAL 1,Oriente,186669,2025-09-01,2025-09,139.63,0,False
fff64211-9182-4b93-8cfd-714037e78315,Luis Alberto Rojas Pieretti,Los Espinitos,L04 LOTE EL DRAGAL 1,Oriente,186669,2025-10-01,2025-10,156.68,0,False
fff64211-9182-4b93-8cfd-714037e78315,Luis Alberto Rojas Pieretti,Los Espinitos,L04 LOTE EL DRAGAL 1,Oriente,186669,2025-11-01,2025-11,98.24,0,False
fff64211-9182-4b93-8cfd-714037e78315,Luis Alberto Rojas Pieretti,Los Espinitos,L04 LOTE EL DRAGAL 1,Oriente,186669,2025-12-01,2025-12,44.4,0,False
fff64211-9182-4b93-8cfd-714037e78315,Luis Alberto Rojas Pieretti,Los Espinitos,L04 LOTE EL DRAGAL 1,Oriente,186669,2026-01-01,2026-01,43.39,0,False
fff64211-9182-4b93-8cfd-714037e78315,Luis Alberto Rojas Pieretti,Los Espinitos,L04 LOTE EL DRAGAL 1,Oriente,186669,2026-02-01,2026-02,0,0,False
fff64211-9182-4b93-8cfd-714037e78315,Luis Alberto Rojas Pieretti,Los Espinitos,L04 LOTE EL DRAGAL 1,Oriente,186669,2026-03-01,2026-03,2.28,0,False
fff64211-9182-4b93-8cfd-714037e78315,Luis Alberto Rojas Pieretti,Los Espinitos,L04 LOTE EL DRAGAL 1,Oriente,186669,2026-04-01,2026-04,27.64,0,False
fff64211-9182-4b93-8cfd-714037e78315,Luis Alberto Rojas Pieretti,Los Espinitos,L04 LOTE EL DRAGAL 1,Oriente,186669,2026-05-01,2026-05,266.61,0,False
fff64211-9182-4b93-8cfd-714037e78315,Luis Alberto Rojas Pieretti,Los Espinitos,L04 LOTE EL DRAGAL 1,Oriente,186669,2026-06-01,2026-06,240.18,0,False
fff64211-9182-4b93-8cfd-714037e78315,Luis Alberto Rojas Pieretti,Los Espinitos,L04 LOTE EL DRAGAL 1,Oriente,186669,2026-07-01,2026-07,128.92,25.806451612903224,True
fff64211-9182-4b93-8cfd-714037e78315,Luis Alberto Rojas Pieretti,Los Espinitos,L04 LOTE EL DRAGAL 1,Oriente,186669,2026-08-01,2026-08,0,74.19354838709677,True
a4f14b29-f9f4-486c-8202-ae7f5d35cae1,Luis Alberto Rojas Pieretti,Los Espinitos,L05 LOTE EL DRAGAL 4,Oriente,186669,2024-05-01,2024-05,167.1,0,False
a4f14b29-f9f4-486c-8202-ae7f5d35cae1,Luis Alberto Rojas Pieretti,Los Espinitos,L05 LOTE EL DRAGAL 4,Oriente,186669,2024-06-01,2024-06,256.68,0,False
a4f14b29-f9f4-486c-8202-ae7f5d35cae1,Luis Alberto Rojas Pieretti,Los Espinitos,L05 LOTE EL DRAGAL 4,Oriente,186669,2024-07-01,2024-07,310.66,0,False
a4f14b29-f9f4-486c-8202-ae7f5d35cae1,Luis Alberto Rojas Pieretti,Los Espinitos,L05 LOTE EL DRAGAL 4,Oriente,186669,2024-08-01,2024-08,148.93,0,False
a4f14b29-f9f4-486c-8202-ae7f5d35cae1,Luis Alberto Rojas Pieretti,Los Espinitos,L05 LOTE EL DRAGAL 4,Oriente,186669,2024-09-01,2024-09,144.42,0,False
a4f14b29-f9f4-486c-8202-ae7f5d35cae1,Luis Alberto Rojas Pieretti,Los Espinitos,L05 LOTE EL DRAGAL 4,Oriente,186669,2024-10-01,2024-10,26.4,0,False
a4f14b29-f9f4-486c-8202-ae7f5d35cae1,Luis Alberto Rojas Pieretti,Los Espinitos,L05 LOTE EL DRAGAL 4,Oriente,186669,2024-11-01,2024-11,0,0,False
a4f14b29-f9f4-486c-8202-ae7f5d35cae1,Luis Alberto Rojas Pieretti,Los Espinitos,L05 LOTE EL DRAGAL 4,Oriente,186669,2024-12-01,2024-12,25.91,0,False
a4f14b29-f9f4-486c-8202-ae7f5d35cae1,Luis Alberto Rojas Pieretti,Los Espinitos,L05 LOTE EL DRAGAL 4,Oriente,186669,2025-01-01,2025-01,69.3,0,False
a4f14b29-f9f4-486c-8202-ae7f5d35cae1,Luis Alberto Rojas Pieretti,Los Espinitos,L05 LOTE EL DRAGAL 4,Oriente,186669,2025-02-01,2025-02,0,0,False
a4f14b29-f9f4-486c-8202-ae7f5d35cae1,Luis Alberto Rojas Pieretti,Los Espinitos,L05 LOTE EL DRAGAL 4,Oriente,186669,2025-03-01,2025-03,0,0,False
a4f14b29-f9f4-486c-8202-ae7f5d35cae1,Luis Alberto Rojas Pieretti,Los Espinitos,L05 LOTE EL DRAGAL 4,Oriente,186669,2025-04-01,2025-04,20.82,0,False
a4f14b29-f9f4-486c-8202-ae7f5d35cae1,Luis Alberto Rojas Pieretti,Los Espinitos,L05 LOTE EL DRAGAL 4,Oriente,186669,2025-05-01,2025-05,261.76,0,False
a4f14b29-f9f4-486c-8202-ae7f5d35cae1,Luis Alberto Rojas Pieretti,Los Espinitos,L05 LOTE EL DRAGAL 4,Oriente,186669,2025-06-01,2025-06,300.83,0,False
a4f14b29-f9f4-486c-8202-ae7f5d35cae1,Luis Alberto Rojas Pieretti,Los Espinitos,L05 LOTE EL DRAGAL 4,Oriente,186669,2025-07-01,2025-07,351.84,0,False
a4f14b29-f9f4-486c-8202-ae7f5d35cae1,Luis Alberto Rojas Pieretti,Los Espinitos,L05 LOTE EL DRAGAL 4,Oriente,186669,2025-08-01,2025-08,235.42,0,False
a4f14b29-f9f4-486c-8202-ae7f5d35cae1,Luis Alberto Rojas Pieretti,Los Espinitos,L05 LOTE EL DRAGAL 4,Oriente,186669,2025-09-01,2025-09,139.63,0,False
a4f14b29-f9f4-486c-8202-ae7f5d35cae1,Luis Alberto Rojas Pieretti,Los Espinitos,L05 LOTE EL DRAGAL 4,Oriente,186669,2025-10-01,2025-10,156.68,0,False
a4f14b29-f9f4-486c-8202-ae7f5d35cae1,Luis Alberto Rojas Pieretti,Los Espinitos,L05 LOTE EL DRAGAL 4,Oriente,186669,2025-11-01,2025-11,98.24,0,False
a4f14b29-f9f4-486c-8202-ae7f5d35cae1,Luis Alberto Rojas Pieretti,Los Espinitos,L05 LOTE EL DRAGAL 4,Oriente,186669,2025-12-01,2025-12,44.4,0,False
a4f14b29-f9f4-486c-8202-ae7f5d35cae1,Luis Alberto Rojas Pieretti,Los Espinitos,L05 LOTE EL DRAGAL 4,Oriente,186669,2026-01-01,2026-01,43.39,0,False
a4f14b29-f9f4-486c-8202-ae7f5d35cae1,Luis Alberto Rojas Pieretti,Los Espinitos,L05 LOTE EL DRAGAL 4,Oriente,186669,2026-02-01,2026-02,0,0,False
a4f14b29-f9f4-486c-8202-ae7f5d35cae1,Luis Alberto Rojas Pieretti,Los Espinitos,L05 LOTE EL DRAGAL 4,Oriente,186669,2026-03-01,2026-03,2.28,0,False
a4f14b29-f9f4-486c-8202-ae7f5d35cae1,Luis Alberto Rojas Pieretti,Los Espinitos,L05 LOTE EL DRAGAL 4,Oriente,186669,2026-04-01,2026-04,27.64,0,False
a4f14b29-f9f4-486c-8202-ae7f5d35cae1,Luis Alberto Rojas Pieretti,Los Espinitos,L05 LOTE EL DRAGAL 4,Oriente,186669,2026-05-01,2026-05,266.61,0,False
a4f14b29-f9f4-486c-8202-ae7f5d35cae1,Luis Alberto Rojas Pieretti,Los Espinitos,L05 LOTE EL DRAGAL 4,Oriente,186669,2026-06-01,2026-06,240.18,0,False
a4f14b29-f9f4-486c-8202-ae7f5d35cae1,Luis Alberto Rojas Pieretti,Los Espinitos,L05 LOTE EL DRAGAL 4,Oriente,186669,2026-07-01,2026-07,128.92,9.67741935483871,True
a4f14b29-f9f4-486c-8202-ae7f5d35cae1,Luis Alberto Rojas Pieretti,Los Espinitos,L05 LOTE EL DRAGAL 4,Oriente,186669,2026-08-01,2026-08,0,90.3225806451613,True
436c3d94-d3bf-4c44-bd90-ac53e625d0f3,Luis Alberto Rojas Pieretti,Los Espinitos,L06 LOTE EL MANGO B,Oriente,186669,2024-05-01,2024-05,167.1,0,False
436c3d94-d3bf-4c44-bd90-ac53e625d0f3,Luis Alberto Rojas Pieretti,Los Espinitos,L06 LOTE EL MANGO B,Oriente,186669,2024-06-01,2024-06,256.68,0,False
436c3d94-d3bf-4c44-bd90-ac53e625d0f3,Luis Alberto Rojas Pieretti,Los Espinitos,L06 LOTE EL MANGO B,Oriente,186669,2024-07-01,2024-07,310.66,0,False
436c3d94-d3bf-4c44-bd90-ac53e625d0f3,Luis Alberto Rojas Pieretti,Los Espinitos,L06 LOTE EL MANGO B,Oriente,186669,2024-08-01,2024-08,148.93,0,False
436c3d94-d3bf-4c44-bd90-ac53e625d0f3,Luis Alberto Rojas Pieretti,Los Espinitos,L06 LOTE EL MANGO B,Oriente,186669,2024-09-01,2024-09,144.42,0,False
436c3d94-d3bf-4c44-bd90-ac53e625d0f3,Luis Alberto Rojas Pieretti,Los Espinitos,L06 LOTE EL MANGO B,Oriente,186669,2024-10-01,2024-10,26.4,0,False
436c3d94-d3bf-4c44-bd90-ac53e625d0f3,Luis Alberto Rojas Pieretti,Los Espinitos,L06 LOTE EL MANGO B,Oriente,186669,2024-11-01,2024-11,0,0,False
436c3d94-d3bf-4c44-bd90-ac53e625d0f3,Luis Alberto Rojas Pieretti,Los Espinitos,L06 LOTE EL MANGO B,Oriente,186669,2024-12-01,2024-12,25.91,0,False
436c3d94-d3bf-4c44-bd90-ac53e625d0f3,Luis Alberto Rojas Pieretti,Los Espinitos,L06 LOTE EL MANGO B,Oriente,186669,2025-01-01,2025-01,69.3,0,False
436c3d94-d3bf-4c44-bd90-ac53e625d0f3,Luis Alberto Rojas Pieretti,Los Espinitos,L06 LOTE EL MANGO B,Oriente,186669,2025-02-01,2025-02,0,0,False
436c3d94-d3bf-4c44-bd90-ac53e625d0f3,Luis Alberto Rojas Pieretti,Los Espinitos,L06 LOTE EL MANGO B,Oriente,186669,2025-03-01,2025-03,0,0,False
436c3d94-d3bf-4c44-bd90-ac53e625d0f3,Luis Alberto Rojas Pieretti,Los Espinitos,L06 LOTE EL MANGO B,Oriente,186669,2025-04-01,2025-04,20.82,0,False
436c3d94-d3bf-4c44-bd90-ac53e625d0f3,Luis Alberto Rojas Pieretti,Los Espinitos,L06 LOTE EL MANGO B,Oriente,186669,2025-05-01,2025-05,261.76,0,False
436c3d94-d3bf-4c44-bd90-ac53e625d0f3,Luis Alberto Rojas Pieretti,Los Espinitos,L06 LOTE EL MANGO B,Oriente,186669,2025-06-01,2025-06,300.83,0,False
436c3d94-d3bf-4c44-bd90-ac53e625d0f3,Luis Alberto Rojas Pieretti,Los Espinitos,L06 LOTE EL MANGO B,Oriente,186669,2025-07-01,2025-07,351.84,0,False
436c3d94-d3bf-4c44-bd90-ac53e625d0f3,Luis Alberto Rojas Pieretti,Los Espinitos,L06 LOTE EL MANGO B,Oriente,186669,2025-08-01,2025-08,235.42,0,False
436c3d94-d3bf-4c44-bd90-ac53e625d0f3,Luis Alberto Rojas Pieretti,Los Espinitos,L06 LOTE EL MANGO B,Oriente,186669,2025-09-01,2025-09,139.63,0,False
436c3d94-d3bf-4c44-bd90-ac53e625d0f3,Luis Alberto Rojas Pieretti,Los Espinitos,L06 LOTE EL MANGO B,Oriente,186669,2025-10-01,2025-10,156.68,0,False
436c3d94-d3bf-4c44-bd90-ac53e625d0f3,Luis Alberto Rojas Pieretti,Los Espinitos,L06 LOTE EL MANGO B,Oriente,186669,2025-11-01,2025-11,98.24,0,False
436c3d94-d3bf-4c44-bd90-ac53e625d0f3,Luis Alberto Rojas Pieretti,Los Espinitos,L06 LOTE EL MANGO B,Oriente,186669,2025-12-01,2025-12,44.4,0,False
436c3d94-d3bf-4c44-bd90-ac53e625d0f3,Luis Alberto Rojas Pieretti,Los Espinitos,L06 LOTE EL MANGO B,Oriente,186669,2026-01-01,2026-01,43.39,0,False
436c3d94-d3bf-4c44-bd90-ac53e625d0f3,Luis Alberto Rojas Pieretti,Los Espinitos,L06 LOTE EL MANGO B,Oriente,186669,2026-02-01,2026-02,0,0,False
436c3d94-d3bf-4c44-bd90-ac53e625d0f3,Luis Alberto Rojas Pieretti,Los Espinitos,L06 LOTE EL MANGO B,Oriente,186669,2026-03-01,2026-03,2.28,0,False
436c3d94-d3bf-4c44-bd90-ac53e625d0f3,Luis Alberto Rojas Pieretti,Los Espinitos,L06 LOTE EL MANGO B,Oriente,186669,2026-04-01,2026-04,27.64,0,False
436c3d94-d3bf-4c44-bd90-ac53e625d0f3,Luis Alberto Rojas Pieretti,Los Espinitos,L06 LOTE EL MANGO B,Oriente,186669,2026-05-01,2026-05,266.61,0,False
436c3d94-d3bf-4c44-bd90-ac53e625d0f3,Luis Alberto Rojas Pieretti,Los Espinitos,L06 LOTE EL MANGO B,Oriente,186669,2026-06-01,2026-06,240.18,0,False
436c3d94-d3bf-4c44-bd90-ac53e625d0f3,Luis Alberto Rojas Pieretti,Los Espinitos,L06 LOTE EL MANGO B,Oriente,186669,2026-07-01,2026-07,128.92,32.25806451612903,True
436c3d94-d3bf-4c44-bd90-ac53e625d0f3,Luis Alberto Rojas Pieretti,Los Espinitos,L06 LOTE EL MANGO B,Oriente,186669,2026-08-01,2026-08,0,67.74193548387096,True
6b0e1dfa-26df-4039-b057-49f25e9fa6e2,Meiz Tohme Elchair,Buenavista,Caño el Loco,Oriente,238383,2026-05-01,2026-05,8.4,0,False
6b0e1dfa-26df-4039-b057-49f25e9fa6e2,Meiz Tohme Elchair,Buenavista,Caño el Loco,Oriente,238383,2026-06-01,2026-06,139.6,0,False
6b0e1dfa-26df-4039-b057-49f25e9fa6e2,Meiz Tohme Elchair,Buenavista,Caño el Loco,Oriente,238383,2026-07-01,2026-07,68.6,0,False
6b0e1dfa-26df-4039-b057-49f25e9fa6e2,Meiz Tohme Elchair,Buenavista,Caño el Loco,Oriente,238383,2026-08-01,2026-08,0,54.83870967741935,True
613a6850-aeb1-42da-86c1-03495f79b458,Meiz Tohme Elchair,Buenavista,Cerro Blanco,Oriente,238383,2026-05-01,2026-05,8.4,0,False
613a6850-aeb1-42da-86c1-03495f79b458,Meiz Tohme Elchair,Buenavista,Cerro Blanco,Oriente,238383,2026-06-01,2026-06,139.6,0,False
613a6850-aeb1-42da-86c1-03495f79b458,Meiz Tohme Elchair,Buenavista,Cerro Blanco,Oriente,238383,2026-07-01,2026-07,68.6,0,False
613a6850-aeb1-42da-86c1-03495f79b458,Meiz Tohme Elchair,Buenavista,Cerro Blanco,Oriente,238383,2026-08-01,2026-08,0,12.903225806451612,True
8b80fa42-b321-4eb9-a3d7-dc2ddaf59308,Meiz Tohme Elchair,Buenavista,El Ataud,Oriente,238383,2026-05-01,2026-05,8.4,0,False
8b80fa42-b321-4eb9-a3d7-dc2ddaf59308,Meiz Tohme Elchair,Buenavista,El Ataud,Oriente,238383,2026-06-01,2026-06,139.6,0,False
8b80fa42-b321-4eb9-a3d7-dc2ddaf59308,Meiz Tohme Elchair,Buenavista,El Ataud,Oriente,238383,2026-07-01,2026-07,68.6,9.67741935483871,True
8b80fa42-b321-4eb9-a3d7-dc2ddaf59308,Meiz Tohme Elchair,Buenavista,El Ataud,Oriente,238383,2026-08-01,2026-08,0,90.3225806451613,True
689789a3-8513-47ca-a79c-db1d288e5685,Meiz Tohme Elchair,Buenavista,El Diablo,Oriente,238383,2026-05-01,2026-05,8.4,0,False
689789a3-8513-47ca-a79c-db1d288e5685,Meiz Tohme Elchair,Buenavista,El Diablo,Oriente,238383,2026-06-01,2026-06,139.6,0,False
689789a3-8513-47ca-a79c-db1d288e5685,Meiz Tohme Elchair,Buenavista,El Diablo,Oriente,238383,2026-07-01,2026-07,68.6,0,False
689789a3-8513-47ca-a79c-db1d288e5685,Meiz Tohme Elchair,Buenavista,El Diablo,Oriente,238383,2026-08-01,2026-08,0,32.25806451612903,True
16cb47a7-e235-49ee-bcaa-855ef93d198b,Meiz Tohme Elchair,Buenavista,El Mamón,Oriente,238383,2026-05-01,2026-05,8.4,0,False
16cb47a7-e235-49ee-bcaa-855ef93d198b,Meiz Tohme Elchair,Buenavista,El Mamón,Oriente,238383,2026-06-01,2026-06,139.6,0,False
16cb47a7-e235-49ee-bcaa-855ef93d198b,Meiz Tohme Elchair,Buenavista,El Mamón,Oriente,238383,2026-07-01,2026-07,68.6,0,False
16cb47a7-e235-49ee-bcaa-855ef93d198b,Meiz Tohme Elchair,Buenavista,El Mamón,Oriente,238383,2026-08-01,2026-08,0,54.83870967741935,True
5f1c512a-f77f-4716-a84d-66c9da25460c,Meiz Tohme Elchair,Buenavista,El Palmarital,Oriente,238383,2026-05-01,2026-05,8.4,0,False
5f1c512a-f77f-4716-a84d-66c9da25460c,Meiz Tohme Elchair,Buenavista,El Palmarital,Oriente,238383,2026-06-01,2026-06,139.6,0,False
5f1c512a-f77f-4716-a84d-66c9da25460c,Meiz Tohme Elchair,Buenavista,El Palmarital,Oriente,238383,2026-07-01,2026-07,68.6,0,False
5f1c512a-f77f-4716-a84d-66c9da25460c,Meiz Tohme Elchair,Buenavista,El Palmarital,Oriente,238383,2026-08-01,2026-08,0,22.580645161290324,True
872b0297-325d-4b23-b20b-5c35f72cf94f,Meiz Tohme Elchair,Buenavista,El Roble,Oriente,238383,2026-05-01,2026-05,8.4,0,False
872b0297-325d-4b23-b20b-5c35f72cf94f,Meiz Tohme Elchair,Buenavista,El Roble,Oriente,238383,2026-06-01,2026-06,139.6,0,False
872b0297-325d-4b23-b20b-5c35f72cf94f,Meiz Tohme Elchair,Buenavista,El Roble,Oriente,238383,2026-07-01,2026-07,68.6,0,False
872b0297-325d-4b23-b20b-5c35f72cf94f,Meiz Tohme Elchair,Buenavista,El Roble,Oriente,238383,2026-08-01,2026-08,0,100,True
8c17ba37-ced0-4c71-aef6-02530d359b42,Meiz Tohme Elchair,Buenavista,La Carretera,Oriente,238383,2026-05-01,2026-05,8.4,0,False
8c17ba37-ced0-4c71-aef6-02530d359b42,Meiz Tohme Elchair,Buenavista,La Carretera,Oriente,238383,2026-06-01,2026-06,139.6,0,False
8c17ba37-ced0-4c71-aef6-02530d359b42,Meiz Tohme Elchair,Buenavista,La Carretera,Oriente,238383,2026-07-01,2026-07,68.6,0,False
8c17ba37-ced0-4c71-aef6-02530d359b42,Meiz Tohme Elchair,Buenavista,La Carretera,Oriente,238383,2026-08-01,2026-08,0,64.51612903225806,True
39193ffd-bb11-4346-984f-698c985abeaa,Meiz Tohme Elchair,Buenavista,La Cuca,Oriente,238383,2026-05-01,2026-05,8.4,0,False
39193ffd-bb11-4346-984f-698c985abeaa,Meiz Tohme Elchair,Buenavista,La Cuca,Oriente,238383,2026-06-01,2026-06,139.6,0,False
39193ffd-bb11-4346-984f-698c985abeaa,Meiz Tohme Elchair,Buenavista,La Cuca,Oriente,238383,2026-07-01,2026-07,68.6,0,False
39193ffd-bb11-4346-984f-698c985abeaa,Meiz Tohme Elchair,Buenavista,La Cuca,Oriente,238383,2026-08-01,2026-08,0,67.74193548387096,True
62b8cadb-5ca6-4cfd-b886-4f5cdc106fbf,Meiz Tohme Elchair,Buenavista,La Nueva,Oriente,238383,2026-05-01,2026-05,8.4,0,False
62b8cadb-5ca6-4cfd-b886-4f5cdc106fbf,Meiz Tohme Elchair,Buenavista,La Nueva,Oriente,238383,2026-06-01,2026-06,139.6,0,False
62b8cadb-5ca6-4cfd-b886-4f5cdc106fbf,Meiz Tohme Elchair,Buenavista,La Nueva,Oriente,238383,2026-07-01,2026-07,68.6,0,False
62b8cadb-5ca6-4cfd-b886-4f5cdc106fbf,Meiz Tohme Elchair,Buenavista,La Nueva,Oriente,238383,2026-08-01,2026-08,0,93.54838709677419,True
391a0ee5-292a-4134-a411-e242f1320e1c,Meiz Tohme Elchair,Buenavista,La Sociedad,Oriente,238383,2026-05-01,2026-05,8.4,0,False
391a0ee5-292a-4134-a411-e242f1320e1c,Meiz Tohme Elchair,Buenavista,La Sociedad,Oriente,238383,2026-06-01,2026-06,139.6,0,False
391a0ee5-292a-4134-a411-e242f1320e1c,Meiz Tohme Elchair,Buenavista,La Sociedad,Oriente,238383,2026-07-01,2026-07,68.6,3.225806451612903,True
391a0ee5-292a-4134-a411-e242f1320e1c,Meiz Tohme Elchair,Buenavista,La Sociedad,Oriente,238383,2026-08-01,2026-08,0,96.7741935483871,True
612be9e2-1e2d-40ea-aee2-0ce73ed4d5d8,Meiz Tohme Elchair,Buenavista,Laguna Negra,Oriente,238383,2026-05-01,2026-05,8.4,0,False
612be9e2-1e2d-40ea-aee2-0ce73ed4d5d8,Meiz Tohme Elchair,Buenavista,Laguna Negra,Oriente,238383,2026-06-01,2026-06,139.6,0,False
612be9e2-1e2d-40ea-aee2-0ce73ed4d5d8,Meiz Tohme Elchair,Buenavista,Laguna Negra,Oriente,238383,2026-07-01,2026-07,68.6,3.225806451612903,True
612be9e2-1e2d-40ea-aee2-0ce73ed4d5d8,Meiz Tohme Elchair,Buenavista,Laguna Negra,Oriente,238383,2026-08-01,2026-08,0,96.7741935483871,True
69a93f87-536e-4c68-8b65-61eeff547262,Meiz Tohme Elchair,Buenavista,Las Novillas,Oriente,238383,2026-05-01,2026-05,8.4,0,False
69a93f87-536e-4c68-8b65-61eeff547262,Meiz Tohme Elchair,Buenavista,Las Novillas,Oriente,238383,2026-06-01,2026-06,139.6,0,False
69a93f87-536e-4c68-8b65-61eeff547262,Meiz Tohme Elchair,Buenavista,Las Novillas,Oriente,238383,2026-07-01,2026-07,68.6,0,False
69a93f87-536e-4c68-8b65-61eeff547262,Meiz Tohme Elchair,Buenavista,Las Novillas,Oriente,238383,2026-08-01,2026-08,0,87.09677419354838,True
a905953e-5b03-4234-804f-96473cf6f9de,Meiz Tohme Elchair,Buenavista,Las Torres,Oriente,238383,2026-05-01,2026-05,8.4,0,False
a905953e-5b03-4234-804f-96473cf6f9de,Meiz Tohme Elchair,Buenavista,Las Torres,Oriente,238383,2026-06-01,2026-06,139.6,0,False
a905953e-5b03-4234-804f-96473cf6f9de,Meiz Tohme Elchair,Buenavista,Las Torres,Oriente,238383,2026-07-01,2026-07,68.6,0,False
a905953e-5b03-4234-804f-96473cf6f9de,Meiz Tohme Elchair,Buenavista,Las Torres,Oriente,238383,2026-08-01,2026-08,0,70.96774193548387,True
29327543-b2f5-4624-a4e6-e7e8fd1f594a,Meiz Tohme Elchair,Buenavista,Las Yeguas,Oriente,238383,2026-05-01,2026-05,8.4,0,False
29327543-b2f5-4624-a4e6-e7e8fd1f594a,Meiz Tohme Elchair,Buenavista,Las Yeguas,Oriente,238383,2026-06-01,2026-06,139.6,0,False
29327543-b2f5-4624-a4e6-e7e8fd1f594a,Meiz Tohme Elchair,Buenavista,Las Yeguas,Oriente,238383,2026-07-01,2026-07,68.6,0,False
29327543-b2f5-4624-a4e6-e7e8fd1f594a,Meiz Tohme Elchair,Buenavista,Las Yeguas,Oriente,238383,2026-08-01,2026-08,0,38.70967741935484,True
17eee026-d99d-4408-803d-04e5544d12b6,Meiz Tohme Elchair,Buenavista,Los Caribes,Oriente,238383,2026-05-01,2026-05,8.4,0,False
17eee026-d99d-4408-803d-04e5544d12b6,Meiz Tohme Elchair,Buenavista,Los Caribes,Oriente,238383,2026-06-01,2026-06,139.6,0,False
17eee026-d99d-4408-803d-04e5544d12b6,Meiz Tohme Elchair,Buenavista,Los Caribes,Oriente,238383,2026-07-01,2026-07,68.6,6.451612903225807,True
17eee026-d99d-4408-803d-04e5544d12b6,Meiz Tohme Elchair,Buenavista,Los Caribes,Oriente,238383,2026-08-01,2026-08,0,93.54838709677419,True
4a5fcdda-5003-4f94-827e-6ad1ff5b1280,Meiz Tohme Elchair,Buenavista,Los Palos,Oriente,238383,2026-05-01,2026-05,8.4,0,False
4a5fcdda-5003-4f94-827e-6ad1ff5b1280,Meiz Tohme Elchair,Buenavista,Los Palos,Oriente,238383,2026-06-01,2026-06,139.6,0,False
4a5fcdda-5003-4f94-827e-6ad1ff5b1280,Meiz Tohme Elchair,Buenavista,Los Palos,Oriente,238383,2026-07-01,2026-07,68.6,0,False
4a5fcdda-5003-4f94-827e-6ad1ff5b1280,Meiz Tohme Elchair,Buenavista,Los Palos,Oriente,238383,2026-08-01,2026-08,0,67.74193548387096,True
636e6781-bf99-4d9d-b330-d0e5afaa63f0,Milko Pagliarella Di Berardin,Santa Elena,L01 ARENERO 1 LOTE-02,Occidente,184921,2024-04-01,2024-04,0,0,False
636e6781-bf99-4d9d-b330-d0e5afaa63f0,Milko Pagliarella Di Berardin,Santa Elena,L01 ARENERO 1 LOTE-02,Occidente,184921,2024-05-01,2024-05,185.2,0,False
636e6781-bf99-4d9d-b330-d0e5afaa63f0,Milko Pagliarella Di Berardin,Santa Elena,L01 ARENERO 1 LOTE-02,Occidente,184921,2024-06-01,2024-06,200.2,0,False
636e6781-bf99-4d9d-b330-d0e5afaa63f0,Milko Pagliarella Di Berardin,Santa Elena,L01 ARENERO 1 LOTE-02,Occidente,184921,2024-07-01,2024-07,219.4,0,False
636e6781-bf99-4d9d-b330-d0e5afaa63f0,Milko Pagliarella Di Berardin,Santa Elena,L01 ARENERO 1 LOTE-02,Occidente,184921,2024-08-01,2024-08,155,0,False
636e6781-bf99-4d9d-b330-d0e5afaa63f0,Milko Pagliarella Di Berardin,Santa Elena,L01 ARENERO 1 LOTE-02,Occidente,184921,2024-09-01,2024-09,218.6,0,False
636e6781-bf99-4d9d-b330-d0e5afaa63f0,Milko Pagliarella Di Berardin,Santa Elena,L01 ARENERO 1 LOTE-02,Occidente,184921,2024-10-01,2024-10,53.2,0,False
636e6781-bf99-4d9d-b330-d0e5afaa63f0,Milko Pagliarella Di Berardin,Santa Elena,L01 ARENERO 1 LOTE-02,Occidente,184921,2024-11-01,2024-11,41.2,0,False
636e6781-bf99-4d9d-b330-d0e5afaa63f0,Milko Pagliarella Di Berardin,Santa Elena,L01 ARENERO 1 LOTE-02,Occidente,184921,2024-12-01,2024-12,13,0,False
636e6781-bf99-4d9d-b330-d0e5afaa63f0,Milko Pagliarella Di Berardin,Santa Elena,L01 ARENERO 1 LOTE-02,Occidente,184921,2025-01-01,2025-01,2,0,False
636e6781-bf99-4d9d-b330-d0e5afaa63f0,Milko Pagliarella Di Berardin,Santa Elena,L01 ARENERO 1 LOTE-02,Occidente,184921,2025-02-01,2025-02,1.4,0,False
636e6781-bf99-4d9d-b330-d0e5afaa63f0,Milko Pagliarella Di Berardin,Santa Elena,L01 ARENERO 1 LOTE-02,Occidente,184921,2025-03-01,2025-03,8.4,0,False
636e6781-bf99-4d9d-b330-d0e5afaa63f0,Milko Pagliarella Di Berardin,Santa Elena,L01 ARENERO 1 LOTE-02,Occidente,184921,2025-04-01,2025-04,91.4,0,False
636e6781-bf99-4d9d-b330-d0e5afaa63f0,Milko Pagliarella Di Berardin,Santa Elena,L01 ARENERO 1 LOTE-02,Occidente,184921,2025-05-01,2025-05,417,0,False
636e6781-bf99-4d9d-b330-d0e5afaa63f0,Milko Pagliarella Di Berardin,Santa Elena,L01 ARENERO 1 LOTE-02,Occidente,184921,2025-06-01,2025-06,264.6,0,False
636e6781-bf99-4d9d-b330-d0e5afaa63f0,Milko Pagliarella Di Berardin,Santa Elena,L01 ARENERO 1 LOTE-02,Occidente,184921,2025-07-01,2025-07,218.8,0,False
636e6781-bf99-4d9d-b330-d0e5afaa63f0,Milko Pagliarella Di Berardin,Santa Elena,L01 ARENERO 1 LOTE-02,Occidente,184921,2025-08-01,2025-08,208.2,0,False
636e6781-bf99-4d9d-b330-d0e5afaa63f0,Milko Pagliarella Di Berardin,Santa Elena,L01 ARENERO 1 LOTE-02,Occidente,184921,2025-09-01,2025-09,112,0,False
636e6781-bf99-4d9d-b330-d0e5afaa63f0,Milko Pagliarella Di Berardin,Santa Elena,L01 ARENERO 1 LOTE-02,Occidente,184921,2025-10-01,2025-10,63.4,0,False
636e6781-bf99-4d9d-b330-d0e5afaa63f0,Milko Pagliarella Di Berardin,Santa Elena,L01 ARENERO 1 LOTE-02,Occidente,184921,2025-11-01,2025-11,37.8,0,False
636e6781-bf99-4d9d-b330-d0e5afaa63f0,Milko Pagliarella Di Berardin,Santa Elena,L01 ARENERO 1 LOTE-02,Occidente,184921,2025-12-01,2025-12,7.2,0,False
636e6781-bf99-4d9d-b330-d0e5afaa63f0,Milko Pagliarella Di Berardin,Santa Elena,L01 ARENERO 1 LOTE-02,Occidente,184921,2026-01-01,2026-01,1.4,0,False
636e6781-bf99-4d9d-b330-d0e5afaa63f0,Milko Pagliarella Di Berardin,Santa Elena,L01 ARENERO 1 LOTE-02,Occidente,184921,2026-02-01,2026-02,3.2,0,False
636e6781-bf99-4d9d-b330-d0e5afaa63f0,Milko Pagliarella Di Berardin,Santa Elena,L01 ARENERO 1 LOTE-02,Occidente,184921,2026-03-01,2026-03,2.4,0,False
636e6781-bf99-4d9d-b330-d0e5afaa63f0,Milko Pagliarella Di Berardin,Santa Elena,L01 ARENERO 1 LOTE-02,Occidente,184921,2026-04-01,2026-04,26.8,0,False
636e6781-bf99-4d9d-b330-d0e5afaa63f0,Milko Pagliarella Di Berardin,Santa Elena,L01 ARENERO 1 LOTE-02,Occidente,184921,2026-05-01,2026-05,0,0,False
636e6781-bf99-4d9d-b330-d0e5afaa63f0,Milko Pagliarella Di Berardin,Santa Elena,L01 ARENERO 1 LOTE-02,Occidente,184921,2026-06-01,2026-06,0,0,False
636e6781-bf99-4d9d-b330-d0e5afaa63f0,Milko Pagliarella Di Berardin,Santa Elena,L01 ARENERO 1 LOTE-02,Occidente,184921,2026-07-01,2026-07,261.8,3.225806451612903,True
636e6781-bf99-4d9d-b330-d0e5afaa63f0,Milko Pagliarella Di Berardin,Santa Elena,L01 ARENERO 1 LOTE-02,Occidente,184921,2026-08-01,2026-08,0.2,96.7741935483871,True
f4157ba3-dde7-4f06-af33-b6b5be35d752,Milko Pagliarella Di Berardin,Santa Elena,L03 RIO 2 LOTE-03,Occidente,184921,2024-04-01,2024-04,0,0,False
f4157ba3-dde7-4f06-af33-b6b5be35d752,Milko Pagliarella Di Berardin,Santa Elena,L03 RIO 2 LOTE-03,Occidente,184921,2024-05-01,2024-05,185.2,0,False
f4157ba3-dde7-4f06-af33-b6b5be35d752,Milko Pagliarella Di Berardin,Santa Elena,L03 RIO 2 LOTE-03,Occidente,184921,2024-06-01,2024-06,200.2,0,False
f4157ba3-dde7-4f06-af33-b6b5be35d752,Milko Pagliarella Di Berardin,Santa Elena,L03 RIO 2 LOTE-03,Occidente,184921,2024-07-01,2024-07,219.4,0,False
f4157ba3-dde7-4f06-af33-b6b5be35d752,Milko Pagliarella Di Berardin,Santa Elena,L03 RIO 2 LOTE-03,Occidente,184921,2024-08-01,2024-08,155,0,False
f4157ba3-dde7-4f06-af33-b6b5be35d752,Milko Pagliarella Di Berardin,Santa Elena,L03 RIO 2 LOTE-03,Occidente,184921,2024-09-01,2024-09,218.6,0,False
f4157ba3-dde7-4f06-af33-b6b5be35d752,Milko Pagliarella Di Berardin,Santa Elena,L03 RIO 2 LOTE-03,Occidente,184921,2024-10-01,2024-10,53.2,0,False
f4157ba3-dde7-4f06-af33-b6b5be35d752,Milko Pagliarella Di Berardin,Santa Elena,L03 RIO 2 LOTE-03,Occidente,184921,2024-11-01,2024-11,41.2,0,False
f4157ba3-dde7-4f06-af33-b6b5be35d752,Milko Pagliarella Di Berardin,Santa Elena,L03 RIO 2 LOTE-03,Occidente,184921,2024-12-01,2024-12,13,0,False
f4157ba3-dde7-4f06-af33-b6b5be35d752,Milko Pagliarella Di Berardin,Santa Elena,L03 RIO 2 LOTE-03,Occidente,184921,2025-01-01,2025-01,2,0,False
f4157ba3-dde7-4f06-af33-b6b5be35d752,Milko Pagliarella Di Berardin,Santa Elena,L03 RIO 2 LOTE-03,Occidente,184921,2025-02-01,2025-02,1.4,0,False
f4157ba3-dde7-4f06-af33-b6b5be35d752,Milko Pagliarella Di Berardin,Santa Elena,L03 RIO 2 LOTE-03,Occidente,184921,2025-03-01,2025-03,8.4,0,False
f4157ba3-dde7-4f06-af33-b6b5be35d752,Milko Pagliarella Di Berardin,Santa Elena,L03 RIO 2 LOTE-03,Occidente,184921,2025-04-01,2025-04,91.4,0,False
f4157ba3-dde7-4f06-af33-b6b5be35d752,Milko Pagliarella Di Berardin,Santa Elena,L03 RIO 2 LOTE-03,Occidente,184921,2025-05-01,2025-05,417,0,False
f4157ba3-dde7-4f06-af33-b6b5be35d752,Milko Pagliarella Di Berardin,Santa Elena,L03 RIO 2 LOTE-03,Occidente,184921,2025-06-01,2025-06,264.6,0,False
f4157ba3-dde7-4f06-af33-b6b5be35d752,Milko Pagliarella Di Berardin,Santa Elena,L03 RIO 2 LOTE-03,Occidente,184921,2025-07-01,2025-07,218.8,0,False
f4157ba3-dde7-4f06-af33-b6b5be35d752,Milko Pagliarella Di Berardin,Santa Elena,L03 RIO 2 LOTE-03,Occidente,184921,2025-08-01,2025-08,208.2,0,False
f4157ba3-dde7-4f06-af33-b6b5be35d752,Milko Pagliarella Di Berardin,Santa Elena,L03 RIO 2 LOTE-03,Occidente,184921,2025-09-01,2025-09,112,0,False
f4157ba3-dde7-4f06-af33-b6b5be35d752,Milko Pagliarella Di Berardin,Santa Elena,L03 RIO 2 LOTE-03,Occidente,184921,2025-10-01,2025-10,63.4,0,False
f4157ba3-dde7-4f06-af33-b6b5be35d752,Milko Pagliarella Di Berardin,Santa Elena,L03 RIO 2 LOTE-03,Occidente,184921,2025-11-01,2025-11,37.8,0,False
f4157ba3-dde7-4f06-af33-b6b5be35d752,Milko Pagliarella Di Berardin,Santa Elena,L03 RIO 2 LOTE-03,Occidente,184921,2025-12-01,2025-12,7.2,0,False
f4157ba3-dde7-4f06-af33-b6b5be35d752,Milko Pagliarella Di Berardin,Santa Elena,L03 RIO 2 LOTE-03,Occidente,184921,2026-01-01,2026-01,1.4,0,False
f4157ba3-dde7-4f06-af33-b6b5be35d752,Milko Pagliarella Di Berardin,Santa Elena,L03 RIO 2 LOTE-03,Occidente,184921,2026-02-01,2026-02,3.2,0,False
f4157ba3-dde7-4f06-af33-b6b5be35d752,Milko Pagliarella Di Berardin,Santa Elena,L03 RIO 2 LOTE-03,Occidente,184921,2026-03-01,2026-03,2.4,0,False
f4157ba3-dde7-4f06-af33-b6b5be35d752,Milko Pagliarella Di Berardin,Santa Elena,L03 RIO 2 LOTE-03,Occidente,184921,2026-04-01,2026-04,26.8,0,False
f4157ba3-dde7-4f06-af33-b6b5be35d752,Milko Pagliarella Di Berardin,Santa Elena,L03 RIO 2 LOTE-03,Occidente,184921,2026-05-01,2026-05,0,0,False
f4157ba3-dde7-4f06-af33-b6b5be35d752,Milko Pagliarella Di Berardin,Santa Elena,L03 RIO 2 LOTE-03,Occidente,184921,2026-06-01,2026-06,0,0,False
f4157ba3-dde7-4f06-af33-b6b5be35d752,Milko Pagliarella Di Berardin,Santa Elena,L03 RIO 2 LOTE-03,Occidente,184921,2026-07-01,2026-07,261.8,3.225806451612903,True
f4157ba3-dde7-4f06-af33-b6b5be35d752,Milko Pagliarella Di Berardin,Santa Elena,L03 RIO 2 LOTE-03,Occidente,184921,2026-08-01,2026-08,0.2,96.7741935483871,True
497b62b2-4883-4b3e-9ca6-965561518187,Milko Pagliarella Di Berardin,Santa Elena,L04 LOTE RIO 1 LOTE-04,Occidente,184921,2024-04-01,2024-04,0,0,False
497b62b2-4883-4b3e-9ca6-965561518187,Milko Pagliarella Di Berardin,Santa Elena,L04 LOTE RIO 1 LOTE-04,Occidente,184921,2024-05-01,2024-05,185.2,0,False
497b62b2-4883-4b3e-9ca6-965561518187,Milko Pagliarella Di Berardin,Santa Elena,L04 LOTE RIO 1 LOTE-04,Occidente,184921,2024-06-01,2024-06,200.2,0,False
497b62b2-4883-4b3e-9ca6-965561518187,Milko Pagliarella Di Berardin,Santa Elena,L04 LOTE RIO 1 LOTE-04,Occidente,184921,2024-07-01,2024-07,219.4,0,False
497b62b2-4883-4b3e-9ca6-965561518187,Milko Pagliarella Di Berardin,Santa Elena,L04 LOTE RIO 1 LOTE-04,Occidente,184921,2024-08-01,2024-08,155,0,False
497b62b2-4883-4b3e-9ca6-965561518187,Milko Pagliarella Di Berardin,Santa Elena,L04 LOTE RIO 1 LOTE-04,Occidente,184921,2024-09-01,2024-09,218.6,0,False
497b62b2-4883-4b3e-9ca6-965561518187,Milko Pagliarella Di Berardin,Santa Elena,L04 LOTE RIO 1 LOTE-04,Occidente,184921,2024-10-01,2024-10,53.2,0,False
497b62b2-4883-4b3e-9ca6-965561518187,Milko Pagliarella Di Berardin,Santa Elena,L04 LOTE RIO 1 LOTE-04,Occidente,184921,2024-11-01,2024-11,41.2,0,False
497b62b2-4883-4b3e-9ca6-965561518187,Milko Pagliarella Di Berardin,Santa Elena,L04 LOTE RIO 1 LOTE-04,Occidente,184921,2024-12-01,2024-12,13,0,False
497b62b2-4883-4b3e-9ca6-965561518187,Milko Pagliarella Di Berardin,Santa Elena,L04 LOTE RIO 1 LOTE-04,Occidente,184921,2025-01-01,2025-01,2,0,False
497b62b2-4883-4b3e-9ca6-965561518187,Milko Pagliarella Di Berardin,Santa Elena,L04 LOTE RIO 1 LOTE-04,Occidente,184921,2025-02-01,2025-02,1.4,0,False
497b62b2-4883-4b3e-9ca6-965561518187,Milko Pagliarella Di Berardin,Santa Elena,L04 LOTE RIO 1 LOTE-04,Occidente,184921,2025-03-01,2025-03,8.4,0,False
497b62b2-4883-4b3e-9ca6-965561518187,Milko Pagliarella Di Berardin,Santa Elena,L04 LOTE RIO 1 LOTE-04,Occidente,184921,2025-04-01,2025-04,91.4,0,False
497b62b2-4883-4b3e-9ca6-965561518187,Milko Pagliarella Di Berardin,Santa Elena,L04 LOTE RIO 1 LOTE-04,Occidente,184921,2025-05-01,2025-05,417,0,False
497b62b2-4883-4b3e-9ca6-965561518187,Milko Pagliarella Di Berardin,Santa Elena,L04 LOTE RIO 1 LOTE-04,Occidente,184921,2025-06-01,2025-06,264.6,0,False
497b62b2-4883-4b3e-9ca6-965561518187,Milko Pagliarella Di Berardin,Santa Elena,L04 LOTE RIO 1 LOTE-04,Occidente,184921,2025-07-01,2025-07,218.8,0,False
497b62b2-4883-4b3e-9ca6-965561518187,Milko Pagliarella Di Berardin,Santa Elena,L04 LOTE RIO 1 LOTE-04,Occidente,184921,2025-08-01,2025-08,208.2,0,False
497b62b2-4883-4b3e-9ca6-965561518187,Milko Pagliarella Di Berardin,Santa Elena,L04 LOTE RIO 1 LOTE-04,Occidente,184921,2025-09-01,2025-09,112,0,False
497b62b2-4883-4b3e-9ca6-965561518187,Milko Pagliarella Di Berardin,Santa Elena,L04 LOTE RIO 1 LOTE-04,Occidente,184921,2025-10-01,2025-10,63.4,0,False
497b62b2-4883-4b3e-9ca6-965561518187,Milko Pagliarella Di Berardin,Santa Elena,L04 LOTE RIO 1 LOTE-04,Occidente,184921,2025-11-01,2025-11,37.8,0,False
497b62b2-4883-4b3e-9ca6-965561518187,Milko Pagliarella Di Berardin,Santa Elena,L04 LOTE RIO 1 LOTE-04,Occidente,184921,2025-12-01,2025-12,7.2,0,False
497b62b2-4883-4b3e-9ca6-965561518187,Milko Pagliarella Di Berardin,Santa Elena,L04 LOTE RIO 1 LOTE-04,Occidente,184921,2026-01-01,2026-01,1.4,0,False
497b62b2-4883-4b3e-9ca6-965561518187,Milko Pagliarella Di Berardin,Santa Elena,L04 LOTE RIO 1 LOTE-04,Occidente,184921,2026-02-01,2026-02,3.2,0,False
497b62b2-4883-4b3e-9ca6-965561518187,Milko Pagliarella Di Berardin,Santa Elena,L04 LOTE RIO 1 LOTE-04,Occidente,184921,2026-03-01,2026-03,2.4,0,False
497b62b2-4883-4b3e-9ca6-965561518187,Milko Pagliarella Di Berardin,Santa Elena,L04 LOTE RIO 1 LOTE-04,Occidente,184921,2026-04-01,2026-04,26.8,0,False
497b62b2-4883-4b3e-9ca6-965561518187,Milko Pagliarella Di Berardin,Santa Elena,L04 LOTE RIO 1 LOTE-04,Occidente,184921,2026-05-01,2026-05,0,0,False
497b62b2-4883-4b3e-9ca6-965561518187,Milko Pagliarella Di Berardin,Santa Elena,L04 LOTE RIO 1 LOTE-04,Occidente,184921,2026-06-01,2026-06,0,0,False
497b62b2-4883-4b3e-9ca6-965561518187,Milko Pagliarella Di Berardin,Santa Elena,L04 LOTE RIO 1 LOTE-04,Occidente,184921,2026-07-01,2026-07,261.8,6.451612903225807,True
497b62b2-4883-4b3e-9ca6-965561518187,Milko Pagliarella Di Berardin,Santa Elena,L04 LOTE RIO 1 LOTE-04,Occidente,184921,2026-08-01,2026-08,0.2,93.54838709677419,True
be68c78e-8331-4291-af6d-e25f2a82ea22,Milko Pagliarella Di Berardin,Santa Elena,L05 LOTE ARENERO 2 LOTE-01,Occidente,184921,2024-04-01,2024-04,0,0,False
be68c78e-8331-4291-af6d-e25f2a82ea22,Milko Pagliarella Di Berardin,Santa Elena,L05 LOTE ARENERO 2 LOTE-01,Occidente,184921,2024-05-01,2024-05,185.2,0,False
be68c78e-8331-4291-af6d-e25f2a82ea22,Milko Pagliarella Di Berardin,Santa Elena,L05 LOTE ARENERO 2 LOTE-01,Occidente,184921,2024-06-01,2024-06,200.2,0,False
be68c78e-8331-4291-af6d-e25f2a82ea22,Milko Pagliarella Di Berardin,Santa Elena,L05 LOTE ARENERO 2 LOTE-01,Occidente,184921,2024-07-01,2024-07,219.4,0,False
be68c78e-8331-4291-af6d-e25f2a82ea22,Milko Pagliarella Di Berardin,Santa Elena,L05 LOTE ARENERO 2 LOTE-01,Occidente,184921,2024-08-01,2024-08,155,0,False
be68c78e-8331-4291-af6d-e25f2a82ea22,Milko Pagliarella Di Berardin,Santa Elena,L05 LOTE ARENERO 2 LOTE-01,Occidente,184921,2024-09-01,2024-09,218.6,0,False
be68c78e-8331-4291-af6d-e25f2a82ea22,Milko Pagliarella Di Berardin,Santa Elena,L05 LOTE ARENERO 2 LOTE-01,Occidente,184921,2024-10-01,2024-10,53.2,0,False
be68c78e-8331-4291-af6d-e25f2a82ea22,Milko Pagliarella Di Berardin,Santa Elena,L05 LOTE ARENERO 2 LOTE-01,Occidente,184921,2024-11-01,2024-11,41.2,0,False
be68c78e-8331-4291-af6d-e25f2a82ea22,Milko Pagliarella Di Berardin,Santa Elena,L05 LOTE ARENERO 2 LOTE-01,Occidente,184921,2024-12-01,2024-12,13,0,False
be68c78e-8331-4291-af6d-e25f2a82ea22,Milko Pagliarella Di Berardin,Santa Elena,L05 LOTE ARENERO 2 LOTE-01,Occidente,184921,2025-01-01,2025-01,2,0,False
be68c78e-8331-4291-af6d-e25f2a82ea22,Milko Pagliarella Di Berardin,Santa Elena,L05 LOTE ARENERO 2 LOTE-01,Occidente,184921,2025-02-01,2025-02,1.4,0,False
be68c78e-8331-4291-af6d-e25f2a82ea22,Milko Pagliarella Di Berardin,Santa Elena,L05 LOTE ARENERO 2 LOTE-01,Occidente,184921,2025-03-01,2025-03,8.4,0,False
be68c78e-8331-4291-af6d-e25f2a82ea22,Milko Pagliarella Di Berardin,Santa Elena,L05 LOTE ARENERO 2 LOTE-01,Occidente,184921,2025-04-01,2025-04,91.4,0,False
be68c78e-8331-4291-af6d-e25f2a82ea22,Milko Pagliarella Di Berardin,Santa Elena,L05 LOTE ARENERO 2 LOTE-01,Occidente,184921,2025-05-01,2025-05,417,0,False
be68c78e-8331-4291-af6d-e25f2a82ea22,Milko Pagliarella Di Berardin,Santa Elena,L05 LOTE ARENERO 2 LOTE-01,Occidente,184921,2025-06-01,2025-06,264.6,0,False
be68c78e-8331-4291-af6d-e25f2a82ea22,Milko Pagliarella Di Berardin,Santa Elena,L05 LOTE ARENERO 2 LOTE-01,Occidente,184921,2025-07-01,2025-07,218.8,0,False
be68c78e-8331-4291-af6d-e25f2a82ea22,Milko Pagliarella Di Berardin,Santa Elena,L05 LOTE ARENERO 2 LOTE-01,Occidente,184921,2025-08-01,2025-08,208.2,0,False
be68c78e-8331-4291-af6d-e25f2a82ea22,Milko Pagliarella Di Berardin,Santa Elena,L05 LOTE ARENERO 2 LOTE-01,Occidente,184921,2025-09-01,2025-09,112,0,False
be68c78e-8331-4291-af6d-e25f2a82ea22,Milko Pagliarella Di Berardin,Santa Elena,L05 LOTE ARENERO 2 LOTE-01,Occidente,184921,2025-10-01,2025-10,63.4,0,False
be68c78e-8331-4291-af6d-e25f2a82ea22,Milko Pagliarella Di Berardin,Santa Elena,L05 LOTE ARENERO 2 LOTE-01,Occidente,184921,2025-11-01,2025-11,37.8,0,False
be68c78e-8331-4291-af6d-e25f2a82ea22,Milko Pagliarella Di Berardin,Santa Elena,L05 LOTE ARENERO 2 LOTE-01,Occidente,184921,2025-12-01,2025-12,7.2,0,False
be68c78e-8331-4291-af6d-e25f2a82ea22,Milko Pagliarella Di Berardin,Santa Elena,L05 LOTE ARENERO 2 LOTE-01,Occidente,184921,2026-01-01,2026-01,1.4,0,False
be68c78e-8331-4291-af6d-e25f2a82ea22,Milko Pagliarella Di Berardin,Santa Elena,L05 LOTE ARENERO 2 LOTE-01,Occidente,184921,2026-02-01,2026-02,3.2,0,False
be68c78e-8331-4291-af6d-e25f2a82ea22,Milko Pagliarella Di Berardin,Santa Elena,L05 LOTE ARENERO 2 LOTE-01,Occidente,184921,2026-03-01,2026-03,2.4,0,False
be68c78e-8331-4291-af6d-e25f2a82ea22,Milko Pagliarella Di Berardin,Santa Elena,L05 LOTE ARENERO 2 LOTE-01,Occidente,184921,2026-04-01,2026-04,26.8,0,False
be68c78e-8331-4291-af6d-e25f2a82ea22,Milko Pagliarella Di Berardin,Santa Elena,L05 LOTE ARENERO 2 LOTE-01,Occidente,184921,2026-05-01,2026-05,0,0,False
be68c78e-8331-4291-af6d-e25f2a82ea22,Milko Pagliarella Di Berardin,Santa Elena,L05 LOTE ARENERO 2 LOTE-01,Occidente,184921,2026-06-01,2026-06,0,0,False
be68c78e-8331-4291-af6d-e25f2a82ea22,Milko Pagliarella Di Berardin,Santa Elena,L05 LOTE ARENERO 2 LOTE-01,Occidente,184921,2026-07-01,2026-07,261.8,0,False
be68c78e-8331-4291-af6d-e25f2a82ea22,Milko Pagliarella Di Berardin,Santa Elena,L05 LOTE ARENERO 2 LOTE-01,Occidente,184921,2026-08-01,2026-08,0.2,100,True
9ecbb6b7-df6e-41fa-82f1-33c41c1ce385,Oscar Luis Murillo Zerpa,San Ramon,L01 LOTE EL TANQUE-A,Oriente,185450,2024-05-01,2024-05,44,0,False
9ecbb6b7-df6e-41fa-82f1-33c41c1ce385,Oscar Luis Murillo Zerpa,San Ramon,L01 LOTE EL TANQUE-A,Oriente,185450,2024-06-01,2024-06,12.8,0,False
9ecbb6b7-df6e-41fa-82f1-33c41c1ce385,Oscar Luis Murillo Zerpa,San Ramon,L01 LOTE EL TANQUE-A,Oriente,185450,2024-07-01,2024-07,115,0,False
9ecbb6b7-df6e-41fa-82f1-33c41c1ce385,Oscar Luis Murillo Zerpa,San Ramon,L01 LOTE EL TANQUE-A,Oriente,185450,2024-08-01,2024-08,53,0,False
9ecbb6b7-df6e-41fa-82f1-33c41c1ce385,Oscar Luis Murillo Zerpa,San Ramon,L01 LOTE EL TANQUE-A,Oriente,185450,2024-09-01,2024-09,148.8,0,False
9ecbb6b7-df6e-41fa-82f1-33c41c1ce385,Oscar Luis Murillo Zerpa,San Ramon,L01 LOTE EL TANQUE-A,Oriente,185450,2024-10-01,2024-10,45.8,0,False
9ecbb6b7-df6e-41fa-82f1-33c41c1ce385,Oscar Luis Murillo Zerpa,San Ramon,L01 LOTE EL TANQUE-A,Oriente,185450,2024-11-01,2024-11,84.2,0,False
9ecbb6b7-df6e-41fa-82f1-33c41c1ce385,Oscar Luis Murillo Zerpa,San Ramon,L01 LOTE EL TANQUE-A,Oriente,185450,2024-12-01,2024-12,5.2,0,False
9ecbb6b7-df6e-41fa-82f1-33c41c1ce385,Oscar Luis Murillo Zerpa,San Ramon,L01 LOTE EL TANQUE-A,Oriente,185450,2025-01-01,2025-01,9,0,False
9ecbb6b7-df6e-41fa-82f1-33c41c1ce385,Oscar Luis Murillo Zerpa,San Ramon,L01 LOTE EL TANQUE-A,Oriente,185450,2025-02-01,2025-02,0,0,False
9ecbb6b7-df6e-41fa-82f1-33c41c1ce385,Oscar Luis Murillo Zerpa,San Ramon,L01 LOTE EL TANQUE-A,Oriente,185450,2025-03-01,2025-03,0,0,False
9ecbb6b7-df6e-41fa-82f1-33c41c1ce385,Oscar Luis Murillo Zerpa,San Ramon,L01 LOTE EL TANQUE-A,Oriente,185450,2025-04-01,2025-04,79.8,0,False
9ecbb6b7-df6e-41fa-82f1-33c41c1ce385,Oscar Luis Murillo Zerpa,San Ramon,L01 LOTE EL TANQUE-A,Oriente,185450,2025-05-01,2025-05,263.8,0,False
9ecbb6b7-df6e-41fa-82f1-33c41c1ce385,Oscar Luis Murillo Zerpa,San Ramon,L01 LOTE EL TANQUE-A,Oriente,185450,2025-06-01,2025-06,168.8,0,False
9ecbb6b7-df6e-41fa-82f1-33c41c1ce385,Oscar Luis Murillo Zerpa,San Ramon,L01 LOTE EL TANQUE-A,Oriente,185450,2025-07-01,2025-07,241,0,False
9ecbb6b7-df6e-41fa-82f1-33c41c1ce385,Oscar Luis Murillo Zerpa,San Ramon,L01 LOTE EL TANQUE-A,Oriente,185450,2025-08-01,2025-08,180.2,0,False
9ecbb6b7-df6e-41fa-82f1-33c41c1ce385,Oscar Luis Murillo Zerpa,San Ramon,L01 LOTE EL TANQUE-A,Oriente,185450,2025-09-01,2025-09,112,0,False
9ecbb6b7-df6e-41fa-82f1-33c41c1ce385,Oscar Luis Murillo Zerpa,San Ramon,L01 LOTE EL TANQUE-A,Oriente,185450,2025-10-01,2025-10,69.6,0,False
9ecbb6b7-df6e-41fa-82f1-33c41c1ce385,Oscar Luis Murillo Zerpa,San Ramon,L01 LOTE EL TANQUE-A,Oriente,185450,2025-11-01,2025-11,136.4,0,False
9ecbb6b7-df6e-41fa-82f1-33c41c1ce385,Oscar Luis Murillo Zerpa,San Ramon,L01 LOTE EL TANQUE-A,Oriente,185450,2025-12-01,2025-12,70,0,False
9ecbb6b7-df6e-41fa-82f1-33c41c1ce385,Oscar Luis Murillo Zerpa,San Ramon,L01 LOTE EL TANQUE-A,Oriente,185450,2026-01-01,2026-01,15.4,0,False
9ecbb6b7-df6e-41fa-82f1-33c41c1ce385,Oscar Luis Murillo Zerpa,San Ramon,L01 LOTE EL TANQUE-A,Oriente,185450,2026-02-01,2026-02,0,0,False
9ecbb6b7-df6e-41fa-82f1-33c41c1ce385,Oscar Luis Murillo Zerpa,San Ramon,L01 LOTE EL TANQUE-A,Oriente,185450,2026-03-01,2026-03,0,0,False
9ecbb6b7-df6e-41fa-82f1-33c41c1ce385,Oscar Luis Murillo Zerpa,San Ramon,L01 LOTE EL TANQUE-A,Oriente,185450,2026-04-01,2026-04,27,0,False
9ecbb6b7-df6e-41fa-82f1-33c41c1ce385,Oscar Luis Murillo Zerpa,San Ramon,L01 LOTE EL TANQUE-A,Oriente,185450,2026-05-01,2026-05,64.4,0,False
9ecbb6b7-df6e-41fa-82f1-33c41c1ce385,Oscar Luis Murillo Zerpa,San Ramon,L01 LOTE EL TANQUE-A,Oriente,185450,2026-06-01,2026-06,75.8,0,False
9ecbb6b7-df6e-41fa-82f1-33c41c1ce385,Oscar Luis Murillo Zerpa,San Ramon,L01 LOTE EL TANQUE-A,Oriente,185450,2026-07-01,2026-07,145.2,3.225806451612903,True
9ecbb6b7-df6e-41fa-82f1-33c41c1ce385,Oscar Luis Murillo Zerpa,San Ramon,L01 LOTE EL TANQUE-A,Oriente,185450,2026-08-01,2026-08,0,96.7741935483871,True
39be1485-960a-4125-9713-2e2bd8d33f7b,Oscar Luis Murillo Zerpa,San Ramon,L02 LOTE EL TANQUE-B,Oriente,185450,2024-05-01,2024-05,44,0,False
39be1485-960a-4125-9713-2e2bd8d33f7b,Oscar Luis Murillo Zerpa,San Ramon,L02 LOTE EL TANQUE-B,Oriente,185450,2024-06-01,2024-06,12.8,0,False
39be1485-960a-4125-9713-2e2bd8d33f7b,Oscar Luis Murillo Zerpa,San Ramon,L02 LOTE EL TANQUE-B,Oriente,185450,2024-07-01,2024-07,115,0,False
39be1485-960a-4125-9713-2e2bd8d33f7b,Oscar Luis Murillo Zerpa,San Ramon,L02 LOTE EL TANQUE-B,Oriente,185450,2024-08-01,2024-08,53,0,False
39be1485-960a-4125-9713-2e2bd8d33f7b,Oscar Luis Murillo Zerpa,San Ramon,L02 LOTE EL TANQUE-B,Oriente,185450,2024-09-01,2024-09,148.8,0,False
39be1485-960a-4125-9713-2e2bd8d33f7b,Oscar Luis Murillo Zerpa,San Ramon,L02 LOTE EL TANQUE-B,Oriente,185450,2024-10-01,2024-10,45.8,0,False
39be1485-960a-4125-9713-2e2bd8d33f7b,Oscar Luis Murillo Zerpa,San Ramon,L02 LOTE EL TANQUE-B,Oriente,185450,2024-11-01,2024-11,84.2,0,False
39be1485-960a-4125-9713-2e2bd8d33f7b,Oscar Luis Murillo Zerpa,San Ramon,L02 LOTE EL TANQUE-B,Oriente,185450,2024-12-01,2024-12,5.2,0,False
39be1485-960a-4125-9713-2e2bd8d33f7b,Oscar Luis Murillo Zerpa,San Ramon,L02 LOTE EL TANQUE-B,Oriente,185450,2025-01-01,2025-01,9,0,False
39be1485-960a-4125-9713-2e2bd8d33f7b,Oscar Luis Murillo Zerpa,San Ramon,L02 LOTE EL TANQUE-B,Oriente,185450,2025-02-01,2025-02,0,0,False
39be1485-960a-4125-9713-2e2bd8d33f7b,Oscar Luis Murillo Zerpa,San Ramon,L02 LOTE EL TANQUE-B,Oriente,185450,2025-03-01,2025-03,0,0,False
39be1485-960a-4125-9713-2e2bd8d33f7b,Oscar Luis Murillo Zerpa,San Ramon,L02 LOTE EL TANQUE-B,Oriente,185450,2025-04-01,2025-04,79.8,0,False
39be1485-960a-4125-9713-2e2bd8d33f7b,Oscar Luis Murillo Zerpa,San Ramon,L02 LOTE EL TANQUE-B,Oriente,185450,2025-05-01,2025-05,263.8,0,False
39be1485-960a-4125-9713-2e2bd8d33f7b,Oscar Luis Murillo Zerpa,San Ramon,L02 LOTE EL TANQUE-B,Oriente,185450,2025-06-01,2025-06,168.8,0,False
39be1485-960a-4125-9713-2e2bd8d33f7b,Oscar Luis Murillo Zerpa,San Ramon,L02 LOTE EL TANQUE-B,Oriente,185450,2025-07-01,2025-07,241,0,False
39be1485-960a-4125-9713-2e2bd8d33f7b,Oscar Luis Murillo Zerpa,San Ramon,L02 LOTE EL TANQUE-B,Oriente,185450,2025-08-01,2025-08,180.2,0,False
39be1485-960a-4125-9713-2e2bd8d33f7b,Oscar Luis Murillo Zerpa,San Ramon,L02 LOTE EL TANQUE-B,Oriente,185450,2025-09-01,2025-09,112,0,False
39be1485-960a-4125-9713-2e2bd8d33f7b,Oscar Luis Murillo Zerpa,San Ramon,L02 LOTE EL TANQUE-B,Oriente,185450,2025-10-01,2025-10,69.6,0,False
39be1485-960a-4125-9713-2e2bd8d33f7b,Oscar Luis Murillo Zerpa,San Ramon,L02 LOTE EL TANQUE-B,Oriente,185450,2025-11-01,2025-11,136.4,0,False
39be1485-960a-4125-9713-2e2bd8d33f7b,Oscar Luis Murillo Zerpa,San Ramon,L02 LOTE EL TANQUE-B,Oriente,185450,2025-12-01,2025-12,70,0,False
39be1485-960a-4125-9713-2e2bd8d33f7b,Oscar Luis Murillo Zerpa,San Ramon,L02 LOTE EL TANQUE-B,Oriente,185450,2026-01-01,2026-01,15.4,0,False
39be1485-960a-4125-9713-2e2bd8d33f7b,Oscar Luis Murillo Zerpa,San Ramon,L02 LOTE EL TANQUE-B,Oriente,185450,2026-02-01,2026-02,0,0,False
39be1485-960a-4125-9713-2e2bd8d33f7b,Oscar Luis Murillo Zerpa,San Ramon,L02 LOTE EL TANQUE-B,Oriente,185450,2026-03-01,2026-03,0,0,False
39be1485-960a-4125-9713-2e2bd8d33f7b,Oscar Luis Murillo Zerpa,San Ramon,L02 LOTE EL TANQUE-B,Oriente,185450,2026-04-01,2026-04,27,0,False
39be1485-960a-4125-9713-2e2bd8d33f7b,Oscar Luis Murillo Zerpa,San Ramon,L02 LOTE EL TANQUE-B,Oriente,185450,2026-05-01,2026-05,64.4,0,False
39be1485-960a-4125-9713-2e2bd8d33f7b,Oscar Luis Murillo Zerpa,San Ramon,L02 LOTE EL TANQUE-B,Oriente,185450,2026-06-01,2026-06,75.8,0,False
39be1485-960a-4125-9713-2e2bd8d33f7b,Oscar Luis Murillo Zerpa,San Ramon,L02 LOTE EL TANQUE-B,Oriente,185450,2026-07-01,2026-07,145.2,3.225806451612903,True
39be1485-960a-4125-9713-2e2bd8d33f7b,Oscar Luis Murillo Zerpa,San Ramon,L02 LOTE EL TANQUE-B,Oriente,185450,2026-08-01,2026-08,0,96.7741935483871,True
ace057d6-8a5d-4546-8bc4-2ed4f62abe2d,Oscar Luis Murillo Zerpa,San Ramon,L03 LOTE IGUANITAS,Oriente,185450,2024-05-01,2024-05,44,0,False
ace057d6-8a5d-4546-8bc4-2ed4f62abe2d,Oscar Luis Murillo Zerpa,San Ramon,L03 LOTE IGUANITAS,Oriente,185450,2024-06-01,2024-06,12.8,0,False
ace057d6-8a5d-4546-8bc4-2ed4f62abe2d,Oscar Luis Murillo Zerpa,San Ramon,L03 LOTE IGUANITAS,Oriente,185450,2024-07-01,2024-07,115,0,False
ace057d6-8a5d-4546-8bc4-2ed4f62abe2d,Oscar Luis Murillo Zerpa,San Ramon,L03 LOTE IGUANITAS,Oriente,185450,2024-08-01,2024-08,53,0,False
ace057d6-8a5d-4546-8bc4-2ed4f62abe2d,Oscar Luis Murillo Zerpa,San Ramon,L03 LOTE IGUANITAS,Oriente,185450,2024-09-01,2024-09,148.8,0,False
ace057d6-8a5d-4546-8bc4-2ed4f62abe2d,Oscar Luis Murillo Zerpa,San Ramon,L03 LOTE IGUANITAS,Oriente,185450,2024-10-01,2024-10,45.8,0,False
ace057d6-8a5d-4546-8bc4-2ed4f62abe2d,Oscar Luis Murillo Zerpa,San Ramon,L03 LOTE IGUANITAS,Oriente,185450,2024-11-01,2024-11,84.2,0,False
ace057d6-8a5d-4546-8bc4-2ed4f62abe2d,Oscar Luis Murillo Zerpa,San Ramon,L03 LOTE IGUANITAS,Oriente,185450,2024-12-01,2024-12,5.2,0,False
ace057d6-8a5d-4546-8bc4-2ed4f62abe2d,Oscar Luis Murillo Zerpa,San Ramon,L03 LOTE IGUANITAS,Oriente,185450,2025-01-01,2025-01,9,0,False
ace057d6-8a5d-4546-8bc4-2ed4f62abe2d,Oscar Luis Murillo Zerpa,San Ramon,L03 LOTE IGUANITAS,Oriente,185450,2025-02-01,2025-02,0,0,False
ace057d6-8a5d-4546-8bc4-2ed4f62abe2d,Oscar Luis Murillo Zerpa,San Ramon,L03 LOTE IGUANITAS,Oriente,185450,2025-03-01,2025-03,0,0,False
ace057d6-8a5d-4546-8bc4-2ed4f62abe2d,Oscar Luis Murillo Zerpa,San Ramon,L03 LOTE IGUANITAS,Oriente,185450,2025-04-01,2025-04,79.8,0,False
ace057d6-8a5d-4546-8bc4-2ed4f62abe2d,Oscar Luis Murillo Zerpa,San Ramon,L03 LOTE IGUANITAS,Oriente,185450,2025-05-01,2025-05,263.8,0,False
ace057d6-8a5d-4546-8bc4-2ed4f62abe2d,Oscar Luis Murillo Zerpa,San Ramon,L03 LOTE IGUANITAS,Oriente,185450,2025-06-01,2025-06,168.8,0,False
ace057d6-8a5d-4546-8bc4-2ed4f62abe2d,Oscar Luis Murillo Zerpa,San Ramon,L03 LOTE IGUANITAS,Oriente,185450,2025-07-01,2025-07,241,0,False
ace057d6-8a5d-4546-8bc4-2ed4f62abe2d,Oscar Luis Murillo Zerpa,San Ramon,L03 LOTE IGUANITAS,Oriente,185450,2025-08-01,2025-08,180.2,0,False
ace057d6-8a5d-4546-8bc4-2ed4f62abe2d,Oscar Luis Murillo Zerpa,San Ramon,L03 LOTE IGUANITAS,Oriente,185450,2025-09-01,2025-09,112,0,False
ace057d6-8a5d-4546-8bc4-2ed4f62abe2d,Oscar Luis Murillo Zerpa,San Ramon,L03 LOTE IGUANITAS,Oriente,185450,2025-10-01,2025-10,69.6,0,False
ace057d6-8a5d-4546-8bc4-2ed4f62abe2d,Oscar Luis Murillo Zerpa,San Ramon,L03 LOTE IGUANITAS,Oriente,185450,2025-11-01,2025-11,136.4,0,False
ace057d6-8a5d-4546-8bc4-2ed4f62abe2d,Oscar Luis Murillo Zerpa,San Ramon,L03 LOTE IGUANITAS,Oriente,185450,2025-12-01,2025-12,70,0,False
ace057d6-8a5d-4546-8bc4-2ed4f62abe2d,Oscar Luis Murillo Zerpa,San Ramon,L03 LOTE IGUANITAS,Oriente,185450,2026-01-01,2026-01,15.4,0,False
ace057d6-8a5d-4546-8bc4-2ed4f62abe2d,Oscar Luis Murillo Zerpa,San Ramon,L03 LOTE IGUANITAS,Oriente,185450,2026-02-01,2026-02,0,0,False
ace057d6-8a5d-4546-8bc4-2ed4f62abe2d,Oscar Luis Murillo Zerpa,San Ramon,L03 LOTE IGUANITAS,Oriente,185450,2026-03-01,2026-03,0,0,False
ace057d6-8a5d-4546-8bc4-2ed4f62abe2d,Oscar Luis Murillo Zerpa,San Ramon,L03 LOTE IGUANITAS,Oriente,185450,2026-04-01,2026-04,27,0,False
ace057d6-8a5d-4546-8bc4-2ed4f62abe2d,Oscar Luis Murillo Zerpa,San Ramon,L03 LOTE IGUANITAS,Oriente,185450,2026-05-01,2026-05,64.4,0,False
ace057d6-8a5d-4546-8bc4-2ed4f62abe2d,Oscar Luis Murillo Zerpa,San Ramon,L03 LOTE IGUANITAS,Oriente,185450,2026-06-01,2026-06,75.8,0,False
ace057d6-8a5d-4546-8bc4-2ed4f62abe2d,Oscar Luis Murillo Zerpa,San Ramon,L03 LOTE IGUANITAS,Oriente,185450,2026-07-01,2026-07,145.2,32.25806451612903,True
ace057d6-8a5d-4546-8bc4-2ed4f62abe2d,Oscar Luis Murillo Zerpa,San Ramon,L03 LOTE IGUANITAS,Oriente,185450,2026-08-01,2026-08,0,67.74193548387096,True
bb56be08-8160-45dd-83e5-218a67e81667,Oscar Luis Murillo Zerpa,San Ramon,L04 LOS BECERROS,Oriente,185450,2024-05-01,2024-05,44,0,False
bb56be08-8160-45dd-83e5-218a67e81667,Oscar Luis Murillo Zerpa,San Ramon,L04 LOS BECERROS,Oriente,185450,2024-06-01,2024-06,12.8,0,False
bb56be08-8160-45dd-83e5-218a67e81667,Oscar Luis Murillo Zerpa,San Ramon,L04 LOS BECERROS,Oriente,185450,2024-07-01,2024-07,115,0,False
bb56be08-8160-45dd-83e5-218a67e81667,Oscar Luis Murillo Zerpa,San Ramon,L04 LOS BECERROS,Oriente,185450,2024-08-01,2024-08,53,0,False
bb56be08-8160-45dd-83e5-218a67e81667,Oscar Luis Murillo Zerpa,San Ramon,L04 LOS BECERROS,Oriente,185450,2024-09-01,2024-09,148.8,0,False
bb56be08-8160-45dd-83e5-218a67e81667,Oscar Luis Murillo Zerpa,San Ramon,L04 LOS BECERROS,Oriente,185450,2024-10-01,2024-10,45.8,0,False
bb56be08-8160-45dd-83e5-218a67e81667,Oscar Luis Murillo Zerpa,San Ramon,L04 LOS BECERROS,Oriente,185450,2024-11-01,2024-11,84.2,0,False
bb56be08-8160-45dd-83e5-218a67e81667,Oscar Luis Murillo Zerpa,San Ramon,L04 LOS BECERROS,Oriente,185450,2024-12-01,2024-12,5.2,0,False
bb56be08-8160-45dd-83e5-218a67e81667,Oscar Luis Murillo Zerpa,San Ramon,L04 LOS BECERROS,Oriente,185450,2025-01-01,2025-01,9,0,False
bb56be08-8160-45dd-83e5-218a67e81667,Oscar Luis Murillo Zerpa,San Ramon,L04 LOS BECERROS,Oriente,185450,2025-02-01,2025-02,0,0,False
bb56be08-8160-45dd-83e5-218a67e81667,Oscar Luis Murillo Zerpa,San Ramon,L04 LOS BECERROS,Oriente,185450,2025-03-01,2025-03,0,0,False
bb56be08-8160-45dd-83e5-218a67e81667,Oscar Luis Murillo Zerpa,San Ramon,L04 LOS BECERROS,Oriente,185450,2025-04-01,2025-04,79.8,0,False
bb56be08-8160-45dd-83e5-218a67e81667,Oscar Luis Murillo Zerpa,San Ramon,L04 LOS BECERROS,Oriente,185450,2025-05-01,2025-05,263.8,0,False
bb56be08-8160-45dd-83e5-218a67e81667,Oscar Luis Murillo Zerpa,San Ramon,L04 LOS BECERROS,Oriente,185450,2025-06-01,2025-06,168.8,0,False
bb56be08-8160-45dd-83e5-218a67e81667,Oscar Luis Murillo Zerpa,San Ramon,L04 LOS BECERROS,Oriente,185450,2025-07-01,2025-07,241,0,False
bb56be08-8160-45dd-83e5-218a67e81667,Oscar Luis Murillo Zerpa,San Ramon,L04 LOS BECERROS,Oriente,185450,2025-08-01,2025-08,180.2,0,False
bb56be08-8160-45dd-83e5-218a67e81667,Oscar Luis Murillo Zerpa,San Ramon,L04 LOS BECERROS,Oriente,185450,2025-09-01,2025-09,112,0,False
bb56be08-8160-45dd-83e5-218a67e81667,Oscar Luis Murillo Zerpa,San Ramon,L04 LOS BECERROS,Oriente,185450,2025-10-01,2025-10,69.6,0,False
bb56be08-8160-45dd-83e5-218a67e81667,Oscar Luis Murillo Zerpa,San Ramon,L04 LOS BECERROS,Oriente,185450,2025-11-01,2025-11,136.4,0,False
bb56be08-8160-45dd-83e5-218a67e81667,Oscar Luis Murillo Zerpa,San Ramon,L04 LOS BECERROS,Oriente,185450,2025-12-01,2025-12,70,0,False
bb56be08-8160-45dd-83e5-218a67e81667,Oscar Luis Murillo Zerpa,San Ramon,L04 LOS BECERROS,Oriente,185450,2026-01-01,2026-01,15.4,0,False
bb56be08-8160-45dd-83e5-218a67e81667,Oscar Luis Murillo Zerpa,San Ramon,L04 LOS BECERROS,Oriente,185450,2026-02-01,2026-02,0,0,False
bb56be08-8160-45dd-83e5-218a67e81667,Oscar Luis Murillo Zerpa,San Ramon,L04 LOS BECERROS,Oriente,185450,2026-03-01,2026-03,0,0,False
bb56be08-8160-45dd-83e5-218a67e81667,Oscar Luis Murillo Zerpa,San Ramon,L04 LOS BECERROS,Oriente,185450,2026-04-01,2026-04,27,0,False
bb56be08-8160-45dd-83e5-218a67e81667,Oscar Luis Murillo Zerpa,San Ramon,L04 LOS BECERROS,Oriente,185450,2026-05-01,2026-05,64.4,0,False
bb56be08-8160-45dd-83e5-218a67e81667,Oscar Luis Murillo Zerpa,San Ramon,L04 LOS BECERROS,Oriente,185450,2026-06-01,2026-06,75.8,0,False
bb56be08-8160-45dd-83e5-218a67e81667,Oscar Luis Murillo Zerpa,San Ramon,L04 LOS BECERROS,Oriente,185450,2026-07-01,2026-07,145.2,22.580645161290324,True
bb56be08-8160-45dd-83e5-218a67e81667,Oscar Luis Murillo Zerpa,San Ramon,L04 LOS BECERROS,Oriente,185450,2026-08-01,2026-08,0,77.41935483870968,True
18a8c969-22ce-4d01-aa82-465cb837f403,Pedro Vicente Gomez Arvelaez,Agropecuaria Mochuelo,Concha de Drago,Oriente,238308,2026-05-01,2026-05,11.4,0,False
18a8c969-22ce-4d01-aa82-465cb837f403,Pedro Vicente Gomez Arvelaez,Agropecuaria Mochuelo,Concha de Drago,Oriente,238308,2026-06-01,2026-06,141.4,0,False
18a8c969-22ce-4d01-aa82-465cb837f403,Pedro Vicente Gomez Arvelaez,Agropecuaria Mochuelo,Concha de Drago,Oriente,238308,2026-07-01,2026-07,63.8,0,False
18a8c969-22ce-4d01-aa82-465cb837f403,Pedro Vicente Gomez Arvelaez,Agropecuaria Mochuelo,Concha de Drago,Oriente,238308,2026-08-01,2026-08,0,41.935483870967744,True
69d96246-a21f-4c3e-975c-341d5882280f,Pedro Vicente Gomez Arvelaez,Agropecuaria Mochuelo,Doña Mirian,Oriente,238308,2026-05-01,2026-05,11.4,0,False
69d96246-a21f-4c3e-975c-341d5882280f,Pedro Vicente Gomez Arvelaez,Agropecuaria Mochuelo,Doña Mirian,Oriente,238308,2026-06-01,2026-06,141.4,0,False
69d96246-a21f-4c3e-975c-341d5882280f,Pedro Vicente Gomez Arvelaez,Agropecuaria Mochuelo,Doña Mirian,Oriente,238308,2026-07-01,2026-07,63.8,0,False
69d96246-a21f-4c3e-975c-341d5882280f,Pedro Vicente Gomez Arvelaez,Agropecuaria Mochuelo,Doña Mirian,Oriente,238308,2026-08-01,2026-08,0,45.16129032258065,True
78f5eb8f-f2d3-41b8-9ca4-2afd8a00fc4d,Pedro Vicente Gomez Arvelaez,Agropecuaria Mochuelo,El Mamón 1,Oriente,238308,2026-05-01,2026-05,11.4,0,False
78f5eb8f-f2d3-41b8-9ca4-2afd8a00fc4d,Pedro Vicente Gomez Arvelaez,Agropecuaria Mochuelo,El Mamón 1,Oriente,238308,2026-06-01,2026-06,141.4,0,False
78f5eb8f-f2d3-41b8-9ca4-2afd8a00fc4d,Pedro Vicente Gomez Arvelaez,Agropecuaria Mochuelo,El Mamón 1,Oriente,238308,2026-07-01,2026-07,63.8,25.806451612903224,True
78f5eb8f-f2d3-41b8-9ca4-2afd8a00fc4d,Pedro Vicente Gomez Arvelaez,Agropecuaria Mochuelo,El Mamón 1,Oriente,238308,2026-08-01,2026-08,0,74.19354838709677,True
c68b9353-e9d8-44a9-a3d9-60daaa063bbf,Pedro Vicente Gomez Arvelaez,Agropecuaria Mochuelo,El Mamón 2,Oriente,238308,2026-05-01,2026-05,11.4,0,False
c68b9353-e9d8-44a9-a3d9-60daaa063bbf,Pedro Vicente Gomez Arvelaez,Agropecuaria Mochuelo,El Mamón 2,Oriente,238308,2026-06-01,2026-06,141.4,0,False
c68b9353-e9d8-44a9-a3d9-60daaa063bbf,Pedro Vicente Gomez Arvelaez,Agropecuaria Mochuelo,El Mamón 2,Oriente,238308,2026-07-01,2026-07,63.8,0,False
c68b9353-e9d8-44a9-a3d9-60daaa063bbf,Pedro Vicente Gomez Arvelaez,Agropecuaria Mochuelo,El Mamón 2,Oriente,238308,2026-08-01,2026-08,0,90.3225806451613,True
1276e7c4-8ed6-4978-926b-4db023ae127b,Pedro Vicente Gomez Arvelaez,Agropecuaria Mochuelo,El Marbellero,Oriente,238308,2026-05-01,2026-05,11.4,0,False
1276e7c4-8ed6-4978-926b-4db023ae127b,Pedro Vicente Gomez Arvelaez,Agropecuaria Mochuelo,El Marbellero,Oriente,238308,2026-06-01,2026-06,141.4,0,False
1276e7c4-8ed6-4978-926b-4db023ae127b,Pedro Vicente Gomez Arvelaez,Agropecuaria Mochuelo,El Marbellero,Oriente,238308,2026-07-01,2026-07,63.8,0,False
1276e7c4-8ed6-4978-926b-4db023ae127b,Pedro Vicente Gomez Arvelaez,Agropecuaria Mochuelo,El Marbellero,Oriente,238308,2026-08-01,2026-08,0,48.38709677419355,True
32e47f93-3a7c-4883-8ebd-9f44a593bc3f,Pedro Vicente Gomez Arvelaez,Agropecuaria Mochuelo,El Roble,Oriente,238308,2026-05-01,2026-05,11.4,0,False
32e47f93-3a7c-4883-8ebd-9f44a593bc3f,Pedro Vicente Gomez Arvelaez,Agropecuaria Mochuelo,El Roble,Oriente,238308,2026-06-01,2026-06,141.4,0,False
32e47f93-3a7c-4883-8ebd-9f44a593bc3f,Pedro Vicente Gomez Arvelaez,Agropecuaria Mochuelo,El Roble,Oriente,238308,2026-07-01,2026-07,63.8,0,False
32e47f93-3a7c-4883-8ebd-9f44a593bc3f,Pedro Vicente Gomez Arvelaez,Agropecuaria Mochuelo,El Roble,Oriente,238308,2026-08-01,2026-08,0,32.25806451612903,True
07be278b-cb82-4152-b073-c763876d4b0f,Pedro Vicente Gomez Arvelaez,Agropecuaria Mochuelo,El Ron 1,Oriente,238308,2026-05-01,2026-05,11.4,0,False
07be278b-cb82-4152-b073-c763876d4b0f,Pedro Vicente Gomez Arvelaez,Agropecuaria Mochuelo,El Ron 1,Oriente,238308,2026-06-01,2026-06,141.4,0,False
07be278b-cb82-4152-b073-c763876d4b0f,Pedro Vicente Gomez Arvelaez,Agropecuaria Mochuelo,El Ron 1,Oriente,238308,2026-07-01,2026-07,63.8,12.903225806451612,True
07be278b-cb82-4152-b073-c763876d4b0f,Pedro Vicente Gomez Arvelaez,Agropecuaria Mochuelo,El Ron 1,Oriente,238308,2026-08-01,2026-08,0,87.09677419354838,True
51c48845-8ff4-45e2-9b1a-bad17990078c,Pedro Vicente Gomez Arvelaez,Agropecuaria Mochuelo,El Ron 2,Oriente,238308,2026-05-01,2026-05,11.4,0,False
51c48845-8ff4-45e2-9b1a-bad17990078c,Pedro Vicente Gomez Arvelaez,Agropecuaria Mochuelo,El Ron 2,Oriente,238308,2026-06-01,2026-06,141.4,0,False
51c48845-8ff4-45e2-9b1a-bad17990078c,Pedro Vicente Gomez Arvelaez,Agropecuaria Mochuelo,El Ron 2,Oriente,238308,2026-07-01,2026-07,63.8,0,False
51c48845-8ff4-45e2-9b1a-bad17990078c,Pedro Vicente Gomez Arvelaez,Agropecuaria Mochuelo,El Ron 2,Oriente,238308,2026-08-01,2026-08,0,67.74193548387096,True
d0ca6fc1-2dda-4c51-ace9-6e7b37d1cc04,Richard Jose Apostol Nuñez,Acentamiento campesino El rodeo,Agua Viva,Occidente,238060,2026-05-01,2026-05,22.4,0,False
d0ca6fc1-2dda-4c51-ace9-6e7b37d1cc04,Richard Jose Apostol Nuñez,Acentamiento campesino El rodeo,Agua Viva,Occidente,238060,2026-06-01,2026-06,77.2,0,False
d0ca6fc1-2dda-4c51-ace9-6e7b37d1cc04,Richard Jose Apostol Nuñez,Acentamiento campesino El rodeo,Agua Viva,Occidente,238060,2026-07-01,2026-07,370,0,False
d0ca6fc1-2dda-4c51-ace9-6e7b37d1cc04,Richard Jose Apostol Nuñez,Acentamiento campesino El rodeo,Agua Viva,Occidente,238060,2026-08-01,2026-08,2,64.51612903225806,True
04c3a825-6653-4fa9-a1e3-3eba110cb9e7,Richard Jose Apostol Nuñez,Acentamiento campesino El rodeo,El Galpón,Occidente,238060,2026-05-01,2026-05,22.4,0,False
04c3a825-6653-4fa9-a1e3-3eba110cb9e7,Richard Jose Apostol Nuñez,Acentamiento campesino El rodeo,El Galpón,Occidente,238060,2026-06-01,2026-06,77.2,0,False
04c3a825-6653-4fa9-a1e3-3eba110cb9e7,Richard Jose Apostol Nuñez,Acentamiento campesino El rodeo,El Galpón,Occidente,238060,2026-07-01,2026-07,370,0,False
04c3a825-6653-4fa9-a1e3-3eba110cb9e7,Richard Jose Apostol Nuñez,Acentamiento campesino El rodeo,El Galpón,Occidente,238060,2026-08-01,2026-08,2,93.54838709677419,True
1e0c953d-1d97-4f25-aded-cbb504372949,Richard Jose Apostol Nuñez,Acentamiento campesino El rodeo,El Jobo,Occidente,238060,2026-05-01,2026-05,22.4,0,False
1e0c953d-1d97-4f25-aded-cbb504372949,Richard Jose Apostol Nuñez,Acentamiento campesino El rodeo,El Jobo,Occidente,238060,2026-06-01,2026-06,77.2,0,False
1e0c953d-1d97-4f25-aded-cbb504372949,Richard Jose Apostol Nuñez,Acentamiento campesino El rodeo,El Jobo,Occidente,238060,2026-07-01,2026-07,370,0,False
1e0c953d-1d97-4f25-aded-cbb504372949,Richard Jose Apostol Nuñez,Acentamiento campesino El rodeo,El Jobo,Occidente,238060,2026-08-01,2026-08,2,93.54838709677419,True
c694a685-5690-4081-ba89-4f4babbf7bec,Richard Jose Apostol Nuñez,Acentamiento campesino El rodeo,La Galindera 1,Occidente,238060,2026-05-01,2026-05,22.4,0,False
c694a685-5690-4081-ba89-4f4babbf7bec,Richard Jose Apostol Nuñez,Acentamiento campesino El rodeo,La Galindera 1,Occidente,238060,2026-06-01,2026-06,77.2,0,False
c694a685-5690-4081-ba89-4f4babbf7bec,Richard Jose Apostol Nuñez,Acentamiento campesino El rodeo,La Galindera 1,Occidente,238060,2026-07-01,2026-07,370,0,False
c694a685-5690-4081-ba89-4f4babbf7bec,Richard Jose Apostol Nuñez,Acentamiento campesino El rodeo,La Galindera 1,Occidente,238060,2026-08-01,2026-08,2,77.41935483870968,True
7826e623-d598-4bdc-a007-1e059b10aab7,Richard Jose Apostol Nuñez,Acentamiento campesino El rodeo,La Galindera 2,Occidente,238060,2026-05-01,2026-05,22.4,0,False
7826e623-d598-4bdc-a007-1e059b10aab7,Richard Jose Apostol Nuñez,Acentamiento campesino El rodeo,La Galindera 2,Occidente,238060,2026-06-01,2026-06,77.2,0,False
7826e623-d598-4bdc-a007-1e059b10aab7,Richard Jose Apostol Nuñez,Acentamiento campesino El rodeo,La Galindera 2,Occidente,238060,2026-07-01,2026-07,370,0,False
7826e623-d598-4bdc-a007-1e059b10aab7,Richard Jose Apostol Nuñez,Acentamiento campesino El rodeo,La Galindera 2,Occidente,238060,2026-08-01,2026-08,2,77.41935483870968,True
2a3b32fa-662b-4f06-86f5-36ac43b96d33,Richard Jose Apostol Nuñez,Acentamiento campesino El rodeo,La Galindera 3,Occidente,238060,2026-05-01,2026-05,22.4,0,False
2a3b32fa-662b-4f06-86f5-36ac43b96d33,Richard Jose Apostol Nuñez,Acentamiento campesino El rodeo,La Galindera 3,Occidente,238060,2026-06-01,2026-06,77.2,0,False
2a3b32fa-662b-4f06-86f5-36ac43b96d33,Richard Jose Apostol Nuñez,Acentamiento campesino El rodeo,La Galindera 3,Occidente,238060,2026-07-01,2026-07,370,0,False
2a3b32fa-662b-4f06-86f5-36ac43b96d33,Richard Jose Apostol Nuñez,Acentamiento campesino El rodeo,La Galindera 3,Occidente,238060,2026-08-01,2026-08,2,67.74193548387096,True
d18cdedd-1533-4bb7-9970-a90dcd631787,Richard Jose Apostol Nuñez,Acentamiento campesino El rodeo,La Galindera 4,Occidente,238060,2026-05-01,2026-05,22.4,0,False
d18cdedd-1533-4bb7-9970-a90dcd631787,Richard Jose Apostol Nuñez,Acentamiento campesino El rodeo,La Galindera 4,Occidente,238060,2026-06-01,2026-06,77.2,0,False
d18cdedd-1533-4bb7-9970-a90dcd631787,Richard Jose Apostol Nuñez,Acentamiento campesino El rodeo,La Galindera 4,Occidente,238060,2026-07-01,2026-07,370,0,False
d18cdedd-1533-4bb7-9970-a90dcd631787,Richard Jose Apostol Nuñez,Acentamiento campesino El rodeo,La Galindera 4,Occidente,238060,2026-08-01,2026-08,2,83.87096774193549,True
802ed6c6-d11b-42a7-8c10-f02df070cd3d,Richard Jose Apostol Nuñez,Acentamiento campesino El rodeo,Las Carmelitas 1,Occidente,238060,2026-05-01,2026-05,22.4,0,False
802ed6c6-d11b-42a7-8c10-f02df070cd3d,Richard Jose Apostol Nuñez,Acentamiento campesino El rodeo,Las Carmelitas 1,Occidente,238060,2026-06-01,2026-06,77.2,0,False
802ed6c6-d11b-42a7-8c10-f02df070cd3d,Richard Jose Apostol Nuñez,Acentamiento campesino El rodeo,Las Carmelitas 1,Occidente,238060,2026-07-01,2026-07,370,6.451612903225807,True
802ed6c6-d11b-42a7-8c10-f02df070cd3d,Richard Jose Apostol Nuñez,Acentamiento campesino El rodeo,Las Carmelitas 1,Occidente,238060,2026-08-01,2026-08,2,93.54838709677419,True
7fcc70cf-2db8-40d6-9469-3f6416527f13,Richard Jose Apostol Nuñez,Acentamiento campesino El rodeo,Las Carmelitas 2,Occidente,238060,2026-05-01,2026-05,22.4,0,False
7fcc70cf-2db8-40d6-9469-3f6416527f13,Richard Jose Apostol Nuñez,Acentamiento campesino El rodeo,Las Carmelitas 2,Occidente,238060,2026-06-01,2026-06,77.2,0,False
7fcc70cf-2db8-40d6-9469-3f6416527f13,Richard Jose Apostol Nuñez,Acentamiento campesino El rodeo,Las Carmelitas 2,Occidente,238060,2026-07-01,2026-07,370,3.225806451612903,True
7fcc70cf-2db8-40d6-9469-3f6416527f13,Richard Jose Apostol Nuñez,Acentamiento campesino El rodeo,Las Carmelitas 2,Occidente,238060,2026-08-01,2026-08,2,96.7741935483871,True
49e4abc9-6ccd-4584-89cf-e9aa5ec963f3,Richard Jose Apostol Nuñez,Acentamiento campesino El rodeo,Las Carmelitas 3,Occidente,238060,2026-05-01,2026-05,22.4,0,False
49e4abc9-6ccd-4584-89cf-e9aa5ec963f3,Richard Jose Apostol Nuñez,Acentamiento campesino El rodeo,Las Carmelitas 3,Occidente,238060,2026-06-01,2026-06,77.2,0,False
49e4abc9-6ccd-4584-89cf-e9aa5ec963f3,Richard Jose Apostol Nuñez,Acentamiento campesino El rodeo,Las Carmelitas 3,Occidente,238060,2026-07-01,2026-07,370,0,False
49e4abc9-6ccd-4584-89cf-e9aa5ec963f3,Richard Jose Apostol Nuñez,Acentamiento campesino El rodeo,Las Carmelitas 3,Occidente,238060,2026-08-01,2026-08,2,96.7741935483871,True
647f85f2-795a-41e3-83d1-d8524482c807,Richard Jose Apostol Nuñez,Acentamiento campesino El rodeo,Los Generales,Occidente,238060,2026-05-01,2026-05,22.4,0,False
647f85f2-795a-41e3-83d1-d8524482c807,Richard Jose Apostol Nuñez,Acentamiento campesino El rodeo,Los Generales,Occidente,238060,2026-06-01,2026-06,77.2,0,False
647f85f2-795a-41e3-83d1-d8524482c807,Richard Jose Apostol Nuñez,Acentamiento campesino El rodeo,Los Generales,Occidente,238060,2026-07-01,2026-07,370,0,False
647f85f2-795a-41e3-83d1-d8524482c807,Richard Jose Apostol Nuñez,Acentamiento campesino El rodeo,Los Generales,Occidente,238060,2026-08-01,2026-08,2,58.064516129032256,True
712b7d50-5779-4c51-8dc0-18a4da53df5e,Sebastian Armando Bonet Plaza,San Antonio,L04 LOTE 7A,Occidente,212516,2025-05-01,2025-05,16,0,False
712b7d50-5779-4c51-8dc0-18a4da53df5e,Sebastian Armando Bonet Plaza,San Antonio,L04 LOTE 7A,Occidente,212516,2025-06-01,2025-06,246,0,False
712b7d50-5779-4c51-8dc0-18a4da53df5e,Sebastian Armando Bonet Plaza,San Antonio,L04 LOTE 7A,Occidente,212516,2025-07-01,2025-07,286.6,0,False
712b7d50-5779-4c51-8dc0-18a4da53df5e,Sebastian Armando Bonet Plaza,San Antonio,L04 LOTE 7A,Occidente,212516,2025-08-01,2025-08,215.4,0,False
712b7d50-5779-4c51-8dc0-18a4da53df5e,Sebastian Armando Bonet Plaza,San Antonio,L04 LOTE 7A,Occidente,212516,2025-09-01,2025-09,124.6,0,False
712b7d50-5779-4c51-8dc0-18a4da53df5e,Sebastian Armando Bonet Plaza,San Antonio,L04 LOTE 7A,Occidente,212516,2025-10-01,2025-10,71.6,0,False
712b7d50-5779-4c51-8dc0-18a4da53df5e,Sebastian Armando Bonet Plaza,San Antonio,L04 LOTE 7A,Occidente,212516,2025-11-01,2025-11,16.8,0,False
712b7d50-5779-4c51-8dc0-18a4da53df5e,Sebastian Armando Bonet Plaza,San Antonio,L04 LOTE 7A,Occidente,212516,2025-12-01,2025-12,6.6,0,False
712b7d50-5779-4c51-8dc0-18a4da53df5e,Sebastian Armando Bonet Plaza,San Antonio,L04 LOTE 7A,Occidente,212516,2026-01-01,2026-01,1.4,0,False
712b7d50-5779-4c51-8dc0-18a4da53df5e,Sebastian Armando Bonet Plaza,San Antonio,L04 LOTE 7A,Occidente,212516,2026-02-01,2026-02,0,0,False
712b7d50-5779-4c51-8dc0-18a4da53df5e,Sebastian Armando Bonet Plaza,San Antonio,L04 LOTE 7A,Occidente,212516,2026-03-01,2026-03,2.4,0,False
712b7d50-5779-4c51-8dc0-18a4da53df5e,Sebastian Armando Bonet Plaza,San Antonio,L04 LOTE 7A,Occidente,212516,2026-04-01,2026-04,56.2,0,False
712b7d50-5779-4c51-8dc0-18a4da53df5e,Sebastian Armando Bonet Plaza,San Antonio,L04 LOTE 7A,Occidente,212516,2026-05-01,2026-05,115,0,False
712b7d50-5779-4c51-8dc0-18a4da53df5e,Sebastian Armando Bonet Plaza,San Antonio,L04 LOTE 7A,Occidente,212516,2026-06-01,2026-06,178.6,0,False
712b7d50-5779-4c51-8dc0-18a4da53df5e,Sebastian Armando Bonet Plaza,San Antonio,L04 LOTE 7A,Occidente,212516,2026-07-01,2026-07,192.2,0,False
712b7d50-5779-4c51-8dc0-18a4da53df5e,Sebastian Armando Bonet Plaza,San Antonio,L04 LOTE 7A,Occidente,212516,2026-08-01,2026-08,1.4,100,True
47bbce29-2afc-4207-84f3-fe3414fb1253,Sebastian Armando Bonet Plaza,San Antonio,L05 LOTE 7B,Occidente,212516,2025-05-01,2025-05,16,0,False
47bbce29-2afc-4207-84f3-fe3414fb1253,Sebastian Armando Bonet Plaza,San Antonio,L05 LOTE 7B,Occidente,212516,2025-06-01,2025-06,246,0,False
47bbce29-2afc-4207-84f3-fe3414fb1253,Sebastian Armando Bonet Plaza,San Antonio,L05 LOTE 7B,Occidente,212516,2025-07-01,2025-07,286.6,0,False
47bbce29-2afc-4207-84f3-fe3414fb1253,Sebastian Armando Bonet Plaza,San Antonio,L05 LOTE 7B,Occidente,212516,2025-08-01,2025-08,215.4,0,False
47bbce29-2afc-4207-84f3-fe3414fb1253,Sebastian Armando Bonet Plaza,San Antonio,L05 LOTE 7B,Occidente,212516,2025-09-01,2025-09,124.6,0,False
47bbce29-2afc-4207-84f3-fe3414fb1253,Sebastian Armando Bonet Plaza,San Antonio,L05 LOTE 7B,Occidente,212516,2025-10-01,2025-10,71.6,0,False
47bbce29-2afc-4207-84f3-fe3414fb1253,Sebastian Armando Bonet Plaza,San Antonio,L05 LOTE 7B,Occidente,212516,2025-11-01,2025-11,16.8,0,False
47bbce29-2afc-4207-84f3-fe3414fb1253,Sebastian Armando Bonet Plaza,San Antonio,L05 LOTE 7B,Occidente,212516,2025-12-01,2025-12,6.6,0,False
47bbce29-2afc-4207-84f3-fe3414fb1253,Sebastian Armando Bonet Plaza,San Antonio,L05 LOTE 7B,Occidente,212516,2026-01-01,2026-01,1.4,0,False
47bbce29-2afc-4207-84f3-fe3414fb1253,Sebastian Armando Bonet Plaza,San Antonio,L05 LOTE 7B,Occidente,212516,2026-02-01,2026-02,0,0,False
47bbce29-2afc-4207-84f3-fe3414fb1253,Sebastian Armando Bonet Plaza,San Antonio,L05 LOTE 7B,Occidente,212516,2026-03-01,2026-03,2.4,0,False
47bbce29-2afc-4207-84f3-fe3414fb1253,Sebastian Armando Bonet Plaza,San Antonio,L05 LOTE 7B,Occidente,212516,2026-04-01,2026-04,56.2,0,False
47bbce29-2afc-4207-84f3-fe3414fb1253,Sebastian Armando Bonet Plaza,San Antonio,L05 LOTE 7B,Occidente,212516,2026-05-01,2026-05,115,0,False
47bbce29-2afc-4207-84f3-fe3414fb1253,Sebastian Armando Bonet Plaza,San Antonio,L05 LOTE 7B,Occidente,212516,2026-06-01,2026-06,178.6,0,False
47bbce29-2afc-4207-84f3-fe3414fb1253,Sebastian Armando Bonet Plaza,San Antonio,L05 LOTE 7B,Occidente,212516,2026-07-01,2026-07,192.2,0,False
47bbce29-2afc-4207-84f3-fe3414fb1253,Sebastian Armando Bonet Plaza,San Antonio,L05 LOTE 7B,Occidente,212516,2026-08-01,2026-08,1.4,100,True
b0ed6fbc-abb3-4cd6-b013-0b789a12a22a,Sebastian Armando Bonet Plaza,San Antonio,L06 LOTE 7C,Occidente,212516,2025-05-01,2025-05,16,0,False
b0ed6fbc-abb3-4cd6-b013-0b789a12a22a,Sebastian Armando Bonet Plaza,San Antonio,L06 LOTE 7C,Occidente,212516,2025-06-01,2025-06,246,0,False
b0ed6fbc-abb3-4cd6-b013-0b789a12a22a,Sebastian Armando Bonet Plaza,San Antonio,L06 LOTE 7C,Occidente,212516,2025-07-01,2025-07,286.6,0,False
b0ed6fbc-abb3-4cd6-b013-0b789a12a22a,Sebastian Armando Bonet Plaza,San Antonio,L06 LOTE 7C,Occidente,212516,2025-08-01,2025-08,215.4,0,False
b0ed6fbc-abb3-4cd6-b013-0b789a12a22a,Sebastian Armando Bonet Plaza,San Antonio,L06 LOTE 7C,Occidente,212516,2025-09-01,2025-09,124.6,0,False
b0ed6fbc-abb3-4cd6-b013-0b789a12a22a,Sebastian Armando Bonet Plaza,San Antonio,L06 LOTE 7C,Occidente,212516,2025-10-01,2025-10,71.6,0,False
b0ed6fbc-abb3-4cd6-b013-0b789a12a22a,Sebastian Armando Bonet Plaza,San Antonio,L06 LOTE 7C,Occidente,212516,2025-11-01,2025-11,16.8,0,False
b0ed6fbc-abb3-4cd6-b013-0b789a12a22a,Sebastian Armando Bonet Plaza,San Antonio,L06 LOTE 7C,Occidente,212516,2025-12-01,2025-12,6.6,0,False
b0ed6fbc-abb3-4cd6-b013-0b789a12a22a,Sebastian Armando Bonet Plaza,San Antonio,L06 LOTE 7C,Occidente,212516,2026-01-01,2026-01,1.4,0,False
b0ed6fbc-abb3-4cd6-b013-0b789a12a22a,Sebastian Armando Bonet Plaza,San Antonio,L06 LOTE 7C,Occidente,212516,2026-02-01,2026-02,0,0,False
b0ed6fbc-abb3-4cd6-b013-0b789a12a22a,Sebastian Armando Bonet Plaza,San Antonio,L06 LOTE 7C,Occidente,212516,2026-03-01,2026-03,2.4,0,False
b0ed6fbc-abb3-4cd6-b013-0b789a12a22a,Sebastian Armando Bonet Plaza,San Antonio,L06 LOTE 7C,Occidente,212516,2026-04-01,2026-04,56.2,0,False
b0ed6fbc-abb3-4cd6-b013-0b789a12a22a,Sebastian Armando Bonet Plaza,San Antonio,L06 LOTE 7C,Occidente,212516,2026-05-01,2026-05,115,0,False
b0ed6fbc-abb3-4cd6-b013-0b789a12a22a,Sebastian Armando Bonet Plaza,San Antonio,L06 LOTE 7C,Occidente,212516,2026-06-01,2026-06,178.6,0,False
b0ed6fbc-abb3-4cd6-b013-0b789a12a22a,Sebastian Armando Bonet Plaza,San Antonio,L06 LOTE 7C,Occidente,212516,2026-07-01,2026-07,192.2,0,False
b0ed6fbc-abb3-4cd6-b013-0b789a12a22a,Sebastian Armando Bonet Plaza,San Antonio,L06 LOTE 7C,Occidente,212516,2026-08-01,2026-08,1.4,100,True
e672ab6a-c8a5-43ff-9776-80f87b779fce,Sebastian Armando Bonet Plaza,San Antonio,L07 LOTE-08,Occidente,212516,2025-05-01,2025-05,16,0,False
e672ab6a-c8a5-43ff-9776-80f87b779fce,Sebastian Armando Bonet Plaza,San Antonio,L07 LOTE-08,Occidente,212516,2025-06-01,2025-06,246,0,False
e672ab6a-c8a5-43ff-9776-80f87b779fce,Sebastian Armando Bonet Plaza,San Antonio,L07 LOTE-08,Occidente,212516,2025-07-01,2025-07,286.6,0,False
e672ab6a-c8a5-43ff-9776-80f87b779fce,Sebastian Armando Bonet Plaza,San Antonio,L07 LOTE-08,Occidente,212516,2025-08-01,2025-08,215.4,0,False
e672ab6a-c8a5-43ff-9776-80f87b779fce,Sebastian Armando Bonet Plaza,San Antonio,L07 LOTE-08,Occidente,212516,2025-09-01,2025-09,124.6,0,False
e672ab6a-c8a5-43ff-9776-80f87b779fce,Sebastian Armando Bonet Plaza,San Antonio,L07 LOTE-08,Occidente,212516,2025-10-01,2025-10,71.6,0,False
e672ab6a-c8a5-43ff-9776-80f87b779fce,Sebastian Armando Bonet Plaza,San Antonio,L07 LOTE-08,Occidente,212516,2025-11-01,2025-11,16.8,0,False
e672ab6a-c8a5-43ff-9776-80f87b779fce,Sebastian Armando Bonet Plaza,San Antonio,L07 LOTE-08,Occidente,212516,2025-12-01,2025-12,6.6,0,False
e672ab6a-c8a5-43ff-9776-80f87b779fce,Sebastian Armando Bonet Plaza,San Antonio,L07 LOTE-08,Occidente,212516,2026-01-01,2026-01,1.4,0,False
e672ab6a-c8a5-43ff-9776-80f87b779fce,Sebastian Armando Bonet Plaza,San Antonio,L07 LOTE-08,Occidente,212516,2026-02-01,2026-02,0,0,False
e672ab6a-c8a5-43ff-9776-80f87b779fce,Sebastian Armando Bonet Plaza,San Antonio,L07 LOTE-08,Occidente,212516,2026-03-01,2026-03,2.4,0,False
e672ab6a-c8a5-43ff-9776-80f87b779fce,Sebastian Armando Bonet Plaza,San Antonio,L07 LOTE-08,Occidente,212516,2026-04-01,2026-04,56.2,0,False
e672ab6a-c8a5-43ff-9776-80f87b779fce,Sebastian Armando Bonet Plaza,San Antonio,L07 LOTE-08,Occidente,212516,2026-05-01,2026-05,115,0,False
e672ab6a-c8a5-43ff-9776-80f87b779fce,Sebastian Armando Bonet Plaza,San Antonio,L07 LOTE-08,Occidente,212516,2026-06-01,2026-06,178.6,0,False
e672ab6a-c8a5-43ff-9776-80f87b779fce,Sebastian Armando Bonet Plaza,San Antonio,L07 LOTE-08,Occidente,212516,2026-07-01,2026-07,192.2,6.451612903225807,True
e672ab6a-c8a5-43ff-9776-80f87b779fce,Sebastian Armando Bonet Plaza,San Antonio,L07 LOTE-08,Occidente,212516,2026-08-01,2026-08,1.4,93.54838709677419,True
32749415-204e-4346-8a37-9fe827d34530,Tony Alejandro Pestana Perez,Finca Montes de Luna,Las 10,Occidente,235347,2026-05-01,2026-05,26.2,0,False
32749415-204e-4346-8a37-9fe827d34530,Tony Alejandro Pestana Perez,Finca Montes de Luna,Las 10,Occidente,235347,2026-06-01,2026-06,179.4,0,False
32749415-204e-4346-8a37-9fe827d34530,Tony Alejandro Pestana Perez,Finca Montes de Luna,Las 10,Occidente,235347,2026-07-01,2026-07,81,0,False
32749415-204e-4346-8a37-9fe827d34530,Tony Alejandro Pestana Perez,Finca Montes de Luna,Las 10,Occidente,235347,2026-08-01,2026-08,1,0,False
a860e380-8a66-4c52-b476-489917e58aba,Tony Alejandro Pestana Perez,Finca Montes de Luna,Las 12,Occidente,235347,2026-05-01,2026-05,26.2,0,False
a860e380-8a66-4c52-b476-489917e58aba,Tony Alejandro Pestana Perez,Finca Montes de Luna,Las 12,Occidente,235347,2026-06-01,2026-06,179.4,0,False
a860e380-8a66-4c52-b476-489917e58aba,Tony Alejandro Pestana Perez,Finca Montes de Luna,Las 12,Occidente,235347,2026-07-01,2026-07,81,0,False
a860e380-8a66-4c52-b476-489917e58aba,Tony Alejandro Pestana Perez,Finca Montes de Luna,Las 12,Occidente,235347,2026-08-01,2026-08,1,0,False
d8bd190b-2604-48eb-9832-8065ac8d035e,Tony Alejandro Pestana Perez,Finca Montes de Luna,Las 14,Occidente,235347,2026-05-01,2026-05,26.2,0,False
d8bd190b-2604-48eb-9832-8065ac8d035e,Tony Alejandro Pestana Perez,Finca Montes de Luna,Las 14,Occidente,235347,2026-06-01,2026-06,179.4,0,False
d8bd190b-2604-48eb-9832-8065ac8d035e,Tony Alejandro Pestana Perez,Finca Montes de Luna,Las 14,Occidente,235347,2026-07-01,2026-07,81,61.29032258064516,True
d8bd190b-2604-48eb-9832-8065ac8d035e,Tony Alejandro Pestana Perez,Finca Montes de Luna,Las 14,Occidente,235347,2026-08-01,2026-08,1,38.70967741935484,True
e0a1c69a-82ba-4d8c-bfe1-15666ef4e38c,Tony Alejandro Pestana Perez,Finca Montes de Luna,Las 15,Occidente,235347,2026-05-01,2026-05,26.2,0,False
e0a1c69a-82ba-4d8c-bfe1-15666ef4e38c,Tony Alejandro Pestana Perez,Finca Montes de Luna,Las 15,Occidente,235347,2026-06-01,2026-06,179.4,0,False
e0a1c69a-82ba-4d8c-bfe1-15666ef4e38c,Tony Alejandro Pestana Perez,Finca Montes de Luna,Las 15,Occidente,235347,2026-07-01,2026-07,81,61.29032258064516,True
e0a1c69a-82ba-4d8c-bfe1-15666ef4e38c,Tony Alejandro Pestana Perez,Finca Montes de Luna,Las 15,Occidente,235347,2026-08-01,2026-08,1,38.70967741935484,True
2ca4def8-00f3-4a0c-bf50-953e20a60b71,Tony Alejandro Pestana Perez,Finca Montes de Luna,Las 25,Occidente,235347,2026-05-01,2026-05,26.2,0,False
2ca4def8-00f3-4a0c-bf50-953e20a60b71,Tony Alejandro Pestana Perez,Finca Montes de Luna,Las 25,Occidente,235347,2026-06-01,2026-06,179.4,0,False
2ca4def8-00f3-4a0c-bf50-953e20a60b71,Tony Alejandro Pestana Perez,Finca Montes de Luna,Las 25,Occidente,235347,2026-07-01,2026-07,81,0,False
2ca4def8-00f3-4a0c-bf50-953e20a60b71,Tony Alejandro Pestana Perez,Finca Montes de Luna,Las 25,Occidente,235347,2026-08-01,2026-08,1,0,False
7adbd076-899f-43fa-bb17-d46e4444925b,Tony Alejandro Pestana Perez,Finca Montes de Luna,Las 30,Occidente,235347,2026-05-01,2026-05,26.2,0,False
7adbd076-899f-43fa-bb17-d46e4444925b,Tony Alejandro Pestana Perez,Finca Montes de Luna,Las 30,Occidente,235347,2026-06-01,2026-06,179.4,0,False
7adbd076-899f-43fa-bb17-d46e4444925b,Tony Alejandro Pestana Perez,Finca Montes de Luna,Las 30,Occidente,235347,2026-07-01,2026-07,81,61.29032258064516,True
7adbd076-899f-43fa-bb17-d46e4444925b,Tony Alejandro Pestana Perez,Finca Montes de Luna,Las 30,Occidente,235347,2026-08-01,2026-08,1,38.70967741935484,True
fddc878d-13d5-4524-b4cc-3fec7d33398f,Tony Alejandro Pestana Perez,Finca Montes de Luna,Las 36,Occidente,235347,2026-05-01,2026-05,26.2,0,False
fddc878d-13d5-4524-b4cc-3fec7d33398f,Tony Alejandro Pestana Perez,Finca Montes de Luna,Las 36,Occidente,235347,2026-06-01,2026-06,179.4,0,False
fddc878d-13d5-4524-b4cc-3fec7d33398f,Tony Alejandro Pestana Perez,Finca Montes de Luna,Las 36,Occidente,235347,2026-07-01,2026-07,81,0,False
fddc878d-13d5-4524-b4cc-3fec7d33398f,Tony Alejandro Pestana Perez,Finca Montes de Luna,Las 36,Occidente,235347,2026-08-01,2026-08,1,0,False
7201515b-46bd-4f92-b888-5bcd0e6eea91,Tony Alejandro Pestana Perez,Finca Montes de Luna,Las 40,Occidente,235347,2026-05-01,2026-05,26.2,0,False
7201515b-46bd-4f92-b888-5bcd0e6eea91,Tony Alejandro Pestana Perez,Finca Montes de Luna,Las 40,Occidente,235347,2026-06-01,2026-06,179.4,0,False
7201515b-46bd-4f92-b888-5bcd0e6eea91,Tony Alejandro Pestana Perez,Finca Montes de Luna,Las 40,Occidente,235347,2026-07-01,2026-07,81,54.83870967741935,True
7201515b-46bd-4f92-b888-5bcd0e6eea91,Tony Alejandro Pestana Perez,Finca Montes de Luna,Las 40,Occidente,235347,2026-08-01,2026-08,1,45.16129032258065,True
12d1cd50-6e79-41b0-bdbe-670820f5c241,Tony Alejandro Pestana Perez,Finca Montes de Luna,"Las 6 + 1,7 + 0,4",Occidente,235347,2026-05-01,2026-05,26.2,0,False
12d1cd50-6e79-41b0-bdbe-670820f5c241,Tony Alejandro Pestana Perez,Finca Montes de Luna,"Las 6 + 1,7 + 0,4",Occidente,235347,2026-06-01,2026-06,179.4,0,False
12d1cd50-6e79-41b0-bdbe-670820f5c241,Tony Alejandro Pestana Perez,Finca Montes de Luna,"Las 6 + 1,7 + 0,4",Occidente,235347,2026-07-01,2026-07,81,0,False
12d1cd50-6e79-41b0-bdbe-670820f5c241,Tony Alejandro Pestana Perez,Finca Montes de Luna,"Las 6 + 1,7 + 0,4",Occidente,235347,2026-08-01,2026-08,1,0,False
2b2b02bd-aef4-4d63-982d-42e24d54ccf0,Victor Ramon Oropeza Ortiz,Mayurupi,Arnaldo,Occidente,237976,2026-05-01,2026-05,20,0,False
2b2b02bd-aef4-4d63-982d-42e24d54ccf0,Victor Ramon Oropeza Ortiz,Mayurupi,Arnaldo,Occidente,237976,2026-06-01,2026-06,78.4,0,False
2b2b02bd-aef4-4d63-982d-42e24d54ccf0,Victor Ramon Oropeza Ortiz,Mayurupi,Arnaldo,Occidente,237976,2026-07-01,2026-07,326,29.032258064516128,True
2b2b02bd-aef4-4d63-982d-42e24d54ccf0,Victor Ramon Oropeza Ortiz,Mayurupi,Arnaldo,Occidente,237976,2026-08-01,2026-08,0,70.96774193548387,True
c7cf8cdc-95de-441b-926c-2410117fb265,Victor Ramon Oropeza Ortiz,Mayurupi,El Manguito,Occidente,237976,2026-05-01,2026-05,20,0,False
c7cf8cdc-95de-441b-926c-2410117fb265,Victor Ramon Oropeza Ortiz,Mayurupi,El Manguito,Occidente,237976,2026-06-01,2026-06,78.4,0,False
c7cf8cdc-95de-441b-926c-2410117fb265,Victor Ramon Oropeza Ortiz,Mayurupi,El Manguito,Occidente,237976,2026-07-01,2026-07,326,12.903225806451612,True
c7cf8cdc-95de-441b-926c-2410117fb265,Victor Ramon Oropeza Ortiz,Mayurupi,El Manguito,Occidente,237976,2026-08-01,2026-08,0,87.09677419354838,True
8acf1792-df92-41a3-8060-0a3dfe16e28a,Victor Ramon Oropeza Ortiz,Mayurupi,La Casita,Occidente,237976,2026-05-01,2026-05,20,0,False
8acf1792-df92-41a3-8060-0a3dfe16e28a,Victor Ramon Oropeza Ortiz,Mayurupi,La Casita,Occidente,237976,2026-06-01,2026-06,78.4,0,False
8acf1792-df92-41a3-8060-0a3dfe16e28a,Victor Ramon Oropeza Ortiz,Mayurupi,La Casita,Occidente,237976,2026-07-01,2026-07,326,0,False
8acf1792-df92-41a3-8060-0a3dfe16e28a,Victor Ramon Oropeza Ortiz,Mayurupi,La Casita,Occidente,237976,2026-08-01,2026-08,0,100,True
1a0b7e34-2e7b-4ee9-832b-7a2cd8d76e7d,Victor Ramon Oropeza Ortiz,Mayurupi,La Mora,Occidente,237976,2026-05-01,2026-05,20,0,False
1a0b7e34-2e7b-4ee9-832b-7a2cd8d76e7d,Victor Ramon Oropeza Ortiz,Mayurupi,La Mora,Occidente,237976,2026-06-01,2026-06,78.4,0,False
1a0b7e34-2e7b-4ee9-832b-7a2cd8d76e7d,Victor Ramon Oropeza Ortiz,Mayurupi,La Mora,Occidente,237976,2026-07-01,2026-07,326,0,False
1a0b7e34-2e7b-4ee9-832b-7a2cd8d76e7d,Victor Ramon Oropeza Ortiz,Mayurupi,La Mora,Occidente,237976,2026-08-01,2026-08,0,90.3225806451613,True
aa1742cf-036c-41be-8631-02a6168a5363,Victor Ramon Oropeza Ortiz,Mayurupi,Las 15,Occidente,237976,2026-05-01,2026-05,20,0,False
aa1742cf-036c-41be-8631-02a6168a5363,Victor Ramon Oropeza Ortiz,Mayurupi,Las 15,Occidente,237976,2026-06-01,2026-06,78.4,0,False
aa1742cf-036c-41be-8631-02a6168a5363,Victor Ramon Oropeza Ortiz,Mayurupi,Las 15,Occidente,237976,2026-07-01,2026-07,326,32.25806451612903,True
aa1742cf-036c-41be-8631-02a6168a5363,Victor Ramon Oropeza Ortiz,Mayurupi,Las 15,Occidente,237976,2026-08-01,2026-08,0,67.74193548387096,True
30ad530e-c1a9-4984-9844-58f7139826cf,Victor Ramon Oropeza Ortiz,Mayurupi,Las 17,Occidente,237976,2026-05-01,2026-05,20,0,False
30ad530e-c1a9-4984-9844-58f7139826cf,Victor Ramon Oropeza Ortiz,Mayurupi,Las 17,Occidente,237976,2026-06-01,2026-06,78.4,0,False
30ad530e-c1a9-4984-9844-58f7139826cf,Victor Ramon Oropeza Ortiz,Mayurupi,Las 17,Occidente,237976,2026-07-01,2026-07,326,32.25806451612903,True
30ad530e-c1a9-4984-9844-58f7139826cf,Victor Ramon Oropeza Ortiz,Mayurupi,Las 17,Occidente,237976,2026-08-01,2026-08,0,67.74193548387096,True
d5f248c5-c04e-48a3-a179-85415b1f188c,Victor Ramon Oropeza Ortiz,Mayurupi,Las 29,Occidente,237976,2026-05-01,2026-05,20,0,False
d5f248c5-c04e-48a3-a179-85415b1f188c,Victor Ramon Oropeza Ortiz,Mayurupi,Las 29,Occidente,237976,2026-06-01,2026-06,78.4,0,False
d5f248c5-c04e-48a3-a179-85415b1f188c,Victor Ramon Oropeza Ortiz,Mayurupi,Las 29,Occidente,237976,2026-07-01,2026-07,326,25.806451612903224,True
d5f248c5-c04e-48a3-a179-85415b1f188c,Victor Ramon Oropeza Ortiz,Mayurupi,Las 29,Occidente,237976,2026-08-01,2026-08,0,74.19354838709677,True
c1b5faa9-4a63-41f4-a7d8-a3b22ce96e9d,Victor Ramon Oropeza Ortiz,Mayurupi,Las Lagunas,Occidente,237976,2026-05-01,2026-05,20,0,False
c1b5faa9-4a63-41f4-a7d8-a3b22ce96e9d,Victor Ramon Oropeza Ortiz,Mayurupi,Las Lagunas,Occidente,237976,2026-06-01,2026-06,78.4,0,False
c1b5faa9-4a63-41f4-a7d8-a3b22ce96e9d,Victor Ramon Oropeza Ortiz,Mayurupi,Las Lagunas,Occidente,237976,2026-07-01,2026-07,326,6.451612903225807,True
c1b5faa9-4a63-41f4-a7d8-a3b22ce96e9d,Victor Ramon Oropeza Ortiz,Mayurupi,Las Lagunas,Occidente,237976,2026-08-01,2026-08,0,93.54838709677419,True
c7f3004f-6112-4fa3-9c5d-fbbd0dc80174,Victor Ramon Oropeza Ortiz,Mayurupi,Los Robles,Occidente,237976,2026-05-01,2026-05,20,0,False
c7f3004f-6112-4fa3-9c5d-fbbd0dc80174,Victor Ramon Oropeza Ortiz,Mayurupi,Los Robles,Occidente,237976,2026-06-01,2026-06,78.4,0,False
c7f3004f-6112-4fa3-9c5d-fbbd0dc80174,Victor Ramon Oropeza Ortiz,Mayurupi,Los Robles,Occidente,237976,2026-07-01,2026-07,326,9.67741935483871,True
c7f3004f-6112-4fa3-9c5d-fbbd0dc80174,Victor Ramon Oropeza Ortiz,Mayurupi,Los Robles,Occidente,237976,2026-08-01,2026-08,0,90.3225806451613,True
890bea72-8a7e-45f7-a085-3467d37061d4,Victor Ramon Oropeza Ortiz,Mayurupi,Samán,Occidente,237976,2026-05-01,2026-05,20,0,False
890bea72-8a7e-45f7-a085-3467d37061d4,Victor Ramon Oropeza Ortiz,Mayurupi,Samán,Occidente,237976,2026-06-01,2026-06,78.4,0,False
890bea72-8a7e-45f7-a085-3467d37061d4,Victor Ramon Oropeza Ortiz,Mayurupi,Samán,Occidente,237976,2026-07-01,2026-07,326,0,False
890bea72-8a7e-45f7-a085-3467d37061d4,Victor Ramon Oropeza Ortiz,Mayurupi,Samán,Occidente,237976,2026-08-01,2026-08,0,96.7741935483871,True
009d4842-e980-4115-9f83-ef14114be556,Virbel Jose Griman Alfin,El manguito,El Manguito 1,Occidente,235420,2026-05-01,2026-05,23.8,0,False
009d4842-e980-4115-9f83-ef14114be556,Virbel Jose Griman Alfin,El manguito,El Manguito 1,Occidente,235420,2026-06-01,2026-06,74.6,0,False
009d4842-e980-4115-9f83-ef14114be556,Virbel Jose Griman Alfin,El manguito,El Manguito 1,Occidente,235420,2026-07-01,2026-07,314.4,29.032258064516128,True
009d4842-e980-4115-9f83-ef14114be556,Virbel Jose Griman Alfin,El manguito,El Manguito 1,Occidente,235420,2026-08-01,2026-08,0,70.96774193548387,True
e75f8a42-d927-4ac2-a2a5-12ea3cec8adb,Virbel Jose Griman Alfin,El manguito,El Manguito 2,Occidente,235420,2026-05-01,2026-05,23.8,0,False
e75f8a42-d927-4ac2-a2a5-12ea3cec8adb,Virbel Jose Griman Alfin,El manguito,El Manguito 2,Occidente,235420,2026-06-01,2026-06,74.6,0,False
e75f8a42-d927-4ac2-a2a5-12ea3cec8adb,Virbel Jose Griman Alfin,El manguito,El Manguito 2,Occidente,235420,2026-07-01,2026-07,314.4,29.032258064516128,True
e75f8a42-d927-4ac2-a2a5-12ea3cec8adb,Virbel Jose Griman Alfin,El manguito,El Manguito 2,Occidente,235420,2026-08-01,2026-08,0,70.96774193548387,True
891969f3-6d3b-40fe-a207-f50eda837f92,Virbel Jose Griman Alfin,El manguito,El Manguito 3,Occidente,235420,2026-05-01,2026-05,23.8,0,False
891969f3-6d3b-40fe-a207-f50eda837f92,Virbel Jose Griman Alfin,El manguito,El Manguito 3,Occidente,235420,2026-06-01,2026-06,74.6,0,False
891969f3-6d3b-40fe-a207-f50eda837f92,Virbel Jose Griman Alfin,El manguito,El Manguito 3,Occidente,235420,2026-07-01,2026-07,314.4,32.25806451612903,True
891969f3-6d3b-40fe-a207-f50eda837f92,Virbel Jose Griman Alfin,El manguito,El Manguito 3,Occidente,235420,2026-08-01,2026-08,0,67.74193548387096,True
00ea0e05-0a77-4fbd-995c-7402959cf5ea,Virbel Jose Griman Alfin,El manguito,La Rosa,Occidente,235420,2026-05-01,2026-05,23.8,0,False
00ea0e05-0a77-4fbd-995c-7402959cf5ea,Virbel Jose Griman Alfin,El manguito,La Rosa,Occidente,235420,2026-06-01,2026-06,74.6,0,False
00ea0e05-0a77-4fbd-995c-7402959cf5ea,Virbel Jose Griman Alfin,El manguito,La Rosa,Occidente,235420,2026-07-01,2026-07,314.4,16.129032258064516,True
00ea0e05-0a77-4fbd-995c-7402959cf5ea,Virbel Jose Griman Alfin,El manguito,La Rosa,Occidente,235420,2026-08-01,2026-08,0,83.87096774193549,True
b84f3a77-03ab-458f-893c-3de6a9de2743,Virbel Jose Griman Alfin,El manguito,La Silvera,Occidente,235420,2026-05-01,2026-05,23.8,0,False
b84f3a77-03ab-458f-893c-3de6a9de2743,Virbel Jose Griman Alfin,El manguito,La Silvera,Occidente,235420,2026-06-01,2026-06,74.6,0,False
b84f3a77-03ab-458f-893c-3de6a9de2743,Virbel Jose Griman Alfin,El manguito,La Silvera,Occidente,235420,2026-07-01,2026-07,314.4,0,False
b84f3a77-03ab-458f-893c-3de6a9de2743,Virbel Jose Griman Alfin,El manguito,La Silvera,Occidente,235420,2026-08-01,2026-08,0,80.64516129032258,True
98f7bbe0-9db8-4e7c-b850-098bf801aa23,Virbel Jose Griman Alfin,El manguito,Lote de Arriba,Occidente,235420,2026-05-01,2026-05,23.8,0,False
98f7bbe0-9db8-4e7c-b850-098bf801aa23,Virbel Jose Griman Alfin,El manguito,Lote de Arriba,Occidente,235420,2026-06-01,2026-06,74.6,0,False
98f7bbe0-9db8-4e7c-b850-098bf801aa23,Virbel Jose Griman Alfin,El manguito,Lote de Arriba,Occidente,235420,2026-07-01,2026-07,314.4,0,False
98f7bbe0-9db8-4e7c-b850-098bf801aa23,Virbel Jose Griman Alfin,El manguito,Lote de Arriba,Occidente,235420,2026-08-01,2026-08,0,100,True
22c4ba7c-f484-4705-b781-2a8cd37a6a64,Virbel Jose Griman Alfin,El manguito,Pavi 02,Occidente,235420,2026-05-01,2026-05,23.8,0,False
22c4ba7c-f484-4705-b781-2a8cd37a6a64,Virbel Jose Griman Alfin,El manguito,Pavi 02,Occidente,235420,2026-06-01,2026-06,74.6,0,False
22c4ba7c-f484-4705-b781-2a8cd37a6a64,Virbel Jose Griman Alfin,El manguito,Pavi 02,Occidente,235420,2026-07-01,2026-07,314.4,0,False
22c4ba7c-f484-4705-b781-2a8cd37a6a64,Virbel Jose Griman Alfin,El manguito,Pavi 02,Occidente,235420,2026-08-01,2026-08,0,90.3225806451613,True
99bab506-cf69-40e5-8a10-4e3bc9fc62a6,Virbel Jose Griman Alfin,El manguito,Pavi 1,Occidente,235420,2026-05-01,2026-05,23.8,0,False
99bab506-cf69-40e5-8a10-4e3bc9fc62a6,Virbel Jose Griman Alfin,El manguito,Pavi 1,Occidente,235420,2026-06-01,2026-06,74.6,0,False
99bab506-cf69-40e5-8a10-4e3bc9fc62a6,Virbel Jose Griman Alfin,El manguito,Pavi 1,Occidente,235420,2026-07-01,2026-07,314.4,0,False
99bab506-cf69-40e5-8a10-4e3bc9fc62a6,Virbel Jose Griman Alfin,El manguito,Pavi 1,Occidente,235420,2026-08-01,2026-08,0,96.7741935483871,True
62786119-617b-4983-bc9f-28b669b1a665,Williams Manuel Canelon Gonzalez,La Ceiba,Antonio Gaiza,Occidente,235411,2026-05-01,2026-05,21.6,0,False
62786119-617b-4983-bc9f-28b669b1a665,Williams Manuel Canelon Gonzalez,La Ceiba,Antonio Gaiza,Occidente,235411,2026-06-01,2026-06,82.2,0,False
62786119-617b-4983-bc9f-28b669b1a665,Williams Manuel Canelon Gonzalez,La Ceiba,Antonio Gaiza,Occidente,235411,2026-07-01,2026-07,284.6,32.25806451612903,True
62786119-617b-4983-bc9f-28b669b1a665,Williams Manuel Canelon Gonzalez,La Ceiba,Antonio Gaiza,Occidente,235411,2026-08-01,2026-08,0,67.74193548387096,True
84d788ab-4dac-49fe-900e-899f423d3c29,Williams Manuel Canelon Gonzalez,La Ceiba,El Corral,Occidente,235411,2026-05-01,2026-05,21.6,0,False
84d788ab-4dac-49fe-900e-899f423d3c29,Williams Manuel Canelon Gonzalez,La Ceiba,El Corral,Occidente,235411,2026-06-01,2026-06,82.2,0,False
84d788ab-4dac-49fe-900e-899f423d3c29,Williams Manuel Canelon Gonzalez,La Ceiba,El Corral,Occidente,235411,2026-07-01,2026-07,284.6,22.580645161290324,True
84d788ab-4dac-49fe-900e-899f423d3c29,Williams Manuel Canelon Gonzalez,La Ceiba,El Corral,Occidente,235411,2026-08-01,2026-08,0,77.41935483870968,True
83794207-c5d3-45f7-8dea-7975f0b174ea,Williams Manuel Canelon Gonzalez,La Ceiba,El Galpón,Occidente,235411,2026-05-01,2026-05,21.6,0,False
83794207-c5d3-45f7-8dea-7975f0b174ea,Williams Manuel Canelon Gonzalez,La Ceiba,El Galpón,Occidente,235411,2026-06-01,2026-06,82.2,0,False
83794207-c5d3-45f7-8dea-7975f0b174ea,Williams Manuel Canelon Gonzalez,La Ceiba,El Galpón,Occidente,235411,2026-07-01,2026-07,284.6,6.451612903225807,True
83794207-c5d3-45f7-8dea-7975f0b174ea,Williams Manuel Canelon Gonzalez,La Ceiba,El Galpón,Occidente,235411,2026-08-01,2026-08,0,93.54838709677419,True
ea9bdd86-30a3-428e-8378-657edee59cbf,Williams Manuel Canelon Gonzalez,La Ceiba,Pollera,Occidente,235411,2026-05-01,2026-05,21.6,0,False
ea9bdd86-30a3-428e-8378-657edee59cbf,Williams Manuel Canelon Gonzalez,La Ceiba,Pollera,Occidente,235411,2026-06-01,2026-06,82.2,0,False
ea9bdd86-30a3-428e-8378-657edee59cbf,Williams Manuel Canelon Gonzalez,La Ceiba,Pollera,Occidente,235411,2026-07-01,2026-07,284.6,29.032258064516128,True
ea9bdd86-30a3-428e-8378-657edee59cbf,Williams Manuel Canelon Gonzalez,La Ceiba,Pollera,Occidente,235411,2026-08-01,2026-08,0,70.96774193548387,True
9b5d4495-8402-453a-b937-5b2ea11f0d08,Yaro El Chaer,Los Galo,Bernaldino 1+2,Occidente,238570,2026-05-01,2026-05,0,0,False
9b5d4495-8402-453a-b937-5b2ea11f0d08,Yaro El Chaer,Los Galo,Bernaldino 1+2,Occidente,238570,2026-06-01,2026-06,111,0,False
9b5d4495-8402-453a-b937-5b2ea11f0d08,Yaro El Chaer,Los Galo,Bernaldino 1+2,Occidente,238570,2026-07-01,2026-07,109.8,0,False
9b5d4495-8402-453a-b937-5b2ea11f0d08,Yaro El Chaer,Los Galo,Bernaldino 1+2,Occidente,238570,2026-08-01,2026-08,0,19.35483870967742,True
b9dce86b-7791-49fd-938f-f2f60c240621,Yaro El Chaer,Los Galo,Bernaldino 3,Occidente,238570,2026-05-01,2026-05,0,0,False
b9dce86b-7791-49fd-938f-f2f60c240621,Yaro El Chaer,Los Galo,Bernaldino 3,Occidente,238570,2026-06-01,2026-06,111,0,False
b9dce86b-7791-49fd-938f-f2f60c240621,Yaro El Chaer,Los Galo,Bernaldino 3,Occidente,238570,2026-07-01,2026-07,109.8,19.35483870967742,True
b9dce86b-7791-49fd-938f-f2f60c240621,Yaro El Chaer,Los Galo,Bernaldino 3,Occidente,238570,2026-08-01,2026-08,0,80.64516129032258,True
88bf6daa-e00f-4c66-b034-6962315377db,Yaro El Chaer,Los Galo,El Grande 1,Occidente,238570,2026-05-01,2026-05,0,0,False
88bf6daa-e00f-4c66-b034-6962315377db,Yaro El Chaer,Los Galo,El Grande 1,Occidente,238570,2026-06-01,2026-06,111,0,False
88bf6daa-e00f-4c66-b034-6962315377db,Yaro El Chaer,Los Galo,El Grande 1,Occidente,238570,2026-07-01,2026-07,109.8,29.032258064516128,True
88bf6daa-e00f-4c66-b034-6962315377db,Yaro El Chaer,Los Galo,El Grande 1,Occidente,238570,2026-08-01,2026-08,0,70.96774193548387,True
af76ad46-bc27-4f6f-a81c-a9e64230245d,Yaro El Chaer,Los Galo,El Grande 2,Occidente,238570,2026-05-01,2026-05,0,0,False
af76ad46-bc27-4f6f-a81c-a9e64230245d,Yaro El Chaer,Los Galo,El Grande 2,Occidente,238570,2026-06-01,2026-06,111,0,False
af76ad46-bc27-4f6f-a81c-a9e64230245d,Yaro El Chaer,Los Galo,El Grande 2,Occidente,238570,2026-07-01,2026-07,109.8,25.806451612903224,True
af76ad46-bc27-4f6f-a81c-a9e64230245d,Yaro El Chaer,Los Galo,El Grande 2,Occidente,238570,2026-08-01,2026-08,0,74.19354838709677,True
5761d0ff-61b1-45de-b4ab-24a1ec89bd4d,Yaro El Chaer,Los Galo,El Mamón,Occidente,238570,2026-05-01,2026-05,0,0,False
5761d0ff-61b1-45de-b4ab-24a1ec89bd4d,Yaro El Chaer,Los Galo,El Mamón,Occidente,238570,2026-06-01,2026-06,111,0,False
5761d0ff-61b1-45de-b4ab-24a1ec89bd4d,Yaro El Chaer,Los Galo,El Mamón,Occidente,238570,2026-07-01,2026-07,109.8,0,False
5761d0ff-61b1-45de-b4ab-24a1ec89bd4d,Yaro El Chaer,Los Galo,El Mamón,Occidente,238570,2026-08-01,2026-08,0,16.129032258064516,True
62c59f2f-0277-4f65-bbce-b4c9eb443417,Yaro El Chaer,Los Galo,El Samán,Occidente,238570,2026-05-01,2026-05,0,0,False
62c59f2f-0277-4f65-bbce-b4c9eb443417,Yaro El Chaer,Los Galo,El Samán,Occidente,238570,2026-06-01,2026-06,111,0,False
62c59f2f-0277-4f65-bbce-b4c9eb443417,Yaro El Chaer,Los Galo,El Samán,Occidente,238570,2026-07-01,2026-07,109.8,9.67741935483871,True
62c59f2f-0277-4f65-bbce-b4c9eb443417,Yaro El Chaer,Los Galo,El Samán,Occidente,238570,2026-08-01,2026-08,0,90.3225806451613,True
0af30eaf-3848-4a2b-b3f1-a229206ffc25,Yaro El Chaer,Los Galo,La Autopista,Occidente,238570,2026-05-01,2026-05,0,0,False
0af30eaf-3848-4a2b-b3f1-a229206ffc25,Yaro El Chaer,Los Galo,La Autopista,Occidente,238570,2026-06-01,2026-06,111,0,False
0af30eaf-3848-4a2b-b3f1-a229206ffc25,Yaro El Chaer,Los Galo,La Autopista,Occidente,238570,2026-07-01,2026-07,109.8,6.451612903225807,True
0af30eaf-3848-4a2b-b3f1-a229206ffc25,Yaro El Chaer,Los Galo,La Autopista,Occidente,238570,2026-08-01,2026-08,0,93.54838709677419,True
