lote_id,unidad_produccion,lote,agricultor_id,agricultor,zona,station_id,codigo_estacion,mes,anio,historico,valor_real,dias_con_dato,valor,es_pronostico,es_mes_excluido_por_calidad,metodo_usado,factor_usado,fuente_tipo,fuente_station_id,fuente_distancia_km
ad994139-9590-4367-a18b-7f89c983ae89,Juan Hilario,Cosechadora quemada 2,3cee0691-8a38-4379-b3f2-ee96d57d8a57,Juan Vicente Risso,,,,,,,,,,,,,,,,
e772acfa-f1f8-46c3-99d1-7bed9eec4312,Juan Hilario,Cosechadora quemada 3,3cee0691-8a38-4379-b3f2-ee96d57d8a57,Juan Vicente Risso,,,,,,,,,,,,,,,,
9b2dc289-d884-47ab-a882-08ab0eaf989d,Juan Hilario,Cosechadora quemada 4,3cee0691-8a38-4379-b3f2-ee96d57d8a57,Juan Vicente Risso,,,,,,,,,,,,,,,,
628029e0-f3d7-4151-850e-680a3e0266b9,Agropecuaria Dos Caminos,Dugarte 3,4d8f0268-961d-4d03-b75a-a944385d9c46,Elisa Bustamante,Occidente,236176,P19,12,2026,34,,0,18.62,True,False,ytd,0.5476,cercana,213450,9.36
628029e0-f3d7-4151-850e-680a3e0266b9,Agropecuaria Dos Caminos,Dugarte 3,4d8f0268-961d-4d03-b75a-a944385d9c46,Elisa Bustamante,Occidente,236176,P19,11,2026,89,,0,48.74,True,False,ytd,0.5476,cercana,213450,9.36
628029e0-f3d7-4151-850e-680a3e0266b9,Agropecuaria Dos Caminos,Dugarte 3,4d8f0268-961d-4d03-b75a-a944385d9c46,Elisa Bustamante,Occidente,236176,P19,10,2026,128.6,,0,70.42,True,False,ytd,0.5476,cercana,213450,9.36
628029e0-f3d7-4151-850e-680a3e0266b9,Agropecuaria Dos Caminos,Dugarte 3,4d8f0268-961d-4d03-b75a-a944385d9c46,Elisa Bustamante,Occidente,236176,P19,9,2026,119,,0,65.17,True,False,ytd,0.5476,cercana,213450,9.36
628029e0-f3d7-4151-850e-680a3e0266b9,Agropecuaria Dos Caminos,Dugarte 3,4d8f0268-961d-4d03-b75a-a944385d9c46,Elisa Bustamante,Occidente,236176,P19,8,2026,195.4,0,2,107,True,True,ytd,0.5476,cercana,213450,9.36
628029e0-f3d7-4151-850e-680a3e0266b9,Agropecuaria Dos Caminos,Dugarte 3,4d8f0268-961d-4d03-b75a-a944385d9c46,Elisa Bustamante,Occidente,236176,P19,7,2026,208.2,156.8,31,156.8,False,False,ytd,0.5476,cercana,213450,9.36
628029e0-f3d7-4151-850e-680a3e0266b9,Agropecuaria Dos Caminos,Dugarte 3,4d8f0268-961d-4d03-b75a-a944385d9c46,Elisa Bustamante,Occidente,236176,P19,6,2026,472.2,215.8,30,215.8,False,False,ytd,0.5476,cercana,213450,9.36
628029e0-f3d7-4151-850e-680a3e0266b9,Agropecuaria Dos Caminos,Dugarte 3,4d8f0268-961d-4d03-b75a-a944385d9c46,Elisa Bustamante,Occidente,236176,P19,5,2026,,31.2,6,0,True,True,ytd,0.5476,cercana,213450,9.36
628029e0-f3d7-4151-850e-680a3e0266b9,Agropecuaria Dos Caminos,Dugarte 3,4d8f0268-961d-4d03-b75a-a944385d9c46,Elisa Bustamante,Occidente,236176,P19,4,2026,,,0,0,True,False,ytd,0.5476,cercana,213450,9.36
628029e0-f3d7-4151-850e-680a3e0266b9,Agropecuaria Dos Caminos,Dugarte 3,4d8f0268-961d-4d03-b75a-a944385d9c46,Elisa Bustamante,Occidente,236176,P19,3,2026,,,0,0,True,False,ytd,0.5476,cercana,213450,9.36
628029e0-f3d7-4151-850e-680a3e0266b9,Agropecuaria Dos Caminos,Dugarte 3,4d8f0268-961d-4d03-b75a-a944385d9c46,Elisa Bustamante,Occidente,236176,P19,2,2026,,,0,0,True,False,ytd,0.5476,cercana,213450,9.36
628029e0-f3d7-4151-850e-680a3e0266b9,Agropecuaria Dos Caminos,Dugarte 3,4d8f0268-961d-4d03-b75a-a944385d9c46,Elisa Bustamante,Occidente,236176,P19,1,2026,,,0,0,True,False,ytd,0.5476,cercana,213450,9.36
f39aa274-4a2b-4cfc-a09a-3435bf844bf1,Agropecuaria Dos Caminos,Dugarte 4,4d8f0268-961d-4d03-b75a-a944385d9c46,Elisa Bustamante,Occidente,236176,P19,12,2026,34,,0,18.62,True,False,ytd,0.5476,cercana,213450,9.36
f39aa274-4a2b-4cfc-a09a-3435bf844bf1,Agropecuaria Dos Caminos,Dugarte 4,4d8f0268-961d-4d03-b75a-a944385d9c46,Elisa Bustamante,Occidente,236176,P19,11,2026,89,,0,48.74,True,False,ytd,0.5476,cercana,213450,9.36
f39aa274-4a2b-4cfc-a09a-3435bf844bf1,Agropecuaria Dos Caminos,Dugarte 4,4d8f0268-961d-4d03-b75a-a944385d9c46,Elisa Bustamante,Occidente,236176,P19,10,2026,128.6,,0,70.42,True,False,ytd,0.5476,cercana,213450,9.36
f39aa274-4a2b-4cfc-a09a-3435bf844bf1,Agropecuaria Dos Caminos,Dugarte 4,4d8f0268-961d-4d03-b75a-a944385d9c46,Elisa Bustamante,Occidente,236176,P19,9,2026,119,,0,65.17,True,False,ytd,0.5476,cercana,213450,9.36
f39aa274-4a2b-4cfc-a09a-3435bf844bf1,Agropecuaria Dos Caminos,Dugarte 4,4d8f0268-961d-4d03-b75a-a944385d9c46,Elisa Bustamante,Occidente,236176,P19,8,2026,195.4,0,2,107,True,True,ytd,0.5476,cercana,213450,9.36
f39aa274-4a2b-4cfc-a09a-3435bf844bf1,Agropecuaria Dos Caminos,Dugarte 4,4d8f0268-961d-4d03-b75a-a944385d9c46,Elisa Bustamante,Occidente,236176,P19,7,2026,208.2,156.8,31,156.8,False,False,ytd,0.5476,cercana,213450,9.36
f39aa274-4a2b-4cfc-a09a-3435bf844bf1,Agropecuaria Dos Caminos,Dugarte 4,4d8f0268-961d-4d03-b75a-a944385d9c46,Elisa Bustamante,Occidente,236176,P19,6,2026,472.2,215.8,30,215.8,False,False,ytd,0.5476,cercana,213450,9.36
f39aa274-4a2b-4cfc-a09a-3435bf844bf1,Agropecuaria Dos Caminos,Dugarte 4,4d8f0268-961d-4d03-b75a-a944385d9c46,Elisa Bustamante,Occidente,236176,P19,5,2026,,31.2,6,0,True,True,ytd,0.5476,cercana,213450,9.36
f39aa274-4a2b-4cfc-a09a-3435bf844bf1,Agropecuaria Dos Caminos,Dugarte 4,4d8f0268-961d-4d03-b75a-a944385d9c46,Elisa Bustamante,Occidente,236176,P19,4,2026,,,0,0,True,False,ytd,0.5476,cercana,213450,9.36
f39aa274-4a2b-4cfc-a09a-3435bf844bf1,Agropecuaria Dos Caminos,Dugarte 4,4d8f0268-961d-4d03-b75a-a944385d9c46,Elisa Bustamante,Occidente,236176,P19,3,2026,,,0,0,True,False,ytd,0.5476,cercana,213450,9.36
f39aa274-4a2b-4cfc-a09a-3435bf844bf1,Agropecuaria Dos Caminos,Dugarte 4,4d8f0268-961d-4d03-b75a-a944385d9c46,Elisa Bustamante,Occidente,236176,P19,2,2026,,,0,0,True,False,ytd,0.5476,cercana,213450,9.36
f39aa274-4a2b-4cfc-a09a-3435bf844bf1,Agropecuaria Dos Caminos,Dugarte 4,4d8f0268-961d-4d03-b75a-a944385d9c46,Elisa Bustamante,Occidente,236176,P19,1,2026,,,0,0,True,False,ytd,0.5476,cercana,213450,9.36
f2d834fc-d53c-44f3-8591-be5a26ab4ef7,Agropecuaria Dos Caminos,Los Patos 1,4d8f0268-961d-4d03-b75a-a944385d9c46,Elisa Bustamante,Occidente,236176,P19,12,2026,34,,0,18.62,True,False,ytd,0.5476,cercana,213450,9.36
f2d834fc-d53c-44f3-8591-be5a26ab4ef7,Agropecuaria Dos Caminos,Los Patos 1,4d8f0268-961d-4d03-b75a-a944385d9c46,Elisa Bustamante,Occidente,236176,P19,11,2026,89,,0,48.74,True,False,ytd,0.5476,cercana,213450,9.36
f2d834fc-d53c-44f3-8591-be5a26ab4ef7,Agropecuaria Dos Caminos,Los Patos 1,4d8f0268-961d-4d03-b75a-a944385d9c46,Elisa Bustamante,Occidente,236176,P19,10,2026,128.6,,0,70.42,True,False,ytd,0.5476,cercana,213450,9.36
f2d834fc-d53c-44f3-8591-be5a26ab4ef7,Agropecuaria Dos Caminos,Los Patos 1,4d8f0268-961d-4d03-b75a-a944385d9c46,Elisa Bustamante,Occidente,236176,P19,9,2026,119,,0,65.17,True,False,ytd,0.5476,cercana,213450,9.36
f2d834fc-d53c-44f3-8591-be5a26ab4ef7,Agropecuaria Dos Caminos,Los Patos 1,4d8f0268-961d-4d03-b75a-a944385d9c46,Elisa Bustamante,Occidente,236176,P19,8,2026,195.4,0,2,107,True,True,ytd,0.5476,cercana,213450,9.36
f2d834fc-d53c-44f3-8591-be5a26ab4ef7,Agropecuaria Dos Caminos,Los Patos 1,4d8f0268-961d-4d03-b75a-a944385d9c46,Elisa Bustamante,Occidente,236176,P19,7,2026,208.2,156.8,31,156.8,False,False,ytd,0.5476,cercana,213450,9.36
f2d834fc-d53c-44f3-8591-be5a26ab4ef7,Agropecuaria Dos Caminos,Los Patos 1,4d8f0268-961d-4d03-b75a-a944385d9c46,Elisa Bustamante,Occidente,236176,P19,6,2026,472.2,215.8,30,215.8,False,False,ytd,0.5476,cercana,213450,9.36
f2d834fc-d53c-44f3-8591-be5a26ab4ef7,Agropecuaria Dos Caminos,Los Patos 1,4d8f0268-961d-4d03-b75a-a944385d9c46,Elisa Bustamante,Occidente,236176,P19,5,2026,,31.2,6,0,True,True,ytd,0.5476,cercana,213450,9.36
f2d834fc-d53c-44f3-8591-be5a26ab4ef7,Agropecuaria Dos Caminos,Los Patos 1,4d8f0268-961d-4d03-b75a-a944385d9c46,Elisa Bustamante,Occidente,236176,P19,4,2026,,,0,0,True,False,ytd,0.5476,cercana,213450,9.36
f2d834fc-d53c-44f3-8591-be5a26ab4ef7,Agropecuaria Dos Caminos,Los Patos 1,4d8f0268-961d-4d03-b75a-a944385d9c46,Elisa Bustamante,Occidente,236176,P19,3,2026,,,0,0,True,False,ytd,0.5476,cercana,213450,9.36
f2d834fc-d53c-44f3-8591-be5a26ab4ef7,Agropecuaria Dos Caminos,Los Patos 1,4d8f0268-961d-4d03-b75a-a944385d9c46,Elisa Bustamante,Occidente,236176,P19,2,2026,,,0,0,True,False,ytd,0.5476,cercana,213450,9.36
f2d834fc-d53c-44f3-8591-be5a26ab4ef7,Agropecuaria Dos Caminos,Los Patos 1,4d8f0268-961d-4d03-b75a-a944385d9c46,Elisa Bustamante,Occidente,236176,P19,1,2026,,,0,0,True,False,ytd,0.5476,cercana,213450,9.36
1ade474a-369e-4704-ae55-4953ba5db0de,Agropecuaria Dos Caminos,Los Patos 2,4d8f0268-961d-4d03-b75a-a944385d9c46,Elisa Bustamante,Occidente,236176,P19,12,2026,34,,0,18.62,True,False,ytd,0.5476,cercana,213450,9.36
1ade474a-369e-4704-ae55-4953ba5db0de,Agropecuaria Dos Caminos,Los Patos 2,4d8f0268-961d-4d03-b75a-a944385d9c46,Elisa Bustamante,Occidente,236176,P19,11,2026,89,,0,48.74,True,False,ytd,0.5476,cercana,213450,9.36
1ade474a-369e-4704-ae55-4953ba5db0de,Agropecuaria Dos Caminos,Los Patos 2,4d8f0268-961d-4d03-b75a-a944385d9c46,Elisa Bustamante,Occidente,236176,P19,10,2026,128.6,,0,70.42,True,False,ytd,0.5476,cercana,213450,9.36
1ade474a-369e-4704-ae55-4953ba5db0de,Agropecuaria Dos Caminos,Los Patos 2,4d8f0268-961d-4d03-b75a-a944385d9c46,Elisa Bustamante,Occidente,236176,P19,9,2026,119,,0,65.17,True,False,ytd,0.5476,cercana,213450,9.36
1ade474a-369e-4704-ae55-4953ba5db0de,Agropecuaria Dos Caminos,Los Patos 2,4d8f0268-961d-4d03-b75a-a944385d9c46,Elisa Bustamante,Occidente,236176,P19,8,2026,195.4,0,2,107,True,True,ytd,0.5476,cercana,213450,9.36
1ade474a-369e-4704-ae55-4953ba5db0de,Agropecuaria Dos Caminos,Los Patos 2,4d8f0268-961d-4d03-b75a-a944385d9c46,Elisa Bustamante,Occidente,236176,P19,7,2026,208.2,156.8,31,156.8,False,False,ytd,0.5476,cercana,213450,9.36
1ade474a-369e-4704-ae55-4953ba5db0de,Agropecuaria Dos Caminos,Los Patos 2,4d8f0268-961d-4d03-b75a-a944385d9c46,Elisa Bustamante,Occidente,236176,P19,6,2026,472.2,215.8,30,215.8,False,False,ytd,0.5476,cercana,213450,9.36
1ade474a-369e-4704-ae55-4953ba5db0de,Agropecuaria Dos Caminos,Los Patos 2,4d8f0268-961d-4d03-b75a-a944385d9c46,Elisa Bustamante,Occidente,236176,P19,5,2026,,31.2,6,0,True,True,ytd,0.5476,cercana,213450,9.36
1ade474a-369e-4704-ae55-4953ba5db0de,Agropecuaria Dos Caminos,Los Patos 2,4d8f0268-961d-4d03-b75a-a944385d9c46,Elisa Bustamante,Occidente,236176,P19,4,2026,,,0,0,True,False,ytd,0.5476,cercana,213450,9.36
1ade474a-369e-4704-ae55-4953ba5db0de,Agropecuaria Dos Caminos,Los Patos 2,4d8f0268-961d-4d03-b75a-a944385d9c46,Elisa Bustamante,Occidente,236176,P19,3,2026,,,0,0,True,False,ytd,0.5476,cercana,213450,9.36
1ade474a-369e-4704-ae55-4953ba5db0de,Agropecuaria Dos Caminos,Los Patos 2,4d8f0268-961d-4d03-b75a-a944385d9c46,Elisa Bustamante,Occidente,236176,P19,2,2026,,,0,0,True,False,ytd,0.5476,cercana,213450,9.36
1ade474a-369e-4704-ae55-4953ba5db0de,Agropecuaria Dos Caminos,Los Patos 2,4d8f0268-961d-4d03-b75a-a944385d9c46,Elisa Bustamante,Occidente,236176,P19,1,2026,,,0,0,True,False,ytd,0.5476,cercana,213450,9.36
70279d75-a867-48ca-b666-9a4a9d2ee3db,Agropecuaria Dos Caminos,Los Patos 3,4d8f0268-961d-4d03-b75a-a944385d9c46,Elisa Bustamante,Occidente,236176,P19,12,2026,34,,0,18.62,True,False,ytd,0.5476,cercana,213450,9.36
70279d75-a867-48ca-b666-9a4a9d2ee3db,Agropecuaria Dos Caminos,Los Patos 3,4d8f0268-961d-4d03-b75a-a944385d9c46,Elisa Bustamante,Occidente,236176,P19,11,2026,89,,0,48.74,True,False,ytd,0.5476,cercana,213450,9.36
70279d75-a867-48ca-b666-9a4a9d2ee3db,Agropecuaria Dos Caminos,Los Patos 3,4d8f0268-961d-4d03-b75a-a944385d9c46,Elisa Bustamante,Occidente,236176,P19,10,2026,128.6,,0,70.42,True,False,ytd,0.5476,cercana,213450,9.36
70279d75-a867-48ca-b666-9a4a9d2ee3db,Agropecuaria Dos Caminos,Los Patos 3,4d8f0268-961d-4d03-b75a-a944385d9c46,Elisa Bustamante,Occidente,236176,P19,9,2026,119,,0,65.17,True,False,ytd,0.5476,cercana,213450,9.36
70279d75-a867-48ca-b666-9a4a9d2ee3db,Agropecuaria Dos Caminos,Los Patos 3,4d8f0268-961d-4d03-b75a-a944385d9c46,Elisa Bustamante,Occidente,236176,P19,8,2026,195.4,0,2,107,True,True,ytd,0.5476,cercana,213450,9.36
70279d75-a867-48ca-b666-9a4a9d2ee3db,Agropecuaria Dos Caminos,Los Patos 3,4d8f0268-961d-4d03-b75a-a944385d9c46,Elisa Bustamante,Occidente,236176,P19,7,2026,208.2,156.8,31,156.8,False,False,ytd,0.5476,cercana,213450,9.36
70279d75-a867-48ca-b666-9a4a9d2ee3db,Agropecuaria Dos Caminos,Los Patos 3,4d8f0268-961d-4d03-b75a-a944385d9c46,Elisa Bustamante,Occidente,236176,P19,6,2026,472.2,215.8,30,215.8,False,False,ytd,0.5476,cercana,213450,9.36
70279d75-a867-48ca-b666-9a4a9d2ee3db,Agropecuaria Dos Caminos,Los Patos 3,4d8f0268-961d-4d03-b75a-a944385d9c46,Elisa Bustamante,Occidente,236176,P19,5,2026,,31.2,6,0,True,True,ytd,0.5476,cercana,213450,9.36
70279d75-a867-48ca-b666-9a4a9d2ee3db,Agropecuaria Dos Caminos,Los Patos 3,4d8f0268-961d-4d03-b75a-a944385d9c46,Elisa Bustamante,Occidente,236176,P19,4,2026,,,0,0,True,False,ytd,0.5476,cercana,213450,9.36
70279d75-a867-48ca-b666-9a4a9d2ee3db,Agropecuaria Dos Caminos,Los Patos 3,4d8f0268-961d-4d03-b75a-a944385d9c46,Elisa Bustamante,Occidente,236176,P19,3,2026,,,0,0,True,False,ytd,0.5476,cercana,213450,9.36
70279d75-a867-48ca-b666-9a4a9d2ee3db,Agropecuaria Dos Caminos,Los Patos 3,4d8f0268-961d-4d03-b75a-a944385d9c46,Elisa Bustamante,Occidente,236176,P19,2,2026,,,0,0,True,False,ytd,0.5476,cercana,213450,9.36
70279d75-a867-48ca-b666-9a4a9d2ee3db,Agropecuaria Dos Caminos,Los Patos 3,4d8f0268-961d-4d03-b75a-a944385d9c46,Elisa Bustamante,Occidente,236176,P19,1,2026,,,0,0,True,False,ytd,0.5476,cercana,213450,9.36
0f3add10-cf21-480c-a677-31104cc89563,Agropecuaria Juan Francisco C.A,Bancales Viejos,e90c912b-cba3-4bb5-8e8e-f8ba1be4106c,Francisco Jose Márquez,Occidente,235418,P18,12,2026,13.225,,0,8.83,True,False,ytd,0.6678,zona,Occidente,
0f3add10-cf21-480c-a677-31104cc89563,Agropecuaria Juan Francisco C.A,Bancales Viejos,e90c912b-cba3-4bb5-8e8e-f8ba1be4106c,Francisco Jose Márquez,Occidente,235418,P18,11,2026,30.475,,0,20.35,True,False,ytd,0.6678,zona,Occidente,
0f3add10-cf21-480c-a677-31104cc89563,Agropecuaria Juan Francisco C.A,Bancales Viejos,e90c912b-cba3-4bb5-8e8e-f8ba1be4106c,Francisco Jose Márquez,Occidente,235418,P18,10,2026,84.425,,0,56.38,True,False,ytd,0.6678,zona,Occidente,
0f3add10-cf21-480c-a677-31104cc89563,Agropecuaria Juan Francisco C.A,Bancales Viejos,e90c912b-cba3-4bb5-8e8e-f8ba1be4106c,Francisco Jose Márquez,Occidente,235418,P18,9,2026,168.375,,0,112.45,True,False,ytd,0.6678,zona,Occidente,
0f3add10-cf21-480c-a677-31104cc89563,Agropecuaria Juan Francisco C.A,Bancales Viejos,e90c912b-cba3-4bb5-8e8e-f8ba1be4106c,Francisco Jose Márquez,Occidente,235418,P18,8,2026,191.45,0,2,127.86,True,True,ytd,0.6678,zona,Occidente,
0f3add10-cf21-480c-a677-31104cc89563,Agropecuaria Juan Francisco C.A,Bancales Viejos,e90c912b-cba3-4bb5-8e8e-f8ba1be4106c,Francisco Jose Márquez,Occidente,235418,P18,7,2026,333.525,184.8,31,184.8,False,False,ytd,0.6678,zona,Occidente,
0f3add10-cf21-480c-a677-31104cc89563,Agropecuaria Juan Francisco C.A,Bancales Viejos,e90c912b-cba3-4bb5-8e8e-f8ba1be4106c,Francisco Jose Márquez,Occidente,235418,P18,6,2026,336.1,262.4,26,262.4,False,False,ytd,0.6678,zona,Occidente,
0f3add10-cf21-480c-a677-31104cc89563,Agropecuaria Juan Francisco C.A,Bancales Viejos,e90c912b-cba3-4bb5-8e8e-f8ba1be4106c,Francisco Jose Márquez,Occidente,235418,P18,5,2026,186.075,66.6,4,124.27,True,True,ytd,0.6678,zona,Occidente,
0f3add10-cf21-480c-a677-31104cc89563,Agropecuaria Juan Francisco C.A,Bancales Viejos,e90c912b-cba3-4bb5-8e8e-f8ba1be4106c,Francisco Jose Márquez,Occidente,235418,P18,4,2026,91.4,,0,61.04,True,False,ytd,0.6678,zona,Occidente,
0f3add10-cf21-480c-a677-31104cc89563,Agropecuaria Juan Francisco C.A,Bancales Viejos,e90c912b-cba3-4bb5-8e8e-f8ba1be4106c,Francisco Jose Márquez,Occidente,235418,P18,3,2026,8.4,,0,5.61,True,False,ytd,0.6678,zona,Occidente,
0f3add10-cf21-480c-a677-31104cc89563,Agropecuaria Juan Francisco C.A,Bancales Viejos,e90c912b-cba3-4bb5-8e8e-f8ba1be4106c,Francisco Jose Márquez,Occidente,235418,P18,2,2026,1.4,,0,0.93,True,False,ytd,0.6678,zona,Occidente,
0f3add10-cf21-480c-a677-31104cc89563,Agropecuaria Juan Francisco C.A,Bancales Viejos,e90c912b-cba3-4bb5-8e8e-f8ba1be4106c,Francisco Jose Márquez,Occidente,235418,P18,1,2026,2,,0,1.34,True,False,ytd,0.6678,zona,Occidente,
4f0a29df-eb58-443e-a724-eb3553c69402,Agropecuaria Juan Francisco C.A,Juan,e90c912b-cba3-4bb5-8e8e-f8ba1be4106c,Francisco Jose Márquez,Occidente,235418,P18,12,2026,13.225,,0,8.83,True,False,ytd,0.6678,zona,Occidente,
4f0a29df-eb58-443e-a724-eb3553c69402,Agropecuaria Juan Francisco C.A,Juan,e90c912b-cba3-4bb5-8e8e-f8ba1be4106c,Francisco Jose Márquez,Occidente,235418,P18,11,2026,30.475,,0,20.35,True,False,ytd,0.6678,zona,Occidente,
4f0a29df-eb58-443e-a724-eb3553c69402,Agropecuaria Juan Francisco C.A,Juan,e90c912b-cba3-4bb5-8e8e-f8ba1be4106c,Francisco Jose Márquez,Occidente,235418,P18,10,2026,84.425,,0,56.38,True,False,ytd,0.6678,zona,Occidente,
4f0a29df-eb58-443e-a724-eb3553c69402,Agropecuaria Juan Francisco C.A,Juan,e90c912b-cba3-4bb5-8e8e-f8ba1be4106c,Francisco Jose Márquez,Occidente,235418,P18,9,2026,168.375,,0,112.45,True,False,ytd,0.6678,zona,Occidente,
4f0a29df-eb58-443e-a724-eb3553c69402,Agropecuaria Juan Francisco C.A,Juan,e90c912b-cba3-4bb5-8e8e-f8ba1be4106c,Francisco Jose Márquez,Occidente,235418,P18,8,2026,191.45,0,2,127.86,True,True,ytd,0.6678,zona,Occidente,
4f0a29df-eb58-443e-a724-eb3553c69402,Agropecuaria Juan Francisco C.A,Juan,e90c912b-cba3-4bb5-8e8e-f8ba1be4106c,Francisco Jose Márquez,Occidente,235418,P18,7,2026,333.525,184.8,31,184.8,False,False,ytd,0.6678,zona,Occidente,
4f0a29df-eb58-443e-a724-eb3553c69402,Agropecuaria Juan Francisco C.A,Juan,e90c912b-cba3-4bb5-8e8e-f8ba1be4106c,Francisco Jose Márquez,Occidente,235418,P18,6,2026,336.1,262.4,26,262.4,False,False,ytd,0.6678,zona,Occidente,
4f0a29df-eb58-443e-a724-eb3553c69402,Agropecuaria Juan Francisco C.A,Juan,e90c912b-cba3-4bb5-8e8e-f8ba1be4106c,Francisco Jose Márquez,Occidente,235418,P18,5,2026,186.075,66.6,4,124.27,True,True,ytd,0.6678,zona,Occidente,
4f0a29df-eb58-443e-a724-eb3553c69402,Agropecuaria Juan Francisco C.A,Juan,e90c912b-cba3-4bb5-8e8e-f8ba1be4106c,Francisco Jose Márquez,Occidente,235418,P18,4,2026,91.4,,0,61.04,True,False,ytd,0.6678,zona,Occidente,
4f0a29df-eb58-443e-a724-eb3553c69402,Agropecuaria Juan Francisco C.A,Juan,e90c912b-cba3-4bb5-8e8e-f8ba1be4106c,Francisco Jose Márquez,Occidente,235418,P18,3,2026,8.4,,0,5.61,True,False,ytd,0.6678,zona,Occidente,
4f0a29df-eb58-443e-a724-eb3553c69402,Agropecuaria Juan Francisco C.A,Juan,e90c912b-cba3-4bb5-8e8e-f8ba1be4106c,Francisco Jose Márquez,Occidente,235418,P18,2,2026,1.4,,0,0.93,True,False,ytd,0.6678,zona,Occidente,
4f0a29df-eb58-443e-a724-eb3553c69402,Agropecuaria Juan Francisco C.A,Juan,e90c912b-cba3-4bb5-8e8e-f8ba1be4106c,Francisco Jose Márquez,Occidente,235418,P18,1,2026,2,,0,1.34,True,False,ytd,0.6678,zona,Occidente,
96fb3c6e-d2e2-42ea-a9d8-77917005073b,Agropecuaria Juan Francisco C.A,La Ceiba,e90c912b-cba3-4bb5-8e8e-f8ba1be4106c,Francisco Jose Márquez,Occidente,235418,P18,12,2026,13.225,,0,8.83,True,False,ytd,0.6678,zona,Occidente,
96fb3c6e-d2e2-42ea-a9d8-77917005073b,Agropecuaria Juan Francisco C.A,La Ceiba,e90c912b-cba3-4bb5-8e8e-f8ba1be4106c,Francisco Jose Márquez,Occidente,235418,P18,11,2026,30.475,,0,20.35,True,False,ytd,0.6678,zona,Occidente,
96fb3c6e-d2e2-42ea-a9d8-77917005073b,Agropecuaria Juan Francisco C.A,La Ceiba,e90c912b-cba3-4bb5-8e8e-f8ba1be4106c,Francisco Jose Márquez,Occidente,235418,P18,10,2026,84.425,,0,56.38,True,False,ytd,0.6678,zona,Occidente,
96fb3c6e-d2e2-42ea-a9d8-77917005073b,Agropecuaria Juan Francisco C.A,La Ceiba,e90c912b-cba3-4bb5-8e8e-f8ba1be4106c,Francisco Jose Márquez,Occidente,235418,P18,9,2026,168.375,,0,112.45,True,False,ytd,0.6678,zona,Occidente,
96fb3c6e-d2e2-42ea-a9d8-77917005073b,Agropecuaria Juan Francisco C.A,La Ceiba,e90c912b-cba3-4bb5-8e8e-f8ba1be4106c,Francisco Jose Márquez,Occidente,235418,P18,8,2026,191.45,0,2,127.86,True,True,ytd,0.6678,zona,Occidente,
96fb3c6e-d2e2-42ea-a9d8-77917005073b,Agropecuaria Juan Francisco C.A,La Ceiba,e90c912b-cba3-4bb5-8e8e-f8ba1be4106c,Francisco Jose Márquez,Occidente,235418,P18,7,2026,333.525,184.8,31,184.8,False,False,ytd,0.6678,zona,Occidente,
96fb3c6e-d2e2-42ea-a9d8-77917005073b,Agropecuaria Juan Francisco C.A,La Ceiba,e90c912b-cba3-4bb5-8e8e-f8ba1be4106c,Francisco Jose Márquez,Occidente,235418,P18,6,2026,336.1,262.4,26,262.4,False,False,ytd,0.6678,zona,Occidente,
96fb3c6e-d2e2-42ea-a9d8-77917005073b,Agropecuaria Juan Francisco C.A,La Ceiba,e90c912b-cba3-4bb5-8e8e-f8ba1be4106c,Francisco Jose Márquez,Occidente,235418,P18,5,2026,186.075,66.6,4,124.27,True,True,ytd,0.6678,zona,Occidente,
96fb3c6e-d2e2-42ea-a9d8-77917005073b,Agropecuaria Juan Francisco C.A,La Ceiba,e90c912b-cba3-4bb5-8e8e-f8ba1be4106c,Francisco Jose Márquez,Occidente,235418,P18,4,2026,91.4,,0,61.04,True,False,ytd,0.6678,zona,Occidente,
96fb3c6e-d2e2-42ea-a9d8-77917005073b,Agropecuaria Juan Francisco C.A,La Ceiba,e90c912b-cba3-4bb5-8e8e-f8ba1be4106c,Francisco Jose Márquez,Occidente,235418,P18,3,2026,8.4,,0,5.61,True,False,ytd,0.6678,zona,Occidente,
96fb3c6e-d2e2-42ea-a9d8-77917005073b,Agropecuaria Juan Francisco C.A,La Ceiba,e90c912b-cba3-4bb5-8e8e-f8ba1be4106c,Francisco Jose Márquez,Occidente,235418,P18,2,2026,1.4,,0,0.93,True,False,ytd,0.6678,zona,Occidente,
96fb3c6e-d2e2-42ea-a9d8-77917005073b,Agropecuaria Juan Francisco C.A,La Ceiba,e90c912b-cba3-4bb5-8e8e-f8ba1be4106c,Francisco Jose Márquez,Occidente,235418,P18,1,2026,2,,0,1.34,True,False,ytd,0.6678,zona,Occidente,
39f1c564-a330-4e3b-b89e-4eb5cbe4a2dc,Agropecuaria Juan Francisco C.A,La Montaña 1,e90c912b-cba3-4bb5-8e8e-f8ba1be4106c,Francisco Jose Márquez,Occidente,235418,P18,12,2026,13.225,,0,8.83,True,False,ytd,0.6678,zona,Occidente,
39f1c564-a330-4e3b-b89e-4eb5cbe4a2dc,Agropecuaria Juan Francisco C.A,La Montaña 1,e90c912b-cba3-4bb5-8e8e-f8ba1be4106c,Francisco Jose Márquez,Occidente,235418,P18,11,2026,30.475,,0,20.35,True,False,ytd,0.6678,zona,Occidente,
39f1c564-a330-4e3b-b89e-4eb5cbe4a2dc,Agropecuaria Juan Francisco C.A,La Montaña 1,e90c912b-cba3-4bb5-8e8e-f8ba1be4106c,Francisco Jose Márquez,Occidente,235418,P18,10,2026,84.425,,0,56.38,True,False,ytd,0.6678,zona,Occidente,
39f1c564-a330-4e3b-b89e-4eb5cbe4a2dc,Agropecuaria Juan Francisco C.A,La Montaña 1,e90c912b-cba3-4bb5-8e8e-f8ba1be4106c,Francisco Jose Márquez,Occidente,235418,P18,9,2026,168.375,,0,112.45,True,False,ytd,0.6678,zona,Occidente,
39f1c564-a330-4e3b-b89e-4eb5cbe4a2dc,Agropecuaria Juan Francisco C.A,La Montaña 1,e90c912b-cba3-4bb5-8e8e-f8ba1be4106c,Francisco Jose Márquez,Occidente,235418,P18,8,2026,191.45,0,2,127.86,True,True,ytd,0.6678,zona,Occidente,
39f1c564-a330-4e3b-b89e-4eb5cbe4a2dc,Agropecuaria Juan Francisco C.A,La Montaña 1,e90c912b-cba3-4bb5-8e8e-f8ba1be4106c,Francisco Jose Márquez,Occidente,235418,P18,7,2026,333.525,184.8,31,184.8,False,False,ytd,0.6678,zona,Occidente,
39f1c564-a330-4e3b-b89e-4eb5cbe4a2dc,Agropecuaria Juan Francisco C.A,La Montaña 1,e90c912b-cba3-4bb5-8e8e-f8ba1be4106c,Francisco Jose Márquez,Occidente,235418,P18,6,2026,336.1,262.4,26,262.4,False,False,ytd,0.6678,zona,Occidente,
39f1c564-a330-4e3b-b89e-4eb5cbe4a2dc,Agropecuaria Juan Francisco C.A,La Montaña 1,e90c912b-cba3-4bb5-8e8e-f8ba1be4106c,Francisco Jose Márquez,Occidente,235418,P18,5,2026,186.075,66.6,4,124.27,True,True,ytd,0.6678,zona,Occidente,
39f1c564-a330-4e3b-b89e-4eb5cbe4a2dc,Agropecuaria Juan Francisco C.A,La Montaña 1,e90c912b-cba3-4bb5-8e8e-f8ba1be4106c,Francisco Jose Márquez,Occidente,235418,P18,4,2026,91.4,,0,61.04,True,False,ytd,0.6678,zona,Occidente,
39f1c564-a330-4e3b-b89e-4eb5cbe4a2dc,Agropecuaria Juan Francisco C.A,La Montaña 1,e90c912b-cba3-4bb5-8e8e-f8ba1be4106c,Francisco Jose Márquez,Occidente,235418,P18,3,2026,8.4,,0,5.61,True,False,ytd,0.6678,zona,Occidente,
39f1c564-a330-4e3b-b89e-4eb5cbe4a2dc,Agropecuaria Juan Francisco C.A,La Montaña 1,e90c912b-cba3-4bb5-8e8e-f8ba1be4106c,Francisco Jose Márquez,Occidente,235418,P18,2,2026,1.4,,0,0.93,True,False,ytd,0.6678,zona,Occidente,
39f1c564-a330-4e3b-b89e-4eb5cbe4a2dc,Agropecuaria Juan Francisco C.A,La Montaña 1,e90c912b-cba3-4bb5-8e8e-f8ba1be4106c,Francisco Jose Márquez,Occidente,235418,P18,1,2026,2,,0,1.34,True,False,ytd,0.6678,zona,Occidente,
2ebae9b8-0570-4b02-8177-93f406842bb9,Agropecuaria Juan Francisco C.A,La Montaña 2,e90c912b-cba3-4bb5-8e8e-f8ba1be4106c,Francisco Jose Márquez,Occidente,235418,P18,12,2026,13.225,,0,8.83,True,False,ytd,0.6678,zona,Occidente,
2ebae9b8-0570-4b02-8177-93f406842bb9,Agropecuaria Juan Francisco C.A,La Montaña 2,e90c912b-cba3-4bb5-8e8e-f8ba1be4106c,Francisco Jose Márquez,Occidente,235418,P18,11,2026,30.475,,0,20.35,True,False,ytd,0.6678,zona,Occidente,
2ebae9b8-0570-4b02-8177-93f406842bb9,Agropecuaria Juan Francisco C.A,La Montaña 2,e90c912b-cba3-4bb5-8e8e-f8ba1be4106c,Francisco Jose Márquez,Occidente,235418,P18,10,2026,84.425,,0,56.38,True,False,ytd,0.6678,zona,Occidente,
2ebae9b8-0570-4b02-8177-93f406842bb9,Agropecuaria Juan Francisco C.A,La Montaña 2,e90c912b-cba3-4bb5-8e8e-f8ba1be4106c,Francisco Jose Márquez,Occidente,235418,P18,9,2026,168.375,,0,112.45,True,False,ytd,0.6678,zona,Occidente,
2ebae9b8-0570-4b02-8177-93f406842bb9,Agropecuaria Juan Francisco C.A,La Montaña 2,e90c912b-cba3-4bb5-8e8e-f8ba1be4106c,Francisco Jose Márquez,Occidente,235418,P18,8,2026,191.45,0,2,127.86,True,True,ytd,0.6678,zona,Occidente,
2ebae9b8-0570-4b02-8177-93f406842bb9,Agropecuaria Juan Francisco C.A,La Montaña 2,e90c912b-cba3-4bb5-8e8e-f8ba1be4106c,Francisco Jose Márquez,Occidente,235418,P18,7,2026,333.525,184.8,31,184.8,False,False,ytd,0.6678,zona,Occidente,
2ebae9b8-0570-4b02-8177-93f406842bb9,Agropecuaria Juan Francisco C.A,La Montaña 2,e90c912b-cba3-4bb5-8e8e-f8ba1be4106c,Francisco Jose Márquez,Occidente,235418,P18,6,2026,336.1,262.4,26,262.4,False,False,ytd,0.6678,zona,Occidente,
2ebae9b8-0570-4b02-8177-93f406842bb9,Agropecuaria Juan Francisco C.A,La Montaña 2,e90c912b-cba3-4bb5-8e8e-f8ba1be4106c,Francisco Jose Márquez,Occidente,235418,P18,5,2026,186.075,66.6,4,124.27,True,True,ytd,0.6678,zona,Occidente,
2ebae9b8-0570-4b02-8177-93f406842bb9,Agropecuaria Juan Francisco C.A,La Montaña 2,e90c912b-cba3-4bb5-8e8e-f8ba1be4106c,Francisco Jose Márquez,Occidente,235418,P18,4,2026,91.4,,0,61.04,True,False,ytd,0.6678,zona,Occidente,
2ebae9b8-0570-4b02-8177-93f406842bb9,Agropecuaria Juan Francisco C.A,La Montaña 2,e90c912b-cba3-4bb5-8e8e-f8ba1be4106c,Francisco Jose Márquez,Occidente,235418,P18,3,2026,8.4,,0,5.61,True,False,ytd,0.6678,zona,Occidente,
2ebae9b8-0570-4b02-8177-93f406842bb9,Agropecuaria Juan Francisco C.A,La Montaña 2,e90c912b-cba3-4bb5-8e8e-f8ba1be4106c,Francisco Jose Márquez,Occidente,235418,P18,2,2026,1.4,,0,0.93,True,False,ytd,0.6678,zona,Occidente,
2ebae9b8-0570-4b02-8177-93f406842bb9,Agropecuaria Juan Francisco C.A,La Montaña 2,e90c912b-cba3-4bb5-8e8e-f8ba1be4106c,Francisco Jose Márquez,Occidente,235418,P18,1,2026,2,,0,1.34,True,False,ytd,0.6678,zona,Occidente,
a5f04bce-193a-4bf6-bfde-ccc241dfa8a5,Agropecuaria Juan Francisco C.A,La Platanera,e90c912b-cba3-4bb5-8e8e-f8ba1be4106c,Francisco Jose Márquez,Occidente,235418,P18,12,2026,13.225,,0,8.83,True,False,ytd,0.6678,zona,Occidente,
a5f04bce-193a-4bf6-bfde-ccc241dfa8a5,Agropecuaria Juan Francisco C.A,La Platanera,e90c912b-cba3-4bb5-8e8e-f8ba1be4106c,Francisco Jose Márquez,Occidente,235418,P18,11,2026,30.475,,0,20.35,True,False,ytd,0.6678,zona,Occidente,
a5f04bce-193a-4bf6-bfde-ccc241dfa8a5,Agropecuaria Juan Francisco C.A,La Platanera,e90c912b-cba3-4bb5-8e8e-f8ba1be4106c,Francisco Jose Márquez,Occidente,235418,P18,10,2026,84.425,,0,56.38,True,False,ytd,0.6678,zona,Occidente,
a5f04bce-193a-4bf6-bfde-ccc241dfa8a5,Agropecuaria Juan Francisco C.A,La Platanera,e90c912b-cba3-4bb5-8e8e-f8ba1be4106c,Francisco Jose Márquez,Occidente,235418,P18,9,2026,168.375,,0,112.45,True,False,ytd,0.6678,zona,Occidente,
a5f04bce-193a-4bf6-bfde-ccc241dfa8a5,Agropecuaria Juan Francisco C.A,La Platanera,e90c912b-cba3-4bb5-8e8e-f8ba1be4106c,Francisco Jose Márquez,Occidente,235418,P18,8,2026,191.45,0,2,127.86,True,True,ytd,0.6678,zona,Occidente,
a5f04bce-193a-4bf6-bfde-ccc241dfa8a5,Agropecuaria Juan Francisco C.A,La Platanera,e90c912b-cba3-4bb5-8e8e-f8ba1be4106c,Francisco Jose Márquez,Occidente,235418,P18,7,2026,333.525,184.8,31,184.8,False,False,ytd,0.6678,zona,Occidente,
a5f04bce-193a-4bf6-bfde-ccc241dfa8a5,Agropecuaria Juan Francisco C.A,La Platanera,e90c912b-cba3-4bb5-8e8e-f8ba1be4106c,Francisco Jose Márquez,Occidente,235418,P18,6,2026,336.1,262.4,26,262.4,False,False,ytd,0.6678,zona,Occidente,
a5f04bce-193a-4bf6-bfde-ccc241dfa8a5,Agropecuaria Juan Francisco C.A,La Platanera,e90c912b-cba3-4bb5-8e8e-f8ba1be4106c,Francisco Jose Márquez,Occidente,235418,P18,5,2026,186.075,66.6,4,124.27,True,True,ytd,0.6678,zona,Occidente,
a5f04bce-193a-4bf6-bfde-ccc241dfa8a5,Agropecuaria Juan Francisco C.A,La Platanera,e90c912b-cba3-4bb5-8e8e-f8ba1be4106c,Francisco Jose Márquez,Occidente,235418,P18,4,2026,91.4,,0,61.04,True,False,ytd,0.6678,zona,Occidente,
a5f04bce-193a-4bf6-bfde-ccc241dfa8a5,Agropecuaria Juan Francisco C.A,La Platanera,e90c912b-cba3-4bb5-8e8e-f8ba1be4106c,Francisco Jose Márquez,Occidente,235418,P18,3,2026,8.4,,0,5.61,True,False,ytd,0.6678,zona,Occidente,
a5f04bce-193a-4bf6-bfde-ccc241dfa8a5,Agropecuaria Juan Francisco C.A,La Platanera,e90c912b-cba3-4bb5-8e8e-f8ba1be4106c,Francisco Jose Márquez,Occidente,235418,P18,2,2026,1.4,,0,0.93,True,False,ytd,0.6678,zona,Occidente,
a5f04bce-193a-4bf6-bfde-ccc241dfa8a5,Agropecuaria Juan Francisco C.A,La Platanera,e90c912b-cba3-4bb5-8e8e-f8ba1be4106c,Francisco Jose Márquez,Occidente,235418,P18,1,2026,2,,0,1.34,True,False,ytd,0.6678,zona,Occidente,
4cad224e-34fa-4ffe-9e88-17d8bbe2e614,Agropecuaria Juan Francisco C.A,La Rafaeleña,e90c912b-cba3-4bb5-8e8e-f8ba1be4106c,Francisco Jose Márquez,Occidente,235418,P18,12,2026,13.225,,0,8.83,True,False,ytd,0.6678,zona,Occidente,
4cad224e-34fa-4ffe-9e88-17d8bbe2e614,Agropecuaria Juan Francisco C.A,La Rafaeleña,e90c912b-cba3-4bb5-8e8e-f8ba1be4106c,Francisco Jose Márquez,Occidente,235418,P18,11,2026,30.475,,0,20.35,True,False,ytd,0.6678,zona,Occidente,
4cad224e-34fa-4ffe-9e88-17d8bbe2e614,Agropecuaria Juan Francisco C.A,La Rafaeleña,e90c912b-cba3-4bb5-8e8e-f8ba1be4106c,Francisco Jose Márquez,Occidente,235418,P18,10,2026,84.425,,0,56.38,True,False,ytd,0.6678,zona,Occidente,
4cad224e-34fa-4ffe-9e88-17d8bbe2e614,Agropecuaria Juan Francisco C.A,La Rafaeleña,e90c912b-cba3-4bb5-8e8e-f8ba1be4106c,Francisco Jose Márquez,Occidente,235418,P18,9,2026,168.375,,0,112.45,True,False,ytd,0.6678,zona,Occidente,
4cad224e-34fa-4ffe-9e88-17d8bbe2e614,Agropecuaria Juan Francisco C.A,La Rafaeleña,e90c912b-cba3-4bb5-8e8e-f8ba1be4106c,Francisco Jose Márquez,Occidente,235418,P18,8,2026,191.45,0,2,127.86,True,True,ytd,0.6678,zona,Occidente,
4cad224e-34fa-4ffe-9e88-17d8bbe2e614,Agropecuaria Juan Francisco C.A,La Rafaeleña,e90c912b-cba3-4bb5-8e8e-f8ba1be4106c,Francisco Jose Márquez,Occidente,235418,P18,7,2026,333.525,184.8,31,184.8,False,False,ytd,0.6678,zona,Occidente,
4cad224e-34fa-4ffe-9e88-17d8bbe2e614,Agropecuaria Juan Francisco C.A,La Rafaeleña,e90c912b-cba3-4bb5-8e8e-f8ba1be4106c,Francisco Jose Márquez,Occidente,235418,P18,6,2026,336.1,262.4,26,262.4,False,False,ytd,0.6678,zona,Occidente,
4cad224e-34fa-4ffe-9e88-17d8bbe2e614,Agropecuaria Juan Francisco C.A,La Rafaeleña,e90c912b-cba3-4bb5-8e8e-f8ba1be4106c,Francisco Jose Márquez,Occidente,235418,P18,5,2026,186.075,66.6,4,124.27,True,True,ytd,0.6678,zona,Occidente,
4cad224e-34fa-4ffe-9e88-17d8bbe2e614,Agropecuaria Juan Francisco C.A,La Rafaeleña,e90c912b-cba3-4bb5-8e8e-f8ba1be4106c,Francisco Jose Márquez,Occidente,235418,P18,4,2026,91.4,,0,61.04,True,False,ytd,0.6678,zona,Occidente,
4cad224e-34fa-4ffe-9e88-17d8bbe2e614,Agropecuaria Juan Francisco C.A,La Rafaeleña,e90c912b-cba3-4bb5-8e8e-f8ba1be4106c,Francisco Jose Márquez,Occidente,235418,P18,3,2026,8.4,,0,5.61,True,False,ytd,0.6678,zona,Occidente,
4cad224e-34fa-4ffe-9e88-17d8bbe2e614,Agropecuaria Juan Francisco C.A,La Rafaeleña,e90c912b-cba3-4bb5-8e8e-f8ba1be4106c,Francisco Jose Márquez,Occidente,235418,P18,2,2026,1.4,,0,0.93,True,False,ytd,0.6678,zona,Occidente,
4cad224e-34fa-4ffe-9e88-17d8bbe2e614,Agropecuaria Juan Francisco C.A,La Rafaeleña,e90c912b-cba3-4bb5-8e8e-f8ba1be4106c,Francisco Jose Márquez,Occidente,235418,P18,1,2026,2,,0,1.34,True,False,ytd,0.6678,zona,Occidente,
3796c344-a2c1-4daa-8b68-da5fbea33fa9,Agropecuaria Juan Francisco C.A,Rogelio Grande,e90c912b-cba3-4bb5-8e8e-f8ba1be4106c,Francisco Jose Márquez,Occidente,235418,P18,12,2026,13.225,,0,8.83,True,False,ytd,0.6678,zona,Occidente,
3796c344-a2c1-4daa-8b68-da5fbea33fa9,Agropecuaria Juan Francisco C.A,Rogelio Grande,e90c912b-cba3-4bb5-8e8e-f8ba1be4106c,Francisco Jose Márquez,Occidente,235418,P18,11,2026,30.475,,0,20.35,True,False,ytd,0.6678,zona,Occidente,
3796c344-a2c1-4daa-8b68-da5fbea33fa9,Agropecuaria Juan Francisco C.A,Rogelio Grande,e90c912b-cba3-4bb5-8e8e-f8ba1be4106c,Francisco Jose Márquez,Occidente,235418,P18,10,2026,84.425,,0,56.38,True,False,ytd,0.6678,zona,Occidente,
3796c344-a2c1-4daa-8b68-da5fbea33fa9,Agropecuaria Juan Francisco C.A,Rogelio Grande,e90c912b-cba3-4bb5-8e8e-f8ba1be4106c,Francisco Jose Márquez,Occidente,235418,P18,9,2026,168.375,,0,112.45,True,False,ytd,0.6678,zona,Occidente,
3796c344-a2c1-4daa-8b68-da5fbea33fa9,Agropecuaria Juan Francisco C.A,Rogelio Grande,e90c912b-cba3-4bb5-8e8e-f8ba1be4106c,Francisco Jose Márquez,Occidente,235418,P18,8,2026,191.45,0,2,127.86,True,True,ytd,0.6678,zona,Occidente,
3796c344-a2c1-4daa-8b68-da5fbea33fa9,Agropecuaria Juan Francisco C.A,Rogelio Grande,e90c912b-cba3-4bb5-8e8e-f8ba1be4106c,Francisco Jose Márquez,Occidente,235418,P18,7,2026,333.525,184.8,31,184.8,False,False,ytd,0.6678,zona,Occidente,
3796c344-a2c1-4daa-8b68-da5fbea33fa9,Agropecuaria Juan Francisco C.A,Rogelio Grande,e90c912b-cba3-4bb5-8e8e-f8ba1be4106c,Francisco Jose Márquez,Occidente,235418,P18,6,2026,336.1,262.4,26,262.4,False,False,ytd,0.6678,zona,Occidente,
3796c344-a2c1-4daa-8b68-da5fbea33fa9,Agropecuaria Juan Francisco C.A,Rogelio Grande,e90c912b-cba3-4bb5-8e8e-f8ba1be4106c,Francisco Jose Márquez,Occidente,235418,P18,5,2026,186.075,66.6,4,124.27,True,True,ytd,0.6678,zona,Occidente,
3796c344-a2c1-4daa-8b68-da5fbea33fa9,Agropecuaria Juan Francisco C.A,Rogelio Grande,e90c912b-cba3-4bb5-8e8e-f8ba1be4106c,Francisco Jose Márquez,Occidente,235418,P18,4,2026,91.4,,0,61.04,True,False,ytd,0.6678,zona,Occidente,
3796c344-a2c1-4daa-8b68-da5fbea33fa9,Agropecuaria Juan Francisco C.A,Rogelio Grande,e90c912b-cba3-4bb5-8e8e-f8ba1be4106c,Francisco Jose Márquez,Occidente,235418,P18,3,2026,8.4,,0,5.61,True,False,ytd,0.6678,zona,Occidente,
3796c344-a2c1-4daa-8b68-da5fbea33fa9,Agropecuaria Juan Francisco C.A,Rogelio Grande,e90c912b-cba3-4bb5-8e8e-f8ba1be4106c,Francisco Jose Márquez,Occidente,235418,P18,2,2026,1.4,,0,0.93,True,False,ytd,0.6678,zona,Occidente,
3796c344-a2c1-4daa-8b68-da5fbea33fa9,Agropecuaria Juan Francisco C.A,Rogelio Grande,e90c912b-cba3-4bb5-8e8e-f8ba1be4106c,Francisco Jose Márquez,Occidente,235418,P18,1,2026,2,,0,1.34,True,False,ytd,0.6678,zona,Occidente,
05962cb2-bcd6-4100-8b01-03ea0cf5fd37,Agropecuaria Juan Francisco C.A,Rogelio Pequeño,e90c912b-cba3-4bb5-8e8e-f8ba1be4106c,Francisco Jose Márquez,Occidente,235418,P18,12,2026,13.225,,0,8.83,True,False,ytd,0.6678,zona,Occidente,
05962cb2-bcd6-4100-8b01-03ea0cf5fd37,Agropecuaria Juan Francisco C.A,Rogelio Pequeño,e90c912b-cba3-4bb5-8e8e-f8ba1be4106c,Francisco Jose Márquez,Occidente,235418,P18,11,2026,30.475,,0,20.35,True,False,ytd,0.6678,zona,Occidente,
05962cb2-bcd6-4100-8b01-03ea0cf5fd37,Agropecuaria Juan Francisco C.A,Rogelio Pequeño,e90c912b-cba3-4bb5-8e8e-f8ba1be4106c,Francisco Jose Márquez,Occidente,235418,P18,10,2026,84.425,,0,56.38,True,False,ytd,0.6678,zona,Occidente,
05962cb2-bcd6-4100-8b01-03ea0cf5fd37,Agropecuaria Juan Francisco C.A,Rogelio Pequeño,e90c912b-cba3-4bb5-8e8e-f8ba1be4106c,Francisco Jose Márquez,Occidente,235418,P18,9,2026,168.375,,0,112.45,True,False,ytd,0.6678,zona,Occidente,
05962cb2-bcd6-4100-8b01-03ea0cf5fd37,Agropecuaria Juan Francisco C.A,Rogelio Pequeño,e90c912b-cba3-4bb5-8e8e-f8ba1be4106c,Francisco Jose Márquez,Occidente,235418,P18,8,2026,191.45,0,2,127.86,True,True,ytd,0.6678,zona,Occidente,
05962cb2-bcd6-4100-8b01-03ea0cf5fd37,Agropecuaria Juan Francisco C.A,Rogelio Pequeño,e90c912b-cba3-4bb5-8e8e-f8ba1be4106c,Francisco Jose Márquez,Occidente,235418,P18,7,2026,333.525,184.8,31,184.8,False,False,ytd,0.6678,zona,Occidente,
05962cb2-bcd6-4100-8b01-03ea0cf5fd37,Agropecuaria Juan Francisco C.A,Rogelio Pequeño,e90c912b-cba3-4bb5-8e8e-f8ba1be4106c,Francisco Jose Márquez,Occidente,235418,P18,6,2026,336.1,262.4,26,262.4,False,False,ytd,0.6678,zona,Occidente,
05962cb2-bcd6-4100-8b01-03ea0cf5fd37,Agropecuaria Juan Francisco C.A,Rogelio Pequeño,e90c912b-cba3-4bb5-8e8e-f8ba1be4106c,Francisco Jose Márquez,Occidente,235418,P18,5,2026,186.075,66.6,4,124.27,True,True,ytd,0.6678,zona,Occidente,
05962cb2-bcd6-4100-8b01-03ea0cf5fd37,Agropecuaria Juan Francisco C.A,Rogelio Pequeño,e90c912b-cba3-4bb5-8e8e-f8ba1be4106c,Francisco Jose Márquez,Occidente,235418,P18,4,2026,91.4,,0,61.04,True,False,ytd,0.6678,zona,Occidente,
05962cb2-bcd6-4100-8b01-03ea0cf5fd37,Agropecuaria Juan Francisco C.A,Rogelio Pequeño,e90c912b-cba3-4bb5-8e8e-f8ba1be4106c,Francisco Jose Márquez,Occidente,235418,P18,3,2026,8.4,,0,5.61,True,False,ytd,0.6678,zona,Occidente,
05962cb2-bcd6-4100-8b01-03ea0cf5fd37,Agropecuaria Juan Francisco C.A,Rogelio Pequeño,e90c912b-cba3-4bb5-8e8e-f8ba1be4106c,Francisco Jose Márquez,Occidente,235418,P18,2,2026,1.4,,0,0.93,True,False,ytd,0.6678,zona,Occidente,
05962cb2-bcd6-4100-8b01-03ea0cf5fd37,Agropecuaria Juan Francisco C.A,Rogelio Pequeño,e90c912b-cba3-4bb5-8e8e-f8ba1be4106c,Francisco Jose Márquez,Occidente,235418,P18,1,2026,2,,0,1.34,True,False,ytd,0.6678,zona,Occidente,
18a8c969-22ce-4d01-aa82-465cb837f403,Agropecuaria Mochuelo,Concha de Drago,488d42c3-82a0-446f-840c-d1f638556ee6,Pedro Vicente Gomez Arvelaez,Oriente,238308,G09,12,2026,37.6,,0,28.7,True,False,ytd,0.7634,cercana,185450,12.82
18a8c969-22ce-4d01-aa82-465cb837f403,Agropecuaria Mochuelo,Concha de Drago,488d42c3-82a0-446f-840c-d1f638556ee6,Pedro Vicente Gomez Arvelaez,Oriente,238308,G09,11,2026,110.3,,0,84.2,True,False,ytd,0.7634,cercana,185450,12.82
18a8c969-22ce-4d01-aa82-465cb837f403,Agropecuaria Mochuelo,Concha de Drago,488d42c3-82a0-446f-840c-d1f638556ee6,Pedro Vicente Gomez Arvelaez,Oriente,238308,G09,10,2026,57.7,,0,44.05,True,False,ytd,0.7634,cercana,185450,12.82
18a8c969-22ce-4d01-aa82-465cb837f403,Agropecuaria Mochuelo,Concha de Drago,488d42c3-82a0-446f-840c-d1f638556ee6,Pedro Vicente Gomez Arvelaez,Oriente,238308,G09,9,2026,130.4,,0,99.55,True,False,ytd,0.7634,cercana,185450,12.82
18a8c969-22ce-4d01-aa82-465cb837f403,Agropecuaria Mochuelo,Concha de Drago,488d42c3-82a0-446f-840c-d1f638556ee6,Pedro Vicente Gomez Arvelaez,Oriente,238308,G09,8,2026,116.6,,0,89.01,True,False,ytd,0.7634,cercana,185450,12.82
18a8c969-22ce-4d01-aa82-465cb837f403,Agropecuaria Mochuelo,Concha de Drago,488d42c3-82a0-446f-840c-d1f638556ee6,Pedro Vicente Gomez Arvelaez,Oriente,238308,G09,7,2026,178,63.8,27,63.8,False,False,ytd,0.7634,cercana,185450,12.82
18a8c969-22ce-4d01-aa82-465cb837f403,Agropecuaria Mochuelo,Concha de Drago,488d42c3-82a0-446f-840c-d1f638556ee6,Pedro Vicente Gomez Arvelaez,Oriente,238308,G09,6,2026,90.8,141.4,30,141.4,False,False,ytd,0.7634,cercana,185450,12.82
18a8c969-22ce-4d01-aa82-465cb837f403,Agropecuaria Mochuelo,Concha de Drago,488d42c3-82a0-446f-840c-d1f638556ee6,Pedro Vicente Gomez Arvelaez,Oriente,238308,G09,5,2026,153.9,11.4,5,117.49,True,True,ytd,0.7634,cercana,185450,12.82
18a8c969-22ce-4d01-aa82-465cb837f403,Agropecuaria Mochuelo,Concha de Drago,488d42c3-82a0-446f-840c-d1f638556ee6,Pedro Vicente Gomez Arvelaez,Oriente,238308,G09,4,2026,79.8,,0,60.92,True,False,ytd,0.7634,cercana,185450,12.82
18a8c969-22ce-4d01-aa82-465cb837f403,Agropecuaria Mochuelo,Concha de Drago,488d42c3-82a0-446f-840c-d1f638556ee6,Pedro Vicente Gomez Arvelaez,Oriente,238308,G09,3,2026,0,,0,0,True,False,ytd,0.7634,cercana,185450,12.82
18a8c969-22ce-4d01-aa82-465cb837f403,Agropecuaria Mochuelo,Concha de Drago,488d42c3-82a0-446f-840c-d1f638556ee6,Pedro Vicente Gomez Arvelaez,Oriente,238308,G09,2,2026,0,,0,0,True,False,ytd,0.7634,cercana,185450,12.82
18a8c969-22ce-4d01-aa82-465cb837f403,Agropecuaria Mochuelo,Concha de Drago,488d42c3-82a0-446f-840c-d1f638556ee6,Pedro Vicente Gomez Arvelaez,Oriente,238308,G09,1,2026,9,,0,6.87,True,False,ytd,0.7634,cercana,185450,12.82
69d96246-a21f-4c3e-975c-341d5882280f,Agropecuaria Mochuelo,Doña Mirian,488d42c3-82a0-446f-840c-d1f638556ee6,Pedro Vicente Gomez Arvelaez,Oriente,238308,G09,12,2026,37.6,,0,28.7,True,False,ytd,0.7634,cercana,185450,12.82
69d96246-a21f-4c3e-975c-341d5882280f,Agropecuaria Mochuelo,Doña Mirian,488d42c3-82a0-446f-840c-d1f638556ee6,Pedro Vicente Gomez Arvelaez,Oriente,238308,G09,11,2026,110.3,,0,84.2,True,False,ytd,0.7634,cercana,185450,12.82
69d96246-a21f-4c3e-975c-341d5882280f,Agropecuaria Mochuelo,Doña Mirian,488d42c3-82a0-446f-840c-d1f638556ee6,Pedro Vicente Gomez Arvelaez,Oriente,238308,G09,10,2026,57.7,,0,44.05,True,False,ytd,0.7634,cercana,185450,12.82
69d96246-a21f-4c3e-975c-341d5882280f,Agropecuaria Mochuelo,Doña Mirian,488d42c3-82a0-446f-840c-d1f638556ee6,Pedro Vicente Gomez Arvelaez,Oriente,238308,G09,9,2026,130.4,,0,99.55,True,False,ytd,0.7634,cercana,185450,12.82
69d96246-a21f-4c3e-975c-341d5882280f,Agropecuaria Mochuelo,Doña Mirian,488d42c3-82a0-446f-840c-d1f638556ee6,Pedro Vicente Gomez Arvelaez,Oriente,238308,G09,8,2026,116.6,,0,89.01,True,False,ytd,0.7634,cercana,185450,12.82
69d96246-a21f-4c3e-975c-341d5882280f,Agropecuaria Mochuelo,Doña Mirian,488d42c3-82a0-446f-840c-d1f638556ee6,Pedro Vicente Gomez Arvelaez,Oriente,238308,G09,7,2026,178,63.8,27,63.8,False,False,ytd,0.7634,cercana,185450,12.82
69d96246-a21f-4c3e-975c-341d5882280f,Agropecuaria Mochuelo,Doña Mirian,488d42c3-82a0-446f-840c-d1f638556ee6,Pedro Vicente Gomez Arvelaez,Oriente,238308,G09,6,2026,90.8,141.4,30,141.4,False,False,ytd,0.7634,cercana,185450,12.82
69d96246-a21f-4c3e-975c-341d5882280f,Agropecuaria Mochuelo,Doña Mirian,488d42c3-82a0-446f-840c-d1f638556ee6,Pedro Vicente Gomez Arvelaez,Oriente,238308,G09,5,2026,153.9,11.4,5,117.49,True,True,ytd,0.7634,cercana,185450,12.82
69d96246-a21f-4c3e-975c-341d5882280f,Agropecuaria Mochuelo,Doña Mirian,488d42c3-82a0-446f-840c-d1f638556ee6,Pedro Vicente Gomez Arvelaez,Oriente,238308,G09,4,2026,79.8,,0,60.92,True,False,ytd,0.7634,cercana,185450,12.82
69d96246-a21f-4c3e-975c-341d5882280f,Agropecuaria Mochuelo,Doña Mirian,488d42c3-82a0-446f-840c-d1f638556ee6,Pedro Vicente Gomez Arvelaez,Oriente,238308,G09,3,2026,0,,0,0,True,False,ytd,0.7634,cercana,185450,12.82
69d96246-a21f-4c3e-975c-341d5882280f,Agropecuaria Mochuelo,Doña Mirian,488d42c3-82a0-446f-840c-d1f638556ee6,Pedro Vicente Gomez Arvelaez,Oriente,238308,G09,2,2026,0,,0,0,True,False,ytd,0.7634,cercana,185450,12.82
69d96246-a21f-4c3e-975c-341d5882280f,Agropecuaria Mochuelo,Doña Mirian,488d42c3-82a0-446f-840c-d1f638556ee6,Pedro Vicente Gomez Arvelaez,Oriente,238308,G09,1,2026,9,,0,6.87,True,False,ytd,0.7634,cercana,185450,12.82
78f5eb8f-f2d3-41b8-9ca4-2afd8a00fc4d,Agropecuaria Mochuelo,El Mamón 1,488d42c3-82a0-446f-840c-d1f638556ee6,Pedro Vicente Gomez Arvelaez,Oriente,238308,G09,12,2026,37.6,,0,28.7,True,False,ytd,0.7634,cercana,185450,12.82
78f5eb8f-f2d3-41b8-9ca4-2afd8a00fc4d,Agropecuaria Mochuelo,El Mamón 1,488d42c3-82a0-446f-840c-d1f638556ee6,Pedro Vicente Gomez Arvelaez,Oriente,238308,G09,11,2026,110.3,,0,84.2,True,False,ytd,0.7634,cercana,185450,12.82
78f5eb8f-f2d3-41b8-9ca4-2afd8a00fc4d,Agropecuaria Mochuelo,El Mamón 1,488d42c3-82a0-446f-840c-d1f638556ee6,Pedro Vicente Gomez Arvelaez,Oriente,238308,G09,10,2026,57.7,,0,44.05,True,False,ytd,0.7634,cercana,185450,12.82
78f5eb8f-f2d3-41b8-9ca4-2afd8a00fc4d,Agropecuaria Mochuelo,El Mamón 1,488d42c3-82a0-446f-840c-d1f638556ee6,Pedro Vicente Gomez Arvelaez,Oriente,238308,G09,9,2026,130.4,,0,99.55,True,False,ytd,0.7634,cercana,185450,12.82
78f5eb8f-f2d3-41b8-9ca4-2afd8a00fc4d,Agropecuaria Mochuelo,El Mamón 1,488d42c3-82a0-446f-840c-d1f638556ee6,Pedro Vicente Gomez Arvelaez,Oriente,238308,G09,8,2026,116.6,,0,89.01,True,False,ytd,0.7634,cercana,185450,12.82
78f5eb8f-f2d3-41b8-9ca4-2afd8a00fc4d,Agropecuaria Mochuelo,El Mamón 1,488d42c3-82a0-446f-840c-d1f638556ee6,Pedro Vicente Gomez Arvelaez,Oriente,238308,G09,7,2026,178,63.8,27,63.8,False,False,ytd,0.7634,cercana,185450,12.82
78f5eb8f-f2d3-41b8-9ca4-2afd8a00fc4d,Agropecuaria Mochuelo,El Mamón 1,488d42c3-82a0-446f-840c-d1f638556ee6,Pedro Vicente Gomez Arvelaez,Oriente,238308,G09,6,2026,90.8,141.4,30,141.4,False,False,ytd,0.7634,cercana,185450,12.82
78f5eb8f-f2d3-41b8-9ca4-2afd8a00fc4d,Agropecuaria Mochuelo,El Mamón 1,488d42c3-82a0-446f-840c-d1f638556ee6,Pedro Vicente Gomez Arvelaez,Oriente,238308,G09,5,2026,153.9,11.4,5,117.49,True,True,ytd,0.7634,cercana,185450,12.82
78f5eb8f-f2d3-41b8-9ca4-2afd8a00fc4d,Agropecuaria Mochuelo,El Mamón 1,488d42c3-82a0-446f-840c-d1f638556ee6,Pedro Vicente Gomez Arvelaez,Oriente,238308,G09,4,2026,79.8,,0,60.92,True,False,ytd,0.7634,cercana,185450,12.82
78f5eb8f-f2d3-41b8-9ca4-2afd8a00fc4d,Agropecuaria Mochuelo,El Mamón 1,488d42c3-82a0-446f-840c-d1f638556ee6,Pedro Vicente Gomez Arvelaez,Oriente,238308,G09,3,2026,0,,0,0,True,False,ytd,0.7634,cercana,185450,12.82
78f5eb8f-f2d3-41b8-9ca4-2afd8a00fc4d,Agropecuaria Mochuelo,El Mamón 1,488d42c3-82a0-446f-840c-d1f638556ee6,Pedro Vicente Gomez Arvelaez,Oriente,238308,G09,2,2026,0,,0,0,True,False,ytd,0.7634,cercana,185450,12.82
78f5eb8f-f2d3-41b8-9ca4-2afd8a00fc4d,Agropecuaria Mochuelo,El Mamón 1,488d42c3-82a0-446f-840c-d1f638556ee6,Pedro Vicente Gomez Arvelaez,Oriente,238308,G09,1,2026,9,,0,6.87,True,False,ytd,0.7634,cercana,185450,12.82
c68b9353-e9d8-44a9-a3d9-60daaa063bbf,Agropecuaria Mochuelo,El Mamón 2,488d42c3-82a0-446f-840c-d1f638556ee6,Pedro Vicente Gomez Arvelaez,Oriente,238308,G09,12,2026,37.6,,0,28.7,True,False,ytd,0.7634,cercana,185450,12.82
c68b9353-e9d8-44a9-a3d9-60daaa063bbf,Agropecuaria Mochuelo,El Mamón 2,488d42c3-82a0-446f-840c-d1f638556ee6,Pedro Vicente Gomez Arvelaez,Oriente,238308,G09,11,2026,110.3,,0,84.2,True,False,ytd,0.7634,cercana,185450,12.82
c68b9353-e9d8-44a9-a3d9-60daaa063bbf,Agropecuaria Mochuelo,El Mamón 2,488d42c3-82a0-446f-840c-d1f638556ee6,Pedro Vicente Gomez Arvelaez,Oriente,238308,G09,10,2026,57.7,,0,44.05,True,False,ytd,0.7634,cercana,185450,12.82
c68b9353-e9d8-44a9-a3d9-60daaa063bbf,Agropecuaria Mochuelo,El Mamón 2,488d42c3-82a0-446f-840c-d1f638556ee6,Pedro Vicente Gomez Arvelaez,Oriente,238308,G09,9,2026,130.4,,0,99.55,True,False,ytd,0.7634,cercana,185450,12.82
c68b9353-e9d8-44a9-a3d9-60daaa063bbf,Agropecuaria Mochuelo,El Mamón 2,488d42c3-82a0-446f-840c-d1f638556ee6,Pedro Vicente Gomez Arvelaez,Oriente,238308,G09,8,2026,116.6,,0,89.01,True,False,ytd,0.7634,cercana,185450,12.82
c68b9353-e9d8-44a9-a3d9-60daaa063bbf,Agropecuaria Mochuelo,El Mamón 2,488d42c3-82a0-446f-840c-d1f638556ee6,Pedro Vicente Gomez Arvelaez,Oriente,238308,G09,7,2026,178,63.8,27,63.8,False,False,ytd,0.7634,cercana,185450,12.82
c68b9353-e9d8-44a9-a3d9-60daaa063bbf,Agropecuaria Mochuelo,El Mamón 2,488d42c3-82a0-446f-840c-d1f638556ee6,Pedro Vicente Gomez Arvelaez,Oriente,238308,G09,6,2026,90.8,141.4,30,141.4,False,False,ytd,0.7634,cercana,185450,12.82
c68b9353-e9d8-44a9-a3d9-60daaa063bbf,Agropecuaria Mochuelo,El Mamón 2,488d42c3-82a0-446f-840c-d1f638556ee6,Pedro Vicente Gomez Arvelaez,Oriente,238308,G09,5,2026,153.9,11.4,5,117.49,True,True,ytd,0.7634,cercana,185450,12.82
c68b9353-e9d8-44a9-a3d9-60daaa063bbf,Agropecuaria Mochuelo,El Mamón 2,488d42c3-82a0-446f-840c-d1f638556ee6,Pedro Vicente Gomez Arvelaez,Oriente,238308,G09,4,2026,79.8,,0,60.92,True,False,ytd,0.7634,cercana,185450,12.82
c68b9353-e9d8-44a9-a3d9-60daaa063bbf,Agropecuaria Mochuelo,El Mamón 2,488d42c3-82a0-446f-840c-d1f638556ee6,Pedro Vicente Gomez Arvelaez,Oriente,238308,G09,3,2026,0,,0,0,True,False,ytd,0.7634,cercana,185450,12.82
c68b9353-e9d8-44a9-a3d9-60daaa063bbf,Agropecuaria Mochuelo,El Mamón 2,488d42c3-82a0-446f-840c-d1f638556ee6,Pedro Vicente Gomez Arvelaez,Oriente,238308,G09,2,2026,0,,0,0,True,False,ytd,0.7634,cercana,185450,12.82
c68b9353-e9d8-44a9-a3d9-60daaa063bbf,Agropecuaria Mochuelo,El Mamón 2,488d42c3-82a0-446f-840c-d1f638556ee6,Pedro Vicente Gomez Arvelaez,Oriente,238308,G09,1,2026,9,,0,6.87,True,False,ytd,0.7634,cercana,185450,12.82
1276e7c4-8ed6-4978-926b-4db023ae127b,Agropecuaria Mochuelo,El Marbellero,488d42c3-82a0-446f-840c-d1f638556ee6,Pedro Vicente Gomez Arvelaez,Oriente,238308,G09,12,2026,37.6,,0,28.7,True,False,ytd,0.7634,cercana,185450,12.82
1276e7c4-8ed6-4978-926b-4db023ae127b,Agropecuaria Mochuelo,El Marbellero,488d42c3-82a0-446f-840c-d1f638556ee6,Pedro Vicente Gomez Arvelaez,Oriente,238308,G09,11,2026,110.3,,0,84.2,True,False,ytd,0.7634,cercana,185450,12.82
1276e7c4-8ed6-4978-926b-4db023ae127b,Agropecuaria Mochuelo,El Marbellero,488d42c3-82a0-446f-840c-d1f638556ee6,Pedro Vicente Gomez Arvelaez,Oriente,238308,G09,10,2026,57.7,,0,44.05,True,False,ytd,0.7634,cercana,185450,12.82
1276e7c4-8ed6-4978-926b-4db023ae127b,Agropecuaria Mochuelo,El Marbellero,488d42c3-82a0-446f-840c-d1f638556ee6,Pedro Vicente Gomez Arvelaez,Oriente,238308,G09,9,2026,130.4,,0,99.55,True,False,ytd,0.7634,cercana,185450,12.82
1276e7c4-8ed6-4978-926b-4db023ae127b,Agropecuaria Mochuelo,El Marbellero,488d42c3-82a0-446f-840c-d1f638556ee6,Pedro Vicente Gomez Arvelaez,Oriente,238308,G09,8,2026,116.6,,0,89.01,True,False,ytd,0.7634,cercana,185450,12.82
1276e7c4-8ed6-4978-926b-4db023ae127b,Agropecuaria Mochuelo,El Marbellero,488d42c3-82a0-446f-840c-d1f638556ee6,Pedro Vicente Gomez Arvelaez,Oriente,238308,G09,7,2026,178,63.8,27,63.8,False,False,ytd,0.7634,cercana,185450,12.82
1276e7c4-8ed6-4978-926b-4db023ae127b,Agropecuaria Mochuelo,El Marbellero,488d42c3-82a0-446f-840c-d1f638556ee6,Pedro Vicente Gomez Arvelaez,Oriente,238308,G09,6,2026,90.8,141.4,30,141.4,False,False,ytd,0.7634,cercana,185450,12.82
1276e7c4-8ed6-4978-926b-4db023ae127b,Agropecuaria Mochuelo,El Marbellero,488d42c3-82a0-446f-840c-d1f638556ee6,Pedro Vicente Gomez Arvelaez,Oriente,238308,G09,5,2026,153.9,11.4,5,117.49,True,True,ytd,0.7634,cercana,185450,12.82
1276e7c4-8ed6-4978-926b-4db023ae127b,Agropecuaria Mochuelo,El Marbellero,488d42c3-82a0-446f-840c-d1f638556ee6,Pedro Vicente Gomez Arvelaez,Oriente,238308,G09,4,2026,79.8,,0,60.92,True,False,ytd,0.7634,cercana,185450,12.82
1276e7c4-8ed6-4978-926b-4db023ae127b,Agropecuaria Mochuelo,El Marbellero,488d42c3-82a0-446f-840c-d1f638556ee6,Pedro Vicente Gomez Arvelaez,Oriente,238308,G09,3,2026,0,,0,0,True,False,ytd,0.7634,cercana,185450,12.82
1276e7c4-8ed6-4978-926b-4db023ae127b,Agropecuaria Mochuelo,El Marbellero,488d42c3-82a0-446f-840c-d1f638556ee6,Pedro Vicente Gomez Arvelaez,Oriente,238308,G09,2,2026,0,,0,0,True,False,ytd,0.7634,cercana,185450,12.82
1276e7c4-8ed6-4978-926b-4db023ae127b,Agropecuaria Mochuelo,El Marbellero,488d42c3-82a0-446f-840c-d1f638556ee6,Pedro Vicente Gomez Arvelaez,Oriente,238308,G09,1,2026,9,,0,6.87,True,False,ytd,0.7634,cercana,185450,12.82
32e47f93-3a7c-4883-8ebd-9f44a593bc3f,Agropecuaria Mochuelo,El Roble,488d42c3-82a0-446f-840c-d1f638556ee6,Pedro Vicente Gomez Arvelaez,Oriente,238308,G09,12,2026,37.6,,0,28.7,True,False,ytd,0.7634,cercana,185450,12.82
32e47f93-3a7c-4883-8ebd-9f44a593bc3f,Agropecuaria Mochuelo,El Roble,488d42c3-82a0-446f-840c-d1f638556ee6,Pedro Vicente Gomez Arvelaez,Oriente,238308,G09,11,2026,110.3,,0,84.2,True,False,ytd,0.7634,cercana,185450,12.82
32e47f93-3a7c-4883-8ebd-9f44a593bc3f,Agropecuaria Mochuelo,El Roble,488d42c3-82a0-446f-840c-d1f638556ee6,Pedro Vicente Gomez Arvelaez,Oriente,238308,G09,10,2026,57.7,,0,44.05,True,False,ytd,0.7634,cercana,185450,12.82
32e47f93-3a7c-4883-8ebd-9f44a593bc3f,Agropecuaria Mochuelo,El Roble,488d42c3-82a0-446f-840c-d1f638556ee6,Pedro Vicente Gomez Arvelaez,Oriente,238308,G09,9,2026,130.4,,0,99.55,True,False,ytd,0.7634,cercana,185450,12.82
32e47f93-3a7c-4883-8ebd-9f44a593bc3f,Agropecuaria Mochuelo,El Roble,488d42c3-82a0-446f-840c-d1f638556ee6,Pedro Vicente Gomez Arvelaez,Oriente,238308,G09,8,2026,116.6,,0,89.01,True,False,ytd,0.7634,cercana,185450,12.82
32e47f93-3a7c-4883-8ebd-9f44a593bc3f,Agropecuaria Mochuelo,El Roble,488d42c3-82a0-446f-840c-d1f638556ee6,Pedro Vicente Gomez Arvelaez,Oriente,238308,G09,7,2026,178,63.8,27,63.8,False,False,ytd,0.7634,cercana,185450,12.82
32e47f93-3a7c-4883-8ebd-9f44a593bc3f,Agropecuaria Mochuelo,El Roble,488d42c3-82a0-446f-840c-d1f638556ee6,Pedro Vicente Gomez Arvelaez,Oriente,238308,G09,6,2026,90.8,141.4,30,141.4,False,False,ytd,0.7634,cercana,185450,12.82
32e47f93-3a7c-4883-8ebd-9f44a593bc3f,Agropecuaria Mochuelo,El Roble,488d42c3-82a0-446f-840c-d1f638556ee6,Pedro Vicente Gomez Arvelaez,Oriente,238308,G09,5,2026,153.9,11.4,5,117.49,True,True,ytd,0.7634,cercana,185450,12.82
32e47f93-3a7c-4883-8ebd-9f44a593bc3f,Agropecuaria Mochuelo,El Roble,488d42c3-82a0-446f-840c-d1f638556ee6,Pedro Vicente Gomez Arvelaez,Oriente,238308,G09,4,2026,79.8,,0,60.92,True,False,ytd,0.7634,cercana,185450,12.82
32e47f93-3a7c-4883-8ebd-9f44a593bc3f,Agropecuaria Mochuelo,El Roble,488d42c3-82a0-446f-840c-d1f638556ee6,Pedro Vicente Gomez Arvelaez,Oriente,238308,G09,3,2026,0,,0,0,True,False,ytd,0.7634,cercana,185450,12.82
32e47f93-3a7c-4883-8ebd-9f44a593bc3f,Agropecuaria Mochuelo,El Roble,488d42c3-82a0-446f-840c-d1f638556ee6,Pedro Vicente Gomez Arvelaez,Oriente,238308,G09,2,2026,0,,0,0,True,False,ytd,0.7634,cercana,185450,12.82
32e47f93-3a7c-4883-8ebd-9f44a593bc3f,Agropecuaria Mochuelo,El Roble,488d42c3-82a0-446f-840c-d1f638556ee6,Pedro Vicente Gomez Arvelaez,Oriente,238308,G09,1,2026,9,,0,6.87,True,False,ytd,0.7634,cercana,185450,12.82
07be278b-cb82-4152-b073-c763876d4b0f,Agropecuaria Mochuelo,El Ron 1,488d42c3-82a0-446f-840c-d1f638556ee6,Pedro Vicente Gomez Arvelaez,Oriente,238308,G09,12,2026,37.6,,0,28.7,True,False,ytd,0.7634,cercana,185450,12.82
07be278b-cb82-4152-b073-c763876d4b0f,Agropecuaria Mochuelo,El Ron 1,488d42c3-82a0-446f-840c-d1f638556ee6,Pedro Vicente Gomez Arvelaez,Oriente,238308,G09,11,2026,110.3,,0,84.2,True,False,ytd,0.7634,cercana,185450,12.82
07be278b-cb82-4152-b073-c763876d4b0f,Agropecuaria Mochuelo,El Ron 1,488d42c3-82a0-446f-840c-d1f638556ee6,Pedro Vicente Gomez Arvelaez,Oriente,238308,G09,10,2026,57.7,,0,44.05,True,False,ytd,0.7634,cercana,185450,12.82
07be278b-cb82-4152-b073-c763876d4b0f,Agropecuaria Mochuelo,El Ron 1,488d42c3-82a0-446f-840c-d1f638556ee6,Pedro Vicente Gomez Arvelaez,Oriente,238308,G09,9,2026,130.4,,0,99.55,True,False,ytd,0.7634,cercana,185450,12.82
07be278b-cb82-4152-b073-c763876d4b0f,Agropecuaria Mochuelo,El Ron 1,488d42c3-82a0-446f-840c-d1f638556ee6,Pedro Vicente Gomez Arvelaez,Oriente,238308,G09,8,2026,116.6,,0,89.01,True,False,ytd,0.7634,cercana,185450,12.82
07be278b-cb82-4152-b073-c763876d4b0f,Agropecuaria Mochuelo,El Ron 1,488d42c3-82a0-446f-840c-d1f638556ee6,Pedro Vicente Gomez Arvelaez,Oriente,238308,G09,7,2026,178,63.8,27,63.8,False,False,ytd,0.7634,cercana,185450,12.82
07be278b-cb82-4152-b073-c763876d4b0f,Agropecuaria Mochuelo,El Ron 1,488d42c3-82a0-446f-840c-d1f638556ee6,Pedro Vicente Gomez Arvelaez,Oriente,238308,G09,6,2026,90.8,141.4,30,141.4,False,False,ytd,0.7634,cercana,185450,12.82
07be278b-cb82-4152-b073-c763876d4b0f,Agropecuaria Mochuelo,El Ron 1,488d42c3-82a0-446f-840c-d1f638556ee6,Pedro Vicente Gomez Arvelaez,Oriente,238308,G09,5,2026,153.9,11.4,5,117.49,True,True,ytd,0.7634,cercana,185450,12.82
07be278b-cb82-4152-b073-c763876d4b0f,Agropecuaria Mochuelo,El Ron 1,488d42c3-82a0-446f-840c-d1f638556ee6,Pedro Vicente Gomez Arvelaez,Oriente,238308,G09,4,2026,79.8,,0,60.92,True,False,ytd,0.7634,cercana,185450,12.82
07be278b-cb82-4152-b073-c763876d4b0f,Agropecuaria Mochuelo,El Ron 1,488d42c3-82a0-446f-840c-d1f638556ee6,Pedro Vicente Gomez Arvelaez,Oriente,238308,G09,3,2026,0,,0,0,True,False,ytd,0.7634,cercana,185450,12.82
07be278b-cb82-4152-b073-c763876d4b0f,Agropecuaria Mochuelo,El Ron 1,488d42c3-82a0-446f-840c-d1f638556ee6,Pedro Vicente Gomez Arvelaez,Oriente,238308,G09,2,2026,0,,0,0,True,False,ytd,0.7634,cercana,185450,12.82
07be278b-cb82-4152-b073-c763876d4b0f,Agropecuaria Mochuelo,El Ron 1,488d42c3-82a0-446f-840c-d1f638556ee6,Pedro Vicente Gomez Arvelaez,Oriente,238308,G09,1,2026,9,,0,6.87,True,False,ytd,0.7634,cercana,185450,12.82
51c48845-8ff4-45e2-9b1a-bad17990078c,Agropecuaria Mochuelo,El Ron 2,488d42c3-82a0-446f-840c-d1f638556ee6,Pedro Vicente Gomez Arvelaez,Oriente,238308,G09,12,2026,37.6,,0,28.7,True,False,ytd,0.7634,cercana,185450,12.82
51c48845-8ff4-45e2-9b1a-bad17990078c,Agropecuaria Mochuelo,El Ron 2,488d42c3-82a0-446f-840c-d1f638556ee6,Pedro Vicente Gomez Arvelaez,Oriente,238308,G09,11,2026,110.3,,0,84.2,True,False,ytd,0.7634,cercana,185450,12.82
51c48845-8ff4-45e2-9b1a-bad17990078c,Agropecuaria Mochuelo,El Ron 2,488d42c3-82a0-446f-840c-d1f638556ee6,Pedro Vicente Gomez Arvelaez,Oriente,238308,G09,10,2026,57.7,,0,44.05,True,False,ytd,0.7634,cercana,185450,12.82
51c48845-8ff4-45e2-9b1a-bad17990078c,Agropecuaria Mochuelo,El Ron 2,488d42c3-82a0-446f-840c-d1f638556ee6,Pedro Vicente Gomez Arvelaez,Oriente,238308,G09,9,2026,130.4,,0,99.55,True,False,ytd,0.7634,cercana,185450,12.82
51c48845-8ff4-45e2-9b1a-bad17990078c,Agropecuaria Mochuelo,El Ron 2,488d42c3-82a0-446f-840c-d1f638556ee6,Pedro Vicente Gomez Arvelaez,Oriente,238308,G09,8,2026,116.6,,0,89.01,True,False,ytd,0.7634,cercana,185450,12.82
51c48845-8ff4-45e2-9b1a-bad17990078c,Agropecuaria Mochuelo,El Ron 2,488d42c3-82a0-446f-840c-d1f638556ee6,Pedro Vicente Gomez Arvelaez,Oriente,238308,G09,7,2026,178,63.8,27,63.8,False,False,ytd,0.7634,cercana,185450,12.82
51c48845-8ff4-45e2-9b1a-bad17990078c,Agropecuaria Mochuelo,El Ron 2,488d42c3-82a0-446f-840c-d1f638556ee6,Pedro Vicente Gomez Arvelaez,Oriente,238308,G09,6,2026,90.8,141.4,30,141.4,False,False,ytd,0.7634,cercana,185450,12.82
51c48845-8ff4-45e2-9b1a-bad17990078c,Agropecuaria Mochuelo,El Ron 2,488d42c3-82a0-446f-840c-d1f638556ee6,Pedro Vicente Gomez Arvelaez,Oriente,238308,G09,5,2026,153.9,11.4,5,117.49,True,True,ytd,0.7634,cercana,185450,12.82
51c48845-8ff4-45e2-9b1a-bad17990078c,Agropecuaria Mochuelo,El Ron 2,488d42c3-82a0-446f-840c-d1f638556ee6,Pedro Vicente Gomez Arvelaez,Oriente,238308,G09,4,2026,79.8,,0,60.92,True,False,ytd,0.7634,cercana,185450,12.82
51c48845-8ff4-45e2-9b1a-bad17990078c,Agropecuaria Mochuelo,El Ron 2,488d42c3-82a0-446f-840c-d1f638556ee6,Pedro Vicente Gomez Arvelaez,Oriente,238308,G09,3,2026,0,,0,0,True,False,ytd,0.7634,cercana,185450,12.82
51c48845-8ff4-45e2-9b1a-bad17990078c,Agropecuaria Mochuelo,El Ron 2,488d42c3-82a0-446f-840c-d1f638556ee6,Pedro Vicente Gomez Arvelaez,Oriente,238308,G09,2,2026,0,,0,0,True,False,ytd,0.7634,cercana,185450,12.82
51c48845-8ff4-45e2-9b1a-bad17990078c,Agropecuaria Mochuelo,El Ron 2,488d42c3-82a0-446f-840c-d1f638556ee6,Pedro Vicente Gomez Arvelaez,Oriente,238308,G09,1,2026,9,,0,6.87,True,False,ytd,0.7634,cercana,185450,12.82
f3b99946-6983-471f-8b45-3023527b6a0d,Agropecuaria Vilereña,El Carito 1-1,13623f8c-c5c6-4175-a3fc-552f36383551,Juan Hernández Díaz,Oriente,241484,G14,12,2026,7.2,,0,3.46,True,False,ytd,0.481,cercana,213735,13.68
f3b99946-6983-471f-8b45-3023527b6a0d,Agropecuaria Vilereña,El Carito 1-1,13623f8c-c5c6-4175-a3fc-552f36383551,Juan Hernández Díaz,Oriente,241484,G14,11,2026,11.4,,0,5.48,True,False,ytd,0.481,cercana,213735,13.68
f3b99946-6983-471f-8b45-3023527b6a0d,Agropecuaria Vilereña,El Carito 1-1,13623f8c-c5c6-4175-a3fc-552f36383551,Juan Hernández Díaz,Oriente,241484,G14,10,2026,118.2,,0,56.85,True,False,ytd,0.481,cercana,213735,13.68
f3b99946-6983-471f-8b45-3023527b6a0d,Agropecuaria Vilereña,El Carito 1-1,13623f8c-c5c6-4175-a3fc-552f36383551,Juan Hernández Díaz,Oriente,241484,G14,9,2026,162.8,,0,78.31,True,False,ytd,0.481,cercana,213735,13.68
f3b99946-6983-471f-8b45-3023527b6a0d,Agropecuaria Vilereña,El Carito 1-1,13623f8c-c5c6-4175-a3fc-552f36383551,Juan Hernández Díaz,Oriente,241484,G14,8,2026,169,0,2,81.29,True,True,ytd,0.481,cercana,213735,13.68
f3b99946-6983-471f-8b45-3023527b6a0d,Agropecuaria Vilereña,El Carito 1-1,13623f8c-c5c6-4175-a3fc-552f36383551,Juan Hernández Díaz,Oriente,241484,G14,7,2026,182,87.54,26,87.54,False,False,ytd,0.481,cercana,213735,13.68
f3b99946-6983-471f-8b45-3023527b6a0d,Agropecuaria Vilereña,El Carito 1-1,13623f8c-c5c6-4175-a3fc-552f36383551,Juan Hernández Díaz,Oriente,241484,G14,6,2026,124.2,,0,59.74,True,False,ytd,0.481,cercana,213735,13.68
f3b99946-6983-471f-8b45-3023527b6a0d,Agropecuaria Vilereña,El Carito 1-1,13623f8c-c5c6-4175-a3fc-552f36383551,Juan Hernández Díaz,Oriente,241484,G14,5,2026,,,0,0,True,False,ytd,0.481,cercana,213735,13.68
f3b99946-6983-471f-8b45-3023527b6a0d,Agropecuaria Vilereña,El Carito 1-1,13623f8c-c5c6-4175-a3fc-552f36383551,Juan Hernández Díaz,Oriente,241484,G14,4,2026,,,0,0,True,False,ytd,0.481,cercana,213735,13.68
f3b99946-6983-471f-8b45-3023527b6a0d,Agropecuaria Vilereña,El Carito 1-1,13623f8c-c5c6-4175-a3fc-552f36383551,Juan Hernández Díaz,Oriente,241484,G14,3,2026,,,0,0,True,False,ytd,0.481,cercana,213735,13.68
f3b99946-6983-471f-8b45-3023527b6a0d,Agropecuaria Vilereña,El Carito 1-1,13623f8c-c5c6-4175-a3fc-552f36383551,Juan Hernández Díaz,Oriente,241484,G14,2,2026,,,0,0,True,False,ytd,0.481,cercana,213735,13.68
f3b99946-6983-471f-8b45-3023527b6a0d,Agropecuaria Vilereña,El Carito 1-1,13623f8c-c5c6-4175-a3fc-552f36383551,Juan Hernández Díaz,Oriente,241484,G14,1,2026,,,0,0,True,False,ytd,0.481,cercana,213735,13.68
f8511ddb-70d0-4214-ab6e-d6b9f20fb6fd,Agropecuaria Vilereña,El Carito 1-2,13623f8c-c5c6-4175-a3fc-552f36383551,Juan Hernández Díaz,Oriente,241484,G14,12,2026,7.2,,0,3.46,True,False,ytd,0.481,cercana,213735,13.68
f8511ddb-70d0-4214-ab6e-d6b9f20fb6fd,Agropecuaria Vilereña,El Carito 1-2,13623f8c-c5c6-4175-a3fc-552f36383551,Juan Hernández Díaz,Oriente,241484,G14,11,2026,11.4,,0,5.48,True,False,ytd,0.481,cercana,213735,13.68
f8511ddb-70d0-4214-ab6e-d6b9f20fb6fd,Agropecuaria Vilereña,El Carito 1-2,13623f8c-c5c6-4175-a3fc-552f36383551,Juan Hernández Díaz,Oriente,241484,G14,10,2026,118.2,,0,56.85,True,False,ytd,0.481,cercana,213735,13.68
f8511ddb-70d0-4214-ab6e-d6b9f20fb6fd,Agropecuaria Vilereña,El Carito 1-2,13623f8c-c5c6-4175-a3fc-552f36383551,Juan Hernández Díaz,Oriente,241484,G14,9,2026,162.8,,0,78.31,True,False,ytd,0.481,cercana,213735,13.68
f8511ddb-70d0-4214-ab6e-d6b9f20fb6fd,Agropecuaria Vilereña,El Carito 1-2,13623f8c-c5c6-4175-a3fc-552f36383551,Juan Hernández Díaz,Oriente,241484,G14,8,2026,169,0,2,81.29,True,True,ytd,0.481,cercana,213735,13.68
f8511ddb-70d0-4214-ab6e-d6b9f20fb6fd,Agropecuaria Vilereña,El Carito 1-2,13623f8c-c5c6-4175-a3fc-552f36383551,Juan Hernández Díaz,Oriente,241484,G14,7,2026,182,87.54,26,87.54,False,False,ytd,0.481,cercana,213735,13.68
f8511ddb-70d0-4214-ab6e-d6b9f20fb6fd,Agropecuaria Vilereña,El Carito 1-2,13623f8c-c5c6-4175-a3fc-552f36383551,Juan Hernández Díaz,Oriente,241484,G14,6,2026,124.2,,0,59.74,True,False,ytd,0.481,cercana,213735,13.68
f8511ddb-70d0-4214-ab6e-d6b9f20fb6fd,Agropecuaria Vilereña,El Carito 1-2,13623f8c-c5c6-4175-a3fc-552f36383551,Juan Hernández Díaz,Oriente,241484,G14,5,2026,,,0,0,True,False,ytd,0.481,cercana,213735,13.68
f8511ddb-70d0-4214-ab6e-d6b9f20fb6fd,Agropecuaria Vilereña,El Carito 1-2,13623f8c-c5c6-4175-a3fc-552f36383551,Juan Hernández Díaz,Oriente,241484,G14,4,2026,,,0,0,True,False,ytd,0.481,cercana,213735,13.68
f8511ddb-70d0-4214-ab6e-d6b9f20fb6fd,Agropecuaria Vilereña,El Carito 1-2,13623f8c-c5c6-4175-a3fc-552f36383551,Juan Hernández Díaz,Oriente,241484,G14,3,2026,,,0,0,True,False,ytd,0.481,cercana,213735,13.68
f8511ddb-70d0-4214-ab6e-d6b9f20fb6fd,Agropecuaria Vilereña,El Carito 1-2,13623f8c-c5c6-4175-a3fc-552f36383551,Juan Hernández Díaz,Oriente,241484,G14,2,2026,,,0,0,True,False,ytd,0.481,cercana,213735,13.68
f8511ddb-70d0-4214-ab6e-d6b9f20fb6fd,Agropecuaria Vilereña,El Carito 1-2,13623f8c-c5c6-4175-a3fc-552f36383551,Juan Hernández Díaz,Oriente,241484,G14,1,2026,,,0,0,True,False,ytd,0.481,cercana,213735,13.68
891b1c8f-11e3-4464-8868-364a5737a2b0,Agropecuaria Vilereña,Eleodoro,13623f8c-c5c6-4175-a3fc-552f36383551,Juan Hernández Díaz,Oriente,241484,G14,12,2026,7.2,,0,3.46,True,False,ytd,0.481,cercana,213735,13.68
891b1c8f-11e3-4464-8868-364a5737a2b0,Agropecuaria Vilereña,Eleodoro,13623f8c-c5c6-4175-a3fc-552f36383551,Juan Hernández Díaz,Oriente,241484,G14,11,2026,11.4,,0,5.48,True,False,ytd,0.481,cercana,213735,13.68
891b1c8f-11e3-4464-8868-364a5737a2b0,Agropecuaria Vilereña,Eleodoro,13623f8c-c5c6-4175-a3fc-552f36383551,Juan Hernández Díaz,Oriente,241484,G14,10,2026,118.2,,0,56.85,True,False,ytd,0.481,cercana,213735,13.68
891b1c8f-11e3-4464-8868-364a5737a2b0,Agropecuaria Vilereña,Eleodoro,13623f8c-c5c6-4175-a3fc-552f36383551,Juan Hernández Díaz,Oriente,241484,G14,9,2026,162.8,,0,78.31,True,False,ytd,0.481,cercana,213735,13.68
891b1c8f-11e3-4464-8868-364a5737a2b0,Agropecuaria Vilereña,Eleodoro,13623f8c-c5c6-4175-a3fc-552f36383551,Juan Hernández Díaz,Oriente,241484,G14,8,2026,169,0,2,81.29,True,True,ytd,0.481,cercana,213735,13.68
891b1c8f-11e3-4464-8868-364a5737a2b0,Agropecuaria Vilereña,Eleodoro,13623f8c-c5c6-4175-a3fc-552f36383551,Juan Hernández Díaz,Oriente,241484,G14,7,2026,182,87.54,26,87.54,False,False,ytd,0.481,cercana,213735,13.68
891b1c8f-11e3-4464-8868-364a5737a2b0,Agropecuaria Vilereña,Eleodoro,13623f8c-c5c6-4175-a3fc-552f36383551,Juan Hernández Díaz,Oriente,241484,G14,6,2026,124.2,,0,59.74,True,False,ytd,0.481,cercana,213735,13.68
891b1c8f-11e3-4464-8868-364a5737a2b0,Agropecuaria Vilereña,Eleodoro,13623f8c-c5c6-4175-a3fc-552f36383551,Juan Hernández Díaz,Oriente,241484,G14,5,2026,,,0,0,True,False,ytd,0.481,cercana,213735,13.68
891b1c8f-11e3-4464-8868-364a5737a2b0,Agropecuaria Vilereña,Eleodoro,13623f8c-c5c6-4175-a3fc-552f36383551,Juan Hernández Díaz,Oriente,241484,G14,4,2026,,,0,0,True,False,ytd,0.481,cercana,213735,13.68
891b1c8f-11e3-4464-8868-364a5737a2b0,Agropecuaria Vilereña,Eleodoro,13623f8c-c5c6-4175-a3fc-552f36383551,Juan Hernández Díaz,Oriente,241484,G14,3,2026,,,0,0,True,False,ytd,0.481,cercana,213735,13.68
891b1c8f-11e3-4464-8868-364a5737a2b0,Agropecuaria Vilereña,Eleodoro,13623f8c-c5c6-4175-a3fc-552f36383551,Juan Hernández Díaz,Oriente,241484,G14,2,2026,,,0,0,True,False,ytd,0.481,cercana,213735,13.68
891b1c8f-11e3-4464-8868-364a5737a2b0,Agropecuaria Vilereña,Eleodoro,13623f8c-c5c6-4175-a3fc-552f36383551,Juan Hernández Díaz,Oriente,241484,G14,1,2026,,,0,0,True,False,ytd,0.481,cercana,213735,13.68
ce77e86a-30f2-4959-a867-6df03e3bedf0,Agropecuaria Vilereña,La Casa 1-1,13623f8c-c5c6-4175-a3fc-552f36383551,Juan Hernández Díaz,Oriente,241484,G14,12,2026,7.2,,0,3.46,True,False,ytd,0.481,cercana,213735,13.68
ce77e86a-30f2-4959-a867-6df03e3bedf0,Agropecuaria Vilereña,La Casa 1-1,13623f8c-c5c6-4175-a3fc-552f36383551,Juan Hernández Díaz,Oriente,241484,G14,11,2026,11.4,,0,5.48,True,False,ytd,0.481,cercana,213735,13.68
ce77e86a-30f2-4959-a867-6df03e3bedf0,Agropecuaria Vilereña,La Casa 1-1,13623f8c-c5c6-4175-a3fc-552f36383551,Juan Hernández Díaz,Oriente,241484,G14,10,2026,118.2,,0,56.85,True,False,ytd,0.481,cercana,213735,13.68
ce77e86a-30f2-4959-a867-6df03e3bedf0,Agropecuaria Vilereña,La Casa 1-1,13623f8c-c5c6-4175-a3fc-552f36383551,Juan Hernández Díaz,Oriente,241484,G14,9,2026,162.8,,0,78.31,True,False,ytd,0.481,cercana,213735,13.68
ce77e86a-30f2-4959-a867-6df03e3bedf0,Agropecuaria Vilereña,La Casa 1-1,13623f8c-c5c6-4175-a3fc-552f36383551,Juan Hernández Díaz,Oriente,241484,G14,8,2026,169,0,2,81.29,True,True,ytd,0.481,cercana,213735,13.68
ce77e86a-30f2-4959-a867-6df03e3bedf0,Agropecuaria Vilereña,La Casa 1-1,13623f8c-c5c6-4175-a3fc-552f36383551,Juan Hernández Díaz,Oriente,241484,G14,7,2026,182,87.54,26,87.54,False,False,ytd,0.481,cercana,213735,13.68
ce77e86a-30f2-4959-a867-6df03e3bedf0,Agropecuaria Vilereña,La Casa 1-1,13623f8c-c5c6-4175-a3fc-552f36383551,Juan Hernández Díaz,Oriente,241484,G14,6,2026,124.2,,0,59.74,True,False,ytd,0.481,cercana,213735,13.68
ce77e86a-30f2-4959-a867-6df03e3bedf0,Agropecuaria Vilereña,La Casa 1-1,13623f8c-c5c6-4175-a3fc-552f36383551,Juan Hernández Díaz,Oriente,241484,G14,5,2026,,,0,0,True,False,ytd,0.481,cercana,213735,13.68
ce77e86a-30f2-4959-a867-6df03e3bedf0,Agropecuaria Vilereña,La Casa 1-1,13623f8c-c5c6-4175-a3fc-552f36383551,Juan Hernández Díaz,Oriente,241484,G14,4,2026,,,0,0,True,False,ytd,0.481,cercana,213735,13.68
ce77e86a-30f2-4959-a867-6df03e3bedf0,Agropecuaria Vilereña,La Casa 1-1,13623f8c-c5c6-4175-a3fc-552f36383551,Juan Hernández Díaz,Oriente,241484,G14,3,2026,,,0,0,True,False,ytd,0.481,cercana,213735,13.68
ce77e86a-30f2-4959-a867-6df03e3bedf0,Agropecuaria Vilereña,La Casa 1-1,13623f8c-c5c6-4175-a3fc-552f36383551,Juan Hernández Díaz,Oriente,241484,G14,2,2026,,,0,0,True,False,ytd,0.481,cercana,213735,13.68
ce77e86a-30f2-4959-a867-6df03e3bedf0,Agropecuaria Vilereña,La Casa 1-1,13623f8c-c5c6-4175-a3fc-552f36383551,Juan Hernández Díaz,Oriente,241484,G14,1,2026,,,0,0,True,False,ytd,0.481,cercana,213735,13.68
fb269fe9-fa8b-4447-b852-21bf1eb8bcb3,Agropecuaria Vilereña,La Zorra 1,13623f8c-c5c6-4175-a3fc-552f36383551,Juan Hernández Díaz,Oriente,241484,G14,12,2026,7.2,,0,3.46,True,False,ytd,0.481,cercana,213735,13.68
fb269fe9-fa8b-4447-b852-21bf1eb8bcb3,Agropecuaria Vilereña,La Zorra 1,13623f8c-c5c6-4175-a3fc-552f36383551,Juan Hernández Díaz,Oriente,241484,G14,11,2026,11.4,,0,5.48,True,False,ytd,0.481,cercana,213735,13.68
fb269fe9-fa8b-4447-b852-21bf1eb8bcb3,Agropecuaria Vilereña,La Zorra 1,13623f8c-c5c6-4175-a3fc-552f36383551,Juan Hernández Díaz,Oriente,241484,G14,10,2026,118.2,,0,56.85,True,False,ytd,0.481,cercana,213735,13.68
fb269fe9-fa8b-4447-b852-21bf1eb8bcb3,Agropecuaria Vilereña,La Zorra 1,13623f8c-c5c6-4175-a3fc-552f36383551,Juan Hernández Díaz,Oriente,241484,G14,9,2026,162.8,,0,78.31,True,False,ytd,0.481,cercana,213735,13.68
fb269fe9-fa8b-4447-b852-21bf1eb8bcb3,Agropecuaria Vilereña,La Zorra 1,13623f8c-c5c6-4175-a3fc-552f36383551,Juan Hernández Díaz,Oriente,241484,G14,8,2026,169,0,2,81.29,True,True,ytd,0.481,cercana,213735,13.68
fb269fe9-fa8b-4447-b852-21bf1eb8bcb3,Agropecuaria Vilereña,La Zorra 1,13623f8c-c5c6-4175-a3fc-552f36383551,Juan Hernández Díaz,Oriente,241484,G14,7,2026,182,87.54,26,87.54,False,False,ytd,0.481,cercana,213735,13.68
fb269fe9-fa8b-4447-b852-21bf1eb8bcb3,Agropecuaria Vilereña,La Zorra 1,13623f8c-c5c6-4175-a3fc-552f36383551,Juan Hernández Díaz,Oriente,241484,G14,6,2026,124.2,,0,59.74,True,False,ytd,0.481,cercana,213735,13.68
fb269fe9-fa8b-4447-b852-21bf1eb8bcb3,Agropecuaria Vilereña,La Zorra 1,13623f8c-c5c6-4175-a3fc-552f36383551,Juan Hernández Díaz,Oriente,241484,G14,5,2026,,,0,0,True,False,ytd,0.481,cercana,213735,13.68
fb269fe9-fa8b-4447-b852-21bf1eb8bcb3,Agropecuaria Vilereña,La Zorra 1,13623f8c-c5c6-4175-a3fc-552f36383551,Juan Hernández Díaz,Oriente,241484,G14,4,2026,,,0,0,True,False,ytd,0.481,cercana,213735,13.68
fb269fe9-fa8b-4447-b852-21bf1eb8bcb3,Agropecuaria Vilereña,La Zorra 1,13623f8c-c5c6-4175-a3fc-552f36383551,Juan Hernández Díaz,Oriente,241484,G14,3,2026,,,0,0,True,False,ytd,0.481,cercana,213735,13.68
fb269fe9-fa8b-4447-b852-21bf1eb8bcb3,Agropecuaria Vilereña,La Zorra 1,13623f8c-c5c6-4175-a3fc-552f36383551,Juan Hernández Díaz,Oriente,241484,G14,2,2026,,,0,0,True,False,ytd,0.481,cercana,213735,13.68
fb269fe9-fa8b-4447-b852-21bf1eb8bcb3,Agropecuaria Vilereña,La Zorra 1,13623f8c-c5c6-4175-a3fc-552f36383551,Juan Hernández Díaz,Oriente,241484,G14,1,2026,,,0,0,True,False,ytd,0.481,cercana,213735,13.68
4d621ff4-0fa4-4100-8047-941f2dea0c65,Agropecuaria Vilereña,La Zorra 2,13623f8c-c5c6-4175-a3fc-552f36383551,Juan Hernández Díaz,Oriente,241484,G14,12,2026,7.2,,0,3.46,True,False,ytd,0.481,cercana,213735,13.68
4d621ff4-0fa4-4100-8047-941f2dea0c65,Agropecuaria Vilereña,La Zorra 2,13623f8c-c5c6-4175-a3fc-552f36383551,Juan Hernández Díaz,Oriente,241484,G14,11,2026,11.4,,0,5.48,True,False,ytd,0.481,cercana,213735,13.68
4d621ff4-0fa4-4100-8047-941f2dea0c65,Agropecuaria Vilereña,La Zorra 2,13623f8c-c5c6-4175-a3fc-552f36383551,Juan Hernández Díaz,Oriente,241484,G14,10,2026,118.2,,0,56.85,True,False,ytd,0.481,cercana,213735,13.68
4d621ff4-0fa4-4100-8047-941f2dea0c65,Agropecuaria Vilereña,La Zorra 2,13623f8c-c5c6-4175-a3fc-552f36383551,Juan Hernández Díaz,Oriente,241484,G14,9,2026,162.8,,0,78.31,True,False,ytd,0.481,cercana,213735,13.68
4d621ff4-0fa4-4100-8047-941f2dea0c65,Agropecuaria Vilereña,La Zorra 2,13623f8c-c5c6-4175-a3fc-552f36383551,Juan Hernández Díaz,Oriente,241484,G14,8,2026,169,0,2,81.29,True,True,ytd,0.481,cercana,213735,13.68
4d621ff4-0fa4-4100-8047-941f2dea0c65,Agropecuaria Vilereña,La Zorra 2,13623f8c-c5c6-4175-a3fc-552f36383551,Juan Hernández Díaz,Oriente,241484,G14,7,2026,182,87.54,26,87.54,False,False,ytd,0.481,cercana,213735,13.68
4d621ff4-0fa4-4100-8047-941f2dea0c65,Agropecuaria Vilereña,La Zorra 2,13623f8c-c5c6-4175-a3fc-552f36383551,Juan Hernández Díaz,Oriente,241484,G14,6,2026,124.2,,0,59.74,True,False,ytd,0.481,cercana,213735,13.68
4d621ff4-0fa4-4100-8047-941f2dea0c65,Agropecuaria Vilereña,La Zorra 2,13623f8c-c5c6-4175-a3fc-552f36383551,Juan Hernández Díaz,Oriente,241484,G14,5,2026,,,0,0,True,False,ytd,0.481,cercana,213735,13.68
4d621ff4-0fa4-4100-8047-941f2dea0c65,Agropecuaria Vilereña,La Zorra 2,13623f8c-c5c6-4175-a3fc-552f36383551,Juan Hernández Díaz,Oriente,241484,G14,4,2026,,,0,0,True,False,ytd,0.481,cercana,213735,13.68
4d621ff4-0fa4-4100-8047-941f2dea0c65,Agropecuaria Vilereña,La Zorra 2,13623f8c-c5c6-4175-a3fc-552f36383551,Juan Hernández Díaz,Oriente,241484,G14,3,2026,,,0,0,True,False,ytd,0.481,cercana,213735,13.68
4d621ff4-0fa4-4100-8047-941f2dea0c65,Agropecuaria Vilereña,La Zorra 2,13623f8c-c5c6-4175-a3fc-552f36383551,Juan Hernández Díaz,Oriente,241484,G14,2,2026,,,0,0,True,False,ytd,0.481,cercana,213735,13.68
4d621ff4-0fa4-4100-8047-941f2dea0c65,Agropecuaria Vilereña,La Zorra 2,13623f8c-c5c6-4175-a3fc-552f36383551,Juan Hernández Díaz,Oriente,241484,G14,1,2026,,,0,0,True,False,ytd,0.481,cercana,213735,13.68
2d2adff8-329a-4b41-b8fd-cde821b1932c,Agropecuaria Vilereña,Pegado a Pepe 1,13623f8c-c5c6-4175-a3fc-552f36383551,Juan Hernández Díaz,Oriente,241484,G14,12,2026,7.2,,0,3.46,True,False,ytd,0.481,cercana,213735,13.68
2d2adff8-329a-4b41-b8fd-cde821b1932c,Agropecuaria Vilereña,Pegado a Pepe 1,13623f8c-c5c6-4175-a3fc-552f36383551,Juan Hernández Díaz,Oriente,241484,G14,11,2026,11.4,,0,5.48,True,False,ytd,0.481,cercana,213735,13.68
2d2adff8-329a-4b41-b8fd-cde821b1932c,Agropecuaria Vilereña,Pegado a Pepe 1,13623f8c-c5c6-4175-a3fc-552f36383551,Juan Hernández Díaz,Oriente,241484,G14,10,2026,118.2,,0,56.85,True,False,ytd,0.481,cercana,213735,13.68
2d2adff8-329a-4b41-b8fd-cde821b1932c,Agropecuaria Vilereña,Pegado a Pepe 1,13623f8c-c5c6-4175-a3fc-552f36383551,Juan Hernández Díaz,Oriente,241484,G14,9,2026,162.8,,0,78.31,True,False,ytd,0.481,cercana,213735,13.68
2d2adff8-329a-4b41-b8fd-cde821b1932c,Agropecuaria Vilereña,Pegado a Pepe 1,13623f8c-c5c6-4175-a3fc-552f36383551,Juan Hernández Díaz,Oriente,241484,G14,8,2026,169,0,2,81.29,True,True,ytd,0.481,cercana,213735,13.68
2d2adff8-329a-4b41-b8fd-cde821b1932c,Agropecuaria Vilereña,Pegado a Pepe 1,13623f8c-c5c6-4175-a3fc-552f36383551,Juan Hernández Díaz,Oriente,241484,G14,7,2026,182,87.54,26,87.54,False,False,ytd,0.481,cercana,213735,13.68
2d2adff8-329a-4b41-b8fd-cde821b1932c,Agropecuaria Vilereña,Pegado a Pepe 1,13623f8c-c5c6-4175-a3fc-552f36383551,Juan Hernández Díaz,Oriente,241484,G14,6,2026,124.2,,0,59.74,True,False,ytd,0.481,cercana,213735,13.68
2d2adff8-329a-4b41-b8fd-cde821b1932c,Agropecuaria Vilereña,Pegado a Pepe 1,13623f8c-c5c6-4175-a3fc-552f36383551,Juan Hernández Díaz,Oriente,241484,G14,5,2026,,,0,0,True,False,ytd,0.481,cercana,213735,13.68
2d2adff8-329a-4b41-b8fd-cde821b1932c,Agropecuaria Vilereña,Pegado a Pepe 1,13623f8c-c5c6-4175-a3fc-552f36383551,Juan Hernández Díaz,Oriente,241484,G14,4,2026,,,0,0,True,False,ytd,0.481,cercana,213735,13.68
2d2adff8-329a-4b41-b8fd-cde821b1932c,Agropecuaria Vilereña,Pegado a Pepe 1,13623f8c-c5c6-4175-a3fc-552f36383551,Juan Hernández Díaz,Oriente,241484,G14,3,2026,,,0,0,True,False,ytd,0.481,cercana,213735,13.68
2d2adff8-329a-4b41-b8fd-cde821b1932c,Agropecuaria Vilereña,Pegado a Pepe 1,13623f8c-c5c6-4175-a3fc-552f36383551,Juan Hernández Díaz,Oriente,241484,G14,2,2026,,,0,0,True,False,ytd,0.481,cercana,213735,13.68
2d2adff8-329a-4b41-b8fd-cde821b1932c,Agropecuaria Vilereña,Pegado a Pepe 1,13623f8c-c5c6-4175-a3fc-552f36383551,Juan Hernández Díaz,Oriente,241484,G14,1,2026,,,0,0,True,False,ytd,0.481,cercana,213735,13.68
d86526dd-2c27-4746-8730-30138f6ec098,Agropecuaria Vilereña,Pegado a Pepe 2,13623f8c-c5c6-4175-a3fc-552f36383551,Juan Hernández Díaz,Oriente,241484,G14,12,2026,7.2,,0,3.46,True,False,ytd,0.481,cercana,213735,13.68
d86526dd-2c27-4746-8730-30138f6ec098,Agropecuaria Vilereña,Pegado a Pepe 2,13623f8c-c5c6-4175-a3fc-552f36383551,Juan Hernández Díaz,Oriente,241484,G14,11,2026,11.4,,0,5.48,True,False,ytd,0.481,cercana,213735,13.68
d86526dd-2c27-4746-8730-30138f6ec098,Agropecuaria Vilereña,Pegado a Pepe 2,13623f8c-c5c6-4175-a3fc-552f36383551,Juan Hernández Díaz,Oriente,241484,G14,10,2026,118.2,,0,56.85,True,False,ytd,0.481,cercana,213735,13.68
d86526dd-2c27-4746-8730-30138f6ec098,Agropecuaria Vilereña,Pegado a Pepe 2,13623f8c-c5c6-4175-a3fc-552f36383551,Juan Hernández Díaz,Oriente,241484,G14,9,2026,162.8,,0,78.31,True,False,ytd,0.481,cercana,213735,13.68
d86526dd-2c27-4746-8730-30138f6ec098,Agropecuaria Vilereña,Pegado a Pepe 2,13623f8c-c5c6-4175-a3fc-552f36383551,Juan Hernández Díaz,Oriente,241484,G14,8,2026,169,0,2,81.29,True,True,ytd,0.481,cercana,213735,13.68
d86526dd-2c27-4746-8730-30138f6ec098,Agropecuaria Vilereña,Pegado a Pepe 2,13623f8c-c5c6-4175-a3fc-552f36383551,Juan Hernández Díaz,Oriente,241484,G14,7,2026,182,87.54,26,87.54,False,False,ytd,0.481,cercana,213735,13.68
d86526dd-2c27-4746-8730-30138f6ec098,Agropecuaria Vilereña,Pegado a Pepe 2,13623f8c-c5c6-4175-a3fc-552f36383551,Juan Hernández Díaz,Oriente,241484,G14,6,2026,124.2,,0,59.74,True,False,ytd,0.481,cercana,213735,13.68
d86526dd-2c27-4746-8730-30138f6ec098,Agropecuaria Vilereña,Pegado a Pepe 2,13623f8c-c5c6-4175-a3fc-552f36383551,Juan Hernández Díaz,Oriente,241484,G14,5,2026,,,0,0,True,False,ytd,0.481,cercana,213735,13.68
d86526dd-2c27-4746-8730-30138f6ec098,Agropecuaria Vilereña,Pegado a Pepe 2,13623f8c-c5c6-4175-a3fc-552f36383551,Juan Hernández Díaz,Oriente,241484,G14,4,2026,,,0,0,True,False,ytd,0.481,cercana,213735,13.68
d86526dd-2c27-4746-8730-30138f6ec098,Agropecuaria Vilereña,Pegado a Pepe 2,13623f8c-c5c6-4175-a3fc-552f36383551,Juan Hernández Díaz,Oriente,241484,G14,3,2026,,,0,0,True,False,ytd,0.481,cercana,213735,13.68
d86526dd-2c27-4746-8730-30138f6ec098,Agropecuaria Vilereña,Pegado a Pepe 2,13623f8c-c5c6-4175-a3fc-552f36383551,Juan Hernández Díaz,Oriente,241484,G14,2,2026,,,0,0,True,False,ytd,0.481,cercana,213735,13.68
d86526dd-2c27-4746-8730-30138f6ec098,Agropecuaria Vilereña,Pegado a Pepe 2,13623f8c-c5c6-4175-a3fc-552f36383551,Juan Hernández Díaz,Oriente,241484,G14,1,2026,,,0,0,True,False,ytd,0.481,cercana,213735,13.68
062cc7bc-40eb-4812-87fb-56c3858112db,Agropecuaria Vilereña,Tomate 1,13623f8c-c5c6-4175-a3fc-552f36383551,Juan Hernández Díaz,Oriente,241484,G14,12,2026,7.2,,0,3.46,True,False,ytd,0.481,cercana,213735,13.68
062cc7bc-40eb-4812-87fb-56c3858112db,Agropecuaria Vilereña,Tomate 1,13623f8c-c5c6-4175-a3fc-552f36383551,Juan Hernández Díaz,Oriente,241484,G14,11,2026,11.4,,0,5.48,True,False,ytd,0.481,cercana,213735,13.68
062cc7bc-40eb-4812-87fb-56c3858112db,Agropecuaria Vilereña,Tomate 1,13623f8c-c5c6-4175-a3fc-552f36383551,Juan Hernández Díaz,Oriente,241484,G14,10,2026,118.2,,0,56.85,True,False,ytd,0.481,cercana,213735,13.68
062cc7bc-40eb-4812-87fb-56c3858112db,Agropecuaria Vilereña,Tomate 1,13623f8c-c5c6-4175-a3fc-552f36383551,Juan Hernández Díaz,Oriente,241484,G14,9,2026,162.8,,0,78.31,True,False,ytd,0.481,cercana,213735,13.68
062cc7bc-40eb-4812-87fb-56c3858112db,Agropecuaria Vilereña,Tomate 1,13623f8c-c5c6-4175-a3fc-552f36383551,Juan Hernández Díaz,Oriente,241484,G14,8,2026,169,0,2,81.29,True,True,ytd,0.481,cercana,213735,13.68
062cc7bc-40eb-4812-87fb-56c3858112db,Agropecuaria Vilereña,Tomate 1,13623f8c-c5c6-4175-a3fc-552f36383551,Juan Hernández Díaz,Oriente,241484,G14,7,2026,182,87.54,26,87.54,False,False,ytd,0.481,cercana,213735,13.68
062cc7bc-40eb-4812-87fb-56c3858112db,Agropecuaria Vilereña,Tomate 1,13623f8c-c5c6-4175-a3fc-552f36383551,Juan Hernández Díaz,Oriente,241484,G14,6,2026,124.2,,0,59.74,True,False,ytd,0.481,cercana,213735,13.68
062cc7bc-40eb-4812-87fb-56c3858112db,Agropecuaria Vilereña,Tomate 1,13623f8c-c5c6-4175-a3fc-552f36383551,Juan Hernández Díaz,Oriente,241484,G14,5,2026,,,0,0,True,False,ytd,0.481,cercana,213735,13.68
062cc7bc-40eb-4812-87fb-56c3858112db,Agropecuaria Vilereña,Tomate 1,13623f8c-c5c6-4175-a3fc-552f36383551,Juan Hernández Díaz,Oriente,241484,G14,4,2026,,,0,0,True,False,ytd,0.481,cercana,213735,13.68
062cc7bc-40eb-4812-87fb-56c3858112db,Agropecuaria Vilereña,Tomate 1,13623f8c-c5c6-4175-a3fc-552f36383551,Juan Hernández Díaz,Oriente,241484,G14,3,2026,,,0,0,True,False,ytd,0.481,cercana,213735,13.68
062cc7bc-40eb-4812-87fb-56c3858112db,Agropecuaria Vilereña,Tomate 1,13623f8c-c5c6-4175-a3fc-552f36383551,Juan Hernández Díaz,Oriente,241484,G14,2,2026,,,0,0,True,False,ytd,0.481,cercana,213735,13.68
062cc7bc-40eb-4812-87fb-56c3858112db,Agropecuaria Vilereña,Tomate 1,13623f8c-c5c6-4175-a3fc-552f36383551,Juan Hernández Díaz,Oriente,241484,G14,1,2026,,,0,0,True,False,ytd,0.481,cercana,213735,13.68
4c2f9936-95f4-41cd-8339-ed6a912af863,Agropecuaria Vilereña,Tomate 2-1,13623f8c-c5c6-4175-a3fc-552f36383551,Juan Hernández Díaz,Oriente,241484,G14,12,2026,7.2,,0,3.46,True,False,ytd,0.481,cercana,213735,13.68
4c2f9936-95f4-41cd-8339-ed6a912af863,Agropecuaria Vilereña,Tomate 2-1,13623f8c-c5c6-4175-a3fc-552f36383551,Juan Hernández Díaz,Oriente,241484,G14,11,2026,11.4,,0,5.48,True,False,ytd,0.481,cercana,213735,13.68
4c2f9936-95f4-41cd-8339-ed6a912af863,Agropecuaria Vilereña,Tomate 2-1,13623f8c-c5c6-4175-a3fc-552f36383551,Juan Hernández Díaz,Oriente,241484,G14,10,2026,118.2,,0,56.85,True,False,ytd,0.481,cercana,213735,13.68
4c2f9936-95f4-41cd-8339-ed6a912af863,Agropecuaria Vilereña,Tomate 2-1,13623f8c-c5c6-4175-a3fc-552f36383551,Juan Hernández Díaz,Oriente,241484,G14,9,2026,162.8,,0,78.31,True,False,ytd,0.481,cercana,213735,13.68
4c2f9936-95f4-41cd-8339-ed6a912af863,Agropecuaria Vilereña,Tomate 2-1,13623f8c-c5c6-4175-a3fc-552f36383551,Juan Hernández Díaz,Oriente,241484,G14,8,2026,169,0,2,81.29,True,True,ytd,0.481,cercana,213735,13.68
4c2f9936-95f4-41cd-8339-ed6a912af863,Agropecuaria Vilereña,Tomate 2-1,13623f8c-c5c6-4175-a3fc-552f36383551,Juan Hernández Díaz,Oriente,241484,G14,7,2026,182,87.54,26,87.54,False,False,ytd,0.481,cercana,213735,13.68
4c2f9936-95f4-41cd-8339-ed6a912af863,Agropecuaria Vilereña,Tomate 2-1,13623f8c-c5c6-4175-a3fc-552f36383551,Juan Hernández Díaz,Oriente,241484,G14,6,2026,124.2,,0,59.74,True,False,ytd,0.481,cercana,213735,13.68
4c2f9936-95f4-41cd-8339-ed6a912af863,Agropecuaria Vilereña,Tomate 2-1,13623f8c-c5c6-4175-a3fc-552f36383551,Juan Hernández Díaz,Oriente,241484,G14,5,2026,,,0,0,True,False,ytd,0.481,cercana,213735,13.68
4c2f9936-95f4-41cd-8339-ed6a912af863,Agropecuaria Vilereña,Tomate 2-1,13623f8c-c5c6-4175-a3fc-552f36383551,Juan Hernández Díaz,Oriente,241484,G14,4,2026,,,0,0,True,False,ytd,0.481,cercana,213735,13.68
4c2f9936-95f4-41cd-8339-ed6a912af863,Agropecuaria Vilereña,Tomate 2-1,13623f8c-c5c6-4175-a3fc-552f36383551,Juan Hernández Díaz,Oriente,241484,G14,3,2026,,,0,0,True,False,ytd,0.481,cercana,213735,13.68
4c2f9936-95f4-41cd-8339-ed6a912af863,Agropecuaria Vilereña,Tomate 2-1,13623f8c-c5c6-4175-a3fc-552f36383551,Juan Hernández Díaz,Oriente,241484,G14,2,2026,,,0,0,True,False,ytd,0.481,cercana,213735,13.68
4c2f9936-95f4-41cd-8339-ed6a912af863,Agropecuaria Vilereña,Tomate 2-1,13623f8c-c5c6-4175-a3fc-552f36383551,Juan Hernández Díaz,Oriente,241484,G14,1,2026,,,0,0,True,False,ytd,0.481,cercana,213735,13.68
2fd15d4e-d73a-45d7-8e71-9da3a1ad6526,Agropecuaria Vilereña,Tomate 2-2,13623f8c-c5c6-4175-a3fc-552f36383551,Juan Hernández Díaz,Oriente,241484,G14,12,2026,7.2,,0,3.46,True,False,ytd,0.481,cercana,213735,13.68
2fd15d4e-d73a-45d7-8e71-9da3a1ad6526,Agropecuaria Vilereña,Tomate 2-2,13623f8c-c5c6-4175-a3fc-552f36383551,Juan Hernández Díaz,Oriente,241484,G14,11,2026,11.4,,0,5.48,True,False,ytd,0.481,cercana,213735,13.68
2fd15d4e-d73a-45d7-8e71-9da3a1ad6526,Agropecuaria Vilereña,Tomate 2-2,13623f8c-c5c6-4175-a3fc-552f36383551,Juan Hernández Díaz,Oriente,241484,G14,10,2026,118.2,,0,56.85,True,False,ytd,0.481,cercana,213735,13.68
2fd15d4e-d73a-45d7-8e71-9da3a1ad6526,Agropecuaria Vilereña,Tomate 2-2,13623f8c-c5c6-4175-a3fc-552f36383551,Juan Hernández Díaz,Oriente,241484,G14,9,2026,162.8,,0,78.31,True,False,ytd,0.481,cercana,213735,13.68
2fd15d4e-d73a-45d7-8e71-9da3a1ad6526,Agropecuaria Vilereña,Tomate 2-2,13623f8c-c5c6-4175-a3fc-552f36383551,Juan Hernández Díaz,Oriente,241484,G14,8,2026,169,0,2,81.29,True,True,ytd,0.481,cercana,213735,13.68
2fd15d4e-d73a-45d7-8e71-9da3a1ad6526,Agropecuaria Vilereña,Tomate 2-2,13623f8c-c5c6-4175-a3fc-552f36383551,Juan Hernández Díaz,Oriente,241484,G14,7,2026,182,87.54,26,87.54,False,False,ytd,0.481,cercana,213735,13.68
2fd15d4e-d73a-45d7-8e71-9da3a1ad6526,Agropecuaria Vilereña,Tomate 2-2,13623f8c-c5c6-4175-a3fc-552f36383551,Juan Hernández Díaz,Oriente,241484,G14,6,2026,124.2,,0,59.74,True,False,ytd,0.481,cercana,213735,13.68
2fd15d4e-d73a-45d7-8e71-9da3a1ad6526,Agropecuaria Vilereña,Tomate 2-2,13623f8c-c5c6-4175-a3fc-552f36383551,Juan Hernández Díaz,Oriente,241484,G14,5,2026,,,0,0,True,False,ytd,0.481,cercana,213735,13.68
2fd15d4e-d73a-45d7-8e71-9da3a1ad6526,Agropecuaria Vilereña,Tomate 2-2,13623f8c-c5c6-4175-a3fc-552f36383551,Juan Hernández Díaz,Oriente,241484,G14,4,2026,,,0,0,True,False,ytd,0.481,cercana,213735,13.68
2fd15d4e-d73a-45d7-8e71-9da3a1ad6526,Agropecuaria Vilereña,Tomate 2-2,13623f8c-c5c6-4175-a3fc-552f36383551,Juan Hernández Díaz,Oriente,241484,G14,3,2026,,,0,0,True,False,ytd,0.481,cercana,213735,13.68
2fd15d4e-d73a-45d7-8e71-9da3a1ad6526,Agropecuaria Vilereña,Tomate 2-2,13623f8c-c5c6-4175-a3fc-552f36383551,Juan Hernández Díaz,Oriente,241484,G14,2,2026,,,0,0,True,False,ytd,0.481,cercana,213735,13.68
2fd15d4e-d73a-45d7-8e71-9da3a1ad6526,Agropecuaria Vilereña,Tomate 2-2,13623f8c-c5c6-4175-a3fc-552f36383551,Juan Hernández Díaz,Oriente,241484,G14,1,2026,,,0,0,True,False,ytd,0.481,cercana,213735,13.68
093717a1-7bbb-44c7-a9e2-4e6f49b96f2d,Agropecuaria Vilereña,Trinchera de Corcovado A,13623f8c-c5c6-4175-a3fc-552f36383551,Juan Hernández Díaz,Oriente,241484,G14,12,2026,7.2,,0,3.46,True,False,ytd,0.481,cercana,213735,13.68
093717a1-7bbb-44c7-a9e2-4e6f49b96f2d,Agropecuaria Vilereña,Trinchera de Corcovado A,13623f8c-c5c6-4175-a3fc-552f36383551,Juan Hernández Díaz,Oriente,241484,G14,11,2026,11.4,,0,5.48,True,False,ytd,0.481,cercana,213735,13.68
093717a1-7bbb-44c7-a9e2-4e6f49b96f2d,Agropecuaria Vilereña,Trinchera de Corcovado A,13623f8c-c5c6-4175-a3fc-552f36383551,Juan Hernández Díaz,Oriente,241484,G14,10,2026,118.2,,0,56.85,True,False,ytd,0.481,cercana,213735,13.68
093717a1-7bbb-44c7-a9e2-4e6f49b96f2d,Agropecuaria Vilereña,Trinchera de Corcovado A,13623f8c-c5c6-4175-a3fc-552f36383551,Juan Hernández Díaz,Oriente,241484,G14,9,2026,162.8,,0,78.31,True,False,ytd,0.481,cercana,213735,13.68
093717a1-7bbb-44c7-a9e2-4e6f49b96f2d,Agropecuaria Vilereña,Trinchera de Corcovado A,13623f8c-c5c6-4175-a3fc-552f36383551,Juan Hernández Díaz,Oriente,241484,G14,8,2026,169,0,2,81.29,True,True,ytd,0.481,cercana,213735,13.68
093717a1-7bbb-44c7-a9e2-4e6f49b96f2d,Agropecuaria Vilereña,Trinchera de Corcovado A,13623f8c-c5c6-4175-a3fc-552f36383551,Juan Hernández Díaz,Oriente,241484,G14,7,2026,182,87.54,26,87.54,False,False,ytd,0.481,cercana,213735,13.68
093717a1-7bbb-44c7-a9e2-4e6f49b96f2d,Agropecuaria Vilereña,Trinchera de Corcovado A,13623f8c-c5c6-4175-a3fc-552f36383551,Juan Hernández Díaz,Oriente,241484,G14,6,2026,124.2,,0,59.74,True,False,ytd,0.481,cercana,213735,13.68
093717a1-7bbb-44c7-a9e2-4e6f49b96f2d,Agropecuaria Vilereña,Trinchera de Corcovado A,13623f8c-c5c6-4175-a3fc-552f36383551,Juan Hernández Díaz,Oriente,241484,G14,5,2026,,,0,0,True,False,ytd,0.481,cercana,213735,13.68
093717a1-7bbb-44c7-a9e2-4e6f49b96f2d,Agropecuaria Vilereña,Trinchera de Corcovado A,13623f8c-c5c6-4175-a3fc-552f36383551,Juan Hernández Díaz,Oriente,241484,G14,4,2026,,,0,0,True,False,ytd,0.481,cercana,213735,13.68
093717a1-7bbb-44c7-a9e2-4e6f49b96f2d,Agropecuaria Vilereña,Trinchera de Corcovado A,13623f8c-c5c6-4175-a3fc-552f36383551,Juan Hernández Díaz,Oriente,241484,G14,3,2026,,,0,0,True,False,ytd,0.481,cercana,213735,13.68
093717a1-7bbb-44c7-a9e2-4e6f49b96f2d,Agropecuaria Vilereña,Trinchera de Corcovado A,13623f8c-c5c6-4175-a3fc-552f36383551,Juan Hernández Díaz,Oriente,241484,G14,2,2026,,,0,0,True,False,ytd,0.481,cercana,213735,13.68
093717a1-7bbb-44c7-a9e2-4e6f49b96f2d,Agropecuaria Vilereña,Trinchera de Corcovado A,13623f8c-c5c6-4175-a3fc-552f36383551,Juan Hernández Díaz,Oriente,241484,G14,1,2026,,,0,0,True,False,ytd,0.481,cercana,213735,13.68
a70cd7aa-b6eb-4f66-bbc9-6a21312eccd4,Agropecuaria Vilereña,Trinchera de Corcovado B,13623f8c-c5c6-4175-a3fc-552f36383551,Juan Hernández Díaz,Oriente,241484,G14,12,2026,7.2,,0,3.46,True,False,ytd,0.481,cercana,213735,13.68
a70cd7aa-b6eb-4f66-bbc9-6a21312eccd4,Agropecuaria Vilereña,Trinchera de Corcovado B,13623f8c-c5c6-4175-a3fc-552f36383551,Juan Hernández Díaz,Oriente,241484,G14,11,2026,11.4,,0,5.48,True,False,ytd,0.481,cercana,213735,13.68
a70cd7aa-b6eb-4f66-bbc9-6a21312eccd4,Agropecuaria Vilereña,Trinchera de Corcovado B,13623f8c-c5c6-4175-a3fc-552f36383551,Juan Hernández Díaz,Oriente,241484,G14,10,2026,118.2,,0,56.85,True,False,ytd,0.481,cercana,213735,13.68
a70cd7aa-b6eb-4f66-bbc9-6a21312eccd4,Agropecuaria Vilereña,Trinchera de Corcovado B,13623f8c-c5c6-4175-a3fc-552f36383551,Juan Hernández Díaz,Oriente,241484,G14,9,2026,162.8,,0,78.31,True,False,ytd,0.481,cercana,213735,13.68
a70cd7aa-b6eb-4f66-bbc9-6a21312eccd4,Agropecuaria Vilereña,Trinchera de Corcovado B,13623f8c-c5c6-4175-a3fc-552f36383551,Juan Hernández Díaz,Oriente,241484,G14,8,2026,169,0,2,81.29,True,True,ytd,0.481,cercana,213735,13.68
a70cd7aa-b6eb-4f66-bbc9-6a21312eccd4,Agropecuaria Vilereña,Trinchera de Corcovado B,13623f8c-c5c6-4175-a3fc-552f36383551,Juan Hernández Díaz,Oriente,241484,G14,7,2026,182,87.54,26,87.54,False,False,ytd,0.481,cercana,213735,13.68
a70cd7aa-b6eb-4f66-bbc9-6a21312eccd4,Agropecuaria Vilereña,Trinchera de Corcovado B,13623f8c-c5c6-4175-a3fc-552f36383551,Juan Hernández Díaz,Oriente,241484,G14,6,2026,124.2,,0,59.74,True,False,ytd,0.481,cercana,213735,13.68
a70cd7aa-b6eb-4f66-bbc9-6a21312eccd4,Agropecuaria Vilereña,Trinchera de Corcovado B,13623f8c-c5c6-4175-a3fc-552f36383551,Juan Hernández Díaz,Oriente,241484,G14,5,2026,,,0,0,True,False,ytd,0.481,cercana,213735,13.68
a70cd7aa-b6eb-4f66-bbc9-6a21312eccd4,Agropecuaria Vilereña,Trinchera de Corcovado B,13623f8c-c5c6-4175-a3fc-552f36383551,Juan Hernández Díaz,Oriente,241484,G14,4,2026,,,0,0,True,False,ytd,0.481,cercana,213735,13.68
a70cd7aa-b6eb-4f66-bbc9-6a21312eccd4,Agropecuaria Vilereña,Trinchera de Corcovado B,13623f8c-c5c6-4175-a3fc-552f36383551,Juan Hernández Díaz,Oriente,241484,G14,3,2026,,,0,0,True,False,ytd,0.481,cercana,213735,13.68
a70cd7aa-b6eb-4f66-bbc9-6a21312eccd4,Agropecuaria Vilereña,Trinchera de Corcovado B,13623f8c-c5c6-4175-a3fc-552f36383551,Juan Hernández Díaz,Oriente,241484,G14,2,2026,,,0,0,True,False,ytd,0.481,cercana,213735,13.68
a70cd7aa-b6eb-4f66-bbc9-6a21312eccd4,Agropecuaria Vilereña,Trinchera de Corcovado B,13623f8c-c5c6-4175-a3fc-552f36383551,Juan Hernández Díaz,Oriente,241484,G14,1,2026,,,0,0,True,False,ytd,0.481,cercana,213735,13.68
c488c8ed-8752-4db3-aa7d-1c69aee40646,Agropecuaria Vilereña,Trinchera de Llano Adentro,13623f8c-c5c6-4175-a3fc-552f36383551,Juan Hernández Díaz,Oriente,241484,G14,12,2026,7.2,,0,3.46,True,False,ytd,0.481,cercana,213735,13.68
c488c8ed-8752-4db3-aa7d-1c69aee40646,Agropecuaria Vilereña,Trinchera de Llano Adentro,13623f8c-c5c6-4175-a3fc-552f36383551,Juan Hernández Díaz,Oriente,241484,G14,11,2026,11.4,,0,5.48,True,False,ytd,0.481,cercana,213735,13.68
c488c8ed-8752-4db3-aa7d-1c69aee40646,Agropecuaria Vilereña,Trinchera de Llano Adentro,13623f8c-c5c6-4175-a3fc-552f36383551,Juan Hernández Díaz,Oriente,241484,G14,10,2026,118.2,,0,56.85,True,False,ytd,0.481,cercana,213735,13.68
c488c8ed-8752-4db3-aa7d-1c69aee40646,Agropecuaria Vilereña,Trinchera de Llano Adentro,13623f8c-c5c6-4175-a3fc-552f36383551,Juan Hernández Díaz,Oriente,241484,G14,9,2026,162.8,,0,78.31,True,False,ytd,0.481,cercana,213735,13.68
c488c8ed-8752-4db3-aa7d-1c69aee40646,Agropecuaria Vilereña,Trinchera de Llano Adentro,13623f8c-c5c6-4175-a3fc-552f36383551,Juan Hernández Díaz,Oriente,241484,G14,8,2026,169,0,2,81.29,True,True,ytd,0.481,cercana,213735,13.68
c488c8ed-8752-4db3-aa7d-1c69aee40646,Agropecuaria Vilereña,Trinchera de Llano Adentro,13623f8c-c5c6-4175-a3fc-552f36383551,Juan Hernández Díaz,Oriente,241484,G14,7,2026,182,87.54,26,87.54,False,False,ytd,0.481,cercana,213735,13.68
c488c8ed-8752-4db3-aa7d-1c69aee40646,Agropecuaria Vilereña,Trinchera de Llano Adentro,13623f8c-c5c6-4175-a3fc-552f36383551,Juan Hernández Díaz,Oriente,241484,G14,6,2026,124.2,,0,59.74,True,False,ytd,0.481,cercana,213735,13.68
c488c8ed-8752-4db3-aa7d-1c69aee40646,Agropecuaria Vilereña,Trinchera de Llano Adentro,13623f8c-c5c6-4175-a3fc-552f36383551,Juan Hernández Díaz,Oriente,241484,G14,5,2026,,,0,0,True,False,ytd,0.481,cercana,213735,13.68
c488c8ed-8752-4db3-aa7d-1c69aee40646,Agropecuaria Vilereña,Trinchera de Llano Adentro,13623f8c-c5c6-4175-a3fc-552f36383551,Juan Hernández Díaz,Oriente,241484,G14,4,2026,,,0,0,True,False,ytd,0.481,cercana,213735,13.68
c488c8ed-8752-4db3-aa7d-1c69aee40646,Agropecuaria Vilereña,Trinchera de Llano Adentro,13623f8c-c5c6-4175-a3fc-552f36383551,Juan Hernández Díaz,Oriente,241484,G14,3,2026,,,0,0,True,False,ytd,0.481,cercana,213735,13.68
c488c8ed-8752-4db3-aa7d-1c69aee40646,Agropecuaria Vilereña,Trinchera de Llano Adentro,13623f8c-c5c6-4175-a3fc-552f36383551,Juan Hernández Díaz,Oriente,241484,G14,2,2026,,,0,0,True,False,ytd,0.481,cercana,213735,13.68
c488c8ed-8752-4db3-aa7d-1c69aee40646,Agropecuaria Vilereña,Trinchera de Llano Adentro,13623f8c-c5c6-4175-a3fc-552f36383551,Juan Hernández Díaz,Oriente,241484,G14,1,2026,,,0,0,True,False,ytd,0.481,cercana,213735,13.68
6b0e1dfa-26df-4039-b057-49f25e9fa6e2,Buenavista,Caño el Loco,e7ab42b1-2406-4f2e-b208-e52febff518b,Meiz Tohme Elchair,Oriente,238383,G12,12,2026,37.6,,0,29.12,True,False,ytd,0.7746,cercana,185450,6.92
6b0e1dfa-26df-4039-b057-49f25e9fa6e2,Buenavista,Caño el Loco,e7ab42b1-2406-4f2e-b208-e52febff518b,Meiz Tohme Elchair,Oriente,238383,G12,11,2026,110.3,,0,85.43,True,False,ytd,0.7746,cercana,185450,6.92
6b0e1dfa-26df-4039-b057-49f25e9fa6e2,Buenavista,Caño el Loco,e7ab42b1-2406-4f2e-b208-e52febff518b,Meiz Tohme Elchair,Oriente,238383,G12,10,2026,57.7,,0,44.69,True,False,ytd,0.7746,cercana,185450,6.92
6b0e1dfa-26df-4039-b057-49f25e9fa6e2,Buenavista,Caño el Loco,e7ab42b1-2406-4f2e-b208-e52febff518b,Meiz Tohme Elchair,Oriente,238383,G12,9,2026,130.4,,0,101,True,False,ytd,0.7746,cercana,185450,6.92
6b0e1dfa-26df-4039-b057-49f25e9fa6e2,Buenavista,Caño el Loco,e7ab42b1-2406-4f2e-b208-e52febff518b,Meiz Tohme Elchair,Oriente,238383,G12,8,2026,116.6,0,2,90.31,True,True,ytd,0.7746,cercana,185450,6.92
6b0e1dfa-26df-4039-b057-49f25e9fa6e2,Buenavista,Caño el Loco,e7ab42b1-2406-4f2e-b208-e52febff518b,Meiz Tohme Elchair,Oriente,238383,G12,7,2026,178,68.6,31,68.6,False,False,ytd,0.7746,cercana,185450,6.92
6b0e1dfa-26df-4039-b057-49f25e9fa6e2,Buenavista,Caño el Loco,e7ab42b1-2406-4f2e-b208-e52febff518b,Meiz Tohme Elchair,Oriente,238383,G12,6,2026,90.8,139.6,30,139.6,False,False,ytd,0.7746,cercana,185450,6.92
6b0e1dfa-26df-4039-b057-49f25e9fa6e2,Buenavista,Caño el Loco,e7ab42b1-2406-4f2e-b208-e52febff518b,Meiz Tohme Elchair,Oriente,238383,G12,5,2026,153.9,8.4,1,119.2,True,True,ytd,0.7746,cercana,185450,6.92
6b0e1dfa-26df-4039-b057-49f25e9fa6e2,Buenavista,Caño el Loco,e7ab42b1-2406-4f2e-b208-e52febff518b,Meiz Tohme Elchair,Oriente,238383,G12,4,2026,79.8,,0,61.81,True,False,ytd,0.7746,cercana,185450,6.92
6b0e1dfa-26df-4039-b057-49f25e9fa6e2,Buenavista,Caño el Loco,e7ab42b1-2406-4f2e-b208-e52febff518b,Meiz Tohme Elchair,Oriente,238383,G12,3,2026,0,,0,0,True,False,ytd,0.7746,cercana,185450,6.92
6b0e1dfa-26df-4039-b057-49f25e9fa6e2,Buenavista,Caño el Loco,e7ab42b1-2406-4f2e-b208-e52febff518b,Meiz Tohme Elchair,Oriente,238383,G12,2,2026,0,,0,0,True,False,ytd,0.7746,cercana,185450,6.92
6b0e1dfa-26df-4039-b057-49f25e9fa6e2,Buenavista,Caño el Loco,e7ab42b1-2406-4f2e-b208-e52febff518b,Meiz Tohme Elchair,Oriente,238383,G12,1,2026,9,,0,6.97,True,False,ytd,0.7746,cercana,185450,6.92
613a6850-aeb1-42da-86c1-03495f79b458,Buenavista,Cerro Blanco,e7ab42b1-2406-4f2e-b208-e52febff518b,Meiz Tohme Elchair,Oriente,238383,G12,12,2026,37.6,,0,29.12,True,False,ytd,0.7746,cercana,185450,6.92
613a6850-aeb1-42da-86c1-03495f79b458,Buenavista,Cerro Blanco,e7ab42b1-2406-4f2e-b208-e52febff518b,Meiz Tohme Elchair,Oriente,238383,G12,11,2026,110.3,,0,85.43,True,False,ytd,0.7746,cercana,185450,6.92
613a6850-aeb1-42da-86c1-03495f79b458,Buenavista,Cerro Blanco,e7ab42b1-2406-4f2e-b208-e52febff518b,Meiz Tohme Elchair,Oriente,238383,G12,10,2026,57.7,,0,44.69,True,False,ytd,0.7746,cercana,185450,6.92
613a6850-aeb1-42da-86c1-03495f79b458,Buenavista,Cerro Blanco,e7ab42b1-2406-4f2e-b208-e52febff518b,Meiz Tohme Elchair,Oriente,238383,G12,9,2026,130.4,,0,101,True,False,ytd,0.7746,cercana,185450,6.92
613a6850-aeb1-42da-86c1-03495f79b458,Buenavista,Cerro Blanco,e7ab42b1-2406-4f2e-b208-e52febff518b,Meiz Tohme Elchair,Oriente,238383,G12,8,2026,116.6,0,2,90.31,True,True,ytd,0.7746,cercana,185450,6.92
613a6850-aeb1-42da-86c1-03495f79b458,Buenavista,Cerro Blanco,e7ab42b1-2406-4f2e-b208-e52febff518b,Meiz Tohme Elchair,Oriente,238383,G12,7,2026,178,68.6,31,68.6,False,False,ytd,0.7746,cercana,185450,6.92
613a6850-aeb1-42da-86c1-03495f79b458,Buenavista,Cerro Blanco,e7ab42b1-2406-4f2e-b208-e52febff518b,Meiz Tohme Elchair,Oriente,238383,G12,6,2026,90.8,139.6,30,139.6,False,False,ytd,0.7746,cercana,185450,6.92
613a6850-aeb1-42da-86c1-03495f79b458,Buenavista,Cerro Blanco,e7ab42b1-2406-4f2e-b208-e52febff518b,Meiz Tohme Elchair,Oriente,238383,G12,5,2026,153.9,8.4,1,119.2,True,True,ytd,0.7746,cercana,185450,6.92
613a6850-aeb1-42da-86c1-03495f79b458,Buenavista,Cerro Blanco,e7ab42b1-2406-4f2e-b208-e52febff518b,Meiz Tohme Elchair,Oriente,238383,G12,4,2026,79.8,,0,61.81,True,False,ytd,0.7746,cercana,185450,6.92
613a6850-aeb1-42da-86c1-03495f79b458,Buenavista,Cerro Blanco,e7ab42b1-2406-4f2e-b208-e52febff518b,Meiz Tohme Elchair,Oriente,238383,G12,3,2026,0,,0,0,True,False,ytd,0.7746,cercana,185450,6.92
613a6850-aeb1-42da-86c1-03495f79b458,Buenavista,Cerro Blanco,e7ab42b1-2406-4f2e-b208-e52febff518b,Meiz Tohme Elchair,Oriente,238383,G12,2,2026,0,,0,0,True,False,ytd,0.7746,cercana,185450,6.92
613a6850-aeb1-42da-86c1-03495f79b458,Buenavista,Cerro Blanco,e7ab42b1-2406-4f2e-b208-e52febff518b,Meiz Tohme Elchair,Oriente,238383,G12,1,2026,9,,0,6.97,True,False,ytd,0.7746,cercana,185450,6.92
8b80fa42-b321-4eb9-a3d7-dc2ddaf59308,Buenavista,El Ataud,e7ab42b1-2406-4f2e-b208-e52febff518b,Meiz Tohme Elchair,Oriente,238383,G12,12,2026,37.6,,0,29.12,True,False,ytd,0.7746,cercana,185450,6.92
8b80fa42-b321-4eb9-a3d7-dc2ddaf59308,Buenavista,El Ataud,e7ab42b1-2406-4f2e-b208-e52febff518b,Meiz Tohme Elchair,Oriente,238383,G12,11,2026,110.3,,0,85.43,True,False,ytd,0.7746,cercana,185450,6.92
8b80fa42-b321-4eb9-a3d7-dc2ddaf59308,Buenavista,El Ataud,e7ab42b1-2406-4f2e-b208-e52febff518b,Meiz Tohme Elchair,Oriente,238383,G12,10,2026,57.7,,0,44.69,True,False,ytd,0.7746,cercana,185450,6.92
8b80fa42-b321-4eb9-a3d7-dc2ddaf59308,Buenavista,El Ataud,e7ab42b1-2406-4f2e-b208-e52febff518b,Meiz Tohme Elchair,Oriente,238383,G12,9,2026,130.4,,0,101,True,False,ytd,0.7746,cercana,185450,6.92
8b80fa42-b321-4eb9-a3d7-dc2ddaf59308,Buenavista,El Ataud,e7ab42b1-2406-4f2e-b208-e52febff518b,Meiz Tohme Elchair,Oriente,238383,G12,8,2026,116.6,0,2,90.31,True,True,ytd,0.7746,cercana,185450,6.92
8b80fa42-b321-4eb9-a3d7-dc2ddaf59308,Buenavista,El Ataud,e7ab42b1-2406-4f2e-b208-e52febff518b,Meiz Tohme Elchair,Oriente,238383,G12,7,2026,178,68.6,31,68.6,False,False,ytd,0.7746,cercana,185450,6.92
8b80fa42-b321-4eb9-a3d7-dc2ddaf59308,Buenavista,El Ataud,e7ab42b1-2406-4f2e-b208-e52febff518b,Meiz Tohme Elchair,Oriente,238383,G12,6,2026,90.8,139.6,30,139.6,False,False,ytd,0.7746,cercana,185450,6.92
8b80fa42-b321-4eb9-a3d7-dc2ddaf59308,Buenavista,El Ataud,e7ab42b1-2406-4f2e-b208-e52febff518b,Meiz Tohme Elchair,Oriente,238383,G12,5,2026,153.9,8.4,1,119.2,True,True,ytd,0.7746,cercana,185450,6.92
8b80fa42-b321-4eb9-a3d7-dc2ddaf59308,Buenavista,El Ataud,e7ab42b1-2406-4f2e-b208-e52febff518b,Meiz Tohme Elchair,Oriente,238383,G12,4,2026,79.8,,0,61.81,True,False,ytd,0.7746,cercana,185450,6.92
8b80fa42-b321-4eb9-a3d7-dc2ddaf59308,Buenavista,El Ataud,e7ab42b1-2406-4f2e-b208-e52febff518b,Meiz Tohme Elchair,Oriente,238383,G12,3,2026,0,,0,0,True,False,ytd,0.7746,cercana,185450,6.92
8b80fa42-b321-4eb9-a3d7-dc2ddaf59308,Buenavista,El Ataud,e7ab42b1-2406-4f2e-b208-e52febff518b,Meiz Tohme Elchair,Oriente,238383,G12,2,2026,0,,0,0,True,False,ytd,0.7746,cercana,185450,6.92
8b80fa42-b321-4eb9-a3d7-dc2ddaf59308,Buenavista,El Ataud,e7ab42b1-2406-4f2e-b208-e52febff518b,Meiz Tohme Elchair,Oriente,238383,G12,1,2026,9,,0,6.97,True,False,ytd,0.7746,cercana,185450,6.92
689789a3-8513-47ca-a79c-db1d288e5685,Buenavista,El Diablo,e7ab42b1-2406-4f2e-b208-e52febff518b,Meiz Tohme Elchair,Oriente,238383,G12,12,2026,37.6,,0,29.12,True,False,ytd,0.7746,cercana,185450,6.92
689789a3-8513-47ca-a79c-db1d288e5685,Buenavista,El Diablo,e7ab42b1-2406-4f2e-b208-e52febff518b,Meiz Tohme Elchair,Oriente,238383,G12,11,2026,110.3,,0,85.43,True,False,ytd,0.7746,cercana,185450,6.92
689789a3-8513-47ca-a79c-db1d288e5685,Buenavista,El Diablo,e7ab42b1-2406-4f2e-b208-e52febff518b,Meiz Tohme Elchair,Oriente,238383,G12,10,2026,57.7,,0,44.69,True,False,ytd,0.7746,cercana,185450,6.92
689789a3-8513-47ca-a79c-db1d288e5685,Buenavista,El Diablo,e7ab42b1-2406-4f2e-b208-e52febff518b,Meiz Tohme Elchair,Oriente,238383,G12,9,2026,130.4,,0,101,True,False,ytd,0.7746,cercana,185450,6.92
689789a3-8513-47ca-a79c-db1d288e5685,Buenavista,El Diablo,e7ab42b1-2406-4f2e-b208-e52febff518b,Meiz Tohme Elchair,Oriente,238383,G12,8,2026,116.6,0,2,90.31,True,True,ytd,0.7746,cercana,185450,6.92
689789a3-8513-47ca-a79c-db1d288e5685,Buenavista,El Diablo,e7ab42b1-2406-4f2e-b208-e52febff518b,Meiz Tohme Elchair,Oriente,238383,G12,7,2026,178,68.6,31,68.6,False,False,ytd,0.7746,cercana,185450,6.92
689789a3-8513-47ca-a79c-db1d288e5685,Buenavista,El Diablo,e7ab42b1-2406-4f2e-b208-e52febff518b,Meiz Tohme Elchair,Oriente,238383,G12,6,2026,90.8,139.6,30,139.6,False,False,ytd,0.7746,cercana,185450,6.92
689789a3-8513-47ca-a79c-db1d288e5685,Buenavista,El Diablo,e7ab42b1-2406-4f2e-b208-e52febff518b,Meiz Tohme Elchair,Oriente,238383,G12,5,2026,153.9,8.4,1,119.2,True,True,ytd,0.7746,cercana,185450,6.92
689789a3-8513-47ca-a79c-db1d288e5685,Buenavista,El Diablo,e7ab42b1-2406-4f2e-b208-e52febff518b,Meiz Tohme Elchair,Oriente,238383,G12,4,2026,79.8,,0,61.81,True,False,ytd,0.7746,cercana,185450,6.92
689789a3-8513-47ca-a79c-db1d288e5685,Buenavista,El Diablo,e7ab42b1-2406-4f2e-b208-e52febff518b,Meiz Tohme Elchair,Oriente,238383,G12,3,2026,0,,0,0,True,False,ytd,0.7746,cercana,185450,6.92
689789a3-8513-47ca-a79c-db1d288e5685,Buenavista,El Diablo,e7ab42b1-2406-4f2e-b208-e52febff518b,Meiz Tohme Elchair,Oriente,238383,G12,2,2026,0,,0,0,True,False,ytd,0.7746,cercana,185450,6.92
689789a3-8513-47ca-a79c-db1d288e5685,Buenavista,El Diablo,e7ab42b1-2406-4f2e-b208-e52febff518b,Meiz Tohme Elchair,Oriente,238383,G12,1,2026,9,,0,6.97,True,False,ytd,0.7746,cercana,185450,6.92
16cb47a7-e235-49ee-bcaa-855ef93d198b,Buenavista,El Mamón,e7ab42b1-2406-4f2e-b208-e52febff518b,Meiz Tohme Elchair,Oriente,238383,G12,12,2026,37.6,,0,29.12,True,False,ytd,0.7746,cercana,185450,6.92
16cb47a7-e235-49ee-bcaa-855ef93d198b,Buenavista,El Mamón,e7ab42b1-2406-4f2e-b208-e52febff518b,Meiz Tohme Elchair,Oriente,238383,G12,11,2026,110.3,,0,85.43,True,False,ytd,0.7746,cercana,185450,6.92
16cb47a7-e235-49ee-bcaa-855ef93d198b,Buenavista,El Mamón,e7ab42b1-2406-4f2e-b208-e52febff518b,Meiz Tohme Elchair,Oriente,238383,G12,10,2026,57.7,,0,44.69,True,False,ytd,0.7746,cercana,185450,6.92
16cb47a7-e235-49ee-bcaa-855ef93d198b,Buenavista,El Mamón,e7ab42b1-2406-4f2e-b208-e52febff518b,Meiz Tohme Elchair,Oriente,238383,G12,9,2026,130.4,,0,101,True,False,ytd,0.7746,cercana,185450,6.92
16cb47a7-e235-49ee-bcaa-855ef93d198b,Buenavista,El Mamón,e7ab42b1-2406-4f2e-b208-e52febff518b,Meiz Tohme Elchair,Oriente,238383,G12,8,2026,116.6,0,2,90.31,True,True,ytd,0.7746,cercana,185450,6.92
16cb47a7-e235-49ee-bcaa-855ef93d198b,Buenavista,El Mamón,e7ab42b1-2406-4f2e-b208-e52febff518b,Meiz Tohme Elchair,Oriente,238383,G12,7,2026,178,68.6,31,68.6,False,False,ytd,0.7746,cercana,185450,6.92
16cb47a7-e235-49ee-bcaa-855ef93d198b,Buenavista,El Mamón,e7ab42b1-2406-4f2e-b208-e52febff518b,Meiz Tohme Elchair,Oriente,238383,G12,6,2026,90.8,139.6,30,139.6,False,False,ytd,0.7746,cercana,185450,6.92
16cb47a7-e235-49ee-bcaa-855ef93d198b,Buenavista,El Mamón,e7ab42b1-2406-4f2e-b208-e52febff518b,Meiz Tohme Elchair,Oriente,238383,G12,5,2026,153.9,8.4,1,119.2,True,True,ytd,0.7746,cercana,185450,6.92
16cb47a7-e235-49ee-bcaa-855ef93d198b,Buenavista,El Mamón,e7ab42b1-2406-4f2e-b208-e52febff518b,Meiz Tohme Elchair,Oriente,238383,G12,4,2026,79.8,,0,61.81,True,False,ytd,0.7746,cercana,185450,6.92
16cb47a7-e235-49ee-bcaa-855ef93d198b,Buenavista,El Mamón,e7ab42b1-2406-4f2e-b208-e52febff518b,Meiz Tohme Elchair,Oriente,238383,G12,3,2026,0,,0,0,True,False,ytd,0.7746,cercana,185450,6.92
16cb47a7-e235-49ee-bcaa-855ef93d198b,Buenavista,El Mamón,e7ab42b1-2406-4f2e-b208-e52febff518b,Meiz Tohme Elchair,Oriente,238383,G12,2,2026,0,,0,0,True,False,ytd,0.7746,cercana,185450,6.92
16cb47a7-e235-49ee-bcaa-855ef93d198b,Buenavista,El Mamón,e7ab42b1-2406-4f2e-b208-e52febff518b,Meiz Tohme Elchair,Oriente,238383,G12,1,2026,9,,0,6.97,True,False,ytd,0.7746,cercana,185450,6.92
5f1c512a-f77f-4716-a84d-66c9da25460c,Buenavista,El Palmarital,e7ab42b1-2406-4f2e-b208-e52febff518b,Meiz Tohme Elchair,Oriente,238383,G12,12,2026,37.6,,0,29.12,True,False,ytd,0.7746,cercana,185450,6.92
5f1c512a-f77f-4716-a84d-66c9da25460c,Buenavista,El Palmarital,e7ab42b1-2406-4f2e-b208-e52febff518b,Meiz Tohme Elchair,Oriente,238383,G12,11,2026,110.3,,0,85.43,True,False,ytd,0.7746,cercana,185450,6.92
5f1c512a-f77f-4716-a84d-66c9da25460c,Buenavista,El Palmarital,e7ab42b1-2406-4f2e-b208-e52febff518b,Meiz Tohme Elchair,Oriente,238383,G12,10,2026,57.7,,0,44.69,True,False,ytd,0.7746,cercana,185450,6.92
5f1c512a-f77f-4716-a84d-66c9da25460c,Buenavista,El Palmarital,e7ab42b1-2406-4f2e-b208-e52febff518b,Meiz Tohme Elchair,Oriente,238383,G12,9,2026,130.4,,0,101,True,False,ytd,0.7746,cercana,185450,6.92
5f1c512a-f77f-4716-a84d-66c9da25460c,Buenavista,El Palmarital,e7ab42b1-2406-4f2e-b208-e52febff518b,Meiz Tohme Elchair,Oriente,238383,G12,8,2026,116.6,0,2,90.31,True,True,ytd,0.7746,cercana,185450,6.92
5f1c512a-f77f-4716-a84d-66c9da25460c,Buenavista,El Palmarital,e7ab42b1-2406-4f2e-b208-e52febff518b,Meiz Tohme Elchair,Oriente,238383,G12,7,2026,178,68.6,31,68.6,False,False,ytd,0.7746,cercana,185450,6.92
5f1c512a-f77f-4716-a84d-66c9da25460c,Buenavista,El Palmarital,e7ab42b1-2406-4f2e-b208-e52febff518b,Meiz Tohme Elchair,Oriente,238383,G12,6,2026,90.8,139.6,30,139.6,False,False,ytd,0.7746,cercana,185450,6.92
5f1c512a-f77f-4716-a84d-66c9da25460c,Buenavista,El Palmarital,e7ab42b1-2406-4f2e-b208-e52febff518b,Meiz Tohme Elchair,Oriente,238383,G12,5,2026,153.9,8.4,1,119.2,True,True,ytd,0.7746,cercana,185450,6.92
5f1c512a-f77f-4716-a84d-66c9da25460c,Buenavista,El Palmarital,e7ab42b1-2406-4f2e-b208-e52febff518b,Meiz Tohme Elchair,Oriente,238383,G12,4,2026,79.8,,0,61.81,True,False,ytd,0.7746,cercana,185450,6.92
5f1c512a-f77f-4716-a84d-66c9da25460c,Buenavista,El Palmarital,e7ab42b1-2406-4f2e-b208-e52febff518b,Meiz Tohme Elchair,Oriente,238383,G12,3,2026,0,,0,0,True,False,ytd,0.7746,cercana,185450,6.92
5f1c512a-f77f-4716-a84d-66c9da25460c,Buenavista,El Palmarital,e7ab42b1-2406-4f2e-b208-e52febff518b,Meiz Tohme Elchair,Oriente,238383,G12,2,2026,0,,0,0,True,False,ytd,0.7746,cercana,185450,6.92
5f1c512a-f77f-4716-a84d-66c9da25460c,Buenavista,El Palmarital,e7ab42b1-2406-4f2e-b208-e52febff518b,Meiz Tohme Elchair,Oriente,238383,G12,1,2026,9,,0,6.97,True,False,ytd,0.7746,cercana,185450,6.92
872b0297-325d-4b23-b20b-5c35f72cf94f,Buenavista,El Roble,e7ab42b1-2406-4f2e-b208-e52febff518b,Meiz Tohme Elchair,Oriente,238383,G12,12,2026,37.6,,0,29.12,True,False,ytd,0.7746,cercana,185450,6.92
872b0297-325d-4b23-b20b-5c35f72cf94f,Buenavista,El Roble,e7ab42b1-2406-4f2e-b208-e52febff518b,Meiz Tohme Elchair,Oriente,238383,G12,11,2026,110.3,,0,85.43,True,False,ytd,0.7746,cercana,185450,6.92
872b0297-325d-4b23-b20b-5c35f72cf94f,Buenavista,El Roble,e7ab42b1-2406-4f2e-b208-e52febff518b,Meiz Tohme Elchair,Oriente,238383,G12,10,2026,57.7,,0,44.69,True,False,ytd,0.7746,cercana,185450,6.92
872b0297-325d-4b23-b20b-5c35f72cf94f,Buenavista,El Roble,e7ab42b1-2406-4f2e-b208-e52febff518b,Meiz Tohme Elchair,Oriente,238383,G12,9,2026,130.4,,0,101,True,False,ytd,0.7746,cercana,185450,6.92
872b0297-325d-4b23-b20b-5c35f72cf94f,Buenavista,El Roble,e7ab42b1-2406-4f2e-b208-e52febff518b,Meiz Tohme Elchair,Oriente,238383,G12,8,2026,116.6,0,2,90.31,True,True,ytd,0.7746,cercana,185450,6.92
872b0297-325d-4b23-b20b-5c35f72cf94f,Buenavista,El Roble,e7ab42b1-2406-4f2e-b208-e52febff518b,Meiz Tohme Elchair,Oriente,238383,G12,7,2026,178,68.6,31,68.6,False,False,ytd,0.7746,cercana,185450,6.92
872b0297-325d-4b23-b20b-5c35f72cf94f,Buenavista,El Roble,e7ab42b1-2406-4f2e-b208-e52febff518b,Meiz Tohme Elchair,Oriente,238383,G12,6,2026,90.8,139.6,30,139.6,False,False,ytd,0.7746,cercana,185450,6.92
872b0297-325d-4b23-b20b-5c35f72cf94f,Buenavista,El Roble,e7ab42b1-2406-4f2e-b208-e52febff518b,Meiz Tohme Elchair,Oriente,238383,G12,5,2026,153.9,8.4,1,119.2,True,True,ytd,0.7746,cercana,185450,6.92
872b0297-325d-4b23-b20b-5c35f72cf94f,Buenavista,El Roble,e7ab42b1-2406-4f2e-b208-e52febff518b,Meiz Tohme Elchair,Oriente,238383,G12,4,2026,79.8,,0,61.81,True,False,ytd,0.7746,cercana,185450,6.92
872b0297-325d-4b23-b20b-5c35f72cf94f,Buenavista,El Roble,e7ab42b1-2406-4f2e-b208-e52febff518b,Meiz Tohme Elchair,Oriente,238383,G12,3,2026,0,,0,0,True,False,ytd,0.7746,cercana,185450,6.92
872b0297-325d-4b23-b20b-5c35f72cf94f,Buenavista,El Roble,e7ab42b1-2406-4f2e-b208-e52febff518b,Meiz Tohme Elchair,Oriente,238383,G12,2,2026,0,,0,0,True,False,ytd,0.7746,cercana,185450,6.92
872b0297-325d-4b23-b20b-5c35f72cf94f,Buenavista,El Roble,e7ab42b1-2406-4f2e-b208-e52febff518b,Meiz Tohme Elchair,Oriente,238383,G12,1,2026,9,,0,6.97,True,False,ytd,0.7746,cercana,185450,6.92
8c17ba37-ced0-4c71-aef6-02530d359b42,Buenavista,La Carretera,e7ab42b1-2406-4f2e-b208-e52febff518b,Meiz Tohme Elchair,Oriente,238383,G12,12,2026,37.6,,0,29.12,True,False,ytd,0.7746,cercana,185450,6.92
8c17ba37-ced0-4c71-aef6-02530d359b42,Buenavista,La Carretera,e7ab42b1-2406-4f2e-b208-e52febff518b,Meiz Tohme Elchair,Oriente,238383,G12,11,2026,110.3,,0,85.43,True,False,ytd,0.7746,cercana,185450,6.92
8c17ba37-ced0-4c71-aef6-02530d359b42,Buenavista,La Carretera,e7ab42b1-2406-4f2e-b208-e52febff518b,Meiz Tohme Elchair,Oriente,238383,G12,10,2026,57.7,,0,44.69,True,False,ytd,0.7746,cercana,185450,6.92
8c17ba37-ced0-4c71-aef6-02530d359b42,Buenavista,La Carretera,e7ab42b1-2406-4f2e-b208-e52febff518b,Meiz Tohme Elchair,Oriente,238383,G12,9,2026,130.4,,0,101,True,False,ytd,0.7746,cercana,185450,6.92
8c17ba37-ced0-4c71-aef6-02530d359b42,Buenavista,La Carretera,e7ab42b1-2406-4f2e-b208-e52febff518b,Meiz Tohme Elchair,Oriente,238383,G12,8,2026,116.6,0,2,90.31,True,True,ytd,0.7746,cercana,185450,6.92
8c17ba37-ced0-4c71-aef6-02530d359b42,Buenavista,La Carretera,e7ab42b1-2406-4f2e-b208-e52febff518b,Meiz Tohme Elchair,Oriente,238383,G12,7,2026,178,68.6,31,68.6,False,False,ytd,0.7746,cercana,185450,6.92
8c17ba37-ced0-4c71-aef6-02530d359b42,Buenavista,La Carretera,e7ab42b1-2406-4f2e-b208-e52febff518b,Meiz Tohme Elchair,Oriente,238383,G12,6,2026,90.8,139.6,30,139.6,False,False,ytd,0.7746,cercana,185450,6.92
8c17ba37-ced0-4c71-aef6-02530d359b42,Buenavista,La Carretera,e7ab42b1-2406-4f2e-b208-e52febff518b,Meiz Tohme Elchair,Oriente,238383,G12,5,2026,153.9,8.4,1,119.2,True,True,ytd,0.7746,cercana,185450,6.92
8c17ba37-ced0-4c71-aef6-02530d359b42,Buenavista,La Carretera,e7ab42b1-2406-4f2e-b208-e52febff518b,Meiz Tohme Elchair,Oriente,238383,G12,4,2026,79.8,,0,61.81,True,False,ytd,0.7746,cercana,185450,6.92
8c17ba37-ced0-4c71-aef6-02530d359b42,Buenavista,La Carretera,e7ab42b1-2406-4f2e-b208-e52febff518b,Meiz Tohme Elchair,Oriente,238383,G12,3,2026,0,,0,0,True,False,ytd,0.7746,cercana,185450,6.92
8c17ba37-ced0-4c71-aef6-02530d359b42,Buenavista,La Carretera,e7ab42b1-2406-4f2e-b208-e52febff518b,Meiz Tohme Elchair,Oriente,238383,G12,2,2026,0,,0,0,True,False,ytd,0.7746,cercana,185450,6.92
8c17ba37-ced0-4c71-aef6-02530d359b42,Buenavista,La Carretera,e7ab42b1-2406-4f2e-b208-e52febff518b,Meiz Tohme Elchair,Oriente,238383,G12,1,2026,9,,0,6.97,True,False,ytd,0.7746,cercana,185450,6.92
39193ffd-bb11-4346-984f-698c985abeaa,Buenavista,La Cuca,e7ab42b1-2406-4f2e-b208-e52febff518b,Meiz Tohme Elchair,Oriente,238383,G12,12,2026,37.6,,0,29.12,True,False,ytd,0.7746,cercana,185450,6.92
39193ffd-bb11-4346-984f-698c985abeaa,Buenavista,La Cuca,e7ab42b1-2406-4f2e-b208-e52febff518b,Meiz Tohme Elchair,Oriente,238383,G12,11,2026,110.3,,0,85.43,True,False,ytd,0.7746,cercana,185450,6.92
39193ffd-bb11-4346-984f-698c985abeaa,Buenavista,La Cuca,e7ab42b1-2406-4f2e-b208-e52febff518b,Meiz Tohme Elchair,Oriente,238383,G12,10,2026,57.7,,0,44.69,True,False,ytd,0.7746,cercana,185450,6.92
39193ffd-bb11-4346-984f-698c985abeaa,Buenavista,La Cuca,e7ab42b1-2406-4f2e-b208-e52febff518b,Meiz Tohme Elchair,Oriente,238383,G12,9,2026,130.4,,0,101,True,False,ytd,0.7746,cercana,185450,6.92
39193ffd-bb11-4346-984f-698c985abeaa,Buenavista,La Cuca,e7ab42b1-2406-4f2e-b208-e52febff518b,Meiz Tohme Elchair,Oriente,238383,G12,8,2026,116.6,0,2,90.31,True,True,ytd,0.7746,cercana,185450,6.92
39193ffd-bb11-4346-984f-698c985abeaa,Buenavista,La Cuca,e7ab42b1-2406-4f2e-b208-e52febff518b,Meiz Tohme Elchair,Oriente,238383,G12,7,2026,178,68.6,31,68.6,False,False,ytd,0.7746,cercana,185450,6.92
39193ffd-bb11-4346-984f-698c985abeaa,Buenavista,La Cuca,e7ab42b1-2406-4f2e-b208-e52febff518b,Meiz Tohme Elchair,Oriente,238383,G12,6,2026,90.8,139.6,30,139.6,False,False,ytd,0.7746,cercana,185450,6.92
39193ffd-bb11-4346-984f-698c985abeaa,Buenavista,La Cuca,e7ab42b1-2406-4f2e-b208-e52febff518b,Meiz Tohme Elchair,Oriente,238383,G12,5,2026,153.9,8.4,1,119.2,True,True,ytd,0.7746,cercana,185450,6.92
39193ffd-bb11-4346-984f-698c985abeaa,Buenavista,La Cuca,e7ab42b1-2406-4f2e-b208-e52febff518b,Meiz Tohme Elchair,Oriente,238383,G12,4,2026,79.8,,0,61.81,True,False,ytd,0.7746,cercana,185450,6.92
39193ffd-bb11-4346-984f-698c985abeaa,Buenavista,La Cuca,e7ab42b1-2406-4f2e-b208-e52febff518b,Meiz Tohme Elchair,Oriente,238383,G12,3,2026,0,,0,0,True,False,ytd,0.7746,cercana,185450,6.92
39193ffd-bb11-4346-984f-698c985abeaa,Buenavista,La Cuca,e7ab42b1-2406-4f2e-b208-e52febff518b,Meiz Tohme Elchair,Oriente,238383,G12,2,2026,0,,0,0,True,False,ytd,0.7746,cercana,185450,6.92
39193ffd-bb11-4346-984f-698c985abeaa,Buenavista,La Cuca,e7ab42b1-2406-4f2e-b208-e52febff518b,Meiz Tohme Elchair,Oriente,238383,G12,1,2026,9,,0,6.97,True,False,ytd,0.7746,cercana,185450,6.92
62b8cadb-5ca6-4cfd-b886-4f5cdc106fbf,Buenavista,La Nueva,e7ab42b1-2406-4f2e-b208-e52febff518b,Meiz Tohme Elchair,Oriente,238383,G12,12,2026,37.6,,0,29.12,True,False,ytd,0.7746,cercana,185450,6.92
62b8cadb-5ca6-4cfd-b886-4f5cdc106fbf,Buenavista,La Nueva,e7ab42b1-2406-4f2e-b208-e52febff518b,Meiz Tohme Elchair,Oriente,238383,G12,11,2026,110.3,,0,85.43,True,False,ytd,0.7746,cercana,185450,6.92
62b8cadb-5ca6-4cfd-b886-4f5cdc106fbf,Buenavista,La Nueva,e7ab42b1-2406-4f2e-b208-e52febff518b,Meiz Tohme Elchair,Oriente,238383,G12,10,2026,57.7,,0,44.69,True,False,ytd,0.7746,cercana,185450,6.92
62b8cadb-5ca6-4cfd-b886-4f5cdc106fbf,Buenavista,La Nueva,e7ab42b1-2406-4f2e-b208-e52febff518b,Meiz Tohme Elchair,Oriente,238383,G12,9,2026,130.4,,0,101,True,False,ytd,0.7746,cercana,185450,6.92
62b8cadb-5ca6-4cfd-b886-4f5cdc106fbf,Buenavista,La Nueva,e7ab42b1-2406-4f2e-b208-e52febff518b,Meiz Tohme Elchair,Oriente,238383,G12,8,2026,116.6,0,2,90.31,True,True,ytd,0.7746,cercana,185450,6.92
62b8cadb-5ca6-4cfd-b886-4f5cdc106fbf,Buenavista,La Nueva,e7ab42b1-2406-4f2e-b208-e52febff518b,Meiz Tohme Elchair,Oriente,238383,G12,7,2026,178,68.6,31,68.6,False,False,ytd,0.7746,cercana,185450,6.92
62b8cadb-5ca6-4cfd-b886-4f5cdc106fbf,Buenavista,La Nueva,e7ab42b1-2406-4f2e-b208-e52febff518b,Meiz Tohme Elchair,Oriente,238383,G12,6,2026,90.8,139.6,30,139.6,False,False,ytd,0.7746,cercana,185450,6.92
62b8cadb-5ca6-4cfd-b886-4f5cdc106fbf,Buenavista,La Nueva,e7ab42b1-2406-4f2e-b208-e52febff518b,Meiz Tohme Elchair,Oriente,238383,G12,5,2026,153.9,8.4,1,119.2,True,True,ytd,0.7746,cercana,185450,6.92
62b8cadb-5ca6-4cfd-b886-4f5cdc106fbf,Buenavista,La Nueva,e7ab42b1-2406-4f2e-b208-e52febff518b,Meiz Tohme Elchair,Oriente,238383,G12,4,2026,79.8,,0,61.81,True,False,ytd,0.7746,cercana,185450,6.92
62b8cadb-5ca6-4cfd-b886-4f5cdc106fbf,Buenavista,La Nueva,e7ab42b1-2406-4f2e-b208-e52febff518b,Meiz Tohme Elchair,Oriente,238383,G12,3,2026,0,,0,0,True,False,ytd,0.7746,cercana,185450,6.92
62b8cadb-5ca6-4cfd-b886-4f5cdc106fbf,Buenavista,La Nueva,e7ab42b1-2406-4f2e-b208-e52febff518b,Meiz Tohme Elchair,Oriente,238383,G12,2,2026,0,,0,0,True,False,ytd,0.7746,cercana,185450,6.92
62b8cadb-5ca6-4cfd-b886-4f5cdc106fbf,Buenavista,La Nueva,e7ab42b1-2406-4f2e-b208-e52febff518b,Meiz Tohme Elchair,Oriente,238383,G12,1,2026,9,,0,6.97,True,False,ytd,0.7746,cercana,185450,6.92
391a0ee5-292a-4134-a411-e242f1320e1c,Buenavista,La Sociedad,e7ab42b1-2406-4f2e-b208-e52febff518b,Meiz Tohme Elchair,Oriente,238383,G12,12,2026,37.6,,0,29.12,True,False,ytd,0.7746,cercana,185450,6.92
391a0ee5-292a-4134-a411-e242f1320e1c,Buenavista,La Sociedad,e7ab42b1-2406-4f2e-b208-e52febff518b,Meiz Tohme Elchair,Oriente,238383,G12,11,2026,110.3,,0,85.43,True,False,ytd,0.7746,cercana,185450,6.92
391a0ee5-292a-4134-a411-e242f1320e1c,Buenavista,La Sociedad,e7ab42b1-2406-4f2e-b208-e52febff518b,Meiz Tohme Elchair,Oriente,238383,G12,10,2026,57.7,,0,44.69,True,False,ytd,0.7746,cercana,185450,6.92
391a0ee5-292a-4134-a411-e242f1320e1c,Buenavista,La Sociedad,e7ab42b1-2406-4f2e-b208-e52febff518b,Meiz Tohme Elchair,Oriente,238383,G12,9,2026,130.4,,0,101,True,False,ytd,0.7746,cercana,185450,6.92
391a0ee5-292a-4134-a411-e242f1320e1c,Buenavista,La Sociedad,e7ab42b1-2406-4f2e-b208-e52febff518b,Meiz Tohme Elchair,Oriente,238383,G12,8,2026,116.6,0,2,90.31,True,True,ytd,0.7746,cercana,185450,6.92
391a0ee5-292a-4134-a411-e242f1320e1c,Buenavista,La Sociedad,e7ab42b1-2406-4f2e-b208-e52febff518b,Meiz Tohme Elchair,Oriente,238383,G12,7,2026,178,68.6,31,68.6,False,False,ytd,0.7746,cercana,185450,6.92
391a0ee5-292a-4134-a411-e242f1320e1c,Buenavista,La Sociedad,e7ab42b1-2406-4f2e-b208-e52febff518b,Meiz Tohme Elchair,Oriente,238383,G12,6,2026,90.8,139.6,30,139.6,False,False,ytd,0.7746,cercana,185450,6.92
391a0ee5-292a-4134-a411-e242f1320e1c,Buenavista,La Sociedad,e7ab42b1-2406-4f2e-b208-e52febff518b,Meiz Tohme Elchair,Oriente,238383,G12,5,2026,153.9,8.4,1,119.2,True,True,ytd,0.7746,cercana,185450,6.92
391a0ee5-292a-4134-a411-e242f1320e1c,Buenavista,La Sociedad,e7ab42b1-2406-4f2e-b208-e52febff518b,Meiz Tohme Elchair,Oriente,238383,G12,4,2026,79.8,,0,61.81,True,False,ytd,0.7746,cercana,185450,6.92
391a0ee5-292a-4134-a411-e242f1320e1c,Buenavista,La Sociedad,e7ab42b1-2406-4f2e-b208-e52febff518b,Meiz Tohme Elchair,Oriente,238383,G12,3,2026,0,,0,0,True,False,ytd,0.7746,cercana,185450,6.92
391a0ee5-292a-4134-a411-e242f1320e1c,Buenavista,La Sociedad,e7ab42b1-2406-4f2e-b208-e52febff518b,Meiz Tohme Elchair,Oriente,238383,G12,2,2026,0,,0,0,True,False,ytd,0.7746,cercana,185450,6.92
391a0ee5-292a-4134-a411-e242f1320e1c,Buenavista,La Sociedad,e7ab42b1-2406-4f2e-b208-e52febff518b,Meiz Tohme Elchair,Oriente,238383,G12,1,2026,9,,0,6.97,True,False,ytd,0.7746,cercana,185450,6.92
612be9e2-1e2d-40ea-aee2-0ce73ed4d5d8,Buenavista,Laguna Negra,e7ab42b1-2406-4f2e-b208-e52febff518b,Meiz Tohme Elchair,Oriente,238383,G12,12,2026,37.6,,0,29.12,True,False,ytd,0.7746,cercana,185450,6.92
612be9e2-1e2d-40ea-aee2-0ce73ed4d5d8,Buenavista,Laguna Negra,e7ab42b1-2406-4f2e-b208-e52febff518b,Meiz Tohme Elchair,Oriente,238383,G12,11,2026,110.3,,0,85.43,True,False,ytd,0.7746,cercana,185450,6.92
612be9e2-1e2d-40ea-aee2-0ce73ed4d5d8,Buenavista,Laguna Negra,e7ab42b1-2406-4f2e-b208-e52febff518b,Meiz Tohme Elchair,Oriente,238383,G12,10,2026,57.7,,0,44.69,True,False,ytd,0.7746,cercana,185450,6.92
612be9e2-1e2d-40ea-aee2-0ce73ed4d5d8,Buenavista,Laguna Negra,e7ab42b1-2406-4f2e-b208-e52febff518b,Meiz Tohme Elchair,Oriente,238383,G12,9,2026,130.4,,0,101,True,False,ytd,0.7746,cercana,185450,6.92
612be9e2-1e2d-40ea-aee2-0ce73ed4d5d8,Buenavista,Laguna Negra,e7ab42b1-2406-4f2e-b208-e52febff518b,Meiz Tohme Elchair,Oriente,238383,G12,8,2026,116.6,0,2,90.31,True,True,ytd,0.7746,cercana,185450,6.92
612be9e2-1e2d-40ea-aee2-0ce73ed4d5d8,Buenavista,Laguna Negra,e7ab42b1-2406-4f2e-b208-e52febff518b,Meiz Tohme Elchair,Oriente,238383,G12,7,2026,178,68.6,31,68.6,False,False,ytd,0.7746,cercana,185450,6.92
612be9e2-1e2d-40ea-aee2-0ce73ed4d5d8,Buenavista,Laguna Negra,e7ab42b1-2406-4f2e-b208-e52febff518b,Meiz Tohme Elchair,Oriente,238383,G12,6,2026,90.8,139.6,30,139.6,False,False,ytd,0.7746,cercana,185450,6.92
612be9e2-1e2d-40ea-aee2-0ce73ed4d5d8,Buenavista,Laguna Negra,e7ab42b1-2406-4f2e-b208-e52febff518b,Meiz Tohme Elchair,Oriente,238383,G12,5,2026,153.9,8.4,1,119.2,True,True,ytd,0.7746,cercana,185450,6.92
612be9e2-1e2d-40ea-aee2-0ce73ed4d5d8,Buenavista,Laguna Negra,e7ab42b1-2406-4f2e-b208-e52febff518b,Meiz Tohme Elchair,Oriente,238383,G12,4,2026,79.8,,0,61.81,True,False,ytd,0.7746,cercana,185450,6.92
612be9e2-1e2d-40ea-aee2-0ce73ed4d5d8,Buenavista,Laguna Negra,e7ab42b1-2406-4f2e-b208-e52febff518b,Meiz Tohme Elchair,Oriente,238383,G12,3,2026,0,,0,0,True,False,ytd,0.7746,cercana,185450,6.92
612be9e2-1e2d-40ea-aee2-0ce73ed4d5d8,Buenavista,Laguna Negra,e7ab42b1-2406-4f2e-b208-e52febff518b,Meiz Tohme Elchair,Oriente,238383,G12,2,2026,0,,0,0,True,False,ytd,0.7746,cercana,185450,6.92
612be9e2-1e2d-40ea-aee2-0ce73ed4d5d8,Buenavista,Laguna Negra,e7ab42b1-2406-4f2e-b208-e52febff518b,Meiz Tohme Elchair,Oriente,238383,G12,1,2026,9,,0,6.97,True,False,ytd,0.7746,cercana,185450,6.92
69a93f87-536e-4c68-8b65-61eeff547262,Buenavista,Las Novillas,e7ab42b1-2406-4f2e-b208-e52febff518b,Meiz Tohme Elchair,Oriente,238383,G12,12,2026,37.6,,0,29.12,True,False,ytd,0.7746,cercana,185450,6.92
69a93f87-536e-4c68-8b65-61eeff547262,Buenavista,Las Novillas,e7ab42b1-2406-4f2e-b208-e52febff518b,Meiz Tohme Elchair,Oriente,238383,G12,11,2026,110.3,,0,85.43,True,False,ytd,0.7746,cercana,185450,6.92
69a93f87-536e-4c68-8b65-61eeff547262,Buenavista,Las Novillas,e7ab42b1-2406-4f2e-b208-e52febff518b,Meiz Tohme Elchair,Oriente,238383,G12,10,2026,57.7,,0,44.69,True,False,ytd,0.7746,cercana,185450,6.92
69a93f87-536e-4c68-8b65-61eeff547262,Buenavista,Las Novillas,e7ab42b1-2406-4f2e-b208-e52febff518b,Meiz Tohme Elchair,Oriente,238383,G12,9,2026,130.4,,0,101,True,False,ytd,0.7746,cercana,185450,6.92
69a93f87-536e-4c68-8b65-61eeff547262,Buenavista,Las Novillas,e7ab42b1-2406-4f2e-b208-e52febff518b,Meiz Tohme Elchair,Oriente,238383,G12,8,2026,116.6,0,2,90.31,True,True,ytd,0.7746,cercana,185450,6.92
69a93f87-536e-4c68-8b65-61eeff547262,Buenavista,Las Novillas,e7ab42b1-2406-4f2e-b208-e52febff518b,Meiz Tohme Elchair,Oriente,238383,G12,7,2026,178,68.6,31,68.6,False,False,ytd,0.7746,cercana,185450,6.92
69a93f87-536e-4c68-8b65-61eeff547262,Buenavista,Las Novillas,e7ab42b1-2406-4f2e-b208-e52febff518b,Meiz Tohme Elchair,Oriente,238383,G12,6,2026,90.8,139.6,30,139.6,False,False,ytd,0.7746,cercana,185450,6.92
69a93f87-536e-4c68-8b65-61eeff547262,Buenavista,Las Novillas,e7ab42b1-2406-4f2e-b208-e52febff518b,Meiz Tohme Elchair,Oriente,238383,G12,5,2026,153.9,8.4,1,119.2,True,True,ytd,0.7746,cercana,185450,6.92
69a93f87-536e-4c68-8b65-61eeff547262,Buenavista,Las Novillas,e7ab42b1-2406-4f2e-b208-e52febff518b,Meiz Tohme Elchair,Oriente,238383,G12,4,2026,79.8,,0,61.81,True,False,ytd,0.7746,cercana,185450,6.92
69a93f87-536e-4c68-8b65-61eeff547262,Buenavista,Las Novillas,e7ab42b1-2406-4f2e-b208-e52febff518b,Meiz Tohme Elchair,Oriente,238383,G12,3,2026,0,,0,0,True,False,ytd,0.7746,cercana,185450,6.92
69a93f87-536e-4c68-8b65-61eeff547262,Buenavista,Las Novillas,e7ab42b1-2406-4f2e-b208-e52febff518b,Meiz Tohme Elchair,Oriente,238383,G12,2,2026,0,,0,0,True,False,ytd,0.7746,cercana,185450,6.92
69a93f87-536e-4c68-8b65-61eeff547262,Buenavista,Las Novillas,e7ab42b1-2406-4f2e-b208-e52febff518b,Meiz Tohme Elchair,Oriente,238383,G12,1,2026,9,,0,6.97,True,False,ytd,0.7746,cercana,185450,6.92
a905953e-5b03-4234-804f-96473cf6f9de,Buenavista,Las Torres,e7ab42b1-2406-4f2e-b208-e52febff518b,Meiz Tohme Elchair,Oriente,238383,G12,12,2026,37.6,,0,29.12,True,False,ytd,0.7746,cercana,185450,6.92
a905953e-5b03-4234-804f-96473cf6f9de,Buenavista,Las Torres,e7ab42b1-2406-4f2e-b208-e52febff518b,Meiz Tohme Elchair,Oriente,238383,G12,11,2026,110.3,,0,85.43,True,False,ytd,0.7746,cercana,185450,6.92
a905953e-5b03-4234-804f-96473cf6f9de,Buenavista,Las Torres,e7ab42b1-2406-4f2e-b208-e52febff518b,Meiz Tohme Elchair,Oriente,238383,G12,10,2026,57.7,,0,44.69,True,False,ytd,0.7746,cercana,185450,6.92
a905953e-5b03-4234-804f-96473cf6f9de,Buenavista,Las Torres,e7ab42b1-2406-4f2e-b208-e52febff518b,Meiz Tohme Elchair,Oriente,238383,G12,9,2026,130.4,,0,101,True,False,ytd,0.7746,cercana,185450,6.92
a905953e-5b03-4234-804f-96473cf6f9de,Buenavista,Las Torres,e7ab42b1-2406-4f2e-b208-e52febff518b,Meiz Tohme Elchair,Oriente,238383,G12,8,2026,116.6,0,2,90.31,True,True,ytd,0.7746,cercana,185450,6.92
a905953e-5b03-4234-804f-96473cf6f9de,Buenavista,Las Torres,e7ab42b1-2406-4f2e-b208-e52febff518b,Meiz Tohme Elchair,Oriente,238383,G12,7,2026,178,68.6,31,68.6,False,False,ytd,0.7746,cercana,185450,6.92
a905953e-5b03-4234-804f-96473cf6f9de,Buenavista,Las Torres,e7ab42b1-2406-4f2e-b208-e52febff518b,Meiz Tohme Elchair,Oriente,238383,G12,6,2026,90.8,139.6,30,139.6,False,False,ytd,0.7746,cercana,185450,6.92
a905953e-5b03-4234-804f-96473cf6f9de,Buenavista,Las Torres,e7ab42b1-2406-4f2e-b208-e52febff518b,Meiz Tohme Elchair,Oriente,238383,G12,5,2026,153.9,8.4,1,119.2,True,True,ytd,0.7746,cercana,185450,6.92
a905953e-5b03-4234-804f-96473cf6f9de,Buenavista,Las Torres,e7ab42b1-2406-4f2e-b208-e52febff518b,Meiz Tohme Elchair,Oriente,238383,G12,4,2026,79.8,,0,61.81,True,False,ytd,0.7746,cercana,185450,6.92
a905953e-5b03-4234-804f-96473cf6f9de,Buenavista,Las Torres,e7ab42b1-2406-4f2e-b208-e52febff518b,Meiz Tohme Elchair,Oriente,238383,G12,3,2026,0,,0,0,True,False,ytd,0.7746,cercana,185450,6.92
a905953e-5b03-4234-804f-96473cf6f9de,Buenavista,Las Torres,e7ab42b1-2406-4f2e-b208-e52febff518b,Meiz Tohme Elchair,Oriente,238383,G12,2,2026,0,,0,0,True,False,ytd,0.7746,cercana,185450,6.92
a905953e-5b03-4234-804f-96473cf6f9de,Buenavista,Las Torres,e7ab42b1-2406-4f2e-b208-e52febff518b,Meiz Tohme Elchair,Oriente,238383,G12,1,2026,9,,0,6.97,True,False,ytd,0.7746,cercana,185450,6.92
29327543-b2f5-4624-a4e6-e7e8fd1f594a,Buenavista,Las Yeguas,e7ab42b1-2406-4f2e-b208-e52febff518b,Meiz Tohme Elchair,Oriente,238383,G12,12,2026,37.6,,0,29.12,True,False,ytd,0.7746,cercana,185450,6.92
29327543-b2f5-4624-a4e6-e7e8fd1f594a,Buenavista,Las Yeguas,e7ab42b1-2406-4f2e-b208-e52febff518b,Meiz Tohme Elchair,Oriente,238383,G12,11,2026,110.3,,0,85.43,True,False,ytd,0.7746,cercana,185450,6.92
29327543-b2f5-4624-a4e6-e7e8fd1f594a,Buenavista,Las Yeguas,e7ab42b1-2406-4f2e-b208-e52febff518b,Meiz Tohme Elchair,Oriente,238383,G12,10,2026,57.7,,0,44.69,True,False,ytd,0.7746,cercana,185450,6.92
29327543-b2f5-4624-a4e6-e7e8fd1f594a,Buenavista,Las Yeguas,e7ab42b1-2406-4f2e-b208-e52febff518b,Meiz Tohme Elchair,Oriente,238383,G12,9,2026,130.4,,0,101,True,False,ytd,0.7746,cercana,185450,6.92
29327543-b2f5-4624-a4e6-e7e8fd1f594a,Buenavista,Las Yeguas,e7ab42b1-2406-4f2e-b208-e52febff518b,Meiz Tohme Elchair,Oriente,238383,G12,8,2026,116.6,0,2,90.31,True,True,ytd,0.7746,cercana,185450,6.92
29327543-b2f5-4624-a4e6-e7e8fd1f594a,Buenavista,Las Yeguas,e7ab42b1-2406-4f2e-b208-e52febff518b,Meiz Tohme Elchair,Oriente,238383,G12,7,2026,178,68.6,31,68.6,False,False,ytd,0.7746,cercana,185450,6.92
29327543-b2f5-4624-a4e6-e7e8fd1f594a,Buenavista,Las Yeguas,e7ab42b1-2406-4f2e-b208-e52febff518b,Meiz Tohme Elchair,Oriente,238383,G12,6,2026,90.8,139.6,30,139.6,False,False,ytd,0.7746,cercana,185450,6.92
29327543-b2f5-4624-a4e6-e7e8fd1f594a,Buenavista,Las Yeguas,e7ab42b1-2406-4f2e-b208-e52febff518b,Meiz Tohme Elchair,Oriente,238383,G12,5,2026,153.9,8.4,1,119.2,True,True,ytd,0.7746,cercana,185450,6.92
29327543-b2f5-4624-a4e6-e7e8fd1f594a,Buenavista,Las Yeguas,e7ab42b1-2406-4f2e-b208-e52febff518b,Meiz Tohme Elchair,Oriente,238383,G12,4,2026,79.8,,0,61.81,True,False,ytd,0.7746,cercana,185450,6.92
29327543-b2f5-4624-a4e6-e7e8fd1f594a,Buenavista,Las Yeguas,e7ab42b1-2406-4f2e-b208-e52febff518b,Meiz Tohme Elchair,Oriente,238383,G12,3,2026,0,,0,0,True,False,ytd,0.7746,cercana,185450,6.92
29327543-b2f5-4624-a4e6-e7e8fd1f594a,Buenavista,Las Yeguas,e7ab42b1-2406-4f2e-b208-e52febff518b,Meiz Tohme Elchair,Oriente,238383,G12,2,2026,0,,0,0,True,False,ytd,0.7746,cercana,185450,6.92
29327543-b2f5-4624-a4e6-e7e8fd1f594a,Buenavista,Las Yeguas,e7ab42b1-2406-4f2e-b208-e52febff518b,Meiz Tohme Elchair,Oriente,238383,G12,1,2026,9,,0,6.97,True,False,ytd,0.7746,cercana,185450,6.92
17eee026-d99d-4408-803d-04e5544d12b6,Buenavista,Los Caribes,e7ab42b1-2406-4f2e-b208-e52febff518b,Meiz Tohme Elchair,Oriente,238383,G12,12,2026,37.6,,0,29.12,True,False,ytd,0.7746,cercana,185450,6.92
17eee026-d99d-4408-803d-04e5544d12b6,Buenavista,Los Caribes,e7ab42b1-2406-4f2e-b208-e52febff518b,Meiz Tohme Elchair,Oriente,238383,G12,11,2026,110.3,,0,85.43,True,False,ytd,0.7746,cercana,185450,6.92
17eee026-d99d-4408-803d-04e5544d12b6,Buenavista,Los Caribes,e7ab42b1-2406-4f2e-b208-e52febff518b,Meiz Tohme Elchair,Oriente,238383,G12,10,2026,57.7,,0,44.69,True,False,ytd,0.7746,cercana,185450,6.92
17eee026-d99d-4408-803d-04e5544d12b6,Buenavista,Los Caribes,e7ab42b1-2406-4f2e-b208-e52febff518b,Meiz Tohme Elchair,Oriente,238383,G12,9,2026,130.4,,0,101,True,False,ytd,0.7746,cercana,185450,6.92
17eee026-d99d-4408-803d-04e5544d12b6,Buenavista,Los Caribes,e7ab42b1-2406-4f2e-b208-e52febff518b,Meiz Tohme Elchair,Oriente,238383,G12,8,2026,116.6,0,2,90.31,True,True,ytd,0.7746,cercana,185450,6.92
17eee026-d99d-4408-803d-04e5544d12b6,Buenavista,Los Caribes,e7ab42b1-2406-4f2e-b208-e52febff518b,Meiz Tohme Elchair,Oriente,238383,G12,7,2026,178,68.6,31,68.6,False,False,ytd,0.7746,cercana,185450,6.92
17eee026-d99d-4408-803d-04e5544d12b6,Buenavista,Los Caribes,e7ab42b1-2406-4f2e-b208-e52febff518b,Meiz Tohme Elchair,Oriente,238383,G12,6,2026,90.8,139.6,30,139.6,False,False,ytd,0.7746,cercana,185450,6.92
17eee026-d99d-4408-803d-04e5544d12b6,Buenavista,Los Caribes,e7ab42b1-2406-4f2e-b208-e52febff518b,Meiz Tohme Elchair,Oriente,238383,G12,5,2026,153.9,8.4,1,119.2,True,True,ytd,0.7746,cercana,185450,6.92
17eee026-d99d-4408-803d-04e5544d12b6,Buenavista,Los Caribes,e7ab42b1-2406-4f2e-b208-e52febff518b,Meiz Tohme Elchair,Oriente,238383,G12,4,2026,79.8,,0,61.81,True,False,ytd,0.7746,cercana,185450,6.92
17eee026-d99d-4408-803d-04e5544d12b6,Buenavista,Los Caribes,e7ab42b1-2406-4f2e-b208-e52febff518b,Meiz Tohme Elchair,Oriente,238383,G12,3,2026,0,,0,0,True,False,ytd,0.7746,cercana,185450,6.92
17eee026-d99d-4408-803d-04e5544d12b6,Buenavista,Los Caribes,e7ab42b1-2406-4f2e-b208-e52febff518b,Meiz Tohme Elchair,Oriente,238383,G12,2,2026,0,,0,0,True,False,ytd,0.7746,cercana,185450,6.92
17eee026-d99d-4408-803d-04e5544d12b6,Buenavista,Los Caribes,e7ab42b1-2406-4f2e-b208-e52febff518b,Meiz Tohme Elchair,Oriente,238383,G12,1,2026,9,,0,6.97,True,False,ytd,0.7746,cercana,185450,6.92
4a5fcdda-5003-4f94-827e-6ad1ff5b1280,Buenavista,Los Palos,e7ab42b1-2406-4f2e-b208-e52febff518b,Meiz Tohme Elchair,Oriente,238383,G12,12,2026,37.6,,0,29.12,True,False,ytd,0.7746,cercana,185450,6.92
4a5fcdda-5003-4f94-827e-6ad1ff5b1280,Buenavista,Los Palos,e7ab42b1-2406-4f2e-b208-e52febff518b,Meiz Tohme Elchair,Oriente,238383,G12,11,2026,110.3,,0,85.43,True,False,ytd,0.7746,cercana,185450,6.92
4a5fcdda-5003-4f94-827e-6ad1ff5b1280,Buenavista,Los Palos,e7ab42b1-2406-4f2e-b208-e52febff518b,Meiz Tohme Elchair,Oriente,238383,G12,10,2026,57.7,,0,44.69,True,False,ytd,0.7746,cercana,185450,6.92
4a5fcdda-5003-4f94-827e-6ad1ff5b1280,Buenavista,Los Palos,e7ab42b1-2406-4f2e-b208-e52febff518b,Meiz Tohme Elchair,Oriente,238383,G12,9,2026,130.4,,0,101,True,False,ytd,0.7746,cercana,185450,6.92
4a5fcdda-5003-4f94-827e-6ad1ff5b1280,Buenavista,Los Palos,e7ab42b1-2406-4f2e-b208-e52febff518b,Meiz Tohme Elchair,Oriente,238383,G12,8,2026,116.6,0,2,90.31,True,True,ytd,0.7746,cercana,185450,6.92
4a5fcdda-5003-4f94-827e-6ad1ff5b1280,Buenavista,Los Palos,e7ab42b1-2406-4f2e-b208-e52febff518b,Meiz Tohme Elchair,Oriente,238383,G12,7,2026,178,68.6,31,68.6,False,False,ytd,0.7746,cercana,185450,6.92
4a5fcdda-5003-4f94-827e-6ad1ff5b1280,Buenavista,Los Palos,e7ab42b1-2406-4f2e-b208-e52febff518b,Meiz Tohme Elchair,Oriente,238383,G12,6,2026,90.8,139.6,30,139.6,False,False,ytd,0.7746,cercana,185450,6.92
4a5fcdda-5003-4f94-827e-6ad1ff5b1280,Buenavista,Los Palos,e7ab42b1-2406-4f2e-b208-e52febff518b,Meiz Tohme Elchair,Oriente,238383,G12,5,2026,153.9,8.4,1,119.2,True,True,ytd,0.7746,cercana,185450,6.92
4a5fcdda-5003-4f94-827e-6ad1ff5b1280,Buenavista,Los Palos,e7ab42b1-2406-4f2e-b208-e52febff518b,Meiz Tohme Elchair,Oriente,238383,G12,4,2026,79.8,,0,61.81,True,False,ytd,0.7746,cercana,185450,6.92
4a5fcdda-5003-4f94-827e-6ad1ff5b1280,Buenavista,Los Palos,e7ab42b1-2406-4f2e-b208-e52febff518b,Meiz Tohme Elchair,Oriente,238383,G12,3,2026,0,,0,0,True,False,ytd,0.7746,cercana,185450,6.92
4a5fcdda-5003-4f94-827e-6ad1ff5b1280,Buenavista,Los Palos,e7ab42b1-2406-4f2e-b208-e52febff518b,Meiz Tohme Elchair,Oriente,238383,G12,2,2026,0,,0,0,True,False,ytd,0.7746,cercana,185450,6.92
4a5fcdda-5003-4f94-827e-6ad1ff5b1280,Buenavista,Los Palos,e7ab42b1-2406-4f2e-b208-e52febff518b,Meiz Tohme Elchair,Oriente,238383,G12,1,2026,9,,0,6.97,True,False,ytd,0.7746,cercana,185450,6.92
31577c1d-53ac-4645-8b69-849bf3561130,Camaripano,L03 CASA DE TABLA ARRIBA A,ad5678bd-ae51-497b-9934-ce557146b38e,Antonio Luis Zambrano Acuña,Oriente,186730,G04,12,2026,4,,0,7.29,True,False,robusto,1.8225,propio,186730,0
31577c1d-53ac-4645-8b69-849bf3561130,Camaripano,L03 CASA DE TABLA ARRIBA A,ad5678bd-ae51-497b-9934-ce557146b38e,Antonio Luis Zambrano Acuña,Oriente,186730,G04,11,2026,11.6,,0,21.14,True,False,robusto,1.8225,propio,186730,0
31577c1d-53ac-4645-8b69-849bf3561130,Camaripano,L03 CASA DE TABLA ARRIBA A,ad5678bd-ae51-497b-9934-ce557146b38e,Antonio Luis Zambrano Acuña,Oriente,186730,G04,10,2026,42.1,,0,76.73,True,False,robusto,1.8225,propio,186730,0
31577c1d-53ac-4645-8b69-849bf3561130,Camaripano,L03 CASA DE TABLA ARRIBA A,ad5678bd-ae51-497b-9934-ce557146b38e,Antonio Luis Zambrano Acuña,Oriente,186730,G04,9,2026,51.8,,0,94.41,True,False,robusto,1.8225,propio,186730,0
31577c1d-53ac-4645-8b69-849bf3561130,Camaripano,L03 CASA DE TABLA ARRIBA A,ad5678bd-ae51-497b-9934-ce557146b38e,Antonio Luis Zambrano Acuña,Oriente,186730,G04,8,2026,144,0,2,262.44,True,True,robusto,1.8225,propio,186730,0
31577c1d-53ac-4645-8b69-849bf3561130,Camaripano,L03 CASA DE TABLA ARRIBA A,ad5678bd-ae51-497b-9934-ce557146b38e,Antonio Luis Zambrano Acuña,Oriente,186730,G04,7,2026,235.2,147,31,147,False,False,robusto,1.8225,propio,186730,0
31577c1d-53ac-4645-8b69-849bf3561130,Camaripano,L03 CASA DE TABLA ARRIBA A,ad5678bd-ae51-497b-9934-ce557146b38e,Antonio Luis Zambrano Acuña,Oriente,186730,G04,6,2026,182.49,79.4,30,79.4,False,False,robusto,1.8225,propio,186730,0
31577c1d-53ac-4645-8b69-849bf3561130,Camaripano,L03 CASA DE TABLA ARRIBA A,ad5678bd-ae51-497b-9934-ce557146b38e,Antonio Luis Zambrano Acuña,Oriente,186730,G04,5,2026,30,90.6,31,90.6,False,False,robusto,1.8225,propio,186730,0
31577c1d-53ac-4645-8b69-849bf3561130,Camaripano,L03 CASA DE TABLA ARRIBA A,ad5678bd-ae51-497b-9934-ce557146b38e,Antonio Luis Zambrano Acuña,Oriente,186730,G04,4,2026,7,45.4,30,45.4,False,False,robusto,1.8225,propio,186730,0
31577c1d-53ac-4645-8b69-849bf3561130,Camaripano,L03 CASA DE TABLA ARRIBA A,ad5678bd-ae51-497b-9934-ce557146b38e,Antonio Luis Zambrano Acuña,Oriente,186730,G04,3,2026,0.2,6.6,31,6.6,False,False,robusto,1.8225,propio,186730,0
31577c1d-53ac-4645-8b69-849bf3561130,Camaripano,L03 CASA DE TABLA ARRIBA A,ad5678bd-ae51-497b-9934-ce557146b38e,Antonio Luis Zambrano Acuña,Oriente,186730,G04,2,2026,0,0,28,0,False,False,robusto,1.8225,propio,186730,0
31577c1d-53ac-4645-8b69-849bf3561130,Camaripano,L03 CASA DE TABLA ARRIBA A,ad5678bd-ae51-497b-9934-ce557146b38e,Antonio Luis Zambrano Acuña,Oriente,186730,G04,1,2026,,2,22,2,False,False,robusto,1.8225,propio,186730,0
3130337f-3ab2-406b-a5c1-347f402702ca,Camaripano,L04 CASA DE TABLA ARRIBA B,ad5678bd-ae51-497b-9934-ce557146b38e,Antonio Luis Zambrano Acuña,Oriente,186730,G04,12,2026,4,,0,7.29,True,False,robusto,1.8225,propio,186730,0
3130337f-3ab2-406b-a5c1-347f402702ca,Camaripano,L04 CASA DE TABLA ARRIBA B,ad5678bd-ae51-497b-9934-ce557146b38e,Antonio Luis Zambrano Acuña,Oriente,186730,G04,11,2026,11.6,,0,21.14,True,False,robusto,1.8225,propio,186730,0
3130337f-3ab2-406b-a5c1-347f402702ca,Camaripano,L04 CASA DE TABLA ARRIBA B,ad5678bd-ae51-497b-9934-ce557146b38e,Antonio Luis Zambrano Acuña,Oriente,186730,G04,10,2026,42.1,,0,76.73,True,False,robusto,1.8225,propio,186730,0
3130337f-3ab2-406b-a5c1-347f402702ca,Camaripano,L04 CASA DE TABLA ARRIBA B,ad5678bd-ae51-497b-9934-ce557146b38e,Antonio Luis Zambrano Acuña,Oriente,186730,G04,9,2026,51.8,,0,94.41,True,False,robusto,1.8225,propio,186730,0
3130337f-3ab2-406b-a5c1-347f402702ca,Camaripano,L04 CASA DE TABLA ARRIBA B,ad5678bd-ae51-497b-9934-ce557146b38e,Antonio Luis Zambrano Acuña,Oriente,186730,G04,8,2026,144,0,2,262.44,True,True,robusto,1.8225,propio,186730,0
3130337f-3ab2-406b-a5c1-347f402702ca,Camaripano,L04 CASA DE TABLA ARRIBA B,ad5678bd-ae51-497b-9934-ce557146b38e,Antonio Luis Zambrano Acuña,Oriente,186730,G04,7,2026,235.2,147,31,147,False,False,robusto,1.8225,propio,186730,0
3130337f-3ab2-406b-a5c1-347f402702ca,Camaripano,L04 CASA DE TABLA ARRIBA B,ad5678bd-ae51-497b-9934-ce557146b38e,Antonio Luis Zambrano Acuña,Oriente,186730,G04,6,2026,182.49,79.4,30,79.4,False,False,robusto,1.8225,propio,186730,0
3130337f-3ab2-406b-a5c1-347f402702ca,Camaripano,L04 CASA DE TABLA ARRIBA B,ad5678bd-ae51-497b-9934-ce557146b38e,Antonio Luis Zambrano Acuña,Oriente,186730,G04,5,2026,30,90.6,31,90.6,False,False,robusto,1.8225,propio,186730,0
3130337f-3ab2-406b-a5c1-347f402702ca,Camaripano,L04 CASA DE TABLA ARRIBA B,ad5678bd-ae51-497b-9934-ce557146b38e,Antonio Luis Zambrano Acuña,Oriente,186730,G04,4,2026,7,45.4,30,45.4,False,False,robusto,1.8225,propio,186730,0
3130337f-3ab2-406b-a5c1-347f402702ca,Camaripano,L04 CASA DE TABLA ARRIBA B,ad5678bd-ae51-497b-9934-ce557146b38e,Antonio Luis Zambrano Acuña,Oriente,186730,G04,3,2026,0.2,6.6,31,6.6,False,False,robusto,1.8225,propio,186730,0
3130337f-3ab2-406b-a5c1-347f402702ca,Camaripano,L04 CASA DE TABLA ARRIBA B,ad5678bd-ae51-497b-9934-ce557146b38e,Antonio Luis Zambrano Acuña,Oriente,186730,G04,2,2026,0,0,28,0,False,False,robusto,1.8225,propio,186730,0
3130337f-3ab2-406b-a5c1-347f402702ca,Camaripano,L04 CASA DE TABLA ARRIBA B,ad5678bd-ae51-497b-9934-ce557146b38e,Antonio Luis Zambrano Acuña,Oriente,186730,G04,1,2026,,2,22,2,False,False,robusto,1.8225,propio,186730,0
42b4b7f7-70f6-4291-b973-81920fd0cf62,Camaripano,L05 EL DESQUITE,ad5678bd-ae51-497b-9934-ce557146b38e,Antonio Luis Zambrano Acuña,Oriente,186730,G04,12,2026,4,,0,7.29,True,False,robusto,1.8225,propio,186730,0
42b4b7f7-70f6-4291-b973-81920fd0cf62,Camaripano,L05 EL DESQUITE,ad5678bd-ae51-497b-9934-ce557146b38e,Antonio Luis Zambrano Acuña,Oriente,186730,G04,11,2026,11.6,,0,21.14,True,False,robusto,1.8225,propio,186730,0
42b4b7f7-70f6-4291-b973-81920fd0cf62,Camaripano,L05 EL DESQUITE,ad5678bd-ae51-497b-9934-ce557146b38e,Antonio Luis Zambrano Acuña,Oriente,186730,G04,10,2026,42.1,,0,76.73,True,False,robusto,1.8225,propio,186730,0
42b4b7f7-70f6-4291-b973-81920fd0cf62,Camaripano,L05 EL DESQUITE,ad5678bd-ae51-497b-9934-ce557146b38e,Antonio Luis Zambrano Acuña,Oriente,186730,G04,9,2026,51.8,,0,94.41,True,False,robusto,1.8225,propio,186730,0
42b4b7f7-70f6-4291-b973-81920fd0cf62,Camaripano,L05 EL DESQUITE,ad5678bd-ae51-497b-9934-ce557146b38e,Antonio Luis Zambrano Acuña,Oriente,186730,G04,8,2026,144,0,2,262.44,True,True,robusto,1.8225,propio,186730,0
42b4b7f7-70f6-4291-b973-81920fd0cf62,Camaripano,L05 EL DESQUITE,ad5678bd-ae51-497b-9934-ce557146b38e,Antonio Luis Zambrano Acuña,Oriente,186730,G04,7,2026,235.2,147,31,147,False,False,robusto,1.8225,propio,186730,0
42b4b7f7-70f6-4291-b973-81920fd0cf62,Camaripano,L05 EL DESQUITE,ad5678bd-ae51-497b-9934-ce557146b38e,Antonio Luis Zambrano Acuña,Oriente,186730,G04,6,2026,182.49,79.4,30,79.4,False,False,robusto,1.8225,propio,186730,0
42b4b7f7-70f6-4291-b973-81920fd0cf62,Camaripano,L05 EL DESQUITE,ad5678bd-ae51-497b-9934-ce557146b38e,Antonio Luis Zambrano Acuña,Oriente,186730,G04,5,2026,30,90.6,31,90.6,False,False,robusto,1.8225,propio,186730,0
42b4b7f7-70f6-4291-b973-81920fd0cf62,Camaripano,L05 EL DESQUITE,ad5678bd-ae51-497b-9934-ce557146b38e,Antonio Luis Zambrano Acuña,Oriente,186730,G04,4,2026,7,45.4,30,45.4,False,False,robusto,1.8225,propio,186730,0
42b4b7f7-70f6-4291-b973-81920fd0cf62,Camaripano,L05 EL DESQUITE,ad5678bd-ae51-497b-9934-ce557146b38e,Antonio Luis Zambrano Acuña,Oriente,186730,G04,3,2026,0.2,6.6,31,6.6,False,False,robusto,1.8225,propio,186730,0
42b4b7f7-70f6-4291-b973-81920fd0cf62,Camaripano,L05 EL DESQUITE,ad5678bd-ae51-497b-9934-ce557146b38e,Antonio Luis Zambrano Acuña,Oriente,186730,G04,2,2026,0,0,28,0,False,False,robusto,1.8225,propio,186730,0
42b4b7f7-70f6-4291-b973-81920fd0cf62,Camaripano,L05 EL DESQUITE,ad5678bd-ae51-497b-9934-ce557146b38e,Antonio Luis Zambrano Acuña,Oriente,186730,G04,1,2026,,2,22,2,False,False,robusto,1.8225,propio,186730,0
09164758-10e5-4d2a-9155-7bd7dd174e5f,Camaripano,Molino Escabezao 1,ad5678bd-ae51-497b-9934-ce557146b38e,Antonio Luis Zambrano Acuña,Oriente,186730,G04,12,2026,4,,0,7.29,True,False,robusto,1.8225,propio,186730,0
09164758-10e5-4d2a-9155-7bd7dd174e5f,Camaripano,Molino Escabezao 1,ad5678bd-ae51-497b-9934-ce557146b38e,Antonio Luis Zambrano Acuña,Oriente,186730,G04,11,2026,11.6,,0,21.14,True,False,robusto,1.8225,propio,186730,0
09164758-10e5-4d2a-9155-7bd7dd174e5f,Camaripano,Molino Escabezao 1,ad5678bd-ae51-497b-9934-ce557146b38e,Antonio Luis Zambrano Acuña,Oriente,186730,G04,10,2026,42.1,,0,76.73,True,False,robusto,1.8225,propio,186730,0
09164758-10e5-4d2a-9155-7bd7dd174e5f,Camaripano,Molino Escabezao 1,ad5678bd-ae51-497b-9934-ce557146b38e,Antonio Luis Zambrano Acuña,Oriente,186730,G04,9,2026,51.8,,0,94.41,True,False,robusto,1.8225,propio,186730,0
09164758-10e5-4d2a-9155-7bd7dd174e5f,Camaripano,Molino Escabezao 1,ad5678bd-ae51-497b-9934-ce557146b38e,Antonio Luis Zambrano Acuña,Oriente,186730,G04,8,2026,144,0,2,262.44,True,True,robusto,1.8225,propio,186730,0
09164758-10e5-4d2a-9155-7bd7dd174e5f,Camaripano,Molino Escabezao 1,ad5678bd-ae51-497b-9934-ce557146b38e,Antonio Luis Zambrano Acuña,Oriente,186730,G04,7,2026,235.2,147,31,147,False,False,robusto,1.8225,propio,186730,0
09164758-10e5-4d2a-9155-7bd7dd174e5f,Camaripano,Molino Escabezao 1,ad5678bd-ae51-497b-9934-ce557146b38e,Antonio Luis Zambrano Acuña,Oriente,186730,G04,6,2026,182.49,79.4,30,79.4,False,False,robusto,1.8225,propio,186730,0
09164758-10e5-4d2a-9155-7bd7dd174e5f,Camaripano,Molino Escabezao 1,ad5678bd-ae51-497b-9934-ce557146b38e,Antonio Luis Zambrano Acuña,Oriente,186730,G04,5,2026,30,90.6,31,90.6,False,False,robusto,1.8225,propio,186730,0
09164758-10e5-4d2a-9155-7bd7dd174e5f,Camaripano,Molino Escabezao 1,ad5678bd-ae51-497b-9934-ce557146b38e,Antonio Luis Zambrano Acuña,Oriente,186730,G04,4,2026,7,45.4,30,45.4,False,False,robusto,1.8225,propio,186730,0
09164758-10e5-4d2a-9155-7bd7dd174e5f,Camaripano,Molino Escabezao 1,ad5678bd-ae51-497b-9934-ce557146b38e,Antonio Luis Zambrano Acuña,Oriente,186730,G04,3,2026,0.2,6.6,31,6.6,False,False,robusto,1.8225,propio,186730,0
09164758-10e5-4d2a-9155-7bd7dd174e5f,Camaripano,Molino Escabezao 1,ad5678bd-ae51-497b-9934-ce557146b38e,Antonio Luis Zambrano Acuña,Oriente,186730,G04,2,2026,0,0,28,0,False,False,robusto,1.8225,propio,186730,0
09164758-10e5-4d2a-9155-7bd7dd174e5f,Camaripano,Molino Escabezao 1,ad5678bd-ae51-497b-9934-ce557146b38e,Antonio Luis Zambrano Acuña,Oriente,186730,G04,1,2026,,2,22,2,False,False,robusto,1.8225,propio,186730,0
8b37ab97-2ecf-4455-add9-6ebe228e8087,Camaripano,Molino Escabezao 2,ad5678bd-ae51-497b-9934-ce557146b38e,Antonio Luis Zambrano Acuña,Oriente,186730,G04,12,2026,4,,0,7.29,True,False,robusto,1.8225,propio,186730,0
8b37ab97-2ecf-4455-add9-6ebe228e8087,Camaripano,Molino Escabezao 2,ad5678bd-ae51-497b-9934-ce557146b38e,Antonio Luis Zambrano Acuña,Oriente,186730,G04,11,2026,11.6,,0,21.14,True,False,robusto,1.8225,propio,186730,0
8b37ab97-2ecf-4455-add9-6ebe228e8087,Camaripano,Molino Escabezao 2,ad5678bd-ae51-497b-9934-ce557146b38e,Antonio Luis Zambrano Acuña,Oriente,186730,G04,10,2026,42.1,,0,76.73,True,False,robusto,1.8225,propio,186730,0
8b37ab97-2ecf-4455-add9-6ebe228e8087,Camaripano,Molino Escabezao 2,ad5678bd-ae51-497b-9934-ce557146b38e,Antonio Luis Zambrano Acuña,Oriente,186730,G04,9,2026,51.8,,0,94.41,True,False,robusto,1.8225,propio,186730,0
8b37ab97-2ecf-4455-add9-6ebe228e8087,Camaripano,Molino Escabezao 2,ad5678bd-ae51-497b-9934-ce557146b38e,Antonio Luis Zambrano Acuña,Oriente,186730,G04,8,2026,144,0,2,262.44,True,True,robusto,1.8225,propio,186730,0
8b37ab97-2ecf-4455-add9-6ebe228e8087,Camaripano,Molino Escabezao 2,ad5678bd-ae51-497b-9934-ce557146b38e,Antonio Luis Zambrano Acuña,Oriente,186730,G04,7,2026,235.2,147,31,147,False,False,robusto,1.8225,propio,186730,0
8b37ab97-2ecf-4455-add9-6ebe228e8087,Camaripano,Molino Escabezao 2,ad5678bd-ae51-497b-9934-ce557146b38e,Antonio Luis Zambrano Acuña,Oriente,186730,G04,6,2026,182.49,79.4,30,79.4,False,False,robusto,1.8225,propio,186730,0
8b37ab97-2ecf-4455-add9-6ebe228e8087,Camaripano,Molino Escabezao 2,ad5678bd-ae51-497b-9934-ce557146b38e,Antonio Luis Zambrano Acuña,Oriente,186730,G04,5,2026,30,90.6,31,90.6,False,False,robusto,1.8225,propio,186730,0
8b37ab97-2ecf-4455-add9-6ebe228e8087,Camaripano,Molino Escabezao 2,ad5678bd-ae51-497b-9934-ce557146b38e,Antonio Luis Zambrano Acuña,Oriente,186730,G04,4,2026,7,45.4,30,45.4,False,False,robusto,1.8225,propio,186730,0
8b37ab97-2ecf-4455-add9-6ebe228e8087,Camaripano,Molino Escabezao 2,ad5678bd-ae51-497b-9934-ce557146b38e,Antonio Luis Zambrano Acuña,Oriente,186730,G04,3,2026,0.2,6.6,31,6.6,False,False,robusto,1.8225,propio,186730,0
8b37ab97-2ecf-4455-add9-6ebe228e8087,Camaripano,Molino Escabezao 2,ad5678bd-ae51-497b-9934-ce557146b38e,Antonio Luis Zambrano Acuña,Oriente,186730,G04,2,2026,0,0,28,0,False,False,robusto,1.8225,propio,186730,0
8b37ab97-2ecf-4455-add9-6ebe228e8087,Camaripano,Molino Escabezao 2,ad5678bd-ae51-497b-9934-ce557146b38e,Antonio Luis Zambrano Acuña,Oriente,186730,G04,1,2026,,2,22,2,False,False,robusto,1.8225,propio,186730,0
cb182c2d-4309-49f9-87ae-3629575d45c6,Camaripano,Tanque Gasoil,ad5678bd-ae51-497b-9934-ce557146b38e,Antonio Luis Zambrano Acuña,Oriente,186730,G04,12,2026,4,,0,7.29,True,False,robusto,1.8225,propio,186730,0
cb182c2d-4309-49f9-87ae-3629575d45c6,Camaripano,Tanque Gasoil,ad5678bd-ae51-497b-9934-ce557146b38e,Antonio Luis Zambrano Acuña,Oriente,186730,G04,11,2026,11.6,,0,21.14,True,False,robusto,1.8225,propio,186730,0
cb182c2d-4309-49f9-87ae-3629575d45c6,Camaripano,Tanque Gasoil,ad5678bd-ae51-497b-9934-ce557146b38e,Antonio Luis Zambrano Acuña,Oriente,186730,G04,10,2026,42.1,,0,76.73,True,False,robusto,1.8225,propio,186730,0
cb182c2d-4309-49f9-87ae-3629575d45c6,Camaripano,Tanque Gasoil,ad5678bd-ae51-497b-9934-ce557146b38e,Antonio Luis Zambrano Acuña,Oriente,186730,G04,9,2026,51.8,,0,94.41,True,False,robusto,1.8225,propio,186730,0
cb182c2d-4309-49f9-87ae-3629575d45c6,Camaripano,Tanque Gasoil,ad5678bd-ae51-497b-9934-ce557146b38e,Antonio Luis Zambrano Acuña,Oriente,186730,G04,8,2026,144,0,2,262.44,True,True,robusto,1.8225,propio,186730,0
cb182c2d-4309-49f9-87ae-3629575d45c6,Camaripano,Tanque Gasoil,ad5678bd-ae51-497b-9934-ce557146b38e,Antonio Luis Zambrano Acuña,Oriente,186730,G04,7,2026,235.2,147,31,147,False,False,robusto,1.8225,propio,186730,0
cb182c2d-4309-49f9-87ae-3629575d45c6,Camaripano,Tanque Gasoil,ad5678bd-ae51-497b-9934-ce557146b38e,Antonio Luis Zambrano Acuña,Oriente,186730,G04,6,2026,182.49,79.4,30,79.4,False,False,robusto,1.8225,propio,186730,0
cb182c2d-4309-49f9-87ae-3629575d45c6,Camaripano,Tanque Gasoil,ad5678bd-ae51-497b-9934-ce557146b38e,Antonio Luis Zambrano Acuña,Oriente,186730,G04,5,2026,30,90.6,31,90.6,False,False,robusto,1.8225,propio,186730,0
cb182c2d-4309-49f9-87ae-3629575d45c6,Camaripano,Tanque Gasoil,ad5678bd-ae51-497b-9934-ce557146b38e,Antonio Luis Zambrano Acuña,Oriente,186730,G04,4,2026,7,45.4,30,45.4,False,False,robusto,1.8225,propio,186730,0
cb182c2d-4309-49f9-87ae-3629575d45c6,Camaripano,Tanque Gasoil,ad5678bd-ae51-497b-9934-ce557146b38e,Antonio Luis Zambrano Acuña,Oriente,186730,G04,3,2026,0.2,6.6,31,6.6,False,False,robusto,1.8225,propio,186730,0
cb182c2d-4309-49f9-87ae-3629575d45c6,Camaripano,Tanque Gasoil,ad5678bd-ae51-497b-9934-ce557146b38e,Antonio Luis Zambrano Acuña,Oriente,186730,G04,2,2026,0,0,28,0,False,False,robusto,1.8225,propio,186730,0
cb182c2d-4309-49f9-87ae-3629575d45c6,Camaripano,Tanque Gasoil,ad5678bd-ae51-497b-9934-ce557146b38e,Antonio Luis Zambrano Acuña,Oriente,186730,G04,1,2026,,2,22,2,False,False,robusto,1.8225,propio,186730,0
c7ef1944-fd1e-4241-8b17-ed65092b5108,Chaguaramitas,Chaparral,f3dd5a70-0c95-4b9e-bab9-4f320e0fbe35,Jose Dario Gallucci Requena,Oriente,238407,G13,12,2026,35.155,,0,17.58,True,False,ytd,0.5,cercana,186669,8.05
c7ef1944-fd1e-4241-8b17-ed65092b5108,Chaguaramitas,Chaparral,f3dd5a70-0c95-4b9e-bab9-4f320e0fbe35,Jose Dario Gallucci Requena,Oriente,238407,G13,11,2026,98.24,,0,49.12,True,False,ytd,0.5,cercana,186669,8.05
c7ef1944-fd1e-4241-8b17-ed65092b5108,Chaguaramitas,Chaparral,f3dd5a70-0c95-4b9e-bab9-4f320e0fbe35,Jose Dario Gallucci Requena,Oriente,238407,G13,10,2026,91.54,,0,45.77,True,False,ytd,0.5,cercana,186669,8.05
c7ef1944-fd1e-4241-8b17-ed65092b5108,Chaguaramitas,Chaparral,f3dd5a70-0c95-4b9e-bab9-4f320e0fbe35,Jose Dario Gallucci Requena,Oriente,238407,G13,9,2026,142.025,,0,71.01,True,False,ytd,0.5,cercana,186669,8.05
c7ef1944-fd1e-4241-8b17-ed65092b5108,Chaguaramitas,Chaparral,f3dd5a70-0c95-4b9e-bab9-4f320e0fbe35,Jose Dario Gallucci Requena,Oriente,238407,G13,8,2026,192.175,0,2,96.09,True,True,ytd,0.5,cercana,186669,8.05
c7ef1944-fd1e-4241-8b17-ed65092b5108,Chaguaramitas,Chaparral,f3dd5a70-0c95-4b9e-bab9-4f320e0fbe35,Jose Dario Gallucci Requena,Oriente,238407,G13,7,2026,331.25,111.4,28,111.4,False,False,ytd,0.5,cercana,186669,8.05
c7ef1944-fd1e-4241-8b17-ed65092b5108,Chaguaramitas,Chaparral,f3dd5a70-0c95-4b9e-bab9-4f320e0fbe35,Jose Dario Gallucci Requena,Oriente,238407,G13,6,2026,278.755,193.6,30,193.6,False,False,ytd,0.5,cercana,186669,8.05
c7ef1944-fd1e-4241-8b17-ed65092b5108,Chaguaramitas,Chaparral,f3dd5a70-0c95-4b9e-bab9-4f320e0fbe35,Jose Dario Gallucci Requena,Oriente,238407,G13,5,2026,261.76,44.6,4,130.88,True,True,ytd,0.5,cercana,186669,8.05
c7ef1944-fd1e-4241-8b17-ed65092b5108,Chaguaramitas,Chaparral,f3dd5a70-0c95-4b9e-bab9-4f320e0fbe35,Jose Dario Gallucci Requena,Oriente,238407,G13,4,2026,20.82,,0,10.41,True,False,ytd,0.5,cercana,186669,8.05
c7ef1944-fd1e-4241-8b17-ed65092b5108,Chaguaramitas,Chaparral,f3dd5a70-0c95-4b9e-bab9-4f320e0fbe35,Jose Dario Gallucci Requena,Oriente,238407,G13,3,2026,0,,0,0,True,False,ytd,0.5,cercana,186669,8.05
c7ef1944-fd1e-4241-8b17-ed65092b5108,Chaguaramitas,Chaparral,f3dd5a70-0c95-4b9e-bab9-4f320e0fbe35,Jose Dario Gallucci Requena,Oriente,238407,G13,2,2026,0,,0,0,True,False,ytd,0.5,cercana,186669,8.05
c7ef1944-fd1e-4241-8b17-ed65092b5108,Chaguaramitas,Chaparral,f3dd5a70-0c95-4b9e-bab9-4f320e0fbe35,Jose Dario Gallucci Requena,Oriente,238407,G13,1,2026,69.3,,0,34.65,True,False,ytd,0.5,cercana,186669,8.05
70e131ba-d8f9-4ba0-9a6b-c0de3b159543,Chaguaramitas,Chaparralito 1,f3dd5a70-0c95-4b9e-bab9-4f320e0fbe35,Jose Dario Gallucci Requena,Oriente,238407,G13,12,2026,35.155,,0,17.58,True,False,ytd,0.5,cercana,186669,8.05
70e131ba-d8f9-4ba0-9a6b-c0de3b159543,Chaguaramitas,Chaparralito 1,f3dd5a70-0c95-4b9e-bab9-4f320e0fbe35,Jose Dario Gallucci Requena,Oriente,238407,G13,11,2026,98.24,,0,49.12,True,False,ytd,0.5,cercana,186669,8.05
70e131ba-d8f9-4ba0-9a6b-c0de3b159543,Chaguaramitas,Chaparralito 1,f3dd5a70-0c95-4b9e-bab9-4f320e0fbe35,Jose Dario Gallucci Requena,Oriente,238407,G13,10,2026,91.54,,0,45.77,True,False,ytd,0.5,cercana,186669,8.05
70e131ba-d8f9-4ba0-9a6b-c0de3b159543,Chaguaramitas,Chaparralito 1,f3dd5a70-0c95-4b9e-bab9-4f320e0fbe35,Jose Dario Gallucci Requena,Oriente,238407,G13,9,2026,142.025,,0,71.01,True,False,ytd,0.5,cercana,186669,8.05
70e131ba-d8f9-4ba0-9a6b-c0de3b159543,Chaguaramitas,Chaparralito 1,f3dd5a70-0c95-4b9e-bab9-4f320e0fbe35,Jose Dario Gallucci Requena,Oriente,238407,G13,8,2026,192.175,0,2,96.09,True,True,ytd,0.5,cercana,186669,8.05
70e131ba-d8f9-4ba0-9a6b-c0de3b159543,Chaguaramitas,Chaparralito 1,f3dd5a70-0c95-4b9e-bab9-4f320e0fbe35,Jose Dario Gallucci Requena,Oriente,238407,G13,7,2026,331.25,111.4,28,111.4,False,False,ytd,0.5,cercana,186669,8.05
70e131ba-d8f9-4ba0-9a6b-c0de3b159543,Chaguaramitas,Chaparralito 1,f3dd5a70-0c95-4b9e-bab9-4f320e0fbe35,Jose Dario Gallucci Requena,Oriente,238407,G13,6,2026,278.755,193.6,30,193.6,False,False,ytd,0.5,cercana,186669,8.05
70e131ba-d8f9-4ba0-9a6b-c0de3b159543,Chaguaramitas,Chaparralito 1,f3dd5a70-0c95-4b9e-bab9-4f320e0fbe35,Jose Dario Gallucci Requena,Oriente,238407,G13,5,2026,261.76,44.6,4,130.88,True,True,ytd,0.5,cercana,186669,8.05
70e131ba-d8f9-4ba0-9a6b-c0de3b159543,Chaguaramitas,Chaparralito 1,f3dd5a70-0c95-4b9e-bab9-4f320e0fbe35,Jose Dario Gallucci Requena,Oriente,238407,G13,4,2026,20.82,,0,10.41,True,False,ytd,0.5,cercana,186669,8.05
70e131ba-d8f9-4ba0-9a6b-c0de3b159543,Chaguaramitas,Chaparralito 1,f3dd5a70-0c95-4b9e-bab9-4f320e0fbe35,Jose Dario Gallucci Requena,Oriente,238407,G13,3,2026,0,,0,0,True,False,ytd,0.5,cercana,186669,8.05
70e131ba-d8f9-4ba0-9a6b-c0de3b159543,Chaguaramitas,Chaparralito 1,f3dd5a70-0c95-4b9e-bab9-4f320e0fbe35,Jose Dario Gallucci Requena,Oriente,238407,G13,2,2026,0,,0,0,True,False,ytd,0.5,cercana,186669,8.05
70e131ba-d8f9-4ba0-9a6b-c0de3b159543,Chaguaramitas,Chaparralito 1,f3dd5a70-0c95-4b9e-bab9-4f320e0fbe35,Jose Dario Gallucci Requena,Oriente,238407,G13,1,2026,69.3,,0,34.65,True,False,ytd,0.5,cercana,186669,8.05
db649d01-b26c-426c-949c-42778505618c,Chaguaramitas,Chaparralito 2,f3dd5a70-0c95-4b9e-bab9-4f320e0fbe35,Jose Dario Gallucci Requena,Oriente,238407,G13,12,2026,35.155,,0,17.58,True,False,ytd,0.5,cercana,186669,8.05
db649d01-b26c-426c-949c-42778505618c,Chaguaramitas,Chaparralito 2,f3dd5a70-0c95-4b9e-bab9-4f320e0fbe35,Jose Dario Gallucci Requena,Oriente,238407,G13,11,2026,98.24,,0,49.12,True,False,ytd,0.5,cercana,186669,8.05
db649d01-b26c-426c-949c-42778505618c,Chaguaramitas,Chaparralito 2,f3dd5a70-0c95-4b9e-bab9-4f320e0fbe35,Jose Dario Gallucci Requena,Oriente,238407,G13,10,2026,91.54,,0,45.77,True,False,ytd,0.5,cercana,186669,8.05
db649d01-b26c-426c-949c-42778505618c,Chaguaramitas,Chaparralito 2,f3dd5a70-0c95-4b9e-bab9-4f320e0fbe35,Jose Dario Gallucci Requena,Oriente,238407,G13,9,2026,142.025,,0,71.01,True,False,ytd,0.5,cercana,186669,8.05
db649d01-b26c-426c-949c-42778505618c,Chaguaramitas,Chaparralito 2,f3dd5a70-0c95-4b9e-bab9-4f320e0fbe35,Jose Dario Gallucci Requena,Oriente,238407,G13,8,2026,192.175,0,2,96.09,True,True,ytd,0.5,cercana,186669,8.05
db649d01-b26c-426c-949c-42778505618c,Chaguaramitas,Chaparralito 2,f3dd5a70-0c95-4b9e-bab9-4f320e0fbe35,Jose Dario Gallucci Requena,Oriente,238407,G13,7,2026,331.25,111.4,28,111.4,False,False,ytd,0.5,cercana,186669,8.05
db649d01-b26c-426c-949c-42778505618c,Chaguaramitas,Chaparralito 2,f3dd5a70-0c95-4b9e-bab9-4f320e0fbe35,Jose Dario Gallucci Requena,Oriente,238407,G13,6,2026,278.755,193.6,30,193.6,False,False,ytd,0.5,cercana,186669,8.05
db649d01-b26c-426c-949c-42778505618c,Chaguaramitas,Chaparralito 2,f3dd5a70-0c95-4b9e-bab9-4f320e0fbe35,Jose Dario Gallucci Requena,Oriente,238407,G13,5,2026,261.76,44.6,4,130.88,True,True,ytd,0.5,cercana,186669,8.05
db649d01-b26c-426c-949c-42778505618c,Chaguaramitas,Chaparralito 2,f3dd5a70-0c95-4b9e-bab9-4f320e0fbe35,Jose Dario Gallucci Requena,Oriente,238407,G13,4,2026,20.82,,0,10.41,True,False,ytd,0.5,cercana,186669,8.05
db649d01-b26c-426c-949c-42778505618c,Chaguaramitas,Chaparralito 2,f3dd5a70-0c95-4b9e-bab9-4f320e0fbe35,Jose Dario Gallucci Requena,Oriente,238407,G13,3,2026,0,,0,0,True,False,ytd,0.5,cercana,186669,8.05
db649d01-b26c-426c-949c-42778505618c,Chaguaramitas,Chaparralito 2,f3dd5a70-0c95-4b9e-bab9-4f320e0fbe35,Jose Dario Gallucci Requena,Oriente,238407,G13,2,2026,0,,0,0,True,False,ytd,0.5,cercana,186669,8.05
db649d01-b26c-426c-949c-42778505618c,Chaguaramitas,Chaparralito 2,f3dd5a70-0c95-4b9e-bab9-4f320e0fbe35,Jose Dario Gallucci Requena,Oriente,238407,G13,1,2026,69.3,,0,34.65,True,False,ytd,0.5,cercana,186669,8.05
d8629f36-aa18-4262-8b44-624c1b361f33,Chaguaramitas,El Olivo 1,f3dd5a70-0c95-4b9e-bab9-4f320e0fbe35,Jose Dario Gallucci Requena,Oriente,238407,G13,12,2026,35.155,,0,17.58,True,False,ytd,0.5,cercana,186669,8.05
d8629f36-aa18-4262-8b44-624c1b361f33,Chaguaramitas,El Olivo 1,f3dd5a70-0c95-4b9e-bab9-4f320e0fbe35,Jose Dario Gallucci Requena,Oriente,238407,G13,11,2026,98.24,,0,49.12,True,False,ytd,0.5,cercana,186669,8.05
d8629f36-aa18-4262-8b44-624c1b361f33,Chaguaramitas,El Olivo 1,f3dd5a70-0c95-4b9e-bab9-4f320e0fbe35,Jose Dario Gallucci Requena,Oriente,238407,G13,10,2026,91.54,,0,45.77,True,False,ytd,0.5,cercana,186669,8.05
d8629f36-aa18-4262-8b44-624c1b361f33,Chaguaramitas,El Olivo 1,f3dd5a70-0c95-4b9e-bab9-4f320e0fbe35,Jose Dario Gallucci Requena,Oriente,238407,G13,9,2026,142.025,,0,71.01,True,False,ytd,0.5,cercana,186669,8.05
d8629f36-aa18-4262-8b44-624c1b361f33,Chaguaramitas,El Olivo 1,f3dd5a70-0c95-4b9e-bab9-4f320e0fbe35,Jose Dario Gallucci Requena,Oriente,238407,G13,8,2026,192.175,0,2,96.09,True,True,ytd,0.5,cercana,186669,8.05
d8629f36-aa18-4262-8b44-624c1b361f33,Chaguaramitas,El Olivo 1,f3dd5a70-0c95-4b9e-bab9-4f320e0fbe35,Jose Dario Gallucci Requena,Oriente,238407,G13,7,2026,331.25,111.4,28,111.4,False,False,ytd,0.5,cercana,186669,8.05
d8629f36-aa18-4262-8b44-624c1b361f33,Chaguaramitas,El Olivo 1,f3dd5a70-0c95-4b9e-bab9-4f320e0fbe35,Jose Dario Gallucci Requena,Oriente,238407,G13,6,2026,278.755,193.6,30,193.6,False,False,ytd,0.5,cercana,186669,8.05
d8629f36-aa18-4262-8b44-624c1b361f33,Chaguaramitas,El Olivo 1,f3dd5a70-0c95-4b9e-bab9-4f320e0fbe35,Jose Dario Gallucci Requena,Oriente,238407,G13,5,2026,261.76,44.6,4,130.88,True,True,ytd,0.5,cercana,186669,8.05
d8629f36-aa18-4262-8b44-624c1b361f33,Chaguaramitas,El Olivo 1,f3dd5a70-0c95-4b9e-bab9-4f320e0fbe35,Jose Dario Gallucci Requena,Oriente,238407,G13,4,2026,20.82,,0,10.41,True,False,ytd,0.5,cercana,186669,8.05
d8629f36-aa18-4262-8b44-624c1b361f33,Chaguaramitas,El Olivo 1,f3dd5a70-0c95-4b9e-bab9-4f320e0fbe35,Jose Dario Gallucci Requena,Oriente,238407,G13,3,2026,0,,0,0,True,False,ytd,0.5,cercana,186669,8.05
d8629f36-aa18-4262-8b44-624c1b361f33,Chaguaramitas,El Olivo 1,f3dd5a70-0c95-4b9e-bab9-4f320e0fbe35,Jose Dario Gallucci Requena,Oriente,238407,G13,2,2026,0,,0,0,True,False,ytd,0.5,cercana,186669,8.05
d8629f36-aa18-4262-8b44-624c1b361f33,Chaguaramitas,El Olivo 1,f3dd5a70-0c95-4b9e-bab9-4f320e0fbe35,Jose Dario Gallucci Requena,Oriente,238407,G13,1,2026,69.3,,0,34.65,True,False,ytd,0.5,cercana,186669,8.05
9533c594-4333-4857-8060-48711fde7804,Chaguaramitas,El Olivo 2,f3dd5a70-0c95-4b9e-bab9-4f320e0fbe35,Jose Dario Gallucci Requena,Oriente,238407,G13,12,2026,35.155,,0,17.58,True,False,ytd,0.5,cercana,186669,8.05
9533c594-4333-4857-8060-48711fde7804,Chaguaramitas,El Olivo 2,f3dd5a70-0c95-4b9e-bab9-4f320e0fbe35,Jose Dario Gallucci Requena,Oriente,238407,G13,11,2026,98.24,,0,49.12,True,False,ytd,0.5,cercana,186669,8.05
9533c594-4333-4857-8060-48711fde7804,Chaguaramitas,El Olivo 2,f3dd5a70-0c95-4b9e-bab9-4f320e0fbe35,Jose Dario Gallucci Requena,Oriente,238407,G13,10,2026,91.54,,0,45.77,True,False,ytd,0.5,cercana,186669,8.05
9533c594-4333-4857-8060-48711fde7804,Chaguaramitas,El Olivo 2,f3dd5a70-0c95-4b9e-bab9-4f320e0fbe35,Jose Dario Gallucci Requena,Oriente,238407,G13,9,2026,142.025,,0,71.01,True,False,ytd,0.5,cercana,186669,8.05
9533c594-4333-4857-8060-48711fde7804,Chaguaramitas,El Olivo 2,f3dd5a70-0c95-4b9e-bab9-4f320e0fbe35,Jose Dario Gallucci Requena,Oriente,238407,G13,8,2026,192.175,0,2,96.09,True,True,ytd,0.5,cercana,186669,8.05
9533c594-4333-4857-8060-48711fde7804,Chaguaramitas,El Olivo 2,f3dd5a70-0c95-4b9e-bab9-4f320e0fbe35,Jose Dario Gallucci Requena,Oriente,238407,G13,7,2026,331.25,111.4,28,111.4,False,False,ytd,0.5,cercana,186669,8.05
9533c594-4333-4857-8060-48711fde7804,Chaguaramitas,El Olivo 2,f3dd5a70-0c95-4b9e-bab9-4f320e0fbe35,Jose Dario Gallucci Requena,Oriente,238407,G13,6,2026,278.755,193.6,30,193.6,False,False,ytd,0.5,cercana,186669,8.05
9533c594-4333-4857-8060-48711fde7804,Chaguaramitas,El Olivo 2,f3dd5a70-0c95-4b9e-bab9-4f320e0fbe35,Jose Dario Gallucci Requena,Oriente,238407,G13,5,2026,261.76,44.6,4,130.88,True,True,ytd,0.5,cercana,186669,8.05
9533c594-4333-4857-8060-48711fde7804,Chaguaramitas,El Olivo 2,f3dd5a70-0c95-4b9e-bab9-4f320e0fbe35,Jose Dario Gallucci Requena,Oriente,238407,G13,4,2026,20.82,,0,10.41,True,False,ytd,0.5,cercana,186669,8.05
9533c594-4333-4857-8060-48711fde7804,Chaguaramitas,El Olivo 2,f3dd5a70-0c95-4b9e-bab9-4f320e0fbe35,Jose Dario Gallucci Requena,Oriente,238407,G13,3,2026,0,,0,0,True,False,ytd,0.5,cercana,186669,8.05
9533c594-4333-4857-8060-48711fde7804,Chaguaramitas,El Olivo 2,f3dd5a70-0c95-4b9e-bab9-4f320e0fbe35,Jose Dario Gallucci Requena,Oriente,238407,G13,2,2026,0,,0,0,True,False,ytd,0.5,cercana,186669,8.05
9533c594-4333-4857-8060-48711fde7804,Chaguaramitas,El Olivo 2,f3dd5a70-0c95-4b9e-bab9-4f320e0fbe35,Jose Dario Gallucci Requena,Oriente,238407,G13,1,2026,69.3,,0,34.65,True,False,ytd,0.5,cercana,186669,8.05
4b0c8bea-4423-4c64-a18a-9d78860bc3be,Chaguaramitas,El Trapiche,f3dd5a70-0c95-4b9e-bab9-4f320e0fbe35,Jose Dario Gallucci Requena,Oriente,238407,G13,12,2026,35.155,,0,17.58,True,False,ytd,0.5,cercana,186669,8.05
4b0c8bea-4423-4c64-a18a-9d78860bc3be,Chaguaramitas,El Trapiche,f3dd5a70-0c95-4b9e-bab9-4f320e0fbe35,Jose Dario Gallucci Requena,Oriente,238407,G13,11,2026,98.24,,0,49.12,True,False,ytd,0.5,cercana,186669,8.05
4b0c8bea-4423-4c64-a18a-9d78860bc3be,Chaguaramitas,El Trapiche,f3dd5a70-0c95-4b9e-bab9-4f320e0fbe35,Jose Dario Gallucci Requena,Oriente,238407,G13,10,2026,91.54,,0,45.77,True,False,ytd,0.5,cercana,186669,8.05
4b0c8bea-4423-4c64-a18a-9d78860bc3be,Chaguaramitas,El Trapiche,f3dd5a70-0c95-4b9e-bab9-4f320e0fbe35,Jose Dario Gallucci Requena,Oriente,238407,G13,9,2026,142.025,,0,71.01,True,False,ytd,0.5,cercana,186669,8.05
4b0c8bea-4423-4c64-a18a-9d78860bc3be,Chaguaramitas,El Trapiche,f3dd5a70-0c95-4b9e-bab9-4f320e0fbe35,Jose Dario Gallucci Requena,Oriente,238407,G13,8,2026,192.175,0,2,96.09,True,True,ytd,0.5,cercana,186669,8.05
4b0c8bea-4423-4c64-a18a-9d78860bc3be,Chaguaramitas,El Trapiche,f3dd5a70-0c95-4b9e-bab9-4f320e0fbe35,Jose Dario Gallucci Requena,Oriente,238407,G13,7,2026,331.25,111.4,28,111.4,False,False,ytd,0.5,cercana,186669,8.05
4b0c8bea-4423-4c64-a18a-9d78860bc3be,Chaguaramitas,El Trapiche,f3dd5a70-0c95-4b9e-bab9-4f320e0fbe35,Jose Dario Gallucci Requena,Oriente,238407,G13,6,2026,278.755,193.6,30,193.6,False,False,ytd,0.5,cercana,186669,8.05
4b0c8bea-4423-4c64-a18a-9d78860bc3be,Chaguaramitas,El Trapiche,f3dd5a70-0c95-4b9e-bab9-4f320e0fbe35,Jose Dario Gallucci Requena,Oriente,238407,G13,5,2026,261.76,44.6,4,130.88,True,True,ytd,0.5,cercana,186669,8.05
4b0c8bea-4423-4c64-a18a-9d78860bc3be,Chaguaramitas,El Trapiche,f3dd5a70-0c95-4b9e-bab9-4f320e0fbe35,Jose Dario Gallucci Requena,Oriente,238407,G13,4,2026,20.82,,0,10.41,True,False,ytd,0.5,cercana,186669,8.05
4b0c8bea-4423-4c64-a18a-9d78860bc3be,Chaguaramitas,El Trapiche,f3dd5a70-0c95-4b9e-bab9-4f320e0fbe35,Jose Dario Gallucci Requena,Oriente,238407,G13,3,2026,0,,0,0,True,False,ytd,0.5,cercana,186669,8.05
4b0c8bea-4423-4c64-a18a-9d78860bc3be,Chaguaramitas,El Trapiche,f3dd5a70-0c95-4b9e-bab9-4f320e0fbe35,Jose Dario Gallucci Requena,Oriente,238407,G13,2,2026,0,,0,0,True,False,ytd,0.5,cercana,186669,8.05
4b0c8bea-4423-4c64-a18a-9d78860bc3be,Chaguaramitas,El Trapiche,f3dd5a70-0c95-4b9e-bab9-4f320e0fbe35,Jose Dario Gallucci Requena,Oriente,238407,G13,1,2026,69.3,,0,34.65,True,False,ytd,0.5,cercana,186669,8.05
3b128bd0-8987-4816-8213-88e62b0963e1,Chaguaramitas,La Aguadita,f3dd5a70-0c95-4b9e-bab9-4f320e0fbe35,Jose Dario Gallucci Requena,Oriente,238407,G13,12,2026,35.155,,0,17.58,True,False,ytd,0.5,cercana,186669,8.05
3b128bd0-8987-4816-8213-88e62b0963e1,Chaguaramitas,La Aguadita,f3dd5a70-0c95-4b9e-bab9-4f320e0fbe35,Jose Dario Gallucci Requena,Oriente,238407,G13,11,2026,98.24,,0,49.12,True,False,ytd,0.5,cercana,186669,8.05
3b128bd0-8987-4816-8213-88e62b0963e1,Chaguaramitas,La Aguadita,f3dd5a70-0c95-4b9e-bab9-4f320e0fbe35,Jose Dario Gallucci Requena,Oriente,238407,G13,10,2026,91.54,,0,45.77,True,False,ytd,0.5,cercana,186669,8.05
3b128bd0-8987-4816-8213-88e62b0963e1,Chaguaramitas,La Aguadita,f3dd5a70-0c95-4b9e-bab9-4f320e0fbe35,Jose Dario Gallucci Requena,Oriente,238407,G13,9,2026,142.025,,0,71.01,True,False,ytd,0.5,cercana,186669,8.05
3b128bd0-8987-4816-8213-88e62b0963e1,Chaguaramitas,La Aguadita,f3dd5a70-0c95-4b9e-bab9-4f320e0fbe35,Jose Dario Gallucci Requena,Oriente,238407,G13,8,2026,192.175,0,2,96.09,True,True,ytd,0.5,cercana,186669,8.05
3b128bd0-8987-4816-8213-88e62b0963e1,Chaguaramitas,La Aguadita,f3dd5a70-0c95-4b9e-bab9-4f320e0fbe35,Jose Dario Gallucci Requena,Oriente,238407,G13,7,2026,331.25,111.4,28,111.4,False,False,ytd,0.5,cercana,186669,8.05
3b128bd0-8987-4816-8213-88e62b0963e1,Chaguaramitas,La Aguadita,f3dd5a70-0c95-4b9e-bab9-4f320e0fbe35,Jose Dario Gallucci Requena,Oriente,238407,G13,6,2026,278.755,193.6,30,193.6,False,False,ytd,0.5,cercana,186669,8.05
3b128bd0-8987-4816-8213-88e62b0963e1,Chaguaramitas,La Aguadita,f3dd5a70-0c95-4b9e-bab9-4f320e0fbe35,Jose Dario Gallucci Requena,Oriente,238407,G13,5,2026,261.76,44.6,4,130.88,True,True,ytd,0.5,cercana,186669,8.05
3b128bd0-8987-4816-8213-88e62b0963e1,Chaguaramitas,La Aguadita,f3dd5a70-0c95-4b9e-bab9-4f320e0fbe35,Jose Dario Gallucci Requena,Oriente,238407,G13,4,2026,20.82,,0,10.41,True,False,ytd,0.5,cercana,186669,8.05
3b128bd0-8987-4816-8213-88e62b0963e1,Chaguaramitas,La Aguadita,f3dd5a70-0c95-4b9e-bab9-4f320e0fbe35,Jose Dario Gallucci Requena,Oriente,238407,G13,3,2026,0,,0,0,True,False,ytd,0.5,cercana,186669,8.05
3b128bd0-8987-4816-8213-88e62b0963e1,Chaguaramitas,La Aguadita,f3dd5a70-0c95-4b9e-bab9-4f320e0fbe35,Jose Dario Gallucci Requena,Oriente,238407,G13,2,2026,0,,0,0,True,False,ytd,0.5,cercana,186669,8.05
3b128bd0-8987-4816-8213-88e62b0963e1,Chaguaramitas,La Aguadita,f3dd5a70-0c95-4b9e-bab9-4f320e0fbe35,Jose Dario Gallucci Requena,Oriente,238407,G13,1,2026,69.3,,0,34.65,True,False,ytd,0.5,cercana,186669,8.05
474e4c6f-8da2-44c7-8e46-d8a66321907a,Chaguaramitas,Loma de Piedra,f3dd5a70-0c95-4b9e-bab9-4f320e0fbe35,Jose Dario Gallucci Requena,Oriente,238407,G13,12,2026,35.155,,0,17.58,True,False,ytd,0.5,cercana,186669,8.05
474e4c6f-8da2-44c7-8e46-d8a66321907a,Chaguaramitas,Loma de Piedra,f3dd5a70-0c95-4b9e-bab9-4f320e0fbe35,Jose Dario Gallucci Requena,Oriente,238407,G13,11,2026,98.24,,0,49.12,True,False,ytd,0.5,cercana,186669,8.05
474e4c6f-8da2-44c7-8e46-d8a66321907a,Chaguaramitas,Loma de Piedra,f3dd5a70-0c95-4b9e-bab9-4f320e0fbe35,Jose Dario Gallucci Requena,Oriente,238407,G13,10,2026,91.54,,0,45.77,True,False,ytd,0.5,cercana,186669,8.05
474e4c6f-8da2-44c7-8e46-d8a66321907a,Chaguaramitas,Loma de Piedra,f3dd5a70-0c95-4b9e-bab9-4f320e0fbe35,Jose Dario Gallucci Requena,Oriente,238407,G13,9,2026,142.025,,0,71.01,True,False,ytd,0.5,cercana,186669,8.05
474e4c6f-8da2-44c7-8e46-d8a66321907a,Chaguaramitas,Loma de Piedra,f3dd5a70-0c95-4b9e-bab9-4f320e0fbe35,Jose Dario Gallucci Requena,Oriente,238407,G13,8,2026,192.175,0,2,96.09,True,True,ytd,0.5,cercana,186669,8.05
474e4c6f-8da2-44c7-8e46-d8a66321907a,Chaguaramitas,Loma de Piedra,f3dd5a70-0c95-4b9e-bab9-4f320e0fbe35,Jose Dario Gallucci Requena,Oriente,238407,G13,7,2026,331.25,111.4,28,111.4,False,False,ytd,0.5,cercana,186669,8.05
474e4c6f-8da2-44c7-8e46-d8a66321907a,Chaguaramitas,Loma de Piedra,f3dd5a70-0c95-4b9e-bab9-4f320e0fbe35,Jose Dario Gallucci Requena,Oriente,238407,G13,6,2026,278.755,193.6,30,193.6,False,False,ytd,0.5,cercana,186669,8.05
474e4c6f-8da2-44c7-8e46-d8a66321907a,Chaguaramitas,Loma de Piedra,f3dd5a70-0c95-4b9e-bab9-4f320e0fbe35,Jose Dario Gallucci Requena,Oriente,238407,G13,5,2026,261.76,44.6,4,130.88,True,True,ytd,0.5,cercana,186669,8.05
474e4c6f-8da2-44c7-8e46-d8a66321907a,Chaguaramitas,Loma de Piedra,f3dd5a70-0c95-4b9e-bab9-4f320e0fbe35,Jose Dario Gallucci Requena,Oriente,238407,G13,4,2026,20.82,,0,10.41,True,False,ytd,0.5,cercana,186669,8.05
474e4c6f-8da2-44c7-8e46-d8a66321907a,Chaguaramitas,Loma de Piedra,f3dd5a70-0c95-4b9e-bab9-4f320e0fbe35,Jose Dario Gallucci Requena,Oriente,238407,G13,3,2026,0,,0,0,True,False,ytd,0.5,cercana,186669,8.05
474e4c6f-8da2-44c7-8e46-d8a66321907a,Chaguaramitas,Loma de Piedra,f3dd5a70-0c95-4b9e-bab9-4f320e0fbe35,Jose Dario Gallucci Requena,Oriente,238407,G13,2,2026,0,,0,0,True,False,ytd,0.5,cercana,186669,8.05
474e4c6f-8da2-44c7-8e46-d8a66321907a,Chaguaramitas,Loma de Piedra,f3dd5a70-0c95-4b9e-bab9-4f320e0fbe35,Jose Dario Gallucci Requena,Oriente,238407,G13,1,2026,69.3,,0,34.65,True,False,ytd,0.5,cercana,186669,8.05
d44de1dc-7867-4f9e-a1e7-788f92376293,Chaguaramitas,Los Toros 1,f3dd5a70-0c95-4b9e-bab9-4f320e0fbe35,Jose Dario Gallucci Requena,Oriente,238407,G13,12,2026,35.155,,0,17.58,True,False,ytd,0.5,cercana,186669,8.05
d44de1dc-7867-4f9e-a1e7-788f92376293,Chaguaramitas,Los Toros 1,f3dd5a70-0c95-4b9e-bab9-4f320e0fbe35,Jose Dario Gallucci Requena,Oriente,238407,G13,11,2026,98.24,,0,49.12,True,False,ytd,0.5,cercana,186669,8.05
d44de1dc-7867-4f9e-a1e7-788f92376293,Chaguaramitas,Los Toros 1,f3dd5a70-0c95-4b9e-bab9-4f320e0fbe35,Jose Dario Gallucci Requena,Oriente,238407,G13,10,2026,91.54,,0,45.77,True,False,ytd,0.5,cercana,186669,8.05
d44de1dc-7867-4f9e-a1e7-788f92376293,Chaguaramitas,Los Toros 1,f3dd5a70-0c95-4b9e-bab9-4f320e0fbe35,Jose Dario Gallucci Requena,Oriente,238407,G13,9,2026,142.025,,0,71.01,True,False,ytd,0.5,cercana,186669,8.05
d44de1dc-7867-4f9e-a1e7-788f92376293,Chaguaramitas,Los Toros 1,f3dd5a70-0c95-4b9e-bab9-4f320e0fbe35,Jose Dario Gallucci Requena,Oriente,238407,G13,8,2026,192.175,0,2,96.09,True,True,ytd,0.5,cercana,186669,8.05
d44de1dc-7867-4f9e-a1e7-788f92376293,Chaguaramitas,Los Toros 1,f3dd5a70-0c95-4b9e-bab9-4f320e0fbe35,Jose Dario Gallucci Requena,Oriente,238407,G13,7,2026,331.25,111.4,28,111.4,False,False,ytd,0.5,cercana,186669,8.05
d44de1dc-7867-4f9e-a1e7-788f92376293,Chaguaramitas,Los Toros 1,f3dd5a70-0c95-4b9e-bab9-4f320e0fbe35,Jose Dario Gallucci Requena,Oriente,238407,G13,6,2026,278.755,193.6,30,193.6,False,False,ytd,0.5,cercana,186669,8.05
d44de1dc-7867-4f9e-a1e7-788f92376293,Chaguaramitas,Los Toros 1,f3dd5a70-0c95-4b9e-bab9-4f320e0fbe35,Jose Dario Gallucci Requena,Oriente,238407,G13,5,2026,261.76,44.6,4,130.88,True,True,ytd,0.5,cercana,186669,8.05
d44de1dc-7867-4f9e-a1e7-788f92376293,Chaguaramitas,Los Toros 1,f3dd5a70-0c95-4b9e-bab9-4f320e0fbe35,Jose Dario Gallucci Requena,Oriente,238407,G13,4,2026,20.82,,0,10.41,True,False,ytd,0.5,cercana,186669,8.05
d44de1dc-7867-4f9e-a1e7-788f92376293,Chaguaramitas,Los Toros 1,f3dd5a70-0c95-4b9e-bab9-4f320e0fbe35,Jose Dario Gallucci Requena,Oriente,238407,G13,3,2026,0,,0,0,True,False,ytd,0.5,cercana,186669,8.05
d44de1dc-7867-4f9e-a1e7-788f92376293,Chaguaramitas,Los Toros 1,f3dd5a70-0c95-4b9e-bab9-4f320e0fbe35,Jose Dario Gallucci Requena,Oriente,238407,G13,2,2026,0,,0,0,True,False,ytd,0.5,cercana,186669,8.05
d44de1dc-7867-4f9e-a1e7-788f92376293,Chaguaramitas,Los Toros 1,f3dd5a70-0c95-4b9e-bab9-4f320e0fbe35,Jose Dario Gallucci Requena,Oriente,238407,G13,1,2026,69.3,,0,34.65,True,False,ytd,0.5,cercana,186669,8.05
db1ee136-0f1d-4ae8-b3e3-e1710c5f7ef4,Chaguaramitas,Los Toros 2,f3dd5a70-0c95-4b9e-bab9-4f320e0fbe35,Jose Dario Gallucci Requena,Oriente,238407,G13,12,2026,35.155,,0,17.58,True,False,ytd,0.5,cercana,186669,8.05
db1ee136-0f1d-4ae8-b3e3-e1710c5f7ef4,Chaguaramitas,Los Toros 2,f3dd5a70-0c95-4b9e-bab9-4f320e0fbe35,Jose Dario Gallucci Requena,Oriente,238407,G13,11,2026,98.24,,0,49.12,True,False,ytd,0.5,cercana,186669,8.05
db1ee136-0f1d-4ae8-b3e3-e1710c5f7ef4,Chaguaramitas,Los Toros 2,f3dd5a70-0c95-4b9e-bab9-4f320e0fbe35,Jose Dario Gallucci Requena,Oriente,238407,G13,10,2026,91.54,,0,45.77,True,False,ytd,0.5,cercana,186669,8.05
db1ee136-0f1d-4ae8-b3e3-e1710c5f7ef4,Chaguaramitas,Los Toros 2,f3dd5a70-0c95-4b9e-bab9-4f320e0fbe35,Jose Dario Gallucci Requena,Oriente,238407,G13,9,2026,142.025,,0,71.01,True,False,ytd,0.5,cercana,186669,8.05
db1ee136-0f1d-4ae8-b3e3-e1710c5f7ef4,Chaguaramitas,Los Toros 2,f3dd5a70-0c95-4b9e-bab9-4f320e0fbe35,Jose Dario Gallucci Requena,Oriente,238407,G13,8,2026,192.175,0,2,96.09,True,True,ytd,0.5,cercana,186669,8.05
db1ee136-0f1d-4ae8-b3e3-e1710c5f7ef4,Chaguaramitas,Los Toros 2,f3dd5a70-0c95-4b9e-bab9-4f320e0fbe35,Jose Dario Gallucci Requena,Oriente,238407,G13,7,2026,331.25,111.4,28,111.4,False,False,ytd,0.5,cercana,186669,8.05
db1ee136-0f1d-4ae8-b3e3-e1710c5f7ef4,Chaguaramitas,Los Toros 2,f3dd5a70-0c95-4b9e-bab9-4f320e0fbe35,Jose Dario Gallucci Requena,Oriente,238407,G13,6,2026,278.755,193.6,30,193.6,False,False,ytd,0.5,cercana,186669,8.05
db1ee136-0f1d-4ae8-b3e3-e1710c5f7ef4,Chaguaramitas,Los Toros 2,f3dd5a70-0c95-4b9e-bab9-4f320e0fbe35,Jose Dario Gallucci Requena,Oriente,238407,G13,5,2026,261.76,44.6,4,130.88,True,True,ytd,0.5,cercana,186669,8.05
db1ee136-0f1d-4ae8-b3e3-e1710c5f7ef4,Chaguaramitas,Los Toros 2,f3dd5a70-0c95-4b9e-bab9-4f320e0fbe35,Jose Dario Gallucci Requena,Oriente,238407,G13,4,2026,20.82,,0,10.41,True,False,ytd,0.5,cercana,186669,8.05
db1ee136-0f1d-4ae8-b3e3-e1710c5f7ef4,Chaguaramitas,Los Toros 2,f3dd5a70-0c95-4b9e-bab9-4f320e0fbe35,Jose Dario Gallucci Requena,Oriente,238407,G13,3,2026,0,,0,0,True,False,ytd,0.5,cercana,186669,8.05
db1ee136-0f1d-4ae8-b3e3-e1710c5f7ef4,Chaguaramitas,Los Toros 2,f3dd5a70-0c95-4b9e-bab9-4f320e0fbe35,Jose Dario Gallucci Requena,Oriente,238407,G13,2,2026,0,,0,0,True,False,ytd,0.5,cercana,186669,8.05
db1ee136-0f1d-4ae8-b3e3-e1710c5f7ef4,Chaguaramitas,Los Toros 2,f3dd5a70-0c95-4b9e-bab9-4f320e0fbe35,Jose Dario Gallucci Requena,Oriente,238407,G13,1,2026,69.3,,0,34.65,True,False,ytd,0.5,cercana,186669,8.05
b95a4ded-83d5-40b3-87bd-fbbbbb95664f,Don Fonti,Candilero,2099dcd4-d145-4008-a361-8bd69bfccf8a,Ezequiel Jose Fontiveros Briceño,Occidente,235225,P15,12,2026,34,,0,28.67,True,False,ytd,0.8433,cercana,213450,7.17
b95a4ded-83d5-40b3-87bd-fbbbbb95664f,Don Fonti,Candilero,2099dcd4-d145-4008-a361-8bd69bfccf8a,Ezequiel Jose Fontiveros Briceño,Occidente,235225,P15,11,2026,89,,0,75.06,True,False,ytd,0.8433,cercana,213450,7.17
b95a4ded-83d5-40b3-87bd-fbbbbb95664f,Don Fonti,Candilero,2099dcd4-d145-4008-a361-8bd69bfccf8a,Ezequiel Jose Fontiveros Briceño,Occidente,235225,P15,10,2026,128.6,,0,108.45,True,False,ytd,0.8433,cercana,213450,7.17
b95a4ded-83d5-40b3-87bd-fbbbbb95664f,Don Fonti,Candilero,2099dcd4-d145-4008-a361-8bd69bfccf8a,Ezequiel Jose Fontiveros Briceño,Occidente,235225,P15,9,2026,119,,0,100.36,True,False,ytd,0.8433,cercana,213450,7.17
b95a4ded-83d5-40b3-87bd-fbbbbb95664f,Don Fonti,Candilero,2099dcd4-d145-4008-a361-8bd69bfccf8a,Ezequiel Jose Fontiveros Briceño,Occidente,235225,P15,8,2026,195.4,0,2,164.79,True,True,ytd,0.8433,cercana,213450,7.17
b95a4ded-83d5-40b3-87bd-fbbbbb95664f,Don Fonti,Candilero,2099dcd4-d145-4008-a361-8bd69bfccf8a,Ezequiel Jose Fontiveros Briceño,Occidente,235225,P15,7,2026,208.2,311.2,31,311.2,False,False,ytd,0.8433,cercana,213450,7.17
b95a4ded-83d5-40b3-87bd-fbbbbb95664f,Don Fonti,Candilero,2099dcd4-d145-4008-a361-8bd69bfccf8a,Ezequiel Jose Fontiveros Briceño,Occidente,235225,P15,6,2026,472.2,262.6,30,262.6,False,False,ytd,0.8433,cercana,213450,7.17
b95a4ded-83d5-40b3-87bd-fbbbbb95664f,Don Fonti,Candilero,2099dcd4-d145-4008-a361-8bd69bfccf8a,Ezequiel Jose Fontiveros Briceño,Occidente,235225,P15,5,2026,,42.8,6,0,True,True,ytd,0.8433,cercana,213450,7.17
b95a4ded-83d5-40b3-87bd-fbbbbb95664f,Don Fonti,Candilero,2099dcd4-d145-4008-a361-8bd69bfccf8a,Ezequiel Jose Fontiveros Briceño,Occidente,235225,P15,4,2026,,,0,0,True,False,ytd,0.8433,cercana,213450,7.17
b95a4ded-83d5-40b3-87bd-fbbbbb95664f,Don Fonti,Candilero,2099dcd4-d145-4008-a361-8bd69bfccf8a,Ezequiel Jose Fontiveros Briceño,Occidente,235225,P15,3,2026,,,0,0,True,False,ytd,0.8433,cercana,213450,7.17
b95a4ded-83d5-40b3-87bd-fbbbbb95664f,Don Fonti,Candilero,2099dcd4-d145-4008-a361-8bd69bfccf8a,Ezequiel Jose Fontiveros Briceño,Occidente,235225,P15,2,2026,,,0,0,True,False,ytd,0.8433,cercana,213450,7.17
b95a4ded-83d5-40b3-87bd-fbbbbb95664f,Don Fonti,Candilero,2099dcd4-d145-4008-a361-8bd69bfccf8a,Ezequiel Jose Fontiveros Briceño,Occidente,235225,P15,1,2026,,,0,0,True,False,ytd,0.8433,cercana,213450,7.17
29a2511b-4eb0-4216-ab97-01001579fb64,Don Fonti,Candirosa - Mango A,2099dcd4-d145-4008-a361-8bd69bfccf8a,Ezequiel Jose Fontiveros Briceño,Occidente,235225,P15,12,2026,34,,0,28.67,True,False,ytd,0.8433,cercana,213450,7.17
29a2511b-4eb0-4216-ab97-01001579fb64,Don Fonti,Candirosa - Mango A,2099dcd4-d145-4008-a361-8bd69bfccf8a,Ezequiel Jose Fontiveros Briceño,Occidente,235225,P15,11,2026,89,,0,75.06,True,False,ytd,0.8433,cercana,213450,7.17
29a2511b-4eb0-4216-ab97-01001579fb64,Don Fonti,Candirosa - Mango A,2099dcd4-d145-4008-a361-8bd69bfccf8a,Ezequiel Jose Fontiveros Briceño,Occidente,235225,P15,10,2026,128.6,,0,108.45,True,False,ytd,0.8433,cercana,213450,7.17
29a2511b-4eb0-4216-ab97-01001579fb64,Don Fonti,Candirosa - Mango A,2099dcd4-d145-4008-a361-8bd69bfccf8a,Ezequiel Jose Fontiveros Briceño,Occidente,235225,P15,9,2026,119,,0,100.36,True,False,ytd,0.8433,cercana,213450,7.17
29a2511b-4eb0-4216-ab97-01001579fb64,Don Fonti,Candirosa - Mango A,2099dcd4-d145-4008-a361-8bd69bfccf8a,Ezequiel Jose Fontiveros Briceño,Occidente,235225,P15,8,2026,195.4,0,2,164.79,True,True,ytd,0.8433,cercana,213450,7.17
29a2511b-4eb0-4216-ab97-01001579fb64,Don Fonti,Candirosa - Mango A,2099dcd4-d145-4008-a361-8bd69bfccf8a,Ezequiel Jose Fontiveros Briceño,Occidente,235225,P15,7,2026,208.2,311.2,31,311.2,False,False,ytd,0.8433,cercana,213450,7.17
29a2511b-4eb0-4216-ab97-01001579fb64,Don Fonti,Candirosa - Mango A,2099dcd4-d145-4008-a361-8bd69bfccf8a,Ezequiel Jose Fontiveros Briceño,Occidente,235225,P15,6,2026,472.2,262.6,30,262.6,False,False,ytd,0.8433,cercana,213450,7.17
29a2511b-4eb0-4216-ab97-01001579fb64,Don Fonti,Candirosa - Mango A,2099dcd4-d145-4008-a361-8bd69bfccf8a,Ezequiel Jose Fontiveros Briceño,Occidente,235225,P15,5,2026,,42.8,6,0,True,True,ytd,0.8433,cercana,213450,7.17
29a2511b-4eb0-4216-ab97-01001579fb64,Don Fonti,Candirosa - Mango A,2099dcd4-d145-4008-a361-8bd69bfccf8a,Ezequiel Jose Fontiveros Briceño,Occidente,235225,P15,4,2026,,,0,0,True,False,ytd,0.8433,cercana,213450,7.17
29a2511b-4eb0-4216-ab97-01001579fb64,Don Fonti,Candirosa - Mango A,2099dcd4-d145-4008-a361-8bd69bfccf8a,Ezequiel Jose Fontiveros Briceño,Occidente,235225,P15,3,2026,,,0,0,True,False,ytd,0.8433,cercana,213450,7.17
29a2511b-4eb0-4216-ab97-01001579fb64,Don Fonti,Candirosa - Mango A,2099dcd4-d145-4008-a361-8bd69bfccf8a,Ezequiel Jose Fontiveros Briceño,Occidente,235225,P15,2,2026,,,0,0,True,False,ytd,0.8433,cercana,213450,7.17
29a2511b-4eb0-4216-ab97-01001579fb64,Don Fonti,Candirosa - Mango A,2099dcd4-d145-4008-a361-8bd69bfccf8a,Ezequiel Jose Fontiveros Briceño,Occidente,235225,P15,1,2026,,,0,0,True,False,ytd,0.8433,cercana,213450,7.17
a6a74564-bac7-467d-95f7-46ae0fffb356,Don Fonti,Candirosa - Mango B,2099dcd4-d145-4008-a361-8bd69bfccf8a,Ezequiel Jose Fontiveros Briceño,Occidente,235225,P15,12,2026,34,,0,28.67,True,False,ytd,0.8433,cercana,213450,7.17
a6a74564-bac7-467d-95f7-46ae0fffb356,Don Fonti,Candirosa - Mango B,2099dcd4-d145-4008-a361-8bd69bfccf8a,Ezequiel Jose Fontiveros Briceño,Occidente,235225,P15,11,2026,89,,0,75.06,True,False,ytd,0.8433,cercana,213450,7.17
a6a74564-bac7-467d-95f7-46ae0fffb356,Don Fonti,Candirosa - Mango B,2099dcd4-d145-4008-a361-8bd69bfccf8a,Ezequiel Jose Fontiveros Briceño,Occidente,235225,P15,10,2026,128.6,,0,108.45,True,False,ytd,0.8433,cercana,213450,7.17
a6a74564-bac7-467d-95f7-46ae0fffb356,Don Fonti,Candirosa - Mango B,2099dcd4-d145-4008-a361-8bd69bfccf8a,Ezequiel Jose Fontiveros Briceño,Occidente,235225,P15,9,2026,119,,0,100.36,True,False,ytd,0.8433,cercana,213450,7.17
a6a74564-bac7-467d-95f7-46ae0fffb356,Don Fonti,Candirosa - Mango B,2099dcd4-d145-4008-a361-8bd69bfccf8a,Ezequiel Jose Fontiveros Briceño,Occidente,235225,P15,8,2026,195.4,0,2,164.79,True,True,ytd,0.8433,cercana,213450,7.17
a6a74564-bac7-467d-95f7-46ae0fffb356,Don Fonti,Candirosa - Mango B,2099dcd4-d145-4008-a361-8bd69bfccf8a,Ezequiel Jose Fontiveros Briceño,Occidente,235225,P15,7,2026,208.2,311.2,31,311.2,False,False,ytd,0.8433,cercana,213450,7.17
a6a74564-bac7-467d-95f7-46ae0fffb356,Don Fonti,Candirosa - Mango B,2099dcd4-d145-4008-a361-8bd69bfccf8a,Ezequiel Jose Fontiveros Briceño,Occidente,235225,P15,6,2026,472.2,262.6,30,262.6,False,False,ytd,0.8433,cercana,213450,7.17
a6a74564-bac7-467d-95f7-46ae0fffb356,Don Fonti,Candirosa - Mango B,2099dcd4-d145-4008-a361-8bd69bfccf8a,Ezequiel Jose Fontiveros Briceño,Occidente,235225,P15,5,2026,,42.8,6,0,True,True,ytd,0.8433,cercana,213450,7.17
a6a74564-bac7-467d-95f7-46ae0fffb356,Don Fonti,Candirosa - Mango B,2099dcd4-d145-4008-a361-8bd69bfccf8a,Ezequiel Jose Fontiveros Briceño,Occidente,235225,P15,4,2026,,,0,0,True,False,ytd,0.8433,cercana,213450,7.17
a6a74564-bac7-467d-95f7-46ae0fffb356,Don Fonti,Candirosa - Mango B,2099dcd4-d145-4008-a361-8bd69bfccf8a,Ezequiel Jose Fontiveros Briceño,Occidente,235225,P15,3,2026,,,0,0,True,False,ytd,0.8433,cercana,213450,7.17
a6a74564-bac7-467d-95f7-46ae0fffb356,Don Fonti,Candirosa - Mango B,2099dcd4-d145-4008-a361-8bd69bfccf8a,Ezequiel Jose Fontiveros Briceño,Occidente,235225,P15,2,2026,,,0,0,True,False,ytd,0.8433,cercana,213450,7.17
a6a74564-bac7-467d-95f7-46ae0fffb356,Don Fonti,Candirosa - Mango B,2099dcd4-d145-4008-a361-8bd69bfccf8a,Ezequiel Jose Fontiveros Briceño,Occidente,235225,P15,1,2026,,,0,0,True,False,ytd,0.8433,cercana,213450,7.17
c0492162-4a3b-40ec-8575-35e20b79e20c,Don Fonti,El Drago,2099dcd4-d145-4008-a361-8bd69bfccf8a,Ezequiel Jose Fontiveros Briceño,Occidente,235225,P15,12,2026,34,,0,28.67,True,False,ytd,0.8433,cercana,213450,7.17
c0492162-4a3b-40ec-8575-35e20b79e20c,Don Fonti,El Drago,2099dcd4-d145-4008-a361-8bd69bfccf8a,Ezequiel Jose Fontiveros Briceño,Occidente,235225,P15,11,2026,89,,0,75.06,True,False,ytd,0.8433,cercana,213450,7.17
c0492162-4a3b-40ec-8575-35e20b79e20c,Don Fonti,El Drago,2099dcd4-d145-4008-a361-8bd69bfccf8a,Ezequiel Jose Fontiveros Briceño,Occidente,235225,P15,10,2026,128.6,,0,108.45,True,False,ytd,0.8433,cercana,213450,7.17
c0492162-4a3b-40ec-8575-35e20b79e20c,Don Fonti,El Drago,2099dcd4-d145-4008-a361-8bd69bfccf8a,Ezequiel Jose Fontiveros Briceño,Occidente,235225,P15,9,2026,119,,0,100.36,True,False,ytd,0.8433,cercana,213450,7.17
c0492162-4a3b-40ec-8575-35e20b79e20c,Don Fonti,El Drago,2099dcd4-d145-4008-a361-8bd69bfccf8a,Ezequiel Jose Fontiveros Briceño,Occidente,235225,P15,8,2026,195.4,0,2,164.79,True,True,ytd,0.8433,cercana,213450,7.17
c0492162-4a3b-40ec-8575-35e20b79e20c,Don Fonti,El Drago,2099dcd4-d145-4008-a361-8bd69bfccf8a,Ezequiel Jose Fontiveros Briceño,Occidente,235225,P15,7,2026,208.2,311.2,31,311.2,False,False,ytd,0.8433,cercana,213450,7.17
c0492162-4a3b-40ec-8575-35e20b79e20c,Don Fonti,El Drago,2099dcd4-d145-4008-a361-8bd69bfccf8a,Ezequiel Jose Fontiveros Briceño,Occidente,235225,P15,6,2026,472.2,262.6,30,262.6,False,False,ytd,0.8433,cercana,213450,7.17
c0492162-4a3b-40ec-8575-35e20b79e20c,Don Fonti,El Drago,2099dcd4-d145-4008-a361-8bd69bfccf8a,Ezequiel Jose Fontiveros Briceño,Occidente,235225,P15,5,2026,,42.8,6,0,True,True,ytd,0.8433,cercana,213450,7.17
c0492162-4a3b-40ec-8575-35e20b79e20c,Don Fonti,El Drago,2099dcd4-d145-4008-a361-8bd69bfccf8a,Ezequiel Jose Fontiveros Briceño,Occidente,235225,P15,4,2026,,,0,0,True,False,ytd,0.8433,cercana,213450,7.17
c0492162-4a3b-40ec-8575-35e20b79e20c,Don Fonti,El Drago,2099dcd4-d145-4008-a361-8bd69bfccf8a,Ezequiel Jose Fontiveros Briceño,Occidente,235225,P15,3,2026,,,0,0,True,False,ytd,0.8433,cercana,213450,7.17
c0492162-4a3b-40ec-8575-35e20b79e20c,Don Fonti,El Drago,2099dcd4-d145-4008-a361-8bd69bfccf8a,Ezequiel Jose Fontiveros Briceño,Occidente,235225,P15,2,2026,,,0,0,True,False,ytd,0.8433,cercana,213450,7.17
c0492162-4a3b-40ec-8575-35e20b79e20c,Don Fonti,El Drago,2099dcd4-d145-4008-a361-8bd69bfccf8a,Ezequiel Jose Fontiveros Briceño,Occidente,235225,P15,1,2026,,,0,0,True,False,ytd,0.8433,cercana,213450,7.17
a8fb7aa0-51ab-4677-a1b4-4719108c8790,Don Fonti,El Mamon,2099dcd4-d145-4008-a361-8bd69bfccf8a,Ezequiel Jose Fontiveros Briceño,Occidente,235225,P15,12,2026,34,,0,28.67,True,False,ytd,0.8433,cercana,213450,7.17
a8fb7aa0-51ab-4677-a1b4-4719108c8790,Don Fonti,El Mamon,2099dcd4-d145-4008-a361-8bd69bfccf8a,Ezequiel Jose Fontiveros Briceño,Occidente,235225,P15,11,2026,89,,0,75.06,True,False,ytd,0.8433,cercana,213450,7.17
a8fb7aa0-51ab-4677-a1b4-4719108c8790,Don Fonti,El Mamon,2099dcd4-d145-4008-a361-8bd69bfccf8a,Ezequiel Jose Fontiveros Briceño,Occidente,235225,P15,10,2026,128.6,,0,108.45,True,False,ytd,0.8433,cercana,213450,7.17
a8fb7aa0-51ab-4677-a1b4-4719108c8790,Don Fonti,El Mamon,2099dcd4-d145-4008-a361-8bd69bfccf8a,Ezequiel Jose Fontiveros Briceño,Occidente,235225,P15,9,2026,119,,0,100.36,True,False,ytd,0.8433,cercana,213450,7.17
a8fb7aa0-51ab-4677-a1b4-4719108c8790,Don Fonti,El Mamon,2099dcd4-d145-4008-a361-8bd69bfccf8a,Ezequiel Jose Fontiveros Briceño,Occidente,235225,P15,8,2026,195.4,0,2,164.79,True,True,ytd,0.8433,cercana,213450,7.17
a8fb7aa0-51ab-4677-a1b4-4719108c8790,Don Fonti,El Mamon,2099dcd4-d145-4008-a361-8bd69bfccf8a,Ezequiel Jose Fontiveros Briceño,Occidente,235225,P15,7,2026,208.2,311.2,31,311.2,False,False,ytd,0.8433,cercana,213450,7.17
a8fb7aa0-51ab-4677-a1b4-4719108c8790,Don Fonti,El Mamon,2099dcd4-d145-4008-a361-8bd69bfccf8a,Ezequiel Jose Fontiveros Briceño,Occidente,235225,P15,6,2026,472.2,262.6,30,262.6,False,False,ytd,0.8433,cercana,213450,7.17
a8fb7aa0-51ab-4677-a1b4-4719108c8790,Don Fonti,El Mamon,2099dcd4-d145-4008-a361-8bd69bfccf8a,Ezequiel Jose Fontiveros Briceño,Occidente,235225,P15,5,2026,,42.8,6,0,True,True,ytd,0.8433,cercana,213450,7.17
a8fb7aa0-51ab-4677-a1b4-4719108c8790,Don Fonti,El Mamon,2099dcd4-d145-4008-a361-8bd69bfccf8a,Ezequiel Jose Fontiveros Briceño,Occidente,235225,P15,4,2026,,,0,0,True,False,ytd,0.8433,cercana,213450,7.17
a8fb7aa0-51ab-4677-a1b4-4719108c8790,Don Fonti,El Mamon,2099dcd4-d145-4008-a361-8bd69bfccf8a,Ezequiel Jose Fontiveros Briceño,Occidente,235225,P15,3,2026,,,0,0,True,False,ytd,0.8433,cercana,213450,7.17
a8fb7aa0-51ab-4677-a1b4-4719108c8790,Don Fonti,El Mamon,2099dcd4-d145-4008-a361-8bd69bfccf8a,Ezequiel Jose Fontiveros Briceño,Occidente,235225,P15,2,2026,,,0,0,True,False,ytd,0.8433,cercana,213450,7.17
a8fb7aa0-51ab-4677-a1b4-4719108c8790,Don Fonti,El Mamon,2099dcd4-d145-4008-a361-8bd69bfccf8a,Ezequiel Jose Fontiveros Briceño,Occidente,235225,P15,1,2026,,,0,0,True,False,ytd,0.8433,cercana,213450,7.17
c4fc1d9d-79b2-4320-a2ad-9be161d2e25e,Don Fonti,Girasol,2099dcd4-d145-4008-a361-8bd69bfccf8a,Ezequiel Jose Fontiveros Briceño,Occidente,235225,P15,12,2026,34,,0,28.67,True,False,ytd,0.8433,cercana,213450,7.17
c4fc1d9d-79b2-4320-a2ad-9be161d2e25e,Don Fonti,Girasol,2099dcd4-d145-4008-a361-8bd69bfccf8a,Ezequiel Jose Fontiveros Briceño,Occidente,235225,P15,11,2026,89,,0,75.06,True,False,ytd,0.8433,cercana,213450,7.17
c4fc1d9d-79b2-4320-a2ad-9be161d2e25e,Don Fonti,Girasol,2099dcd4-d145-4008-a361-8bd69bfccf8a,Ezequiel Jose Fontiveros Briceño,Occidente,235225,P15,10,2026,128.6,,0,108.45,True,False,ytd,0.8433,cercana,213450,7.17
c4fc1d9d-79b2-4320-a2ad-9be161d2e25e,Don Fonti,Girasol,2099dcd4-d145-4008-a361-8bd69bfccf8a,Ezequiel Jose Fontiveros Briceño,Occidente,235225,P15,9,2026,119,,0,100.36,True,False,ytd,0.8433,cercana,213450,7.17
c4fc1d9d-79b2-4320-a2ad-9be161d2e25e,Don Fonti,Girasol,2099dcd4-d145-4008-a361-8bd69bfccf8a,Ezequiel Jose Fontiveros Briceño,Occidente,235225,P15,8,2026,195.4,0,2,164.79,True,True,ytd,0.8433,cercana,213450,7.17
c4fc1d9d-79b2-4320-a2ad-9be161d2e25e,Don Fonti,Girasol,2099dcd4-d145-4008-a361-8bd69bfccf8a,Ezequiel Jose Fontiveros Briceño,Occidente,235225,P15,7,2026,208.2,311.2,31,311.2,False,False,ytd,0.8433,cercana,213450,7.17
c4fc1d9d-79b2-4320-a2ad-9be161d2e25e,Don Fonti,Girasol,2099dcd4-d145-4008-a361-8bd69bfccf8a,Ezequiel Jose Fontiveros Briceño,Occidente,235225,P15,6,2026,472.2,262.6,30,262.6,False,False,ytd,0.8433,cercana,213450,7.17
c4fc1d9d-79b2-4320-a2ad-9be161d2e25e,Don Fonti,Girasol,2099dcd4-d145-4008-a361-8bd69bfccf8a,Ezequiel Jose Fontiveros Briceño,Occidente,235225,P15,5,2026,,42.8,6,0,True,True,ytd,0.8433,cercana,213450,7.17
c4fc1d9d-79b2-4320-a2ad-9be161d2e25e,Don Fonti,Girasol,2099dcd4-d145-4008-a361-8bd69bfccf8a,Ezequiel Jose Fontiveros Briceño,Occidente,235225,P15,4,2026,,,0,0,True,False,ytd,0.8433,cercana,213450,7.17
c4fc1d9d-79b2-4320-a2ad-9be161d2e25e,Don Fonti,Girasol,2099dcd4-d145-4008-a361-8bd69bfccf8a,Ezequiel Jose Fontiveros Briceño,Occidente,235225,P15,3,2026,,,0,0,True,False,ytd,0.8433,cercana,213450,7.17
c4fc1d9d-79b2-4320-a2ad-9be161d2e25e,Don Fonti,Girasol,2099dcd4-d145-4008-a361-8bd69bfccf8a,Ezequiel Jose Fontiveros Briceño,Occidente,235225,P15,2,2026,,,0,0,True,False,ytd,0.8433,cercana,213450,7.17
c4fc1d9d-79b2-4320-a2ad-9be161d2e25e,Don Fonti,Girasol,2099dcd4-d145-4008-a361-8bd69bfccf8a,Ezequiel Jose Fontiveros Briceño,Occidente,235225,P15,1,2026,,,0,0,True,False,ytd,0.8433,cercana,213450,7.17
e0061526-8cd5-400f-b0fd-fee43354643b,Don Fonti,Guinea,2099dcd4-d145-4008-a361-8bd69bfccf8a,Ezequiel Jose Fontiveros Briceño,Occidente,235225,P15,12,2026,34,,0,28.67,True,False,ytd,0.8433,cercana,213450,7.17
e0061526-8cd5-400f-b0fd-fee43354643b,Don Fonti,Guinea,2099dcd4-d145-4008-a361-8bd69bfccf8a,Ezequiel Jose Fontiveros Briceño,Occidente,235225,P15,11,2026,89,,0,75.06,True,False,ytd,0.8433,cercana,213450,7.17
e0061526-8cd5-400f-b0fd-fee43354643b,Don Fonti,Guinea,2099dcd4-d145-4008-a361-8bd69bfccf8a,Ezequiel Jose Fontiveros Briceño,Occidente,235225,P15,10,2026,128.6,,0,108.45,True,False,ytd,0.8433,cercana,213450,7.17
e0061526-8cd5-400f-b0fd-fee43354643b,Don Fonti,Guinea,2099dcd4-d145-4008-a361-8bd69bfccf8a,Ezequiel Jose Fontiveros Briceño,Occidente,235225,P15,9,2026,119,,0,100.36,True,False,ytd,0.8433,cercana,213450,7.17
e0061526-8cd5-400f-b0fd-fee43354643b,Don Fonti,Guinea,2099dcd4-d145-4008-a361-8bd69bfccf8a,Ezequiel Jose Fontiveros Briceño,Occidente,235225,P15,8,2026,195.4,0,2,164.79,True,True,ytd,0.8433,cercana,213450,7.17
e0061526-8cd5-400f-b0fd-fee43354643b,Don Fonti,Guinea,2099dcd4-d145-4008-a361-8bd69bfccf8a,Ezequiel Jose Fontiveros Briceño,Occidente,235225,P15,7,2026,208.2,311.2,31,311.2,False,False,ytd,0.8433,cercana,213450,7.17
e0061526-8cd5-400f-b0fd-fee43354643b,Don Fonti,Guinea,2099dcd4-d145-4008-a361-8bd69bfccf8a,Ezequiel Jose Fontiveros Briceño,Occidente,235225,P15,6,2026,472.2,262.6,30,262.6,False,False,ytd,0.8433,cercana,213450,7.17
e0061526-8cd5-400f-b0fd-fee43354643b,Don Fonti,Guinea,2099dcd4-d145-4008-a361-8bd69bfccf8a,Ezequiel Jose Fontiveros Briceño,Occidente,235225,P15,5,2026,,42.8,6,0,True,True,ytd,0.8433,cercana,213450,7.17
e0061526-8cd5-400f-b0fd-fee43354643b,Don Fonti,Guinea,2099dcd4-d145-4008-a361-8bd69bfccf8a,Ezequiel Jose Fontiveros Briceño,Occidente,235225,P15,4,2026,,,0,0,True,False,ytd,0.8433,cercana,213450,7.17
e0061526-8cd5-400f-b0fd-fee43354643b,Don Fonti,Guinea,2099dcd4-d145-4008-a361-8bd69bfccf8a,Ezequiel Jose Fontiveros Briceño,Occidente,235225,P15,3,2026,,,0,0,True,False,ytd,0.8433,cercana,213450,7.17
e0061526-8cd5-400f-b0fd-fee43354643b,Don Fonti,Guinea,2099dcd4-d145-4008-a361-8bd69bfccf8a,Ezequiel Jose Fontiveros Briceño,Occidente,235225,P15,2,2026,,,0,0,True,False,ytd,0.8433,cercana,213450,7.17
e0061526-8cd5-400f-b0fd-fee43354643b,Don Fonti,Guinea,2099dcd4-d145-4008-a361-8bd69bfccf8a,Ezequiel Jose Fontiveros Briceño,Occidente,235225,P15,1,2026,,,0,0,True,False,ytd,0.8433,cercana,213450,7.17
b30d085c-b1a6-4fd6-a04b-471b553ec606,Don Fonti,La Batea,2099dcd4-d145-4008-a361-8bd69bfccf8a,Ezequiel Jose Fontiveros Briceño,Occidente,235225,P15,12,2026,34,,0,28.67,True,False,ytd,0.8433,cercana,213450,7.17
b30d085c-b1a6-4fd6-a04b-471b553ec606,Don Fonti,La Batea,2099dcd4-d145-4008-a361-8bd69bfccf8a,Ezequiel Jose Fontiveros Briceño,Occidente,235225,P15,11,2026,89,,0,75.06,True,False,ytd,0.8433,cercana,213450,7.17
b30d085c-b1a6-4fd6-a04b-471b553ec606,Don Fonti,La Batea,2099dcd4-d145-4008-a361-8bd69bfccf8a,Ezequiel Jose Fontiveros Briceño,Occidente,235225,P15,10,2026,128.6,,0,108.45,True,False,ytd,0.8433,cercana,213450,7.17
b30d085c-b1a6-4fd6-a04b-471b553ec606,Don Fonti,La Batea,2099dcd4-d145-4008-a361-8bd69bfccf8a,Ezequiel Jose Fontiveros Briceño,Occidente,235225,P15,9,2026,119,,0,100.36,True,False,ytd,0.8433,cercana,213450,7.17
b30d085c-b1a6-4fd6-a04b-471b553ec606,Don Fonti,La Batea,2099dcd4-d145-4008-a361-8bd69bfccf8a,Ezequiel Jose Fontiveros Briceño,Occidente,235225,P15,8,2026,195.4,0,2,164.79,True,True,ytd,0.8433,cercana,213450,7.17
b30d085c-b1a6-4fd6-a04b-471b553ec606,Don Fonti,La Batea,2099dcd4-d145-4008-a361-8bd69bfccf8a,Ezequiel Jose Fontiveros Briceño,Occidente,235225,P15,7,2026,208.2,311.2,31,311.2,False,False,ytd,0.8433,cercana,213450,7.17
b30d085c-b1a6-4fd6-a04b-471b553ec606,Don Fonti,La Batea,2099dcd4-d145-4008-a361-8bd69bfccf8a,Ezequiel Jose Fontiveros Briceño,Occidente,235225,P15,6,2026,472.2,262.6,30,262.6,False,False,ytd,0.8433,cercana,213450,7.17
b30d085c-b1a6-4fd6-a04b-471b553ec606,Don Fonti,La Batea,2099dcd4-d145-4008-a361-8bd69bfccf8a,Ezequiel Jose Fontiveros Briceño,Occidente,235225,P15,5,2026,,42.8,6,0,True,True,ytd,0.8433,cercana,213450,7.17
b30d085c-b1a6-4fd6-a04b-471b553ec606,Don Fonti,La Batea,2099dcd4-d145-4008-a361-8bd69bfccf8a,Ezequiel Jose Fontiveros Briceño,Occidente,235225,P15,4,2026,,,0,0,True,False,ytd,0.8433,cercana,213450,7.17
b30d085c-b1a6-4fd6-a04b-471b553ec606,Don Fonti,La Batea,2099dcd4-d145-4008-a361-8bd69bfccf8a,Ezequiel Jose Fontiveros Briceño,Occidente,235225,P15,3,2026,,,0,0,True,False,ytd,0.8433,cercana,213450,7.17
b30d085c-b1a6-4fd6-a04b-471b553ec606,Don Fonti,La Batea,2099dcd4-d145-4008-a361-8bd69bfccf8a,Ezequiel Jose Fontiveros Briceño,Occidente,235225,P15,2,2026,,,0,0,True,False,ytd,0.8433,cercana,213450,7.17
b30d085c-b1a6-4fd6-a04b-471b553ec606,Don Fonti,La Batea,2099dcd4-d145-4008-a361-8bd69bfccf8a,Ezequiel Jose Fontiveros Briceño,Occidente,235225,P15,1,2026,,,0,0,True,False,ytd,0.8433,cercana,213450,7.17
6633b552-869b-409e-8223-d9515437cdd4,Don Fonti,La Ceiba,2099dcd4-d145-4008-a361-8bd69bfccf8a,Ezequiel Jose Fontiveros Briceño,Occidente,235225,P15,12,2026,34,,0,28.67,True,False,ytd,0.8433,cercana,213450,7.17
6633b552-869b-409e-8223-d9515437cdd4,Don Fonti,La Ceiba,2099dcd4-d145-4008-a361-8bd69bfccf8a,Ezequiel Jose Fontiveros Briceño,Occidente,235225,P15,11,2026,89,,0,75.06,True,False,ytd,0.8433,cercana,213450,7.17
6633b552-869b-409e-8223-d9515437cdd4,Don Fonti,La Ceiba,2099dcd4-d145-4008-a361-8bd69bfccf8a,Ezequiel Jose Fontiveros Briceño,Occidente,235225,P15,10,2026,128.6,,0,108.45,True,False,ytd,0.8433,cercana,213450,7.17
6633b552-869b-409e-8223-d9515437cdd4,Don Fonti,La Ceiba,2099dcd4-d145-4008-a361-8bd69bfccf8a,Ezequiel Jose Fontiveros Briceño,Occidente,235225,P15,9,2026,119,,0,100.36,True,False,ytd,0.8433,cercana,213450,7.17
6633b552-869b-409e-8223-d9515437cdd4,Don Fonti,La Ceiba,2099dcd4-d145-4008-a361-8bd69bfccf8a,Ezequiel Jose Fontiveros Briceño,Occidente,235225,P15,8,2026,195.4,0,2,164.79,True,True,ytd,0.8433,cercana,213450,7.17
6633b552-869b-409e-8223-d9515437cdd4,Don Fonti,La Ceiba,2099dcd4-d145-4008-a361-8bd69bfccf8a,Ezequiel Jose Fontiveros Briceño,Occidente,235225,P15,7,2026,208.2,311.2,31,311.2,False,False,ytd,0.8433,cercana,213450,7.17
6633b552-869b-409e-8223-d9515437cdd4,Don Fonti,La Ceiba,2099dcd4-d145-4008-a361-8bd69bfccf8a,Ezequiel Jose Fontiveros Briceño,Occidente,235225,P15,6,2026,472.2,262.6,30,262.6,False,False,ytd,0.8433,cercana,213450,7.17
6633b552-869b-409e-8223-d9515437cdd4,Don Fonti,La Ceiba,2099dcd4-d145-4008-a361-8bd69bfccf8a,Ezequiel Jose Fontiveros Briceño,Occidente,235225,P15,5,2026,,42.8,6,0,True,True,ytd,0.8433,cercana,213450,7.17
6633b552-869b-409e-8223-d9515437cdd4,Don Fonti,La Ceiba,2099dcd4-d145-4008-a361-8bd69bfccf8a,Ezequiel Jose Fontiveros Briceño,Occidente,235225,P15,4,2026,,,0,0,True,False,ytd,0.8433,cercana,213450,7.17
6633b552-869b-409e-8223-d9515437cdd4,Don Fonti,La Ceiba,2099dcd4-d145-4008-a361-8bd69bfccf8a,Ezequiel Jose Fontiveros Briceño,Occidente,235225,P15,3,2026,,,0,0,True,False,ytd,0.8433,cercana,213450,7.17
6633b552-869b-409e-8223-d9515437cdd4,Don Fonti,La Ceiba,2099dcd4-d145-4008-a361-8bd69bfccf8a,Ezequiel Jose Fontiveros Briceño,Occidente,235225,P15,2,2026,,,0,0,True,False,ytd,0.8433,cercana,213450,7.17
6633b552-869b-409e-8223-d9515437cdd4,Don Fonti,La Ceiba,2099dcd4-d145-4008-a361-8bd69bfccf8a,Ezequiel Jose Fontiveros Briceño,Occidente,235225,P15,1,2026,,,0,0,True,False,ytd,0.8433,cercana,213450,7.17
cc72a029-f9d1-4175-8eb2-39e605c57f02,Don Fonti,Los Viejos,2099dcd4-d145-4008-a361-8bd69bfccf8a,Ezequiel Jose Fontiveros Briceño,Occidente,235225,P15,12,2026,34,,0,28.67,True,False,ytd,0.8433,cercana,213450,7.17
cc72a029-f9d1-4175-8eb2-39e605c57f02,Don Fonti,Los Viejos,2099dcd4-d145-4008-a361-8bd69bfccf8a,Ezequiel Jose Fontiveros Briceño,Occidente,235225,P15,11,2026,89,,0,75.06,True,False,ytd,0.8433,cercana,213450,7.17
cc72a029-f9d1-4175-8eb2-39e605c57f02,Don Fonti,Los Viejos,2099dcd4-d145-4008-a361-8bd69bfccf8a,Ezequiel Jose Fontiveros Briceño,Occidente,235225,P15,10,2026,128.6,,0,108.45,True,False,ytd,0.8433,cercana,213450,7.17
cc72a029-f9d1-4175-8eb2-39e605c57f02,Don Fonti,Los Viejos,2099dcd4-d145-4008-a361-8bd69bfccf8a,Ezequiel Jose Fontiveros Briceño,Occidente,235225,P15,9,2026,119,,0,100.36,True,False,ytd,0.8433,cercana,213450,7.17
cc72a029-f9d1-4175-8eb2-39e605c57f02,Don Fonti,Los Viejos,2099dcd4-d145-4008-a361-8bd69bfccf8a,Ezequiel Jose Fontiveros Briceño,Occidente,235225,P15,8,2026,195.4,0,2,164.79,True,True,ytd,0.8433,cercana,213450,7.17
cc72a029-f9d1-4175-8eb2-39e605c57f02,Don Fonti,Los Viejos,2099dcd4-d145-4008-a361-8bd69bfccf8a,Ezequiel Jose Fontiveros Briceño,Occidente,235225,P15,7,2026,208.2,311.2,31,311.2,False,False,ytd,0.8433,cercana,213450,7.17
cc72a029-f9d1-4175-8eb2-39e605c57f02,Don Fonti,Los Viejos,2099dcd4-d145-4008-a361-8bd69bfccf8a,Ezequiel Jose Fontiveros Briceño,Occidente,235225,P15,6,2026,472.2,262.6,30,262.6,False,False,ytd,0.8433,cercana,213450,7.17
cc72a029-f9d1-4175-8eb2-39e605c57f02,Don Fonti,Los Viejos,2099dcd4-d145-4008-a361-8bd69bfccf8a,Ezequiel Jose Fontiveros Briceño,Occidente,235225,P15,5,2026,,42.8,6,0,True,True,ytd,0.8433,cercana,213450,7.17
cc72a029-f9d1-4175-8eb2-39e605c57f02,Don Fonti,Los Viejos,2099dcd4-d145-4008-a361-8bd69bfccf8a,Ezequiel Jose Fontiveros Briceño,Occidente,235225,P15,4,2026,,,0,0,True,False,ytd,0.8433,cercana,213450,7.17
cc72a029-f9d1-4175-8eb2-39e605c57f02,Don Fonti,Los Viejos,2099dcd4-d145-4008-a361-8bd69bfccf8a,Ezequiel Jose Fontiveros Briceño,Occidente,235225,P15,3,2026,,,0,0,True,False,ytd,0.8433,cercana,213450,7.17
cc72a029-f9d1-4175-8eb2-39e605c57f02,Don Fonti,Los Viejos,2099dcd4-d145-4008-a361-8bd69bfccf8a,Ezequiel Jose Fontiveros Briceño,Occidente,235225,P15,2,2026,,,0,0,True,False,ytd,0.8433,cercana,213450,7.17
cc72a029-f9d1-4175-8eb2-39e605c57f02,Don Fonti,Los Viejos,2099dcd4-d145-4008-a361-8bd69bfccf8a,Ezequiel Jose Fontiveros Briceño,Occidente,235225,P15,1,2026,,,0,0,True,False,ytd,0.8433,cercana,213450,7.17
5aba2d4e-e4e8-4b06-a86b-bb3a675c551e,Don Fonti,Tamarindo,2099dcd4-d145-4008-a361-8bd69bfccf8a,Ezequiel Jose Fontiveros Briceño,Occidente,235225,P15,12,2026,34,,0,28.67,True,False,ytd,0.8433,cercana,213450,7.17
5aba2d4e-e4e8-4b06-a86b-bb3a675c551e,Don Fonti,Tamarindo,2099dcd4-d145-4008-a361-8bd69bfccf8a,Ezequiel Jose Fontiveros Briceño,Occidente,235225,P15,11,2026,89,,0,75.06,True,False,ytd,0.8433,cercana,213450,7.17
5aba2d4e-e4e8-4b06-a86b-bb3a675c551e,Don Fonti,Tamarindo,2099dcd4-d145-4008-a361-8bd69bfccf8a,Ezequiel Jose Fontiveros Briceño,Occidente,235225,P15,10,2026,128.6,,0,108.45,True,False,ytd,0.8433,cercana,213450,7.17
5aba2d4e-e4e8-4b06-a86b-bb3a675c551e,Don Fonti,Tamarindo,2099dcd4-d145-4008-a361-8bd69bfccf8a,Ezequiel Jose Fontiveros Briceño,Occidente,235225,P15,9,2026,119,,0,100.36,True,False,ytd,0.8433,cercana,213450,7.17
5aba2d4e-e4e8-4b06-a86b-bb3a675c551e,Don Fonti,Tamarindo,2099dcd4-d145-4008-a361-8bd69bfccf8a,Ezequiel Jose Fontiveros Briceño,Occidente,235225,P15,8,2026,195.4,0,2,164.79,True,True,ytd,0.8433,cercana,213450,7.17
5aba2d4e-e4e8-4b06-a86b-bb3a675c551e,Don Fonti,Tamarindo,2099dcd4-d145-4008-a361-8bd69bfccf8a,Ezequiel Jose Fontiveros Briceño,Occidente,235225,P15,7,2026,208.2,311.2,31,311.2,False,False,ytd,0.8433,cercana,213450,7.17
5aba2d4e-e4e8-4b06-a86b-bb3a675c551e,Don Fonti,Tamarindo,2099dcd4-d145-4008-a361-8bd69bfccf8a,Ezequiel Jose Fontiveros Briceño,Occidente,235225,P15,6,2026,472.2,262.6,30,262.6,False,False,ytd,0.8433,cercana,213450,7.17
5aba2d4e-e4e8-4b06-a86b-bb3a675c551e,Don Fonti,Tamarindo,2099dcd4-d145-4008-a361-8bd69bfccf8a,Ezequiel Jose Fontiveros Briceño,Occidente,235225,P15,5,2026,,42.8,6,0,True,True,ytd,0.8433,cercana,213450,7.17
5aba2d4e-e4e8-4b06-a86b-bb3a675c551e,Don Fonti,Tamarindo,2099dcd4-d145-4008-a361-8bd69bfccf8a,Ezequiel Jose Fontiveros Briceño,Occidente,235225,P15,4,2026,,,0,0,True,False,ytd,0.8433,cercana,213450,7.17
5aba2d4e-e4e8-4b06-a86b-bb3a675c551e,Don Fonti,Tamarindo,2099dcd4-d145-4008-a361-8bd69bfccf8a,Ezequiel Jose Fontiveros Briceño,Occidente,235225,P15,3,2026,,,0,0,True,False,ytd,0.8433,cercana,213450,7.17
5aba2d4e-e4e8-4b06-a86b-bb3a675c551e,Don Fonti,Tamarindo,2099dcd4-d145-4008-a361-8bd69bfccf8a,Ezequiel Jose Fontiveros Briceño,Occidente,235225,P15,2,2026,,,0,0,True,False,ytd,0.8433,cercana,213450,7.17
5aba2d4e-e4e8-4b06-a86b-bb3a675c551e,Don Fonti,Tamarindo,2099dcd4-d145-4008-a361-8bd69bfccf8a,Ezequiel Jose Fontiveros Briceño,Occidente,235225,P15,1,2026,,,0,0,True,False,ytd,0.8433,cercana,213450,7.17
889ce451-b97e-4bda-ba18-a8ea5cd9facb,El Almirante CA,Los Reyes 1,236e5c87-cc88-4ebb-b082-2367188113ed,Maria Angelica Esparragoza Salazar,,,,,,,,,,,,,,,,
8e844b11-ed19-47e1-bfe1-98ffb670fa7c,El Almirante CA,Los Reyes 2,236e5c87-cc88-4ebb-b082-2367188113ed,Maria Angelica Esparragoza Salazar,,,,,,,,,,,,,,,,
781a3436-b3e7-4e39-ab83-42ed9e1e1b46,El Almirante CA,Los Reyes 3,236e5c87-cc88-4ebb-b082-2367188113ed,Maria Angelica Esparragoza Salazar,,,,,,,,,,,,,,,,
add0559a-6479-45f4-b765-ce8f52082daa,El Almirante CA,Los Reyes 4,236e5c87-cc88-4ebb-b082-2367188113ed,Maria Angelica Esparragoza Salazar,,,,,,,,,,,,,,,,
9dcdbf55-7e2e-4f7e-9aae-16df50844f58,El Almirante CA,Los Vaquiros,236e5c87-cc88-4ebb-b082-2367188113ed,Maria Angelica Esparragoza Salazar,,,,,,,,,,,,,,,,
8eed2344-d136-42ee-b3f7-f49bed8402c8,El Apamate,L01 LOTE BAJO DE LOMA,0cb87d79-618e-45f3-8879-aaf3708bfd9c,Francisco Enrique González Roselli,Oriente,186730,G04,12,2026,4,,0,7.29,True,False,robusto,1.8225,propio,186730,0
8eed2344-d136-42ee-b3f7-f49bed8402c8,El Apamate,L01 LOTE BAJO DE LOMA,0cb87d79-618e-45f3-8879-aaf3708bfd9c,Francisco Enrique González Roselli,Oriente,186730,G04,11,2026,11.6,,0,21.14,True,False,robusto,1.8225,propio,186730,0
8eed2344-d136-42ee-b3f7-f49bed8402c8,El Apamate,L01 LOTE BAJO DE LOMA,0cb87d79-618e-45f3-8879-aaf3708bfd9c,Francisco Enrique González Roselli,Oriente,186730,G04,10,2026,42.1,,0,76.73,True,False,robusto,1.8225,propio,186730,0
8eed2344-d136-42ee-b3f7-f49bed8402c8,El Apamate,L01 LOTE BAJO DE LOMA,0cb87d79-618e-45f3-8879-aaf3708bfd9c,Francisco Enrique González Roselli,Oriente,186730,G04,9,2026,51.8,,0,94.41,True,False,robusto,1.8225,propio,186730,0
8eed2344-d136-42ee-b3f7-f49bed8402c8,El Apamate,L01 LOTE BAJO DE LOMA,0cb87d79-618e-45f3-8879-aaf3708bfd9c,Francisco Enrique González Roselli,Oriente,186730,G04,8,2026,144,0,2,262.44,True,True,robusto,1.8225,propio,186730,0
8eed2344-d136-42ee-b3f7-f49bed8402c8,El Apamate,L01 LOTE BAJO DE LOMA,0cb87d79-618e-45f3-8879-aaf3708bfd9c,Francisco Enrique González Roselli,Oriente,186730,G04,7,2026,235.2,147,31,147,False,False,robusto,1.8225,propio,186730,0
8eed2344-d136-42ee-b3f7-f49bed8402c8,El Apamate,L01 LOTE BAJO DE LOMA,0cb87d79-618e-45f3-8879-aaf3708bfd9c,Francisco Enrique González Roselli,Oriente,186730,G04,6,2026,182.49,79.4,30,79.4,False,False,robusto,1.8225,propio,186730,0
8eed2344-d136-42ee-b3f7-f49bed8402c8,El Apamate,L01 LOTE BAJO DE LOMA,0cb87d79-618e-45f3-8879-aaf3708bfd9c,Francisco Enrique González Roselli,Oriente,186730,G04,5,2026,30,90.6,31,90.6,False,False,robusto,1.8225,propio,186730,0
8eed2344-d136-42ee-b3f7-f49bed8402c8,El Apamate,L01 LOTE BAJO DE LOMA,0cb87d79-618e-45f3-8879-aaf3708bfd9c,Francisco Enrique González Roselli,Oriente,186730,G04,4,2026,7,45.4,30,45.4,False,False,robusto,1.8225,propio,186730,0
8eed2344-d136-42ee-b3f7-f49bed8402c8,El Apamate,L01 LOTE BAJO DE LOMA,0cb87d79-618e-45f3-8879-aaf3708bfd9c,Francisco Enrique González Roselli,Oriente,186730,G04,3,2026,0.2,6.6,31,6.6,False,False,robusto,1.8225,propio,186730,0
8eed2344-d136-42ee-b3f7-f49bed8402c8,El Apamate,L01 LOTE BAJO DE LOMA,0cb87d79-618e-45f3-8879-aaf3708bfd9c,Francisco Enrique González Roselli,Oriente,186730,G04,2,2026,0,0,28,0,False,False,robusto,1.8225,propio,186730,0
8eed2344-d136-42ee-b3f7-f49bed8402c8,El Apamate,L01 LOTE BAJO DE LOMA,0cb87d79-618e-45f3-8879-aaf3708bfd9c,Francisco Enrique González Roselli,Oriente,186730,G04,1,2026,,2,22,2,False,False,robusto,1.8225,propio,186730,0
a4efd631-0c89-4a3d-ac26-f6f5180564f6,El Apamate,L02 LOTE COCO LOMA GRANDE,0cb87d79-618e-45f3-8879-aaf3708bfd9c,Francisco Enrique González Roselli,Oriente,186730,G04,12,2026,4,,0,7.29,True,False,robusto,1.8225,propio,186730,0
a4efd631-0c89-4a3d-ac26-f6f5180564f6,El Apamate,L02 LOTE COCO LOMA GRANDE,0cb87d79-618e-45f3-8879-aaf3708bfd9c,Francisco Enrique González Roselli,Oriente,186730,G04,11,2026,11.6,,0,21.14,True,False,robusto,1.8225,propio,186730,0
a4efd631-0c89-4a3d-ac26-f6f5180564f6,El Apamate,L02 LOTE COCO LOMA GRANDE,0cb87d79-618e-45f3-8879-aaf3708bfd9c,Francisco Enrique González Roselli,Oriente,186730,G04,10,2026,42.1,,0,76.73,True,False,robusto,1.8225,propio,186730,0
a4efd631-0c89-4a3d-ac26-f6f5180564f6,El Apamate,L02 LOTE COCO LOMA GRANDE,0cb87d79-618e-45f3-8879-aaf3708bfd9c,Francisco Enrique González Roselli,Oriente,186730,G04,9,2026,51.8,,0,94.41,True,False,robusto,1.8225,propio,186730,0
a4efd631-0c89-4a3d-ac26-f6f5180564f6,El Apamate,L02 LOTE COCO LOMA GRANDE,0cb87d79-618e-45f3-8879-aaf3708bfd9c,Francisco Enrique González Roselli,Oriente,186730,G04,8,2026,144,0,2,262.44,True,True,robusto,1.8225,propio,186730,0
a4efd631-0c89-4a3d-ac26-f6f5180564f6,El Apamate,L02 LOTE COCO LOMA GRANDE,0cb87d79-618e-45f3-8879-aaf3708bfd9c,Francisco Enrique González Roselli,Oriente,186730,G04,7,2026,235.2,147,31,147,False,False,robusto,1.8225,propio,186730,0
a4efd631-0c89-4a3d-ac26-f6f5180564f6,El Apamate,L02 LOTE COCO LOMA GRANDE,0cb87d79-618e-45f3-8879-aaf3708bfd9c,Francisco Enrique González Roselli,Oriente,186730,G04,6,2026,182.49,79.4,30,79.4,False,False,robusto,1.8225,propio,186730,0
a4efd631-0c89-4a3d-ac26-f6f5180564f6,El Apamate,L02 LOTE COCO LOMA GRANDE,0cb87d79-618e-45f3-8879-aaf3708bfd9c,Francisco Enrique González Roselli,Oriente,186730,G04,5,2026,30,90.6,31,90.6,False,False,robusto,1.8225,propio,186730,0
a4efd631-0c89-4a3d-ac26-f6f5180564f6,El Apamate,L02 LOTE COCO LOMA GRANDE,0cb87d79-618e-45f3-8879-aaf3708bfd9c,Francisco Enrique González Roselli,Oriente,186730,G04,4,2026,7,45.4,30,45.4,False,False,robusto,1.8225,propio,186730,0
a4efd631-0c89-4a3d-ac26-f6f5180564f6,El Apamate,L02 LOTE COCO LOMA GRANDE,0cb87d79-618e-45f3-8879-aaf3708bfd9c,Francisco Enrique González Roselli,Oriente,186730,G04,3,2026,0.2,6.6,31,6.6,False,False,robusto,1.8225,propio,186730,0
a4efd631-0c89-4a3d-ac26-f6f5180564f6,El Apamate,L02 LOTE COCO LOMA GRANDE,0cb87d79-618e-45f3-8879-aaf3708bfd9c,Francisco Enrique González Roselli,Oriente,186730,G04,2,2026,0,0,28,0,False,False,robusto,1.8225,propio,186730,0
a4efd631-0c89-4a3d-ac26-f6f5180564f6,El Apamate,L02 LOTE COCO LOMA GRANDE,0cb87d79-618e-45f3-8879-aaf3708bfd9c,Francisco Enrique González Roselli,Oriente,186730,G04,1,2026,,2,22,2,False,False,robusto,1.8225,propio,186730,0
099a640e-6c28-4acf-b6d9-305d7cd4bf86,El Apamate,L03 LOTE LA PIEDRA,0cb87d79-618e-45f3-8879-aaf3708bfd9c,Francisco Enrique González Roselli,Oriente,186730,G04,12,2026,4,,0,7.29,True,False,robusto,1.8225,propio,186730,0
099a640e-6c28-4acf-b6d9-305d7cd4bf86,El Apamate,L03 LOTE LA PIEDRA,0cb87d79-618e-45f3-8879-aaf3708bfd9c,Francisco Enrique González Roselli,Oriente,186730,G04,11,2026,11.6,,0,21.14,True,False,robusto,1.8225,propio,186730,0
099a640e-6c28-4acf-b6d9-305d7cd4bf86,El Apamate,L03 LOTE LA PIEDRA,0cb87d79-618e-45f3-8879-aaf3708bfd9c,Francisco Enrique González Roselli,Oriente,186730,G04,10,2026,42.1,,0,76.73,True,False,robusto,1.8225,propio,186730,0
099a640e-6c28-4acf-b6d9-305d7cd4bf86,El Apamate,L03 LOTE LA PIEDRA,0cb87d79-618e-45f3-8879-aaf3708bfd9c,Francisco Enrique González Roselli,Oriente,186730,G04,9,2026,51.8,,0,94.41,True,False,robusto,1.8225,propio,186730,0
099a640e-6c28-4acf-b6d9-305d7cd4bf86,El Apamate,L03 LOTE LA PIEDRA,0cb87d79-618e-45f3-8879-aaf3708bfd9c,Francisco Enrique González Roselli,Oriente,186730,G04,8,2026,144,0,2,262.44,True,True,robusto,1.8225,propio,186730,0
099a640e-6c28-4acf-b6d9-305d7cd4bf86,El Apamate,L03 LOTE LA PIEDRA,0cb87d79-618e-45f3-8879-aaf3708bfd9c,Francisco Enrique González Roselli,Oriente,186730,G04,7,2026,235.2,147,31,147,False,False,robusto,1.8225,propio,186730,0
099a640e-6c28-4acf-b6d9-305d7cd4bf86,El Apamate,L03 LOTE LA PIEDRA,0cb87d79-618e-45f3-8879-aaf3708bfd9c,Francisco Enrique González Roselli,Oriente,186730,G04,6,2026,182.49,79.4,30,79.4,False,False,robusto,1.8225,propio,186730,0
099a640e-6c28-4acf-b6d9-305d7cd4bf86,El Apamate,L03 LOTE LA PIEDRA,0cb87d79-618e-45f3-8879-aaf3708bfd9c,Francisco Enrique González Roselli,Oriente,186730,G04,5,2026,30,90.6,31,90.6,False,False,robusto,1.8225,propio,186730,0
099a640e-6c28-4acf-b6d9-305d7cd4bf86,El Apamate,L03 LOTE LA PIEDRA,0cb87d79-618e-45f3-8879-aaf3708bfd9c,Francisco Enrique González Roselli,Oriente,186730,G04,4,2026,7,45.4,30,45.4,False,False,robusto,1.8225,propio,186730,0
099a640e-6c28-4acf-b6d9-305d7cd4bf86,El Apamate,L03 LOTE LA PIEDRA,0cb87d79-618e-45f3-8879-aaf3708bfd9c,Francisco Enrique González Roselli,Oriente,186730,G04,3,2026,0.2,6.6,31,6.6,False,False,robusto,1.8225,propio,186730,0
099a640e-6c28-4acf-b6d9-305d7cd4bf86,El Apamate,L03 LOTE LA PIEDRA,0cb87d79-618e-45f3-8879-aaf3708bfd9c,Francisco Enrique González Roselli,Oriente,186730,G04,2,2026,0,0,28,0,False,False,robusto,1.8225,propio,186730,0
099a640e-6c28-4acf-b6d9-305d7cd4bf86,El Apamate,L03 LOTE LA PIEDRA,0cb87d79-618e-45f3-8879-aaf3708bfd9c,Francisco Enrique González Roselli,Oriente,186730,G04,1,2026,,2,22,2,False,False,robusto,1.8225,propio,186730,0
5f0c51c1-923e-4d29-9a83-eb8850265570,El Apamate,L04 LOTE LOCACIÓN A,0cb87d79-618e-45f3-8879-aaf3708bfd9c,Francisco Enrique González Roselli,Oriente,186730,G04,12,2026,4,,0,7.29,True,False,robusto,1.8225,propio,186730,0
5f0c51c1-923e-4d29-9a83-eb8850265570,El Apamate,L04 LOTE LOCACIÓN A,0cb87d79-618e-45f3-8879-aaf3708bfd9c,Francisco Enrique González Roselli,Oriente,186730,G04,11,2026,11.6,,0,21.14,True,False,robusto,1.8225,propio,186730,0
5f0c51c1-923e-4d29-9a83-eb8850265570,El Apamate,L04 LOTE LOCACIÓN A,0cb87d79-618e-45f3-8879-aaf3708bfd9c,Francisco Enrique González Roselli,Oriente,186730,G04,10,2026,42.1,,0,76.73,True,False,robusto,1.8225,propio,186730,0
5f0c51c1-923e-4d29-9a83-eb8850265570,El Apamate,L04 LOTE LOCACIÓN A,0cb87d79-618e-45f3-8879-aaf3708bfd9c,Francisco Enrique González Roselli,Oriente,186730,G04,9,2026,51.8,,0,94.41,True,False,robusto,1.8225,propio,186730,0
5f0c51c1-923e-4d29-9a83-eb8850265570,El Apamate,L04 LOTE LOCACIÓN A,0cb87d79-618e-45f3-8879-aaf3708bfd9c,Francisco Enrique González Roselli,Oriente,186730,G04,8,2026,144,0,2,262.44,True,True,robusto,1.8225,propio,186730,0
5f0c51c1-923e-4d29-9a83-eb8850265570,El Apamate,L04 LOTE LOCACIÓN A,0cb87d79-618e-45f3-8879-aaf3708bfd9c,Francisco Enrique González Roselli,Oriente,186730,G04,7,2026,235.2,147,31,147,False,False,robusto,1.8225,propio,186730,0
5f0c51c1-923e-4d29-9a83-eb8850265570,El Apamate,L04 LOTE LOCACIÓN A,0cb87d79-618e-45f3-8879-aaf3708bfd9c,Francisco Enrique González Roselli,Oriente,186730,G04,6,2026,182.49,79.4,30,79.4,False,False,robusto,1.8225,propio,186730,0
5f0c51c1-923e-4d29-9a83-eb8850265570,El Apamate,L04 LOTE LOCACIÓN A,0cb87d79-618e-45f3-8879-aaf3708bfd9c,Francisco Enrique González Roselli,Oriente,186730,G04,5,2026,30,90.6,31,90.6,False,False,robusto,1.8225,propio,186730,0
5f0c51c1-923e-4d29-9a83-eb8850265570,El Apamate,L04 LOTE LOCACIÓN A,0cb87d79-618e-45f3-8879-aaf3708bfd9c,Francisco Enrique González Roselli,Oriente,186730,G04,4,2026,7,45.4,30,45.4,False,False,robusto,1.8225,propio,186730,0
5f0c51c1-923e-4d29-9a83-eb8850265570,El Apamate,L04 LOTE LOCACIÓN A,0cb87d79-618e-45f3-8879-aaf3708bfd9c,Francisco Enrique González Roselli,Oriente,186730,G04,3,2026,0.2,6.6,31,6.6,False,False,robusto,1.8225,propio,186730,0
5f0c51c1-923e-4d29-9a83-eb8850265570,El Apamate,L04 LOTE LOCACIÓN A,0cb87d79-618e-45f3-8879-aaf3708bfd9c,Francisco Enrique González Roselli,Oriente,186730,G04,2,2026,0,0,28,0,False,False,robusto,1.8225,propio,186730,0
5f0c51c1-923e-4d29-9a83-eb8850265570,El Apamate,L04 LOTE LOCACIÓN A,0cb87d79-618e-45f3-8879-aaf3708bfd9c,Francisco Enrique González Roselli,Oriente,186730,G04,1,2026,,2,22,2,False,False,robusto,1.8225,propio,186730,0
15c6d03f-2a02-4b12-8a54-81ae17176103,El Apamate,L07 LOTE MATA PALO,0cb87d79-618e-45f3-8879-aaf3708bfd9c,Francisco Enrique González Roselli,Oriente,186730,G04,12,2026,4,,0,7.29,True,False,robusto,1.8225,propio,186730,0
15c6d03f-2a02-4b12-8a54-81ae17176103,El Apamate,L07 LOTE MATA PALO,0cb87d79-618e-45f3-8879-aaf3708bfd9c,Francisco Enrique González Roselli,Oriente,186730,G04,11,2026,11.6,,0,21.14,True,False,robusto,1.8225,propio,186730,0
15c6d03f-2a02-4b12-8a54-81ae17176103,El Apamate,L07 LOTE MATA PALO,0cb87d79-618e-45f3-8879-aaf3708bfd9c,Francisco Enrique González Roselli,Oriente,186730,G04,10,2026,42.1,,0,76.73,True,False,robusto,1.8225,propio,186730,0
15c6d03f-2a02-4b12-8a54-81ae17176103,El Apamate,L07 LOTE MATA PALO,0cb87d79-618e-45f3-8879-aaf3708bfd9c,Francisco Enrique González Roselli,Oriente,186730,G04,9,2026,51.8,,0,94.41,True,False,robusto,1.8225,propio,186730,0
15c6d03f-2a02-4b12-8a54-81ae17176103,El Apamate,L07 LOTE MATA PALO,0cb87d79-618e-45f3-8879-aaf3708bfd9c,Francisco Enrique González Roselli,Oriente,186730,G04,8,2026,144,0,2,262.44,True,True,robusto,1.8225,propio,186730,0
15c6d03f-2a02-4b12-8a54-81ae17176103,El Apamate,L07 LOTE MATA PALO,0cb87d79-618e-45f3-8879-aaf3708bfd9c,Francisco Enrique González Roselli,Oriente,186730,G04,7,2026,235.2,147,31,147,False,False,robusto,1.8225,propio,186730,0
15c6d03f-2a02-4b12-8a54-81ae17176103,El Apamate,L07 LOTE MATA PALO,0cb87d79-618e-45f3-8879-aaf3708bfd9c,Francisco Enrique González Roselli,Oriente,186730,G04,6,2026,182.49,79.4,30,79.4,False,False,robusto,1.8225,propio,186730,0
15c6d03f-2a02-4b12-8a54-81ae17176103,El Apamate,L07 LOTE MATA PALO,0cb87d79-618e-45f3-8879-aaf3708bfd9c,Francisco Enrique González Roselli,Oriente,186730,G04,5,2026,30,90.6,31,90.6,False,False,robusto,1.8225,propio,186730,0
15c6d03f-2a02-4b12-8a54-81ae17176103,El Apamate,L07 LOTE MATA PALO,0cb87d79-618e-45f3-8879-aaf3708bfd9c,Francisco Enrique González Roselli,Oriente,186730,G04,4,2026,7,45.4,30,45.4,False,False,robusto,1.8225,propio,186730,0
15c6d03f-2a02-4b12-8a54-81ae17176103,El Apamate,L07 LOTE MATA PALO,0cb87d79-618e-45f3-8879-aaf3708bfd9c,Francisco Enrique González Roselli,Oriente,186730,G04,3,2026,0.2,6.6,31,6.6,False,False,robusto,1.8225,propio,186730,0
15c6d03f-2a02-4b12-8a54-81ae17176103,El Apamate,L07 LOTE MATA PALO,0cb87d79-618e-45f3-8879-aaf3708bfd9c,Francisco Enrique González Roselli,Oriente,186730,G04,2,2026,0,0,28,0,False,False,robusto,1.8225,propio,186730,0
15c6d03f-2a02-4b12-8a54-81ae17176103,El Apamate,L07 LOTE MATA PALO,0cb87d79-618e-45f3-8879-aaf3708bfd9c,Francisco Enrique González Roselli,Oriente,186730,G04,1,2026,,2,22,2,False,False,robusto,1.8225,propio,186730,0
957c0283-c955-4e84-996c-c7c7929e7af8,El Apamate,Locación B,0cb87d79-618e-45f3-8879-aaf3708bfd9c,Francisco Enrique González Roselli,Oriente,186730,G04,12,2026,4,,0,7.29,True,False,robusto,1.8225,propio,186730,0
957c0283-c955-4e84-996c-c7c7929e7af8,El Apamate,Locación B,0cb87d79-618e-45f3-8879-aaf3708bfd9c,Francisco Enrique González Roselli,Oriente,186730,G04,11,2026,11.6,,0,21.14,True,False,robusto,1.8225,propio,186730,0
957c0283-c955-4e84-996c-c7c7929e7af8,El Apamate,Locación B,0cb87d79-618e-45f3-8879-aaf3708bfd9c,Francisco Enrique González Roselli,Oriente,186730,G04,10,2026,42.1,,0,76.73,True,False,robusto,1.8225,propio,186730,0
957c0283-c955-4e84-996c-c7c7929e7af8,El Apamate,Locación B,0cb87d79-618e-45f3-8879-aaf3708bfd9c,Francisco Enrique González Roselli,Oriente,186730,G04,9,2026,51.8,,0,94.41,True,False,robusto,1.8225,propio,186730,0
957c0283-c955-4e84-996c-c7c7929e7af8,El Apamate,Locación B,0cb87d79-618e-45f3-8879-aaf3708bfd9c,Francisco Enrique González Roselli,Oriente,186730,G04,8,2026,144,0,2,262.44,True,True,robusto,1.8225,propio,186730,0
957c0283-c955-4e84-996c-c7c7929e7af8,El Apamate,Locación B,0cb87d79-618e-45f3-8879-aaf3708bfd9c,Francisco Enrique González Roselli,Oriente,186730,G04,7,2026,235.2,147,31,147,False,False,robusto,1.8225,propio,186730,0
957c0283-c955-4e84-996c-c7c7929e7af8,El Apamate,Locación B,0cb87d79-618e-45f3-8879-aaf3708bfd9c,Francisco Enrique González Roselli,Oriente,186730,G04,6,2026,182.49,79.4,30,79.4,False,False,robusto,1.8225,propio,186730,0
957c0283-c955-4e84-996c-c7c7929e7af8,El Apamate,Locación B,0cb87d79-618e-45f3-8879-aaf3708bfd9c,Francisco Enrique González Roselli,Oriente,186730,G04,5,2026,30,90.6,31,90.6,False,False,robusto,1.8225,propio,186730,0
957c0283-c955-4e84-996c-c7c7929e7af8,El Apamate,Locación B,0cb87d79-618e-45f3-8879-aaf3708bfd9c,Francisco Enrique González Roselli,Oriente,186730,G04,4,2026,7,45.4,30,45.4,False,False,robusto,1.8225,propio,186730,0
957c0283-c955-4e84-996c-c7c7929e7af8,El Apamate,Locación B,0cb87d79-618e-45f3-8879-aaf3708bfd9c,Francisco Enrique González Roselli,Oriente,186730,G04,3,2026,0.2,6.6,31,6.6,False,False,robusto,1.8225,propio,186730,0
957c0283-c955-4e84-996c-c7c7929e7af8,El Apamate,Locación B,0cb87d79-618e-45f3-8879-aaf3708bfd9c,Francisco Enrique González Roselli,Oriente,186730,G04,2,2026,0,0,28,0,False,False,robusto,1.8225,propio,186730,0
957c0283-c955-4e84-996c-c7c7929e7af8,El Apamate,Locación B,0cb87d79-618e-45f3-8879-aaf3708bfd9c,Francisco Enrique González Roselli,Oriente,186730,G04,1,2026,,2,22,2,False,False,robusto,1.8225,propio,186730,0
6c03962d-afab-4407-94c0-084220b91463,El Apamate,Ramírez,0cb87d79-618e-45f3-8879-aaf3708bfd9c,Francisco Enrique González Roselli,Oriente,186730,G04,12,2026,4,,0,7.29,True,False,robusto,1.8225,propio,186730,0
6c03962d-afab-4407-94c0-084220b91463,El Apamate,Ramírez,0cb87d79-618e-45f3-8879-aaf3708bfd9c,Francisco Enrique González Roselli,Oriente,186730,G04,11,2026,11.6,,0,21.14,True,False,robusto,1.8225,propio,186730,0
6c03962d-afab-4407-94c0-084220b91463,El Apamate,Ramírez,0cb87d79-618e-45f3-8879-aaf3708bfd9c,Francisco Enrique González Roselli,Oriente,186730,G04,10,2026,42.1,,0,76.73,True,False,robusto,1.8225,propio,186730,0
6c03962d-afab-4407-94c0-084220b91463,El Apamate,Ramírez,0cb87d79-618e-45f3-8879-aaf3708bfd9c,Francisco Enrique González Roselli,Oriente,186730,G04,9,2026,51.8,,0,94.41,True,False,robusto,1.8225,propio,186730,0
6c03962d-afab-4407-94c0-084220b91463,El Apamate,Ramírez,0cb87d79-618e-45f3-8879-aaf3708bfd9c,Francisco Enrique González Roselli,Oriente,186730,G04,8,2026,144,0,2,262.44,True,True,robusto,1.8225,propio,186730,0
6c03962d-afab-4407-94c0-084220b91463,El Apamate,Ramírez,0cb87d79-618e-45f3-8879-aaf3708bfd9c,Francisco Enrique González Roselli,Oriente,186730,G04,7,2026,235.2,147,31,147,False,False,robusto,1.8225,propio,186730,0
6c03962d-afab-4407-94c0-084220b91463,El Apamate,Ramírez,0cb87d79-618e-45f3-8879-aaf3708bfd9c,Francisco Enrique González Roselli,Oriente,186730,G04,6,2026,182.49,79.4,30,79.4,False,False,robusto,1.8225,propio,186730,0
6c03962d-afab-4407-94c0-084220b91463,El Apamate,Ramírez,0cb87d79-618e-45f3-8879-aaf3708bfd9c,Francisco Enrique González Roselli,Oriente,186730,G04,5,2026,30,90.6,31,90.6,False,False,robusto,1.8225,propio,186730,0
6c03962d-afab-4407-94c0-084220b91463,El Apamate,Ramírez,0cb87d79-618e-45f3-8879-aaf3708bfd9c,Francisco Enrique González Roselli,Oriente,186730,G04,4,2026,7,45.4,30,45.4,False,False,robusto,1.8225,propio,186730,0
6c03962d-afab-4407-94c0-084220b91463,El Apamate,Ramírez,0cb87d79-618e-45f3-8879-aaf3708bfd9c,Francisco Enrique González Roselli,Oriente,186730,G04,3,2026,0.2,6.6,31,6.6,False,False,robusto,1.8225,propio,186730,0
6c03962d-afab-4407-94c0-084220b91463,El Apamate,Ramírez,0cb87d79-618e-45f3-8879-aaf3708bfd9c,Francisco Enrique González Roselli,Oriente,186730,G04,2,2026,0,0,28,0,False,False,robusto,1.8225,propio,186730,0
6c03962d-afab-4407-94c0-084220b91463,El Apamate,Ramírez,0cb87d79-618e-45f3-8879-aaf3708bfd9c,Francisco Enrique González Roselli,Oriente,186730,G04,1,2026,,2,22,2,False,False,robusto,1.8225,propio,186730,0
58f30f5d-38dc-4562-ae0a-cc210ea79c3a,El Encanto,Las 120 del frente 1,2d7ef9de-cfb6-4321-8da5-c76532fa7406,Wolfgang Esteger Bohor,,,,,,,,,,,,,,,,
a645f030-f241-4d61-8ab5-c8bb42531601,El Encanto,Las 15,2d7ef9de-cfb6-4321-8da5-c76532fa7406,Wolfgang Esteger Bohor,,,,,,,,,,,,,,,,
171a4e48-1661-46b7-a246-940bced04fb3,El Encanto,Las 80 de atrás,2d7ef9de-cfb6-4321-8da5-c76532fa7406,Wolfgang Esteger Bohor,,,,,,,,,,,,,,,,
2e959a4a-0a26-4e40-a96d-2b9345057402,El Encanto,Parcela 62,2d7ef9de-cfb6-4321-8da5-c76532fa7406,Wolfgang Esteger Bohor,,,,,,,,,,,,,,,,
9ea1d550-ffd7-45a7-96dd-c65b606f627a,El Encanto,Parcela 64,2d7ef9de-cfb6-4321-8da5-c76532fa7406,Wolfgang Esteger Bohor,,,,,,,,,,,,,,,,
f55dc471-b9ad-4800-ac8f-676ba61e362d,El Loro,Costaneros,d33e49e6-c9a2-4c94-8bf2-cf871e8be14d,Celso Fantinel Furlanis,Oriente,213735,G05,12,2026,7.2,,0,4.94,True,False,ytd,0.6865,propio,213735,0
f55dc471-b9ad-4800-ac8f-676ba61e362d,El Loro,Costaneros,d33e49e6-c9a2-4c94-8bf2-cf871e8be14d,Celso Fantinel Furlanis,Oriente,213735,G05,11,2026,11.4,,0,7.83,True,False,ytd,0.6865,propio,213735,0
f55dc471-b9ad-4800-ac8f-676ba61e362d,El Loro,Costaneros,d33e49e6-c9a2-4c94-8bf2-cf871e8be14d,Celso Fantinel Furlanis,Oriente,213735,G05,10,2026,118.2,,0,81.14,True,False,ytd,0.6865,propio,213735,0
f55dc471-b9ad-4800-ac8f-676ba61e362d,El Loro,Costaneros,d33e49e6-c9a2-4c94-8bf2-cf871e8be14d,Celso Fantinel Furlanis,Oriente,213735,G05,9,2026,162.8,,0,111.76,True,False,ytd,0.6865,propio,213735,0
f55dc471-b9ad-4800-ac8f-676ba61e362d,El Loro,Costaneros,d33e49e6-c9a2-4c94-8bf2-cf871e8be14d,Celso Fantinel Furlanis,Oriente,213735,G05,8,2026,169,0,2,116.02,True,True,ytd,0.6865,propio,213735,0
f55dc471-b9ad-4800-ac8f-676ba61e362d,El Loro,Costaneros,d33e49e6-c9a2-4c94-8bf2-cf871e8be14d,Celso Fantinel Furlanis,Oriente,213735,G05,7,2026,182,55,31,55,False,False,ytd,0.6865,propio,213735,0
f55dc471-b9ad-4800-ac8f-676ba61e362d,El Loro,Costaneros,d33e49e6-c9a2-4c94-8bf2-cf871e8be14d,Celso Fantinel Furlanis,Oriente,213735,G05,6,2026,124.2,155.2,30,155.2,False,False,ytd,0.6865,propio,213735,0
f55dc471-b9ad-4800-ac8f-676ba61e362d,El Loro,Costaneros,d33e49e6-c9a2-4c94-8bf2-cf871e8be14d,Celso Fantinel Furlanis,Oriente,213735,G05,5,2026,,163.4,31,163.4,False,False,ytd,0.6865,propio,213735,0
f55dc471-b9ad-4800-ac8f-676ba61e362d,El Loro,Costaneros,d33e49e6-c9a2-4c94-8bf2-cf871e8be14d,Celso Fantinel Furlanis,Oriente,213735,G05,4,2026,,37.8,30,37.8,False,False,ytd,0.6865,propio,213735,0
f55dc471-b9ad-4800-ac8f-676ba61e362d,El Loro,Costaneros,d33e49e6-c9a2-4c94-8bf2-cf871e8be14d,Celso Fantinel Furlanis,Oriente,213735,G05,3,2026,,16.4,31,16.4,False,False,ytd,0.6865,propio,213735,0
f55dc471-b9ad-4800-ac8f-676ba61e362d,El Loro,Costaneros,d33e49e6-c9a2-4c94-8bf2-cf871e8be14d,Celso Fantinel Furlanis,Oriente,213735,G05,2,2026,,0,28,0,False,False,ytd,0.6865,propio,213735,0
f55dc471-b9ad-4800-ac8f-676ba61e362d,El Loro,Costaneros,d33e49e6-c9a2-4c94-8bf2-cf871e8be14d,Celso Fantinel Furlanis,Oriente,213735,G05,1,2026,,0.4,31,0.4,False,False,ytd,0.6865,propio,213735,0
d359733d-cffe-4298-843e-98528015531d,El Loro,Frijolero Oeste,d33e49e6-c9a2-4c94-8bf2-cf871e8be14d,Celso Fantinel Furlanis,Oriente,213735,G05,12,2026,7.2,,0,4.94,True,False,ytd,0.6865,propio,213735,0
d359733d-cffe-4298-843e-98528015531d,El Loro,Frijolero Oeste,d33e49e6-c9a2-4c94-8bf2-cf871e8be14d,Celso Fantinel Furlanis,Oriente,213735,G05,11,2026,11.4,,0,7.83,True,False,ytd,0.6865,propio,213735,0
d359733d-cffe-4298-843e-98528015531d,El Loro,Frijolero Oeste,d33e49e6-c9a2-4c94-8bf2-cf871e8be14d,Celso Fantinel Furlanis,Oriente,213735,G05,10,2026,118.2,,0,81.14,True,False,ytd,0.6865,propio,213735,0
d359733d-cffe-4298-843e-98528015531d,El Loro,Frijolero Oeste,d33e49e6-c9a2-4c94-8bf2-cf871e8be14d,Celso Fantinel Furlanis,Oriente,213735,G05,9,2026,162.8,,0,111.76,True,False,ytd,0.6865,propio,213735,0
d359733d-cffe-4298-843e-98528015531d,El Loro,Frijolero Oeste,d33e49e6-c9a2-4c94-8bf2-cf871e8be14d,Celso Fantinel Furlanis,Oriente,213735,G05,8,2026,169,0,2,116.02,True,True,ytd,0.6865,propio,213735,0
d359733d-cffe-4298-843e-98528015531d,El Loro,Frijolero Oeste,d33e49e6-c9a2-4c94-8bf2-cf871e8be14d,Celso Fantinel Furlanis,Oriente,213735,G05,7,2026,182,55,31,55,False,False,ytd,0.6865,propio,213735,0
d359733d-cffe-4298-843e-98528015531d,El Loro,Frijolero Oeste,d33e49e6-c9a2-4c94-8bf2-cf871e8be14d,Celso Fantinel Furlanis,Oriente,213735,G05,6,2026,124.2,155.2,30,155.2,False,False,ytd,0.6865,propio,213735,0
d359733d-cffe-4298-843e-98528015531d,El Loro,Frijolero Oeste,d33e49e6-c9a2-4c94-8bf2-cf871e8be14d,Celso Fantinel Furlanis,Oriente,213735,G05,5,2026,,163.4,31,163.4,False,False,ytd,0.6865,propio,213735,0
d359733d-cffe-4298-843e-98528015531d,El Loro,Frijolero Oeste,d33e49e6-c9a2-4c94-8bf2-cf871e8be14d,Celso Fantinel Furlanis,Oriente,213735,G05,4,2026,,37.8,30,37.8,False,False,ytd,0.6865,propio,213735,0
d359733d-cffe-4298-843e-98528015531d,El Loro,Frijolero Oeste,d33e49e6-c9a2-4c94-8bf2-cf871e8be14d,Celso Fantinel Furlanis,Oriente,213735,G05,3,2026,,16.4,31,16.4,False,False,ytd,0.6865,propio,213735,0
d359733d-cffe-4298-843e-98528015531d,El Loro,Frijolero Oeste,d33e49e6-c9a2-4c94-8bf2-cf871e8be14d,Celso Fantinel Furlanis,Oriente,213735,G05,2,2026,,0,28,0,False,False,ytd,0.6865,propio,213735,0
d359733d-cffe-4298-843e-98528015531d,El Loro,Frijolero Oeste,d33e49e6-c9a2-4c94-8bf2-cf871e8be14d,Celso Fantinel Furlanis,Oriente,213735,G05,1,2026,,0.4,31,0.4,False,False,ytd,0.6865,propio,213735,0
78f5f315-7fe6-449c-b591-aaaf96a3d4d5,El Loro,Guillero 1,d33e49e6-c9a2-4c94-8bf2-cf871e8be14d,Celso Fantinel Furlanis,Oriente,213735,G05,12,2026,7.2,,0,4.94,True,False,ytd,0.6865,propio,213735,0
78f5f315-7fe6-449c-b591-aaaf96a3d4d5,El Loro,Guillero 1,d33e49e6-c9a2-4c94-8bf2-cf871e8be14d,Celso Fantinel Furlanis,Oriente,213735,G05,11,2026,11.4,,0,7.83,True,False,ytd,0.6865,propio,213735,0
78f5f315-7fe6-449c-b591-aaaf96a3d4d5,El Loro,Guillero 1,d33e49e6-c9a2-4c94-8bf2-cf871e8be14d,Celso Fantinel Furlanis,Oriente,213735,G05,10,2026,118.2,,0,81.14,True,False,ytd,0.6865,propio,213735,0
78f5f315-7fe6-449c-b591-aaaf96a3d4d5,El Loro,Guillero 1,d33e49e6-c9a2-4c94-8bf2-cf871e8be14d,Celso Fantinel Furlanis,Oriente,213735,G05,9,2026,162.8,,0,111.76,True,False,ytd,0.6865,propio,213735,0
78f5f315-7fe6-449c-b591-aaaf96a3d4d5,El Loro,Guillero 1,d33e49e6-c9a2-4c94-8bf2-cf871e8be14d,Celso Fantinel Furlanis,Oriente,213735,G05,8,2026,169,0,2,116.02,True,True,ytd,0.6865,propio,213735,0
78f5f315-7fe6-449c-b591-aaaf96a3d4d5,El Loro,Guillero 1,d33e49e6-c9a2-4c94-8bf2-cf871e8be14d,Celso Fantinel Furlanis,Oriente,213735,G05,7,2026,182,55,31,55,False,False,ytd,0.6865,propio,213735,0
78f5f315-7fe6-449c-b591-aaaf96a3d4d5,El Loro,Guillero 1,d33e49e6-c9a2-4c94-8bf2-cf871e8be14d,Celso Fantinel Furlanis,Oriente,213735,G05,6,2026,124.2,155.2,30,155.2,False,False,ytd,0.6865,propio,213735,0
78f5f315-7fe6-449c-b591-aaaf96a3d4d5,El Loro,Guillero 1,d33e49e6-c9a2-4c94-8bf2-cf871e8be14d,Celso Fantinel Furlanis,Oriente,213735,G05,5,2026,,163.4,31,163.4,False,False,ytd,0.6865,propio,213735,0
78f5f315-7fe6-449c-b591-aaaf96a3d4d5,El Loro,Guillero 1,d33e49e6-c9a2-4c94-8bf2-cf871e8be14d,Celso Fantinel Furlanis,Oriente,213735,G05,4,2026,,37.8,30,37.8,False,False,ytd,0.6865,propio,213735,0
78f5f315-7fe6-449c-b591-aaaf96a3d4d5,El Loro,Guillero 1,d33e49e6-c9a2-4c94-8bf2-cf871e8be14d,Celso Fantinel Furlanis,Oriente,213735,G05,3,2026,,16.4,31,16.4,False,False,ytd,0.6865,propio,213735,0
78f5f315-7fe6-449c-b591-aaaf96a3d4d5,El Loro,Guillero 1,d33e49e6-c9a2-4c94-8bf2-cf871e8be14d,Celso Fantinel Furlanis,Oriente,213735,G05,2,2026,,0,28,0,False,False,ytd,0.6865,propio,213735,0
78f5f315-7fe6-449c-b591-aaaf96a3d4d5,El Loro,Guillero 1,d33e49e6-c9a2-4c94-8bf2-cf871e8be14d,Celso Fantinel Furlanis,Oriente,213735,G05,1,2026,,0.4,31,0.4,False,False,ytd,0.6865,propio,213735,0
0c5f247f-14a9-456b-9c08-ad395b544af5,El Loro,Guillero 2,d33e49e6-c9a2-4c94-8bf2-cf871e8be14d,Celso Fantinel Furlanis,Oriente,213735,G05,12,2026,7.2,,0,4.94,True,False,ytd,0.6865,propio,213735,0
0c5f247f-14a9-456b-9c08-ad395b544af5,El Loro,Guillero 2,d33e49e6-c9a2-4c94-8bf2-cf871e8be14d,Celso Fantinel Furlanis,Oriente,213735,G05,11,2026,11.4,,0,7.83,True,False,ytd,0.6865,propio,213735,0
0c5f247f-14a9-456b-9c08-ad395b544af5,El Loro,Guillero 2,d33e49e6-c9a2-4c94-8bf2-cf871e8be14d,Celso Fantinel Furlanis,Oriente,213735,G05,10,2026,118.2,,0,81.14,True,False,ytd,0.6865,propio,213735,0
0c5f247f-14a9-456b-9c08-ad395b544af5,El Loro,Guillero 2,d33e49e6-c9a2-4c94-8bf2-cf871e8be14d,Celso Fantinel Furlanis,Oriente,213735,G05,9,2026,162.8,,0,111.76,True,False,ytd,0.6865,propio,213735,0
0c5f247f-14a9-456b-9c08-ad395b544af5,El Loro,Guillero 2,d33e49e6-c9a2-4c94-8bf2-cf871e8be14d,Celso Fantinel Furlanis,Oriente,213735,G05,8,2026,169,0,2,116.02,True,True,ytd,0.6865,propio,213735,0
0c5f247f-14a9-456b-9c08-ad395b544af5,El Loro,Guillero 2,d33e49e6-c9a2-4c94-8bf2-cf871e8be14d,Celso Fantinel Furlanis,Oriente,213735,G05,7,2026,182,55,31,55,False,False,ytd,0.6865,propio,213735,0
0c5f247f-14a9-456b-9c08-ad395b544af5,El Loro,Guillero 2,d33e49e6-c9a2-4c94-8bf2-cf871e8be14d,Celso Fantinel Furlanis,Oriente,213735,G05,6,2026,124.2,155.2,30,155.2,False,False,ytd,0.6865,propio,213735,0
0c5f247f-14a9-456b-9c08-ad395b544af5,El Loro,Guillero 2,d33e49e6-c9a2-4c94-8bf2-cf871e8be14d,Celso Fantinel Furlanis,Oriente,213735,G05,5,2026,,163.4,31,163.4,False,False,ytd,0.6865,propio,213735,0
0c5f247f-14a9-456b-9c08-ad395b544af5,El Loro,Guillero 2,d33e49e6-c9a2-4c94-8bf2-cf871e8be14d,Celso Fantinel Furlanis,Oriente,213735,G05,4,2026,,37.8,30,37.8,False,False,ytd,0.6865,propio,213735,0
0c5f247f-14a9-456b-9c08-ad395b544af5,El Loro,Guillero 2,d33e49e6-c9a2-4c94-8bf2-cf871e8be14d,Celso Fantinel Furlanis,Oriente,213735,G05,3,2026,,16.4,31,16.4,False,False,ytd,0.6865,propio,213735,0
0c5f247f-14a9-456b-9c08-ad395b544af5,El Loro,Guillero 2,d33e49e6-c9a2-4c94-8bf2-cf871e8be14d,Celso Fantinel Furlanis,Oriente,213735,G05,2,2026,,0,28,0,False,False,ytd,0.6865,propio,213735,0
0c5f247f-14a9-456b-9c08-ad395b544af5,El Loro,Guillero 2,d33e49e6-c9a2-4c94-8bf2-cf871e8be14d,Celso Fantinel Furlanis,Oriente,213735,G05,1,2026,,0.4,31,0.4,False,False,ytd,0.6865,propio,213735,0
b281e4c5-89c9-4bd5-8830-bc5614b4b703,El Loro,L01 LOTE SAMANCITO,d33e49e6-c9a2-4c94-8bf2-cf871e8be14d,Celso Fantinel Furlanis,Oriente,213735,G05,12,2026,7.2,,0,4.94,True,False,ytd,0.6865,propio,213735,0
b281e4c5-89c9-4bd5-8830-bc5614b4b703,El Loro,L01 LOTE SAMANCITO,d33e49e6-c9a2-4c94-8bf2-cf871e8be14d,Celso Fantinel Furlanis,Oriente,213735,G05,11,2026,11.4,,0,7.83,True,False,ytd,0.6865,propio,213735,0
b281e4c5-89c9-4bd5-8830-bc5614b4b703,El Loro,L01 LOTE SAMANCITO,d33e49e6-c9a2-4c94-8bf2-cf871e8be14d,Celso Fantinel Furlanis,Oriente,213735,G05,10,2026,118.2,,0,81.14,True,False,ytd,0.6865,propio,213735,0
b281e4c5-89c9-4bd5-8830-bc5614b4b703,El Loro,L01 LOTE SAMANCITO,d33e49e6-c9a2-4c94-8bf2-cf871e8be14d,Celso Fantinel Furlanis,Oriente,213735,G05,9,2026,162.8,,0,111.76,True,False,ytd,0.6865,propio,213735,0
b281e4c5-89c9-4bd5-8830-bc5614b4b703,El Loro,L01 LOTE SAMANCITO,d33e49e6-c9a2-4c94-8bf2-cf871e8be14d,Celso Fantinel Furlanis,Oriente,213735,G05,8,2026,169,0,2,116.02,True,True,ytd,0.6865,propio,213735,0
b281e4c5-89c9-4bd5-8830-bc5614b4b703,El Loro,L01 LOTE SAMANCITO,d33e49e6-c9a2-4c94-8bf2-cf871e8be14d,Celso Fantinel Furlanis,Oriente,213735,G05,7,2026,182,55,31,55,False,False,ytd,0.6865,propio,213735,0
b281e4c5-89c9-4bd5-8830-bc5614b4b703,El Loro,L01 LOTE SAMANCITO,d33e49e6-c9a2-4c94-8bf2-cf871e8be14d,Celso Fantinel Furlanis,Oriente,213735,G05,6,2026,124.2,155.2,30,155.2,False,False,ytd,0.6865,propio,213735,0
b281e4c5-89c9-4bd5-8830-bc5614b4b703,El Loro,L01 LOTE SAMANCITO,d33e49e6-c9a2-4c94-8bf2-cf871e8be14d,Celso Fantinel Furlanis,Oriente,213735,G05,5,2026,,163.4,31,163.4,False,False,ytd,0.6865,propio,213735,0
b281e4c5-89c9-4bd5-8830-bc5614b4b703,El Loro,L01 LOTE SAMANCITO,d33e49e6-c9a2-4c94-8bf2-cf871e8be14d,Celso Fantinel Furlanis,Oriente,213735,G05,4,2026,,37.8,30,37.8,False,False,ytd,0.6865,propio,213735,0
b281e4c5-89c9-4bd5-8830-bc5614b4b703,El Loro,L01 LOTE SAMANCITO,d33e49e6-c9a2-4c94-8bf2-cf871e8be14d,Celso Fantinel Furlanis,Oriente,213735,G05,3,2026,,16.4,31,16.4,False,False,ytd,0.6865,propio,213735,0
b281e4c5-89c9-4bd5-8830-bc5614b4b703,El Loro,L01 LOTE SAMANCITO,d33e49e6-c9a2-4c94-8bf2-cf871e8be14d,Celso Fantinel Furlanis,Oriente,213735,G05,2,2026,,0,28,0,False,False,ytd,0.6865,propio,213735,0
b281e4c5-89c9-4bd5-8830-bc5614b4b703,El Loro,L01 LOTE SAMANCITO,d33e49e6-c9a2-4c94-8bf2-cf871e8be14d,Celso Fantinel Furlanis,Oriente,213735,G05,1,2026,,0.4,31,0.4,False,False,ytd,0.6865,propio,213735,0
ea74468f-e74f-458e-a748-e6975bc9e03f,El Loro,La Ceiba,d33e49e6-c9a2-4c94-8bf2-cf871e8be14d,Celso Fantinel Furlanis,Oriente,213735,G05,12,2026,7.2,,0,4.94,True,False,ytd,0.6865,propio,213735,0
ea74468f-e74f-458e-a748-e6975bc9e03f,El Loro,La Ceiba,d33e49e6-c9a2-4c94-8bf2-cf871e8be14d,Celso Fantinel Furlanis,Oriente,213735,G05,11,2026,11.4,,0,7.83,True,False,ytd,0.6865,propio,213735,0
ea74468f-e74f-458e-a748-e6975bc9e03f,El Loro,La Ceiba,d33e49e6-c9a2-4c94-8bf2-cf871e8be14d,Celso Fantinel Furlanis,Oriente,213735,G05,10,2026,118.2,,0,81.14,True,False,ytd,0.6865,propio,213735,0
ea74468f-e74f-458e-a748-e6975bc9e03f,El Loro,La Ceiba,d33e49e6-c9a2-4c94-8bf2-cf871e8be14d,Celso Fantinel Furlanis,Oriente,213735,G05,9,2026,162.8,,0,111.76,True,False,ytd,0.6865,propio,213735,0
ea74468f-e74f-458e-a748-e6975bc9e03f,El Loro,La Ceiba,d33e49e6-c9a2-4c94-8bf2-cf871e8be14d,Celso Fantinel Furlanis,Oriente,213735,G05,8,2026,169,0,2,116.02,True,True,ytd,0.6865,propio,213735,0
ea74468f-e74f-458e-a748-e6975bc9e03f,El Loro,La Ceiba,d33e49e6-c9a2-4c94-8bf2-cf871e8be14d,Celso Fantinel Furlanis,Oriente,213735,G05,7,2026,182,55,31,55,False,False,ytd,0.6865,propio,213735,0
ea74468f-e74f-458e-a748-e6975bc9e03f,El Loro,La Ceiba,d33e49e6-c9a2-4c94-8bf2-cf871e8be14d,Celso Fantinel Furlanis,Oriente,213735,G05,6,2026,124.2,155.2,30,155.2,False,False,ytd,0.6865,propio,213735,0
ea74468f-e74f-458e-a748-e6975bc9e03f,El Loro,La Ceiba,d33e49e6-c9a2-4c94-8bf2-cf871e8be14d,Celso Fantinel Furlanis,Oriente,213735,G05,5,2026,,163.4,31,163.4,False,False,ytd,0.6865,propio,213735,0
ea74468f-e74f-458e-a748-e6975bc9e03f,El Loro,La Ceiba,d33e49e6-c9a2-4c94-8bf2-cf871e8be14d,Celso Fantinel Furlanis,Oriente,213735,G05,4,2026,,37.8,30,37.8,False,False,ytd,0.6865,propio,213735,0
ea74468f-e74f-458e-a748-e6975bc9e03f,El Loro,La Ceiba,d33e49e6-c9a2-4c94-8bf2-cf871e8be14d,Celso Fantinel Furlanis,Oriente,213735,G05,3,2026,,16.4,31,16.4,False,False,ytd,0.6865,propio,213735,0
ea74468f-e74f-458e-a748-e6975bc9e03f,El Loro,La Ceiba,d33e49e6-c9a2-4c94-8bf2-cf871e8be14d,Celso Fantinel Furlanis,Oriente,213735,G05,2,2026,,0,28,0,False,False,ytd,0.6865,propio,213735,0
ea74468f-e74f-458e-a748-e6975bc9e03f,El Loro,La Ceiba,d33e49e6-c9a2-4c94-8bf2-cf871e8be14d,Celso Fantinel Furlanis,Oriente,213735,G05,1,2026,,0.4,31,0.4,False,False,ytd,0.6865,propio,213735,0
da0e68eb-4568-4ad4-85f6-2b89e8a7de22,El Loro,Punta gorda A,d33e49e6-c9a2-4c94-8bf2-cf871e8be14d,Celso Fantinel Furlanis,Oriente,213735,G05,12,2026,7.2,,0,4.94,True,False,ytd,0.6865,propio,213735,0
da0e68eb-4568-4ad4-85f6-2b89e8a7de22,El Loro,Punta gorda A,d33e49e6-c9a2-4c94-8bf2-cf871e8be14d,Celso Fantinel Furlanis,Oriente,213735,G05,11,2026,11.4,,0,7.83,True,False,ytd,0.6865,propio,213735,0
da0e68eb-4568-4ad4-85f6-2b89e8a7de22,El Loro,Punta gorda A,d33e49e6-c9a2-4c94-8bf2-cf871e8be14d,Celso Fantinel Furlanis,Oriente,213735,G05,10,2026,118.2,,0,81.14,True,False,ytd,0.6865,propio,213735,0
da0e68eb-4568-4ad4-85f6-2b89e8a7de22,El Loro,Punta gorda A,d33e49e6-c9a2-4c94-8bf2-cf871e8be14d,Celso Fantinel Furlanis,Oriente,213735,G05,9,2026,162.8,,0,111.76,True,False,ytd,0.6865,propio,213735,0
da0e68eb-4568-4ad4-85f6-2b89e8a7de22,El Loro,Punta gorda A,d33e49e6-c9a2-4c94-8bf2-cf871e8be14d,Celso Fantinel Furlanis,Oriente,213735,G05,8,2026,169,0,2,116.02,True,True,ytd,0.6865,propio,213735,0
da0e68eb-4568-4ad4-85f6-2b89e8a7de22,El Loro,Punta gorda A,d33e49e6-c9a2-4c94-8bf2-cf871e8be14d,Celso Fantinel Furlanis,Oriente,213735,G05,7,2026,182,55,31,55,False,False,ytd,0.6865,propio,213735,0
da0e68eb-4568-4ad4-85f6-2b89e8a7de22,El Loro,Punta gorda A,d33e49e6-c9a2-4c94-8bf2-cf871e8be14d,Celso Fantinel Furlanis,Oriente,213735,G05,6,2026,124.2,155.2,30,155.2,False,False,ytd,0.6865,propio,213735,0
da0e68eb-4568-4ad4-85f6-2b89e8a7de22,El Loro,Punta gorda A,d33e49e6-c9a2-4c94-8bf2-cf871e8be14d,Celso Fantinel Furlanis,Oriente,213735,G05,5,2026,,163.4,31,163.4,False,False,ytd,0.6865,propio,213735,0
da0e68eb-4568-4ad4-85f6-2b89e8a7de22,El Loro,Punta gorda A,d33e49e6-c9a2-4c94-8bf2-cf871e8be14d,Celso Fantinel Furlanis,Oriente,213735,G05,4,2026,,37.8,30,37.8,False,False,ytd,0.6865,propio,213735,0
da0e68eb-4568-4ad4-85f6-2b89e8a7de22,El Loro,Punta gorda A,d33e49e6-c9a2-4c94-8bf2-cf871e8be14d,Celso Fantinel Furlanis,Oriente,213735,G05,3,2026,,16.4,31,16.4,False,False,ytd,0.6865,propio,213735,0
da0e68eb-4568-4ad4-85f6-2b89e8a7de22,El Loro,Punta gorda A,d33e49e6-c9a2-4c94-8bf2-cf871e8be14d,Celso Fantinel Furlanis,Oriente,213735,G05,2,2026,,0,28,0,False,False,ytd,0.6865,propio,213735,0
da0e68eb-4568-4ad4-85f6-2b89e8a7de22,El Loro,Punta gorda A,d33e49e6-c9a2-4c94-8bf2-cf871e8be14d,Celso Fantinel Furlanis,Oriente,213735,G05,1,2026,,0.4,31,0.4,False,False,ytd,0.6865,propio,213735,0
54273189-deea-459e-9539-a9a66e106f45,El Loro,Taladro,d33e49e6-c9a2-4c94-8bf2-cf871e8be14d,Celso Fantinel Furlanis,Oriente,213735,G05,12,2026,7.2,,0,4.94,True,False,ytd,0.6865,propio,213735,0
54273189-deea-459e-9539-a9a66e106f45,El Loro,Taladro,d33e49e6-c9a2-4c94-8bf2-cf871e8be14d,Celso Fantinel Furlanis,Oriente,213735,G05,11,2026,11.4,,0,7.83,True,False,ytd,0.6865,propio,213735,0
54273189-deea-459e-9539-a9a66e106f45,El Loro,Taladro,d33e49e6-c9a2-4c94-8bf2-cf871e8be14d,Celso Fantinel Furlanis,Oriente,213735,G05,10,2026,118.2,,0,81.14,True,False,ytd,0.6865,propio,213735,0
54273189-deea-459e-9539-a9a66e106f45,El Loro,Taladro,d33e49e6-c9a2-4c94-8bf2-cf871e8be14d,Celso Fantinel Furlanis,Oriente,213735,G05,9,2026,162.8,,0,111.76,True,False,ytd,0.6865,propio,213735,0
54273189-deea-459e-9539-a9a66e106f45,El Loro,Taladro,d33e49e6-c9a2-4c94-8bf2-cf871e8be14d,Celso Fantinel Furlanis,Oriente,213735,G05,8,2026,169,0,2,116.02,True,True,ytd,0.6865,propio,213735,0
54273189-deea-459e-9539-a9a66e106f45,El Loro,Taladro,d33e49e6-c9a2-4c94-8bf2-cf871e8be14d,Celso Fantinel Furlanis,Oriente,213735,G05,7,2026,182,55,31,55,False,False,ytd,0.6865,propio,213735,0
54273189-deea-459e-9539-a9a66e106f45,El Loro,Taladro,d33e49e6-c9a2-4c94-8bf2-cf871e8be14d,Celso Fantinel Furlanis,Oriente,213735,G05,6,2026,124.2,155.2,30,155.2,False,False,ytd,0.6865,propio,213735,0
54273189-deea-459e-9539-a9a66e106f45,El Loro,Taladro,d33e49e6-c9a2-4c94-8bf2-cf871e8be14d,Celso Fantinel Furlanis,Oriente,213735,G05,5,2026,,163.4,31,163.4,False,False,ytd,0.6865,propio,213735,0
54273189-deea-459e-9539-a9a66e106f45,El Loro,Taladro,d33e49e6-c9a2-4c94-8bf2-cf871e8be14d,Celso Fantinel Furlanis,Oriente,213735,G05,4,2026,,37.8,30,37.8,False,False,ytd,0.6865,propio,213735,0
54273189-deea-459e-9539-a9a66e106f45,El Loro,Taladro,d33e49e6-c9a2-4c94-8bf2-cf871e8be14d,Celso Fantinel Furlanis,Oriente,213735,G05,3,2026,,16.4,31,16.4,False,False,ytd,0.6865,propio,213735,0
54273189-deea-459e-9539-a9a66e106f45,El Loro,Taladro,d33e49e6-c9a2-4c94-8bf2-cf871e8be14d,Celso Fantinel Furlanis,Oriente,213735,G05,2,2026,,0,28,0,False,False,ytd,0.6865,propio,213735,0
54273189-deea-459e-9539-a9a66e106f45,El Loro,Taladro,d33e49e6-c9a2-4c94-8bf2-cf871e8be14d,Celso Fantinel Furlanis,Oriente,213735,G05,1,2026,,0.4,31,0.4,False,False,ytd,0.6865,propio,213735,0
4fcc3c97-d554-4a32-af2f-df4166ed9d5a,El Loro,Victoriero 1,d33e49e6-c9a2-4c94-8bf2-cf871e8be14d,Celso Fantinel Furlanis,Oriente,213735,G05,12,2026,7.2,,0,4.94,True,False,ytd,0.6865,propio,213735,0
4fcc3c97-d554-4a32-af2f-df4166ed9d5a,El Loro,Victoriero 1,d33e49e6-c9a2-4c94-8bf2-cf871e8be14d,Celso Fantinel Furlanis,Oriente,213735,G05,11,2026,11.4,,0,7.83,True,False,ytd,0.6865,propio,213735,0
4fcc3c97-d554-4a32-af2f-df4166ed9d5a,El Loro,Victoriero 1,d33e49e6-c9a2-4c94-8bf2-cf871e8be14d,Celso Fantinel Furlanis,Oriente,213735,G05,10,2026,118.2,,0,81.14,True,False,ytd,0.6865,propio,213735,0
4fcc3c97-d554-4a32-af2f-df4166ed9d5a,El Loro,Victoriero 1,d33e49e6-c9a2-4c94-8bf2-cf871e8be14d,Celso Fantinel Furlanis,Oriente,213735,G05,9,2026,162.8,,0,111.76,True,False,ytd,0.6865,propio,213735,0
4fcc3c97-d554-4a32-af2f-df4166ed9d5a,El Loro,Victoriero 1,d33e49e6-c9a2-4c94-8bf2-cf871e8be14d,Celso Fantinel Furlanis,Oriente,213735,G05,8,2026,169,0,2,116.02,True,True,ytd,0.6865,propio,213735,0
4fcc3c97-d554-4a32-af2f-df4166ed9d5a,El Loro,Victoriero 1,d33e49e6-c9a2-4c94-8bf2-cf871e8be14d,Celso Fantinel Furlanis,Oriente,213735,G05,7,2026,182,55,31,55,False,False,ytd,0.6865,propio,213735,0
4fcc3c97-d554-4a32-af2f-df4166ed9d5a,El Loro,Victoriero 1,d33e49e6-c9a2-4c94-8bf2-cf871e8be14d,Celso Fantinel Furlanis,Oriente,213735,G05,6,2026,124.2,155.2,30,155.2,False,False,ytd,0.6865,propio,213735,0
4fcc3c97-d554-4a32-af2f-df4166ed9d5a,El Loro,Victoriero 1,d33e49e6-c9a2-4c94-8bf2-cf871e8be14d,Celso Fantinel Furlanis,Oriente,213735,G05,5,2026,,163.4,31,163.4,False,False,ytd,0.6865,propio,213735,0
4fcc3c97-d554-4a32-af2f-df4166ed9d5a,El Loro,Victoriero 1,d33e49e6-c9a2-4c94-8bf2-cf871e8be14d,Celso Fantinel Furlanis,Oriente,213735,G05,4,2026,,37.8,30,37.8,False,False,ytd,0.6865,propio,213735,0
4fcc3c97-d554-4a32-af2f-df4166ed9d5a,El Loro,Victoriero 1,d33e49e6-c9a2-4c94-8bf2-cf871e8be14d,Celso Fantinel Furlanis,Oriente,213735,G05,3,2026,,16.4,31,16.4,False,False,ytd,0.6865,propio,213735,0
4fcc3c97-d554-4a32-af2f-df4166ed9d5a,El Loro,Victoriero 1,d33e49e6-c9a2-4c94-8bf2-cf871e8be14d,Celso Fantinel Furlanis,Oriente,213735,G05,2,2026,,0,28,0,False,False,ytd,0.6865,propio,213735,0
4fcc3c97-d554-4a32-af2f-df4166ed9d5a,El Loro,Victoriero 1,d33e49e6-c9a2-4c94-8bf2-cf871e8be14d,Celso Fantinel Furlanis,Oriente,213735,G05,1,2026,,0.4,31,0.4,False,False,ytd,0.6865,propio,213735,0
98469e64-a201-4a2f-b101-35c7011545df,El Loro,Victoriero 2,d33e49e6-c9a2-4c94-8bf2-cf871e8be14d,Celso Fantinel Furlanis,Oriente,213735,G05,12,2026,7.2,,0,4.94,True,False,ytd,0.6865,propio,213735,0
98469e64-a201-4a2f-b101-35c7011545df,El Loro,Victoriero 2,d33e49e6-c9a2-4c94-8bf2-cf871e8be14d,Celso Fantinel Furlanis,Oriente,213735,G05,11,2026,11.4,,0,7.83,True,False,ytd,0.6865,propio,213735,0
98469e64-a201-4a2f-b101-35c7011545df,El Loro,Victoriero 2,d33e49e6-c9a2-4c94-8bf2-cf871e8be14d,Celso Fantinel Furlanis,Oriente,213735,G05,10,2026,118.2,,0,81.14,True,False,ytd,0.6865,propio,213735,0
98469e64-a201-4a2f-b101-35c7011545df,El Loro,Victoriero 2,d33e49e6-c9a2-4c94-8bf2-cf871e8be14d,Celso Fantinel Furlanis,Oriente,213735,G05,9,2026,162.8,,0,111.76,True,False,ytd,0.6865,propio,213735,0
98469e64-a201-4a2f-b101-35c7011545df,El Loro,Victoriero 2,d33e49e6-c9a2-4c94-8bf2-cf871e8be14d,Celso Fantinel Furlanis,Oriente,213735,G05,8,2026,169,0,2,116.02,True,True,ytd,0.6865,propio,213735,0
98469e64-a201-4a2f-b101-35c7011545df,El Loro,Victoriero 2,d33e49e6-c9a2-4c94-8bf2-cf871e8be14d,Celso Fantinel Furlanis,Oriente,213735,G05,7,2026,182,55,31,55,False,False,ytd,0.6865,propio,213735,0
98469e64-a201-4a2f-b101-35c7011545df,El Loro,Victoriero 2,d33e49e6-c9a2-4c94-8bf2-cf871e8be14d,Celso Fantinel Furlanis,Oriente,213735,G05,6,2026,124.2,155.2,30,155.2,False,False,ytd,0.6865,propio,213735,0
98469e64-a201-4a2f-b101-35c7011545df,El Loro,Victoriero 2,d33e49e6-c9a2-4c94-8bf2-cf871e8be14d,Celso Fantinel Furlanis,Oriente,213735,G05,5,2026,,163.4,31,163.4,False,False,ytd,0.6865,propio,213735,0
98469e64-a201-4a2f-b101-35c7011545df,El Loro,Victoriero 2,d33e49e6-c9a2-4c94-8bf2-cf871e8be14d,Celso Fantinel Furlanis,Oriente,213735,G05,4,2026,,37.8,30,37.8,False,False,ytd,0.6865,propio,213735,0
98469e64-a201-4a2f-b101-35c7011545df,El Loro,Victoriero 2,d33e49e6-c9a2-4c94-8bf2-cf871e8be14d,Celso Fantinel Furlanis,Oriente,213735,G05,3,2026,,16.4,31,16.4,False,False,ytd,0.6865,propio,213735,0
98469e64-a201-4a2f-b101-35c7011545df,El Loro,Victoriero 2,d33e49e6-c9a2-4c94-8bf2-cf871e8be14d,Celso Fantinel Furlanis,Oriente,213735,G05,2,2026,,0,28,0,False,False,ytd,0.6865,propio,213735,0
98469e64-a201-4a2f-b101-35c7011545df,El Loro,Victoriero 2,d33e49e6-c9a2-4c94-8bf2-cf871e8be14d,Celso Fantinel Furlanis,Oriente,213735,G05,1,2026,,0.4,31,0.4,False,False,ytd,0.6865,propio,213735,0
009d4842-e980-4115-9f83-ef14114be556,El manguito,El Manguito 1,b492cc3e-9023-4e9a-bdb6-f8e0d67a6a38,Virbel Jose Griman Alfin,Occidente,235420,Y03,12,2026,13.225,,0,7.68,True,False,ytd,0.5809,zona,Occidente,
009d4842-e980-4115-9f83-ef14114be556,El manguito,El Manguito 1,b492cc3e-9023-4e9a-bdb6-f8e0d67a6a38,Virbel Jose Griman Alfin,Occidente,235420,Y03,11,2026,30.475,,0,17.7,True,False,ytd,0.5809,zona,Occidente,
009d4842-e980-4115-9f83-ef14114be556,El manguito,El Manguito 1,b492cc3e-9023-4e9a-bdb6-f8e0d67a6a38,Virbel Jose Griman Alfin,Occidente,235420,Y03,10,2026,84.425,,0,49.04,True,False,ytd,0.5809,zona,Occidente,
009d4842-e980-4115-9f83-ef14114be556,El manguito,El Manguito 1,b492cc3e-9023-4e9a-bdb6-f8e0d67a6a38,Virbel Jose Griman Alfin,Occidente,235420,Y03,9,2026,168.375,,0,97.81,True,False,ytd,0.5809,zona,Occidente,
009d4842-e980-4115-9f83-ef14114be556,El manguito,El Manguito 1,b492cc3e-9023-4e9a-bdb6-f8e0d67a6a38,Virbel Jose Griman Alfin,Occidente,235420,Y03,8,2026,191.45,0,2,111.22,True,True,ytd,0.5809,zona,Occidente,
009d4842-e980-4115-9f83-ef14114be556,El manguito,El Manguito 1,b492cc3e-9023-4e9a-bdb6-f8e0d67a6a38,Virbel Jose Griman Alfin,Occidente,235420,Y03,7,2026,333.525,314.4,31,314.4,False,False,ytd,0.5809,zona,Occidente,
009d4842-e980-4115-9f83-ef14114be556,El manguito,El Manguito 1,b492cc3e-9023-4e9a-bdb6-f8e0d67a6a38,Virbel Jose Griman Alfin,Occidente,235420,Y03,6,2026,336.1,74.6,30,74.6,False,False,ytd,0.5809,zona,Occidente,
009d4842-e980-4115-9f83-ef14114be556,El manguito,El Manguito 1,b492cc3e-9023-4e9a-bdb6-f8e0d67a6a38,Virbel Jose Griman Alfin,Occidente,235420,Y03,5,2026,186.075,23.8,6,108.1,True,True,ytd,0.5809,zona,Occidente,
009d4842-e980-4115-9f83-ef14114be556,El manguito,El Manguito 1,b492cc3e-9023-4e9a-bdb6-f8e0d67a6a38,Virbel Jose Griman Alfin,Occidente,235420,Y03,4,2026,91.4,,0,53.1,True,False,ytd,0.5809,zona,Occidente,
009d4842-e980-4115-9f83-ef14114be556,El manguito,El Manguito 1,b492cc3e-9023-4e9a-bdb6-f8e0d67a6a38,Virbel Jose Griman Alfin,Occidente,235420,Y03,3,2026,8.4,,0,4.88,True,False,ytd,0.5809,zona,Occidente,
009d4842-e980-4115-9f83-ef14114be556,El manguito,El Manguito 1,b492cc3e-9023-4e9a-bdb6-f8e0d67a6a38,Virbel Jose Griman Alfin,Occidente,235420,Y03,2,2026,1.4,,0,0.81,True,False,ytd,0.5809,zona,Occidente,
009d4842-e980-4115-9f83-ef14114be556,El manguito,El Manguito 1,b492cc3e-9023-4e9a-bdb6-f8e0d67a6a38,Virbel Jose Griman Alfin,Occidente,235420,Y03,1,2026,2,,0,1.16,True,False,ytd,0.5809,zona,Occidente,
e75f8a42-d927-4ac2-a2a5-12ea3cec8adb,El manguito,El Manguito 2,b492cc3e-9023-4e9a-bdb6-f8e0d67a6a38,Virbel Jose Griman Alfin,Occidente,235420,Y03,12,2026,13.225,,0,7.68,True,False,ytd,0.5809,zona,Occidente,
e75f8a42-d927-4ac2-a2a5-12ea3cec8adb,El manguito,El Manguito 2,b492cc3e-9023-4e9a-bdb6-f8e0d67a6a38,Virbel Jose Griman Alfin,Occidente,235420,Y03,11,2026,30.475,,0,17.7,True,False,ytd,0.5809,zona,Occidente,
e75f8a42-d927-4ac2-a2a5-12ea3cec8adb,El manguito,El Manguito 2,b492cc3e-9023-4e9a-bdb6-f8e0d67a6a38,Virbel Jose Griman Alfin,Occidente,235420,Y03,10,2026,84.425,,0,49.04,True,False,ytd,0.5809,zona,Occidente,
e75f8a42-d927-4ac2-a2a5-12ea3cec8adb,El manguito,El Manguito 2,b492cc3e-9023-4e9a-bdb6-f8e0d67a6a38,Virbel Jose Griman Alfin,Occidente,235420,Y03,9,2026,168.375,,0,97.81,True,False,ytd,0.5809,zona,Occidente,
e75f8a42-d927-4ac2-a2a5-12ea3cec8adb,El manguito,El Manguito 2,b492cc3e-9023-4e9a-bdb6-f8e0d67a6a38,Virbel Jose Griman Alfin,Occidente,235420,Y03,8,2026,191.45,0,2,111.22,True,True,ytd,0.5809,zona,Occidente,
e75f8a42-d927-4ac2-a2a5-12ea3cec8adb,El manguito,El Manguito 2,b492cc3e-9023-4e9a-bdb6-f8e0d67a6a38,Virbel Jose Griman Alfin,Occidente,235420,Y03,7,2026,333.525,314.4,31,314.4,False,False,ytd,0.5809,zona,Occidente,
e75f8a42-d927-4ac2-a2a5-12ea3cec8adb,El manguito,El Manguito 2,b492cc3e-9023-4e9a-bdb6-f8e0d67a6a38,Virbel Jose Griman Alfin,Occidente,235420,Y03,6,2026,336.1,74.6,30,74.6,False,False,ytd,0.5809,zona,Occidente,
e75f8a42-d927-4ac2-a2a5-12ea3cec8adb,El manguito,El Manguito 2,b492cc3e-9023-4e9a-bdb6-f8e0d67a6a38,Virbel Jose Griman Alfin,Occidente,235420,Y03,5,2026,186.075,23.8,6,108.1,True,True,ytd,0.5809,zona,Occidente,
e75f8a42-d927-4ac2-a2a5-12ea3cec8adb,El manguito,El Manguito 2,b492cc3e-9023-4e9a-bdb6-f8e0d67a6a38,Virbel Jose Griman Alfin,Occidente,235420,Y03,4,2026,91.4,,0,53.1,True,False,ytd,0.5809,zona,Occidente,
e75f8a42-d927-4ac2-a2a5-12ea3cec8adb,El manguito,El Manguito 2,b492cc3e-9023-4e9a-bdb6-f8e0d67a6a38,Virbel Jose Griman Alfin,Occidente,235420,Y03,3,2026,8.4,,0,4.88,True,False,ytd,0.5809,zona,Occidente,
e75f8a42-d927-4ac2-a2a5-12ea3cec8adb,El manguito,El Manguito 2,b492cc3e-9023-4e9a-bdb6-f8e0d67a6a38,Virbel Jose Griman Alfin,Occidente,235420,Y03,2,2026,1.4,,0,0.81,True,False,ytd,0.5809,zona,Occidente,
e75f8a42-d927-4ac2-a2a5-12ea3cec8adb,El manguito,El Manguito 2,b492cc3e-9023-4e9a-bdb6-f8e0d67a6a38,Virbel Jose Griman Alfin,Occidente,235420,Y03,1,2026,2,,0,1.16,True,False,ytd,0.5809,zona,Occidente,
891969f3-6d3b-40fe-a207-f50eda837f92,El manguito,El Manguito 3,b492cc3e-9023-4e9a-bdb6-f8e0d67a6a38,Virbel Jose Griman Alfin,Occidente,235420,Y03,12,2026,13.225,,0,7.68,True,False,ytd,0.5809,zona,Occidente,
891969f3-6d3b-40fe-a207-f50eda837f92,El manguito,El Manguito 3,b492cc3e-9023-4e9a-bdb6-f8e0d67a6a38,Virbel Jose Griman Alfin,Occidente,235420,Y03,11,2026,30.475,,0,17.7,True,False,ytd,0.5809,zona,Occidente,
891969f3-6d3b-40fe-a207-f50eda837f92,El manguito,El Manguito 3,b492cc3e-9023-4e9a-bdb6-f8e0d67a6a38,Virbel Jose Griman Alfin,Occidente,235420,Y03,10,2026,84.425,,0,49.04,True,False,ytd,0.5809,zona,Occidente,
891969f3-6d3b-40fe-a207-f50eda837f92,El manguito,El Manguito 3,b492cc3e-9023-4e9a-bdb6-f8e0d67a6a38,Virbel Jose Griman Alfin,Occidente,235420,Y03,9,2026,168.375,,0,97.81,True,False,ytd,0.5809,zona,Occidente,
891969f3-6d3b-40fe-a207-f50eda837f92,El manguito,El Manguito 3,b492cc3e-9023-4e9a-bdb6-f8e0d67a6a38,Virbel Jose Griman Alfin,Occidente,235420,Y03,8,2026,191.45,0,2,111.22,True,True,ytd,0.5809,zona,Occidente,
891969f3-6d3b-40fe-a207-f50eda837f92,El manguito,El Manguito 3,b492cc3e-9023-4e9a-bdb6-f8e0d67a6a38,Virbel Jose Griman Alfin,Occidente,235420,Y03,7,2026,333.525,314.4,31,314.4,False,False,ytd,0.5809,zona,Occidente,
891969f3-6d3b-40fe-a207-f50eda837f92,El manguito,El Manguito 3,b492cc3e-9023-4e9a-bdb6-f8e0d67a6a38,Virbel Jose Griman Alfin,Occidente,235420,Y03,6,2026,336.1,74.6,30,74.6,False,False,ytd,0.5809,zona,Occidente,
891969f3-6d3b-40fe-a207-f50eda837f92,El manguito,El Manguito 3,b492cc3e-9023-4e9a-bdb6-f8e0d67a6a38,Virbel Jose Griman Alfin,Occidente,235420,Y03,5,2026,186.075,23.8,6,108.1,True,True,ytd,0.5809,zona,Occidente,
891969f3-6d3b-40fe-a207-f50eda837f92,El manguito,El Manguito 3,b492cc3e-9023-4e9a-bdb6-f8e0d67a6a38,Virbel Jose Griman Alfin,Occidente,235420,Y03,4,2026,91.4,,0,53.1,True,False,ytd,0.5809,zona,Occidente,
891969f3-6d3b-40fe-a207-f50eda837f92,El manguito,El Manguito 3,b492cc3e-9023-4e9a-bdb6-f8e0d67a6a38,Virbel Jose Griman Alfin,Occidente,235420,Y03,3,2026,8.4,,0,4.88,True,False,ytd,0.5809,zona,Occidente,
891969f3-6d3b-40fe-a207-f50eda837f92,El manguito,El Manguito 3,b492cc3e-9023-4e9a-bdb6-f8e0d67a6a38,Virbel Jose Griman Alfin,Occidente,235420,Y03,2,2026,1.4,,0,0.81,True,False,ytd,0.5809,zona,Occidente,
891969f3-6d3b-40fe-a207-f50eda837f92,El manguito,El Manguito 3,b492cc3e-9023-4e9a-bdb6-f8e0d67a6a38,Virbel Jose Griman Alfin,Occidente,235420,Y03,1,2026,2,,0,1.16,True,False,ytd,0.5809,zona,Occidente,
00ea0e05-0a77-4fbd-995c-7402959cf5ea,El manguito,La Rosa,b492cc3e-9023-4e9a-bdb6-f8e0d67a6a38,Virbel Jose Griman Alfin,Occidente,235420,Y03,12,2026,13.225,,0,7.68,True,False,ytd,0.5809,zona,Occidente,
00ea0e05-0a77-4fbd-995c-7402959cf5ea,El manguito,La Rosa,b492cc3e-9023-4e9a-bdb6-f8e0d67a6a38,Virbel Jose Griman Alfin,Occidente,235420,Y03,11,2026,30.475,,0,17.7,True,False,ytd,0.5809,zona,Occidente,
00ea0e05-0a77-4fbd-995c-7402959cf5ea,El manguito,La Rosa,b492cc3e-9023-4e9a-bdb6-f8e0d67a6a38,Virbel Jose Griman Alfin,Occidente,235420,Y03,10,2026,84.425,,0,49.04,True,False,ytd,0.5809,zona,Occidente,
00ea0e05-0a77-4fbd-995c-7402959cf5ea,El manguito,La Rosa,b492cc3e-9023-4e9a-bdb6-f8e0d67a6a38,Virbel Jose Griman Alfin,Occidente,235420,Y03,9,2026,168.375,,0,97.81,True,False,ytd,0.5809,zona,Occidente,
00ea0e05-0a77-4fbd-995c-7402959cf5ea,El manguito,La Rosa,b492cc3e-9023-4e9a-bdb6-f8e0d67a6a38,Virbel Jose Griman Alfin,Occidente,235420,Y03,8,2026,191.45,0,2,111.22,True,True,ytd,0.5809,zona,Occidente,
00ea0e05-0a77-4fbd-995c-7402959cf5ea,El manguito,La Rosa,b492cc3e-9023-4e9a-bdb6-f8e0d67a6a38,Virbel Jose Griman Alfin,Occidente,235420,Y03,7,2026,333.525,314.4,31,314.4,False,False,ytd,0.5809,zona,Occidente,
00ea0e05-0a77-4fbd-995c-7402959cf5ea,El manguito,La Rosa,b492cc3e-9023-4e9a-bdb6-f8e0d67a6a38,Virbel Jose Griman Alfin,Occidente,235420,Y03,6,2026,336.1,74.6,30,74.6,False,False,ytd,0.5809,zona,Occidente,
00ea0e05-0a77-4fbd-995c-7402959cf5ea,El manguito,La Rosa,b492cc3e-9023-4e9a-bdb6-f8e0d67a6a38,Virbel Jose Griman Alfin,Occidente,235420,Y03,5,2026,186.075,23.8,6,108.1,True,True,ytd,0.5809,zona,Occidente,
00ea0e05-0a77-4fbd-995c-7402959cf5ea,El manguito,La Rosa,b492cc3e-9023-4e9a-bdb6-f8e0d67a6a38,Virbel Jose Griman Alfin,Occidente,235420,Y03,4,2026,91.4,,0,53.1,True,False,ytd,0.5809,zona,Occidente,
00ea0e05-0a77-4fbd-995c-7402959cf5ea,El manguito,La Rosa,b492cc3e-9023-4e9a-bdb6-f8e0d67a6a38,Virbel Jose Griman Alfin,Occidente,235420,Y03,3,2026,8.4,,0,4.88,True,False,ytd,0.5809,zona,Occidente,
00ea0e05-0a77-4fbd-995c-7402959cf5ea,El manguito,La Rosa,b492cc3e-9023-4e9a-bdb6-f8e0d67a6a38,Virbel Jose Griman Alfin,Occidente,235420,Y03,2,2026,1.4,,0,0.81,True,False,ytd,0.5809,zona,Occidente,
00ea0e05-0a77-4fbd-995c-7402959cf5ea,El manguito,La Rosa,b492cc3e-9023-4e9a-bdb6-f8e0d67a6a38,Virbel Jose Griman Alfin,Occidente,235420,Y03,1,2026,2,,0,1.16,True,False,ytd,0.5809,zona,Occidente,
b84f3a77-03ab-458f-893c-3de6a9de2743,El manguito,La Silvera,b492cc3e-9023-4e9a-bdb6-f8e0d67a6a38,Virbel Jose Griman Alfin,Occidente,235420,Y03,12,2026,13.225,,0,7.68,True,False,ytd,0.5809,zona,Occidente,
b84f3a77-03ab-458f-893c-3de6a9de2743,El manguito,La Silvera,b492cc3e-9023-4e9a-bdb6-f8e0d67a6a38,Virbel Jose Griman Alfin,Occidente,235420,Y03,11,2026,30.475,,0,17.7,True,False,ytd,0.5809,zona,Occidente,
b84f3a77-03ab-458f-893c-3de6a9de2743,El manguito,La Silvera,b492cc3e-9023-4e9a-bdb6-f8e0d67a6a38,Virbel Jose Griman Alfin,Occidente,235420,Y03,10,2026,84.425,,0,49.04,True,False,ytd,0.5809,zona,Occidente,
b84f3a77-03ab-458f-893c-3de6a9de2743,El manguito,La Silvera,b492cc3e-9023-4e9a-bdb6-f8e0d67a6a38,Virbel Jose Griman Alfin,Occidente,235420,Y03,9,2026,168.375,,0,97.81,True,False,ytd,0.5809,zona,Occidente,
b84f3a77-03ab-458f-893c-3de6a9de2743,El manguito,La Silvera,b492cc3e-9023-4e9a-bdb6-f8e0d67a6a38,Virbel Jose Griman Alfin,Occidente,235420,Y03,8,2026,191.45,0,2,111.22,True,True,ytd,0.5809,zona,Occidente,
b84f3a77-03ab-458f-893c-3de6a9de2743,El manguito,La Silvera,b492cc3e-9023-4e9a-bdb6-f8e0d67a6a38,Virbel Jose Griman Alfin,Occidente,235420,Y03,7,2026,333.525,314.4,31,314.4,False,False,ytd,0.5809,zona,Occidente,
b84f3a77-03ab-458f-893c-3de6a9de2743,El manguito,La Silvera,b492cc3e-9023-4e9a-bdb6-f8e0d67a6a38,Virbel Jose Griman Alfin,Occidente,235420,Y03,6,2026,336.1,74.6,30,74.6,False,False,ytd,0.5809,zona,Occidente,
b84f3a77-03ab-458f-893c-3de6a9de2743,El manguito,La Silvera,b492cc3e-9023-4e9a-bdb6-f8e0d67a6a38,Virbel Jose Griman Alfin,Occidente,235420,Y03,5,2026,186.075,23.8,6,108.1,True,True,ytd,0.5809,zona,Occidente,
b84f3a77-03ab-458f-893c-3de6a9de2743,El manguito,La Silvera,b492cc3e-9023-4e9a-bdb6-f8e0d67a6a38,Virbel Jose Griman Alfin,Occidente,235420,Y03,4,2026,91.4,,0,53.1,True,False,ytd,0.5809,zona,Occidente,
b84f3a77-03ab-458f-893c-3de6a9de2743,El manguito,La Silvera,b492cc3e-9023-4e9a-bdb6-f8e0d67a6a38,Virbel Jose Griman Alfin,Occidente,235420,Y03,3,2026,8.4,,0,4.88,True,False,ytd,0.5809,zona,Occidente,
b84f3a77-03ab-458f-893c-3de6a9de2743,El manguito,La Silvera,b492cc3e-9023-4e9a-bdb6-f8e0d67a6a38,Virbel Jose Griman Alfin,Occidente,235420,Y03,2,2026,1.4,,0,0.81,True,False,ytd,0.5809,zona,Occidente,
b84f3a77-03ab-458f-893c-3de6a9de2743,El manguito,La Silvera,b492cc3e-9023-4e9a-bdb6-f8e0d67a6a38,Virbel Jose Griman Alfin,Occidente,235420,Y03,1,2026,2,,0,1.16,True,False,ytd,0.5809,zona,Occidente,
98f7bbe0-9db8-4e7c-b850-098bf801aa23,El manguito,Lote de Arriba,b492cc3e-9023-4e9a-bdb6-f8e0d67a6a38,Virbel Jose Griman Alfin,Occidente,235420,Y03,12,2026,13.225,,0,7.68,True,False,ytd,0.5809,zona,Occidente,
98f7bbe0-9db8-4e7c-b850-098bf801aa23,El manguito,Lote de Arriba,b492cc3e-9023-4e9a-bdb6-f8e0d67a6a38,Virbel Jose Griman Alfin,Occidente,235420,Y03,11,2026,30.475,,0,17.7,True,False,ytd,0.5809,zona,Occidente,
98f7bbe0-9db8-4e7c-b850-098bf801aa23,El manguito,Lote de Arriba,b492cc3e-9023-4e9a-bdb6-f8e0d67a6a38,Virbel Jose Griman Alfin,Occidente,235420,Y03,10,2026,84.425,,0,49.04,True,False,ytd,0.5809,zona,Occidente,
98f7bbe0-9db8-4e7c-b850-098bf801aa23,El manguito,Lote de Arriba,b492cc3e-9023-4e9a-bdb6-f8e0d67a6a38,Virbel Jose Griman Alfin,Occidente,235420,Y03,9,2026,168.375,,0,97.81,True,False,ytd,0.5809,zona,Occidente,
98f7bbe0-9db8-4e7c-b850-098bf801aa23,El manguito,Lote de Arriba,b492cc3e-9023-4e9a-bdb6-f8e0d67a6a38,Virbel Jose Griman Alfin,Occidente,235420,Y03,8,2026,191.45,0,2,111.22,True,True,ytd,0.5809,zona,Occidente,
98f7bbe0-9db8-4e7c-b850-098bf801aa23,El manguito,Lote de Arriba,b492cc3e-9023-4e9a-bdb6-f8e0d67a6a38,Virbel Jose Griman Alfin,Occidente,235420,Y03,7,2026,333.525,314.4,31,314.4,False,False,ytd,0.5809,zona,Occidente,
98f7bbe0-9db8-4e7c-b850-098bf801aa23,El manguito,Lote de Arriba,b492cc3e-9023-4e9a-bdb6-f8e0d67a6a38,Virbel Jose Griman Alfin,Occidente,235420,Y03,6,2026,336.1,74.6,30,74.6,False,False,ytd,0.5809,zona,Occidente,
98f7bbe0-9db8-4e7c-b850-098bf801aa23,El manguito,Lote de Arriba,b492cc3e-9023-4e9a-bdb6-f8e0d67a6a38,Virbel Jose Griman Alfin,Occidente,235420,Y03,5,2026,186.075,23.8,6,108.1,True,True,ytd,0.5809,zona,Occidente,
98f7bbe0-9db8-4e7c-b850-098bf801aa23,El manguito,Lote de Arriba,b492cc3e-9023-4e9a-bdb6-f8e0d67a6a38,Virbel Jose Griman Alfin,Occidente,235420,Y03,4,2026,91.4,,0,53.1,True,False,ytd,0.5809,zona,Occidente,
98f7bbe0-9db8-4e7c-b850-098bf801aa23,El manguito,Lote de Arriba,b492cc3e-9023-4e9a-bdb6-f8e0d67a6a38,Virbel Jose Griman Alfin,Occidente,235420,Y03,3,2026,8.4,,0,4.88,True,False,ytd,0.5809,zona,Occidente,
98f7bbe0-9db8-4e7c-b850-098bf801aa23,El manguito,Lote de Arriba,b492cc3e-9023-4e9a-bdb6-f8e0d67a6a38,Virbel Jose Griman Alfin,Occidente,235420,Y03,2,2026,1.4,,0,0.81,True,False,ytd,0.5809,zona,Occidente,
98f7bbe0-9db8-4e7c-b850-098bf801aa23,El manguito,Lote de Arriba,b492cc3e-9023-4e9a-bdb6-f8e0d67a6a38,Virbel Jose Griman Alfin,Occidente,235420,Y03,1,2026,2,,0,1.16,True,False,ytd,0.5809,zona,Occidente,
22c4ba7c-f484-4705-b781-2a8cd37a6a64,El manguito,Pavi 02,b492cc3e-9023-4e9a-bdb6-f8e0d67a6a38,Virbel Jose Griman Alfin,Occidente,235420,Y03,12,2026,13.225,,0,7.68,True,False,ytd,0.5809,zona,Occidente,
22c4ba7c-f484-4705-b781-2a8cd37a6a64,El manguito,Pavi 02,b492cc3e-9023-4e9a-bdb6-f8e0d67a6a38,Virbel Jose Griman Alfin,Occidente,235420,Y03,11,2026,30.475,,0,17.7,True,False,ytd,0.5809,zona,Occidente,
22c4ba7c-f484-4705-b781-2a8cd37a6a64,El manguito,Pavi 02,b492cc3e-9023-4e9a-bdb6-f8e0d67a6a38,Virbel Jose Griman Alfin,Occidente,235420,Y03,10,2026,84.425,,0,49.04,True,False,ytd,0.5809,zona,Occidente,
22c4ba7c-f484-4705-b781-2a8cd37a6a64,El manguito,Pavi 02,b492cc3e-9023-4e9a-bdb6-f8e0d67a6a38,Virbel Jose Griman Alfin,Occidente,235420,Y03,9,2026,168.375,,0,97.81,True,False,ytd,0.5809,zona,Occidente,
22c4ba7c-f484-4705-b781-2a8cd37a6a64,El manguito,Pavi 02,b492cc3e-9023-4e9a-bdb6-f8e0d67a6a38,Virbel Jose Griman Alfin,Occidente,235420,Y03,8,2026,191.45,0,2,111.22,True,True,ytd,0.5809,zona,Occidente,
22c4ba7c-f484-4705-b781-2a8cd37a6a64,El manguito,Pavi 02,b492cc3e-9023-4e9a-bdb6-f8e0d67a6a38,Virbel Jose Griman Alfin,Occidente,235420,Y03,7,2026,333.525,314.4,31,314.4,False,False,ytd,0.5809,zona,Occidente,
22c4ba7c-f484-4705-b781-2a8cd37a6a64,El manguito,Pavi 02,b492cc3e-9023-4e9a-bdb6-f8e0d67a6a38,Virbel Jose Griman Alfin,Occidente,235420,Y03,6,2026,336.1,74.6,30,74.6,False,False,ytd,0.5809,zona,Occidente,
22c4ba7c-f484-4705-b781-2a8cd37a6a64,El manguito,Pavi 02,b492cc3e-9023-4e9a-bdb6-f8e0d67a6a38,Virbel Jose Griman Alfin,Occidente,235420,Y03,5,2026,186.075,23.8,6,108.1,True,True,ytd,0.5809,zona,Occidente,
22c4ba7c-f484-4705-b781-2a8cd37a6a64,El manguito,Pavi 02,b492cc3e-9023-4e9a-bdb6-f8e0d67a6a38,Virbel Jose Griman Alfin,Occidente,235420,Y03,4,2026,91.4,,0,53.1,True,False,ytd,0.5809,zona,Occidente,
22c4ba7c-f484-4705-b781-2a8cd37a6a64,El manguito,Pavi 02,b492cc3e-9023-4e9a-bdb6-f8e0d67a6a38,Virbel Jose Griman Alfin,Occidente,235420,Y03,3,2026,8.4,,0,4.88,True,False,ytd,0.5809,zona,Occidente,
22c4ba7c-f484-4705-b781-2a8cd37a6a64,El manguito,Pavi 02,b492cc3e-9023-4e9a-bdb6-f8e0d67a6a38,Virbel Jose Griman Alfin,Occidente,235420,Y03,2,2026,1.4,,0,0.81,True,False,ytd,0.5809,zona,Occidente,
22c4ba7c-f484-4705-b781-2a8cd37a6a64,El manguito,Pavi 02,b492cc3e-9023-4e9a-bdb6-f8e0d67a6a38,Virbel Jose Griman Alfin,Occidente,235420,Y03,1,2026,2,,0,1.16,True,False,ytd,0.5809,zona,Occidente,
99bab506-cf69-40e5-8a10-4e3bc9fc62a6,El manguito,Pavi 1,b492cc3e-9023-4e9a-bdb6-f8e0d67a6a38,Virbel Jose Griman Alfin,Occidente,235420,Y03,12,2026,13.225,,0,7.68,True,False,ytd,0.5809,zona,Occidente,
99bab506-cf69-40e5-8a10-4e3bc9fc62a6,El manguito,Pavi 1,b492cc3e-9023-4e9a-bdb6-f8e0d67a6a38,Virbel Jose Griman Alfin,Occidente,235420,Y03,11,2026,30.475,,0,17.7,True,False,ytd,0.5809,zona,Occidente,
99bab506-cf69-40e5-8a10-4e3bc9fc62a6,El manguito,Pavi 1,b492cc3e-9023-4e9a-bdb6-f8e0d67a6a38,Virbel Jose Griman Alfin,Occidente,235420,Y03,10,2026,84.425,,0,49.04,True,False,ytd,0.5809,zona,Occidente,
99bab506-cf69-40e5-8a10-4e3bc9fc62a6,El manguito,Pavi 1,b492cc3e-9023-4e9a-bdb6-f8e0d67a6a38,Virbel Jose Griman Alfin,Occidente,235420,Y03,9,2026,168.375,,0,97.81,True,False,ytd,0.5809,zona,Occidente,
99bab506-cf69-40e5-8a10-4e3bc9fc62a6,El manguito,Pavi 1,b492cc3e-9023-4e9a-bdb6-f8e0d67a6a38,Virbel Jose Griman Alfin,Occidente,235420,Y03,8,2026,191.45,0,2,111.22,True,True,ytd,0.5809,zona,Occidente,
99bab506-cf69-40e5-8a10-4e3bc9fc62a6,El manguito,Pavi 1,b492cc3e-9023-4e9a-bdb6-f8e0d67a6a38,Virbel Jose Griman Alfin,Occidente,235420,Y03,7,2026,333.525,314.4,31,314.4,False,False,ytd,0.5809,zona,Occidente,
99bab506-cf69-40e5-8a10-4e3bc9fc62a6,El manguito,Pavi 1,b492cc3e-9023-4e9a-bdb6-f8e0d67a6a38,Virbel Jose Griman Alfin,Occidente,235420,Y03,6,2026,336.1,74.6,30,74.6,False,False,ytd,0.5809,zona,Occidente,
99bab506-cf69-40e5-8a10-4e3bc9fc62a6,El manguito,Pavi 1,b492cc3e-9023-4e9a-bdb6-f8e0d67a6a38,Virbel Jose Griman Alfin,Occidente,235420,Y03,5,2026,186.075,23.8,6,108.1,True,True,ytd,0.5809,zona,Occidente,
99bab506-cf69-40e5-8a10-4e3bc9fc62a6,El manguito,Pavi 1,b492cc3e-9023-4e9a-bdb6-f8e0d67a6a38,Virbel Jose Griman Alfin,Occidente,235420,Y03,4,2026,91.4,,0,53.1,True,False,ytd,0.5809,zona,Occidente,
99bab506-cf69-40e5-8a10-4e3bc9fc62a6,El manguito,Pavi 1,b492cc3e-9023-4e9a-bdb6-f8e0d67a6a38,Virbel Jose Griman Alfin,Occidente,235420,Y03,3,2026,8.4,,0,4.88,True,False,ytd,0.5809,zona,Occidente,
99bab506-cf69-40e5-8a10-4e3bc9fc62a6,El manguito,Pavi 1,b492cc3e-9023-4e9a-bdb6-f8e0d67a6a38,Virbel Jose Griman Alfin,Occidente,235420,Y03,2,2026,1.4,,0,0.81,True,False,ytd,0.5809,zona,Occidente,
99bab506-cf69-40e5-8a10-4e3bc9fc62a6,El manguito,Pavi 1,b492cc3e-9023-4e9a-bdb6-f8e0d67a6a38,Virbel Jose Griman Alfin,Occidente,235420,Y03,1,2026,2,,0,1.16,True,False,ytd,0.5809,zona,Occidente,
82f54117-c200-4a36-b536-557e7b83ec3e,Finca Camilero,L05 La pista 2,0c8919af-5d88-46a5-ab77-43b3516d411f,Leoscar Machado Silveira,,,,,,,,,,,,,,,,
a436780e-d919-41bb-89fa-d78093d62ed1,Finca Camilero,La Casa 1,0c8919af-5d88-46a5-ab77-43b3516d411f,Leoscar Machado Silveira,,,,,,,,,,,,,,,,
280adb87-ec68-41f8-8e9e-d694f7787e79,Finca Camilero,La Casa 2,0c8919af-5d88-46a5-ab77-43b3516d411f,Leoscar Machado Silveira,,,,,,,,,,,,,,,,
f02afbc7-2fa3-4f46-92f8-5a88a95e0803,Finca Camilero,La Casa 3,0c8919af-5d88-46a5-ab77-43b3516d411f,Leoscar Machado Silveira,,,,,,,,,,,,,,,,
6caaa418-203f-4587-9677-9d1e31ede8da,Finca Camilero,La Pista 1,0c8919af-5d88-46a5-ab77-43b3516d411f,Leoscar Machado Silveira,,,,,,,,,,,,,,,,
0f3e9126-a65d-414f-a4c4-64a768721216,Finca La Campesina,El Guasimo,2332c09c-7d53-4563-b57b-2933c2a7a09b,Julio Antonio Colmenarez Mendoza,Occidente,235263,B01,12,2026,13.225,,0,12.39,True,False,ytd,0.9366,zona,Occidente,
0f3e9126-a65d-414f-a4c4-64a768721216,Finca La Campesina,El Guasimo,2332c09c-7d53-4563-b57b-2933c2a7a09b,Julio Antonio Colmenarez Mendoza,Occidente,235263,B01,11,2026,30.475,,0,28.54,True,False,ytd,0.9366,zona,Occidente,
0f3e9126-a65d-414f-a4c4-64a768721216,Finca La Campesina,El Guasimo,2332c09c-7d53-4563-b57b-2933c2a7a09b,Julio Antonio Colmenarez Mendoza,Occidente,235263,B01,10,2026,84.425,,0,79.08,True,False,ytd,0.9366,zona,Occidente,
0f3e9126-a65d-414f-a4c4-64a768721216,Finca La Campesina,El Guasimo,2332c09c-7d53-4563-b57b-2933c2a7a09b,Julio Antonio Colmenarez Mendoza,Occidente,235263,B01,9,2026,168.375,,0,157.71,True,False,ytd,0.9366,zona,Occidente,
0f3e9126-a65d-414f-a4c4-64a768721216,Finca La Campesina,El Guasimo,2332c09c-7d53-4563-b57b-2933c2a7a09b,Julio Antonio Colmenarez Mendoza,Occidente,235263,B01,8,2026,191.45,0,2,179.32,True,True,ytd,0.9366,zona,Occidente,
0f3e9126-a65d-414f-a4c4-64a768721216,Finca La Campesina,El Guasimo,2332c09c-7d53-4563-b57b-2933c2a7a09b,Julio Antonio Colmenarez Mendoza,Occidente,235263,B01,7,2026,333.525,287.8,31,287.8,False,False,ytd,0.9366,zona,Occidente,
0f3e9126-a65d-414f-a4c4-64a768721216,Finca La Campesina,El Guasimo,2332c09c-7d53-4563-b57b-2933c2a7a09b,Julio Antonio Colmenarez Mendoza,Occidente,235263,B01,6,2026,336.1,339.4,30,339.4,False,False,ytd,0.9366,zona,Occidente,
0f3e9126-a65d-414f-a4c4-64a768721216,Finca La Campesina,El Guasimo,2332c09c-7d53-4563-b57b-2933c2a7a09b,Julio Antonio Colmenarez Mendoza,Occidente,235263,B01,5,2026,186.075,127,6,174.29,True,True,ytd,0.9366,zona,Occidente,
0f3e9126-a65d-414f-a4c4-64a768721216,Finca La Campesina,El Guasimo,2332c09c-7d53-4563-b57b-2933c2a7a09b,Julio Antonio Colmenarez Mendoza,Occidente,235263,B01,4,2026,91.4,,0,85.61,True,False,ytd,0.9366,zona,Occidente,
0f3e9126-a65d-414f-a4c4-64a768721216,Finca La Campesina,El Guasimo,2332c09c-7d53-4563-b57b-2933c2a7a09b,Julio Antonio Colmenarez Mendoza,Occidente,235263,B01,3,2026,8.4,,0,7.87,True,False,ytd,0.9366,zona,Occidente,
0f3e9126-a65d-414f-a4c4-64a768721216,Finca La Campesina,El Guasimo,2332c09c-7d53-4563-b57b-2933c2a7a09b,Julio Antonio Colmenarez Mendoza,Occidente,235263,B01,2,2026,1.4,,0,1.31,True,False,ytd,0.9366,zona,Occidente,
0f3e9126-a65d-414f-a4c4-64a768721216,Finca La Campesina,El Guasimo,2332c09c-7d53-4563-b57b-2933c2a7a09b,Julio Antonio Colmenarez Mendoza,Occidente,235263,B01,1,2026,2,,0,1.87,True,False,ytd,0.9366,zona,Occidente,
0e41533b-87d2-4276-b2dc-cb6d443bdf0b,Finca La Campesina,El Tanque,2332c09c-7d53-4563-b57b-2933c2a7a09b,Julio Antonio Colmenarez Mendoza,Occidente,235263,B01,12,2026,13.225,,0,12.39,True,False,ytd,0.9366,zona,Occidente,
0e41533b-87d2-4276-b2dc-cb6d443bdf0b,Finca La Campesina,El Tanque,2332c09c-7d53-4563-b57b-2933c2a7a09b,Julio Antonio Colmenarez Mendoza,Occidente,235263,B01,11,2026,30.475,,0,28.54,True,False,ytd,0.9366,zona,Occidente,
0e41533b-87d2-4276-b2dc-cb6d443bdf0b,Finca La Campesina,El Tanque,2332c09c-7d53-4563-b57b-2933c2a7a09b,Julio Antonio Colmenarez Mendoza,Occidente,235263,B01,10,2026,84.425,,0,79.08,True,False,ytd,0.9366,zona,Occidente,
0e41533b-87d2-4276-b2dc-cb6d443bdf0b,Finca La Campesina,El Tanque,2332c09c-7d53-4563-b57b-2933c2a7a09b,Julio Antonio Colmenarez Mendoza,Occidente,235263,B01,9,2026,168.375,,0,157.71,True,False,ytd,0.9366,zona,Occidente,
0e41533b-87d2-4276-b2dc-cb6d443bdf0b,Finca La Campesina,El Tanque,2332c09c-7d53-4563-b57b-2933c2a7a09b,Julio Antonio Colmenarez Mendoza,Occidente,235263,B01,8,2026,191.45,0,2,179.32,True,True,ytd,0.9366,zona,Occidente,
0e41533b-87d2-4276-b2dc-cb6d443bdf0b,Finca La Campesina,El Tanque,2332c09c-7d53-4563-b57b-2933c2a7a09b,Julio Antonio Colmenarez Mendoza,Occidente,235263,B01,7,2026,333.525,287.8,31,287.8,False,False,ytd,0.9366,zona,Occidente,
0e41533b-87d2-4276-b2dc-cb6d443bdf0b,Finca La Campesina,El Tanque,2332c09c-7d53-4563-b57b-2933c2a7a09b,Julio Antonio Colmenarez Mendoza,Occidente,235263,B01,6,2026,336.1,339.4,30,339.4,False,False,ytd,0.9366,zona,Occidente,
0e41533b-87d2-4276-b2dc-cb6d443bdf0b,Finca La Campesina,El Tanque,2332c09c-7d53-4563-b57b-2933c2a7a09b,Julio Antonio Colmenarez Mendoza,Occidente,235263,B01,5,2026,186.075,127,6,174.29,True,True,ytd,0.9366,zona,Occidente,
0e41533b-87d2-4276-b2dc-cb6d443bdf0b,Finca La Campesina,El Tanque,2332c09c-7d53-4563-b57b-2933c2a7a09b,Julio Antonio Colmenarez Mendoza,Occidente,235263,B01,4,2026,91.4,,0,85.61,True,False,ytd,0.9366,zona,Occidente,
0e41533b-87d2-4276-b2dc-cb6d443bdf0b,Finca La Campesina,El Tanque,2332c09c-7d53-4563-b57b-2933c2a7a09b,Julio Antonio Colmenarez Mendoza,Occidente,235263,B01,3,2026,8.4,,0,7.87,True,False,ytd,0.9366,zona,Occidente,
0e41533b-87d2-4276-b2dc-cb6d443bdf0b,Finca La Campesina,El Tanque,2332c09c-7d53-4563-b57b-2933c2a7a09b,Julio Antonio Colmenarez Mendoza,Occidente,235263,B01,2,2026,1.4,,0,1.31,True,False,ytd,0.9366,zona,Occidente,
0e41533b-87d2-4276-b2dc-cb6d443bdf0b,Finca La Campesina,El Tanque,2332c09c-7d53-4563-b57b-2933c2a7a09b,Julio Antonio Colmenarez Mendoza,Occidente,235263,B01,1,2026,2,,0,1.87,True,False,ytd,0.9366,zona,Occidente,
68de25e0-970c-4e7b-a320-a698b4f6d605,Finca La Campesina,La Ceiba,2332c09c-7d53-4563-b57b-2933c2a7a09b,Julio Antonio Colmenarez Mendoza,Occidente,235263,B01,12,2026,13.225,,0,12.39,True,False,ytd,0.9366,zona,Occidente,
68de25e0-970c-4e7b-a320-a698b4f6d605,Finca La Campesina,La Ceiba,2332c09c-7d53-4563-b57b-2933c2a7a09b,Julio Antonio Colmenarez Mendoza,Occidente,235263,B01,11,2026,30.475,,0,28.54,True,False,ytd,0.9366,zona,Occidente,
68de25e0-970c-4e7b-a320-a698b4f6d605,Finca La Campesina,La Ceiba,2332c09c-7d53-4563-b57b-2933c2a7a09b,Julio Antonio Colmenarez Mendoza,Occidente,235263,B01,10,2026,84.425,,0,79.08,True,False,ytd,0.9366,zona,Occidente,
68de25e0-970c-4e7b-a320-a698b4f6d605,Finca La Campesina,La Ceiba,2332c09c-7d53-4563-b57b-2933c2a7a09b,Julio Antonio Colmenarez Mendoza,Occidente,235263,B01,9,2026,168.375,,0,157.71,True,False,ytd,0.9366,zona,Occidente,
68de25e0-970c-4e7b-a320-a698b4f6d605,Finca La Campesina,La Ceiba,2332c09c-7d53-4563-b57b-2933c2a7a09b,Julio Antonio Colmenarez Mendoza,Occidente,235263,B01,8,2026,191.45,0,2,179.32,True,True,ytd,0.9366,zona,Occidente,
68de25e0-970c-4e7b-a320-a698b4f6d605,Finca La Campesina,La Ceiba,2332c09c-7d53-4563-b57b-2933c2a7a09b,Julio Antonio Colmenarez Mendoza,Occidente,235263,B01,7,2026,333.525,287.8,31,287.8,False,False,ytd,0.9366,zona,Occidente,
68de25e0-970c-4e7b-a320-a698b4f6d605,Finca La Campesina,La Ceiba,2332c09c-7d53-4563-b57b-2933c2a7a09b,Julio Antonio Colmenarez Mendoza,Occidente,235263,B01,6,2026,336.1,339.4,30,339.4,False,False,ytd,0.9366,zona,Occidente,
68de25e0-970c-4e7b-a320-a698b4f6d605,Finca La Campesina,La Ceiba,2332c09c-7d53-4563-b57b-2933c2a7a09b,Julio Antonio Colmenarez Mendoza,Occidente,235263,B01,5,2026,186.075,127,6,174.29,True,True,ytd,0.9366,zona,Occidente,
68de25e0-970c-4e7b-a320-a698b4f6d605,Finca La Campesina,La Ceiba,2332c09c-7d53-4563-b57b-2933c2a7a09b,Julio Antonio Colmenarez Mendoza,Occidente,235263,B01,4,2026,91.4,,0,85.61,True,False,ytd,0.9366,zona,Occidente,
68de25e0-970c-4e7b-a320-a698b4f6d605,Finca La Campesina,La Ceiba,2332c09c-7d53-4563-b57b-2933c2a7a09b,Julio Antonio Colmenarez Mendoza,Occidente,235263,B01,3,2026,8.4,,0,7.87,True,False,ytd,0.9366,zona,Occidente,
68de25e0-970c-4e7b-a320-a698b4f6d605,Finca La Campesina,La Ceiba,2332c09c-7d53-4563-b57b-2933c2a7a09b,Julio Antonio Colmenarez Mendoza,Occidente,235263,B01,2,2026,1.4,,0,1.31,True,False,ytd,0.9366,zona,Occidente,
68de25e0-970c-4e7b-a320-a698b4f6d605,Finca La Campesina,La Ceiba,2332c09c-7d53-4563-b57b-2933c2a7a09b,Julio Antonio Colmenarez Mendoza,Occidente,235263,B01,1,2026,2,,0,1.87,True,False,ytd,0.9366,zona,Occidente,
dcfd1499-20dd-4342-8a05-e49be9ccc997,Finca La Campesina,La Mariera,2332c09c-7d53-4563-b57b-2933c2a7a09b,Julio Antonio Colmenarez Mendoza,Occidente,235263,B01,12,2026,13.225,,0,12.39,True,False,ytd,0.9366,zona,Occidente,
dcfd1499-20dd-4342-8a05-e49be9ccc997,Finca La Campesina,La Mariera,2332c09c-7d53-4563-b57b-2933c2a7a09b,Julio Antonio Colmenarez Mendoza,Occidente,235263,B01,11,2026,30.475,,0,28.54,True,False,ytd,0.9366,zona,Occidente,
dcfd1499-20dd-4342-8a05-e49be9ccc997,Finca La Campesina,La Mariera,2332c09c-7d53-4563-b57b-2933c2a7a09b,Julio Antonio Colmenarez Mendoza,Occidente,235263,B01,10,2026,84.425,,0,79.08,True,False,ytd,0.9366,zona,Occidente,
dcfd1499-20dd-4342-8a05-e49be9ccc997,Finca La Campesina,La Mariera,2332c09c-7d53-4563-b57b-2933c2a7a09b,Julio Antonio Colmenarez Mendoza,Occidente,235263,B01,9,2026,168.375,,0,157.71,True,False,ytd,0.9366,zona,Occidente,
dcfd1499-20dd-4342-8a05-e49be9ccc997,Finca La Campesina,La Mariera,2332c09c-7d53-4563-b57b-2933c2a7a09b,Julio Antonio Colmenarez Mendoza,Occidente,235263,B01,8,2026,191.45,0,2,179.32,True,True,ytd,0.9366,zona,Occidente,
dcfd1499-20dd-4342-8a05-e49be9ccc997,Finca La Campesina,La Mariera,2332c09c-7d53-4563-b57b-2933c2a7a09b,Julio Antonio Colmenarez Mendoza,Occidente,235263,B01,7,2026,333.525,287.8,31,287.8,False,False,ytd,0.9366,zona,Occidente,
dcfd1499-20dd-4342-8a05-e49be9ccc997,Finca La Campesina,La Mariera,2332c09c-7d53-4563-b57b-2933c2a7a09b,Julio Antonio Colmenarez Mendoza,Occidente,235263,B01,6,2026,336.1,339.4,30,339.4,False,False,ytd,0.9366,zona,Occidente,
dcfd1499-20dd-4342-8a05-e49be9ccc997,Finca La Campesina,La Mariera,2332c09c-7d53-4563-b57b-2933c2a7a09b,Julio Antonio Colmenarez Mendoza,Occidente,235263,B01,5,2026,186.075,127,6,174.29,True,True,ytd,0.9366,zona,Occidente,
dcfd1499-20dd-4342-8a05-e49be9ccc997,Finca La Campesina,La Mariera,2332c09c-7d53-4563-b57b-2933c2a7a09b,Julio Antonio Colmenarez Mendoza,Occidente,235263,B01,4,2026,91.4,,0,85.61,True,False,ytd,0.9366,zona,Occidente,
dcfd1499-20dd-4342-8a05-e49be9ccc997,Finca La Campesina,La Mariera,2332c09c-7d53-4563-b57b-2933c2a7a09b,Julio Antonio Colmenarez Mendoza,Occidente,235263,B01,3,2026,8.4,,0,7.87,True,False,ytd,0.9366,zona,Occidente,
dcfd1499-20dd-4342-8a05-e49be9ccc997,Finca La Campesina,La Mariera,2332c09c-7d53-4563-b57b-2933c2a7a09b,Julio Antonio Colmenarez Mendoza,Occidente,235263,B01,2,2026,1.4,,0,1.31,True,False,ytd,0.9366,zona,Occidente,
dcfd1499-20dd-4342-8a05-e49be9ccc997,Finca La Campesina,La Mariera,2332c09c-7d53-4563-b57b-2933c2a7a09b,Julio Antonio Colmenarez Mendoza,Occidente,235263,B01,1,2026,2,,0,1.87,True,False,ytd,0.9366,zona,Occidente,
bd732e00-9929-4122-bda9-d9d6a4320535,Finca La Campesina,Los Pepes 1,2332c09c-7d53-4563-b57b-2933c2a7a09b,Julio Antonio Colmenarez Mendoza,Occidente,235263,B01,12,2026,13.225,,0,12.39,True,False,ytd,0.9366,zona,Occidente,
bd732e00-9929-4122-bda9-d9d6a4320535,Finca La Campesina,Los Pepes 1,2332c09c-7d53-4563-b57b-2933c2a7a09b,Julio Antonio Colmenarez Mendoza,Occidente,235263,B01,11,2026,30.475,,0,28.54,True,False,ytd,0.9366,zona,Occidente,
bd732e00-9929-4122-bda9-d9d6a4320535,Finca La Campesina,Los Pepes 1,2332c09c-7d53-4563-b57b-2933c2a7a09b,Julio Antonio Colmenarez Mendoza,Occidente,235263,B01,10,2026,84.425,,0,79.08,True,False,ytd,0.9366,zona,Occidente,
bd732e00-9929-4122-bda9-d9d6a4320535,Finca La Campesina,Los Pepes 1,2332c09c-7d53-4563-b57b-2933c2a7a09b,Julio Antonio Colmenarez Mendoza,Occidente,235263,B01,9,2026,168.375,,0,157.71,True,False,ytd,0.9366,zona,Occidente,
bd732e00-9929-4122-bda9-d9d6a4320535,Finca La Campesina,Los Pepes 1,2332c09c-7d53-4563-b57b-2933c2a7a09b,Julio Antonio Colmenarez Mendoza,Occidente,235263,B01,8,2026,191.45,0,2,179.32,True,True,ytd,0.9366,zona,Occidente,
bd732e00-9929-4122-bda9-d9d6a4320535,Finca La Campesina,Los Pepes 1,2332c09c-7d53-4563-b57b-2933c2a7a09b,Julio Antonio Colmenarez Mendoza,Occidente,235263,B01,7,2026,333.525,287.8,31,287.8,False,False,ytd,0.9366,zona,Occidente,
bd732e00-9929-4122-bda9-d9d6a4320535,Finca La Campesina,Los Pepes 1,2332c09c-7d53-4563-b57b-2933c2a7a09b,Julio Antonio Colmenarez Mendoza,Occidente,235263,B01,6,2026,336.1,339.4,30,339.4,False,False,ytd,0.9366,zona,Occidente,
bd732e00-9929-4122-bda9-d9d6a4320535,Finca La Campesina,Los Pepes 1,2332c09c-7d53-4563-b57b-2933c2a7a09b,Julio Antonio Colmenarez Mendoza,Occidente,235263,B01,5,2026,186.075,127,6,174.29,True,True,ytd,0.9366,zona,Occidente,
bd732e00-9929-4122-bda9-d9d6a4320535,Finca La Campesina,Los Pepes 1,2332c09c-7d53-4563-b57b-2933c2a7a09b,Julio Antonio Colmenarez Mendoza,Occidente,235263,B01,4,2026,91.4,,0,85.61,True,False,ytd,0.9366,zona,Occidente,
bd732e00-9929-4122-bda9-d9d6a4320535,Finca La Campesina,Los Pepes 1,2332c09c-7d53-4563-b57b-2933c2a7a09b,Julio Antonio Colmenarez Mendoza,Occidente,235263,B01,3,2026,8.4,,0,7.87,True,False,ytd,0.9366,zona,Occidente,
bd732e00-9929-4122-bda9-d9d6a4320535,Finca La Campesina,Los Pepes 1,2332c09c-7d53-4563-b57b-2933c2a7a09b,Julio Antonio Colmenarez Mendoza,Occidente,235263,B01,2,2026,1.4,,0,1.31,True,False,ytd,0.9366,zona,Occidente,
bd732e00-9929-4122-bda9-d9d6a4320535,Finca La Campesina,Los Pepes 1,2332c09c-7d53-4563-b57b-2933c2a7a09b,Julio Antonio Colmenarez Mendoza,Occidente,235263,B01,1,2026,2,,0,1.87,True,False,ytd,0.9366,zona,Occidente,
9ec86aae-f6a9-42e9-b14c-6506fcc30c1b,Finca La Campesina,Los Pepes 2,2332c09c-7d53-4563-b57b-2933c2a7a09b,Julio Antonio Colmenarez Mendoza,Occidente,235263,B01,12,2026,13.225,,0,12.39,True,False,ytd,0.9366,zona,Occidente,
9ec86aae-f6a9-42e9-b14c-6506fcc30c1b,Finca La Campesina,Los Pepes 2,2332c09c-7d53-4563-b57b-2933c2a7a09b,Julio Antonio Colmenarez Mendoza,Occidente,235263,B01,11,2026,30.475,,0,28.54,True,False,ytd,0.9366,zona,Occidente,
9ec86aae-f6a9-42e9-b14c-6506fcc30c1b,Finca La Campesina,Los Pepes 2,2332c09c-7d53-4563-b57b-2933c2a7a09b,Julio Antonio Colmenarez Mendoza,Occidente,235263,B01,10,2026,84.425,,0,79.08,True,False,ytd,0.9366,zona,Occidente,
9ec86aae-f6a9-42e9-b14c-6506fcc30c1b,Finca La Campesina,Los Pepes 2,2332c09c-7d53-4563-b57b-2933c2a7a09b,Julio Antonio Colmenarez Mendoza,Occidente,235263,B01,9,2026,168.375,,0,157.71,True,False,ytd,0.9366,zona,Occidente,
9ec86aae-f6a9-42e9-b14c-6506fcc30c1b,Finca La Campesina,Los Pepes 2,2332c09c-7d53-4563-b57b-2933c2a7a09b,Julio Antonio Colmenarez Mendoza,Occidente,235263,B01,8,2026,191.45,0,2,179.32,True,True,ytd,0.9366,zona,Occidente,
9ec86aae-f6a9-42e9-b14c-6506fcc30c1b,Finca La Campesina,Los Pepes 2,2332c09c-7d53-4563-b57b-2933c2a7a09b,Julio Antonio Colmenarez Mendoza,Occidente,235263,B01,7,2026,333.525,287.8,31,287.8,False,False,ytd,0.9366,zona,Occidente,
9ec86aae-f6a9-42e9-b14c-6506fcc30c1b,Finca La Campesina,Los Pepes 2,2332c09c-7d53-4563-b57b-2933c2a7a09b,Julio Antonio Colmenarez Mendoza,Occidente,235263,B01,6,2026,336.1,339.4,30,339.4,False,False,ytd,0.9366,zona,Occidente,
9ec86aae-f6a9-42e9-b14c-6506fcc30c1b,Finca La Campesina,Los Pepes 2,2332c09c-7d53-4563-b57b-2933c2a7a09b,Julio Antonio Colmenarez Mendoza,Occidente,235263,B01,5,2026,186.075,127,6,174.29,True,True,ytd,0.9366,zona,Occidente,
9ec86aae-f6a9-42e9-b14c-6506fcc30c1b,Finca La Campesina,Los Pepes 2,2332c09c-7d53-4563-b57b-2933c2a7a09b,Julio Antonio Colmenarez Mendoza,Occidente,235263,B01,4,2026,91.4,,0,85.61,True,False,ytd,0.9366,zona,Occidente,
9ec86aae-f6a9-42e9-b14c-6506fcc30c1b,Finca La Campesina,Los Pepes 2,2332c09c-7d53-4563-b57b-2933c2a7a09b,Julio Antonio Colmenarez Mendoza,Occidente,235263,B01,3,2026,8.4,,0,7.87,True,False,ytd,0.9366,zona,Occidente,
9ec86aae-f6a9-42e9-b14c-6506fcc30c1b,Finca La Campesina,Los Pepes 2,2332c09c-7d53-4563-b57b-2933c2a7a09b,Julio Antonio Colmenarez Mendoza,Occidente,235263,B01,2,2026,1.4,,0,1.31,True,False,ytd,0.9366,zona,Occidente,
9ec86aae-f6a9-42e9-b14c-6506fcc30c1b,Finca La Campesina,Los Pepes 2,2332c09c-7d53-4563-b57b-2933c2a7a09b,Julio Antonio Colmenarez Mendoza,Occidente,235263,B01,1,2026,2,,0,1.87,True,False,ytd,0.9366,zona,Occidente,
f129db6e-1770-468c-8647-b18c5ecba6a5,Finca La Campesina,Pelo e Mula,2332c09c-7d53-4563-b57b-2933c2a7a09b,Julio Antonio Colmenarez Mendoza,Occidente,235263,B01,12,2026,13.225,,0,12.39,True,False,ytd,0.9366,zona,Occidente,
f129db6e-1770-468c-8647-b18c5ecba6a5,Finca La Campesina,Pelo e Mula,2332c09c-7d53-4563-b57b-2933c2a7a09b,Julio Antonio Colmenarez Mendoza,Occidente,235263,B01,11,2026,30.475,,0,28.54,True,False,ytd,0.9366,zona,Occidente,
f129db6e-1770-468c-8647-b18c5ecba6a5,Finca La Campesina,Pelo e Mula,2332c09c-7d53-4563-b57b-2933c2a7a09b,Julio Antonio Colmenarez Mendoza,Occidente,235263,B01,10,2026,84.425,,0,79.08,True,False,ytd,0.9366,zona,Occidente,
f129db6e-1770-468c-8647-b18c5ecba6a5,Finca La Campesina,Pelo e Mula,2332c09c-7d53-4563-b57b-2933c2a7a09b,Julio Antonio Colmenarez Mendoza,Occidente,235263,B01,9,2026,168.375,,0,157.71,True,False,ytd,0.9366,zona,Occidente,
f129db6e-1770-468c-8647-b18c5ecba6a5,Finca La Campesina,Pelo e Mula,2332c09c-7d53-4563-b57b-2933c2a7a09b,Julio Antonio Colmenarez Mendoza,Occidente,235263,B01,8,2026,191.45,0,2,179.32,True,True,ytd,0.9366,zona,Occidente,
f129db6e-1770-468c-8647-b18c5ecba6a5,Finca La Campesina,Pelo e Mula,2332c09c-7d53-4563-b57b-2933c2a7a09b,Julio Antonio Colmenarez Mendoza,Occidente,235263,B01,7,2026,333.525,287.8,31,287.8,False,False,ytd,0.9366,zona,Occidente,
f129db6e-1770-468c-8647-b18c5ecba6a5,Finca La Campesina,Pelo e Mula,2332c09c-7d53-4563-b57b-2933c2a7a09b,Julio Antonio Colmenarez Mendoza,Occidente,235263,B01,6,2026,336.1,339.4,30,339.4,False,False,ytd,0.9366,zona,Occidente,
f129db6e-1770-468c-8647-b18c5ecba6a5,Finca La Campesina,Pelo e Mula,2332c09c-7d53-4563-b57b-2933c2a7a09b,Julio Antonio Colmenarez Mendoza,Occidente,235263,B01,5,2026,186.075,127,6,174.29,True,True,ytd,0.9366,zona,Occidente,
f129db6e-1770-468c-8647-b18c5ecba6a5,Finca La Campesina,Pelo e Mula,2332c09c-7d53-4563-b57b-2933c2a7a09b,Julio Antonio Colmenarez Mendoza,Occidente,235263,B01,4,2026,91.4,,0,85.61,True,False,ytd,0.9366,zona,Occidente,
f129db6e-1770-468c-8647-b18c5ecba6a5,Finca La Campesina,Pelo e Mula,2332c09c-7d53-4563-b57b-2933c2a7a09b,Julio Antonio Colmenarez Mendoza,Occidente,235263,B01,3,2026,8.4,,0,7.87,True,False,ytd,0.9366,zona,Occidente,
f129db6e-1770-468c-8647-b18c5ecba6a5,Finca La Campesina,Pelo e Mula,2332c09c-7d53-4563-b57b-2933c2a7a09b,Julio Antonio Colmenarez Mendoza,Occidente,235263,B01,2,2026,1.4,,0,1.31,True,False,ytd,0.9366,zona,Occidente,
f129db6e-1770-468c-8647-b18c5ecba6a5,Finca La Campesina,Pelo e Mula,2332c09c-7d53-4563-b57b-2933c2a7a09b,Julio Antonio Colmenarez Mendoza,Occidente,235263,B01,1,2026,2,,0,1.87,True,False,ytd,0.9366,zona,Occidente,
b042dd6d-4f09-4db4-a202-7c741ba70aae,Finca La Campesina,Revilla 1,2332c09c-7d53-4563-b57b-2933c2a7a09b,Julio Antonio Colmenarez Mendoza,Occidente,235263,B01,12,2026,13.225,,0,12.39,True,False,ytd,0.9366,zona,Occidente,
b042dd6d-4f09-4db4-a202-7c741ba70aae,Finca La Campesina,Revilla 1,2332c09c-7d53-4563-b57b-2933c2a7a09b,Julio Antonio Colmenarez Mendoza,Occidente,235263,B01,11,2026,30.475,,0,28.54,True,False,ytd,0.9366,zona,Occidente,
b042dd6d-4f09-4db4-a202-7c741ba70aae,Finca La Campesina,Revilla 1,2332c09c-7d53-4563-b57b-2933c2a7a09b,Julio Antonio Colmenarez Mendoza,Occidente,235263,B01,10,2026,84.425,,0,79.08,True,False,ytd,0.9366,zona,Occidente,
b042dd6d-4f09-4db4-a202-7c741ba70aae,Finca La Campesina,Revilla 1,2332c09c-7d53-4563-b57b-2933c2a7a09b,Julio Antonio Colmenarez Mendoza,Occidente,235263,B01,9,2026,168.375,,0,157.71,True,False,ytd,0.9366,zona,Occidente,
b042dd6d-4f09-4db4-a202-7c741ba70aae,Finca La Campesina,Revilla 1,2332c09c-7d53-4563-b57b-2933c2a7a09b,Julio Antonio Colmenarez Mendoza,Occidente,235263,B01,8,2026,191.45,0,2,179.32,True,True,ytd,0.9366,zona,Occidente,
b042dd6d-4f09-4db4-a202-7c741ba70aae,Finca La Campesina,Revilla 1,2332c09c-7d53-4563-b57b-2933c2a7a09b,Julio Antonio Colmenarez Mendoza,Occidente,235263,B01,7,2026,333.525,287.8,31,287.8,False,False,ytd,0.9366,zona,Occidente,
b042dd6d-4f09-4db4-a202-7c741ba70aae,Finca La Campesina,Revilla 1,2332c09c-7d53-4563-b57b-2933c2a7a09b,Julio Antonio Colmenarez Mendoza,Occidente,235263,B01,6,2026,336.1,339.4,30,339.4,False,False,ytd,0.9366,zona,Occidente,
b042dd6d-4f09-4db4-a202-7c741ba70aae,Finca La Campesina,Revilla 1,2332c09c-7d53-4563-b57b-2933c2a7a09b,Julio Antonio Colmenarez Mendoza,Occidente,235263,B01,5,2026,186.075,127,6,174.29,True,True,ytd,0.9366,zona,Occidente,
b042dd6d-4f09-4db4-a202-7c741ba70aae,Finca La Campesina,Revilla 1,2332c09c-7d53-4563-b57b-2933c2a7a09b,Julio Antonio Colmenarez Mendoza,Occidente,235263,B01,4,2026,91.4,,0,85.61,True,False,ytd,0.9366,zona,Occidente,
b042dd6d-4f09-4db4-a202-7c741ba70aae,Finca La Campesina,Revilla 1,2332c09c-7d53-4563-b57b-2933c2a7a09b,Julio Antonio Colmenarez Mendoza,Occidente,235263,B01,3,2026,8.4,,0,7.87,True,False,ytd,0.9366,zona,Occidente,
b042dd6d-4f09-4db4-a202-7c741ba70aae,Finca La Campesina,Revilla 1,2332c09c-7d53-4563-b57b-2933c2a7a09b,Julio Antonio Colmenarez Mendoza,Occidente,235263,B01,2,2026,1.4,,0,1.31,True,False,ytd,0.9366,zona,Occidente,
b042dd6d-4f09-4db4-a202-7c741ba70aae,Finca La Campesina,Revilla 1,2332c09c-7d53-4563-b57b-2933c2a7a09b,Julio Antonio Colmenarez Mendoza,Occidente,235263,B01,1,2026,2,,0,1.87,True,False,ytd,0.9366,zona,Occidente,
96c2be98-1632-46dc-8418-87bc935cc125,Finca La Campesina,Revilla 2,2332c09c-7d53-4563-b57b-2933c2a7a09b,Julio Antonio Colmenarez Mendoza,Occidente,235263,B01,12,2026,13.225,,0,12.39,True,False,ytd,0.9366,zona,Occidente,
96c2be98-1632-46dc-8418-87bc935cc125,Finca La Campesina,Revilla 2,2332c09c-7d53-4563-b57b-2933c2a7a09b,Julio Antonio Colmenarez Mendoza,Occidente,235263,B01,11,2026,30.475,,0,28.54,True,False,ytd,0.9366,zona,Occidente,
96c2be98-1632-46dc-8418-87bc935cc125,Finca La Campesina,Revilla 2,2332c09c-7d53-4563-b57b-2933c2a7a09b,Julio Antonio Colmenarez Mendoza,Occidente,235263,B01,10,2026,84.425,,0,79.08,True,False,ytd,0.9366,zona,Occidente,
96c2be98-1632-46dc-8418-87bc935cc125,Finca La Campesina,Revilla 2,2332c09c-7d53-4563-b57b-2933c2a7a09b,Julio Antonio Colmenarez Mendoza,Occidente,235263,B01,9,2026,168.375,,0,157.71,True,False,ytd,0.9366,zona,Occidente,
96c2be98-1632-46dc-8418-87bc935cc125,Finca La Campesina,Revilla 2,2332c09c-7d53-4563-b57b-2933c2a7a09b,Julio Antonio Colmenarez Mendoza,Occidente,235263,B01,8,2026,191.45,0,2,179.32,True,True,ytd,0.9366,zona,Occidente,
96c2be98-1632-46dc-8418-87bc935cc125,Finca La Campesina,Revilla 2,2332c09c-7d53-4563-b57b-2933c2a7a09b,Julio Antonio Colmenarez Mendoza,Occidente,235263,B01,7,2026,333.525,287.8,31,287.8,False,False,ytd,0.9366,zona,Occidente,
96c2be98-1632-46dc-8418-87bc935cc125,Finca La Campesina,Revilla 2,2332c09c-7d53-4563-b57b-2933c2a7a09b,Julio Antonio Colmenarez Mendoza,Occidente,235263,B01,6,2026,336.1,339.4,30,339.4,False,False,ytd,0.9366,zona,Occidente,
96c2be98-1632-46dc-8418-87bc935cc125,Finca La Campesina,Revilla 2,2332c09c-7d53-4563-b57b-2933c2a7a09b,Julio Antonio Colmenarez Mendoza,Occidente,235263,B01,5,2026,186.075,127,6,174.29,True,True,ytd,0.9366,zona,Occidente,
96c2be98-1632-46dc-8418-87bc935cc125,Finca La Campesina,Revilla 2,2332c09c-7d53-4563-b57b-2933c2a7a09b,Julio Antonio Colmenarez Mendoza,Occidente,235263,B01,4,2026,91.4,,0,85.61,True,False,ytd,0.9366,zona,Occidente,
96c2be98-1632-46dc-8418-87bc935cc125,Finca La Campesina,Revilla 2,2332c09c-7d53-4563-b57b-2933c2a7a09b,Julio Antonio Colmenarez Mendoza,Occidente,235263,B01,3,2026,8.4,,0,7.87,True,False,ytd,0.9366,zona,Occidente,
96c2be98-1632-46dc-8418-87bc935cc125,Finca La Campesina,Revilla 2,2332c09c-7d53-4563-b57b-2933c2a7a09b,Julio Antonio Colmenarez Mendoza,Occidente,235263,B01,2,2026,1.4,,0,1.31,True,False,ytd,0.9366,zona,Occidente,
96c2be98-1632-46dc-8418-87bc935cc125,Finca La Campesina,Revilla 2,2332c09c-7d53-4563-b57b-2933c2a7a09b,Julio Antonio Colmenarez Mendoza,Occidente,235263,B01,1,2026,2,,0,1.87,True,False,ytd,0.9366,zona,Occidente,
3b144731-86cd-4856-9137-d00b9e69a670,Finca La Padillera,La Padillera 1,3170b386-6ce8-455e-b0de-42779c58ea92,Cesar Igor Padilla Martinez,Occidente,235240,P16,12,2026,34,,0,24,True,False,ytd,0.7058,cercana,213450,5.21
3b144731-86cd-4856-9137-d00b9e69a670,Finca La Padillera,La Padillera 1,3170b386-6ce8-455e-b0de-42779c58ea92,Cesar Igor Padilla Martinez,Occidente,235240,P16,11,2026,89,,0,62.81,True,False,ytd,0.7058,cercana,213450,5.21
3b144731-86cd-4856-9137-d00b9e69a670,Finca La Padillera,La Padillera 1,3170b386-6ce8-455e-b0de-42779c58ea92,Cesar Igor Padilla Martinez,Occidente,235240,P16,10,2026,128.6,,0,90.76,True,False,ytd,0.7058,cercana,213450,5.21
3b144731-86cd-4856-9137-d00b9e69a670,Finca La Padillera,La Padillera 1,3170b386-6ce8-455e-b0de-42779c58ea92,Cesar Igor Padilla Martinez,Occidente,235240,P16,9,2026,119,,0,83.99,True,False,ytd,0.7058,cercana,213450,5.21
3b144731-86cd-4856-9137-d00b9e69a670,Finca La Padillera,La Padillera 1,3170b386-6ce8-455e-b0de-42779c58ea92,Cesar Igor Padilla Martinez,Occidente,235240,P16,8,2026,195.4,0,2,137.91,True,True,ytd,0.7058,cercana,213450,5.21
3b144731-86cd-4856-9137-d00b9e69a670,Finca La Padillera,La Padillera 1,3170b386-6ce8-455e-b0de-42779c58ea92,Cesar Igor Padilla Martinez,Occidente,235240,P16,7,2026,208.2,262,31,262,False,False,ytd,0.7058,cercana,213450,5.21
3b144731-86cd-4856-9137-d00b9e69a670,Finca La Padillera,La Padillera 1,3170b386-6ce8-455e-b0de-42779c58ea92,Cesar Igor Padilla Martinez,Occidente,235240,P16,6,2026,472.2,218.2,30,218.2,False,False,ytd,0.7058,cercana,213450,5.21
3b144731-86cd-4856-9137-d00b9e69a670,Finca La Padillera,La Padillera 1,3170b386-6ce8-455e-b0de-42779c58ea92,Cesar Igor Padilla Martinez,Occidente,235240,P16,5,2026,,43.2,6,0,True,True,ytd,0.7058,cercana,213450,5.21
3b144731-86cd-4856-9137-d00b9e69a670,Finca La Padillera,La Padillera 1,3170b386-6ce8-455e-b0de-42779c58ea92,Cesar Igor Padilla Martinez,Occidente,235240,P16,4,2026,,,0,0,True,False,ytd,0.7058,cercana,213450,5.21
3b144731-86cd-4856-9137-d00b9e69a670,Finca La Padillera,La Padillera 1,3170b386-6ce8-455e-b0de-42779c58ea92,Cesar Igor Padilla Martinez,Occidente,235240,P16,3,2026,,,0,0,True,False,ytd,0.7058,cercana,213450,5.21
3b144731-86cd-4856-9137-d00b9e69a670,Finca La Padillera,La Padillera 1,3170b386-6ce8-455e-b0de-42779c58ea92,Cesar Igor Padilla Martinez,Occidente,235240,P16,2,2026,,,0,0,True,False,ytd,0.7058,cercana,213450,5.21
3b144731-86cd-4856-9137-d00b9e69a670,Finca La Padillera,La Padillera 1,3170b386-6ce8-455e-b0de-42779c58ea92,Cesar Igor Padilla Martinez,Occidente,235240,P16,1,2026,,,0,0,True,False,ytd,0.7058,cercana,213450,5.21
414243e8-fc22-4d60-86c6-64d2ddeb53d3,Finca La Padillera,Las Coromoticos 1,3170b386-6ce8-455e-b0de-42779c58ea92,Cesar Igor Padilla Martinez,Occidente,235240,P16,12,2026,34,,0,24,True,False,ytd,0.7058,cercana,213450,5.21
414243e8-fc22-4d60-86c6-64d2ddeb53d3,Finca La Padillera,Las Coromoticos 1,3170b386-6ce8-455e-b0de-42779c58ea92,Cesar Igor Padilla Martinez,Occidente,235240,P16,11,2026,89,,0,62.81,True,False,ytd,0.7058,cercana,213450,5.21
414243e8-fc22-4d60-86c6-64d2ddeb53d3,Finca La Padillera,Las Coromoticos 1,3170b386-6ce8-455e-b0de-42779c58ea92,Cesar Igor Padilla Martinez,Occidente,235240,P16,10,2026,128.6,,0,90.76,True,False,ytd,0.7058,cercana,213450,5.21
414243e8-fc22-4d60-86c6-64d2ddeb53d3,Finca La Padillera,Las Coromoticos 1,3170b386-6ce8-455e-b0de-42779c58ea92,Cesar Igor Padilla Martinez,Occidente,235240,P16,9,2026,119,,0,83.99,True,False,ytd,0.7058,cercana,213450,5.21
414243e8-fc22-4d60-86c6-64d2ddeb53d3,Finca La Padillera,Las Coromoticos 1,3170b386-6ce8-455e-b0de-42779c58ea92,Cesar Igor Padilla Martinez,Occidente,235240,P16,8,2026,195.4,0,2,137.91,True,True,ytd,0.7058,cercana,213450,5.21
414243e8-fc22-4d60-86c6-64d2ddeb53d3,Finca La Padillera,Las Coromoticos 1,3170b386-6ce8-455e-b0de-42779c58ea92,Cesar Igor Padilla Martinez,Occidente,235240,P16,7,2026,208.2,262,31,262,False,False,ytd,0.7058,cercana,213450,5.21
414243e8-fc22-4d60-86c6-64d2ddeb53d3,Finca La Padillera,Las Coromoticos 1,3170b386-6ce8-455e-b0de-42779c58ea92,Cesar Igor Padilla Martinez,Occidente,235240,P16,6,2026,472.2,218.2,30,218.2,False,False,ytd,0.7058,cercana,213450,5.21
414243e8-fc22-4d60-86c6-64d2ddeb53d3,Finca La Padillera,Las Coromoticos 1,3170b386-6ce8-455e-b0de-42779c58ea92,Cesar Igor Padilla Martinez,Occidente,235240,P16,5,2026,,43.2,6,0,True,True,ytd,0.7058,cercana,213450,5.21
414243e8-fc22-4d60-86c6-64d2ddeb53d3,Finca La Padillera,Las Coromoticos 1,3170b386-6ce8-455e-b0de-42779c58ea92,Cesar Igor Padilla Martinez,Occidente,235240,P16,4,2026,,,0,0,True,False,ytd,0.7058,cercana,213450,5.21
414243e8-fc22-4d60-86c6-64d2ddeb53d3,Finca La Padillera,Las Coromoticos 1,3170b386-6ce8-455e-b0de-42779c58ea92,Cesar Igor Padilla Martinez,Occidente,235240,P16,3,2026,,,0,0,True,False,ytd,0.7058,cercana,213450,5.21
414243e8-fc22-4d60-86c6-64d2ddeb53d3,Finca La Padillera,Las Coromoticos 1,3170b386-6ce8-455e-b0de-42779c58ea92,Cesar Igor Padilla Martinez,Occidente,235240,P16,2,2026,,,0,0,True,False,ytd,0.7058,cercana,213450,5.21
414243e8-fc22-4d60-86c6-64d2ddeb53d3,Finca La Padillera,Las Coromoticos 1,3170b386-6ce8-455e-b0de-42779c58ea92,Cesar Igor Padilla Martinez,Occidente,235240,P16,1,2026,,,0,0,True,False,ytd,0.7058,cercana,213450,5.21
aedead7d-1c51-4a37-956c-22a030327cb8,Finca La Padillera,Las Coromoticos 2,3170b386-6ce8-455e-b0de-42779c58ea92,Cesar Igor Padilla Martinez,Occidente,235240,P16,12,2026,34,,0,24,True,False,ytd,0.7058,cercana,213450,5.21
aedead7d-1c51-4a37-956c-22a030327cb8,Finca La Padillera,Las Coromoticos 2,3170b386-6ce8-455e-b0de-42779c58ea92,Cesar Igor Padilla Martinez,Occidente,235240,P16,11,2026,89,,0,62.81,True,False,ytd,0.7058,cercana,213450,5.21
aedead7d-1c51-4a37-956c-22a030327cb8,Finca La Padillera,Las Coromoticos 2,3170b386-6ce8-455e-b0de-42779c58ea92,Cesar Igor Padilla Martinez,Occidente,235240,P16,10,2026,128.6,,0,90.76,True,False,ytd,0.7058,cercana,213450,5.21
aedead7d-1c51-4a37-956c-22a030327cb8,Finca La Padillera,Las Coromoticos 2,3170b386-6ce8-455e-b0de-42779c58ea92,Cesar Igor Padilla Martinez,Occidente,235240,P16,9,2026,119,,0,83.99,True,False,ytd,0.7058,cercana,213450,5.21
aedead7d-1c51-4a37-956c-22a030327cb8,Finca La Padillera,Las Coromoticos 2,3170b386-6ce8-455e-b0de-42779c58ea92,Cesar Igor Padilla Martinez,Occidente,235240,P16,8,2026,195.4,0,2,137.91,True,True,ytd,0.7058,cercana,213450,5.21
aedead7d-1c51-4a37-956c-22a030327cb8,Finca La Padillera,Las Coromoticos 2,3170b386-6ce8-455e-b0de-42779c58ea92,Cesar Igor Padilla Martinez,Occidente,235240,P16,7,2026,208.2,262,31,262,False,False,ytd,0.7058,cercana,213450,5.21
aedead7d-1c51-4a37-956c-22a030327cb8,Finca La Padillera,Las Coromoticos 2,3170b386-6ce8-455e-b0de-42779c58ea92,Cesar Igor Padilla Martinez,Occidente,235240,P16,6,2026,472.2,218.2,30,218.2,False,False,ytd,0.7058,cercana,213450,5.21
aedead7d-1c51-4a37-956c-22a030327cb8,Finca La Padillera,Las Coromoticos 2,3170b386-6ce8-455e-b0de-42779c58ea92,Cesar Igor Padilla Martinez,Occidente,235240,P16,5,2026,,43.2,6,0,True,True,ytd,0.7058,cercana,213450,5.21
aedead7d-1c51-4a37-956c-22a030327cb8,Finca La Padillera,Las Coromoticos 2,3170b386-6ce8-455e-b0de-42779c58ea92,Cesar Igor Padilla Martinez,Occidente,235240,P16,4,2026,,,0,0,True,False,ytd,0.7058,cercana,213450,5.21
aedead7d-1c51-4a37-956c-22a030327cb8,Finca La Padillera,Las Coromoticos 2,3170b386-6ce8-455e-b0de-42779c58ea92,Cesar Igor Padilla Martinez,Occidente,235240,P16,3,2026,,,0,0,True,False,ytd,0.7058,cercana,213450,5.21
aedead7d-1c51-4a37-956c-22a030327cb8,Finca La Padillera,Las Coromoticos 2,3170b386-6ce8-455e-b0de-42779c58ea92,Cesar Igor Padilla Martinez,Occidente,235240,P16,2,2026,,,0,0,True,False,ytd,0.7058,cercana,213450,5.21
aedead7d-1c51-4a37-956c-22a030327cb8,Finca La Padillera,Las Coromoticos 2,3170b386-6ce8-455e-b0de-42779c58ea92,Cesar Igor Padilla Martinez,Occidente,235240,P16,1,2026,,,0,0,True,False,ytd,0.7058,cercana,213450,5.21
51de8ec9-612f-48f0-b790-78414fc4abfa,Finca La Padillera,Los Manguitos,3170b386-6ce8-455e-b0de-42779c58ea92,Cesar Igor Padilla Martinez,Occidente,235240,P16,12,2026,34,,0,24,True,False,ytd,0.7058,cercana,213450,5.21
51de8ec9-612f-48f0-b790-78414fc4abfa,Finca La Padillera,Los Manguitos,3170b386-6ce8-455e-b0de-42779c58ea92,Cesar Igor Padilla Martinez,Occidente,235240,P16,11,2026,89,,0,62.81,True,False,ytd,0.7058,cercana,213450,5.21
51de8ec9-612f-48f0-b790-78414fc4abfa,Finca La Padillera,Los Manguitos,3170b386-6ce8-455e-b0de-42779c58ea92,Cesar Igor Padilla Martinez,Occidente,235240,P16,10,2026,128.6,,0,90.76,True,False,ytd,0.7058,cercana,213450,5.21
51de8ec9-612f-48f0-b790-78414fc4abfa,Finca La Padillera,Los Manguitos,3170b386-6ce8-455e-b0de-42779c58ea92,Cesar Igor Padilla Martinez,Occidente,235240,P16,9,2026,119,,0,83.99,True,False,ytd,0.7058,cercana,213450,5.21
51de8ec9-612f-48f0-b790-78414fc4abfa,Finca La Padillera,Los Manguitos,3170b386-6ce8-455e-b0de-42779c58ea92,Cesar Igor Padilla Martinez,Occidente,235240,P16,8,2026,195.4,0,2,137.91,True,True,ytd,0.7058,cercana,213450,5.21
51de8ec9-612f-48f0-b790-78414fc4abfa,Finca La Padillera,Los Manguitos,3170b386-6ce8-455e-b0de-42779c58ea92,Cesar Igor Padilla Martinez,Occidente,235240,P16,7,2026,208.2,262,31,262,False,False,ytd,0.7058,cercana,213450,5.21
51de8ec9-612f-48f0-b790-78414fc4abfa,Finca La Padillera,Los Manguitos,3170b386-6ce8-455e-b0de-42779c58ea92,Cesar Igor Padilla Martinez,Occidente,235240,P16,6,2026,472.2,218.2,30,218.2,False,False,ytd,0.7058,cercana,213450,5.21
51de8ec9-612f-48f0-b790-78414fc4abfa,Finca La Padillera,Los Manguitos,3170b386-6ce8-455e-b0de-42779c58ea92,Cesar Igor Padilla Martinez,Occidente,235240,P16,5,2026,,43.2,6,0,True,True,ytd,0.7058,cercana,213450,5.21
51de8ec9-612f-48f0-b790-78414fc4abfa,Finca La Padillera,Los Manguitos,3170b386-6ce8-455e-b0de-42779c58ea92,Cesar Igor Padilla Martinez,Occidente,235240,P16,4,2026,,,0,0,True,False,ytd,0.7058,cercana,213450,5.21
51de8ec9-612f-48f0-b790-78414fc4abfa,Finca La Padillera,Los Manguitos,3170b386-6ce8-455e-b0de-42779c58ea92,Cesar Igor Padilla Martinez,Occidente,235240,P16,3,2026,,,0,0,True,False,ytd,0.7058,cercana,213450,5.21
51de8ec9-612f-48f0-b790-78414fc4abfa,Finca La Padillera,Los Manguitos,3170b386-6ce8-455e-b0de-42779c58ea92,Cesar Igor Padilla Martinez,Occidente,235240,P16,2,2026,,,0,0,True,False,ytd,0.7058,cercana,213450,5.21
51de8ec9-612f-48f0-b790-78414fc4abfa,Finca La Padillera,Los Manguitos,3170b386-6ce8-455e-b0de-42779c58ea92,Cesar Igor Padilla Martinez,Occidente,235240,P16,1,2026,,,0,0,True,False,ytd,0.7058,cercana,213450,5.21
32749415-204e-4346-8a37-9fe827d34530,Finca Montes de Luna,Las 10,bfe32c59-ce11-440b-96ca-56150ed1716a,Tony Alejandro Pestana Perez,Occidente,235347,P17,12,2026,26.4,,0,9.74,True,False,ytd,0.3689,cercana,212641,9.28
32749415-204e-4346-8a37-9fe827d34530,Finca Montes de Luna,Las 10,bfe32c59-ce11-440b-96ca-56150ed1716a,Tony Alejandro Pestana Perez,Occidente,235347,P17,11,2026,32.6,,0,12.03,True,False,ytd,0.3689,cercana,212641,9.28
32749415-204e-4346-8a37-9fe827d34530,Finca Montes de Luna,Las 10,bfe32c59-ce11-440b-96ca-56150ed1716a,Tony Alejandro Pestana Perez,Occidente,235347,P17,10,2026,98.6,,0,36.38,True,False,ytd,0.3689,cercana,212641,9.28
32749415-204e-4346-8a37-9fe827d34530,Finca Montes de Luna,Las 10,bfe32c59-ce11-440b-96ca-56150ed1716a,Tony Alejandro Pestana Perez,Occidente,235347,P17,9,2026,152.6,,0,56.3,True,False,ytd,0.3689,cercana,212641,9.28
32749415-204e-4346-8a37-9fe827d34530,Finca Montes de Luna,Las 10,bfe32c59-ce11-440b-96ca-56150ed1716a,Tony Alejandro Pestana Perez,Occidente,235347,P17,8,2026,253.6,1,2,93.56,True,True,ytd,0.3689,cercana,212641,9.28
32749415-204e-4346-8a37-9fe827d34530,Finca Montes de Luna,Las 10,bfe32c59-ce11-440b-96ca-56150ed1716a,Tony Alejandro Pestana Perez,Occidente,235347,P17,7,2026,355.4,81,31,81,False,False,ytd,0.3689,cercana,212641,9.28
32749415-204e-4346-8a37-9fe827d34530,Finca Montes de Luna,Las 10,bfe32c59-ce11-440b-96ca-56150ed1716a,Tony Alejandro Pestana Perez,Occidente,235347,P17,6,2026,350.4,179.4,30,179.4,False,False,ytd,0.3689,cercana,212641,9.28
32749415-204e-4346-8a37-9fe827d34530,Finca Montes de Luna,Las 10,bfe32c59-ce11-440b-96ca-56150ed1716a,Tony Alejandro Pestana Perez,Occidente,235347,P17,5,2026,162.2,26.2,6,59.84,True,True,ytd,0.3689,cercana,212641,9.28
32749415-204e-4346-8a37-9fe827d34530,Finca Montes de Luna,Las 10,bfe32c59-ce11-440b-96ca-56150ed1716a,Tony Alejandro Pestana Perez,Occidente,235347,P17,4,2026,,,0,0,True,False,ytd,0.3689,cercana,212641,9.28
32749415-204e-4346-8a37-9fe827d34530,Finca Montes de Luna,Las 10,bfe32c59-ce11-440b-96ca-56150ed1716a,Tony Alejandro Pestana Perez,Occidente,235347,P17,3,2026,,,0,0,True,False,ytd,0.3689,cercana,212641,9.28
32749415-204e-4346-8a37-9fe827d34530,Finca Montes de Luna,Las 10,bfe32c59-ce11-440b-96ca-56150ed1716a,Tony Alejandro Pestana Perez,Occidente,235347,P17,2,2026,,,0,0,True,False,ytd,0.3689,cercana,212641,9.28
32749415-204e-4346-8a37-9fe827d34530,Finca Montes de Luna,Las 10,bfe32c59-ce11-440b-96ca-56150ed1716a,Tony Alejandro Pestana Perez,Occidente,235347,P17,1,2026,,,0,0,True,False,ytd,0.3689,cercana,212641,9.28
a860e380-8a66-4c52-b476-489917e58aba,Finca Montes de Luna,Las 12,bfe32c59-ce11-440b-96ca-56150ed1716a,Tony Alejandro Pestana Perez,Occidente,235347,P17,12,2026,26.4,,0,9.74,True,False,ytd,0.3689,cercana,212641,9.28
a860e380-8a66-4c52-b476-489917e58aba,Finca Montes de Luna,Las 12,bfe32c59-ce11-440b-96ca-56150ed1716a,Tony Alejandro Pestana Perez,Occidente,235347,P17,11,2026,32.6,,0,12.03,True,False,ytd,0.3689,cercana,212641,9.28
a860e380-8a66-4c52-b476-489917e58aba,Finca Montes de Luna,Las 12,bfe32c59-ce11-440b-96ca-56150ed1716a,Tony Alejandro Pestana Perez,Occidente,235347,P17,10,2026,98.6,,0,36.38,True,False,ytd,0.3689,cercana,212641,9.28
a860e380-8a66-4c52-b476-489917e58aba,Finca Montes de Luna,Las 12,bfe32c59-ce11-440b-96ca-56150ed1716a,Tony Alejandro Pestana Perez,Occidente,235347,P17,9,2026,152.6,,0,56.3,True,False,ytd,0.3689,cercana,212641,9.28
a860e380-8a66-4c52-b476-489917e58aba,Finca Montes de Luna,Las 12,bfe32c59-ce11-440b-96ca-56150ed1716a,Tony Alejandro Pestana Perez,Occidente,235347,P17,8,2026,253.6,1,2,93.56,True,True,ytd,0.3689,cercana,212641,9.28
a860e380-8a66-4c52-b476-489917e58aba,Finca Montes de Luna,Las 12,bfe32c59-ce11-440b-96ca-56150ed1716a,Tony Alejandro Pestana Perez,Occidente,235347,P17,7,2026,355.4,81,31,81,False,False,ytd,0.3689,cercana,212641,9.28
a860e380-8a66-4c52-b476-489917e58aba,Finca Montes de Luna,Las 12,bfe32c59-ce11-440b-96ca-56150ed1716a,Tony Alejandro Pestana Perez,Occidente,235347,P17,6,2026,350.4,179.4,30,179.4,False,False,ytd,0.3689,cercana,212641,9.28
a860e380-8a66-4c52-b476-489917e58aba,Finca Montes de Luna,Las 12,bfe32c59-ce11-440b-96ca-56150ed1716a,Tony Alejandro Pestana Perez,Occidente,235347,P17,5,2026,162.2,26.2,6,59.84,True,True,ytd,0.3689,cercana,212641,9.28
a860e380-8a66-4c52-b476-489917e58aba,Finca Montes de Luna,Las 12,bfe32c59-ce11-440b-96ca-56150ed1716a,Tony Alejandro Pestana Perez,Occidente,235347,P17,4,2026,,,0,0,True,False,ytd,0.3689,cercana,212641,9.28
a860e380-8a66-4c52-b476-489917e58aba,Finca Montes de Luna,Las 12,bfe32c59-ce11-440b-96ca-56150ed1716a,Tony Alejandro Pestana Perez,Occidente,235347,P17,3,2026,,,0,0,True,False,ytd,0.3689,cercana,212641,9.28
a860e380-8a66-4c52-b476-489917e58aba,Finca Montes de Luna,Las 12,bfe32c59-ce11-440b-96ca-56150ed1716a,Tony Alejandro Pestana Perez,Occidente,235347,P17,2,2026,,,0,0,True,False,ytd,0.3689,cercana,212641,9.28
a860e380-8a66-4c52-b476-489917e58aba,Finca Montes de Luna,Las 12,bfe32c59-ce11-440b-96ca-56150ed1716a,Tony Alejandro Pestana Perez,Occidente,235347,P17,1,2026,,,0,0,True,False,ytd,0.3689,cercana,212641,9.28
d8bd190b-2604-48eb-9832-8065ac8d035e,Finca Montes de Luna,Las 14,bfe32c59-ce11-440b-96ca-56150ed1716a,Tony Alejandro Pestana Perez,Occidente,235347,P17,12,2026,26.4,,0,9.74,True,False,ytd,0.3689,cercana,212641,9.28
d8bd190b-2604-48eb-9832-8065ac8d035e,Finca Montes de Luna,Las 14,bfe32c59-ce11-440b-96ca-56150ed1716a,Tony Alejandro Pestana Perez,Occidente,235347,P17,11,2026,32.6,,0,12.03,True,False,ytd,0.3689,cercana,212641,9.28
d8bd190b-2604-48eb-9832-8065ac8d035e,Finca Montes de Luna,Las 14,bfe32c59-ce11-440b-96ca-56150ed1716a,Tony Alejandro Pestana Perez,Occidente,235347,P17,10,2026,98.6,,0,36.38,True,False,ytd,0.3689,cercana,212641,9.28
d8bd190b-2604-48eb-9832-8065ac8d035e,Finca Montes de Luna,Las 14,bfe32c59-ce11-440b-96ca-56150ed1716a,Tony Alejandro Pestana Perez,Occidente,235347,P17,9,2026,152.6,,0,56.3,True,False,ytd,0.3689,cercana,212641,9.28
d8bd190b-2604-48eb-9832-8065ac8d035e,Finca Montes de Luna,Las 14,bfe32c59-ce11-440b-96ca-56150ed1716a,Tony Alejandro Pestana Perez,Occidente,235347,P17,8,2026,253.6,1,2,93.56,True,True,ytd,0.3689,cercana,212641,9.28
d8bd190b-2604-48eb-9832-8065ac8d035e,Finca Montes de Luna,Las 14,bfe32c59-ce11-440b-96ca-56150ed1716a,Tony Alejandro Pestana Perez,Occidente,235347,P17,7,2026,355.4,81,31,81,False,False,ytd,0.3689,cercana,212641,9.28
d8bd190b-2604-48eb-9832-8065ac8d035e,Finca Montes de Luna,Las 14,bfe32c59-ce11-440b-96ca-56150ed1716a,Tony Alejandro Pestana Perez,Occidente,235347,P17,6,2026,350.4,179.4,30,179.4,False,False,ytd,0.3689,cercana,212641,9.28
d8bd190b-2604-48eb-9832-8065ac8d035e,Finca Montes de Luna,Las 14,bfe32c59-ce11-440b-96ca-56150ed1716a,Tony Alejandro Pestana Perez,Occidente,235347,P17,5,2026,162.2,26.2,6,59.84,True,True,ytd,0.3689,cercana,212641,9.28
d8bd190b-2604-48eb-9832-8065ac8d035e,Finca Montes de Luna,Las 14,bfe32c59-ce11-440b-96ca-56150ed1716a,Tony Alejandro Pestana Perez,Occidente,235347,P17,4,2026,,,0,0,True,False,ytd,0.3689,cercana,212641,9.28
d8bd190b-2604-48eb-9832-8065ac8d035e,Finca Montes de Luna,Las 14,bfe32c59-ce11-440b-96ca-56150ed1716a,Tony Alejandro Pestana Perez,Occidente,235347,P17,3,2026,,,0,0,True,False,ytd,0.3689,cercana,212641,9.28
d8bd190b-2604-48eb-9832-8065ac8d035e,Finca Montes de Luna,Las 14,bfe32c59-ce11-440b-96ca-56150ed1716a,Tony Alejandro Pestana Perez,Occidente,235347,P17,2,2026,,,0,0,True,False,ytd,0.3689,cercana,212641,9.28
d8bd190b-2604-48eb-9832-8065ac8d035e,Finca Montes de Luna,Las 14,bfe32c59-ce11-440b-96ca-56150ed1716a,Tony Alejandro Pestana Perez,Occidente,235347,P17,1,2026,,,0,0,True,False,ytd,0.3689,cercana,212641,9.28
e0a1c69a-82ba-4d8c-bfe1-15666ef4e38c,Finca Montes de Luna,Las 15,bfe32c59-ce11-440b-96ca-56150ed1716a,Tony Alejandro Pestana Perez,Occidente,235347,P17,12,2026,26.4,,0,9.74,True,False,ytd,0.3689,cercana,212641,9.28
e0a1c69a-82ba-4d8c-bfe1-15666ef4e38c,Finca Montes de Luna,Las 15,bfe32c59-ce11-440b-96ca-56150ed1716a,Tony Alejandro Pestana Perez,Occidente,235347,P17,11,2026,32.6,,0,12.03,True,False,ytd,0.3689,cercana,212641,9.28
e0a1c69a-82ba-4d8c-bfe1-15666ef4e38c,Finca Montes de Luna,Las 15,bfe32c59-ce11-440b-96ca-56150ed1716a,Tony Alejandro Pestana Perez,Occidente,235347,P17,10,2026,98.6,,0,36.38,True,False,ytd,0.3689,cercana,212641,9.28
e0a1c69a-82ba-4d8c-bfe1-15666ef4e38c,Finca Montes de Luna,Las 15,bfe32c59-ce11-440b-96ca-56150ed1716a,Tony Alejandro Pestana Perez,Occidente,235347,P17,9,2026,152.6,,0,56.3,True,False,ytd,0.3689,cercana,212641,9.28
e0a1c69a-82ba-4d8c-bfe1-15666ef4e38c,Finca Montes de Luna,Las 15,bfe32c59-ce11-440b-96ca-56150ed1716a,Tony Alejandro Pestana Perez,Occidente,235347,P17,8,2026,253.6,1,2,93.56,True,True,ytd,0.3689,cercana,212641,9.28
e0a1c69a-82ba-4d8c-bfe1-15666ef4e38c,Finca Montes de Luna,Las 15,bfe32c59-ce11-440b-96ca-56150ed1716a,Tony Alejandro Pestana Perez,Occidente,235347,P17,7,2026,355.4,81,31,81,False,False,ytd,0.3689,cercana,212641,9.28
e0a1c69a-82ba-4d8c-bfe1-15666ef4e38c,Finca Montes de Luna,Las 15,bfe32c59-ce11-440b-96ca-56150ed1716a,Tony Alejandro Pestana Perez,Occidente,235347,P17,6,2026,350.4,179.4,30,179.4,False,False,ytd,0.3689,cercana,212641,9.28
e0a1c69a-82ba-4d8c-bfe1-15666ef4e38c,Finca Montes de Luna,Las 15,bfe32c59-ce11-440b-96ca-56150ed1716a,Tony Alejandro Pestana Perez,Occidente,235347,P17,5,2026,162.2,26.2,6,59.84,True,True,ytd,0.3689,cercana,212641,9.28
e0a1c69a-82ba-4d8c-bfe1-15666ef4e38c,Finca Montes de Luna,Las 15,bfe32c59-ce11-440b-96ca-56150ed1716a,Tony Alejandro Pestana Perez,Occidente,235347,P17,4,2026,,,0,0,True,False,ytd,0.3689,cercana,212641,9.28
e0a1c69a-82ba-4d8c-bfe1-15666ef4e38c,Finca Montes de Luna,Las 15,bfe32c59-ce11-440b-96ca-56150ed1716a,Tony Alejandro Pestana Perez,Occidente,235347,P17,3,2026,,,0,0,True,False,ytd,0.3689,cercana,212641,9.28
e0a1c69a-82ba-4d8c-bfe1-15666ef4e38c,Finca Montes de Luna,Las 15,bfe32c59-ce11-440b-96ca-56150ed1716a,Tony Alejandro Pestana Perez,Occidente,235347,P17,2,2026,,,0,0,True,False,ytd,0.3689,cercana,212641,9.28
e0a1c69a-82ba-4d8c-bfe1-15666ef4e38c,Finca Montes de Luna,Las 15,bfe32c59-ce11-440b-96ca-56150ed1716a,Tony Alejandro Pestana Perez,Occidente,235347,P17,1,2026,,,0,0,True,False,ytd,0.3689,cercana,212641,9.28
2ca4def8-00f3-4a0c-bf50-953e20a60b71,Finca Montes de Luna,Las 25,bfe32c59-ce11-440b-96ca-56150ed1716a,Tony Alejandro Pestana Perez,Occidente,235347,P17,12,2026,26.4,,0,9.74,True,False,ytd,0.3689,cercana,212641,9.28
2ca4def8-00f3-4a0c-bf50-953e20a60b71,Finca Montes de Luna,Las 25,bfe32c59-ce11-440b-96ca-56150ed1716a,Tony Alejandro Pestana Perez,Occidente,235347,P17,11,2026,32.6,,0,12.03,True,False,ytd,0.3689,cercana,212641,9.28
2ca4def8-00f3-4a0c-bf50-953e20a60b71,Finca Montes de Luna,Las 25,bfe32c59-ce11-440b-96ca-56150ed1716a,Tony Alejandro Pestana Perez,Occidente,235347,P17,10,2026,98.6,,0,36.38,True,False,ytd,0.3689,cercana,212641,9.28
2ca4def8-00f3-4a0c-bf50-953e20a60b71,Finca Montes de Luna,Las 25,bfe32c59-ce11-440b-96ca-56150ed1716a,Tony Alejandro Pestana Perez,Occidente,235347,P17,9,2026,152.6,,0,56.3,True,False,ytd,0.3689,cercana,212641,9.28
2ca4def8-00f3-4a0c-bf50-953e20a60b71,Finca Montes de Luna,Las 25,bfe32c59-ce11-440b-96ca-56150ed1716a,Tony Alejandro Pestana Perez,Occidente,235347,P17,8,2026,253.6,1,2,93.56,True,True,ytd,0.3689,cercana,212641,9.28
2ca4def8-00f3-4a0c-bf50-953e20a60b71,Finca Montes de Luna,Las 25,bfe32c59-ce11-440b-96ca-56150ed1716a,Tony Alejandro Pestana Perez,Occidente,235347,P17,7,2026,355.4,81,31,81,False,False,ytd,0.3689,cercana,212641,9.28
2ca4def8-00f3-4a0c-bf50-953e20a60b71,Finca Montes de Luna,Las 25,bfe32c59-ce11-440b-96ca-56150ed1716a,Tony Alejandro Pestana Perez,Occidente,235347,P17,6,2026,350.4,179.4,30,179.4,False,False,ytd,0.3689,cercana,212641,9.28
2ca4def8-00f3-4a0c-bf50-953e20a60b71,Finca Montes de Luna,Las 25,bfe32c59-ce11-440b-96ca-56150ed1716a,Tony Alejandro Pestana Perez,Occidente,235347,P17,5,2026,162.2,26.2,6,59.84,True,True,ytd,0.3689,cercana,212641,9.28
2ca4def8-00f3-4a0c-bf50-953e20a60b71,Finca Montes de Luna,Las 25,bfe32c59-ce11-440b-96ca-56150ed1716a,Tony Alejandro Pestana Perez,Occidente,235347,P17,4,2026,,,0,0,True,False,ytd,0.3689,cercana,212641,9.28
2ca4def8-00f3-4a0c-bf50-953e20a60b71,Finca Montes de Luna,Las 25,bfe32c59-ce11-440b-96ca-56150ed1716a,Tony Alejandro Pestana Perez,Occidente,235347,P17,3,2026,,,0,0,True,False,ytd,0.3689,cercana,212641,9.28
2ca4def8-00f3-4a0c-bf50-953e20a60b71,Finca Montes de Luna,Las 25,bfe32c59-ce11-440b-96ca-56150ed1716a,Tony Alejandro Pestana Perez,Occidente,235347,P17,2,2026,,,0,0,True,False,ytd,0.3689,cercana,212641,9.28
2ca4def8-00f3-4a0c-bf50-953e20a60b71,Finca Montes de Luna,Las 25,bfe32c59-ce11-440b-96ca-56150ed1716a,Tony Alejandro Pestana Perez,Occidente,235347,P17,1,2026,,,0,0,True,False,ytd,0.3689,cercana,212641,9.28
7adbd076-899f-43fa-bb17-d46e4444925b,Finca Montes de Luna,Las 30,bfe32c59-ce11-440b-96ca-56150ed1716a,Tony Alejandro Pestana Perez,Occidente,235347,P17,12,2026,26.4,,0,9.74,True,False,ytd,0.3689,cercana,212641,9.28
7adbd076-899f-43fa-bb17-d46e4444925b,Finca Montes de Luna,Las 30,bfe32c59-ce11-440b-96ca-56150ed1716a,Tony Alejandro Pestana Perez,Occidente,235347,P17,11,2026,32.6,,0,12.03,True,False,ytd,0.3689,cercana,212641,9.28
7adbd076-899f-43fa-bb17-d46e4444925b,Finca Montes de Luna,Las 30,bfe32c59-ce11-440b-96ca-56150ed1716a,Tony Alejandro Pestana Perez,Occidente,235347,P17,10,2026,98.6,,0,36.38,True,False,ytd,0.3689,cercana,212641,9.28
7adbd076-899f-43fa-bb17-d46e4444925b,Finca Montes de Luna,Las 30,bfe32c59-ce11-440b-96ca-56150ed1716a,Tony Alejandro Pestana Perez,Occidente,235347,P17,9,2026,152.6,,0,56.3,True,False,ytd,0.3689,cercana,212641,9.28
7adbd076-899f-43fa-bb17-d46e4444925b,Finca Montes de Luna,Las 30,bfe32c59-ce11-440b-96ca-56150ed1716a,Tony Alejandro Pestana Perez,Occidente,235347,P17,8,2026,253.6,1,2,93.56,True,True,ytd,0.3689,cercana,212641,9.28
7adbd076-899f-43fa-bb17-d46e4444925b,Finca Montes de Luna,Las 30,bfe32c59-ce11-440b-96ca-56150ed1716a,Tony Alejandro Pestana Perez,Occidente,235347,P17,7,2026,355.4,81,31,81,False,False,ytd,0.3689,cercana,212641,9.28
7adbd076-899f-43fa-bb17-d46e4444925b,Finca Montes de Luna,Las 30,bfe32c59-ce11-440b-96ca-56150ed1716a,Tony Alejandro Pestana Perez,Occidente,235347,P17,6,2026,350.4,179.4,30,179.4,False,False,ytd,0.3689,cercana,212641,9.28
7adbd076-899f-43fa-bb17-d46e4444925b,Finca Montes de Luna,Las 30,bfe32c59-ce11-440b-96ca-56150ed1716a,Tony Alejandro Pestana Perez,Occidente,235347,P17,5,2026,162.2,26.2,6,59.84,True,True,ytd,0.3689,cercana,212641,9.28
7adbd076-899f-43fa-bb17-d46e4444925b,Finca Montes de Luna,Las 30,bfe32c59-ce11-440b-96ca-56150ed1716a,Tony Alejandro Pestana Perez,Occidente,235347,P17,4,2026,,,0,0,True,False,ytd,0.3689,cercana,212641,9.28
7adbd076-899f-43fa-bb17-d46e4444925b,Finca Montes de Luna,Las 30,bfe32c59-ce11-440b-96ca-56150ed1716a,Tony Alejandro Pestana Perez,Occidente,235347,P17,3,2026,,,0,0,True,False,ytd,0.3689,cercana,212641,9.28
7adbd076-899f-43fa-bb17-d46e4444925b,Finca Montes de Luna,Las 30,bfe32c59-ce11-440b-96ca-56150ed1716a,Tony Alejandro Pestana Perez,Occidente,235347,P17,2,2026,,,0,0,True,False,ytd,0.3689,cercana,212641,9.28
7adbd076-899f-43fa-bb17-d46e4444925b,Finca Montes de Luna,Las 30,bfe32c59-ce11-440b-96ca-56150ed1716a,Tony Alejandro Pestana Perez,Occidente,235347,P17,1,2026,,,0,0,True,False,ytd,0.3689,cercana,212641,9.28
fddc878d-13d5-4524-b4cc-3fec7d33398f,Finca Montes de Luna,Las 36,bfe32c59-ce11-440b-96ca-56150ed1716a,Tony Alejandro Pestana Perez,Occidente,235347,P17,12,2026,26.4,,0,9.74,True,False,ytd,0.3689,cercana,212641,9.28
fddc878d-13d5-4524-b4cc-3fec7d33398f,Finca Montes de Luna,Las 36,bfe32c59-ce11-440b-96ca-56150ed1716a,Tony Alejandro Pestana Perez,Occidente,235347,P17,11,2026,32.6,,0,12.03,True,False,ytd,0.3689,cercana,212641,9.28
fddc878d-13d5-4524-b4cc-3fec7d33398f,Finca Montes de Luna,Las 36,bfe32c59-ce11-440b-96ca-56150ed1716a,Tony Alejandro Pestana Perez,Occidente,235347,P17,10,2026,98.6,,0,36.38,True,False,ytd,0.3689,cercana,212641,9.28
fddc878d-13d5-4524-b4cc-3fec7d33398f,Finca Montes de Luna,Las 36,bfe32c59-ce11-440b-96ca-56150ed1716a,Tony Alejandro Pestana Perez,Occidente,235347,P17,9,2026,152.6,,0,56.3,True,False,ytd,0.3689,cercana,212641,9.28
fddc878d-13d5-4524-b4cc-3fec7d33398f,Finca Montes de Luna,Las 36,bfe32c59-ce11-440b-96ca-56150ed1716a,Tony Alejandro Pestana Perez,Occidente,235347,P17,8,2026,253.6,1,2,93.56,True,True,ytd,0.3689,cercana,212641,9.28
fddc878d-13d5-4524-b4cc-3fec7d33398f,Finca Montes de Luna,Las 36,bfe32c59-ce11-440b-96ca-56150ed1716a,Tony Alejandro Pestana Perez,Occidente,235347,P17,7,2026,355.4,81,31,81,False,False,ytd,0.3689,cercana,212641,9.28
fddc878d-13d5-4524-b4cc-3fec7d33398f,Finca Montes de Luna,Las 36,bfe32c59-ce11-440b-96ca-56150ed1716a,Tony Alejandro Pestana Perez,Occidente,235347,P17,6,2026,350.4,179.4,30,179.4,False,False,ytd,0.3689,cercana,212641,9.28
fddc878d-13d5-4524-b4cc-3fec7d33398f,Finca Montes de Luna,Las 36,bfe32c59-ce11-440b-96ca-56150ed1716a,Tony Alejandro Pestana Perez,Occidente,235347,P17,5,2026,162.2,26.2,6,59.84,True,True,ytd,0.3689,cercana,212641,9.28
fddc878d-13d5-4524-b4cc-3fec7d33398f,Finca Montes de Luna,Las 36,bfe32c59-ce11-440b-96ca-56150ed1716a,Tony Alejandro Pestana Perez,Occidente,235347,P17,4,2026,,,0,0,True,False,ytd,0.3689,cercana,212641,9.28
fddc878d-13d5-4524-b4cc-3fec7d33398f,Finca Montes de Luna,Las 36,bfe32c59-ce11-440b-96ca-56150ed1716a,Tony Alejandro Pestana Perez,Occidente,235347,P17,3,2026,,,0,0,True,False,ytd,0.3689,cercana,212641,9.28
fddc878d-13d5-4524-b4cc-3fec7d33398f,Finca Montes de Luna,Las 36,bfe32c59-ce11-440b-96ca-56150ed1716a,Tony Alejandro Pestana Perez,Occidente,235347,P17,2,2026,,,0,0,True,False,ytd,0.3689,cercana,212641,9.28
fddc878d-13d5-4524-b4cc-3fec7d33398f,Finca Montes de Luna,Las 36,bfe32c59-ce11-440b-96ca-56150ed1716a,Tony Alejandro Pestana Perez,Occidente,235347,P17,1,2026,,,0,0,True,False,ytd,0.3689,cercana,212641,9.28
7201515b-46bd-4f92-b888-5bcd0e6eea91,Finca Montes de Luna,Las 40,bfe32c59-ce11-440b-96ca-56150ed1716a,Tony Alejandro Pestana Perez,Occidente,235347,P17,12,2026,26.4,,0,9.74,True,False,ytd,0.3689,cercana,212641,9.28
7201515b-46bd-4f92-b888-5bcd0e6eea91,Finca Montes de Luna,Las 40,bfe32c59-ce11-440b-96ca-56150ed1716a,Tony Alejandro Pestana Perez,Occidente,235347,P17,11,2026,32.6,,0,12.03,True,False,ytd,0.3689,cercana,212641,9.28
7201515b-46bd-4f92-b888-5bcd0e6eea91,Finca Montes de Luna,Las 40,bfe32c59-ce11-440b-96ca-56150ed1716a,Tony Alejandro Pestana Perez,Occidente,235347,P17,10,2026,98.6,,0,36.38,True,False,ytd,0.3689,cercana,212641,9.28
7201515b-46bd-4f92-b888-5bcd0e6eea91,Finca Montes de Luna,Las 40,bfe32c59-ce11-440b-96ca-56150ed1716a,Tony Alejandro Pestana Perez,Occidente,235347,P17,9,2026,152.6,,0,56.3,True,False,ytd,0.3689,cercana,212641,9.28
7201515b-46bd-4f92-b888-5bcd0e6eea91,Finca Montes de Luna,Las 40,bfe32c59-ce11-440b-96ca-56150ed1716a,Tony Alejandro Pestana Perez,Occidente,235347,P17,8,2026,253.6,1,2,93.56,True,True,ytd,0.3689,cercana,212641,9.28
7201515b-46bd-4f92-b888-5bcd0e6eea91,Finca Montes de Luna,Las 40,bfe32c59-ce11-440b-96ca-56150ed1716a,Tony Alejandro Pestana Perez,Occidente,235347,P17,7,2026,355.4,81,31,81,False,False,ytd,0.3689,cercana,212641,9.28
7201515b-46bd-4f92-b888-5bcd0e6eea91,Finca Montes de Luna,Las 40,bfe32c59-ce11-440b-96ca-56150ed1716a,Tony Alejandro Pestana Perez,Occidente,235347,P17,6,2026,350.4,179.4,30,179.4,False,False,ytd,0.3689,cercana,212641,9.28
7201515b-46bd-4f92-b888-5bcd0e6eea91,Finca Montes de Luna,Las 40,bfe32c59-ce11-440b-96ca-56150ed1716a,Tony Alejandro Pestana Perez,Occidente,235347,P17,5,2026,162.2,26.2,6,59.84,True,True,ytd,0.3689,cercana,212641,9.28
7201515b-46bd-4f92-b888-5bcd0e6eea91,Finca Montes de Luna,Las 40,bfe32c59-ce11-440b-96ca-56150ed1716a,Tony Alejandro Pestana Perez,Occidente,235347,P17,4,2026,,,0,0,True,False,ytd,0.3689,cercana,212641,9.28
7201515b-46bd-4f92-b888-5bcd0e6eea91,Finca Montes de Luna,Las 40,bfe32c59-ce11-440b-96ca-56150ed1716a,Tony Alejandro Pestana Perez,Occidente,235347,P17,3,2026,,,0,0,True,False,ytd,0.3689,cercana,212641,9.28
7201515b-46bd-4f92-b888-5bcd0e6eea91,Finca Montes de Luna,Las 40,bfe32c59-ce11-440b-96ca-56150ed1716a,Tony Alejandro Pestana Perez,Occidente,235347,P17,2,2026,,,0,0,True,False,ytd,0.3689,cercana,212641,9.28
7201515b-46bd-4f92-b888-5bcd0e6eea91,Finca Montes de Luna,Las 40,bfe32c59-ce11-440b-96ca-56150ed1716a,Tony Alejandro Pestana Perez,Occidente,235347,P17,1,2026,,,0,0,True,False,ytd,0.3689,cercana,212641,9.28
12d1cd50-6e79-41b0-bdbe-670820f5c241,Finca Montes de Luna,"Las 6 + 1,7 + 0,4",bfe32c59-ce11-440b-96ca-56150ed1716a,Tony Alejandro Pestana Perez,Occidente,235347,P17,12,2026,26.4,,0,9.74,True,False,ytd,0.3689,cercana,212641,9.28
12d1cd50-6e79-41b0-bdbe-670820f5c241,Finca Montes de Luna,"Las 6 + 1,7 + 0,4",bfe32c59-ce11-440b-96ca-56150ed1716a,Tony Alejandro Pestana Perez,Occidente,235347,P17,11,2026,32.6,,0,12.03,True,False,ytd,0.3689,cercana,212641,9.28
12d1cd50-6e79-41b0-bdbe-670820f5c241,Finca Montes de Luna,"Las 6 + 1,7 + 0,4",bfe32c59-ce11-440b-96ca-56150ed1716a,Tony Alejandro Pestana Perez,Occidente,235347,P17,10,2026,98.6,,0,36.38,True,False,ytd,0.3689,cercana,212641,9.28
12d1cd50-6e79-41b0-bdbe-670820f5c241,Finca Montes de Luna,"Las 6 + 1,7 + 0,4",bfe32c59-ce11-440b-96ca-56150ed1716a,Tony Alejandro Pestana Perez,Occidente,235347,P17,9,2026,152.6,,0,56.3,True,False,ytd,0.3689,cercana,212641,9.28
12d1cd50-6e79-41b0-bdbe-670820f5c241,Finca Montes de Luna,"Las 6 + 1,7 + 0,4",bfe32c59-ce11-440b-96ca-56150ed1716a,Tony Alejandro Pestana Perez,Occidente,235347,P17,8,2026,253.6,1,2,93.56,True,True,ytd,0.3689,cercana,212641,9.28
12d1cd50-6e79-41b0-bdbe-670820f5c241,Finca Montes de Luna,"Las 6 + 1,7 + 0,4",bfe32c59-ce11-440b-96ca-56150ed1716a,Tony Alejandro Pestana Perez,Occidente,235347,P17,7,2026,355.4,81,31,81,False,False,ytd,0.3689,cercana,212641,9.28
12d1cd50-6e79-41b0-bdbe-670820f5c241,Finca Montes de Luna,"Las 6 + 1,7 + 0,4",bfe32c59-ce11-440b-96ca-56150ed1716a,Tony Alejandro Pestana Perez,Occidente,235347,P17,6,2026,350.4,179.4,30,179.4,False,False,ytd,0.3689,cercana,212641,9.28
12d1cd50-6e79-41b0-bdbe-670820f5c241,Finca Montes de Luna,"Las 6 + 1,7 + 0,4",bfe32c59-ce11-440b-96ca-56150ed1716a,Tony Alejandro Pestana Perez,Occidente,235347,P17,5,2026,162.2,26.2,6,59.84,True,True,ytd,0.3689,cercana,212641,9.28
12d1cd50-6e79-41b0-bdbe-670820f5c241,Finca Montes de Luna,"Las 6 + 1,7 + 0,4",bfe32c59-ce11-440b-96ca-56150ed1716a,Tony Alejandro Pestana Perez,Occidente,235347,P17,4,2026,,,0,0,True,False,ytd,0.3689,cercana,212641,9.28
12d1cd50-6e79-41b0-bdbe-670820f5c241,Finca Montes de Luna,"Las 6 + 1,7 + 0,4",bfe32c59-ce11-440b-96ca-56150ed1716a,Tony Alejandro Pestana Perez,Occidente,235347,P17,3,2026,,,0,0,True,False,ytd,0.3689,cercana,212641,9.28
12d1cd50-6e79-41b0-bdbe-670820f5c241,Finca Montes de Luna,"Las 6 + 1,7 + 0,4",bfe32c59-ce11-440b-96ca-56150ed1716a,Tony Alejandro Pestana Perez,Occidente,235347,P17,2,2026,,,0,0,True,False,ytd,0.3689,cercana,212641,9.28
12d1cd50-6e79-41b0-bdbe-670820f5c241,Finca Montes de Luna,"Las 6 + 1,7 + 0,4",bfe32c59-ce11-440b-96ca-56150ed1716a,Tony Alejandro Pestana Perez,Occidente,235347,P17,1,2026,,,0,0,True,False,ytd,0.3689,cercana,212641,9.28
7eee6a3c-5642-4f54-aa3e-ce0fe307fee8,Juan Hilario,Ciruelo,3cee0691-8a38-4379-b3f2-ee96d57d8a57,Juan Vicente Risso,,,,,,,,,,,,,,,,
a3230c98-9e23-4ba9-89a9-bba443c610f1,Juan Hilario,Cosechadora quemada 1,3cee0691-8a38-4379-b3f2-ee96d57d8a57,Juan Vicente Risso,,,,,,,,,,,,,,,,
0b525207-3849-4ea6-ace9-8a444eaa8b13,Juan Hilario,Cosechadora quemada 5,3cee0691-8a38-4379-b3f2-ee96d57d8a57,Juan Vicente Risso,,,,,,,,,,,,,,,,
348db4e8-93d4-44e0-ab17-6bd08e3d2102,Juan Hilario,Cosechadora quemada 6,3cee0691-8a38-4379-b3f2-ee96d57d8a57,Juan Vicente Risso,,,,,,,,,,,,,,,,
b7510e44-eadb-44a2-b383-ea6c995ec47b,Juan Hilario,Detrás del galpón 1,3cee0691-8a38-4379-b3f2-ee96d57d8a57,Juan Vicente Risso,,,,,,,,,,,,,,,,
9cb8168e-5ff8-43c0-9cae-a1664a764017,Juan Hilario,Detrás del galpón 2,3cee0691-8a38-4379-b3f2-ee96d57d8a57,Juan Vicente Risso,,,,,,,,,,,,,,,,
733658b7-c234-4dcd-8f3c-ed0d067b4d42,Juan Hilario,El Trailer 1,3cee0691-8a38-4379-b3f2-ee96d57d8a57,Juan Vicente Risso,,,,,,,,,,,,,,,,
152d51d3-ee0d-48a2-a5d5-acbcd3e9b2ce,Juan Hilario,El Trailer 2,3cee0691-8a38-4379-b3f2-ee96d57d8a57,Juan Vicente Risso,,,,,,,,,,,,,,,,
0eb1a874-179e-4b36-9469-92e98d62c938,Juan Hilario,El Trailer 3,3cee0691-8a38-4379-b3f2-ee96d57d8a57,Juan Vicente Risso,,,,,,,,,,,,,,,,
9d625ed5-2e81-4cbd-9d40-31b051b4ea8e,Juan Hilario,El Trailer 4,3cee0691-8a38-4379-b3f2-ee96d57d8a57,Juan Vicente Risso,,,,,,,,,,,,,,,,
b7721501-84a8-492d-a86c-22d9bf27d7c8,Juan Hilario,El Trailer 5,3cee0691-8a38-4379-b3f2-ee96d57d8a57,Juan Vicente Risso,,,,,,,,,,,,,,,,
1553c417-54a1-416e-8d3f-49084f66c5ac,Juan Hilario,Leo,3cee0691-8a38-4379-b3f2-ee96d57d8a57,Juan Vicente Risso,,,,,,,,,,,,,,,,
62786119-617b-4983-bc9f-28b669b1a665,La Ceiba,Antonio Gaiza,15dabc7e-6ee6-415d-b84d-6f95e52d7d81,Williams Manuel Canelon Gonzalez,Occidente,235411,Y02,12,2026,13.225,,0,7.24,True,False,ytd,0.5478,zona,Occidente,
62786119-617b-4983-bc9f-28b669b1a665,La Ceiba,Antonio Gaiza,15dabc7e-6ee6-415d-b84d-6f95e52d7d81,Williams Manuel Canelon Gonzalez,Occidente,235411,Y02,11,2026,30.475,,0,16.69,True,False,ytd,0.5478,zona,Occidente,
62786119-617b-4983-bc9f-28b669b1a665,La Ceiba,Antonio Gaiza,15dabc7e-6ee6-415d-b84d-6f95e52d7d81,Williams Manuel Canelon Gonzalez,Occidente,235411,Y02,10,2026,84.425,,0,46.25,True,False,ytd,0.5478,zona,Occidente,
62786119-617b-4983-bc9f-28b669b1a665,La Ceiba,Antonio Gaiza,15dabc7e-6ee6-415d-b84d-6f95e52d7d81,Williams Manuel Canelon Gonzalez,Occidente,235411,Y02,9,2026,168.375,,0,92.23,True,False,ytd,0.5478,zona,Occidente,
62786119-617b-4983-bc9f-28b669b1a665,La Ceiba,Antonio Gaiza,15dabc7e-6ee6-415d-b84d-6f95e52d7d81,Williams Manuel Canelon Gonzalez,Occidente,235411,Y02,8,2026,191.45,0,2,104.87,True,True,ytd,0.5478,zona,Occidente,
62786119-617b-4983-bc9f-28b669b1a665,La Ceiba,Antonio Gaiza,15dabc7e-6ee6-415d-b84d-6f95e52d7d81,Williams Manuel Canelon Gonzalez,Occidente,235411,Y02,7,2026,333.525,284.6,31,284.6,False,False,ytd,0.5478,zona,Occidente,
62786119-617b-4983-bc9f-28b669b1a665,La Ceiba,Antonio Gaiza,15dabc7e-6ee6-415d-b84d-6f95e52d7d81,Williams Manuel Canelon Gonzalez,Occidente,235411,Y02,6,2026,336.1,82.2,30,82.2,False,False,ytd,0.5478,zona,Occidente,
62786119-617b-4983-bc9f-28b669b1a665,La Ceiba,Antonio Gaiza,15dabc7e-6ee6-415d-b84d-6f95e52d7d81,Williams Manuel Canelon Gonzalez,Occidente,235411,Y02,5,2026,186.075,21.6,6,101.93,True,True,ytd,0.5478,zona,Occidente,
62786119-617b-4983-bc9f-28b669b1a665,La Ceiba,Antonio Gaiza,15dabc7e-6ee6-415d-b84d-6f95e52d7d81,Williams Manuel Canelon Gonzalez,Occidente,235411,Y02,4,2026,91.4,,0,50.07,True,False,ytd,0.5478,zona,Occidente,
62786119-617b-4983-bc9f-28b669b1a665,La Ceiba,Antonio Gaiza,15dabc7e-6ee6-415d-b84d-6f95e52d7d81,Williams Manuel Canelon Gonzalez,Occidente,235411,Y02,3,2026,8.4,,0,4.6,True,False,ytd,0.5478,zona,Occidente,
62786119-617b-4983-bc9f-28b669b1a665,La Ceiba,Antonio Gaiza,15dabc7e-6ee6-415d-b84d-6f95e52d7d81,Williams Manuel Canelon Gonzalez,Occidente,235411,Y02,2,2026,1.4,,0,0.77,True,False,ytd,0.5478,zona,Occidente,
62786119-617b-4983-bc9f-28b669b1a665,La Ceiba,Antonio Gaiza,15dabc7e-6ee6-415d-b84d-6f95e52d7d81,Williams Manuel Canelon Gonzalez,Occidente,235411,Y02,1,2026,2,,0,1.1,True,False,ytd,0.5478,zona,Occidente,
84d788ab-4dac-49fe-900e-899f423d3c29,La Ceiba,El Corral,15dabc7e-6ee6-415d-b84d-6f95e52d7d81,Williams Manuel Canelon Gonzalez,Occidente,235411,Y02,12,2026,13.225,,0,7.24,True,False,ytd,0.5478,zona,Occidente,
84d788ab-4dac-49fe-900e-899f423d3c29,La Ceiba,El Corral,15dabc7e-6ee6-415d-b84d-6f95e52d7d81,Williams Manuel Canelon Gonzalez,Occidente,235411,Y02,11,2026,30.475,,0,16.69,True,False,ytd,0.5478,zona,Occidente,
84d788ab-4dac-49fe-900e-899f423d3c29,La Ceiba,El Corral,15dabc7e-6ee6-415d-b84d-6f95e52d7d81,Williams Manuel Canelon Gonzalez,Occidente,235411,Y02,10,2026,84.425,,0,46.25,True,False,ytd,0.5478,zona,Occidente,
84d788ab-4dac-49fe-900e-899f423d3c29,La Ceiba,El Corral,15dabc7e-6ee6-415d-b84d-6f95e52d7d81,Williams Manuel Canelon Gonzalez,Occidente,235411,Y02,9,2026,168.375,,0,92.23,True,False,ytd,0.5478,zona,Occidente,
84d788ab-4dac-49fe-900e-899f423d3c29,La Ceiba,El Corral,15dabc7e-6ee6-415d-b84d-6f95e52d7d81,Williams Manuel Canelon Gonzalez,Occidente,235411,Y02,8,2026,191.45,0,2,104.87,True,True,ytd,0.5478,zona,Occidente,
84d788ab-4dac-49fe-900e-899f423d3c29,La Ceiba,El Corral,15dabc7e-6ee6-415d-b84d-6f95e52d7d81,Williams Manuel Canelon Gonzalez,Occidente,235411,Y02,7,2026,333.525,284.6,31,284.6,False,False,ytd,0.5478,zona,Occidente,
84d788ab-4dac-49fe-900e-899f423d3c29,La Ceiba,El Corral,15dabc7e-6ee6-415d-b84d-6f95e52d7d81,Williams Manuel Canelon Gonzalez,Occidente,235411,Y02,6,2026,336.1,82.2,30,82.2,False,False,ytd,0.5478,zona,Occidente,
84d788ab-4dac-49fe-900e-899f423d3c29,La Ceiba,El Corral,15dabc7e-6ee6-415d-b84d-6f95e52d7d81,Williams Manuel Canelon Gonzalez,Occidente,235411,Y02,5,2026,186.075,21.6,6,101.93,True,True,ytd,0.5478,zona,Occidente,
84d788ab-4dac-49fe-900e-899f423d3c29,La Ceiba,El Corral,15dabc7e-6ee6-415d-b84d-6f95e52d7d81,Williams Manuel Canelon Gonzalez,Occidente,235411,Y02,4,2026,91.4,,0,50.07,True,False,ytd,0.5478,zona,Occidente,
84d788ab-4dac-49fe-900e-899f423d3c29,La Ceiba,El Corral,15dabc7e-6ee6-415d-b84d-6f95e52d7d81,Williams Manuel Canelon Gonzalez,Occidente,235411,Y02,3,2026,8.4,,0,4.6,True,False,ytd,0.5478,zona,Occidente,
84d788ab-4dac-49fe-900e-899f423d3c29,La Ceiba,El Corral,15dabc7e-6ee6-415d-b84d-6f95e52d7d81,Williams Manuel Canelon Gonzalez,Occidente,235411,Y02,2,2026,1.4,,0,0.77,True,False,ytd,0.5478,zona,Occidente,
84d788ab-4dac-49fe-900e-899f423d3c29,La Ceiba,El Corral,15dabc7e-6ee6-415d-b84d-6f95e52d7d81,Williams Manuel Canelon Gonzalez,Occidente,235411,Y02,1,2026,2,,0,1.1,True,False,ytd,0.5478,zona,Occidente,
83794207-c5d3-45f7-8dea-7975f0b174ea,La Ceiba,El Galpón,15dabc7e-6ee6-415d-b84d-6f95e52d7d81,Williams Manuel Canelon Gonzalez,Occidente,235411,Y02,12,2026,13.225,,0,7.24,True,False,ytd,0.5478,zona,Occidente,
83794207-c5d3-45f7-8dea-7975f0b174ea,La Ceiba,El Galpón,15dabc7e-6ee6-415d-b84d-6f95e52d7d81,Williams Manuel Canelon Gonzalez,Occidente,235411,Y02,11,2026,30.475,,0,16.69,True,False,ytd,0.5478,zona,Occidente,
83794207-c5d3-45f7-8dea-7975f0b174ea,La Ceiba,El Galpón,15dabc7e-6ee6-415d-b84d-6f95e52d7d81,Williams Manuel Canelon Gonzalez,Occidente,235411,Y02,10,2026,84.425,,0,46.25,True,False,ytd,0.5478,zona,Occidente,
83794207-c5d3-45f7-8dea-7975f0b174ea,La Ceiba,El Galpón,15dabc7e-6ee6-415d-b84d-6f95e52d7d81,Williams Manuel Canelon Gonzalez,Occidente,235411,Y02,9,2026,168.375,,0,92.23,True,False,ytd,0.5478,zona,Occidente,
83794207-c5d3-45f7-8dea-7975f0b174ea,La Ceiba,El Galpón,15dabc7e-6ee6-415d-b84d-6f95e52d7d81,Williams Manuel Canelon Gonzalez,Occidente,235411,Y02,8,2026,191.45,0,2,104.87,True,True,ytd,0.5478,zona,Occidente,
83794207-c5d3-45f7-8dea-7975f0b174ea,La Ceiba,El Galpón,15dabc7e-6ee6-415d-b84d-6f95e52d7d81,Williams Manuel Canelon Gonzalez,Occidente,235411,Y02,7,2026,333.525,284.6,31,284.6,False,False,ytd,0.5478,zona,Occidente,
83794207-c5d3-45f7-8dea-7975f0b174ea,La Ceiba,El Galpón,15dabc7e-6ee6-415d-b84d-6f95e52d7d81,Williams Manuel Canelon Gonzalez,Occidente,235411,Y02,6,2026,336.1,82.2,30,82.2,False,False,ytd,0.5478,zona,Occidente,
83794207-c5d3-45f7-8dea-7975f0b174ea,La Ceiba,El Galpón,15dabc7e-6ee6-415d-b84d-6f95e52d7d81,Williams Manuel Canelon Gonzalez,Occidente,235411,Y02,5,2026,186.075,21.6,6,101.93,True,True,ytd,0.5478,zona,Occidente,
83794207-c5d3-45f7-8dea-7975f0b174ea,La Ceiba,El Galpón,15dabc7e-6ee6-415d-b84d-6f95e52d7d81,Williams Manuel Canelon Gonzalez,Occidente,235411,Y02,4,2026,91.4,,0,50.07,True,False,ytd,0.5478,zona,Occidente,
83794207-c5d3-45f7-8dea-7975f0b174ea,La Ceiba,El Galpón,15dabc7e-6ee6-415d-b84d-6f95e52d7d81,Williams Manuel Canelon Gonzalez,Occidente,235411,Y02,3,2026,8.4,,0,4.6,True,False,ytd,0.5478,zona,Occidente,
83794207-c5d3-45f7-8dea-7975f0b174ea,La Ceiba,El Galpón,15dabc7e-6ee6-415d-b84d-6f95e52d7d81,Williams Manuel Canelon Gonzalez,Occidente,235411,Y02,2,2026,1.4,,0,0.77,True,False,ytd,0.5478,zona,Occidente,
83794207-c5d3-45f7-8dea-7975f0b174ea,La Ceiba,El Galpón,15dabc7e-6ee6-415d-b84d-6f95e52d7d81,Williams Manuel Canelon Gonzalez,Occidente,235411,Y02,1,2026,2,,0,1.1,True,False,ytd,0.5478,zona,Occidente,
ea9bdd86-30a3-428e-8378-657edee59cbf,La Ceiba,Pollera,15dabc7e-6ee6-415d-b84d-6f95e52d7d81,Williams Manuel Canelon Gonzalez,Occidente,235411,Y02,12,2026,13.225,,0,7.24,True,False,ytd,0.5478,zona,Occidente,
ea9bdd86-30a3-428e-8378-657edee59cbf,La Ceiba,Pollera,15dabc7e-6ee6-415d-b84d-6f95e52d7d81,Williams Manuel Canelon Gonzalez,Occidente,235411,Y02,11,2026,30.475,,0,16.69,True,False,ytd,0.5478,zona,Occidente,
ea9bdd86-30a3-428e-8378-657edee59cbf,La Ceiba,Pollera,15dabc7e-6ee6-415d-b84d-6f95e52d7d81,Williams Manuel Canelon Gonzalez,Occidente,235411,Y02,10,2026,84.425,,0,46.25,True,False,ytd,0.5478,zona,Occidente,
ea9bdd86-30a3-428e-8378-657edee59cbf,La Ceiba,Pollera,15dabc7e-6ee6-415d-b84d-6f95e52d7d81,Williams Manuel Canelon Gonzalez,Occidente,235411,Y02,9,2026,168.375,,0,92.23,True,False,ytd,0.5478,zona,Occidente,
ea9bdd86-30a3-428e-8378-657edee59cbf,La Ceiba,Pollera,15dabc7e-6ee6-415d-b84d-6f95e52d7d81,Williams Manuel Canelon Gonzalez,Occidente,235411,Y02,8,2026,191.45,0,2,104.87,True,True,ytd,0.5478,zona,Occidente,
ea9bdd86-30a3-428e-8378-657edee59cbf,La Ceiba,Pollera,15dabc7e-6ee6-415d-b84d-6f95e52d7d81,Williams Manuel Canelon Gonzalez,Occidente,235411,Y02,7,2026,333.525,284.6,31,284.6,False,False,ytd,0.5478,zona,Occidente,
ea9bdd86-30a3-428e-8378-657edee59cbf,La Ceiba,Pollera,15dabc7e-6ee6-415d-b84d-6f95e52d7d81,Williams Manuel Canelon Gonzalez,Occidente,235411,Y02,6,2026,336.1,82.2,30,82.2,False,False,ytd,0.5478,zona,Occidente,
ea9bdd86-30a3-428e-8378-657edee59cbf,La Ceiba,Pollera,15dabc7e-6ee6-415d-b84d-6f95e52d7d81,Williams Manuel Canelon Gonzalez,Occidente,235411,Y02,5,2026,186.075,21.6,6,101.93,True,True,ytd,0.5478,zona,Occidente,
ea9bdd86-30a3-428e-8378-657edee59cbf,La Ceiba,Pollera,15dabc7e-6ee6-415d-b84d-6f95e52d7d81,Williams Manuel Canelon Gonzalez,Occidente,235411,Y02,4,2026,91.4,,0,50.07,True,False,ytd,0.5478,zona,Occidente,
ea9bdd86-30a3-428e-8378-657edee59cbf,La Ceiba,Pollera,15dabc7e-6ee6-415d-b84d-6f95e52d7d81,Williams Manuel Canelon Gonzalez,Occidente,235411,Y02,3,2026,8.4,,0,4.6,True,False,ytd,0.5478,zona,Occidente,
ea9bdd86-30a3-428e-8378-657edee59cbf,La Ceiba,Pollera,15dabc7e-6ee6-415d-b84d-6f95e52d7d81,Williams Manuel Canelon Gonzalez,Occidente,235411,Y02,2,2026,1.4,,0,0.77,True,False,ytd,0.5478,zona,Occidente,
ea9bdd86-30a3-428e-8378-657edee59cbf,La Ceiba,Pollera,15dabc7e-6ee6-415d-b84d-6f95e52d7d81,Williams Manuel Canelon Gonzalez,Occidente,235411,Y02,1,2026,2,,0,1.1,True,False,ytd,0.5478,zona,Occidente,
25c60eee-d69f-4d8d-acbf-e24d232566b8,La Colina,Parcela 170,5ac33a1b-961b-427d-8986-4334faaaf6c6,Luigi Donello Tognetti,Occidente,212609,P08,12,2026,19.8,,0,15.81,True,False,ytd,0.7984,propio,212609,0
25c60eee-d69f-4d8d-acbf-e24d232566b8,La Colina,Parcela 170,5ac33a1b-961b-427d-8986-4334faaaf6c6,Luigi Donello Tognetti,Occidente,212609,P08,11,2026,48.4,,0,38.64,True,False,ytd,0.7984,propio,212609,0
25c60eee-d69f-4d8d-acbf-e24d232566b8,La Colina,Parcela 170,5ac33a1b-961b-427d-8986-4334faaaf6c6,Luigi Donello Tognetti,Occidente,212609,P08,10,2026,87.2,,0,69.62,True,False,ytd,0.7984,propio,212609,0
25c60eee-d69f-4d8d-acbf-e24d232566b8,La Colina,Parcela 170,5ac33a1b-961b-427d-8986-4334faaaf6c6,Luigi Donello Tognetti,Occidente,212609,P08,9,2026,234.2,,0,187,True,False,ytd,0.7984,propio,212609,0
25c60eee-d69f-4d8d-acbf-e24d232566b8,La Colina,Parcela 170,5ac33a1b-961b-427d-8986-4334faaaf6c6,Luigi Donello Tognetti,Occidente,212609,P08,8,2026,177.8,0.2,2,141.96,True,True,ytd,0.7984,propio,212609,0
25c60eee-d69f-4d8d-acbf-e24d232566b8,La Colina,Parcela 170,5ac33a1b-961b-427d-8986-4334faaaf6c6,Luigi Donello Tognetti,Occidente,212609,P08,7,2026,438.4,377,31,377,False,False,ytd,0.7984,propio,212609,0
25c60eee-d69f-4d8d-acbf-e24d232566b8,La Colina,Parcela 170,5ac33a1b-961b-427d-8986-4334faaaf6c6,Luigi Donello Tognetti,Occidente,212609,P08,6,2026,430,292,30,292,False,False,ytd,0.7984,propio,212609,0
25c60eee-d69f-4d8d-acbf-e24d232566b8,La Colina,Parcela 170,5ac33a1b-961b-427d-8986-4334faaaf6c6,Luigi Donello Tognetti,Occidente,212609,P08,5,2026,159.6,151.8,31,151.8,False,False,ytd,0.7984,propio,212609,0
25c60eee-d69f-4d8d-acbf-e24d232566b8,La Colina,Parcela 170,5ac33a1b-961b-427d-8986-4334faaaf6c6,Luigi Donello Tognetti,Occidente,212609,P08,4,2026,,120.8,30,120.8,False,False,ytd,0.7984,propio,212609,0
25c60eee-d69f-4d8d-acbf-e24d232566b8,La Colina,Parcela 170,5ac33a1b-961b-427d-8986-4334faaaf6c6,Luigi Donello Tognetti,Occidente,212609,P08,3,2026,,15.6,31,15.6,False,False,ytd,0.7984,propio,212609,0
25c60eee-d69f-4d8d-acbf-e24d232566b8,La Colina,Parcela 170,5ac33a1b-961b-427d-8986-4334faaaf6c6,Luigi Donello Tognetti,Occidente,212609,P08,2,2026,,0,28,0,False,False,ytd,0.7984,propio,212609,0
25c60eee-d69f-4d8d-acbf-e24d232566b8,La Colina,Parcela 170,5ac33a1b-961b-427d-8986-4334faaaf6c6,Luigi Donello Tognetti,Occidente,212609,P08,1,2026,,3,31,3,False,False,ytd,0.7984,propio,212609,0
d26a8175-7918-484f-afe4-bcfa19a83185,La Colina,Parcela 171-172,5ac33a1b-961b-427d-8986-4334faaaf6c6,Luigi Donello Tognetti,Occidente,212609,P08,12,2026,19.8,,0,15.81,True,False,ytd,0.7984,propio,212609,0
d26a8175-7918-484f-afe4-bcfa19a83185,La Colina,Parcela 171-172,5ac33a1b-961b-427d-8986-4334faaaf6c6,Luigi Donello Tognetti,Occidente,212609,P08,11,2026,48.4,,0,38.64,True,False,ytd,0.7984,propio,212609,0
d26a8175-7918-484f-afe4-bcfa19a83185,La Colina,Parcela 171-172,5ac33a1b-961b-427d-8986-4334faaaf6c6,Luigi Donello Tognetti,Occidente,212609,P08,10,2026,87.2,,0,69.62,True,False,ytd,0.7984,propio,212609,0
d26a8175-7918-484f-afe4-bcfa19a83185,La Colina,Parcela 171-172,5ac33a1b-961b-427d-8986-4334faaaf6c6,Luigi Donello Tognetti,Occidente,212609,P08,9,2026,234.2,,0,187,True,False,ytd,0.7984,propio,212609,0
d26a8175-7918-484f-afe4-bcfa19a83185,La Colina,Parcela 171-172,5ac33a1b-961b-427d-8986-4334faaaf6c6,Luigi Donello Tognetti,Occidente,212609,P08,8,2026,177.8,0.2,2,141.96,True,True,ytd,0.7984,propio,212609,0
d26a8175-7918-484f-afe4-bcfa19a83185,La Colina,Parcela 171-172,5ac33a1b-961b-427d-8986-4334faaaf6c6,Luigi Donello Tognetti,Occidente,212609,P08,7,2026,438.4,377,31,377,False,False,ytd,0.7984,propio,212609,0
d26a8175-7918-484f-afe4-bcfa19a83185,La Colina,Parcela 171-172,5ac33a1b-961b-427d-8986-4334faaaf6c6,Luigi Donello Tognetti,Occidente,212609,P08,6,2026,430,292,30,292,False,False,ytd,0.7984,propio,212609,0
d26a8175-7918-484f-afe4-bcfa19a83185,La Colina,Parcela 171-172,5ac33a1b-961b-427d-8986-4334faaaf6c6,Luigi Donello Tognetti,Occidente,212609,P08,5,2026,159.6,151.8,31,151.8,False,False,ytd,0.7984,propio,212609,0
d26a8175-7918-484f-afe4-bcfa19a83185,La Colina,Parcela 171-172,5ac33a1b-961b-427d-8986-4334faaaf6c6,Luigi Donello Tognetti,Occidente,212609,P08,4,2026,,120.8,30,120.8,False,False,ytd,0.7984,propio,212609,0
d26a8175-7918-484f-afe4-bcfa19a83185,La Colina,Parcela 171-172,5ac33a1b-961b-427d-8986-4334faaaf6c6,Luigi Donello Tognetti,Occidente,212609,P08,3,2026,,15.6,31,15.6,False,False,ytd,0.7984,propio,212609,0
d26a8175-7918-484f-afe4-bcfa19a83185,La Colina,Parcela 171-172,5ac33a1b-961b-427d-8986-4334faaaf6c6,Luigi Donello Tognetti,Occidente,212609,P08,2,2026,,0,28,0,False,False,ytd,0.7984,propio,212609,0
d26a8175-7918-484f-afe4-bcfa19a83185,La Colina,Parcela 171-172,5ac33a1b-961b-427d-8986-4334faaaf6c6,Luigi Donello Tognetti,Occidente,212609,P08,1,2026,,3,31,3,False,False,ytd,0.7984,propio,212609,0
4a9d0b47-8b81-4bac-bfee-5fca325aac50,La Graciosa,El Porvenir,4b5cb75c-ac11-471f-9e09-63814729b925,Jose Rolando Caldera Rondon,Oriente,238350,G11,12,2026,28.911,,0,9.87,True,False,ytd,0.3413,zona,Oriente,
4a9d0b47-8b81-4bac-bfee-5fca325aac50,La Graciosa,El Porvenir,4b5cb75c-ac11-471f-9e09-63814729b925,Jose Rolando Caldera Rondon,Oriente,238350,G11,11,2026,67.628,,0,23.08,True,False,ytd,0.3413,zona,Oriente,
4a9d0b47-8b81-4bac-bfee-5fca325aac50,La Graciosa,El Porvenir,4b5cb75c-ac11-471f-9e09-63814729b925,Jose Rolando Caldera Rondon,Oriente,238350,G11,10,2026,70.108,,0,23.93,True,False,ytd,0.3413,zona,Oriente,
4a9d0b47-8b81-4bac-bfee-5fca325aac50,La Graciosa,El Porvenir,4b5cb75c-ac11-471f-9e09-63814729b925,Jose Rolando Caldera Rondon,Oriente,238350,G11,9,2026,100.205,,0,34.2,True,False,ytd,0.3413,zona,Oriente,
4a9d0b47-8b81-4bac-bfee-5fca325aac50,La Graciosa,El Porvenir,4b5cb75c-ac11-471f-9e09-63814729b925,Jose Rolando Caldera Rondon,Oriente,238350,G11,8,2026,135.155,,0,46.13,True,False,ytd,0.3413,zona,Oriente,
4a9d0b47-8b81-4bac-bfee-5fca325aac50,La Graciosa,El Porvenir,4b5cb75c-ac11-471f-9e09-63814729b925,Jose Rolando Caldera Rondon,Oriente,238350,G11,7,2026,263.89,,0,90.07,True,False,ytd,0.3413,zona,Oriente,
4a9d0b47-8b81-4bac-bfee-5fca325aac50,La Graciosa,El Porvenir,4b5cb75c-ac11-471f-9e09-63814729b925,Jose Rolando Caldera Rondon,Oriente,238350,G11,6,2026,174.609,59.6,24,59.6,False,False,ytd,0.3413,zona,Oriente,
4a9d0b47-8b81-4bac-bfee-5fca325aac50,La Graciosa,El Porvenir,4b5cb75c-ac11-471f-9e09-63814729b925,Jose Rolando Caldera Rondon,Oriente,238350,G11,5,2026,148.55333333333334,31.4,5,50.71,True,True,ytd,0.3413,zona,Oriente,
4a9d0b47-8b81-4bac-bfee-5fca325aac50,La Graciosa,El Porvenir,4b5cb75c-ac11-471f-9e09-63814729b925,Jose Rolando Caldera Rondon,Oriente,238350,G11,4,2026,35.873333333333335,,0,12.24,True,False,ytd,0.3413,zona,Oriente,
4a9d0b47-8b81-4bac-bfee-5fca325aac50,La Graciosa,El Porvenir,4b5cb75c-ac11-471f-9e09-63814729b925,Jose Rolando Caldera Rondon,Oriente,238350,G11,3,2026,0.06666666666666667,,0,0.02,True,False,ytd,0.3413,zona,Oriente,
4a9d0b47-8b81-4bac-bfee-5fca325aac50,La Graciosa,El Porvenir,4b5cb75c-ac11-471f-9e09-63814729b925,Jose Rolando Caldera Rondon,Oriente,238350,G11,2,2026,0,,0,0,True,False,ytd,0.3413,zona,Oriente,
4a9d0b47-8b81-4bac-bfee-5fca325aac50,La Graciosa,El Porvenir,4b5cb75c-ac11-471f-9e09-63814729b925,Jose Rolando Caldera Rondon,Oriente,238350,G11,1,2026,39.15,,0,13.36,True,False,ytd,0.3413,zona,Oriente,
20157979-7a4b-48d9-a7c6-f4a75e602c7f,La Graciosa,La Palmita 1,4b5cb75c-ac11-471f-9e09-63814729b925,Jose Rolando Caldera Rondon,Oriente,238350,G11,12,2026,28.911,,0,9.87,True,False,ytd,0.3413,zona,Oriente,
20157979-7a4b-48d9-a7c6-f4a75e602c7f,La Graciosa,La Palmita 1,4b5cb75c-ac11-471f-9e09-63814729b925,Jose Rolando Caldera Rondon,Oriente,238350,G11,11,2026,67.628,,0,23.08,True,False,ytd,0.3413,zona,Oriente,
20157979-7a4b-48d9-a7c6-f4a75e602c7f,La Graciosa,La Palmita 1,4b5cb75c-ac11-471f-9e09-63814729b925,Jose Rolando Caldera Rondon,Oriente,238350,G11,10,2026,70.108,,0,23.93,True,False,ytd,0.3413,zona,Oriente,
20157979-7a4b-48d9-a7c6-f4a75e602c7f,La Graciosa,La Palmita 1,4b5cb75c-ac11-471f-9e09-63814729b925,Jose Rolando Caldera Rondon,Oriente,238350,G11,9,2026,100.205,,0,34.2,True,False,ytd,0.3413,zona,Oriente,
20157979-7a4b-48d9-a7c6-f4a75e602c7f,La Graciosa,La Palmita 1,4b5cb75c-ac11-471f-9e09-63814729b925,Jose Rolando Caldera Rondon,Oriente,238350,G11,8,2026,135.155,,0,46.13,True,False,ytd,0.3413,zona,Oriente,
20157979-7a4b-48d9-a7c6-f4a75e602c7f,La Graciosa,La Palmita 1,4b5cb75c-ac11-471f-9e09-63814729b925,Jose Rolando Caldera Rondon,Oriente,238350,G11,7,2026,263.89,,0,90.07,True,False,ytd,0.3413,zona,Oriente,
20157979-7a4b-48d9-a7c6-f4a75e602c7f,La Graciosa,La Palmita 1,4b5cb75c-ac11-471f-9e09-63814729b925,Jose Rolando Caldera Rondon,Oriente,238350,G11,6,2026,174.609,59.6,24,59.6,False,False,ytd,0.3413,zona,Oriente,
20157979-7a4b-48d9-a7c6-f4a75e602c7f,La Graciosa,La Palmita 1,4b5cb75c-ac11-471f-9e09-63814729b925,Jose Rolando Caldera Rondon,Oriente,238350,G11,5,2026,148.55333333333334,31.4,5,50.71,True,True,ytd,0.3413,zona,Oriente,
20157979-7a4b-48d9-a7c6-f4a75e602c7f,La Graciosa,La Palmita 1,4b5cb75c-ac11-471f-9e09-63814729b925,Jose Rolando Caldera Rondon,Oriente,238350,G11,4,2026,35.873333333333335,,0,12.24,True,False,ytd,0.3413,zona,Oriente,
20157979-7a4b-48d9-a7c6-f4a75e602c7f,La Graciosa,La Palmita 1,4b5cb75c-ac11-471f-9e09-63814729b925,Jose Rolando Caldera Rondon,Oriente,238350,G11,3,2026,0.06666666666666667,,0,0.02,True,False,ytd,0.3413,zona,Oriente,
20157979-7a4b-48d9-a7c6-f4a75e602c7f,La Graciosa,La Palmita 1,4b5cb75c-ac11-471f-9e09-63814729b925,Jose Rolando Caldera Rondon,Oriente,238350,G11,2,2026,0,,0,0,True,False,ytd,0.3413,zona,Oriente,
20157979-7a4b-48d9-a7c6-f4a75e602c7f,La Graciosa,La Palmita 1,4b5cb75c-ac11-471f-9e09-63814729b925,Jose Rolando Caldera Rondon,Oriente,238350,G11,1,2026,39.15,,0,13.36,True,False,ytd,0.3413,zona,Oriente,
b140e14c-43ec-43f2-b852-fd22dcff80e9,La Graciosa,La Palmita 2,4b5cb75c-ac11-471f-9e09-63814729b925,Jose Rolando Caldera Rondon,Oriente,238350,G11,12,2026,28.911,,0,9.87,True,False,ytd,0.3413,zona,Oriente,
b140e14c-43ec-43f2-b852-fd22dcff80e9,La Graciosa,La Palmita 2,4b5cb75c-ac11-471f-9e09-63814729b925,Jose Rolando Caldera Rondon,Oriente,238350,G11,11,2026,67.628,,0,23.08,True,False,ytd,0.3413,zona,Oriente,
b140e14c-43ec-43f2-b852-fd22dcff80e9,La Graciosa,La Palmita 2,4b5cb75c-ac11-471f-9e09-63814729b925,Jose Rolando Caldera Rondon,Oriente,238350,G11,10,2026,70.108,,0,23.93,True,False,ytd,0.3413,zona,Oriente,
b140e14c-43ec-43f2-b852-fd22dcff80e9,La Graciosa,La Palmita 2,4b5cb75c-ac11-471f-9e09-63814729b925,Jose Rolando Caldera Rondon,Oriente,238350,G11,9,2026,100.205,,0,34.2,True,False,ytd,0.3413,zona,Oriente,
b140e14c-43ec-43f2-b852-fd22dcff80e9,La Graciosa,La Palmita 2,4b5cb75c-ac11-471f-9e09-63814729b925,Jose Rolando Caldera Rondon,Oriente,238350,G11,8,2026,135.155,,0,46.13,True,False,ytd,0.3413,zona,Oriente,
b140e14c-43ec-43f2-b852-fd22dcff80e9,La Graciosa,La Palmita 2,4b5cb75c-ac11-471f-9e09-63814729b925,Jose Rolando Caldera Rondon,Oriente,238350,G11,7,2026,263.89,,0,90.07,True,False,ytd,0.3413,zona,Oriente,
b140e14c-43ec-43f2-b852-fd22dcff80e9,La Graciosa,La Palmita 2,4b5cb75c-ac11-471f-9e09-63814729b925,Jose Rolando Caldera Rondon,Oriente,238350,G11,6,2026,174.609,59.6,24,59.6,False,False,ytd,0.3413,zona,Oriente,
b140e14c-43ec-43f2-b852-fd22dcff80e9,La Graciosa,La Palmita 2,4b5cb75c-ac11-471f-9e09-63814729b925,Jose Rolando Caldera Rondon,Oriente,238350,G11,5,2026,148.55333333333334,31.4,5,50.71,True,True,ytd,0.3413,zona,Oriente,
b140e14c-43ec-43f2-b852-fd22dcff80e9,La Graciosa,La Palmita 2,4b5cb75c-ac11-471f-9e09-63814729b925,Jose Rolando Caldera Rondon,Oriente,238350,G11,4,2026,35.873333333333335,,0,12.24,True,False,ytd,0.3413,zona,Oriente,
b140e14c-43ec-43f2-b852-fd22dcff80e9,La Graciosa,La Palmita 2,4b5cb75c-ac11-471f-9e09-63814729b925,Jose Rolando Caldera Rondon,Oriente,238350,G11,3,2026,0.06666666666666667,,0,0.02,True,False,ytd,0.3413,zona,Oriente,
b140e14c-43ec-43f2-b852-fd22dcff80e9,La Graciosa,La Palmita 2,4b5cb75c-ac11-471f-9e09-63814729b925,Jose Rolando Caldera Rondon,Oriente,238350,G11,2,2026,0,,0,0,True,False,ytd,0.3413,zona,Oriente,
b140e14c-43ec-43f2-b852-fd22dcff80e9,La Graciosa,La Palmita 2,4b5cb75c-ac11-471f-9e09-63814729b925,Jose Rolando Caldera Rondon,Oriente,238350,G11,1,2026,39.15,,0,13.36,True,False,ytd,0.3413,zona,Oriente,
32201316-debd-4eaf-a3d6-98444a4900e2,La Graciosa,Los Morochos,4b5cb75c-ac11-471f-9e09-63814729b925,Jose Rolando Caldera Rondon,Oriente,238350,G11,12,2026,28.911,,0,9.87,True,False,ytd,0.3413,zona,Oriente,
32201316-debd-4eaf-a3d6-98444a4900e2,La Graciosa,Los Morochos,4b5cb75c-ac11-471f-9e09-63814729b925,Jose Rolando Caldera Rondon,Oriente,238350,G11,11,2026,67.628,,0,23.08,True,False,ytd,0.3413,zona,Oriente,
32201316-debd-4eaf-a3d6-98444a4900e2,La Graciosa,Los Morochos,4b5cb75c-ac11-471f-9e09-63814729b925,Jose Rolando Caldera Rondon,Oriente,238350,G11,10,2026,70.108,,0,23.93,True,False,ytd,0.3413,zona,Oriente,
32201316-debd-4eaf-a3d6-98444a4900e2,La Graciosa,Los Morochos,4b5cb75c-ac11-471f-9e09-63814729b925,Jose Rolando Caldera Rondon,Oriente,238350,G11,9,2026,100.205,,0,34.2,True,False,ytd,0.3413,zona,Oriente,
32201316-debd-4eaf-a3d6-98444a4900e2,La Graciosa,Los Morochos,4b5cb75c-ac11-471f-9e09-63814729b925,Jose Rolando Caldera Rondon,Oriente,238350,G11,8,2026,135.155,,0,46.13,True,False,ytd,0.3413,zona,Oriente,
32201316-debd-4eaf-a3d6-98444a4900e2,La Graciosa,Los Morochos,4b5cb75c-ac11-471f-9e09-63814729b925,Jose Rolando Caldera Rondon,Oriente,238350,G11,7,2026,263.89,,0,90.07,True,False,ytd,0.3413,zona,Oriente,
32201316-debd-4eaf-a3d6-98444a4900e2,La Graciosa,Los Morochos,4b5cb75c-ac11-471f-9e09-63814729b925,Jose Rolando Caldera Rondon,Oriente,238350,G11,6,2026,174.609,59.6,24,59.6,False,False,ytd,0.3413,zona,Oriente,
32201316-debd-4eaf-a3d6-98444a4900e2,La Graciosa,Los Morochos,4b5cb75c-ac11-471f-9e09-63814729b925,Jose Rolando Caldera Rondon,Oriente,238350,G11,5,2026,148.55333333333334,31.4,5,50.71,True,True,ytd,0.3413,zona,Oriente,
32201316-debd-4eaf-a3d6-98444a4900e2,La Graciosa,Los Morochos,4b5cb75c-ac11-471f-9e09-63814729b925,Jose Rolando Caldera Rondon,Oriente,238350,G11,4,2026,35.873333333333335,,0,12.24,True,False,ytd,0.3413,zona,Oriente,
32201316-debd-4eaf-a3d6-98444a4900e2,La Graciosa,Los Morochos,4b5cb75c-ac11-471f-9e09-63814729b925,Jose Rolando Caldera Rondon,Oriente,238350,G11,3,2026,0.06666666666666667,,0,0.02,True,False,ytd,0.3413,zona,Oriente,
32201316-debd-4eaf-a3d6-98444a4900e2,La Graciosa,Los Morochos,4b5cb75c-ac11-471f-9e09-63814729b925,Jose Rolando Caldera Rondon,Oriente,238350,G11,2,2026,0,,0,0,True,False,ytd,0.3413,zona,Oriente,
32201316-debd-4eaf-a3d6-98444a4900e2,La Graciosa,Los Morochos,4b5cb75c-ac11-471f-9e09-63814729b925,Jose Rolando Caldera Rondon,Oriente,238350,G11,1,2026,39.15,,0,13.36,True,False,ytd,0.3413,zona,Oriente,
be11b6b9-01c3-410c-95e0-9d11df353efc,La Graciosa,Magallanes,4b5cb75c-ac11-471f-9e09-63814729b925,Jose Rolando Caldera Rondon,Oriente,238350,G11,12,2026,28.911,,0,9.87,True,False,ytd,0.3413,zona,Oriente,
be11b6b9-01c3-410c-95e0-9d11df353efc,La Graciosa,Magallanes,4b5cb75c-ac11-471f-9e09-63814729b925,Jose Rolando Caldera Rondon,Oriente,238350,G11,11,2026,67.628,,0,23.08,True,False,ytd,0.3413,zona,Oriente,
be11b6b9-01c3-410c-95e0-9d11df353efc,La Graciosa,Magallanes,4b5cb75c-ac11-471f-9e09-63814729b925,Jose Rolando Caldera Rondon,Oriente,238350,G11,10,2026,70.108,,0,23.93,True,False,ytd,0.3413,zona,Oriente,
be11b6b9-01c3-410c-95e0-9d11df353efc,La Graciosa,Magallanes,4b5cb75c-ac11-471f-9e09-63814729b925,Jose Rolando Caldera Rondon,Oriente,238350,G11,9,2026,100.205,,0,34.2,True,False,ytd,0.3413,zona,Oriente,
be11b6b9-01c3-410c-95e0-9d11df353efc,La Graciosa,Magallanes,4b5cb75c-ac11-471f-9e09-63814729b925,Jose Rolando Caldera Rondon,Oriente,238350,G11,8,2026,135.155,,0,46.13,True,False,ytd,0.3413,zona,Oriente,
be11b6b9-01c3-410c-95e0-9d11df353efc,La Graciosa,Magallanes,4b5cb75c-ac11-471f-9e09-63814729b925,Jose Rolando Caldera Rondon,Oriente,238350,G11,7,2026,263.89,,0,90.07,True,False,ytd,0.3413,zona,Oriente,
be11b6b9-01c3-410c-95e0-9d11df353efc,La Graciosa,Magallanes,4b5cb75c-ac11-471f-9e09-63814729b925,Jose Rolando Caldera Rondon,Oriente,238350,G11,6,2026,174.609,59.6,24,59.6,False,False,ytd,0.3413,zona,Oriente,
be11b6b9-01c3-410c-95e0-9d11df353efc,La Graciosa,Magallanes,4b5cb75c-ac11-471f-9e09-63814729b925,Jose Rolando Caldera Rondon,Oriente,238350,G11,5,2026,148.55333333333334,31.4,5,50.71,True,True,ytd,0.3413,zona,Oriente,
be11b6b9-01c3-410c-95e0-9d11df353efc,La Graciosa,Magallanes,4b5cb75c-ac11-471f-9e09-63814729b925,Jose Rolando Caldera Rondon,Oriente,238350,G11,4,2026,35.873333333333335,,0,12.24,True,False,ytd,0.3413,zona,Oriente,
be11b6b9-01c3-410c-95e0-9d11df353efc,La Graciosa,Magallanes,4b5cb75c-ac11-471f-9e09-63814729b925,Jose Rolando Caldera Rondon,Oriente,238350,G11,3,2026,0.06666666666666667,,0,0.02,True,False,ytd,0.3413,zona,Oriente,
be11b6b9-01c3-410c-95e0-9d11df353efc,La Graciosa,Magallanes,4b5cb75c-ac11-471f-9e09-63814729b925,Jose Rolando Caldera Rondon,Oriente,238350,G11,2,2026,0,,0,0,True,False,ytd,0.3413,zona,Oriente,
be11b6b9-01c3-410c-95e0-9d11df353efc,La Graciosa,Magallanes,4b5cb75c-ac11-471f-9e09-63814729b925,Jose Rolando Caldera Rondon,Oriente,238350,G11,1,2026,39.15,,0,13.36,True,False,ytd,0.3413,zona,Oriente,
332a5b09-6066-4793-b8e7-cbfa23857372,La vaquera,Betsi,cc8ea43a-7bae-4a1e-97cf-08e7b79a8283,Jose Gregorio Sanchez Mendoza,Occidente,235597,Y04,12,2026,13.225,,0,6.67,True,False,ytd,0.5041,zona,Occidente,
332a5b09-6066-4793-b8e7-cbfa23857372,La vaquera,Betsi,cc8ea43a-7bae-4a1e-97cf-08e7b79a8283,Jose Gregorio Sanchez Mendoza,Occidente,235597,Y04,11,2026,30.475,,0,15.36,True,False,ytd,0.5041,zona,Occidente,
332a5b09-6066-4793-b8e7-cbfa23857372,La vaquera,Betsi,cc8ea43a-7bae-4a1e-97cf-08e7b79a8283,Jose Gregorio Sanchez Mendoza,Occidente,235597,Y04,10,2026,84.425,,0,42.56,True,False,ytd,0.5041,zona,Occidente,
332a5b09-6066-4793-b8e7-cbfa23857372,La vaquera,Betsi,cc8ea43a-7bae-4a1e-97cf-08e7b79a8283,Jose Gregorio Sanchez Mendoza,Occidente,235597,Y04,9,2026,168.375,,0,84.89,True,False,ytd,0.5041,zona,Occidente,
332a5b09-6066-4793-b8e7-cbfa23857372,La vaquera,Betsi,cc8ea43a-7bae-4a1e-97cf-08e7b79a8283,Jose Gregorio Sanchez Mendoza,Occidente,235597,Y04,8,2026,191.45,0,2,96.52,True,True,ytd,0.5041,zona,Occidente,
332a5b09-6066-4793-b8e7-cbfa23857372,La vaquera,Betsi,cc8ea43a-7bae-4a1e-97cf-08e7b79a8283,Jose Gregorio Sanchez Mendoza,Occidente,235597,Y04,7,2026,333.525,171,31,171,False,False,ytd,0.5041,zona,Occidente,
332a5b09-6066-4793-b8e7-cbfa23857372,La vaquera,Betsi,cc8ea43a-7bae-4a1e-97cf-08e7b79a8283,Jose Gregorio Sanchez Mendoza,Occidente,235597,Y04,6,2026,336.1,125,29,125,False,False,ytd,0.5041,zona,Occidente,
332a5b09-6066-4793-b8e7-cbfa23857372,La vaquera,Betsi,cc8ea43a-7bae-4a1e-97cf-08e7b79a8283,Jose Gregorio Sanchez Mendoza,Occidente,235597,Y04,5,2026,186.075,135.4,31,135.4,False,False,ytd,0.5041,zona,Occidente,
332a5b09-6066-4793-b8e7-cbfa23857372,La vaquera,Betsi,cc8ea43a-7bae-4a1e-97cf-08e7b79a8283,Jose Gregorio Sanchez Mendoza,Occidente,235597,Y04,4,2026,91.4,11.6,8,46.08,True,True,ytd,0.5041,zona,Occidente,
332a5b09-6066-4793-b8e7-cbfa23857372,La vaquera,Betsi,cc8ea43a-7bae-4a1e-97cf-08e7b79a8283,Jose Gregorio Sanchez Mendoza,Occidente,235597,Y04,3,2026,8.4,,0,4.23,True,False,ytd,0.5041,zona,Occidente,
332a5b09-6066-4793-b8e7-cbfa23857372,La vaquera,Betsi,cc8ea43a-7bae-4a1e-97cf-08e7b79a8283,Jose Gregorio Sanchez Mendoza,Occidente,235597,Y04,2,2026,1.4,,0,0.71,True,False,ytd,0.5041,zona,Occidente,
332a5b09-6066-4793-b8e7-cbfa23857372,La vaquera,Betsi,cc8ea43a-7bae-4a1e-97cf-08e7b79a8283,Jose Gregorio Sanchez Mendoza,Occidente,235597,Y04,1,2026,2,,0,1.01,True,False,ytd,0.5041,zona,Occidente,
8dd3e28d-2029-463e-8b79-8620b90e4ba9,La vaquera,Caro caro 1,cc8ea43a-7bae-4a1e-97cf-08e7b79a8283,Jose Gregorio Sanchez Mendoza,Occidente,235597,Y04,12,2026,13.225,,0,6.67,True,False,ytd,0.5041,zona,Occidente,
8dd3e28d-2029-463e-8b79-8620b90e4ba9,La vaquera,Caro caro 1,cc8ea43a-7bae-4a1e-97cf-08e7b79a8283,Jose Gregorio Sanchez Mendoza,Occidente,235597,Y04,11,2026,30.475,,0,15.36,True,False,ytd,0.5041,zona,Occidente,
8dd3e28d-2029-463e-8b79-8620b90e4ba9,La vaquera,Caro caro 1,cc8ea43a-7bae-4a1e-97cf-08e7b79a8283,Jose Gregorio Sanchez Mendoza,Occidente,235597,Y04,10,2026,84.425,,0,42.56,True,False,ytd,0.5041,zona,Occidente,
8dd3e28d-2029-463e-8b79-8620b90e4ba9,La vaquera,Caro caro 1,cc8ea43a-7bae-4a1e-97cf-08e7b79a8283,Jose Gregorio Sanchez Mendoza,Occidente,235597,Y04,9,2026,168.375,,0,84.89,True,False,ytd,0.5041,zona,Occidente,
8dd3e28d-2029-463e-8b79-8620b90e4ba9,La vaquera,Caro caro 1,cc8ea43a-7bae-4a1e-97cf-08e7b79a8283,Jose Gregorio Sanchez Mendoza,Occidente,235597,Y04,8,2026,191.45,0,2,96.52,True,True,ytd,0.5041,zona,Occidente,
8dd3e28d-2029-463e-8b79-8620b90e4ba9,La vaquera,Caro caro 1,cc8ea43a-7bae-4a1e-97cf-08e7b79a8283,Jose Gregorio Sanchez Mendoza,Occidente,235597,Y04,7,2026,333.525,171,31,171,False,False,ytd,0.5041,zona,Occidente,
8dd3e28d-2029-463e-8b79-8620b90e4ba9,La vaquera,Caro caro 1,cc8ea43a-7bae-4a1e-97cf-08e7b79a8283,Jose Gregorio Sanchez Mendoza,Occidente,235597,Y04,6,2026,336.1,125,29,125,False,False,ytd,0.5041,zona,Occidente,
8dd3e28d-2029-463e-8b79-8620b90e4ba9,La vaquera,Caro caro 1,cc8ea43a-7bae-4a1e-97cf-08e7b79a8283,Jose Gregorio Sanchez Mendoza,Occidente,235597,Y04,5,2026,186.075,135.4,31,135.4,False,False,ytd,0.5041,zona,Occidente,
8dd3e28d-2029-463e-8b79-8620b90e4ba9,La vaquera,Caro caro 1,cc8ea43a-7bae-4a1e-97cf-08e7b79a8283,Jose Gregorio Sanchez Mendoza,Occidente,235597,Y04,4,2026,91.4,11.6,8,46.08,True,True,ytd,0.5041,zona,Occidente,
8dd3e28d-2029-463e-8b79-8620b90e4ba9,La vaquera,Caro caro 1,cc8ea43a-7bae-4a1e-97cf-08e7b79a8283,Jose Gregorio Sanchez Mendoza,Occidente,235597,Y04,3,2026,8.4,,0,4.23,True,False,ytd,0.5041,zona,Occidente,
8dd3e28d-2029-463e-8b79-8620b90e4ba9,La vaquera,Caro caro 1,cc8ea43a-7bae-4a1e-97cf-08e7b79a8283,Jose Gregorio Sanchez Mendoza,Occidente,235597,Y04,2,2026,1.4,,0,0.71,True,False,ytd,0.5041,zona,Occidente,
8dd3e28d-2029-463e-8b79-8620b90e4ba9,La vaquera,Caro caro 1,cc8ea43a-7bae-4a1e-97cf-08e7b79a8283,Jose Gregorio Sanchez Mendoza,Occidente,235597,Y04,1,2026,2,,0,1.01,True,False,ytd,0.5041,zona,Occidente,
60a98156-36f8-4ff5-b423-c486a6febc05,La vaquera,Grande,cc8ea43a-7bae-4a1e-97cf-08e7b79a8283,Jose Gregorio Sanchez Mendoza,Occidente,235597,Y04,12,2026,13.225,,0,6.67,True,False,ytd,0.5041,zona,Occidente,
60a98156-36f8-4ff5-b423-c486a6febc05,La vaquera,Grande,cc8ea43a-7bae-4a1e-97cf-08e7b79a8283,Jose Gregorio Sanchez Mendoza,Occidente,235597,Y04,11,2026,30.475,,0,15.36,True,False,ytd,0.5041,zona,Occidente,
60a98156-36f8-4ff5-b423-c486a6febc05,La vaquera,Grande,cc8ea43a-7bae-4a1e-97cf-08e7b79a8283,Jose Gregorio Sanchez Mendoza,Occidente,235597,Y04,10,2026,84.425,,0,42.56,True,False,ytd,0.5041,zona,Occidente,
60a98156-36f8-4ff5-b423-c486a6febc05,La vaquera,Grande,cc8ea43a-7bae-4a1e-97cf-08e7b79a8283,Jose Gregorio Sanchez Mendoza,Occidente,235597,Y04,9,2026,168.375,,0,84.89,True,False,ytd,0.5041,zona,Occidente,
60a98156-36f8-4ff5-b423-c486a6febc05,La vaquera,Grande,cc8ea43a-7bae-4a1e-97cf-08e7b79a8283,Jose Gregorio Sanchez Mendoza,Occidente,235597,Y04,8,2026,191.45,0,2,96.52,True,True,ytd,0.5041,zona,Occidente,
60a98156-36f8-4ff5-b423-c486a6febc05,La vaquera,Grande,cc8ea43a-7bae-4a1e-97cf-08e7b79a8283,Jose Gregorio Sanchez Mendoza,Occidente,235597,Y04,7,2026,333.525,171,31,171,False,False,ytd,0.5041,zona,Occidente,
60a98156-36f8-4ff5-b423-c486a6febc05,La vaquera,Grande,cc8ea43a-7bae-4a1e-97cf-08e7b79a8283,Jose Gregorio Sanchez Mendoza,Occidente,235597,Y04,6,2026,336.1,125,29,125,False,False,ytd,0.5041,zona,Occidente,
60a98156-36f8-4ff5-b423-c486a6febc05,La vaquera,Grande,cc8ea43a-7bae-4a1e-97cf-08e7b79a8283,Jose Gregorio Sanchez Mendoza,Occidente,235597,Y04,5,2026,186.075,135.4,31,135.4,False,False,ytd,0.5041,zona,Occidente,
60a98156-36f8-4ff5-b423-c486a6febc05,La vaquera,Grande,cc8ea43a-7bae-4a1e-97cf-08e7b79a8283,Jose Gregorio Sanchez Mendoza,Occidente,235597,Y04,4,2026,91.4,11.6,8,46.08,True,True,ytd,0.5041,zona,Occidente,
60a98156-36f8-4ff5-b423-c486a6febc05,La vaquera,Grande,cc8ea43a-7bae-4a1e-97cf-08e7b79a8283,Jose Gregorio Sanchez Mendoza,Occidente,235597,Y04,3,2026,8.4,,0,4.23,True,False,ytd,0.5041,zona,Occidente,
60a98156-36f8-4ff5-b423-c486a6febc05,La vaquera,Grande,cc8ea43a-7bae-4a1e-97cf-08e7b79a8283,Jose Gregorio Sanchez Mendoza,Occidente,235597,Y04,2,2026,1.4,,0,0.71,True,False,ytd,0.5041,zona,Occidente,
60a98156-36f8-4ff5-b423-c486a6febc05,La vaquera,Grande,cc8ea43a-7bae-4a1e-97cf-08e7b79a8283,Jose Gregorio Sanchez Mendoza,Occidente,235597,Y04,1,2026,2,,0,1.01,True,False,ytd,0.5041,zona,Occidente,
b9e2e7ea-6831-46ad-801b-9c8960afc0dd,La vaquera,La Entrada,cc8ea43a-7bae-4a1e-97cf-08e7b79a8283,Jose Gregorio Sanchez Mendoza,Occidente,235597,Y04,12,2026,13.225,,0,6.67,True,False,ytd,0.5041,zona,Occidente,
b9e2e7ea-6831-46ad-801b-9c8960afc0dd,La vaquera,La Entrada,cc8ea43a-7bae-4a1e-97cf-08e7b79a8283,Jose Gregorio Sanchez Mendoza,Occidente,235597,Y04,11,2026,30.475,,0,15.36,True,False,ytd,0.5041,zona,Occidente,
b9e2e7ea-6831-46ad-801b-9c8960afc0dd,La vaquera,La Entrada,cc8ea43a-7bae-4a1e-97cf-08e7b79a8283,Jose Gregorio Sanchez Mendoza,Occidente,235597,Y04,10,2026,84.425,,0,42.56,True,False,ytd,0.5041,zona,Occidente,
b9e2e7ea-6831-46ad-801b-9c8960afc0dd,La vaquera,La Entrada,cc8ea43a-7bae-4a1e-97cf-08e7b79a8283,Jose Gregorio Sanchez Mendoza,Occidente,235597,Y04,9,2026,168.375,,0,84.89,True,False,ytd,0.5041,zona,Occidente,
b9e2e7ea-6831-46ad-801b-9c8960afc0dd,La vaquera,La Entrada,cc8ea43a-7bae-4a1e-97cf-08e7b79a8283,Jose Gregorio Sanchez Mendoza,Occidente,235597,Y04,8,2026,191.45,0,2,96.52,True,True,ytd,0.5041,zona,Occidente,
b9e2e7ea-6831-46ad-801b-9c8960afc0dd,La vaquera,La Entrada,cc8ea43a-7bae-4a1e-97cf-08e7b79a8283,Jose Gregorio Sanchez Mendoza,Occidente,235597,Y04,7,2026,333.525,171,31,171,False,False,ytd,0.5041,zona,Occidente,
b9e2e7ea-6831-46ad-801b-9c8960afc0dd,La vaquera,La Entrada,cc8ea43a-7bae-4a1e-97cf-08e7b79a8283,Jose Gregorio Sanchez Mendoza,Occidente,235597,Y04,6,2026,336.1,125,29,125,False,False,ytd,0.5041,zona,Occidente,
b9e2e7ea-6831-46ad-801b-9c8960afc0dd,La vaquera,La Entrada,cc8ea43a-7bae-4a1e-97cf-08e7b79a8283,Jose Gregorio Sanchez Mendoza,Occidente,235597,Y04,5,2026,186.075,135.4,31,135.4,False,False,ytd,0.5041,zona,Occidente,
b9e2e7ea-6831-46ad-801b-9c8960afc0dd,La vaquera,La Entrada,cc8ea43a-7bae-4a1e-97cf-08e7b79a8283,Jose Gregorio Sanchez Mendoza,Occidente,235597,Y04,4,2026,91.4,11.6,8,46.08,True,True,ytd,0.5041,zona,Occidente,
b9e2e7ea-6831-46ad-801b-9c8960afc0dd,La vaquera,La Entrada,cc8ea43a-7bae-4a1e-97cf-08e7b79a8283,Jose Gregorio Sanchez Mendoza,Occidente,235597,Y04,3,2026,8.4,,0,4.23,True,False,ytd,0.5041,zona,Occidente,
b9e2e7ea-6831-46ad-801b-9c8960afc0dd,La vaquera,La Entrada,cc8ea43a-7bae-4a1e-97cf-08e7b79a8283,Jose Gregorio Sanchez Mendoza,Occidente,235597,Y04,2,2026,1.4,,0,0.71,True,False,ytd,0.5041,zona,Occidente,
b9e2e7ea-6831-46ad-801b-9c8960afc0dd,La vaquera,La Entrada,cc8ea43a-7bae-4a1e-97cf-08e7b79a8283,Jose Gregorio Sanchez Mendoza,Occidente,235597,Y04,1,2026,2,,0,1.01,True,False,ytd,0.5041,zona,Occidente,
39434e2e-460f-4a9a-bde7-5fc68435994a,La vaquera,Las 3 ha,cc8ea43a-7bae-4a1e-97cf-08e7b79a8283,Jose Gregorio Sanchez Mendoza,Occidente,235597,Y04,12,2026,13.225,,0,6.67,True,False,ytd,0.5041,zona,Occidente,
39434e2e-460f-4a9a-bde7-5fc68435994a,La vaquera,Las 3 ha,cc8ea43a-7bae-4a1e-97cf-08e7b79a8283,Jose Gregorio Sanchez Mendoza,Occidente,235597,Y04,11,2026,30.475,,0,15.36,True,False,ytd,0.5041,zona,Occidente,
39434e2e-460f-4a9a-bde7-5fc68435994a,La vaquera,Las 3 ha,cc8ea43a-7bae-4a1e-97cf-08e7b79a8283,Jose Gregorio Sanchez Mendoza,Occidente,235597,Y04,10,2026,84.425,,0,42.56,True,False,ytd,0.5041,zona,Occidente,
39434e2e-460f-4a9a-bde7-5fc68435994a,La vaquera,Las 3 ha,cc8ea43a-7bae-4a1e-97cf-08e7b79a8283,Jose Gregorio Sanchez Mendoza,Occidente,235597,Y04,9,2026,168.375,,0,84.89,True,False,ytd,0.5041,zona,Occidente,
39434e2e-460f-4a9a-bde7-5fc68435994a,La vaquera,Las 3 ha,cc8ea43a-7bae-4a1e-97cf-08e7b79a8283,Jose Gregorio Sanchez Mendoza,Occidente,235597,Y04,8,2026,191.45,0,2,96.52,True,True,ytd,0.5041,zona,Occidente,
39434e2e-460f-4a9a-bde7-5fc68435994a,La vaquera,Las 3 ha,cc8ea43a-7bae-4a1e-97cf-08e7b79a8283,Jose Gregorio Sanchez Mendoza,Occidente,235597,Y04,7,2026,333.525,171,31,171,False,False,ytd,0.5041,zona,Occidente,
39434e2e-460f-4a9a-bde7-5fc68435994a,La vaquera,Las 3 ha,cc8ea43a-7bae-4a1e-97cf-08e7b79a8283,Jose Gregorio Sanchez Mendoza,Occidente,235597,Y04,6,2026,336.1,125,29,125,False,False,ytd,0.5041,zona,Occidente,
39434e2e-460f-4a9a-bde7-5fc68435994a,La vaquera,Las 3 ha,cc8ea43a-7bae-4a1e-97cf-08e7b79a8283,Jose Gregorio Sanchez Mendoza,Occidente,235597,Y04,5,2026,186.075,135.4,31,135.4,False,False,ytd,0.5041,zona,Occidente,
39434e2e-460f-4a9a-bde7-5fc68435994a,La vaquera,Las 3 ha,cc8ea43a-7bae-4a1e-97cf-08e7b79a8283,Jose Gregorio Sanchez Mendoza,Occidente,235597,Y04,4,2026,91.4,11.6,8,46.08,True,True,ytd,0.5041,zona,Occidente,
39434e2e-460f-4a9a-bde7-5fc68435994a,La vaquera,Las 3 ha,cc8ea43a-7bae-4a1e-97cf-08e7b79a8283,Jose Gregorio Sanchez Mendoza,Occidente,235597,Y04,3,2026,8.4,,0,4.23,True,False,ytd,0.5041,zona,Occidente,
39434e2e-460f-4a9a-bde7-5fc68435994a,La vaquera,Las 3 ha,cc8ea43a-7bae-4a1e-97cf-08e7b79a8283,Jose Gregorio Sanchez Mendoza,Occidente,235597,Y04,2,2026,1.4,,0,0.71,True,False,ytd,0.5041,zona,Occidente,
39434e2e-460f-4a9a-bde7-5fc68435994a,La vaquera,Las 3 ha,cc8ea43a-7bae-4a1e-97cf-08e7b79a8283,Jose Gregorio Sanchez Mendoza,Occidente,235597,Y04,1,2026,2,,0,1.01,True,False,ytd,0.5041,zona,Occidente,
d214f04d-8808-4eda-9f30-acbf4fcb274f,La vaquera,Las Torres,cc8ea43a-7bae-4a1e-97cf-08e7b79a8283,Jose Gregorio Sanchez Mendoza,Occidente,235597,Y04,12,2026,13.225,,0,6.67,True,False,ytd,0.5041,zona,Occidente,
d214f04d-8808-4eda-9f30-acbf4fcb274f,La vaquera,Las Torres,cc8ea43a-7bae-4a1e-97cf-08e7b79a8283,Jose Gregorio Sanchez Mendoza,Occidente,235597,Y04,11,2026,30.475,,0,15.36,True,False,ytd,0.5041,zona,Occidente,
d214f04d-8808-4eda-9f30-acbf4fcb274f,La vaquera,Las Torres,cc8ea43a-7bae-4a1e-97cf-08e7b79a8283,Jose Gregorio Sanchez Mendoza,Occidente,235597,Y04,10,2026,84.425,,0,42.56,True,False,ytd,0.5041,zona,Occidente,
d214f04d-8808-4eda-9f30-acbf4fcb274f,La vaquera,Las Torres,cc8ea43a-7bae-4a1e-97cf-08e7b79a8283,Jose Gregorio Sanchez Mendoza,Occidente,235597,Y04,9,2026,168.375,,0,84.89,True,False,ytd,0.5041,zona,Occidente,
d214f04d-8808-4eda-9f30-acbf4fcb274f,La vaquera,Las Torres,cc8ea43a-7bae-4a1e-97cf-08e7b79a8283,Jose Gregorio Sanchez Mendoza,Occidente,235597,Y04,8,2026,191.45,0,2,96.52,True,True,ytd,0.5041,zona,Occidente,
d214f04d-8808-4eda-9f30-acbf4fcb274f,La vaquera,Las Torres,cc8ea43a-7bae-4a1e-97cf-08e7b79a8283,Jose Gregorio Sanchez Mendoza,Occidente,235597,Y04,7,2026,333.525,171,31,171,False,False,ytd,0.5041,zona,Occidente,
d214f04d-8808-4eda-9f30-acbf4fcb274f,La vaquera,Las Torres,cc8ea43a-7bae-4a1e-97cf-08e7b79a8283,Jose Gregorio Sanchez Mendoza,Occidente,235597,Y04,6,2026,336.1,125,29,125,False,False,ytd,0.5041,zona,Occidente,
d214f04d-8808-4eda-9f30-acbf4fcb274f,La vaquera,Las Torres,cc8ea43a-7bae-4a1e-97cf-08e7b79a8283,Jose Gregorio Sanchez Mendoza,Occidente,235597,Y04,5,2026,186.075,135.4,31,135.4,False,False,ytd,0.5041,zona,Occidente,
d214f04d-8808-4eda-9f30-acbf4fcb274f,La vaquera,Las Torres,cc8ea43a-7bae-4a1e-97cf-08e7b79a8283,Jose Gregorio Sanchez Mendoza,Occidente,235597,Y04,4,2026,91.4,11.6,8,46.08,True,True,ytd,0.5041,zona,Occidente,
d214f04d-8808-4eda-9f30-acbf4fcb274f,La vaquera,Las Torres,cc8ea43a-7bae-4a1e-97cf-08e7b79a8283,Jose Gregorio Sanchez Mendoza,Occidente,235597,Y04,3,2026,8.4,,0,4.23,True,False,ytd,0.5041,zona,Occidente,
d214f04d-8808-4eda-9f30-acbf4fcb274f,La vaquera,Las Torres,cc8ea43a-7bae-4a1e-97cf-08e7b79a8283,Jose Gregorio Sanchez Mendoza,Occidente,235597,Y04,2,2026,1.4,,0,0.71,True,False,ytd,0.5041,zona,Occidente,
d214f04d-8808-4eda-9f30-acbf4fcb274f,La vaquera,Las Torres,cc8ea43a-7bae-4a1e-97cf-08e7b79a8283,Jose Gregorio Sanchez Mendoza,Occidente,235597,Y04,1,2026,2,,0,1.01,True,False,ytd,0.5041,zona,Occidente,
9dcf22c2-05bc-4245-8208-debe4a2d6105,La vaquera,Los Aguacates,cc8ea43a-7bae-4a1e-97cf-08e7b79a8283,Jose Gregorio Sanchez Mendoza,Occidente,235597,Y04,12,2026,13.225,,0,6.67,True,False,ytd,0.5041,zona,Occidente,
9dcf22c2-05bc-4245-8208-debe4a2d6105,La vaquera,Los Aguacates,cc8ea43a-7bae-4a1e-97cf-08e7b79a8283,Jose Gregorio Sanchez Mendoza,Occidente,235597,Y04,11,2026,30.475,,0,15.36,True,False,ytd,0.5041,zona,Occidente,
9dcf22c2-05bc-4245-8208-debe4a2d6105,La vaquera,Los Aguacates,cc8ea43a-7bae-4a1e-97cf-08e7b79a8283,Jose Gregorio Sanchez Mendoza,Occidente,235597,Y04,10,2026,84.425,,0,42.56,True,False,ytd,0.5041,zona,Occidente,
9dcf22c2-05bc-4245-8208-debe4a2d6105,La vaquera,Los Aguacates,cc8ea43a-7bae-4a1e-97cf-08e7b79a8283,Jose Gregorio Sanchez Mendoza,Occidente,235597,Y04,9,2026,168.375,,0,84.89,True,False,ytd,0.5041,zona,Occidente,
9dcf22c2-05bc-4245-8208-debe4a2d6105,La vaquera,Los Aguacates,cc8ea43a-7bae-4a1e-97cf-08e7b79a8283,Jose Gregorio Sanchez Mendoza,Occidente,235597,Y04,8,2026,191.45,0,2,96.52,True,True,ytd,0.5041,zona,Occidente,
9dcf22c2-05bc-4245-8208-debe4a2d6105,La vaquera,Los Aguacates,cc8ea43a-7bae-4a1e-97cf-08e7b79a8283,Jose Gregorio Sanchez Mendoza,Occidente,235597,Y04,7,2026,333.525,171,31,171,False,False,ytd,0.5041,zona,Occidente,
9dcf22c2-05bc-4245-8208-debe4a2d6105,La vaquera,Los Aguacates,cc8ea43a-7bae-4a1e-97cf-08e7b79a8283,Jose Gregorio Sanchez Mendoza,Occidente,235597,Y04,6,2026,336.1,125,29,125,False,False,ytd,0.5041,zona,Occidente,
9dcf22c2-05bc-4245-8208-debe4a2d6105,La vaquera,Los Aguacates,cc8ea43a-7bae-4a1e-97cf-08e7b79a8283,Jose Gregorio Sanchez Mendoza,Occidente,235597,Y04,5,2026,186.075,135.4,31,135.4,False,False,ytd,0.5041,zona,Occidente,
9dcf22c2-05bc-4245-8208-debe4a2d6105,La vaquera,Los Aguacates,cc8ea43a-7bae-4a1e-97cf-08e7b79a8283,Jose Gregorio Sanchez Mendoza,Occidente,235597,Y04,4,2026,91.4,11.6,8,46.08,True,True,ytd,0.5041,zona,Occidente,
9dcf22c2-05bc-4245-8208-debe4a2d6105,La vaquera,Los Aguacates,cc8ea43a-7bae-4a1e-97cf-08e7b79a8283,Jose Gregorio Sanchez Mendoza,Occidente,235597,Y04,3,2026,8.4,,0,4.23,True,False,ytd,0.5041,zona,Occidente,
9dcf22c2-05bc-4245-8208-debe4a2d6105,La vaquera,Los Aguacates,cc8ea43a-7bae-4a1e-97cf-08e7b79a8283,Jose Gregorio Sanchez Mendoza,Occidente,235597,Y04,2,2026,1.4,,0,0.71,True,False,ytd,0.5041,zona,Occidente,
9dcf22c2-05bc-4245-8208-debe4a2d6105,La vaquera,Los Aguacates,cc8ea43a-7bae-4a1e-97cf-08e7b79a8283,Jose Gregorio Sanchez Mendoza,Occidente,235597,Y04,1,2026,2,,0,1.01,True,False,ytd,0.5041,zona,Occidente,
58930a46-28d1-4153-a425-5041d3e0694d,La vaquera,Lote 1,cc8ea43a-7bae-4a1e-97cf-08e7b79a8283,Jose Gregorio Sanchez Mendoza,Occidente,235597,Y04,12,2026,13.225,,0,6.67,True,False,ytd,0.5041,zona,Occidente,
58930a46-28d1-4153-a425-5041d3e0694d,La vaquera,Lote 1,cc8ea43a-7bae-4a1e-97cf-08e7b79a8283,Jose Gregorio Sanchez Mendoza,Occidente,235597,Y04,11,2026,30.475,,0,15.36,True,False,ytd,0.5041,zona,Occidente,
58930a46-28d1-4153-a425-5041d3e0694d,La vaquera,Lote 1,cc8ea43a-7bae-4a1e-97cf-08e7b79a8283,Jose Gregorio Sanchez Mendoza,Occidente,235597,Y04,10,2026,84.425,,0,42.56,True,False,ytd,0.5041,zona,Occidente,
58930a46-28d1-4153-a425-5041d3e0694d,La vaquera,Lote 1,cc8ea43a-7bae-4a1e-97cf-08e7b79a8283,Jose Gregorio Sanchez Mendoza,Occidente,235597,Y04,9,2026,168.375,,0,84.89,True,False,ytd,0.5041,zona,Occidente,
58930a46-28d1-4153-a425-5041d3e0694d,La vaquera,Lote 1,cc8ea43a-7bae-4a1e-97cf-08e7b79a8283,Jose Gregorio Sanchez Mendoza,Occidente,235597,Y04,8,2026,191.45,0,2,96.52,True,True,ytd,0.5041,zona,Occidente,
58930a46-28d1-4153-a425-5041d3e0694d,La vaquera,Lote 1,cc8ea43a-7bae-4a1e-97cf-08e7b79a8283,Jose Gregorio Sanchez Mendoza,Occidente,235597,Y04,7,2026,333.525,171,31,171,False,False,ytd,0.5041,zona,Occidente,
58930a46-28d1-4153-a425-5041d3e0694d,La vaquera,Lote 1,cc8ea43a-7bae-4a1e-97cf-08e7b79a8283,Jose Gregorio Sanchez Mendoza,Occidente,235597,Y04,6,2026,336.1,125,29,125,False,False,ytd,0.5041,zona,Occidente,
58930a46-28d1-4153-a425-5041d3e0694d,La vaquera,Lote 1,cc8ea43a-7bae-4a1e-97cf-08e7b79a8283,Jose Gregorio Sanchez Mendoza,Occidente,235597,Y04,5,2026,186.075,135.4,31,135.4,False,False,ytd,0.5041,zona,Occidente,
58930a46-28d1-4153-a425-5041d3e0694d,La vaquera,Lote 1,cc8ea43a-7bae-4a1e-97cf-08e7b79a8283,Jose Gregorio Sanchez Mendoza,Occidente,235597,Y04,4,2026,91.4,11.6,8,46.08,True,True,ytd,0.5041,zona,Occidente,
58930a46-28d1-4153-a425-5041d3e0694d,La vaquera,Lote 1,cc8ea43a-7bae-4a1e-97cf-08e7b79a8283,Jose Gregorio Sanchez Mendoza,Occidente,235597,Y04,3,2026,8.4,,0,4.23,True,False,ytd,0.5041,zona,Occidente,
58930a46-28d1-4153-a425-5041d3e0694d,La vaquera,Lote 1,cc8ea43a-7bae-4a1e-97cf-08e7b79a8283,Jose Gregorio Sanchez Mendoza,Occidente,235597,Y04,2,2026,1.4,,0,0.71,True,False,ytd,0.5041,zona,Occidente,
58930a46-28d1-4153-a425-5041d3e0694d,La vaquera,Lote 1,cc8ea43a-7bae-4a1e-97cf-08e7b79a8283,Jose Gregorio Sanchez Mendoza,Occidente,235597,Y04,1,2026,2,,0,1.01,True,False,ytd,0.5041,zona,Occidente,
40497e37-11a5-40c2-bd1f-00ad544d6607,La vaquera,Lucas,cc8ea43a-7bae-4a1e-97cf-08e7b79a8283,Jose Gregorio Sanchez Mendoza,Occidente,235597,Y04,12,2026,13.225,,0,6.67,True,False,ytd,0.5041,zona,Occidente,
40497e37-11a5-40c2-bd1f-00ad544d6607,La vaquera,Lucas,cc8ea43a-7bae-4a1e-97cf-08e7b79a8283,Jose Gregorio Sanchez Mendoza,Occidente,235597,Y04,11,2026,30.475,,0,15.36,True,False,ytd,0.5041,zona,Occidente,
40497e37-11a5-40c2-bd1f-00ad544d6607,La vaquera,Lucas,cc8ea43a-7bae-4a1e-97cf-08e7b79a8283,Jose Gregorio Sanchez Mendoza,Occidente,235597,Y04,10,2026,84.425,,0,42.56,True,False,ytd,0.5041,zona,Occidente,
40497e37-11a5-40c2-bd1f-00ad544d6607,La vaquera,Lucas,cc8ea43a-7bae-4a1e-97cf-08e7b79a8283,Jose Gregorio Sanchez Mendoza,Occidente,235597,Y04,9,2026,168.375,,0,84.89,True,False,ytd,0.5041,zona,Occidente,
40497e37-11a5-40c2-bd1f-00ad544d6607,La vaquera,Lucas,cc8ea43a-7bae-4a1e-97cf-08e7b79a8283,Jose Gregorio Sanchez Mendoza,Occidente,235597,Y04,8,2026,191.45,0,2,96.52,True,True,ytd,0.5041,zona,Occidente,
40497e37-11a5-40c2-bd1f-00ad544d6607,La vaquera,Lucas,cc8ea43a-7bae-4a1e-97cf-08e7b79a8283,Jose Gregorio Sanchez Mendoza,Occidente,235597,Y04,7,2026,333.525,171,31,171,False,False,ytd,0.5041,zona,Occidente,
40497e37-11a5-40c2-bd1f-00ad544d6607,La vaquera,Lucas,cc8ea43a-7bae-4a1e-97cf-08e7b79a8283,Jose Gregorio Sanchez Mendoza,Occidente,235597,Y04,6,2026,336.1,125,29,125,False,False,ytd,0.5041,zona,Occidente,
40497e37-11a5-40c2-bd1f-00ad544d6607,La vaquera,Lucas,cc8ea43a-7bae-4a1e-97cf-08e7b79a8283,Jose Gregorio Sanchez Mendoza,Occidente,235597,Y04,5,2026,186.075,135.4,31,135.4,False,False,ytd,0.5041,zona,Occidente,
40497e37-11a5-40c2-bd1f-00ad544d6607,La vaquera,Lucas,cc8ea43a-7bae-4a1e-97cf-08e7b79a8283,Jose Gregorio Sanchez Mendoza,Occidente,235597,Y04,4,2026,91.4,11.6,8,46.08,True,True,ytd,0.5041,zona,Occidente,
40497e37-11a5-40c2-bd1f-00ad544d6607,La vaquera,Lucas,cc8ea43a-7bae-4a1e-97cf-08e7b79a8283,Jose Gregorio Sanchez Mendoza,Occidente,235597,Y04,3,2026,8.4,,0,4.23,True,False,ytd,0.5041,zona,Occidente,
40497e37-11a5-40c2-bd1f-00ad544d6607,La vaquera,Lucas,cc8ea43a-7bae-4a1e-97cf-08e7b79a8283,Jose Gregorio Sanchez Mendoza,Occidente,235597,Y04,2,2026,1.4,,0,0.71,True,False,ytd,0.5041,zona,Occidente,
40497e37-11a5-40c2-bd1f-00ad544d6607,La vaquera,Lucas,cc8ea43a-7bae-4a1e-97cf-08e7b79a8283,Jose Gregorio Sanchez Mendoza,Occidente,235597,Y04,1,2026,2,,0,1.01,True,False,ytd,0.5041,zona,Occidente,
9c3b9f56-6143-4420-a685-fbee350cc01f,La vaquera,Neco,cc8ea43a-7bae-4a1e-97cf-08e7b79a8283,Jose Gregorio Sanchez Mendoza,Occidente,235597,Y04,12,2026,13.225,,0,6.67,True,False,ytd,0.5041,zona,Occidente,
9c3b9f56-6143-4420-a685-fbee350cc01f,La vaquera,Neco,cc8ea43a-7bae-4a1e-97cf-08e7b79a8283,Jose Gregorio Sanchez Mendoza,Occidente,235597,Y04,11,2026,30.475,,0,15.36,True,False,ytd,0.5041,zona,Occidente,
9c3b9f56-6143-4420-a685-fbee350cc01f,La vaquera,Neco,cc8ea43a-7bae-4a1e-97cf-08e7b79a8283,Jose Gregorio Sanchez Mendoza,Occidente,235597,Y04,10,2026,84.425,,0,42.56,True,False,ytd,0.5041,zona,Occidente,
9c3b9f56-6143-4420-a685-fbee350cc01f,La vaquera,Neco,cc8ea43a-7bae-4a1e-97cf-08e7b79a8283,Jose Gregorio Sanchez Mendoza,Occidente,235597,Y04,9,2026,168.375,,0,84.89,True,False,ytd,0.5041,zona,Occidente,
9c3b9f56-6143-4420-a685-fbee350cc01f,La vaquera,Neco,cc8ea43a-7bae-4a1e-97cf-08e7b79a8283,Jose Gregorio Sanchez Mendoza,Occidente,235597,Y04,8,2026,191.45,0,2,96.52,True,True,ytd,0.5041,zona,Occidente,
9c3b9f56-6143-4420-a685-fbee350cc01f,La vaquera,Neco,cc8ea43a-7bae-4a1e-97cf-08e7b79a8283,Jose Gregorio Sanchez Mendoza,Occidente,235597,Y04,7,2026,333.525,171,31,171,False,False,ytd,0.5041,zona,Occidente,
9c3b9f56-6143-4420-a685-fbee350cc01f,La vaquera,Neco,cc8ea43a-7bae-4a1e-97cf-08e7b79a8283,Jose Gregorio Sanchez Mendoza,Occidente,235597,Y04,6,2026,336.1,125,29,125,False,False,ytd,0.5041,zona,Occidente,
9c3b9f56-6143-4420-a685-fbee350cc01f,La vaquera,Neco,cc8ea43a-7bae-4a1e-97cf-08e7b79a8283,Jose Gregorio Sanchez Mendoza,Occidente,235597,Y04,5,2026,186.075,135.4,31,135.4,False,False,ytd,0.5041,zona,Occidente,
9c3b9f56-6143-4420-a685-fbee350cc01f,La vaquera,Neco,cc8ea43a-7bae-4a1e-97cf-08e7b79a8283,Jose Gregorio Sanchez Mendoza,Occidente,235597,Y04,4,2026,91.4,11.6,8,46.08,True,True,ytd,0.5041,zona,Occidente,
9c3b9f56-6143-4420-a685-fbee350cc01f,La vaquera,Neco,cc8ea43a-7bae-4a1e-97cf-08e7b79a8283,Jose Gregorio Sanchez Mendoza,Occidente,235597,Y04,3,2026,8.4,,0,4.23,True,False,ytd,0.5041,zona,Occidente,
9c3b9f56-6143-4420-a685-fbee350cc01f,La vaquera,Neco,cc8ea43a-7bae-4a1e-97cf-08e7b79a8283,Jose Gregorio Sanchez Mendoza,Occidente,235597,Y04,2,2026,1.4,,0,0.71,True,False,ytd,0.5041,zona,Occidente,
9c3b9f56-6143-4420-a685-fbee350cc01f,La vaquera,Neco,cc8ea43a-7bae-4a1e-97cf-08e7b79a8283,Jose Gregorio Sanchez Mendoza,Occidente,235597,Y04,1,2026,2,,0,1.01,True,False,ytd,0.5041,zona,Occidente,
a1e2db0a-7600-488e-8dc1-856cff5cb84d,La vaquera,Willi,cc8ea43a-7bae-4a1e-97cf-08e7b79a8283,Jose Gregorio Sanchez Mendoza,Occidente,235597,Y04,12,2026,13.225,,0,6.67,True,False,ytd,0.5041,zona,Occidente,
a1e2db0a-7600-488e-8dc1-856cff5cb84d,La vaquera,Willi,cc8ea43a-7bae-4a1e-97cf-08e7b79a8283,Jose Gregorio Sanchez Mendoza,Occidente,235597,Y04,11,2026,30.475,,0,15.36,True,False,ytd,0.5041,zona,Occidente,
a1e2db0a-7600-488e-8dc1-856cff5cb84d,La vaquera,Willi,cc8ea43a-7bae-4a1e-97cf-08e7b79a8283,Jose Gregorio Sanchez Mendoza,Occidente,235597,Y04,10,2026,84.425,,0,42.56,True,False,ytd,0.5041,zona,Occidente,
a1e2db0a-7600-488e-8dc1-856cff5cb84d,La vaquera,Willi,cc8ea43a-7bae-4a1e-97cf-08e7b79a8283,Jose Gregorio Sanchez Mendoza,Occidente,235597,Y04,9,2026,168.375,,0,84.89,True,False,ytd,0.5041,zona,Occidente,
a1e2db0a-7600-488e-8dc1-856cff5cb84d,La vaquera,Willi,cc8ea43a-7bae-4a1e-97cf-08e7b79a8283,Jose Gregorio Sanchez Mendoza,Occidente,235597,Y04,8,2026,191.45,0,2,96.52,True,True,ytd,0.5041,zona,Occidente,
a1e2db0a-7600-488e-8dc1-856cff5cb84d,La vaquera,Willi,cc8ea43a-7bae-4a1e-97cf-08e7b79a8283,Jose Gregorio Sanchez Mendoza,Occidente,235597,Y04,7,2026,333.525,171,31,171,False,False,ytd,0.5041,zona,Occidente,
a1e2db0a-7600-488e-8dc1-856cff5cb84d,La vaquera,Willi,cc8ea43a-7bae-4a1e-97cf-08e7b79a8283,Jose Gregorio Sanchez Mendoza,Occidente,235597,Y04,6,2026,336.1,125,29,125,False,False,ytd,0.5041,zona,Occidente,
a1e2db0a-7600-488e-8dc1-856cff5cb84d,La vaquera,Willi,cc8ea43a-7bae-4a1e-97cf-08e7b79a8283,Jose Gregorio Sanchez Mendoza,Occidente,235597,Y04,5,2026,186.075,135.4,31,135.4,False,False,ytd,0.5041,zona,Occidente,
a1e2db0a-7600-488e-8dc1-856cff5cb84d,La vaquera,Willi,cc8ea43a-7bae-4a1e-97cf-08e7b79a8283,Jose Gregorio Sanchez Mendoza,Occidente,235597,Y04,4,2026,91.4,11.6,8,46.08,True,True,ytd,0.5041,zona,Occidente,
a1e2db0a-7600-488e-8dc1-856cff5cb84d,La vaquera,Willi,cc8ea43a-7bae-4a1e-97cf-08e7b79a8283,Jose Gregorio Sanchez Mendoza,Occidente,235597,Y04,3,2026,8.4,,0,4.23,True,False,ytd,0.5041,zona,Occidente,
a1e2db0a-7600-488e-8dc1-856cff5cb84d,La vaquera,Willi,cc8ea43a-7bae-4a1e-97cf-08e7b79a8283,Jose Gregorio Sanchez Mendoza,Occidente,235597,Y04,2,2026,1.4,,0,0.71,True,False,ytd,0.5041,zona,Occidente,
a1e2db0a-7600-488e-8dc1-856cff5cb84d,La vaquera,Willi,cc8ea43a-7bae-4a1e-97cf-08e7b79a8283,Jose Gregorio Sanchez Mendoza,Occidente,235597,Y04,1,2026,2,,0,1.01,True,False,ytd,0.5041,zona,Occidente,
21354b7b-4e5e-4d94-a76d-303882311642,Las Cupulas,L01 LOTE 1A,cadf7db4-b301-4aa3-b273-5f748418f2af,Angela Rosa Guedez Morales,Occidente,212695,P10,12,2026,16.4,,0,11.07,True,False,ytd,0.6748,propio,212695,0
21354b7b-4e5e-4d94-a76d-303882311642,Las Cupulas,L01 LOTE 1A,cadf7db4-b301-4aa3-b273-5f748418f2af,Angela Rosa Guedez Morales,Occidente,212695,P10,11,2026,17.2,,0,11.61,True,False,ytd,0.6748,propio,212695,0
21354b7b-4e5e-4d94-a76d-303882311642,Las Cupulas,L01 LOTE 1A,cadf7db4-b301-4aa3-b273-5f748418f2af,Angela Rosa Guedez Morales,Occidente,212695,P10,10,2026,120.6,,0,81.39,True,False,ytd,0.6748,propio,212695,0
21354b7b-4e5e-4d94-a76d-303882311642,Las Cupulas,L01 LOTE 1A,cadf7db4-b301-4aa3-b273-5f748418f2af,Angela Rosa Guedez Morales,Occidente,212695,P10,9,2026,149.4,,0,100.82,True,False,ytd,0.6748,propio,212695,0
21354b7b-4e5e-4d94-a76d-303882311642,Las Cupulas,L01 LOTE 1A,cadf7db4-b301-4aa3-b273-5f748418f2af,Angela Rosa Guedez Morales,Occidente,212695,P10,8,2026,191,0,2,128.89,True,True,ytd,0.6748,propio,212695,0
21354b7b-4e5e-4d94-a76d-303882311642,Las Cupulas,L01 LOTE 1A,cadf7db4-b301-4aa3-b273-5f748418f2af,Angela Rosa Guedez Morales,Occidente,212695,P10,7,2026,390,297.4,31,297.4,False,False,ytd,0.6748,propio,212695,0
21354b7b-4e5e-4d94-a76d-303882311642,Las Cupulas,L01 LOTE 1A,cadf7db4-b301-4aa3-b273-5f748418f2af,Angela Rosa Guedez Morales,Occidente,212695,P10,6,2026,436,267.8,30,267.8,False,False,ytd,0.6748,propio,212695,0
21354b7b-4e5e-4d94-a76d-303882311642,Las Cupulas,L01 LOTE 1A,cadf7db4-b301-4aa3-b273-5f748418f2af,Angela Rosa Guedez Morales,Occidente,212695,P10,5,2026,267.6,172.8,31,172.8,False,False,ytd,0.6748,propio,212695,0
21354b7b-4e5e-4d94-a76d-303882311642,Las Cupulas,L01 LOTE 1A,cadf7db4-b301-4aa3-b273-5f748418f2af,Angela Rosa Guedez Morales,Occidente,212695,P10,4,2026,,130.4,30,130.4,False,False,ytd,0.6748,propio,212695,0
21354b7b-4e5e-4d94-a76d-303882311642,Las Cupulas,L01 LOTE 1A,cadf7db4-b301-4aa3-b273-5f748418f2af,Angela Rosa Guedez Morales,Occidente,212695,P10,3,2026,,12.8,31,12.8,False,False,ytd,0.6748,propio,212695,0
21354b7b-4e5e-4d94-a76d-303882311642,Las Cupulas,L01 LOTE 1A,cadf7db4-b301-4aa3-b273-5f748418f2af,Angela Rosa Guedez Morales,Occidente,212695,P10,2,2026,,0,28,0,False,False,ytd,0.6748,propio,212695,0
21354b7b-4e5e-4d94-a76d-303882311642,Las Cupulas,L01 LOTE 1A,cadf7db4-b301-4aa3-b273-5f748418f2af,Angela Rosa Guedez Morales,Occidente,212695,P10,1,2026,,7,31,7,False,False,ytd,0.6748,propio,212695,0
a9ba524c-81d9-404f-8d5f-067aa10988f6,Las Cupulas,L02 LOTE 1B,cadf7db4-b301-4aa3-b273-5f748418f2af,Angela Rosa Guedez Morales,Occidente,212695,P10,12,2026,16.4,,0,11.07,True,False,ytd,0.6748,propio,212695,0
a9ba524c-81d9-404f-8d5f-067aa10988f6,Las Cupulas,L02 LOTE 1B,cadf7db4-b301-4aa3-b273-5f748418f2af,Angela Rosa Guedez Morales,Occidente,212695,P10,11,2026,17.2,,0,11.61,True,False,ytd,0.6748,propio,212695,0
a9ba524c-81d9-404f-8d5f-067aa10988f6,Las Cupulas,L02 LOTE 1B,cadf7db4-b301-4aa3-b273-5f748418f2af,Angela Rosa Guedez Morales,Occidente,212695,P10,10,2026,120.6,,0,81.39,True,False,ytd,0.6748,propio,212695,0
a9ba524c-81d9-404f-8d5f-067aa10988f6,Las Cupulas,L02 LOTE 1B,cadf7db4-b301-4aa3-b273-5f748418f2af,Angela Rosa Guedez Morales,Occidente,212695,P10,9,2026,149.4,,0,100.82,True,False,ytd,0.6748,propio,212695,0
a9ba524c-81d9-404f-8d5f-067aa10988f6,Las Cupulas,L02 LOTE 1B,cadf7db4-b301-4aa3-b273-5f748418f2af,Angela Rosa Guedez Morales,Occidente,212695,P10,8,2026,191,0,2,128.89,True,True,ytd,0.6748,propio,212695,0
a9ba524c-81d9-404f-8d5f-067aa10988f6,Las Cupulas,L02 LOTE 1B,cadf7db4-b301-4aa3-b273-5f748418f2af,Angela Rosa Guedez Morales,Occidente,212695,P10,7,2026,390,297.4,31,297.4,False,False,ytd,0.6748,propio,212695,0
a9ba524c-81d9-404f-8d5f-067aa10988f6,Las Cupulas,L02 LOTE 1B,cadf7db4-b301-4aa3-b273-5f748418f2af,Angela Rosa Guedez Morales,Occidente,212695,P10,6,2026,436,267.8,30,267.8,False,False,ytd,0.6748,propio,212695,0
a9ba524c-81d9-404f-8d5f-067aa10988f6,Las Cupulas,L02 LOTE 1B,cadf7db4-b301-4aa3-b273-5f748418f2af,Angela Rosa Guedez Morales,Occidente,212695,P10,5,2026,267.6,172.8,31,172.8,False,False,ytd,0.6748,propio,212695,0
a9ba524c-81d9-404f-8d5f-067aa10988f6,Las Cupulas,L02 LOTE 1B,cadf7db4-b301-4aa3-b273-5f748418f2af,Angela Rosa Guedez Morales,Occidente,212695,P10,4,2026,,130.4,30,130.4,False,False,ytd,0.6748,propio,212695,0
a9ba524c-81d9-404f-8d5f-067aa10988f6,Las Cupulas,L02 LOTE 1B,cadf7db4-b301-4aa3-b273-5f748418f2af,Angela Rosa Guedez Morales,Occidente,212695,P10,3,2026,,12.8,31,12.8,False,False,ytd,0.6748,propio,212695,0
a9ba524c-81d9-404f-8d5f-067aa10988f6,Las Cupulas,L02 LOTE 1B,cadf7db4-b301-4aa3-b273-5f748418f2af,Angela Rosa Guedez Morales,Occidente,212695,P10,2,2026,,0,28,0,False,False,ytd,0.6748,propio,212695,0
a9ba524c-81d9-404f-8d5f-067aa10988f6,Las Cupulas,L02 LOTE 1B,cadf7db4-b301-4aa3-b273-5f748418f2af,Angela Rosa Guedez Morales,Occidente,212695,P10,1,2026,,7,31,7,False,False,ytd,0.6748,propio,212695,0
ffbf2b7b-cfb6-4a97-a959-b31cc0a04dd7,Las Cupulas,L06 LOTE-04,cadf7db4-b301-4aa3-b273-5f748418f2af,Angela Rosa Guedez Morales,Occidente,212695,P10,12,2026,16.4,,0,11.07,True,False,ytd,0.6748,propio,212695,0
ffbf2b7b-cfb6-4a97-a959-b31cc0a04dd7,Las Cupulas,L06 LOTE-04,cadf7db4-b301-4aa3-b273-5f748418f2af,Angela Rosa Guedez Morales,Occidente,212695,P10,11,2026,17.2,,0,11.61,True,False,ytd,0.6748,propio,212695,0
ffbf2b7b-cfb6-4a97-a959-b31cc0a04dd7,Las Cupulas,L06 LOTE-04,cadf7db4-b301-4aa3-b273-5f748418f2af,Angela Rosa Guedez Morales,Occidente,212695,P10,10,2026,120.6,,0,81.39,True,False,ytd,0.6748,propio,212695,0
ffbf2b7b-cfb6-4a97-a959-b31cc0a04dd7,Las Cupulas,L06 LOTE-04,cadf7db4-b301-4aa3-b273-5f748418f2af,Angela Rosa Guedez Morales,Occidente,212695,P10,9,2026,149.4,,0,100.82,True,False,ytd,0.6748,propio,212695,0
ffbf2b7b-cfb6-4a97-a959-b31cc0a04dd7,Las Cupulas,L06 LOTE-04,cadf7db4-b301-4aa3-b273-5f748418f2af,Angela Rosa Guedez Morales,Occidente,212695,P10,8,2026,191,0,2,128.89,True,True,ytd,0.6748,propio,212695,0
ffbf2b7b-cfb6-4a97-a959-b31cc0a04dd7,Las Cupulas,L06 LOTE-04,cadf7db4-b301-4aa3-b273-5f748418f2af,Angela Rosa Guedez Morales,Occidente,212695,P10,7,2026,390,297.4,31,297.4,False,False,ytd,0.6748,propio,212695,0
ffbf2b7b-cfb6-4a97-a959-b31cc0a04dd7,Las Cupulas,L06 LOTE-04,cadf7db4-b301-4aa3-b273-5f748418f2af,Angela Rosa Guedez Morales,Occidente,212695,P10,6,2026,436,267.8,30,267.8,False,False,ytd,0.6748,propio,212695,0
ffbf2b7b-cfb6-4a97-a959-b31cc0a04dd7,Las Cupulas,L06 LOTE-04,cadf7db4-b301-4aa3-b273-5f748418f2af,Angela Rosa Guedez Morales,Occidente,212695,P10,5,2026,267.6,172.8,31,172.8,False,False,ytd,0.6748,propio,212695,0
ffbf2b7b-cfb6-4a97-a959-b31cc0a04dd7,Las Cupulas,L06 LOTE-04,cadf7db4-b301-4aa3-b273-5f748418f2af,Angela Rosa Guedez Morales,Occidente,212695,P10,4,2026,,130.4,30,130.4,False,False,ytd,0.6748,propio,212695,0
ffbf2b7b-cfb6-4a97-a959-b31cc0a04dd7,Las Cupulas,L06 LOTE-04,cadf7db4-b301-4aa3-b273-5f748418f2af,Angela Rosa Guedez Morales,Occidente,212695,P10,3,2026,,12.8,31,12.8,False,False,ytd,0.6748,propio,212695,0
ffbf2b7b-cfb6-4a97-a959-b31cc0a04dd7,Las Cupulas,L06 LOTE-04,cadf7db4-b301-4aa3-b273-5f748418f2af,Angela Rosa Guedez Morales,Occidente,212695,P10,2,2026,,0,28,0,False,False,ytd,0.6748,propio,212695,0
ffbf2b7b-cfb6-4a97-a959-b31cc0a04dd7,Las Cupulas,L06 LOTE-04,cadf7db4-b301-4aa3-b273-5f748418f2af,Angela Rosa Guedez Morales,Occidente,212695,P10,1,2026,,7,31,7,False,False,ytd,0.6748,propio,212695,0
8982bf78-f197-4170-9026-e58f752a51ee,Las Cupulas,L07 LOTE-05,cadf7db4-b301-4aa3-b273-5f748418f2af,Angela Rosa Guedez Morales,Occidente,212695,P10,12,2026,16.4,,0,11.07,True,False,ytd,0.6748,propio,212695,0
8982bf78-f197-4170-9026-e58f752a51ee,Las Cupulas,L07 LOTE-05,cadf7db4-b301-4aa3-b273-5f748418f2af,Angela Rosa Guedez Morales,Occidente,212695,P10,11,2026,17.2,,0,11.61,True,False,ytd,0.6748,propio,212695,0
8982bf78-f197-4170-9026-e58f752a51ee,Las Cupulas,L07 LOTE-05,cadf7db4-b301-4aa3-b273-5f748418f2af,Angela Rosa Guedez Morales,Occidente,212695,P10,10,2026,120.6,,0,81.39,True,False,ytd,0.6748,propio,212695,0
8982bf78-f197-4170-9026-e58f752a51ee,Las Cupulas,L07 LOTE-05,cadf7db4-b301-4aa3-b273-5f748418f2af,Angela Rosa Guedez Morales,Occidente,212695,P10,9,2026,149.4,,0,100.82,True,False,ytd,0.6748,propio,212695,0
8982bf78-f197-4170-9026-e58f752a51ee,Las Cupulas,L07 LOTE-05,cadf7db4-b301-4aa3-b273-5f748418f2af,Angela Rosa Guedez Morales,Occidente,212695,P10,8,2026,191,0,2,128.89,True,True,ytd,0.6748,propio,212695,0
8982bf78-f197-4170-9026-e58f752a51ee,Las Cupulas,L07 LOTE-05,cadf7db4-b301-4aa3-b273-5f748418f2af,Angela Rosa Guedez Morales,Occidente,212695,P10,7,2026,390,297.4,31,297.4,False,False,ytd,0.6748,propio,212695,0
8982bf78-f197-4170-9026-e58f752a51ee,Las Cupulas,L07 LOTE-05,cadf7db4-b301-4aa3-b273-5f748418f2af,Angela Rosa Guedez Morales,Occidente,212695,P10,6,2026,436,267.8,30,267.8,False,False,ytd,0.6748,propio,212695,0
8982bf78-f197-4170-9026-e58f752a51ee,Las Cupulas,L07 LOTE-05,cadf7db4-b301-4aa3-b273-5f748418f2af,Angela Rosa Guedez Morales,Occidente,212695,P10,5,2026,267.6,172.8,31,172.8,False,False,ytd,0.6748,propio,212695,0
8982bf78-f197-4170-9026-e58f752a51ee,Las Cupulas,L07 LOTE-05,cadf7db4-b301-4aa3-b273-5f748418f2af,Angela Rosa Guedez Morales,Occidente,212695,P10,4,2026,,130.4,30,130.4,False,False,ytd,0.6748,propio,212695,0
8982bf78-f197-4170-9026-e58f752a51ee,Las Cupulas,L07 LOTE-05,cadf7db4-b301-4aa3-b273-5f748418f2af,Angela Rosa Guedez Morales,Occidente,212695,P10,3,2026,,12.8,31,12.8,False,False,ytd,0.6748,propio,212695,0
8982bf78-f197-4170-9026-e58f752a51ee,Las Cupulas,L07 LOTE-05,cadf7db4-b301-4aa3-b273-5f748418f2af,Angela Rosa Guedez Morales,Occidente,212695,P10,2,2026,,0,28,0,False,False,ytd,0.6748,propio,212695,0
8982bf78-f197-4170-9026-e58f752a51ee,Las Cupulas,L07 LOTE-05,cadf7db4-b301-4aa3-b273-5f748418f2af,Angela Rosa Guedez Morales,Occidente,212695,P10,1,2026,,7,31,7,False,False,ytd,0.6748,propio,212695,0
46a27a1e-dff3-4415-bdc0-fbfb18d94d22,Las Cupulas,L08 LOTE-06,cadf7db4-b301-4aa3-b273-5f748418f2af,Angela Rosa Guedez Morales,Occidente,212695,P10,12,2026,16.4,,0,11.07,True,False,ytd,0.6748,propio,212695,0
46a27a1e-dff3-4415-bdc0-fbfb18d94d22,Las Cupulas,L08 LOTE-06,cadf7db4-b301-4aa3-b273-5f748418f2af,Angela Rosa Guedez Morales,Occidente,212695,P10,11,2026,17.2,,0,11.61,True,False,ytd,0.6748,propio,212695,0
46a27a1e-dff3-4415-bdc0-fbfb18d94d22,Las Cupulas,L08 LOTE-06,cadf7db4-b301-4aa3-b273-5f748418f2af,Angela Rosa Guedez Morales,Occidente,212695,P10,10,2026,120.6,,0,81.39,True,False,ytd,0.6748,propio,212695,0
46a27a1e-dff3-4415-bdc0-fbfb18d94d22,Las Cupulas,L08 LOTE-06,cadf7db4-b301-4aa3-b273-5f748418f2af,Angela Rosa Guedez Morales,Occidente,212695,P10,9,2026,149.4,,0,100.82,True,False,ytd,0.6748,propio,212695,0
46a27a1e-dff3-4415-bdc0-fbfb18d94d22,Las Cupulas,L08 LOTE-06,cadf7db4-b301-4aa3-b273-5f748418f2af,Angela Rosa Guedez Morales,Occidente,212695,P10,8,2026,191,0,2,128.89,True,True,ytd,0.6748,propio,212695,0
46a27a1e-dff3-4415-bdc0-fbfb18d94d22,Las Cupulas,L08 LOTE-06,cadf7db4-b301-4aa3-b273-5f748418f2af,Angela Rosa Guedez Morales,Occidente,212695,P10,7,2026,390,297.4,31,297.4,False,False,ytd,0.6748,propio,212695,0
46a27a1e-dff3-4415-bdc0-fbfb18d94d22,Las Cupulas,L08 LOTE-06,cadf7db4-b301-4aa3-b273-5f748418f2af,Angela Rosa Guedez Morales,Occidente,212695,P10,6,2026,436,267.8,30,267.8,False,False,ytd,0.6748,propio,212695,0
46a27a1e-dff3-4415-bdc0-fbfb18d94d22,Las Cupulas,L08 LOTE-06,cadf7db4-b301-4aa3-b273-5f748418f2af,Angela Rosa Guedez Morales,Occidente,212695,P10,5,2026,267.6,172.8,31,172.8,False,False,ytd,0.6748,propio,212695,0
46a27a1e-dff3-4415-bdc0-fbfb18d94d22,Las Cupulas,L08 LOTE-06,cadf7db4-b301-4aa3-b273-5f748418f2af,Angela Rosa Guedez Morales,Occidente,212695,P10,4,2026,,130.4,30,130.4,False,False,ytd,0.6748,propio,212695,0
46a27a1e-dff3-4415-bdc0-fbfb18d94d22,Las Cupulas,L08 LOTE-06,cadf7db4-b301-4aa3-b273-5f748418f2af,Angela Rosa Guedez Morales,Occidente,212695,P10,3,2026,,12.8,31,12.8,False,False,ytd,0.6748,propio,212695,0
46a27a1e-dff3-4415-bdc0-fbfb18d94d22,Las Cupulas,L08 LOTE-06,cadf7db4-b301-4aa3-b273-5f748418f2af,Angela Rosa Guedez Morales,Occidente,212695,P10,2,2026,,0,28,0,False,False,ytd,0.6748,propio,212695,0
46a27a1e-dff3-4415-bdc0-fbfb18d94d22,Las Cupulas,L08 LOTE-06,cadf7db4-b301-4aa3-b273-5f748418f2af,Angela Rosa Guedez Morales,Occidente,212695,P10,1,2026,,7,31,7,False,False,ytd,0.6748,propio,212695,0
22b7966f-1f56-4d15-bfdc-3dfa6dbbc8bb,Las Cupulas,L09 LOTE-07,cadf7db4-b301-4aa3-b273-5f748418f2af,Angela Rosa Guedez Morales,Occidente,212695,P10,12,2026,16.4,,0,11.07,True,False,ytd,0.6748,propio,212695,0
22b7966f-1f56-4d15-bfdc-3dfa6dbbc8bb,Las Cupulas,L09 LOTE-07,cadf7db4-b301-4aa3-b273-5f748418f2af,Angela Rosa Guedez Morales,Occidente,212695,P10,11,2026,17.2,,0,11.61,True,False,ytd,0.6748,propio,212695,0
22b7966f-1f56-4d15-bfdc-3dfa6dbbc8bb,Las Cupulas,L09 LOTE-07,cadf7db4-b301-4aa3-b273-5f748418f2af,Angela Rosa Guedez Morales,Occidente,212695,P10,10,2026,120.6,,0,81.39,True,False,ytd,0.6748,propio,212695,0
22b7966f-1f56-4d15-bfdc-3dfa6dbbc8bb,Las Cupulas,L09 LOTE-07,cadf7db4-b301-4aa3-b273-5f748418f2af,Angela Rosa Guedez Morales,Occidente,212695,P10,9,2026,149.4,,0,100.82,True,False,ytd,0.6748,propio,212695,0
22b7966f-1f56-4d15-bfdc-3dfa6dbbc8bb,Las Cupulas,L09 LOTE-07,cadf7db4-b301-4aa3-b273-5f748418f2af,Angela Rosa Guedez Morales,Occidente,212695,P10,8,2026,191,0,2,128.89,True,True,ytd,0.6748,propio,212695,0
22b7966f-1f56-4d15-bfdc-3dfa6dbbc8bb,Las Cupulas,L09 LOTE-07,cadf7db4-b301-4aa3-b273-5f748418f2af,Angela Rosa Guedez Morales,Occidente,212695,P10,7,2026,390,297.4,31,297.4,False,False,ytd,0.6748,propio,212695,0
22b7966f-1f56-4d15-bfdc-3dfa6dbbc8bb,Las Cupulas,L09 LOTE-07,cadf7db4-b301-4aa3-b273-5f748418f2af,Angela Rosa Guedez Morales,Occidente,212695,P10,6,2026,436,267.8,30,267.8,False,False,ytd,0.6748,propio,212695,0
22b7966f-1f56-4d15-bfdc-3dfa6dbbc8bb,Las Cupulas,L09 LOTE-07,cadf7db4-b301-4aa3-b273-5f748418f2af,Angela Rosa Guedez Morales,Occidente,212695,P10,5,2026,267.6,172.8,31,172.8,False,False,ytd,0.6748,propio,212695,0
22b7966f-1f56-4d15-bfdc-3dfa6dbbc8bb,Las Cupulas,L09 LOTE-07,cadf7db4-b301-4aa3-b273-5f748418f2af,Angela Rosa Guedez Morales,Occidente,212695,P10,4,2026,,130.4,30,130.4,False,False,ytd,0.6748,propio,212695,0
22b7966f-1f56-4d15-bfdc-3dfa6dbbc8bb,Las Cupulas,L09 LOTE-07,cadf7db4-b301-4aa3-b273-5f748418f2af,Angela Rosa Guedez Morales,Occidente,212695,P10,3,2026,,12.8,31,12.8,False,False,ytd,0.6748,propio,212695,0
22b7966f-1f56-4d15-bfdc-3dfa6dbbc8bb,Las Cupulas,L09 LOTE-07,cadf7db4-b301-4aa3-b273-5f748418f2af,Angela Rosa Guedez Morales,Occidente,212695,P10,2,2026,,0,28,0,False,False,ytd,0.6748,propio,212695,0
22b7966f-1f56-4d15-bfdc-3dfa6dbbc8bb,Las Cupulas,L09 LOTE-07,cadf7db4-b301-4aa3-b273-5f748418f2af,Angela Rosa Guedez Morales,Occidente,212695,P10,1,2026,,7,31,7,False,False,ytd,0.6748,propio,212695,0
24bd0cbb-0814-4774-bb5a-6e9c2f9fc955,Las Cupulas,L10 LOTE-08,cadf7db4-b301-4aa3-b273-5f748418f2af,Angela Rosa Guedez Morales,Occidente,212695,P10,12,2026,16.4,,0,11.07,True,False,ytd,0.6748,propio,212695,0
24bd0cbb-0814-4774-bb5a-6e9c2f9fc955,Las Cupulas,L10 LOTE-08,cadf7db4-b301-4aa3-b273-5f748418f2af,Angela Rosa Guedez Morales,Occidente,212695,P10,11,2026,17.2,,0,11.61,True,False,ytd,0.6748,propio,212695,0
24bd0cbb-0814-4774-bb5a-6e9c2f9fc955,Las Cupulas,L10 LOTE-08,cadf7db4-b301-4aa3-b273-5f748418f2af,Angela Rosa Guedez Morales,Occidente,212695,P10,10,2026,120.6,,0,81.39,True,False,ytd,0.6748,propio,212695,0
24bd0cbb-0814-4774-bb5a-6e9c2f9fc955,Las Cupulas,L10 LOTE-08,cadf7db4-b301-4aa3-b273-5f748418f2af,Angela Rosa Guedez Morales,Occidente,212695,P10,9,2026,149.4,,0,100.82,True,False,ytd,0.6748,propio,212695,0
24bd0cbb-0814-4774-bb5a-6e9c2f9fc955,Las Cupulas,L10 LOTE-08,cadf7db4-b301-4aa3-b273-5f748418f2af,Angela Rosa Guedez Morales,Occidente,212695,P10,8,2026,191,0,2,128.89,True,True,ytd,0.6748,propio,212695,0
24bd0cbb-0814-4774-bb5a-6e9c2f9fc955,Las Cupulas,L10 LOTE-08,cadf7db4-b301-4aa3-b273-5f748418f2af,Angela Rosa Guedez Morales,Occidente,212695,P10,7,2026,390,297.4,31,297.4,False,False,ytd,0.6748,propio,212695,0
24bd0cbb-0814-4774-bb5a-6e9c2f9fc955,Las Cupulas,L10 LOTE-08,cadf7db4-b301-4aa3-b273-5f748418f2af,Angela Rosa Guedez Morales,Occidente,212695,P10,6,2026,436,267.8,30,267.8,False,False,ytd,0.6748,propio,212695,0
24bd0cbb-0814-4774-bb5a-6e9c2f9fc955,Las Cupulas,L10 LOTE-08,cadf7db4-b301-4aa3-b273-5f748418f2af,Angela Rosa Guedez Morales,Occidente,212695,P10,5,2026,267.6,172.8,31,172.8,False,False,ytd,0.6748,propio,212695,0
24bd0cbb-0814-4774-bb5a-6e9c2f9fc955,Las Cupulas,L10 LOTE-08,cadf7db4-b301-4aa3-b273-5f748418f2af,Angela Rosa Guedez Morales,Occidente,212695,P10,4,2026,,130.4,30,130.4,False,False,ytd,0.6748,propio,212695,0
24bd0cbb-0814-4774-bb5a-6e9c2f9fc955,Las Cupulas,L10 LOTE-08,cadf7db4-b301-4aa3-b273-5f748418f2af,Angela Rosa Guedez Morales,Occidente,212695,P10,3,2026,,12.8,31,12.8,False,False,ytd,0.6748,propio,212695,0
24bd0cbb-0814-4774-bb5a-6e9c2f9fc955,Las Cupulas,L10 LOTE-08,cadf7db4-b301-4aa3-b273-5f748418f2af,Angela Rosa Guedez Morales,Occidente,212695,P10,2,2026,,0,28,0,False,False,ytd,0.6748,propio,212695,0
24bd0cbb-0814-4774-bb5a-6e9c2f9fc955,Las Cupulas,L10 LOTE-08,cadf7db4-b301-4aa3-b273-5f748418f2af,Angela Rosa Guedez Morales,Occidente,212695,P10,1,2026,,7,31,7,False,False,ytd,0.6748,propio,212695,0
f8302450-521e-4ecf-bcf9-80849b89390f,Las Cupulas,L11 LOTE-09,cadf7db4-b301-4aa3-b273-5f748418f2af,Angela Rosa Guedez Morales,Occidente,212695,P10,12,2026,16.4,,0,11.07,True,False,ytd,0.6748,propio,212695,0
f8302450-521e-4ecf-bcf9-80849b89390f,Las Cupulas,L11 LOTE-09,cadf7db4-b301-4aa3-b273-5f748418f2af,Angela Rosa Guedez Morales,Occidente,212695,P10,11,2026,17.2,,0,11.61,True,False,ytd,0.6748,propio,212695,0
f8302450-521e-4ecf-bcf9-80849b89390f,Las Cupulas,L11 LOTE-09,cadf7db4-b301-4aa3-b273-5f748418f2af,Angela Rosa Guedez Morales,Occidente,212695,P10,10,2026,120.6,,0,81.39,True,False,ytd,0.6748,propio,212695,0
f8302450-521e-4ecf-bcf9-80849b89390f,Las Cupulas,L11 LOTE-09,cadf7db4-b301-4aa3-b273-5f748418f2af,Angela Rosa Guedez Morales,Occidente,212695,P10,9,2026,149.4,,0,100.82,True,False,ytd,0.6748,propio,212695,0
f8302450-521e-4ecf-bcf9-80849b89390f,Las Cupulas,L11 LOTE-09,cadf7db4-b301-4aa3-b273-5f748418f2af,Angela Rosa Guedez Morales,Occidente,212695,P10,8,2026,191,0,2,128.89,True,True,ytd,0.6748,propio,212695,0
f8302450-521e-4ecf-bcf9-80849b89390f,Las Cupulas,L11 LOTE-09,cadf7db4-b301-4aa3-b273-5f748418f2af,Angela Rosa Guedez Morales,Occidente,212695,P10,7,2026,390,297.4,31,297.4,False,False,ytd,0.6748,propio,212695,0
f8302450-521e-4ecf-bcf9-80849b89390f,Las Cupulas,L11 LOTE-09,cadf7db4-b301-4aa3-b273-5f748418f2af,Angela Rosa Guedez Morales,Occidente,212695,P10,6,2026,436,267.8,30,267.8,False,False,ytd,0.6748,propio,212695,0
f8302450-521e-4ecf-bcf9-80849b89390f,Las Cupulas,L11 LOTE-09,cadf7db4-b301-4aa3-b273-5f748418f2af,Angela Rosa Guedez Morales,Occidente,212695,P10,5,2026,267.6,172.8,31,172.8,False,False,ytd,0.6748,propio,212695,0
f8302450-521e-4ecf-bcf9-80849b89390f,Las Cupulas,L11 LOTE-09,cadf7db4-b301-4aa3-b273-5f748418f2af,Angela Rosa Guedez Morales,Occidente,212695,P10,4,2026,,130.4,30,130.4,False,False,ytd,0.6748,propio,212695,0
f8302450-521e-4ecf-bcf9-80849b89390f,Las Cupulas,L11 LOTE-09,cadf7db4-b301-4aa3-b273-5f748418f2af,Angela Rosa Guedez Morales,Occidente,212695,P10,3,2026,,12.8,31,12.8,False,False,ytd,0.6748,propio,212695,0
f8302450-521e-4ecf-bcf9-80849b89390f,Las Cupulas,L11 LOTE-09,cadf7db4-b301-4aa3-b273-5f748418f2af,Angela Rosa Guedez Morales,Occidente,212695,P10,2,2026,,0,28,0,False,False,ytd,0.6748,propio,212695,0
f8302450-521e-4ecf-bcf9-80849b89390f,Las Cupulas,L11 LOTE-09,cadf7db4-b301-4aa3-b273-5f748418f2af,Angela Rosa Guedez Morales,Occidente,212695,P10,1,2026,,7,31,7,False,False,ytd,0.6748,propio,212695,0
d3084104-dc18-4db9-bed3-34856f70877a,Las Cupulas,Villa Marina 2,cadf7db4-b301-4aa3-b273-5f748418f2af,Angela Rosa Guedez Morales,Occidente,212695,P10,12,2026,16.4,,0,11.07,True,False,ytd,0.6748,propio,212695,0
d3084104-dc18-4db9-bed3-34856f70877a,Las Cupulas,Villa Marina 2,cadf7db4-b301-4aa3-b273-5f748418f2af,Angela Rosa Guedez Morales,Occidente,212695,P10,11,2026,17.2,,0,11.61,True,False,ytd,0.6748,propio,212695,0
d3084104-dc18-4db9-bed3-34856f70877a,Las Cupulas,Villa Marina 2,cadf7db4-b301-4aa3-b273-5f748418f2af,Angela Rosa Guedez Morales,Occidente,212695,P10,10,2026,120.6,,0,81.39,True,False,ytd,0.6748,propio,212695,0
d3084104-dc18-4db9-bed3-34856f70877a,Las Cupulas,Villa Marina 2,cadf7db4-b301-4aa3-b273-5f748418f2af,Angela Rosa Guedez Morales,Occidente,212695,P10,9,2026,149.4,,0,100.82,True,False,ytd,0.6748,propio,212695,0
d3084104-dc18-4db9-bed3-34856f70877a,Las Cupulas,Villa Marina 2,cadf7db4-b301-4aa3-b273-5f748418f2af,Angela Rosa Guedez Morales,Occidente,212695,P10,8,2026,191,0,2,128.89,True,True,ytd,0.6748,propio,212695,0
d3084104-dc18-4db9-bed3-34856f70877a,Las Cupulas,Villa Marina 2,cadf7db4-b301-4aa3-b273-5f748418f2af,Angela Rosa Guedez Morales,Occidente,212695,P10,7,2026,390,297.4,31,297.4,False,False,ytd,0.6748,propio,212695,0
d3084104-dc18-4db9-bed3-34856f70877a,Las Cupulas,Villa Marina 2,cadf7db4-b301-4aa3-b273-5f748418f2af,Angela Rosa Guedez Morales,Occidente,212695,P10,6,2026,436,267.8,30,267.8,False,False,ytd,0.6748,propio,212695,0
d3084104-dc18-4db9-bed3-34856f70877a,Las Cupulas,Villa Marina 2,cadf7db4-b301-4aa3-b273-5f748418f2af,Angela Rosa Guedez Morales,Occidente,212695,P10,5,2026,267.6,172.8,31,172.8,False,False,ytd,0.6748,propio,212695,0
d3084104-dc18-4db9-bed3-34856f70877a,Las Cupulas,Villa Marina 2,cadf7db4-b301-4aa3-b273-5f748418f2af,Angela Rosa Guedez Morales,Occidente,212695,P10,4,2026,,130.4,30,130.4,False,False,ytd,0.6748,propio,212695,0
d3084104-dc18-4db9-bed3-34856f70877a,Las Cupulas,Villa Marina 2,cadf7db4-b301-4aa3-b273-5f748418f2af,Angela Rosa Guedez Morales,Occidente,212695,P10,3,2026,,12.8,31,12.8,False,False,ytd,0.6748,propio,212695,0
d3084104-dc18-4db9-bed3-34856f70877a,Las Cupulas,Villa Marina 2,cadf7db4-b301-4aa3-b273-5f748418f2af,Angela Rosa Guedez Morales,Occidente,212695,P10,2,2026,,0,28,0,False,False,ytd,0.6748,propio,212695,0
d3084104-dc18-4db9-bed3-34856f70877a,Las Cupulas,Villa Marina 2,cadf7db4-b301-4aa3-b273-5f748418f2af,Angela Rosa Guedez Morales,Occidente,212695,P10,1,2026,,7,31,7,False,False,ytd,0.6748,propio,212695,0
19fb02c0-9102-4a92-832e-68cc39dad695,Las Cupulas,Villa Marina 3,cadf7db4-b301-4aa3-b273-5f748418f2af,Angela Rosa Guedez Morales,Occidente,212695,P10,12,2026,16.4,,0,11.07,True,False,ytd,0.6748,propio,212695,0
19fb02c0-9102-4a92-832e-68cc39dad695,Las Cupulas,Villa Marina 3,cadf7db4-b301-4aa3-b273-5f748418f2af,Angela Rosa Guedez Morales,Occidente,212695,P10,11,2026,17.2,,0,11.61,True,False,ytd,0.6748,propio,212695,0
19fb02c0-9102-4a92-832e-68cc39dad695,Las Cupulas,Villa Marina 3,cadf7db4-b301-4aa3-b273-5f748418f2af,Angela Rosa Guedez Morales,Occidente,212695,P10,10,2026,120.6,,0,81.39,True,False,ytd,0.6748,propio,212695,0
19fb02c0-9102-4a92-832e-68cc39dad695,Las Cupulas,Villa Marina 3,cadf7db4-b301-4aa3-b273-5f748418f2af,Angela Rosa Guedez Morales,Occidente,212695,P10,9,2026,149.4,,0,100.82,True,False,ytd,0.6748,propio,212695,0
19fb02c0-9102-4a92-832e-68cc39dad695,Las Cupulas,Villa Marina 3,cadf7db4-b301-4aa3-b273-5f748418f2af,Angela Rosa Guedez Morales,Occidente,212695,P10,8,2026,191,0,2,128.89,True,True,ytd,0.6748,propio,212695,0
19fb02c0-9102-4a92-832e-68cc39dad695,Las Cupulas,Villa Marina 3,cadf7db4-b301-4aa3-b273-5f748418f2af,Angela Rosa Guedez Morales,Occidente,212695,P10,7,2026,390,297.4,31,297.4,False,False,ytd,0.6748,propio,212695,0
19fb02c0-9102-4a92-832e-68cc39dad695,Las Cupulas,Villa Marina 3,cadf7db4-b301-4aa3-b273-5f748418f2af,Angela Rosa Guedez Morales,Occidente,212695,P10,6,2026,436,267.8,30,267.8,False,False,ytd,0.6748,propio,212695,0
19fb02c0-9102-4a92-832e-68cc39dad695,Las Cupulas,Villa Marina 3,cadf7db4-b301-4aa3-b273-5f748418f2af,Angela Rosa Guedez Morales,Occidente,212695,P10,5,2026,267.6,172.8,31,172.8,False,False,ytd,0.6748,propio,212695,0
19fb02c0-9102-4a92-832e-68cc39dad695,Las Cupulas,Villa Marina 3,cadf7db4-b301-4aa3-b273-5f748418f2af,Angela Rosa Guedez Morales,Occidente,212695,P10,4,2026,,130.4,30,130.4,False,False,ytd,0.6748,propio,212695,0
19fb02c0-9102-4a92-832e-68cc39dad695,Las Cupulas,Villa Marina 3,cadf7db4-b301-4aa3-b273-5f748418f2af,Angela Rosa Guedez Morales,Occidente,212695,P10,3,2026,,12.8,31,12.8,False,False,ytd,0.6748,propio,212695,0
19fb02c0-9102-4a92-832e-68cc39dad695,Las Cupulas,Villa Marina 3,cadf7db4-b301-4aa3-b273-5f748418f2af,Angela Rosa Guedez Morales,Occidente,212695,P10,2,2026,,0,28,0,False,False,ytd,0.6748,propio,212695,0
19fb02c0-9102-4a92-832e-68cc39dad695,Las Cupulas,Villa Marina 3,cadf7db4-b301-4aa3-b273-5f748418f2af,Angela Rosa Guedez Morales,Occidente,212695,P10,1,2026,,7,31,7,False,False,ytd,0.6748,propio,212695,0
41c9f08f-79c8-43e3-a36f-4391e3f3bd62,Los Espinitos,El Galpón,7529713f-df3e-478b-8388-057af7a47ef1,Luis Alberto Rojas Pieretti,Oriente,186669,G02,12,2026,35.155,,0,30.29,True,False,robusto,0.8616,propio,186669,0
41c9f08f-79c8-43e3-a36f-4391e3f3bd62,Los Espinitos,El Galpón,7529713f-df3e-478b-8388-057af7a47ef1,Luis Alberto Rojas Pieretti,Oriente,186669,G02,11,2026,98.24,,0,84.65,True,False,robusto,0.8616,propio,186669,0
41c9f08f-79c8-43e3-a36f-4391e3f3bd62,Los Espinitos,El Galpón,7529713f-df3e-478b-8388-057af7a47ef1,Luis Alberto Rojas Pieretti,Oriente,186669,G02,10,2026,91.54,,0,78.87,True,False,robusto,0.8616,propio,186669,0
41c9f08f-79c8-43e3-a36f-4391e3f3bd62,Los Espinitos,El Galpón,7529713f-df3e-478b-8388-057af7a47ef1,Luis Alberto Rojas Pieretti,Oriente,186669,G02,9,2026,142.025,,0,122.37,True,False,robusto,0.8616,propio,186669,0
41c9f08f-79c8-43e3-a36f-4391e3f3bd62,Los Espinitos,El Galpón,7529713f-df3e-478b-8388-057af7a47ef1,Luis Alberto Rojas Pieretti,Oriente,186669,G02,8,2026,192.175,0,2,165.58,True,True,robusto,0.8616,propio,186669,0
41c9f08f-79c8-43e3-a36f-4391e3f3bd62,Los Espinitos,El Galpón,7529713f-df3e-478b-8388-057af7a47ef1,Luis Alberto Rojas Pieretti,Oriente,186669,G02,7,2026,331.25,128.92,31,128.92,False,False,robusto,0.8616,propio,186669,0
41c9f08f-79c8-43e3-a36f-4391e3f3bd62,Los Espinitos,El Galpón,7529713f-df3e-478b-8388-057af7a47ef1,Luis Alberto Rojas Pieretti,Oriente,186669,G02,6,2026,278.755,240.18,30,240.18,False,False,robusto,0.8616,propio,186669,0
41c9f08f-79c8-43e3-a36f-4391e3f3bd62,Los Espinitos,El Galpón,7529713f-df3e-478b-8388-057af7a47ef1,Luis Alberto Rojas Pieretti,Oriente,186669,G02,5,2026,261.76,266.61,31,266.61,False,False,robusto,0.8616,propio,186669,0
41c9f08f-79c8-43e3-a36f-4391e3f3bd62,Los Espinitos,El Galpón,7529713f-df3e-478b-8388-057af7a47ef1,Luis Alberto Rojas Pieretti,Oriente,186669,G02,4,2026,20.82,27.64,30,27.64,False,False,robusto,0.8616,propio,186669,0
41c9f08f-79c8-43e3-a36f-4391e3f3bd62,Los Espinitos,El Galpón,7529713f-df3e-478b-8388-057af7a47ef1,Luis Alberto Rojas Pieretti,Oriente,186669,G02,3,2026,0,2.28,31,2.28,False,False,robusto,0.8616,propio,186669,0
41c9f08f-79c8-43e3-a36f-4391e3f3bd62,Los Espinitos,El Galpón,7529713f-df3e-478b-8388-057af7a47ef1,Luis Alberto Rojas Pieretti,Oriente,186669,G02,2,2026,0,0,28,0,False,False,robusto,0.8616,propio,186669,0
41c9f08f-79c8-43e3-a36f-4391e3f3bd62,Los Espinitos,El Galpón,7529713f-df3e-478b-8388-057af7a47ef1,Luis Alberto Rojas Pieretti,Oriente,186669,G02,1,2026,69.3,43.39,31,43.39,False,False,robusto,0.8616,propio,186669,0
fa74d088-e208-4b65-9f03-d3469b9e19b8,Los Espinitos,El Muerto,7529713f-df3e-478b-8388-057af7a47ef1,Luis Alberto Rojas Pieretti,Oriente,186669,G02,12,2026,35.155,,0,30.29,True,False,robusto,0.8616,propio,186669,0
fa74d088-e208-4b65-9f03-d3469b9e19b8,Los Espinitos,El Muerto,7529713f-df3e-478b-8388-057af7a47ef1,Luis Alberto Rojas Pieretti,Oriente,186669,G02,11,2026,98.24,,0,84.65,True,False,robusto,0.8616,propio,186669,0
fa74d088-e208-4b65-9f03-d3469b9e19b8,Los Espinitos,El Muerto,7529713f-df3e-478b-8388-057af7a47ef1,Luis Alberto Rojas Pieretti,Oriente,186669,G02,10,2026,91.54,,0,78.87,True,False,robusto,0.8616,propio,186669,0
fa74d088-e208-4b65-9f03-d3469b9e19b8,Los Espinitos,El Muerto,7529713f-df3e-478b-8388-057af7a47ef1,Luis Alberto Rojas Pieretti,Oriente,186669,G02,9,2026,142.025,,0,122.37,True,False,robusto,0.8616,propio,186669,0
fa74d088-e208-4b65-9f03-d3469b9e19b8,Los Espinitos,El Muerto,7529713f-df3e-478b-8388-057af7a47ef1,Luis Alberto Rojas Pieretti,Oriente,186669,G02,8,2026,192.175,0,2,165.58,True,True,robusto,0.8616,propio,186669,0
fa74d088-e208-4b65-9f03-d3469b9e19b8,Los Espinitos,El Muerto,7529713f-df3e-478b-8388-057af7a47ef1,Luis Alberto Rojas Pieretti,Oriente,186669,G02,7,2026,331.25,128.92,31,128.92,False,False,robusto,0.8616,propio,186669,0
fa74d088-e208-4b65-9f03-d3469b9e19b8,Los Espinitos,El Muerto,7529713f-df3e-478b-8388-057af7a47ef1,Luis Alberto Rojas Pieretti,Oriente,186669,G02,6,2026,278.755,240.18,30,240.18,False,False,robusto,0.8616,propio,186669,0
fa74d088-e208-4b65-9f03-d3469b9e19b8,Los Espinitos,El Muerto,7529713f-df3e-478b-8388-057af7a47ef1,Luis Alberto Rojas Pieretti,Oriente,186669,G02,5,2026,261.76,266.61,31,266.61,False,False,robusto,0.8616,propio,186669,0
fa74d088-e208-4b65-9f03-d3469b9e19b8,Los Espinitos,El Muerto,7529713f-df3e-478b-8388-057af7a47ef1,Luis Alberto Rojas Pieretti,Oriente,186669,G02,4,2026,20.82,27.64,30,27.64,False,False,robusto,0.8616,propio,186669,0
fa74d088-e208-4b65-9f03-d3469b9e19b8,Los Espinitos,El Muerto,7529713f-df3e-478b-8388-057af7a47ef1,Luis Alberto Rojas Pieretti,Oriente,186669,G02,3,2026,0,2.28,31,2.28,False,False,robusto,0.8616,propio,186669,0
fa74d088-e208-4b65-9f03-d3469b9e19b8,Los Espinitos,El Muerto,7529713f-df3e-478b-8388-057af7a47ef1,Luis Alberto Rojas Pieretti,Oriente,186669,G02,2,2026,0,0,28,0,False,False,robusto,0.8616,propio,186669,0
fa74d088-e208-4b65-9f03-d3469b9e19b8,Los Espinitos,El Muerto,7529713f-df3e-478b-8388-057af7a47ef1,Luis Alberto Rojas Pieretti,Oriente,186669,G02,1,2026,69.3,43.39,31,43.39,False,False,robusto,0.8616,propio,186669,0
d0ca6fc1-2dda-4c51-ace9-6e7b37d1cc04,Acentamiento campesino El rodeo,Agua Viva,0100793b-735f-4f31-9259-78155d4b698b,Richard Jose Apostol Nuñez,Occidente,238060,Y06,12,2026,13.225,,0,8.83,True,False,ytd,0.6678,zona,Occidente,
d0ca6fc1-2dda-4c51-ace9-6e7b37d1cc04,Acentamiento campesino El rodeo,Agua Viva,0100793b-735f-4f31-9259-78155d4b698b,Richard Jose Apostol Nuñez,Occidente,238060,Y06,11,2026,30.475,,0,20.35,True,False,ytd,0.6678,zona,Occidente,
d0ca6fc1-2dda-4c51-ace9-6e7b37d1cc04,Acentamiento campesino El rodeo,Agua Viva,0100793b-735f-4f31-9259-78155d4b698b,Richard Jose Apostol Nuñez,Occidente,238060,Y06,10,2026,84.425,,0,56.38,True,False,ytd,0.6678,zona,Occidente,
d0ca6fc1-2dda-4c51-ace9-6e7b37d1cc04,Acentamiento campesino El rodeo,Agua Viva,0100793b-735f-4f31-9259-78155d4b698b,Richard Jose Apostol Nuñez,Occidente,238060,Y06,9,2026,168.375,,0,112.45,True,False,ytd,0.6678,zona,Occidente,
d0ca6fc1-2dda-4c51-ace9-6e7b37d1cc04,Acentamiento campesino El rodeo,Agua Viva,0100793b-735f-4f31-9259-78155d4b698b,Richard Jose Apostol Nuñez,Occidente,238060,Y06,8,2026,191.45,2,2,127.86,True,True,ytd,0.6678,zona,Occidente,
d0ca6fc1-2dda-4c51-ace9-6e7b37d1cc04,Acentamiento campesino El rodeo,Agua Viva,0100793b-735f-4f31-9259-78155d4b698b,Richard Jose Apostol Nuñez,Occidente,238060,Y06,7,2026,333.525,370,31,370,False,False,ytd,0.6678,zona,Occidente,
d0ca6fc1-2dda-4c51-ace9-6e7b37d1cc04,Acentamiento campesino El rodeo,Agua Viva,0100793b-735f-4f31-9259-78155d4b698b,Richard Jose Apostol Nuñez,Occidente,238060,Y06,6,2026,336.1,77.2,30,77.2,False,False,ytd,0.6678,zona,Occidente,
d0ca6fc1-2dda-4c51-ace9-6e7b37d1cc04,Acentamiento campesino El rodeo,Agua Viva,0100793b-735f-4f31-9259-78155d4b698b,Richard Jose Apostol Nuñez,Occidente,238060,Y06,5,2026,186.075,22.4,6,124.27,True,True,ytd,0.6678,zona,Occidente,
d0ca6fc1-2dda-4c51-ace9-6e7b37d1cc04,Acentamiento campesino El rodeo,Agua Viva,0100793b-735f-4f31-9259-78155d4b698b,Richard Jose Apostol Nuñez,Occidente,238060,Y06,4,2026,91.4,,0,61.04,True,False,ytd,0.6678,zona,Occidente,
d0ca6fc1-2dda-4c51-ace9-6e7b37d1cc04,Acentamiento campesino El rodeo,Agua Viva,0100793b-735f-4f31-9259-78155d4b698b,Richard Jose Apostol Nuñez,Occidente,238060,Y06,3,2026,8.4,,0,5.61,True,False,ytd,0.6678,zona,Occidente,
d0ca6fc1-2dda-4c51-ace9-6e7b37d1cc04,Acentamiento campesino El rodeo,Agua Viva,0100793b-735f-4f31-9259-78155d4b698b,Richard Jose Apostol Nuñez,Occidente,238060,Y06,2,2026,1.4,,0,0.93,True,False,ytd,0.6678,zona,Occidente,
d0ca6fc1-2dda-4c51-ace9-6e7b37d1cc04,Acentamiento campesino El rodeo,Agua Viva,0100793b-735f-4f31-9259-78155d4b698b,Richard Jose Apostol Nuñez,Occidente,238060,Y06,1,2026,2,,0,1.34,True,False,ytd,0.6678,zona,Occidente,
04c3a825-6653-4fa9-a1e3-3eba110cb9e7,Acentamiento campesino El rodeo,El Galpón,0100793b-735f-4f31-9259-78155d4b698b,Richard Jose Apostol Nuñez,Occidente,238060,Y06,12,2026,13.225,,0,8.83,True,False,ytd,0.6678,zona,Occidente,
04c3a825-6653-4fa9-a1e3-3eba110cb9e7,Acentamiento campesino El rodeo,El Galpón,0100793b-735f-4f31-9259-78155d4b698b,Richard Jose Apostol Nuñez,Occidente,238060,Y06,11,2026,30.475,,0,20.35,True,False,ytd,0.6678,zona,Occidente,
04c3a825-6653-4fa9-a1e3-3eba110cb9e7,Acentamiento campesino El rodeo,El Galpón,0100793b-735f-4f31-9259-78155d4b698b,Richard Jose Apostol Nuñez,Occidente,238060,Y06,10,2026,84.425,,0,56.38,True,False,ytd,0.6678,zona,Occidente,
04c3a825-6653-4fa9-a1e3-3eba110cb9e7,Acentamiento campesino El rodeo,El Galpón,0100793b-735f-4f31-9259-78155d4b698b,Richard Jose Apostol Nuñez,Occidente,238060,Y06,9,2026,168.375,,0,112.45,True,False,ytd,0.6678,zona,Occidente,
04c3a825-6653-4fa9-a1e3-3eba110cb9e7,Acentamiento campesino El rodeo,El Galpón,0100793b-735f-4f31-9259-78155d4b698b,Richard Jose Apostol Nuñez,Occidente,238060,Y06,8,2026,191.45,2,2,127.86,True,True,ytd,0.6678,zona,Occidente,
04c3a825-6653-4fa9-a1e3-3eba110cb9e7,Acentamiento campesino El rodeo,El Galpón,0100793b-735f-4f31-9259-78155d4b698b,Richard Jose Apostol Nuñez,Occidente,238060,Y06,7,2026,333.525,370,31,370,False,False,ytd,0.6678,zona,Occidente,
04c3a825-6653-4fa9-a1e3-3eba110cb9e7,Acentamiento campesino El rodeo,El Galpón,0100793b-735f-4f31-9259-78155d4b698b,Richard Jose Apostol Nuñez,Occidente,238060,Y06,6,2026,336.1,77.2,30,77.2,False,False,ytd,0.6678,zona,Occidente,
04c3a825-6653-4fa9-a1e3-3eba110cb9e7,Acentamiento campesino El rodeo,El Galpón,0100793b-735f-4f31-9259-78155d4b698b,Richard Jose Apostol Nuñez,Occidente,238060,Y06,5,2026,186.075,22.4,6,124.27,True,True,ytd,0.6678,zona,Occidente,
04c3a825-6653-4fa9-a1e3-3eba110cb9e7,Acentamiento campesino El rodeo,El Galpón,0100793b-735f-4f31-9259-78155d4b698b,Richard Jose Apostol Nuñez,Occidente,238060,Y06,4,2026,91.4,,0,61.04,True,False,ytd,0.6678,zona,Occidente,
04c3a825-6653-4fa9-a1e3-3eba110cb9e7,Acentamiento campesino El rodeo,El Galpón,0100793b-735f-4f31-9259-78155d4b698b,Richard Jose Apostol Nuñez,Occidente,238060,Y06,3,2026,8.4,,0,5.61,True,False,ytd,0.6678,zona,Occidente,
04c3a825-6653-4fa9-a1e3-3eba110cb9e7,Acentamiento campesino El rodeo,El Galpón,0100793b-735f-4f31-9259-78155d4b698b,Richard Jose Apostol Nuñez,Occidente,238060,Y06,2,2026,1.4,,0,0.93,True,False,ytd,0.6678,zona,Occidente,
04c3a825-6653-4fa9-a1e3-3eba110cb9e7,Acentamiento campesino El rodeo,El Galpón,0100793b-735f-4f31-9259-78155d4b698b,Richard Jose Apostol Nuñez,Occidente,238060,Y06,1,2026,2,,0,1.34,True,False,ytd,0.6678,zona,Occidente,
1e0c953d-1d97-4f25-aded-cbb504372949,Acentamiento campesino El rodeo,El Jobo,0100793b-735f-4f31-9259-78155d4b698b,Richard Jose Apostol Nuñez,Occidente,238060,Y06,12,2026,13.225,,0,8.83,True,False,ytd,0.6678,zona,Occidente,
1e0c953d-1d97-4f25-aded-cbb504372949,Acentamiento campesino El rodeo,El Jobo,0100793b-735f-4f31-9259-78155d4b698b,Richard Jose Apostol Nuñez,Occidente,238060,Y06,11,2026,30.475,,0,20.35,True,False,ytd,0.6678,zona,Occidente,
1e0c953d-1d97-4f25-aded-cbb504372949,Acentamiento campesino El rodeo,El Jobo,0100793b-735f-4f31-9259-78155d4b698b,Richard Jose Apostol Nuñez,Occidente,238060,Y06,10,2026,84.425,,0,56.38,True,False,ytd,0.6678,zona,Occidente,
1e0c953d-1d97-4f25-aded-cbb504372949,Acentamiento campesino El rodeo,El Jobo,0100793b-735f-4f31-9259-78155d4b698b,Richard Jose Apostol Nuñez,Occidente,238060,Y06,9,2026,168.375,,0,112.45,True,False,ytd,0.6678,zona,Occidente,
1e0c953d-1d97-4f25-aded-cbb504372949,Acentamiento campesino El rodeo,El Jobo,0100793b-735f-4f31-9259-78155d4b698b,Richard Jose Apostol Nuñez,Occidente,238060,Y06,8,2026,191.45,2,2,127.86,True,True,ytd,0.6678,zona,Occidente,
1e0c953d-1d97-4f25-aded-cbb504372949,Acentamiento campesino El rodeo,El Jobo,0100793b-735f-4f31-9259-78155d4b698b,Richard Jose Apostol Nuñez,Occidente,238060,Y06,7,2026,333.525,370,31,370,False,False,ytd,0.6678,zona,Occidente,
1e0c953d-1d97-4f25-aded-cbb504372949,Acentamiento campesino El rodeo,El Jobo,0100793b-735f-4f31-9259-78155d4b698b,Richard Jose Apostol Nuñez,Occidente,238060,Y06,6,2026,336.1,77.2,30,77.2,False,False,ytd,0.6678,zona,Occidente,
1e0c953d-1d97-4f25-aded-cbb504372949,Acentamiento campesino El rodeo,El Jobo,0100793b-735f-4f31-9259-78155d4b698b,Richard Jose Apostol Nuñez,Occidente,238060,Y06,5,2026,186.075,22.4,6,124.27,True,True,ytd,0.6678,zona,Occidente,
1e0c953d-1d97-4f25-aded-cbb504372949,Acentamiento campesino El rodeo,El Jobo,0100793b-735f-4f31-9259-78155d4b698b,Richard Jose Apostol Nuñez,Occidente,238060,Y06,4,2026,91.4,,0,61.04,True,False,ytd,0.6678,zona,Occidente,
1e0c953d-1d97-4f25-aded-cbb504372949,Acentamiento campesino El rodeo,El Jobo,0100793b-735f-4f31-9259-78155d4b698b,Richard Jose Apostol Nuñez,Occidente,238060,Y06,3,2026,8.4,,0,5.61,True,False,ytd,0.6678,zona,Occidente,
1e0c953d-1d97-4f25-aded-cbb504372949,Acentamiento campesino El rodeo,El Jobo,0100793b-735f-4f31-9259-78155d4b698b,Richard Jose Apostol Nuñez,Occidente,238060,Y06,2,2026,1.4,,0,0.93,True,False,ytd,0.6678,zona,Occidente,
1e0c953d-1d97-4f25-aded-cbb504372949,Acentamiento campesino El rodeo,El Jobo,0100793b-735f-4f31-9259-78155d4b698b,Richard Jose Apostol Nuñez,Occidente,238060,Y06,1,2026,2,,0,1.34,True,False,ytd,0.6678,zona,Occidente,
c694a685-5690-4081-ba89-4f4babbf7bec,Acentamiento campesino El rodeo,La Galindera 1,0100793b-735f-4f31-9259-78155d4b698b,Richard Jose Apostol Nuñez,Occidente,238060,Y06,12,2026,13.225,,0,8.83,True,False,ytd,0.6678,zona,Occidente,
c694a685-5690-4081-ba89-4f4babbf7bec,Acentamiento campesino El rodeo,La Galindera 1,0100793b-735f-4f31-9259-78155d4b698b,Richard Jose Apostol Nuñez,Occidente,238060,Y06,11,2026,30.475,,0,20.35,True,False,ytd,0.6678,zona,Occidente,
c694a685-5690-4081-ba89-4f4babbf7bec,Acentamiento campesino El rodeo,La Galindera 1,0100793b-735f-4f31-9259-78155d4b698b,Richard Jose Apostol Nuñez,Occidente,238060,Y06,10,2026,84.425,,0,56.38,True,False,ytd,0.6678,zona,Occidente,
c694a685-5690-4081-ba89-4f4babbf7bec,Acentamiento campesino El rodeo,La Galindera 1,0100793b-735f-4f31-9259-78155d4b698b,Richard Jose Apostol Nuñez,Occidente,238060,Y06,9,2026,168.375,,0,112.45,True,False,ytd,0.6678,zona,Occidente,
c694a685-5690-4081-ba89-4f4babbf7bec,Acentamiento campesino El rodeo,La Galindera 1,0100793b-735f-4f31-9259-78155d4b698b,Richard Jose Apostol Nuñez,Occidente,238060,Y06,8,2026,191.45,2,2,127.86,True,True,ytd,0.6678,zona,Occidente,
c694a685-5690-4081-ba89-4f4babbf7bec,Acentamiento campesino El rodeo,La Galindera 1,0100793b-735f-4f31-9259-78155d4b698b,Richard Jose Apostol Nuñez,Occidente,238060,Y06,7,2026,333.525,370,31,370,False,False,ytd,0.6678,zona,Occidente,
c694a685-5690-4081-ba89-4f4babbf7bec,Acentamiento campesino El rodeo,La Galindera 1,0100793b-735f-4f31-9259-78155d4b698b,Richard Jose Apostol Nuñez,Occidente,238060,Y06,6,2026,336.1,77.2,30,77.2,False,False,ytd,0.6678,zona,Occidente,
c694a685-5690-4081-ba89-4f4babbf7bec,Acentamiento campesino El rodeo,La Galindera 1,0100793b-735f-4f31-9259-78155d4b698b,Richard Jose Apostol Nuñez,Occidente,238060,Y06,5,2026,186.075,22.4,6,124.27,True,True,ytd,0.6678,zona,Occidente,
c694a685-5690-4081-ba89-4f4babbf7bec,Acentamiento campesino El rodeo,La Galindera 1,0100793b-735f-4f31-9259-78155d4b698b,Richard Jose Apostol Nuñez,Occidente,238060,Y06,4,2026,91.4,,0,61.04,True,False,ytd,0.6678,zona,Occidente,
c694a685-5690-4081-ba89-4f4babbf7bec,Acentamiento campesino El rodeo,La Galindera 1,0100793b-735f-4f31-9259-78155d4b698b,Richard Jose Apostol Nuñez,Occidente,238060,Y06,3,2026,8.4,,0,5.61,True,False,ytd,0.6678,zona,Occidente,
c694a685-5690-4081-ba89-4f4babbf7bec,Acentamiento campesino El rodeo,La Galindera 1,0100793b-735f-4f31-9259-78155d4b698b,Richard Jose Apostol Nuñez,Occidente,238060,Y06,2,2026,1.4,,0,0.93,True,False,ytd,0.6678,zona,Occidente,
c694a685-5690-4081-ba89-4f4babbf7bec,Acentamiento campesino El rodeo,La Galindera 1,0100793b-735f-4f31-9259-78155d4b698b,Richard Jose Apostol Nuñez,Occidente,238060,Y06,1,2026,2,,0,1.34,True,False,ytd,0.6678,zona,Occidente,
7826e623-d598-4bdc-a007-1e059b10aab7,Acentamiento campesino El rodeo,La Galindera 2,0100793b-735f-4f31-9259-78155d4b698b,Richard Jose Apostol Nuñez,Occidente,238060,Y06,12,2026,13.225,,0,8.83,True,False,ytd,0.6678,zona,Occidente,
7826e623-d598-4bdc-a007-1e059b10aab7,Acentamiento campesino El rodeo,La Galindera 2,0100793b-735f-4f31-9259-78155d4b698b,Richard Jose Apostol Nuñez,Occidente,238060,Y06,11,2026,30.475,,0,20.35,True,False,ytd,0.6678,zona,Occidente,
7826e623-d598-4bdc-a007-1e059b10aab7,Acentamiento campesino El rodeo,La Galindera 2,0100793b-735f-4f31-9259-78155d4b698b,Richard Jose Apostol Nuñez,Occidente,238060,Y06,10,2026,84.425,,0,56.38,True,False,ytd,0.6678,zona,Occidente,
7826e623-d598-4bdc-a007-1e059b10aab7,Acentamiento campesino El rodeo,La Galindera 2,0100793b-735f-4f31-9259-78155d4b698b,Richard Jose Apostol Nuñez,Occidente,238060,Y06,9,2026,168.375,,0,112.45,True,False,ytd,0.6678,zona,Occidente,
7826e623-d598-4bdc-a007-1e059b10aab7,Acentamiento campesino El rodeo,La Galindera 2,0100793b-735f-4f31-9259-78155d4b698b,Richard Jose Apostol Nuñez,Occidente,238060,Y06,8,2026,191.45,2,2,127.86,True,True,ytd,0.6678,zona,Occidente,
7826e623-d598-4bdc-a007-1e059b10aab7,Acentamiento campesino El rodeo,La Galindera 2,0100793b-735f-4f31-9259-78155d4b698b,Richard Jose Apostol Nuñez,Occidente,238060,Y06,7,2026,333.525,370,31,370,False,False,ytd,0.6678,zona,Occidente,
7826e623-d598-4bdc-a007-1e059b10aab7,Acentamiento campesino El rodeo,La Galindera 2,0100793b-735f-4f31-9259-78155d4b698b,Richard Jose Apostol Nuñez,Occidente,238060,Y06,6,2026,336.1,77.2,30,77.2,False,False,ytd,0.6678,zona,Occidente,
7826e623-d598-4bdc-a007-1e059b10aab7,Acentamiento campesino El rodeo,La Galindera 2,0100793b-735f-4f31-9259-78155d4b698b,Richard Jose Apostol Nuñez,Occidente,238060,Y06,5,2026,186.075,22.4,6,124.27,True,True,ytd,0.6678,zona,Occidente,
7826e623-d598-4bdc-a007-1e059b10aab7,Acentamiento campesino El rodeo,La Galindera 2,0100793b-735f-4f31-9259-78155d4b698b,Richard Jose Apostol Nuñez,Occidente,238060,Y06,4,2026,91.4,,0,61.04,True,False,ytd,0.6678,zona,Occidente,
7826e623-d598-4bdc-a007-1e059b10aab7,Acentamiento campesino El rodeo,La Galindera 2,0100793b-735f-4f31-9259-78155d4b698b,Richard Jose Apostol Nuñez,Occidente,238060,Y06,3,2026,8.4,,0,5.61,True,False,ytd,0.6678,zona,Occidente,
7826e623-d598-4bdc-a007-1e059b10aab7,Acentamiento campesino El rodeo,La Galindera 2,0100793b-735f-4f31-9259-78155d4b698b,Richard Jose Apostol Nuñez,Occidente,238060,Y06,2,2026,1.4,,0,0.93,True,False,ytd,0.6678,zona,Occidente,
7826e623-d598-4bdc-a007-1e059b10aab7,Acentamiento campesino El rodeo,La Galindera 2,0100793b-735f-4f31-9259-78155d4b698b,Richard Jose Apostol Nuñez,Occidente,238060,Y06,1,2026,2,,0,1.34,True,False,ytd,0.6678,zona,Occidente,
2a3b32fa-662b-4f06-86f5-36ac43b96d33,Acentamiento campesino El rodeo,La Galindera 3,0100793b-735f-4f31-9259-78155d4b698b,Richard Jose Apostol Nuñez,Occidente,238060,Y06,12,2026,13.225,,0,8.83,True,False,ytd,0.6678,zona,Occidente,
2a3b32fa-662b-4f06-86f5-36ac43b96d33,Acentamiento campesino El rodeo,La Galindera 3,0100793b-735f-4f31-9259-78155d4b698b,Richard Jose Apostol Nuñez,Occidente,238060,Y06,11,2026,30.475,,0,20.35,True,False,ytd,0.6678,zona,Occidente,
2a3b32fa-662b-4f06-86f5-36ac43b96d33,Acentamiento campesino El rodeo,La Galindera 3,0100793b-735f-4f31-9259-78155d4b698b,Richard Jose Apostol Nuñez,Occidente,238060,Y06,10,2026,84.425,,0,56.38,True,False,ytd,0.6678,zona,Occidente,
2a3b32fa-662b-4f06-86f5-36ac43b96d33,Acentamiento campesino El rodeo,La Galindera 3,0100793b-735f-4f31-9259-78155d4b698b,Richard Jose Apostol Nuñez,Occidente,238060,Y06,9,2026,168.375,,0,112.45,True,False,ytd,0.6678,zona,Occidente,
2a3b32fa-662b-4f06-86f5-36ac43b96d33,Acentamiento campesino El rodeo,La Galindera 3,0100793b-735f-4f31-9259-78155d4b698b,Richard Jose Apostol Nuñez,Occidente,238060,Y06,8,2026,191.45,2,2,127.86,True,True,ytd,0.6678,zona,Occidente,
2a3b32fa-662b-4f06-86f5-36ac43b96d33,Acentamiento campesino El rodeo,La Galindera 3,0100793b-735f-4f31-9259-78155d4b698b,Richard Jose Apostol Nuñez,Occidente,238060,Y06,7,2026,333.525,370,31,370,False,False,ytd,0.6678,zona,Occidente,
2a3b32fa-662b-4f06-86f5-36ac43b96d33,Acentamiento campesino El rodeo,La Galindera 3,0100793b-735f-4f31-9259-78155d4b698b,Richard Jose Apostol Nuñez,Occidente,238060,Y06,6,2026,336.1,77.2,30,77.2,False,False,ytd,0.6678,zona,Occidente,
2a3b32fa-662b-4f06-86f5-36ac43b96d33,Acentamiento campesino El rodeo,La Galindera 3,0100793b-735f-4f31-9259-78155d4b698b,Richard Jose Apostol Nuñez,Occidente,238060,Y06,5,2026,186.075,22.4,6,124.27,True,True,ytd,0.6678,zona,Occidente,
2a3b32fa-662b-4f06-86f5-36ac43b96d33,Acentamiento campesino El rodeo,La Galindera 3,0100793b-735f-4f31-9259-78155d4b698b,Richard Jose Apostol Nuñez,Occidente,238060,Y06,4,2026,91.4,,0,61.04,True,False,ytd,0.6678,zona,Occidente,
2a3b32fa-662b-4f06-86f5-36ac43b96d33,Acentamiento campesino El rodeo,La Galindera 3,0100793b-735f-4f31-9259-78155d4b698b,Richard Jose Apostol Nuñez,Occidente,238060,Y06,3,2026,8.4,,0,5.61,True,False,ytd,0.6678,zona,Occidente,
2a3b32fa-662b-4f06-86f5-36ac43b96d33,Acentamiento campesino El rodeo,La Galindera 3,0100793b-735f-4f31-9259-78155d4b698b,Richard Jose Apostol Nuñez,Occidente,238060,Y06,2,2026,1.4,,0,0.93,True,False,ytd,0.6678,zona,Occidente,
2a3b32fa-662b-4f06-86f5-36ac43b96d33,Acentamiento campesino El rodeo,La Galindera 3,0100793b-735f-4f31-9259-78155d4b698b,Richard Jose Apostol Nuñez,Occidente,238060,Y06,1,2026,2,,0,1.34,True,False,ytd,0.6678,zona,Occidente,
d18cdedd-1533-4bb7-9970-a90dcd631787,Acentamiento campesino El rodeo,La Galindera 4,0100793b-735f-4f31-9259-78155d4b698b,Richard Jose Apostol Nuñez,Occidente,238060,Y06,12,2026,13.225,,0,8.83,True,False,ytd,0.6678,zona,Occidente,
d18cdedd-1533-4bb7-9970-a90dcd631787,Acentamiento campesino El rodeo,La Galindera 4,0100793b-735f-4f31-9259-78155d4b698b,Richard Jose Apostol Nuñez,Occidente,238060,Y06,11,2026,30.475,,0,20.35,True,False,ytd,0.6678,zona,Occidente,
d18cdedd-1533-4bb7-9970-a90dcd631787,Acentamiento campesino El rodeo,La Galindera 4,0100793b-735f-4f31-9259-78155d4b698b,Richard Jose Apostol Nuñez,Occidente,238060,Y06,10,2026,84.425,,0,56.38,True,False,ytd,0.6678,zona,Occidente,
d18cdedd-1533-4bb7-9970-a90dcd631787,Acentamiento campesino El rodeo,La Galindera 4,0100793b-735f-4f31-9259-78155d4b698b,Richard Jose Apostol Nuñez,Occidente,238060,Y06,9,2026,168.375,,0,112.45,True,False,ytd,0.6678,zona,Occidente,
d18cdedd-1533-4bb7-9970-a90dcd631787,Acentamiento campesino El rodeo,La Galindera 4,0100793b-735f-4f31-9259-78155d4b698b,Richard Jose Apostol Nuñez,Occidente,238060,Y06,8,2026,191.45,2,2,127.86,True,True,ytd,0.6678,zona,Occidente,
d18cdedd-1533-4bb7-9970-a90dcd631787,Acentamiento campesino El rodeo,La Galindera 4,0100793b-735f-4f31-9259-78155d4b698b,Richard Jose Apostol Nuñez,Occidente,238060,Y06,7,2026,333.525,370,31,370,False,False,ytd,0.6678,zona,Occidente,
d18cdedd-1533-4bb7-9970-a90dcd631787,Acentamiento campesino El rodeo,La Galindera 4,0100793b-735f-4f31-9259-78155d4b698b,Richard Jose Apostol Nuñez,Occidente,238060,Y06,6,2026,336.1,77.2,30,77.2,False,False,ytd,0.6678,zona,Occidente,
d18cdedd-1533-4bb7-9970-a90dcd631787,Acentamiento campesino El rodeo,La Galindera 4,0100793b-735f-4f31-9259-78155d4b698b,Richard Jose Apostol Nuñez,Occidente,238060,Y06,5,2026,186.075,22.4,6,124.27,True,True,ytd,0.6678,zona,Occidente,
d18cdedd-1533-4bb7-9970-a90dcd631787,Acentamiento campesino El rodeo,La Galindera 4,0100793b-735f-4f31-9259-78155d4b698b,Richard Jose Apostol Nuñez,Occidente,238060,Y06,4,2026,91.4,,0,61.04,True,False,ytd,0.6678,zona,Occidente,
d18cdedd-1533-4bb7-9970-a90dcd631787,Acentamiento campesino El rodeo,La Galindera 4,0100793b-735f-4f31-9259-78155d4b698b,Richard Jose Apostol Nuñez,Occidente,238060,Y06,3,2026,8.4,,0,5.61,True,False,ytd,0.6678,zona,Occidente,
d18cdedd-1533-4bb7-9970-a90dcd631787,Acentamiento campesino El rodeo,La Galindera 4,0100793b-735f-4f31-9259-78155d4b698b,Richard Jose Apostol Nuñez,Occidente,238060,Y06,2,2026,1.4,,0,0.93,True,False,ytd,0.6678,zona,Occidente,
d18cdedd-1533-4bb7-9970-a90dcd631787,Acentamiento campesino El rodeo,La Galindera 4,0100793b-735f-4f31-9259-78155d4b698b,Richard Jose Apostol Nuñez,Occidente,238060,Y06,1,2026,2,,0,1.34,True,False,ytd,0.6678,zona,Occidente,
802ed6c6-d11b-42a7-8c10-f02df070cd3d,Acentamiento campesino El rodeo,Las Carmelitas 1,0100793b-735f-4f31-9259-78155d4b698b,Richard Jose Apostol Nuñez,Occidente,238060,Y06,12,2026,13.225,,0,8.83,True,False,ytd,0.6678,zona,Occidente,
802ed6c6-d11b-42a7-8c10-f02df070cd3d,Acentamiento campesino El rodeo,Las Carmelitas 1,0100793b-735f-4f31-9259-78155d4b698b,Richard Jose Apostol Nuñez,Occidente,238060,Y06,11,2026,30.475,,0,20.35,True,False,ytd,0.6678,zona,Occidente,
802ed6c6-d11b-42a7-8c10-f02df070cd3d,Acentamiento campesino El rodeo,Las Carmelitas 1,0100793b-735f-4f31-9259-78155d4b698b,Richard Jose Apostol Nuñez,Occidente,238060,Y06,10,2026,84.425,,0,56.38,True,False,ytd,0.6678,zona,Occidente,
802ed6c6-d11b-42a7-8c10-f02df070cd3d,Acentamiento campesino El rodeo,Las Carmelitas 1,0100793b-735f-4f31-9259-78155d4b698b,Richard Jose Apostol Nuñez,Occidente,238060,Y06,9,2026,168.375,,0,112.45,True,False,ytd,0.6678,zona,Occidente,
802ed6c6-d11b-42a7-8c10-f02df070cd3d,Acentamiento campesino El rodeo,Las Carmelitas 1,0100793b-735f-4f31-9259-78155d4b698b,Richard Jose Apostol Nuñez,Occidente,238060,Y06,8,2026,191.45,2,2,127.86,True,True,ytd,0.6678,zona,Occidente,
802ed6c6-d11b-42a7-8c10-f02df070cd3d,Acentamiento campesino El rodeo,Las Carmelitas 1,0100793b-735f-4f31-9259-78155d4b698b,Richard Jose Apostol Nuñez,Occidente,238060,Y06,7,2026,333.525,370,31,370,False,False,ytd,0.6678,zona,Occidente,
802ed6c6-d11b-42a7-8c10-f02df070cd3d,Acentamiento campesino El rodeo,Las Carmelitas 1,0100793b-735f-4f31-9259-78155d4b698b,Richard Jose Apostol Nuñez,Occidente,238060,Y06,6,2026,336.1,77.2,30,77.2,False,False,ytd,0.6678,zona,Occidente,
802ed6c6-d11b-42a7-8c10-f02df070cd3d,Acentamiento campesino El rodeo,Las Carmelitas 1,0100793b-735f-4f31-9259-78155d4b698b,Richard Jose Apostol Nuñez,Occidente,238060,Y06,5,2026,186.075,22.4,6,124.27,True,True,ytd,0.6678,zona,Occidente,
802ed6c6-d11b-42a7-8c10-f02df070cd3d,Acentamiento campesino El rodeo,Las Carmelitas 1,0100793b-735f-4f31-9259-78155d4b698b,Richard Jose Apostol Nuñez,Occidente,238060,Y06,4,2026,91.4,,0,61.04,True,False,ytd,0.6678,zona,Occidente,
802ed6c6-d11b-42a7-8c10-f02df070cd3d,Acentamiento campesino El rodeo,Las Carmelitas 1,0100793b-735f-4f31-9259-78155d4b698b,Richard Jose Apostol Nuñez,Occidente,238060,Y06,3,2026,8.4,,0,5.61,True,False,ytd,0.6678,zona,Occidente,
802ed6c6-d11b-42a7-8c10-f02df070cd3d,Acentamiento campesino El rodeo,Las Carmelitas 1,0100793b-735f-4f31-9259-78155d4b698b,Richard Jose Apostol Nuñez,Occidente,238060,Y06,2,2026,1.4,,0,0.93,True,False,ytd,0.6678,zona,Occidente,
802ed6c6-d11b-42a7-8c10-f02df070cd3d,Acentamiento campesino El rodeo,Las Carmelitas 1,0100793b-735f-4f31-9259-78155d4b698b,Richard Jose Apostol Nuñez,Occidente,238060,Y06,1,2026,2,,0,1.34,True,False,ytd,0.6678,zona,Occidente,
7fcc70cf-2db8-40d6-9469-3f6416527f13,Acentamiento campesino El rodeo,Las Carmelitas 2,0100793b-735f-4f31-9259-78155d4b698b,Richard Jose Apostol Nuñez,Occidente,238060,Y06,12,2026,13.225,,0,8.83,True,False,ytd,0.6678,zona,Occidente,
7fcc70cf-2db8-40d6-9469-3f6416527f13,Acentamiento campesino El rodeo,Las Carmelitas 2,0100793b-735f-4f31-9259-78155d4b698b,Richard Jose Apostol Nuñez,Occidente,238060,Y06,11,2026,30.475,,0,20.35,True,False,ytd,0.6678,zona,Occidente,
7fcc70cf-2db8-40d6-9469-3f6416527f13,Acentamiento campesino El rodeo,Las Carmelitas 2,0100793b-735f-4f31-9259-78155d4b698b,Richard Jose Apostol Nuñez,Occidente,238060,Y06,10,2026,84.425,,0,56.38,True,False,ytd,0.6678,zona,Occidente,
7fcc70cf-2db8-40d6-9469-3f6416527f13,Acentamiento campesino El rodeo,Las Carmelitas 2,0100793b-735f-4f31-9259-78155d4b698b,Richard Jose Apostol Nuñez,Occidente,238060,Y06,9,2026,168.375,,0,112.45,True,False,ytd,0.6678,zona,Occidente,
7fcc70cf-2db8-40d6-9469-3f6416527f13,Acentamiento campesino El rodeo,Las Carmelitas 2,0100793b-735f-4f31-9259-78155d4b698b,Richard Jose Apostol Nuñez,Occidente,238060,Y06,8,2026,191.45,2,2,127.86,True,True,ytd,0.6678,zona,Occidente,
7fcc70cf-2db8-40d6-9469-3f6416527f13,Acentamiento campesino El rodeo,Las Carmelitas 2,0100793b-735f-4f31-9259-78155d4b698b,Richard Jose Apostol Nuñez,Occidente,238060,Y06,7,2026,333.525,370,31,370,False,False,ytd,0.6678,zona,Occidente,
7fcc70cf-2db8-40d6-9469-3f6416527f13,Acentamiento campesino El rodeo,Las Carmelitas 2,0100793b-735f-4f31-9259-78155d4b698b,Richard Jose Apostol Nuñez,Occidente,238060,Y06,6,2026,336.1,77.2,30,77.2,False,False,ytd,0.6678,zona,Occidente,
7fcc70cf-2db8-40d6-9469-3f6416527f13,Acentamiento campesino El rodeo,Las Carmelitas 2,0100793b-735f-4f31-9259-78155d4b698b,Richard Jose Apostol Nuñez,Occidente,238060,Y06,5,2026,186.075,22.4,6,124.27,True,True,ytd,0.6678,zona,Occidente,
7fcc70cf-2db8-40d6-9469-3f6416527f13,Acentamiento campesino El rodeo,Las Carmelitas 2,0100793b-735f-4f31-9259-78155d4b698b,Richard Jose Apostol Nuñez,Occidente,238060,Y06,4,2026,91.4,,0,61.04,True,False,ytd,0.6678,zona,Occidente,
7fcc70cf-2db8-40d6-9469-3f6416527f13,Acentamiento campesino El rodeo,Las Carmelitas 2,0100793b-735f-4f31-9259-78155d4b698b,Richard Jose Apostol Nuñez,Occidente,238060,Y06,3,2026,8.4,,0,5.61,True,False,ytd,0.6678,zona,Occidente,
7fcc70cf-2db8-40d6-9469-3f6416527f13,Acentamiento campesino El rodeo,Las Carmelitas 2,0100793b-735f-4f31-9259-78155d4b698b,Richard Jose Apostol Nuñez,Occidente,238060,Y06,2,2026,1.4,,0,0.93,True,False,ytd,0.6678,zona,Occidente,
7fcc70cf-2db8-40d6-9469-3f6416527f13,Acentamiento campesino El rodeo,Las Carmelitas 2,0100793b-735f-4f31-9259-78155d4b698b,Richard Jose Apostol Nuñez,Occidente,238060,Y06,1,2026,2,,0,1.34,True,False,ytd,0.6678,zona,Occidente,
49e4abc9-6ccd-4584-89cf-e9aa5ec963f3,Acentamiento campesino El rodeo,Las Carmelitas 3,0100793b-735f-4f31-9259-78155d4b698b,Richard Jose Apostol Nuñez,Occidente,238060,Y06,12,2026,13.225,,0,8.83,True,False,ytd,0.6678,zona,Occidente,
49e4abc9-6ccd-4584-89cf-e9aa5ec963f3,Acentamiento campesino El rodeo,Las Carmelitas 3,0100793b-735f-4f31-9259-78155d4b698b,Richard Jose Apostol Nuñez,Occidente,238060,Y06,11,2026,30.475,,0,20.35,True,False,ytd,0.6678,zona,Occidente,
49e4abc9-6ccd-4584-89cf-e9aa5ec963f3,Acentamiento campesino El rodeo,Las Carmelitas 3,0100793b-735f-4f31-9259-78155d4b698b,Richard Jose Apostol Nuñez,Occidente,238060,Y06,10,2026,84.425,,0,56.38,True,False,ytd,0.6678,zona,Occidente,
49e4abc9-6ccd-4584-89cf-e9aa5ec963f3,Acentamiento campesino El rodeo,Las Carmelitas 3,0100793b-735f-4f31-9259-78155d4b698b,Richard Jose Apostol Nuñez,Occidente,238060,Y06,9,2026,168.375,,0,112.45,True,False,ytd,0.6678,zona,Occidente,
49e4abc9-6ccd-4584-89cf-e9aa5ec963f3,Acentamiento campesino El rodeo,Las Carmelitas 3,0100793b-735f-4f31-9259-78155d4b698b,Richard Jose Apostol Nuñez,Occidente,238060,Y06,8,2026,191.45,2,2,127.86,True,True,ytd,0.6678,zona,Occidente,
49e4abc9-6ccd-4584-89cf-e9aa5ec963f3,Acentamiento campesino El rodeo,Las Carmelitas 3,0100793b-735f-4f31-9259-78155d4b698b,Richard Jose Apostol Nuñez,Occidente,238060,Y06,7,2026,333.525,370,31,370,False,False,ytd,0.6678,zona,Occidente,
49e4abc9-6ccd-4584-89cf-e9aa5ec963f3,Acentamiento campesino El rodeo,Las Carmelitas 3,0100793b-735f-4f31-9259-78155d4b698b,Richard Jose Apostol Nuñez,Occidente,238060,Y06,6,2026,336.1,77.2,30,77.2,False,False,ytd,0.6678,zona,Occidente,
49e4abc9-6ccd-4584-89cf-e9aa5ec963f3,Acentamiento campesino El rodeo,Las Carmelitas 3,0100793b-735f-4f31-9259-78155d4b698b,Richard Jose Apostol Nuñez,Occidente,238060,Y06,5,2026,186.075,22.4,6,124.27,True,True,ytd,0.6678,zona,Occidente,
49e4abc9-6ccd-4584-89cf-e9aa5ec963f3,Acentamiento campesino El rodeo,Las Carmelitas 3,0100793b-735f-4f31-9259-78155d4b698b,Richard Jose Apostol Nuñez,Occidente,238060,Y06,4,2026,91.4,,0,61.04,True,False,ytd,0.6678,zona,Occidente,
49e4abc9-6ccd-4584-89cf-e9aa5ec963f3,Acentamiento campesino El rodeo,Las Carmelitas 3,0100793b-735f-4f31-9259-78155d4b698b,Richard Jose Apostol Nuñez,Occidente,238060,Y06,3,2026,8.4,,0,5.61,True,False,ytd,0.6678,zona,Occidente,
49e4abc9-6ccd-4584-89cf-e9aa5ec963f3,Acentamiento campesino El rodeo,Las Carmelitas 3,0100793b-735f-4f31-9259-78155d4b698b,Richard Jose Apostol Nuñez,Occidente,238060,Y06,2,2026,1.4,,0,0.93,True,False,ytd,0.6678,zona,Occidente,
49e4abc9-6ccd-4584-89cf-e9aa5ec963f3,Acentamiento campesino El rodeo,Las Carmelitas 3,0100793b-735f-4f31-9259-78155d4b698b,Richard Jose Apostol Nuñez,Occidente,238060,Y06,1,2026,2,,0,1.34,True,False,ytd,0.6678,zona,Occidente,
647f85f2-795a-41e3-83d1-d8524482c807,Acentamiento campesino El rodeo,Los Generales,0100793b-735f-4f31-9259-78155d4b698b,Richard Jose Apostol Nuñez,Occidente,238060,Y06,12,2026,13.225,,0,8.83,True,False,ytd,0.6678,zona,Occidente,
647f85f2-795a-41e3-83d1-d8524482c807,Acentamiento campesino El rodeo,Los Generales,0100793b-735f-4f31-9259-78155d4b698b,Richard Jose Apostol Nuñez,Occidente,238060,Y06,11,2026,30.475,,0,20.35,True,False,ytd,0.6678,zona,Occidente,
647f85f2-795a-41e3-83d1-d8524482c807,Acentamiento campesino El rodeo,Los Generales,0100793b-735f-4f31-9259-78155d4b698b,Richard Jose Apostol Nuñez,Occidente,238060,Y06,10,2026,84.425,,0,56.38,True,False,ytd,0.6678,zona,Occidente,
647f85f2-795a-41e3-83d1-d8524482c807,Acentamiento campesino El rodeo,Los Generales,0100793b-735f-4f31-9259-78155d4b698b,Richard Jose Apostol Nuñez,Occidente,238060,Y06,9,2026,168.375,,0,112.45,True,False,ytd,0.6678,zona,Occidente,
647f85f2-795a-41e3-83d1-d8524482c807,Acentamiento campesino El rodeo,Los Generales,0100793b-735f-4f31-9259-78155d4b698b,Richard Jose Apostol Nuñez,Occidente,238060,Y06,8,2026,191.45,2,2,127.86,True,True,ytd,0.6678,zona,Occidente,
647f85f2-795a-41e3-83d1-d8524482c807,Acentamiento campesino El rodeo,Los Generales,0100793b-735f-4f31-9259-78155d4b698b,Richard Jose Apostol Nuñez,Occidente,238060,Y06,7,2026,333.525,370,31,370,False,False,ytd,0.6678,zona,Occidente,
647f85f2-795a-41e3-83d1-d8524482c807,Acentamiento campesino El rodeo,Los Generales,0100793b-735f-4f31-9259-78155d4b698b,Richard Jose Apostol Nuñez,Occidente,238060,Y06,6,2026,336.1,77.2,30,77.2,False,False,ytd,0.6678,zona,Occidente,
647f85f2-795a-41e3-83d1-d8524482c807,Acentamiento campesino El rodeo,Los Generales,0100793b-735f-4f31-9259-78155d4b698b,Richard Jose Apostol Nuñez,Occidente,238060,Y06,5,2026,186.075,22.4,6,124.27,True,True,ytd,0.6678,zona,Occidente,
647f85f2-795a-41e3-83d1-d8524482c807,Acentamiento campesino El rodeo,Los Generales,0100793b-735f-4f31-9259-78155d4b698b,Richard Jose Apostol Nuñez,Occidente,238060,Y06,4,2026,91.4,,0,61.04,True,False,ytd,0.6678,zona,Occidente,
647f85f2-795a-41e3-83d1-d8524482c807,Acentamiento campesino El rodeo,Los Generales,0100793b-735f-4f31-9259-78155d4b698b,Richard Jose Apostol Nuñez,Occidente,238060,Y06,3,2026,8.4,,0,5.61,True,False,ytd,0.6678,zona,Occidente,
647f85f2-795a-41e3-83d1-d8524482c807,Acentamiento campesino El rodeo,Los Generales,0100793b-735f-4f31-9259-78155d4b698b,Richard Jose Apostol Nuñez,Occidente,238060,Y06,2,2026,1.4,,0,0.93,True,False,ytd,0.6678,zona,Occidente,
647f85f2-795a-41e3-83d1-d8524482c807,Acentamiento campesino El rodeo,Los Generales,0100793b-735f-4f31-9259-78155d4b698b,Richard Jose Apostol Nuñez,Occidente,238060,Y06,1,2026,2,,0,1.34,True,False,ytd,0.6678,zona,Occidente,
ac26d637-1354-4f4e-bc5f-213f47e00755,Agropecuaria Alma,La Laguna,6950141d-640a-47f7-981b-7e047b5c2502,Dennis Leonardo Alibardi Maschio,Occidente,212609,P08,12,2026,19.8,,0,15.81,True,False,ytd,0.7984,propio,212609,0
ac26d637-1354-4f4e-bc5f-213f47e00755,Agropecuaria Alma,La Laguna,6950141d-640a-47f7-981b-7e047b5c2502,Dennis Leonardo Alibardi Maschio,Occidente,212609,P08,11,2026,48.4,,0,38.64,True,False,ytd,0.7984,propio,212609,0
ac26d637-1354-4f4e-bc5f-213f47e00755,Agropecuaria Alma,La Laguna,6950141d-640a-47f7-981b-7e047b5c2502,Dennis Leonardo Alibardi Maschio,Occidente,212609,P08,10,2026,87.2,,0,69.62,True,False,ytd,0.7984,propio,212609,0
ac26d637-1354-4f4e-bc5f-213f47e00755,Agropecuaria Alma,La Laguna,6950141d-640a-47f7-981b-7e047b5c2502,Dennis Leonardo Alibardi Maschio,Occidente,212609,P08,9,2026,234.2,,0,187,True,False,ytd,0.7984,propio,212609,0
ac26d637-1354-4f4e-bc5f-213f47e00755,Agropecuaria Alma,La Laguna,6950141d-640a-47f7-981b-7e047b5c2502,Dennis Leonardo Alibardi Maschio,Occidente,212609,P08,8,2026,177.8,0.2,2,141.96,True,True,ytd,0.7984,propio,212609,0
ac26d637-1354-4f4e-bc5f-213f47e00755,Agropecuaria Alma,La Laguna,6950141d-640a-47f7-981b-7e047b5c2502,Dennis Leonardo Alibardi Maschio,Occidente,212609,P08,7,2026,438.4,377,31,377,False,False,ytd,0.7984,propio,212609,0
ac26d637-1354-4f4e-bc5f-213f47e00755,Agropecuaria Alma,La Laguna,6950141d-640a-47f7-981b-7e047b5c2502,Dennis Leonardo Alibardi Maschio,Occidente,212609,P08,6,2026,430,292,30,292,False,False,ytd,0.7984,propio,212609,0
ac26d637-1354-4f4e-bc5f-213f47e00755,Agropecuaria Alma,La Laguna,6950141d-640a-47f7-981b-7e047b5c2502,Dennis Leonardo Alibardi Maschio,Occidente,212609,P08,5,2026,159.6,151.8,31,151.8,False,False,ytd,0.7984,propio,212609,0
ac26d637-1354-4f4e-bc5f-213f47e00755,Agropecuaria Alma,La Laguna,6950141d-640a-47f7-981b-7e047b5c2502,Dennis Leonardo Alibardi Maschio,Occidente,212609,P08,4,2026,,120.8,30,120.8,False,False,ytd,0.7984,propio,212609,0
ac26d637-1354-4f4e-bc5f-213f47e00755,Agropecuaria Alma,La Laguna,6950141d-640a-47f7-981b-7e047b5c2502,Dennis Leonardo Alibardi Maschio,Occidente,212609,P08,3,2026,,15.6,31,15.6,False,False,ytd,0.7984,propio,212609,0
ac26d637-1354-4f4e-bc5f-213f47e00755,Agropecuaria Alma,La Laguna,6950141d-640a-47f7-981b-7e047b5c2502,Dennis Leonardo Alibardi Maschio,Occidente,212609,P08,2,2026,,0,28,0,False,False,ytd,0.7984,propio,212609,0
ac26d637-1354-4f4e-bc5f-213f47e00755,Agropecuaria Alma,La Laguna,6950141d-640a-47f7-981b-7e047b5c2502,Dennis Leonardo Alibardi Maschio,Occidente,212609,P08,1,2026,,3,31,3,False,False,ytd,0.7984,propio,212609,0
8543a640-bab6-490e-95e5-d51977616414,Agropecuaria Alma,La Mora,6950141d-640a-47f7-981b-7e047b5c2502,Dennis Leonardo Alibardi Maschio,Occidente,212609,P08,12,2026,19.8,,0,15.81,True,False,ytd,0.7984,propio,212609,0
8543a640-bab6-490e-95e5-d51977616414,Agropecuaria Alma,La Mora,6950141d-640a-47f7-981b-7e047b5c2502,Dennis Leonardo Alibardi Maschio,Occidente,212609,P08,11,2026,48.4,,0,38.64,True,False,ytd,0.7984,propio,212609,0
8543a640-bab6-490e-95e5-d51977616414,Agropecuaria Alma,La Mora,6950141d-640a-47f7-981b-7e047b5c2502,Dennis Leonardo Alibardi Maschio,Occidente,212609,P08,10,2026,87.2,,0,69.62,True,False,ytd,0.7984,propio,212609,0
8543a640-bab6-490e-95e5-d51977616414,Agropecuaria Alma,La Mora,6950141d-640a-47f7-981b-7e047b5c2502,Dennis Leonardo Alibardi Maschio,Occidente,212609,P08,9,2026,234.2,,0,187,True,False,ytd,0.7984,propio,212609,0
8543a640-bab6-490e-95e5-d51977616414,Agropecuaria Alma,La Mora,6950141d-640a-47f7-981b-7e047b5c2502,Dennis Leonardo Alibardi Maschio,Occidente,212609,P08,8,2026,177.8,0.2,2,141.96,True,True,ytd,0.7984,propio,212609,0
8543a640-bab6-490e-95e5-d51977616414,Agropecuaria Alma,La Mora,6950141d-640a-47f7-981b-7e047b5c2502,Dennis Leonardo Alibardi Maschio,Occidente,212609,P08,7,2026,438.4,377,31,377,False,False,ytd,0.7984,propio,212609,0
8543a640-bab6-490e-95e5-d51977616414,Agropecuaria Alma,La Mora,6950141d-640a-47f7-981b-7e047b5c2502,Dennis Leonardo Alibardi Maschio,Occidente,212609,P08,6,2026,430,292,30,292,False,False,ytd,0.7984,propio,212609,0
8543a640-bab6-490e-95e5-d51977616414,Agropecuaria Alma,La Mora,6950141d-640a-47f7-981b-7e047b5c2502,Dennis Leonardo Alibardi Maschio,Occidente,212609,P08,5,2026,159.6,151.8,31,151.8,False,False,ytd,0.7984,propio,212609,0
8543a640-bab6-490e-95e5-d51977616414,Agropecuaria Alma,La Mora,6950141d-640a-47f7-981b-7e047b5c2502,Dennis Leonardo Alibardi Maschio,Occidente,212609,P08,4,2026,,120.8,30,120.8,False,False,ytd,0.7984,propio,212609,0
8543a640-bab6-490e-95e5-d51977616414,Agropecuaria Alma,La Mora,6950141d-640a-47f7-981b-7e047b5c2502,Dennis Leonardo Alibardi Maschio,Occidente,212609,P08,3,2026,,15.6,31,15.6,False,False,ytd,0.7984,propio,212609,0
8543a640-bab6-490e-95e5-d51977616414,Agropecuaria Alma,La Mora,6950141d-640a-47f7-981b-7e047b5c2502,Dennis Leonardo Alibardi Maschio,Occidente,212609,P08,2,2026,,0,28,0,False,False,ytd,0.7984,propio,212609,0
8543a640-bab6-490e-95e5-d51977616414,Agropecuaria Alma,La Mora,6950141d-640a-47f7-981b-7e047b5c2502,Dennis Leonardo Alibardi Maschio,Occidente,212609,P08,1,2026,,3,31,3,False,False,ytd,0.7984,propio,212609,0
6dd3c518-edab-4522-aa03-9e0f94bbbfe1,Agropecuaria Alma,LAS 35,6950141d-640a-47f7-981b-7e047b5c2502,Dennis Leonardo Alibardi Maschio,Occidente,212609,P08,12,2026,19.8,,0,15.81,True,False,ytd,0.7984,propio,212609,0
6dd3c518-edab-4522-aa03-9e0f94bbbfe1,Agropecuaria Alma,LAS 35,6950141d-640a-47f7-981b-7e047b5c2502,Dennis Leonardo Alibardi Maschio,Occidente,212609,P08,11,2026,48.4,,0,38.64,True,False,ytd,0.7984,propio,212609,0
6dd3c518-edab-4522-aa03-9e0f94bbbfe1,Agropecuaria Alma,LAS 35,6950141d-640a-47f7-981b-7e047b5c2502,Dennis Leonardo Alibardi Maschio,Occidente,212609,P08,10,2026,87.2,,0,69.62,True,False,ytd,0.7984,propio,212609,0
6dd3c518-edab-4522-aa03-9e0f94bbbfe1,Agropecuaria Alma,LAS 35,6950141d-640a-47f7-981b-7e047b5c2502,Dennis Leonardo Alibardi Maschio,Occidente,212609,P08,9,2026,234.2,,0,187,True,False,ytd,0.7984,propio,212609,0
6dd3c518-edab-4522-aa03-9e0f94bbbfe1,Agropecuaria Alma,LAS 35,6950141d-640a-47f7-981b-7e047b5c2502,Dennis Leonardo Alibardi Maschio,Occidente,212609,P08,8,2026,177.8,0.2,2,141.96,True,True,ytd,0.7984,propio,212609,0
6dd3c518-edab-4522-aa03-9e0f94bbbfe1,Agropecuaria Alma,LAS 35,6950141d-640a-47f7-981b-7e047b5c2502,Dennis Leonardo Alibardi Maschio,Occidente,212609,P08,7,2026,438.4,377,31,377,False,False,ytd,0.7984,propio,212609,0
6dd3c518-edab-4522-aa03-9e0f94bbbfe1,Agropecuaria Alma,LAS 35,6950141d-640a-47f7-981b-7e047b5c2502,Dennis Leonardo Alibardi Maschio,Occidente,212609,P08,6,2026,430,292,30,292,False,False,ytd,0.7984,propio,212609,0
6dd3c518-edab-4522-aa03-9e0f94bbbfe1,Agropecuaria Alma,LAS 35,6950141d-640a-47f7-981b-7e047b5c2502,Dennis Leonardo Alibardi Maschio,Occidente,212609,P08,5,2026,159.6,151.8,31,151.8,False,False,ytd,0.7984,propio,212609,0
6dd3c518-edab-4522-aa03-9e0f94bbbfe1,Agropecuaria Alma,LAS 35,6950141d-640a-47f7-981b-7e047b5c2502,Dennis Leonardo Alibardi Maschio,Occidente,212609,P08,4,2026,,120.8,30,120.8,False,False,ytd,0.7984,propio,212609,0
6dd3c518-edab-4522-aa03-9e0f94bbbfe1,Agropecuaria Alma,LAS 35,6950141d-640a-47f7-981b-7e047b5c2502,Dennis Leonardo Alibardi Maschio,Occidente,212609,P08,3,2026,,15.6,31,15.6,False,False,ytd,0.7984,propio,212609,0
6dd3c518-edab-4522-aa03-9e0f94bbbfe1,Agropecuaria Alma,LAS 35,6950141d-640a-47f7-981b-7e047b5c2502,Dennis Leonardo Alibardi Maschio,Occidente,212609,P08,2,2026,,0,28,0,False,False,ytd,0.7984,propio,212609,0
6dd3c518-edab-4522-aa03-9e0f94bbbfe1,Agropecuaria Alma,LAS 35,6950141d-640a-47f7-981b-7e047b5c2502,Dennis Leonardo Alibardi Maschio,Occidente,212609,P08,1,2026,,3,31,3,False,False,ytd,0.7984,propio,212609,0
61f84380-ee6e-4215-be7f-4dcf2999f3e2,Agropecuaria Alma,LOTE-01,6950141d-640a-47f7-981b-7e047b5c2502,Dennis Leonardo Alibardi Maschio,Occidente,212609,P08,12,2026,19.8,,0,15.81,True,False,ytd,0.7984,propio,212609,0
61f84380-ee6e-4215-be7f-4dcf2999f3e2,Agropecuaria Alma,LOTE-01,6950141d-640a-47f7-981b-7e047b5c2502,Dennis Leonardo Alibardi Maschio,Occidente,212609,P08,11,2026,48.4,,0,38.64,True,False,ytd,0.7984,propio,212609,0
61f84380-ee6e-4215-be7f-4dcf2999f3e2,Agropecuaria Alma,LOTE-01,6950141d-640a-47f7-981b-7e047b5c2502,Dennis Leonardo Alibardi Maschio,Occidente,212609,P08,10,2026,87.2,,0,69.62,True,False,ytd,0.7984,propio,212609,0
61f84380-ee6e-4215-be7f-4dcf2999f3e2,Agropecuaria Alma,LOTE-01,6950141d-640a-47f7-981b-7e047b5c2502,Dennis Leonardo Alibardi Maschio,Occidente,212609,P08,9,2026,234.2,,0,187,True,False,ytd,0.7984,propio,212609,0
61f84380-ee6e-4215-be7f-4dcf2999f3e2,Agropecuaria Alma,LOTE-01,6950141d-640a-47f7-981b-7e047b5c2502,Dennis Leonardo Alibardi Maschio,Occidente,212609,P08,8,2026,177.8,0.2,2,141.96,True,True,ytd,0.7984,propio,212609,0
61f84380-ee6e-4215-be7f-4dcf2999f3e2,Agropecuaria Alma,LOTE-01,6950141d-640a-47f7-981b-7e047b5c2502,Dennis Leonardo Alibardi Maschio,Occidente,212609,P08,7,2026,438.4,377,31,377,False,False,ytd,0.7984,propio,212609,0
61f84380-ee6e-4215-be7f-4dcf2999f3e2,Agropecuaria Alma,LOTE-01,6950141d-640a-47f7-981b-7e047b5c2502,Dennis Leonardo Alibardi Maschio,Occidente,212609,P08,6,2026,430,292,30,292,False,False,ytd,0.7984,propio,212609,0
61f84380-ee6e-4215-be7f-4dcf2999f3e2,Agropecuaria Alma,LOTE-01,6950141d-640a-47f7-981b-7e047b5c2502,Dennis Leonardo Alibardi Maschio,Occidente,212609,P08,5,2026,159.6,151.8,31,151.8,False,False,ytd,0.7984,propio,212609,0
61f84380-ee6e-4215-be7f-4dcf2999f3e2,Agropecuaria Alma,LOTE-01,6950141d-640a-47f7-981b-7e047b5c2502,Dennis Leonardo Alibardi Maschio,Occidente,212609,P08,4,2026,,120.8,30,120.8,False,False,ytd,0.7984,propio,212609,0
61f84380-ee6e-4215-be7f-4dcf2999f3e2,Agropecuaria Alma,LOTE-01,6950141d-640a-47f7-981b-7e047b5c2502,Dennis Leonardo Alibardi Maschio,Occidente,212609,P08,3,2026,,15.6,31,15.6,False,False,ytd,0.7984,propio,212609,0
61f84380-ee6e-4215-be7f-4dcf2999f3e2,Agropecuaria Alma,LOTE-01,6950141d-640a-47f7-981b-7e047b5c2502,Dennis Leonardo Alibardi Maschio,Occidente,212609,P08,2,2026,,0,28,0,False,False,ytd,0.7984,propio,212609,0
61f84380-ee6e-4215-be7f-4dcf2999f3e2,Agropecuaria Alma,LOTE-01,6950141d-640a-47f7-981b-7e047b5c2502,Dennis Leonardo Alibardi Maschio,Occidente,212609,P08,1,2026,,3,31,3,False,False,ytd,0.7984,propio,212609,0
88a4cd40-a342-4261-a568-02d2da16730e,Agropecuaria Alma,LOTE-02,6950141d-640a-47f7-981b-7e047b5c2502,Dennis Leonardo Alibardi Maschio,Occidente,212609,P08,12,2026,19.8,,0,15.81,True,False,ytd,0.7984,propio,212609,0
88a4cd40-a342-4261-a568-02d2da16730e,Agropecuaria Alma,LOTE-02,6950141d-640a-47f7-981b-7e047b5c2502,Dennis Leonardo Alibardi Maschio,Occidente,212609,P08,11,2026,48.4,,0,38.64,True,False,ytd,0.7984,propio,212609,0
88a4cd40-a342-4261-a568-02d2da16730e,Agropecuaria Alma,LOTE-02,6950141d-640a-47f7-981b-7e047b5c2502,Dennis Leonardo Alibardi Maschio,Occidente,212609,P08,10,2026,87.2,,0,69.62,True,False,ytd,0.7984,propio,212609,0
88a4cd40-a342-4261-a568-02d2da16730e,Agropecuaria Alma,LOTE-02,6950141d-640a-47f7-981b-7e047b5c2502,Dennis Leonardo Alibardi Maschio,Occidente,212609,P08,9,2026,234.2,,0,187,True,False,ytd,0.7984,propio,212609,0
88a4cd40-a342-4261-a568-02d2da16730e,Agropecuaria Alma,LOTE-02,6950141d-640a-47f7-981b-7e047b5c2502,Dennis Leonardo Alibardi Maschio,Occidente,212609,P08,8,2026,177.8,0.2,2,141.96,True,True,ytd,0.7984,propio,212609,0
88a4cd40-a342-4261-a568-02d2da16730e,Agropecuaria Alma,LOTE-02,6950141d-640a-47f7-981b-7e047b5c2502,Dennis Leonardo Alibardi Maschio,Occidente,212609,P08,7,2026,438.4,377,31,377,False,False,ytd,0.7984,propio,212609,0
88a4cd40-a342-4261-a568-02d2da16730e,Agropecuaria Alma,LOTE-02,6950141d-640a-47f7-981b-7e047b5c2502,Dennis Leonardo Alibardi Maschio,Occidente,212609,P08,6,2026,430,292,30,292,False,False,ytd,0.7984,propio,212609,0
88a4cd40-a342-4261-a568-02d2da16730e,Agropecuaria Alma,LOTE-02,6950141d-640a-47f7-981b-7e047b5c2502,Dennis Leonardo Alibardi Maschio,Occidente,212609,P08,5,2026,159.6,151.8,31,151.8,False,False,ytd,0.7984,propio,212609,0
88a4cd40-a342-4261-a568-02d2da16730e,Agropecuaria Alma,LOTE-02,6950141d-640a-47f7-981b-7e047b5c2502,Dennis Leonardo Alibardi Maschio,Occidente,212609,P08,4,2026,,120.8,30,120.8,False,False,ytd,0.7984,propio,212609,0
88a4cd40-a342-4261-a568-02d2da16730e,Agropecuaria Alma,LOTE-02,6950141d-640a-47f7-981b-7e047b5c2502,Dennis Leonardo Alibardi Maschio,Occidente,212609,P08,3,2026,,15.6,31,15.6,False,False,ytd,0.7984,propio,212609,0
88a4cd40-a342-4261-a568-02d2da16730e,Agropecuaria Alma,LOTE-02,6950141d-640a-47f7-981b-7e047b5c2502,Dennis Leonardo Alibardi Maschio,Occidente,212609,P08,2,2026,,0,28,0,False,False,ytd,0.7984,propio,212609,0
88a4cd40-a342-4261-a568-02d2da16730e,Agropecuaria Alma,LOTE-02,6950141d-640a-47f7-981b-7e047b5c2502,Dennis Leonardo Alibardi Maschio,Occidente,212609,P08,1,2026,,3,31,3,False,False,ytd,0.7984,propio,212609,0
50d591bf-7d43-4cf1-8d33-45f5b4cbc9f4,Agropecuaria Alma,LOTE-03,6950141d-640a-47f7-981b-7e047b5c2502,Dennis Leonardo Alibardi Maschio,Occidente,212609,P08,12,2026,19.8,,0,15.81,True,False,ytd,0.7984,propio,212609,0
50d591bf-7d43-4cf1-8d33-45f5b4cbc9f4,Agropecuaria Alma,LOTE-03,6950141d-640a-47f7-981b-7e047b5c2502,Dennis Leonardo Alibardi Maschio,Occidente,212609,P08,11,2026,48.4,,0,38.64,True,False,ytd,0.7984,propio,212609,0
50d591bf-7d43-4cf1-8d33-45f5b4cbc9f4,Agropecuaria Alma,LOTE-03,6950141d-640a-47f7-981b-7e047b5c2502,Dennis Leonardo Alibardi Maschio,Occidente,212609,P08,10,2026,87.2,,0,69.62,True,False,ytd,0.7984,propio,212609,0
50d591bf-7d43-4cf1-8d33-45f5b4cbc9f4,Agropecuaria Alma,LOTE-03,6950141d-640a-47f7-981b-7e047b5c2502,Dennis Leonardo Alibardi Maschio,Occidente,212609,P08,9,2026,234.2,,0,187,True,False,ytd,0.7984,propio,212609,0
50d591bf-7d43-4cf1-8d33-45f5b4cbc9f4,Agropecuaria Alma,LOTE-03,6950141d-640a-47f7-981b-7e047b5c2502,Dennis Leonardo Alibardi Maschio,Occidente,212609,P08,8,2026,177.8,0.2,2,141.96,True,True,ytd,0.7984,propio,212609,0
50d591bf-7d43-4cf1-8d33-45f5b4cbc9f4,Agropecuaria Alma,LOTE-03,6950141d-640a-47f7-981b-7e047b5c2502,Dennis Leonardo Alibardi Maschio,Occidente,212609,P08,7,2026,438.4,377,31,377,False,False,ytd,0.7984,propio,212609,0
50d591bf-7d43-4cf1-8d33-45f5b4cbc9f4,Agropecuaria Alma,LOTE-03,6950141d-640a-47f7-981b-7e047b5c2502,Dennis Leonardo Alibardi Maschio,Occidente,212609,P08,6,2026,430,292,30,292,False,False,ytd,0.7984,propio,212609,0
50d591bf-7d43-4cf1-8d33-45f5b4cbc9f4,Agropecuaria Alma,LOTE-03,6950141d-640a-47f7-981b-7e047b5c2502,Dennis Leonardo Alibardi Maschio,Occidente,212609,P08,5,2026,159.6,151.8,31,151.8,False,False,ytd,0.7984,propio,212609,0
50d591bf-7d43-4cf1-8d33-45f5b4cbc9f4,Agropecuaria Alma,LOTE-03,6950141d-640a-47f7-981b-7e047b5c2502,Dennis Leonardo Alibardi Maschio,Occidente,212609,P08,4,2026,,120.8,30,120.8,False,False,ytd,0.7984,propio,212609,0
50d591bf-7d43-4cf1-8d33-45f5b4cbc9f4,Agropecuaria Alma,LOTE-03,6950141d-640a-47f7-981b-7e047b5c2502,Dennis Leonardo Alibardi Maschio,Occidente,212609,P08,3,2026,,15.6,31,15.6,False,False,ytd,0.7984,propio,212609,0
50d591bf-7d43-4cf1-8d33-45f5b4cbc9f4,Agropecuaria Alma,LOTE-03,6950141d-640a-47f7-981b-7e047b5c2502,Dennis Leonardo Alibardi Maschio,Occidente,212609,P08,2,2026,,0,28,0,False,False,ytd,0.7984,propio,212609,0
50d591bf-7d43-4cf1-8d33-45f5b4cbc9f4,Agropecuaria Alma,LOTE-03,6950141d-640a-47f7-981b-7e047b5c2502,Dennis Leonardo Alibardi Maschio,Occidente,212609,P08,1,2026,,3,31,3,False,False,ytd,0.7984,propio,212609,0
43e91c42-7bb0-4c8b-b5af-a1adf3e96410,Agropecuaria Alma,LOTE-04,6950141d-640a-47f7-981b-7e047b5c2502,Dennis Leonardo Alibardi Maschio,Occidente,212609,P08,12,2026,19.8,,0,15.81,True,False,ytd,0.7984,propio,212609,0
43e91c42-7bb0-4c8b-b5af-a1adf3e96410,Agropecuaria Alma,LOTE-04,6950141d-640a-47f7-981b-7e047b5c2502,Dennis Leonardo Alibardi Maschio,Occidente,212609,P08,11,2026,48.4,,0,38.64,True,False,ytd,0.7984,propio,212609,0
43e91c42-7bb0-4c8b-b5af-a1adf3e96410,Agropecuaria Alma,LOTE-04,6950141d-640a-47f7-981b-7e047b5c2502,Dennis Leonardo Alibardi Maschio,Occidente,212609,P08,10,2026,87.2,,0,69.62,True,False,ytd,0.7984,propio,212609,0
43e91c42-7bb0-4c8b-b5af-a1adf3e96410,Agropecuaria Alma,LOTE-04,6950141d-640a-47f7-981b-7e047b5c2502,Dennis Leonardo Alibardi Maschio,Occidente,212609,P08,9,2026,234.2,,0,187,True,False,ytd,0.7984,propio,212609,0
43e91c42-7bb0-4c8b-b5af-a1adf3e96410,Agropecuaria Alma,LOTE-04,6950141d-640a-47f7-981b-7e047b5c2502,Dennis Leonardo Alibardi Maschio,Occidente,212609,P08,8,2026,177.8,0.2,2,141.96,True,True,ytd,0.7984,propio,212609,0
43e91c42-7bb0-4c8b-b5af-a1adf3e96410,Agropecuaria Alma,LOTE-04,6950141d-640a-47f7-981b-7e047b5c2502,Dennis Leonardo Alibardi Maschio,Occidente,212609,P08,7,2026,438.4,377,31,377,False,False,ytd,0.7984,propio,212609,0
43e91c42-7bb0-4c8b-b5af-a1adf3e96410,Agropecuaria Alma,LOTE-04,6950141d-640a-47f7-981b-7e047b5c2502,Dennis Leonardo Alibardi Maschio,Occidente,212609,P08,6,2026,430,292,30,292,False,False,ytd,0.7984,propio,212609,0
43e91c42-7bb0-4c8b-b5af-a1adf3e96410,Agropecuaria Alma,LOTE-04,6950141d-640a-47f7-981b-7e047b5c2502,Dennis Leonardo Alibardi Maschio,Occidente,212609,P08,5,2026,159.6,151.8,31,151.8,False,False,ytd,0.7984,propio,212609,0
43e91c42-7bb0-4c8b-b5af-a1adf3e96410,Agropecuaria Alma,LOTE-04,6950141d-640a-47f7-981b-7e047b5c2502,Dennis Leonardo Alibardi Maschio,Occidente,212609,P08,4,2026,,120.8,30,120.8,False,False,ytd,0.7984,propio,212609,0
43e91c42-7bb0-4c8b-b5af-a1adf3e96410,Agropecuaria Alma,LOTE-04,6950141d-640a-47f7-981b-7e047b5c2502,Dennis Leonardo Alibardi Maschio,Occidente,212609,P08,3,2026,,15.6,31,15.6,False,False,ytd,0.7984,propio,212609,0
43e91c42-7bb0-4c8b-b5af-a1adf3e96410,Agropecuaria Alma,LOTE-04,6950141d-640a-47f7-981b-7e047b5c2502,Dennis Leonardo Alibardi Maschio,Occidente,212609,P08,2,2026,,0,28,0,False,False,ytd,0.7984,propio,212609,0
43e91c42-7bb0-4c8b-b5af-a1adf3e96410,Agropecuaria Alma,LOTE-04,6950141d-640a-47f7-981b-7e047b5c2502,Dennis Leonardo Alibardi Maschio,Occidente,212609,P08,1,2026,,3,31,3,False,False,ytd,0.7984,propio,212609,0
4f1bf8d9-082f-4d7d-83a6-d20796e2925d,Agropecuaria Dos Caminos,Dugarte 1,4d8f0268-961d-4d03-b75a-a944385d9c46,Elisa Bustamante,Occidente,236176,P19,12,2026,34,,0,18.62,True,False,ytd,0.5476,cercana,213450,9.36
4f1bf8d9-082f-4d7d-83a6-d20796e2925d,Agropecuaria Dos Caminos,Dugarte 1,4d8f0268-961d-4d03-b75a-a944385d9c46,Elisa Bustamante,Occidente,236176,P19,11,2026,89,,0,48.74,True,False,ytd,0.5476,cercana,213450,9.36
4f1bf8d9-082f-4d7d-83a6-d20796e2925d,Agropecuaria Dos Caminos,Dugarte 1,4d8f0268-961d-4d03-b75a-a944385d9c46,Elisa Bustamante,Occidente,236176,P19,10,2026,128.6,,0,70.42,True,False,ytd,0.5476,cercana,213450,9.36
4f1bf8d9-082f-4d7d-83a6-d20796e2925d,Agropecuaria Dos Caminos,Dugarte 1,4d8f0268-961d-4d03-b75a-a944385d9c46,Elisa Bustamante,Occidente,236176,P19,9,2026,119,,0,65.17,True,False,ytd,0.5476,cercana,213450,9.36
4f1bf8d9-082f-4d7d-83a6-d20796e2925d,Agropecuaria Dos Caminos,Dugarte 1,4d8f0268-961d-4d03-b75a-a944385d9c46,Elisa Bustamante,Occidente,236176,P19,8,2026,195.4,0,2,107,True,True,ytd,0.5476,cercana,213450,9.36
4f1bf8d9-082f-4d7d-83a6-d20796e2925d,Agropecuaria Dos Caminos,Dugarte 1,4d8f0268-961d-4d03-b75a-a944385d9c46,Elisa Bustamante,Occidente,236176,P19,7,2026,208.2,156.8,31,156.8,False,False,ytd,0.5476,cercana,213450,9.36
4f1bf8d9-082f-4d7d-83a6-d20796e2925d,Agropecuaria Dos Caminos,Dugarte 1,4d8f0268-961d-4d03-b75a-a944385d9c46,Elisa Bustamante,Occidente,236176,P19,6,2026,472.2,215.8,30,215.8,False,False,ytd,0.5476,cercana,213450,9.36
4f1bf8d9-082f-4d7d-83a6-d20796e2925d,Agropecuaria Dos Caminos,Dugarte 1,4d8f0268-961d-4d03-b75a-a944385d9c46,Elisa Bustamante,Occidente,236176,P19,5,2026,,31.2,6,0,True,True,ytd,0.5476,cercana,213450,9.36
4f1bf8d9-082f-4d7d-83a6-d20796e2925d,Agropecuaria Dos Caminos,Dugarte 1,4d8f0268-961d-4d03-b75a-a944385d9c46,Elisa Bustamante,Occidente,236176,P19,4,2026,,,0,0,True,False,ytd,0.5476,cercana,213450,9.36
4f1bf8d9-082f-4d7d-83a6-d20796e2925d,Agropecuaria Dos Caminos,Dugarte 1,4d8f0268-961d-4d03-b75a-a944385d9c46,Elisa Bustamante,Occidente,236176,P19,3,2026,,,0,0,True,False,ytd,0.5476,cercana,213450,9.36
4f1bf8d9-082f-4d7d-83a6-d20796e2925d,Agropecuaria Dos Caminos,Dugarte 1,4d8f0268-961d-4d03-b75a-a944385d9c46,Elisa Bustamante,Occidente,236176,P19,2,2026,,,0,0,True,False,ytd,0.5476,cercana,213450,9.36
4f1bf8d9-082f-4d7d-83a6-d20796e2925d,Agropecuaria Dos Caminos,Dugarte 1,4d8f0268-961d-4d03-b75a-a944385d9c46,Elisa Bustamante,Occidente,236176,P19,1,2026,,,0,0,True,False,ytd,0.5476,cercana,213450,9.36
7b61a69f-69e5-4f88-8447-1a414c3b0fc2,Agropecuaria Dos Caminos,Dugarte 2,4d8f0268-961d-4d03-b75a-a944385d9c46,Elisa Bustamante,Occidente,236176,P19,12,2026,34,,0,18.62,True,False,ytd,0.5476,cercana,213450,9.36
7b61a69f-69e5-4f88-8447-1a414c3b0fc2,Agropecuaria Dos Caminos,Dugarte 2,4d8f0268-961d-4d03-b75a-a944385d9c46,Elisa Bustamante,Occidente,236176,P19,11,2026,89,,0,48.74,True,False,ytd,0.5476,cercana,213450,9.36
7b61a69f-69e5-4f88-8447-1a414c3b0fc2,Agropecuaria Dos Caminos,Dugarte 2,4d8f0268-961d-4d03-b75a-a944385d9c46,Elisa Bustamante,Occidente,236176,P19,10,2026,128.6,,0,70.42,True,False,ytd,0.5476,cercana,213450,9.36
7b61a69f-69e5-4f88-8447-1a414c3b0fc2,Agropecuaria Dos Caminos,Dugarte 2,4d8f0268-961d-4d03-b75a-a944385d9c46,Elisa Bustamante,Occidente,236176,P19,9,2026,119,,0,65.17,True,False,ytd,0.5476,cercana,213450,9.36
7b61a69f-69e5-4f88-8447-1a414c3b0fc2,Agropecuaria Dos Caminos,Dugarte 2,4d8f0268-961d-4d03-b75a-a944385d9c46,Elisa Bustamante,Occidente,236176,P19,8,2026,195.4,0,2,107,True,True,ytd,0.5476,cercana,213450,9.36
7b61a69f-69e5-4f88-8447-1a414c3b0fc2,Agropecuaria Dos Caminos,Dugarte 2,4d8f0268-961d-4d03-b75a-a944385d9c46,Elisa Bustamante,Occidente,236176,P19,7,2026,208.2,156.8,31,156.8,False,False,ytd,0.5476,cercana,213450,9.36
7b61a69f-69e5-4f88-8447-1a414c3b0fc2,Agropecuaria Dos Caminos,Dugarte 2,4d8f0268-961d-4d03-b75a-a944385d9c46,Elisa Bustamante,Occidente,236176,P19,6,2026,472.2,215.8,30,215.8,False,False,ytd,0.5476,cercana,213450,9.36
7b61a69f-69e5-4f88-8447-1a414c3b0fc2,Agropecuaria Dos Caminos,Dugarte 2,4d8f0268-961d-4d03-b75a-a944385d9c46,Elisa Bustamante,Occidente,236176,P19,5,2026,,31.2,6,0,True,True,ytd,0.5476,cercana,213450,9.36
7b61a69f-69e5-4f88-8447-1a414c3b0fc2,Agropecuaria Dos Caminos,Dugarte 2,4d8f0268-961d-4d03-b75a-a944385d9c46,Elisa Bustamante,Occidente,236176,P19,4,2026,,,0,0,True,False,ytd,0.5476,cercana,213450,9.36
7b61a69f-69e5-4f88-8447-1a414c3b0fc2,Agropecuaria Dos Caminos,Dugarte 2,4d8f0268-961d-4d03-b75a-a944385d9c46,Elisa Bustamante,Occidente,236176,P19,3,2026,,,0,0,True,False,ytd,0.5476,cercana,213450,9.36
7b61a69f-69e5-4f88-8447-1a414c3b0fc2,Agropecuaria Dos Caminos,Dugarte 2,4d8f0268-961d-4d03-b75a-a944385d9c46,Elisa Bustamante,Occidente,236176,P19,2,2026,,,0,0,True,False,ytd,0.5476,cercana,213450,9.36
7b61a69f-69e5-4f88-8447-1a414c3b0fc2,Agropecuaria Dos Caminos,Dugarte 2,4d8f0268-961d-4d03-b75a-a944385d9c46,Elisa Bustamante,Occidente,236176,P19,1,2026,,,0,0,True,False,ytd,0.5476,cercana,213450,9.36
c4ec995d-fbf4-4f15-8f34-63724d7a16fa,Las Cupulas,Villa Marina 1,cadf7db4-b301-4aa3-b273-5f748418f2af,Angela Rosa Guedez Morales,Occidente,212695,P10,12,2026,16.4,,0,11.07,True,False,ytd,0.6748,propio,212695,0
c4ec995d-fbf4-4f15-8f34-63724d7a16fa,Las Cupulas,Villa Marina 1,cadf7db4-b301-4aa3-b273-5f748418f2af,Angela Rosa Guedez Morales,Occidente,212695,P10,11,2026,17.2,,0,11.61,True,False,ytd,0.6748,propio,212695,0
c4ec995d-fbf4-4f15-8f34-63724d7a16fa,Las Cupulas,Villa Marina 1,cadf7db4-b301-4aa3-b273-5f748418f2af,Angela Rosa Guedez Morales,Occidente,212695,P10,10,2026,120.6,,0,81.39,True,False,ytd,0.6748,propio,212695,0
c4ec995d-fbf4-4f15-8f34-63724d7a16fa,Las Cupulas,Villa Marina 1,cadf7db4-b301-4aa3-b273-5f748418f2af,Angela Rosa Guedez Morales,Occidente,212695,P10,9,2026,149.4,,0,100.82,True,False,ytd,0.6748,propio,212695,0
c4ec995d-fbf4-4f15-8f34-63724d7a16fa,Las Cupulas,Villa Marina 1,cadf7db4-b301-4aa3-b273-5f748418f2af,Angela Rosa Guedez Morales,Occidente,212695,P10,8,2026,191,0,2,128.89,True,True,ytd,0.6748,propio,212695,0
c4ec995d-fbf4-4f15-8f34-63724d7a16fa,Las Cupulas,Villa Marina 1,cadf7db4-b301-4aa3-b273-5f748418f2af,Angela Rosa Guedez Morales,Occidente,212695,P10,7,2026,390,297.4,31,297.4,False,False,ytd,0.6748,propio,212695,0
c4ec995d-fbf4-4f15-8f34-63724d7a16fa,Las Cupulas,Villa Marina 1,cadf7db4-b301-4aa3-b273-5f748418f2af,Angela Rosa Guedez Morales,Occidente,212695,P10,6,2026,436,267.8,30,267.8,False,False,ytd,0.6748,propio,212695,0
c4ec995d-fbf4-4f15-8f34-63724d7a16fa,Las Cupulas,Villa Marina 1,cadf7db4-b301-4aa3-b273-5f748418f2af,Angela Rosa Guedez Morales,Occidente,212695,P10,5,2026,267.6,172.8,31,172.8,False,False,ytd,0.6748,propio,212695,0
c4ec995d-fbf4-4f15-8f34-63724d7a16fa,Las Cupulas,Villa Marina 1,cadf7db4-b301-4aa3-b273-5f748418f2af,Angela Rosa Guedez Morales,Occidente,212695,P10,4,2026,,130.4,30,130.4,False,False,ytd,0.6748,propio,212695,0
c4ec995d-fbf4-4f15-8f34-63724d7a16fa,Las Cupulas,Villa Marina 1,cadf7db4-b301-4aa3-b273-5f748418f2af,Angela Rosa Guedez Morales,Occidente,212695,P10,3,2026,,12.8,31,12.8,False,False,ytd,0.6748,propio,212695,0
c4ec995d-fbf4-4f15-8f34-63724d7a16fa,Las Cupulas,Villa Marina 1,cadf7db4-b301-4aa3-b273-5f748418f2af,Angela Rosa Guedez Morales,Occidente,212695,P10,2,2026,,0,28,0,False,False,ytd,0.6748,propio,212695,0
c4ec995d-fbf4-4f15-8f34-63724d7a16fa,Las Cupulas,Villa Marina 1,cadf7db4-b301-4aa3-b273-5f748418f2af,Angela Rosa Guedez Morales,Occidente,212695,P10,1,2026,,7,31,7,False,False,ytd,0.6748,propio,212695,0
48b044df-eedb-4c67-87d1-97804decfdef,Juan Hilario,julio 1,3cee0691-8a38-4379-b3f2-ee96d57d8a57,Juan Vicente Risso,,,,,,,,,,,,,,,,
7acc3ec9-eeef-47a0-881e-36a8353eb302,Juan Hilario,Julio 2,3cee0691-8a38-4379-b3f2-ee96d57d8a57,Juan Vicente Risso,,,,,,,,,,,,,,,,
b0ed6fbc-abb3-4cd6-b013-0b789a12a22a,San Antonio,L06 LOTE 7C,63e7bd07-3c95-4992-83ad-ac639bec979d,Sebastian Armando Bonet Plaza,Occidente,212516,P06,12,2026,6.6,,0,5.84,True,False,ytd,0.8855,propio,212516,0
b0ed6fbc-abb3-4cd6-b013-0b789a12a22a,San Antonio,L06 LOTE 7C,63e7bd07-3c95-4992-83ad-ac639bec979d,Sebastian Armando Bonet Plaza,Occidente,212516,P06,11,2026,16.8,,0,14.88,True,False,ytd,0.8855,propio,212516,0
b0ed6fbc-abb3-4cd6-b013-0b789a12a22a,San Antonio,L06 LOTE 7C,63e7bd07-3c95-4992-83ad-ac639bec979d,Sebastian Armando Bonet Plaza,Occidente,212516,P06,10,2026,71.6,,0,63.4,True,False,ytd,0.8855,propio,212516,0
b0ed6fbc-abb3-4cd6-b013-0b789a12a22a,San Antonio,L06 LOTE 7C,63e7bd07-3c95-4992-83ad-ac639bec979d,Sebastian Armando Bonet Plaza,Occidente,212516,P06,9,2026,124.6,,0,110.34,True,False,ytd,0.8855,propio,212516,0
b0ed6fbc-abb3-4cd6-b013-0b789a12a22a,San Antonio,L06 LOTE 7C,63e7bd07-3c95-4992-83ad-ac639bec979d,Sebastian Armando Bonet Plaza,Occidente,212516,P06,8,2026,215.4,1.4,2,190.74,True,True,ytd,0.8855,propio,212516,0
b0ed6fbc-abb3-4cd6-b013-0b789a12a22a,San Antonio,L06 LOTE 7C,63e7bd07-3c95-4992-83ad-ac639bec979d,Sebastian Armando Bonet Plaza,Occidente,212516,P06,7,2026,286.6,192.2,31,192.2,False,False,ytd,0.8855,propio,212516,0
b0ed6fbc-abb3-4cd6-b013-0b789a12a22a,San Antonio,L06 LOTE 7C,63e7bd07-3c95-4992-83ad-ac639bec979d,Sebastian Armando Bonet Plaza,Occidente,212516,P06,6,2026,246,178.6,30,178.6,False,False,ytd,0.8855,propio,212516,0
b0ed6fbc-abb3-4cd6-b013-0b789a12a22a,San Antonio,L06 LOTE 7C,63e7bd07-3c95-4992-83ad-ac639bec979d,Sebastian Armando Bonet Plaza,Occidente,212516,P06,5,2026,16,115,31,115,False,False,ytd,0.8855,propio,212516,0
b0ed6fbc-abb3-4cd6-b013-0b789a12a22a,San Antonio,L06 LOTE 7C,63e7bd07-3c95-4992-83ad-ac639bec979d,Sebastian Armando Bonet Plaza,Occidente,212516,P06,4,2026,,56.2,30,56.2,False,False,ytd,0.8855,propio,212516,0
b0ed6fbc-abb3-4cd6-b013-0b789a12a22a,San Antonio,L06 LOTE 7C,63e7bd07-3c95-4992-83ad-ac639bec979d,Sebastian Armando Bonet Plaza,Occidente,212516,P06,3,2026,,2.4,31,2.4,False,False,ytd,0.8855,propio,212516,0
b0ed6fbc-abb3-4cd6-b013-0b789a12a22a,San Antonio,L06 LOTE 7C,63e7bd07-3c95-4992-83ad-ac639bec979d,Sebastian Armando Bonet Plaza,Occidente,212516,P06,2,2026,,0,28,0,False,False,ytd,0.8855,propio,212516,0
b0ed6fbc-abb3-4cd6-b013-0b789a12a22a,San Antonio,L06 LOTE 7C,63e7bd07-3c95-4992-83ad-ac639bec979d,Sebastian Armando Bonet Plaza,Occidente,212516,P06,1,2026,,1.4,31,1.4,False,False,ytd,0.8855,propio,212516,0
e672ab6a-c8a5-43ff-9776-80f87b779fce,San Antonio,L07 LOTE-08,63e7bd07-3c95-4992-83ad-ac639bec979d,Sebastian Armando Bonet Plaza,Occidente,212516,P06,12,2026,6.6,,0,5.84,True,False,ytd,0.8855,propio,212516,0
e672ab6a-c8a5-43ff-9776-80f87b779fce,San Antonio,L07 LOTE-08,63e7bd07-3c95-4992-83ad-ac639bec979d,Sebastian Armando Bonet Plaza,Occidente,212516,P06,11,2026,16.8,,0,14.88,True,False,ytd,0.8855,propio,212516,0
e672ab6a-c8a5-43ff-9776-80f87b779fce,San Antonio,L07 LOTE-08,63e7bd07-3c95-4992-83ad-ac639bec979d,Sebastian Armando Bonet Plaza,Occidente,212516,P06,10,2026,71.6,,0,63.4,True,False,ytd,0.8855,propio,212516,0
e672ab6a-c8a5-43ff-9776-80f87b779fce,San Antonio,L07 LOTE-08,63e7bd07-3c95-4992-83ad-ac639bec979d,Sebastian Armando Bonet Plaza,Occidente,212516,P06,9,2026,124.6,,0,110.34,True,False,ytd,0.8855,propio,212516,0
e672ab6a-c8a5-43ff-9776-80f87b779fce,San Antonio,L07 LOTE-08,63e7bd07-3c95-4992-83ad-ac639bec979d,Sebastian Armando Bonet Plaza,Occidente,212516,P06,8,2026,215.4,1.4,2,190.74,True,True,ytd,0.8855,propio,212516,0
e672ab6a-c8a5-43ff-9776-80f87b779fce,San Antonio,L07 LOTE-08,63e7bd07-3c95-4992-83ad-ac639bec979d,Sebastian Armando Bonet Plaza,Occidente,212516,P06,7,2026,286.6,192.2,31,192.2,False,False,ytd,0.8855,propio,212516,0
e672ab6a-c8a5-43ff-9776-80f87b779fce,San Antonio,L07 LOTE-08,63e7bd07-3c95-4992-83ad-ac639bec979d,Sebastian Armando Bonet Plaza,Occidente,212516,P06,6,2026,246,178.6,30,178.6,False,False,ytd,0.8855,propio,212516,0
e672ab6a-c8a5-43ff-9776-80f87b779fce,San Antonio,L07 LOTE-08,63e7bd07-3c95-4992-83ad-ac639bec979d,Sebastian Armando Bonet Plaza,Occidente,212516,P06,5,2026,16,115,31,115,False,False,ytd,0.8855,propio,212516,0
e672ab6a-c8a5-43ff-9776-80f87b779fce,San Antonio,L07 LOTE-08,63e7bd07-3c95-4992-83ad-ac639bec979d,Sebastian Armando Bonet Plaza,Occidente,212516,P06,4,2026,,56.2,30,56.2,False,False,ytd,0.8855,propio,212516,0
e672ab6a-c8a5-43ff-9776-80f87b779fce,San Antonio,L07 LOTE-08,63e7bd07-3c95-4992-83ad-ac639bec979d,Sebastian Armando Bonet Plaza,Occidente,212516,P06,3,2026,,2.4,31,2.4,False,False,ytd,0.8855,propio,212516,0
e672ab6a-c8a5-43ff-9776-80f87b779fce,San Antonio,L07 LOTE-08,63e7bd07-3c95-4992-83ad-ac639bec979d,Sebastian Armando Bonet Plaza,Occidente,212516,P06,2,2026,,0,28,0,False,False,ytd,0.8855,propio,212516,0
e672ab6a-c8a5-43ff-9776-80f87b779fce,San Antonio,L07 LOTE-08,63e7bd07-3c95-4992-83ad-ac639bec979d,Sebastian Armando Bonet Plaza,Occidente,212516,P06,1,2026,,1.4,31,1.4,False,False,ytd,0.8855,propio,212516,0
227fc949-f570-4301-9b0e-f976857c35a4,San Pedro,La Unión,67838075-1124-41ea-b06c-5730fe84842f,Jose Rolando Caldera Arvelaiz,Oriente,238339,G10,12,2026,37.6,,0,42.36,True,False,ytd,1.1265,cercana,185450,12.96
227fc949-f570-4301-9b0e-f976857c35a4,San Pedro,La Unión,67838075-1124-41ea-b06c-5730fe84842f,Jose Rolando Caldera Arvelaiz,Oriente,238339,G10,11,2026,110.3,,0,124.25,True,False,ytd,1.1265,cercana,185450,12.96
227fc949-f570-4301-9b0e-f976857c35a4,San Pedro,La Unión,67838075-1124-41ea-b06c-5730fe84842f,Jose Rolando Caldera Arvelaiz,Oriente,238339,G10,10,2026,57.7,,0,65,True,False,ytd,1.1265,cercana,185450,12.96
227fc949-f570-4301-9b0e-f976857c35a4,San Pedro,La Unión,67838075-1124-41ea-b06c-5730fe84842f,Jose Rolando Caldera Arvelaiz,Oriente,238339,G10,9,2026,130.4,,0,146.89,True,False,ytd,1.1265,cercana,185450,12.96
227fc949-f570-4301-9b0e-f976857c35a4,San Pedro,La Unión,67838075-1124-41ea-b06c-5730fe84842f,Jose Rolando Caldera Arvelaiz,Oriente,238339,G10,8,2026,116.6,0,2,131.35,True,True,ytd,1.1265,cercana,185450,12.96
227fc949-f570-4301-9b0e-f976857c35a4,San Pedro,La Unión,67838075-1124-41ea-b06c-5730fe84842f,Jose Rolando Caldera Arvelaiz,Oriente,238339,G10,7,2026,178,171.4,30,171.4,False,False,ytd,1.1265,cercana,185450,12.96
227fc949-f570-4301-9b0e-f976857c35a4,San Pedro,La Unión,67838075-1124-41ea-b06c-5730fe84842f,Jose Rolando Caldera Arvelaiz,Oriente,238339,G10,6,2026,90.8,131.4,30,131.4,False,False,ytd,1.1265,cercana,185450,12.96
227fc949-f570-4301-9b0e-f976857c35a4,San Pedro,La Unión,67838075-1124-41ea-b06c-5730fe84842f,Jose Rolando Caldera Arvelaiz,Oriente,238339,G10,5,2026,153.9,23.2,5,173.37,True,True,ytd,1.1265,cercana,185450,12.96
227fc949-f570-4301-9b0e-f976857c35a4,San Pedro,La Unión,67838075-1124-41ea-b06c-5730fe84842f,Jose Rolando Caldera Arvelaiz,Oriente,238339,G10,4,2026,79.8,,0,89.89,True,False,ytd,1.1265,cercana,185450,12.96
227fc949-f570-4301-9b0e-f976857c35a4,San Pedro,La Unión,67838075-1124-41ea-b06c-5730fe84842f,Jose Rolando Caldera Arvelaiz,Oriente,238339,G10,3,2026,0,,0,0,True,False,ytd,1.1265,cercana,185450,12.96
227fc949-f570-4301-9b0e-f976857c35a4,San Pedro,La Unión,67838075-1124-41ea-b06c-5730fe84842f,Jose Rolando Caldera Arvelaiz,Oriente,238339,G10,2,2026,0,,0,0,True,False,ytd,1.1265,cercana,185450,12.96
227fc949-f570-4301-9b0e-f976857c35a4,San Pedro,La Unión,67838075-1124-41ea-b06c-5730fe84842f,Jose Rolando Caldera Arvelaiz,Oriente,238339,G10,1,2026,9,,0,10.14,True,False,ytd,1.1265,cercana,185450,12.96
2ee2d7da-5f06-483e-bf03-77350defcfd0,San Pedro,Laguna Grande,67838075-1124-41ea-b06c-5730fe84842f,Jose Rolando Caldera Arvelaiz,Oriente,238339,G10,12,2026,37.6,,0,42.36,True,False,ytd,1.1265,cercana,185450,12.96
2ee2d7da-5f06-483e-bf03-77350defcfd0,San Pedro,Laguna Grande,67838075-1124-41ea-b06c-5730fe84842f,Jose Rolando Caldera Arvelaiz,Oriente,238339,G10,11,2026,110.3,,0,124.25,True,False,ytd,1.1265,cercana,185450,12.96
2ee2d7da-5f06-483e-bf03-77350defcfd0,San Pedro,Laguna Grande,67838075-1124-41ea-b06c-5730fe84842f,Jose Rolando Caldera Arvelaiz,Oriente,238339,G10,10,2026,57.7,,0,65,True,False,ytd,1.1265,cercana,185450,12.96
2ee2d7da-5f06-483e-bf03-77350defcfd0,San Pedro,Laguna Grande,67838075-1124-41ea-b06c-5730fe84842f,Jose Rolando Caldera Arvelaiz,Oriente,238339,G10,9,2026,130.4,,0,146.89,True,False,ytd,1.1265,cercana,185450,12.96
2ee2d7da-5f06-483e-bf03-77350defcfd0,San Pedro,Laguna Grande,67838075-1124-41ea-b06c-5730fe84842f,Jose Rolando Caldera Arvelaiz,Oriente,238339,G10,8,2026,116.6,0,2,131.35,True,True,ytd,1.1265,cercana,185450,12.96
2ee2d7da-5f06-483e-bf03-77350defcfd0,San Pedro,Laguna Grande,67838075-1124-41ea-b06c-5730fe84842f,Jose Rolando Caldera Arvelaiz,Oriente,238339,G10,7,2026,178,171.4,30,171.4,False,False,ytd,1.1265,cercana,185450,12.96
2ee2d7da-5f06-483e-bf03-77350defcfd0,San Pedro,Laguna Grande,67838075-1124-41ea-b06c-5730fe84842f,Jose Rolando Caldera Arvelaiz,Oriente,238339,G10,6,2026,90.8,131.4,30,131.4,False,False,ytd,1.1265,cercana,185450,12.96
2ee2d7da-5f06-483e-bf03-77350defcfd0,San Pedro,Laguna Grande,67838075-1124-41ea-b06c-5730fe84842f,Jose Rolando Caldera Arvelaiz,Oriente,238339,G10,5,2026,153.9,23.2,5,173.37,True,True,ytd,1.1265,cercana,185450,12.96
2ee2d7da-5f06-483e-bf03-77350defcfd0,San Pedro,Laguna Grande,67838075-1124-41ea-b06c-5730fe84842f,Jose Rolando Caldera Arvelaiz,Oriente,238339,G10,4,2026,79.8,,0,89.89,True,False,ytd,1.1265,cercana,185450,12.96
2ee2d7da-5f06-483e-bf03-77350defcfd0,San Pedro,Laguna Grande,67838075-1124-41ea-b06c-5730fe84842f,Jose Rolando Caldera Arvelaiz,Oriente,238339,G10,3,2026,0,,0,0,True,False,ytd,1.1265,cercana,185450,12.96
2ee2d7da-5f06-483e-bf03-77350defcfd0,San Pedro,Laguna Grande,67838075-1124-41ea-b06c-5730fe84842f,Jose Rolando Caldera Arvelaiz,Oriente,238339,G10,2,2026,0,,0,0,True,False,ytd,1.1265,cercana,185450,12.96
2ee2d7da-5f06-483e-bf03-77350defcfd0,San Pedro,Laguna Grande,67838075-1124-41ea-b06c-5730fe84842f,Jose Rolando Caldera Arvelaiz,Oriente,238339,G10,1,2026,9,,0,10.14,True,False,ytd,1.1265,cercana,185450,12.96
3038661b-9d83-428f-9775-7df45290ef9d,San Pedro,Los Muertos,67838075-1124-41ea-b06c-5730fe84842f,Jose Rolando Caldera Arvelaiz,Oriente,238339,G10,12,2026,37.6,,0,42.36,True,False,ytd,1.1265,cercana,185450,12.96
3038661b-9d83-428f-9775-7df45290ef9d,San Pedro,Los Muertos,67838075-1124-41ea-b06c-5730fe84842f,Jose Rolando Caldera Arvelaiz,Oriente,238339,G10,11,2026,110.3,,0,124.25,True,False,ytd,1.1265,cercana,185450,12.96
3038661b-9d83-428f-9775-7df45290ef9d,San Pedro,Los Muertos,67838075-1124-41ea-b06c-5730fe84842f,Jose Rolando Caldera Arvelaiz,Oriente,238339,G10,10,2026,57.7,,0,65,True,False,ytd,1.1265,cercana,185450,12.96
3038661b-9d83-428f-9775-7df45290ef9d,San Pedro,Los Muertos,67838075-1124-41ea-b06c-5730fe84842f,Jose Rolando Caldera Arvelaiz,Oriente,238339,G10,9,2026,130.4,,0,146.89,True,False,ytd,1.1265,cercana,185450,12.96
3038661b-9d83-428f-9775-7df45290ef9d,San Pedro,Los Muertos,67838075-1124-41ea-b06c-5730fe84842f,Jose Rolando Caldera Arvelaiz,Oriente,238339,G10,8,2026,116.6,0,2,131.35,True,True,ytd,1.1265,cercana,185450,12.96
3038661b-9d83-428f-9775-7df45290ef9d,San Pedro,Los Muertos,67838075-1124-41ea-b06c-5730fe84842f,Jose Rolando Caldera Arvelaiz,Oriente,238339,G10,7,2026,178,171.4,30,171.4,False,False,ytd,1.1265,cercana,185450,12.96
3038661b-9d83-428f-9775-7df45290ef9d,San Pedro,Los Muertos,67838075-1124-41ea-b06c-5730fe84842f,Jose Rolando Caldera Arvelaiz,Oriente,238339,G10,6,2026,90.8,131.4,30,131.4,False,False,ytd,1.1265,cercana,185450,12.96
3038661b-9d83-428f-9775-7df45290ef9d,San Pedro,Los Muertos,67838075-1124-41ea-b06c-5730fe84842f,Jose Rolando Caldera Arvelaiz,Oriente,238339,G10,5,2026,153.9,23.2,5,173.37,True,True,ytd,1.1265,cercana,185450,12.96
3038661b-9d83-428f-9775-7df45290ef9d,San Pedro,Los Muertos,67838075-1124-41ea-b06c-5730fe84842f,Jose Rolando Caldera Arvelaiz,Oriente,238339,G10,4,2026,79.8,,0,89.89,True,False,ytd,1.1265,cercana,185450,12.96
3038661b-9d83-428f-9775-7df45290ef9d,San Pedro,Los Muertos,67838075-1124-41ea-b06c-5730fe84842f,Jose Rolando Caldera Arvelaiz,Oriente,238339,G10,3,2026,0,,0,0,True,False,ytd,1.1265,cercana,185450,12.96
3038661b-9d83-428f-9775-7df45290ef9d,San Pedro,Los Muertos,67838075-1124-41ea-b06c-5730fe84842f,Jose Rolando Caldera Arvelaiz,Oriente,238339,G10,2,2026,0,,0,0,True,False,ytd,1.1265,cercana,185450,12.96
3038661b-9d83-428f-9775-7df45290ef9d,San Pedro,Los Muertos,67838075-1124-41ea-b06c-5730fe84842f,Jose Rolando Caldera Arvelaiz,Oriente,238339,G10,1,2026,9,,0,10.14,True,False,ytd,1.1265,cercana,185450,12.96
31034093-3088-41a9-9948-bbb427097e9e,San Pedro,Portón Azul,67838075-1124-41ea-b06c-5730fe84842f,Jose Rolando Caldera Arvelaiz,Oriente,238339,G10,12,2026,37.6,,0,42.36,True,False,ytd,1.1265,cercana,185450,12.96
31034093-3088-41a9-9948-bbb427097e9e,San Pedro,Portón Azul,67838075-1124-41ea-b06c-5730fe84842f,Jose Rolando Caldera Arvelaiz,Oriente,238339,G10,11,2026,110.3,,0,124.25,True,False,ytd,1.1265,cercana,185450,12.96
31034093-3088-41a9-9948-bbb427097e9e,San Pedro,Portón Azul,67838075-1124-41ea-b06c-5730fe84842f,Jose Rolando Caldera Arvelaiz,Oriente,238339,G10,10,2026,57.7,,0,65,True,False,ytd,1.1265,cercana,185450,12.96
31034093-3088-41a9-9948-bbb427097e9e,San Pedro,Portón Azul,67838075-1124-41ea-b06c-5730fe84842f,Jose Rolando Caldera Arvelaiz,Oriente,238339,G10,9,2026,130.4,,0,146.89,True,False,ytd,1.1265,cercana,185450,12.96
31034093-3088-41a9-9948-bbb427097e9e,San Pedro,Portón Azul,67838075-1124-41ea-b06c-5730fe84842f,Jose Rolando Caldera Arvelaiz,Oriente,238339,G10,8,2026,116.6,0,2,131.35,True,True,ytd,1.1265,cercana,185450,12.96
31034093-3088-41a9-9948-bbb427097e9e,San Pedro,Portón Azul,67838075-1124-41ea-b06c-5730fe84842f,Jose Rolando Caldera Arvelaiz,Oriente,238339,G10,7,2026,178,171.4,30,171.4,False,False,ytd,1.1265,cercana,185450,12.96
31034093-3088-41a9-9948-bbb427097e9e,San Pedro,Portón Azul,67838075-1124-41ea-b06c-5730fe84842f,Jose Rolando Caldera Arvelaiz,Oriente,238339,G10,6,2026,90.8,131.4,30,131.4,False,False,ytd,1.1265,cercana,185450,12.96
31034093-3088-41a9-9948-bbb427097e9e,San Pedro,Portón Azul,67838075-1124-41ea-b06c-5730fe84842f,Jose Rolando Caldera Arvelaiz,Oriente,238339,G10,5,2026,153.9,23.2,5,173.37,True,True,ytd,1.1265,cercana,185450,12.96
31034093-3088-41a9-9948-bbb427097e9e,San Pedro,Portón Azul,67838075-1124-41ea-b06c-5730fe84842f,Jose Rolando Caldera Arvelaiz,Oriente,238339,G10,4,2026,79.8,,0,89.89,True,False,ytd,1.1265,cercana,185450,12.96
31034093-3088-41a9-9948-bbb427097e9e,San Pedro,Portón Azul,67838075-1124-41ea-b06c-5730fe84842f,Jose Rolando Caldera Arvelaiz,Oriente,238339,G10,3,2026,0,,0,0,True,False,ytd,1.1265,cercana,185450,12.96
31034093-3088-41a9-9948-bbb427097e9e,San Pedro,Portón Azul,67838075-1124-41ea-b06c-5730fe84842f,Jose Rolando Caldera Arvelaiz,Oriente,238339,G10,2,2026,0,,0,0,True,False,ytd,1.1265,cercana,185450,12.96
31034093-3088-41a9-9948-bbb427097e9e,San Pedro,Portón Azul,67838075-1124-41ea-b06c-5730fe84842f,Jose Rolando Caldera Arvelaiz,Oriente,238339,G10,1,2026,9,,0,10.14,True,False,ytd,1.1265,cercana,185450,12.96
ef8fb276-16c8-47ab-b122-1798c47f2660,Los Espinitos,L01 LOTE DETRÁS DE LA CASA,7529713f-df3e-478b-8388-057af7a47ef1,Luis Alberto Rojas Pieretti,Oriente,186669,G02,12,2026,35.155,,0,30.29,True,False,robusto,0.8616,propio,186669,0
ef8fb276-16c8-47ab-b122-1798c47f2660,Los Espinitos,L01 LOTE DETRÁS DE LA CASA,7529713f-df3e-478b-8388-057af7a47ef1,Luis Alberto Rojas Pieretti,Oriente,186669,G02,11,2026,98.24,,0,84.65,True,False,robusto,0.8616,propio,186669,0
ef8fb276-16c8-47ab-b122-1798c47f2660,Los Espinitos,L01 LOTE DETRÁS DE LA CASA,7529713f-df3e-478b-8388-057af7a47ef1,Luis Alberto Rojas Pieretti,Oriente,186669,G02,10,2026,91.54,,0,78.87,True,False,robusto,0.8616,propio,186669,0
ef8fb276-16c8-47ab-b122-1798c47f2660,Los Espinitos,L01 LOTE DETRÁS DE LA CASA,7529713f-df3e-478b-8388-057af7a47ef1,Luis Alberto Rojas Pieretti,Oriente,186669,G02,9,2026,142.025,,0,122.37,True,False,robusto,0.8616,propio,186669,0
ef8fb276-16c8-47ab-b122-1798c47f2660,Los Espinitos,L01 LOTE DETRÁS DE LA CASA,7529713f-df3e-478b-8388-057af7a47ef1,Luis Alberto Rojas Pieretti,Oriente,186669,G02,8,2026,192.175,0,2,165.58,True,True,robusto,0.8616,propio,186669,0
ef8fb276-16c8-47ab-b122-1798c47f2660,Los Espinitos,L01 LOTE DETRÁS DE LA CASA,7529713f-df3e-478b-8388-057af7a47ef1,Luis Alberto Rojas Pieretti,Oriente,186669,G02,7,2026,331.25,128.92,31,128.92,False,False,robusto,0.8616,propio,186669,0
ef8fb276-16c8-47ab-b122-1798c47f2660,Los Espinitos,L01 LOTE DETRÁS DE LA CASA,7529713f-df3e-478b-8388-057af7a47ef1,Luis Alberto Rojas Pieretti,Oriente,186669,G02,6,2026,278.755,240.18,30,240.18,False,False,robusto,0.8616,propio,186669,0
ef8fb276-16c8-47ab-b122-1798c47f2660,Los Espinitos,L01 LOTE DETRÁS DE LA CASA,7529713f-df3e-478b-8388-057af7a47ef1,Luis Alberto Rojas Pieretti,Oriente,186669,G02,5,2026,261.76,266.61,31,266.61,False,False,robusto,0.8616,propio,186669,0
ef8fb276-16c8-47ab-b122-1798c47f2660,Los Espinitos,L01 LOTE DETRÁS DE LA CASA,7529713f-df3e-478b-8388-057af7a47ef1,Luis Alberto Rojas Pieretti,Oriente,186669,G02,4,2026,20.82,27.64,30,27.64,False,False,robusto,0.8616,propio,186669,0
ef8fb276-16c8-47ab-b122-1798c47f2660,Los Espinitos,L01 LOTE DETRÁS DE LA CASA,7529713f-df3e-478b-8388-057af7a47ef1,Luis Alberto Rojas Pieretti,Oriente,186669,G02,3,2026,0,2.28,31,2.28,False,False,robusto,0.8616,propio,186669,0
ef8fb276-16c8-47ab-b122-1798c47f2660,Los Espinitos,L01 LOTE DETRÁS DE LA CASA,7529713f-df3e-478b-8388-057af7a47ef1,Luis Alberto Rojas Pieretti,Oriente,186669,G02,2,2026,0,0,28,0,False,False,robusto,0.8616,propio,186669,0
ef8fb276-16c8-47ab-b122-1798c47f2660,Los Espinitos,L01 LOTE DETRÁS DE LA CASA,7529713f-df3e-478b-8388-057af7a47ef1,Luis Alberto Rojas Pieretti,Oriente,186669,G02,1,2026,69.3,43.39,31,43.39,False,False,robusto,0.8616,propio,186669,0
21739ad5-631b-472d-b168-d22372b1c1bc,Los Espinitos,L02 LOTE LOS MANGOS,7529713f-df3e-478b-8388-057af7a47ef1,Luis Alberto Rojas Pieretti,Oriente,186669,G02,12,2026,35.155,,0,30.29,True,False,robusto,0.8616,propio,186669,0
21739ad5-631b-472d-b168-d22372b1c1bc,Los Espinitos,L02 LOTE LOS MANGOS,7529713f-df3e-478b-8388-057af7a47ef1,Luis Alberto Rojas Pieretti,Oriente,186669,G02,11,2026,98.24,,0,84.65,True,False,robusto,0.8616,propio,186669,0
21739ad5-631b-472d-b168-d22372b1c1bc,Los Espinitos,L02 LOTE LOS MANGOS,7529713f-df3e-478b-8388-057af7a47ef1,Luis Alberto Rojas Pieretti,Oriente,186669,G02,10,2026,91.54,,0,78.87,True,False,robusto,0.8616,propio,186669,0
21739ad5-631b-472d-b168-d22372b1c1bc,Los Espinitos,L02 LOTE LOS MANGOS,7529713f-df3e-478b-8388-057af7a47ef1,Luis Alberto Rojas Pieretti,Oriente,186669,G02,9,2026,142.025,,0,122.37,True,False,robusto,0.8616,propio,186669,0
21739ad5-631b-472d-b168-d22372b1c1bc,Los Espinitos,L02 LOTE LOS MANGOS,7529713f-df3e-478b-8388-057af7a47ef1,Luis Alberto Rojas Pieretti,Oriente,186669,G02,8,2026,192.175,0,2,165.58,True,True,robusto,0.8616,propio,186669,0
21739ad5-631b-472d-b168-d22372b1c1bc,Los Espinitos,L02 LOTE LOS MANGOS,7529713f-df3e-478b-8388-057af7a47ef1,Luis Alberto Rojas Pieretti,Oriente,186669,G02,7,2026,331.25,128.92,31,128.92,False,False,robusto,0.8616,propio,186669,0
21739ad5-631b-472d-b168-d22372b1c1bc,Los Espinitos,L02 LOTE LOS MANGOS,7529713f-df3e-478b-8388-057af7a47ef1,Luis Alberto Rojas Pieretti,Oriente,186669,G02,6,2026,278.755,240.18,30,240.18,False,False,robusto,0.8616,propio,186669,0
21739ad5-631b-472d-b168-d22372b1c1bc,Los Espinitos,L02 LOTE LOS MANGOS,7529713f-df3e-478b-8388-057af7a47ef1,Luis Alberto Rojas Pieretti,Oriente,186669,G02,5,2026,261.76,266.61,31,266.61,False,False,robusto,0.8616,propio,186669,0
21739ad5-631b-472d-b168-d22372b1c1bc,Los Espinitos,L02 LOTE LOS MANGOS,7529713f-df3e-478b-8388-057af7a47ef1,Luis Alberto Rojas Pieretti,Oriente,186669,G02,4,2026,20.82,27.64,30,27.64,False,False,robusto,0.8616,propio,186669,0
21739ad5-631b-472d-b168-d22372b1c1bc,Los Espinitos,L02 LOTE LOS MANGOS,7529713f-df3e-478b-8388-057af7a47ef1,Luis Alberto Rojas Pieretti,Oriente,186669,G02,3,2026,0,2.28,31,2.28,False,False,robusto,0.8616,propio,186669,0
21739ad5-631b-472d-b168-d22372b1c1bc,Los Espinitos,L02 LOTE LOS MANGOS,7529713f-df3e-478b-8388-057af7a47ef1,Luis Alberto Rojas Pieretti,Oriente,186669,G02,2,2026,0,0,28,0,False,False,robusto,0.8616,propio,186669,0
21739ad5-631b-472d-b168-d22372b1c1bc,Los Espinitos,L02 LOTE LOS MANGOS,7529713f-df3e-478b-8388-057af7a47ef1,Luis Alberto Rojas Pieretti,Oriente,186669,G02,1,2026,69.3,43.39,31,43.39,False,False,robusto,0.8616,propio,186669,0
fff64211-9182-4b93-8cfd-714037e78315,Los Espinitos,L04 LOTE EL DRAGAL 1,7529713f-df3e-478b-8388-057af7a47ef1,Luis Alberto Rojas Pieretti,Oriente,186669,G02,12,2026,35.155,,0,30.29,True,False,robusto,0.8616,propio,186669,0
fff64211-9182-4b93-8cfd-714037e78315,Los Espinitos,L04 LOTE EL DRAGAL 1,7529713f-df3e-478b-8388-057af7a47ef1,Luis Alberto Rojas Pieretti,Oriente,186669,G02,11,2026,98.24,,0,84.65,True,False,robusto,0.8616,propio,186669,0
fff64211-9182-4b93-8cfd-714037e78315,Los Espinitos,L04 LOTE EL DRAGAL 1,7529713f-df3e-478b-8388-057af7a47ef1,Luis Alberto Rojas Pieretti,Oriente,186669,G02,10,2026,91.54,,0,78.87,True,False,robusto,0.8616,propio,186669,0
fff64211-9182-4b93-8cfd-714037e78315,Los Espinitos,L04 LOTE EL DRAGAL 1,7529713f-df3e-478b-8388-057af7a47ef1,Luis Alberto Rojas Pieretti,Oriente,186669,G02,9,2026,142.025,,0,122.37,True,False,robusto,0.8616,propio,186669,0
fff64211-9182-4b93-8cfd-714037e78315,Los Espinitos,L04 LOTE EL DRAGAL 1,7529713f-df3e-478b-8388-057af7a47ef1,Luis Alberto Rojas Pieretti,Oriente,186669,G02,8,2026,192.175,0,2,165.58,True,True,robusto,0.8616,propio,186669,0
fff64211-9182-4b93-8cfd-714037e78315,Los Espinitos,L04 LOTE EL DRAGAL 1,7529713f-df3e-478b-8388-057af7a47ef1,Luis Alberto Rojas Pieretti,Oriente,186669,G02,7,2026,331.25,128.92,31,128.92,False,False,robusto,0.8616,propio,186669,0
fff64211-9182-4b93-8cfd-714037e78315,Los Espinitos,L04 LOTE EL DRAGAL 1,7529713f-df3e-478b-8388-057af7a47ef1,Luis Alberto Rojas Pieretti,Oriente,186669,G02,6,2026,278.755,240.18,30,240.18,False,False,robusto,0.8616,propio,186669,0
fff64211-9182-4b93-8cfd-714037e78315,Los Espinitos,L04 LOTE EL DRAGAL 1,7529713f-df3e-478b-8388-057af7a47ef1,Luis Alberto Rojas Pieretti,Oriente,186669,G02,5,2026,261.76,266.61,31,266.61,False,False,robusto,0.8616,propio,186669,0
fff64211-9182-4b93-8cfd-714037e78315,Los Espinitos,L04 LOTE EL DRAGAL 1,7529713f-df3e-478b-8388-057af7a47ef1,Luis Alberto Rojas Pieretti,Oriente,186669,G02,4,2026,20.82,27.64,30,27.64,False,False,robusto,0.8616,propio,186669,0
fff64211-9182-4b93-8cfd-714037e78315,Los Espinitos,L04 LOTE EL DRAGAL 1,7529713f-df3e-478b-8388-057af7a47ef1,Luis Alberto Rojas Pieretti,Oriente,186669,G02,3,2026,0,2.28,31,2.28,False,False,robusto,0.8616,propio,186669,0
fff64211-9182-4b93-8cfd-714037e78315,Los Espinitos,L04 LOTE EL DRAGAL 1,7529713f-df3e-478b-8388-057af7a47ef1,Luis Alberto Rojas Pieretti,Oriente,186669,G02,2,2026,0,0,28,0,False,False,robusto,0.8616,propio,186669,0
fff64211-9182-4b93-8cfd-714037e78315,Los Espinitos,L04 LOTE EL DRAGAL 1,7529713f-df3e-478b-8388-057af7a47ef1,Luis Alberto Rojas Pieretti,Oriente,186669,G02,1,2026,69.3,43.39,31,43.39,False,False,robusto,0.8616,propio,186669,0
a4f14b29-f9f4-486c-8202-ae7f5d35cae1,Los Espinitos,L05 LOTE EL DRAGAL 4,7529713f-df3e-478b-8388-057af7a47ef1,Luis Alberto Rojas Pieretti,Oriente,186669,G02,12,2026,35.155,,0,30.29,True,False,robusto,0.8616,propio,186669,0
a4f14b29-f9f4-486c-8202-ae7f5d35cae1,Los Espinitos,L05 LOTE EL DRAGAL 4,7529713f-df3e-478b-8388-057af7a47ef1,Luis Alberto Rojas Pieretti,Oriente,186669,G02,11,2026,98.24,,0,84.65,True,False,robusto,0.8616,propio,186669,0
a4f14b29-f9f4-486c-8202-ae7f5d35cae1,Los Espinitos,L05 LOTE EL DRAGAL 4,7529713f-df3e-478b-8388-057af7a47ef1,Luis Alberto Rojas Pieretti,Oriente,186669,G02,10,2026,91.54,,0,78.87,True,False,robusto,0.8616,propio,186669,0
a4f14b29-f9f4-486c-8202-ae7f5d35cae1,Los Espinitos,L05 LOTE EL DRAGAL 4,7529713f-df3e-478b-8388-057af7a47ef1,Luis Alberto Rojas Pieretti,Oriente,186669,G02,9,2026,142.025,,0,122.37,True,False,robusto,0.8616,propio,186669,0
a4f14b29-f9f4-486c-8202-ae7f5d35cae1,Los Espinitos,L05 LOTE EL DRAGAL 4,7529713f-df3e-478b-8388-057af7a47ef1,Luis Alberto Rojas Pieretti,Oriente,186669,G02,8,2026,192.175,0,2,165.58,True,True,robusto,0.8616,propio,186669,0
a4f14b29-f9f4-486c-8202-ae7f5d35cae1,Los Espinitos,L05 LOTE EL DRAGAL 4,7529713f-df3e-478b-8388-057af7a47ef1,Luis Alberto Rojas Pieretti,Oriente,186669,G02,7,2026,331.25,128.92,31,128.92,False,False,robusto,0.8616,propio,186669,0
a4f14b29-f9f4-486c-8202-ae7f5d35cae1,Los Espinitos,L05 LOTE EL DRAGAL 4,7529713f-df3e-478b-8388-057af7a47ef1,Luis Alberto Rojas Pieretti,Oriente,186669,G02,6,2026,278.755,240.18,30,240.18,False,False,robusto,0.8616,propio,186669,0
a4f14b29-f9f4-486c-8202-ae7f5d35cae1,Los Espinitos,L05 LOTE EL DRAGAL 4,7529713f-df3e-478b-8388-057af7a47ef1,Luis Alberto Rojas Pieretti,Oriente,186669,G02,5,2026,261.76,266.61,31,266.61,False,False,robusto,0.8616,propio,186669,0
a4f14b29-f9f4-486c-8202-ae7f5d35cae1,Los Espinitos,L05 LOTE EL DRAGAL 4,7529713f-df3e-478b-8388-057af7a47ef1,Luis Alberto Rojas Pieretti,Oriente,186669,G02,4,2026,20.82,27.64,30,27.64,False,False,robusto,0.8616,propio,186669,0
a4f14b29-f9f4-486c-8202-ae7f5d35cae1,Los Espinitos,L05 LOTE EL DRAGAL 4,7529713f-df3e-478b-8388-057af7a47ef1,Luis Alberto Rojas Pieretti,Oriente,186669,G02,3,2026,0,2.28,31,2.28,False,False,robusto,0.8616,propio,186669,0
a4f14b29-f9f4-486c-8202-ae7f5d35cae1,Los Espinitos,L05 LOTE EL DRAGAL 4,7529713f-df3e-478b-8388-057af7a47ef1,Luis Alberto Rojas Pieretti,Oriente,186669,G02,2,2026,0,0,28,0,False,False,robusto,0.8616,propio,186669,0
a4f14b29-f9f4-486c-8202-ae7f5d35cae1,Los Espinitos,L05 LOTE EL DRAGAL 4,7529713f-df3e-478b-8388-057af7a47ef1,Luis Alberto Rojas Pieretti,Oriente,186669,G02,1,2026,69.3,43.39,31,43.39,False,False,robusto,0.8616,propio,186669,0
436c3d94-d3bf-4c44-bd90-ac53e625d0f3,Los Espinitos,L06 LOTE EL MANGO B,7529713f-df3e-478b-8388-057af7a47ef1,Luis Alberto Rojas Pieretti,Oriente,186669,G02,12,2026,35.155,,0,30.29,True,False,robusto,0.8616,propio,186669,0
436c3d94-d3bf-4c44-bd90-ac53e625d0f3,Los Espinitos,L06 LOTE EL MANGO B,7529713f-df3e-478b-8388-057af7a47ef1,Luis Alberto Rojas Pieretti,Oriente,186669,G02,11,2026,98.24,,0,84.65,True,False,robusto,0.8616,propio,186669,0
436c3d94-d3bf-4c44-bd90-ac53e625d0f3,Los Espinitos,L06 LOTE EL MANGO B,7529713f-df3e-478b-8388-057af7a47ef1,Luis Alberto Rojas Pieretti,Oriente,186669,G02,10,2026,91.54,,0,78.87,True,False,robusto,0.8616,propio,186669,0
436c3d94-d3bf-4c44-bd90-ac53e625d0f3,Los Espinitos,L06 LOTE EL MANGO B,7529713f-df3e-478b-8388-057af7a47ef1,Luis Alberto Rojas Pieretti,Oriente,186669,G02,9,2026,142.025,,0,122.37,True,False,robusto,0.8616,propio,186669,0
436c3d94-d3bf-4c44-bd90-ac53e625d0f3,Los Espinitos,L06 LOTE EL MANGO B,7529713f-df3e-478b-8388-057af7a47ef1,Luis Alberto Rojas Pieretti,Oriente,186669,G02,8,2026,192.175,0,2,165.58,True,True,robusto,0.8616,propio,186669,0
436c3d94-d3bf-4c44-bd90-ac53e625d0f3,Los Espinitos,L06 LOTE EL MANGO B,7529713f-df3e-478b-8388-057af7a47ef1,Luis Alberto Rojas Pieretti,Oriente,186669,G02,7,2026,331.25,128.92,31,128.92,False,False,robusto,0.8616,propio,186669,0
436c3d94-d3bf-4c44-bd90-ac53e625d0f3,Los Espinitos,L06 LOTE EL MANGO B,7529713f-df3e-478b-8388-057af7a47ef1,Luis Alberto Rojas Pieretti,Oriente,186669,G02,6,2026,278.755,240.18,30,240.18,False,False,robusto,0.8616,propio,186669,0
436c3d94-d3bf-4c44-bd90-ac53e625d0f3,Los Espinitos,L06 LOTE EL MANGO B,7529713f-df3e-478b-8388-057af7a47ef1,Luis Alberto Rojas Pieretti,Oriente,186669,G02,5,2026,261.76,266.61,31,266.61,False,False,robusto,0.8616,propio,186669,0
436c3d94-d3bf-4c44-bd90-ac53e625d0f3,Los Espinitos,L06 LOTE EL MANGO B,7529713f-df3e-478b-8388-057af7a47ef1,Luis Alberto Rojas Pieretti,Oriente,186669,G02,4,2026,20.82,27.64,30,27.64,False,False,robusto,0.8616,propio,186669,0
436c3d94-d3bf-4c44-bd90-ac53e625d0f3,Los Espinitos,L06 LOTE EL MANGO B,7529713f-df3e-478b-8388-057af7a47ef1,Luis Alberto Rojas Pieretti,Oriente,186669,G02,3,2026,0,2.28,31,2.28,False,False,robusto,0.8616,propio,186669,0
436c3d94-d3bf-4c44-bd90-ac53e625d0f3,Los Espinitos,L06 LOTE EL MANGO B,7529713f-df3e-478b-8388-057af7a47ef1,Luis Alberto Rojas Pieretti,Oriente,186669,G02,2,2026,0,0,28,0,False,False,robusto,0.8616,propio,186669,0
436c3d94-d3bf-4c44-bd90-ac53e625d0f3,Los Espinitos,L06 LOTE EL MANGO B,7529713f-df3e-478b-8388-057af7a47ef1,Luis Alberto Rojas Pieretti,Oriente,186669,G02,1,2026,69.3,43.39,31,43.39,False,False,robusto,0.8616,propio,186669,0
9b5d4495-8402-453a-b937-5b2ea11f0d08,Los Galo,Bernaldino 1+2,b9aec7c4-1470-4f61-bd0a-c0e88dbbc5f4,Yaro El Chaer,Occidente,238570,Y07,12,2026,13.225,,0,4.36,True,False,ytd,0.3297,zona,Occidente,
9b5d4495-8402-453a-b937-5b2ea11f0d08,Los Galo,Bernaldino 1+2,b9aec7c4-1470-4f61-bd0a-c0e88dbbc5f4,Yaro El Chaer,Occidente,238570,Y07,11,2026,30.475,,0,10.05,True,False,ytd,0.3297,zona,Occidente,
9b5d4495-8402-453a-b937-5b2ea11f0d08,Los Galo,Bernaldino 1+2,b9aec7c4-1470-4f61-bd0a-c0e88dbbc5f4,Yaro El Chaer,Occidente,238570,Y07,10,2026,84.425,,0,27.84,True,False,ytd,0.3297,zona,Occidente,
9b5d4495-8402-453a-b937-5b2ea11f0d08,Los Galo,Bernaldino 1+2,b9aec7c4-1470-4f61-bd0a-c0e88dbbc5f4,Yaro El Chaer,Occidente,238570,Y07,9,2026,168.375,,0,55.52,True,False,ytd,0.3297,zona,Occidente,
9b5d4495-8402-453a-b937-5b2ea11f0d08,Los Galo,Bernaldino 1+2,b9aec7c4-1470-4f61-bd0a-c0e88dbbc5f4,Yaro El Chaer,Occidente,238570,Y07,8,2026,191.45,0,2,63.13,True,True,ytd,0.3297,zona,Occidente,
9b5d4495-8402-453a-b937-5b2ea11f0d08,Los Galo,Bernaldino 1+2,b9aec7c4-1470-4f61-bd0a-c0e88dbbc5f4,Yaro El Chaer,Occidente,238570,Y07,7,2026,333.525,109.8,26,109.8,False,False,ytd,0.3297,zona,Occidente,
9b5d4495-8402-453a-b937-5b2ea11f0d08,Los Galo,Bernaldino 1+2,b9aec7c4-1470-4f61-bd0a-c0e88dbbc5f4,Yaro El Chaer,Occidente,238570,Y07,6,2026,336.1,111,30,111,False,False,ytd,0.3297,zona,Occidente,
9b5d4495-8402-453a-b937-5b2ea11f0d08,Los Galo,Bernaldino 1+2,b9aec7c4-1470-4f61-bd0a-c0e88dbbc5f4,Yaro El Chaer,Occidente,238570,Y07,5,2026,186.075,0,1,61.36,True,True,ytd,0.3297,zona,Occidente,
9b5d4495-8402-453a-b937-5b2ea11f0d08,Los Galo,Bernaldino 1+2,b9aec7c4-1470-4f61-bd0a-c0e88dbbc5f4,Yaro El Chaer,Occidente,238570,Y07,4,2026,91.4,,0,30.14,True,False,ytd,0.3297,zona,Occidente,
9b5d4495-8402-453a-b937-5b2ea11f0d08,Los Galo,Bernaldino 1+2,b9aec7c4-1470-4f61-bd0a-c0e88dbbc5f4,Yaro El Chaer,Occidente,238570,Y07,3,2026,8.4,,0,2.77,True,False,ytd,0.3297,zona,Occidente,
9b5d4495-8402-453a-b937-5b2ea11f0d08,Los Galo,Bernaldino 1+2,b9aec7c4-1470-4f61-bd0a-c0e88dbbc5f4,Yaro El Chaer,Occidente,238570,Y07,2,2026,1.4,,0,0.46,True,False,ytd,0.3297,zona,Occidente,
9b5d4495-8402-453a-b937-5b2ea11f0d08,Los Galo,Bernaldino 1+2,b9aec7c4-1470-4f61-bd0a-c0e88dbbc5f4,Yaro El Chaer,Occidente,238570,Y07,1,2026,2,,0,0.66,True,False,ytd,0.3297,zona,Occidente,
b9dce86b-7791-49fd-938f-f2f60c240621,Los Galo,Bernaldino 3,b9aec7c4-1470-4f61-bd0a-c0e88dbbc5f4,Yaro El Chaer,Occidente,238570,Y07,12,2026,13.225,,0,4.36,True,False,ytd,0.3297,zona,Occidente,
b9dce86b-7791-49fd-938f-f2f60c240621,Los Galo,Bernaldino 3,b9aec7c4-1470-4f61-bd0a-c0e88dbbc5f4,Yaro El Chaer,Occidente,238570,Y07,11,2026,30.475,,0,10.05,True,False,ytd,0.3297,zona,Occidente,
b9dce86b-7791-49fd-938f-f2f60c240621,Los Galo,Bernaldino 3,b9aec7c4-1470-4f61-bd0a-c0e88dbbc5f4,Yaro El Chaer,Occidente,238570,Y07,10,2026,84.425,,0,27.84,True,False,ytd,0.3297,zona,Occidente,
b9dce86b-7791-49fd-938f-f2f60c240621,Los Galo,Bernaldino 3,b9aec7c4-1470-4f61-bd0a-c0e88dbbc5f4,Yaro El Chaer,Occidente,238570,Y07,9,2026,168.375,,0,55.52,True,False,ytd,0.3297,zona,Occidente,
b9dce86b-7791-49fd-938f-f2f60c240621,Los Galo,Bernaldino 3,b9aec7c4-1470-4f61-bd0a-c0e88dbbc5f4,Yaro El Chaer,Occidente,238570,Y07,8,2026,191.45,0,2,63.13,True,True,ytd,0.3297,zona,Occidente,
b9dce86b-7791-49fd-938f-f2f60c240621,Los Galo,Bernaldino 3,b9aec7c4-1470-4f61-bd0a-c0e88dbbc5f4,Yaro El Chaer,Occidente,238570,Y07,7,2026,333.525,109.8,26,109.8,False,False,ytd,0.3297,zona,Occidente,
b9dce86b-7791-49fd-938f-f2f60c240621,Los Galo,Bernaldino 3,b9aec7c4-1470-4f61-bd0a-c0e88dbbc5f4,Yaro El Chaer,Occidente,238570,Y07,6,2026,336.1,111,30,111,False,False,ytd,0.3297,zona,Occidente,
b9dce86b-7791-49fd-938f-f2f60c240621,Los Galo,Bernaldino 3,b9aec7c4-1470-4f61-bd0a-c0e88dbbc5f4,Yaro El Chaer,Occidente,238570,Y07,5,2026,186.075,0,1,61.36,True,True,ytd,0.3297,zona,Occidente,
b9dce86b-7791-49fd-938f-f2f60c240621,Los Galo,Bernaldino 3,b9aec7c4-1470-4f61-bd0a-c0e88dbbc5f4,Yaro El Chaer,Occidente,238570,Y07,4,2026,91.4,,0,30.14,True,False,ytd,0.3297,zona,Occidente,
b9dce86b-7791-49fd-938f-f2f60c240621,Los Galo,Bernaldino 3,b9aec7c4-1470-4f61-bd0a-c0e88dbbc5f4,Yaro El Chaer,Occidente,238570,Y07,3,2026,8.4,,0,2.77,True,False,ytd,0.3297,zona,Occidente,
b9dce86b-7791-49fd-938f-f2f60c240621,Los Galo,Bernaldino 3,b9aec7c4-1470-4f61-bd0a-c0e88dbbc5f4,Yaro El Chaer,Occidente,238570,Y07,2,2026,1.4,,0,0.46,True,False,ytd,0.3297,zona,Occidente,
b9dce86b-7791-49fd-938f-f2f60c240621,Los Galo,Bernaldino 3,b9aec7c4-1470-4f61-bd0a-c0e88dbbc5f4,Yaro El Chaer,Occidente,238570,Y07,1,2026,2,,0,0.66,True,False,ytd,0.3297,zona,Occidente,
88bf6daa-e00f-4c66-b034-6962315377db,Los Galo,El Grande 1,b9aec7c4-1470-4f61-bd0a-c0e88dbbc5f4,Yaro El Chaer,Occidente,238570,Y07,12,2026,13.225,,0,4.36,True,False,ytd,0.3297,zona,Occidente,
88bf6daa-e00f-4c66-b034-6962315377db,Los Galo,El Grande 1,b9aec7c4-1470-4f61-bd0a-c0e88dbbc5f4,Yaro El Chaer,Occidente,238570,Y07,11,2026,30.475,,0,10.05,True,False,ytd,0.3297,zona,Occidente,
88bf6daa-e00f-4c66-b034-6962315377db,Los Galo,El Grande 1,b9aec7c4-1470-4f61-bd0a-c0e88dbbc5f4,Yaro El Chaer,Occidente,238570,Y07,10,2026,84.425,,0,27.84,True,False,ytd,0.3297,zona,Occidente,
88bf6daa-e00f-4c66-b034-6962315377db,Los Galo,El Grande 1,b9aec7c4-1470-4f61-bd0a-c0e88dbbc5f4,Yaro El Chaer,Occidente,238570,Y07,9,2026,168.375,,0,55.52,True,False,ytd,0.3297,zona,Occidente,
88bf6daa-e00f-4c66-b034-6962315377db,Los Galo,El Grande 1,b9aec7c4-1470-4f61-bd0a-c0e88dbbc5f4,Yaro El Chaer,Occidente,238570,Y07,8,2026,191.45,0,2,63.13,True,True,ytd,0.3297,zona,Occidente,
88bf6daa-e00f-4c66-b034-6962315377db,Los Galo,El Grande 1,b9aec7c4-1470-4f61-bd0a-c0e88dbbc5f4,Yaro El Chaer,Occidente,238570,Y07,7,2026,333.525,109.8,26,109.8,False,False,ytd,0.3297,zona,Occidente,
88bf6daa-e00f-4c66-b034-6962315377db,Los Galo,El Grande 1,b9aec7c4-1470-4f61-bd0a-c0e88dbbc5f4,Yaro El Chaer,Occidente,238570,Y07,6,2026,336.1,111,30,111,False,False,ytd,0.3297,zona,Occidente,
88bf6daa-e00f-4c66-b034-6962315377db,Los Galo,El Grande 1,b9aec7c4-1470-4f61-bd0a-c0e88dbbc5f4,Yaro El Chaer,Occidente,238570,Y07,5,2026,186.075,0,1,61.36,True,True,ytd,0.3297,zona,Occidente,
88bf6daa-e00f-4c66-b034-6962315377db,Los Galo,El Grande 1,b9aec7c4-1470-4f61-bd0a-c0e88dbbc5f4,Yaro El Chaer,Occidente,238570,Y07,4,2026,91.4,,0,30.14,True,False,ytd,0.3297,zona,Occidente,
88bf6daa-e00f-4c66-b034-6962315377db,Los Galo,El Grande 1,b9aec7c4-1470-4f61-bd0a-c0e88dbbc5f4,Yaro El Chaer,Occidente,238570,Y07,3,2026,8.4,,0,2.77,True,False,ytd,0.3297,zona,Occidente,
88bf6daa-e00f-4c66-b034-6962315377db,Los Galo,El Grande 1,b9aec7c4-1470-4f61-bd0a-c0e88dbbc5f4,Yaro El Chaer,Occidente,238570,Y07,2,2026,1.4,,0,0.46,True,False,ytd,0.3297,zona,Occidente,
88bf6daa-e00f-4c66-b034-6962315377db,Los Galo,El Grande 1,b9aec7c4-1470-4f61-bd0a-c0e88dbbc5f4,Yaro El Chaer,Occidente,238570,Y07,1,2026,2,,0,0.66,True,False,ytd,0.3297,zona,Occidente,
af76ad46-bc27-4f6f-a81c-a9e64230245d,Los Galo,El Grande 2,b9aec7c4-1470-4f61-bd0a-c0e88dbbc5f4,Yaro El Chaer,Occidente,238570,Y07,12,2026,13.225,,0,4.36,True,False,ytd,0.3297,zona,Occidente,
af76ad46-bc27-4f6f-a81c-a9e64230245d,Los Galo,El Grande 2,b9aec7c4-1470-4f61-bd0a-c0e88dbbc5f4,Yaro El Chaer,Occidente,238570,Y07,11,2026,30.475,,0,10.05,True,False,ytd,0.3297,zona,Occidente,
af76ad46-bc27-4f6f-a81c-a9e64230245d,Los Galo,El Grande 2,b9aec7c4-1470-4f61-bd0a-c0e88dbbc5f4,Yaro El Chaer,Occidente,238570,Y07,10,2026,84.425,,0,27.84,True,False,ytd,0.3297,zona,Occidente,
af76ad46-bc27-4f6f-a81c-a9e64230245d,Los Galo,El Grande 2,b9aec7c4-1470-4f61-bd0a-c0e88dbbc5f4,Yaro El Chaer,Occidente,238570,Y07,9,2026,168.375,,0,55.52,True,False,ytd,0.3297,zona,Occidente,
af76ad46-bc27-4f6f-a81c-a9e64230245d,Los Galo,El Grande 2,b9aec7c4-1470-4f61-bd0a-c0e88dbbc5f4,Yaro El Chaer,Occidente,238570,Y07,8,2026,191.45,0,2,63.13,True,True,ytd,0.3297,zona,Occidente,
af76ad46-bc27-4f6f-a81c-a9e64230245d,Los Galo,El Grande 2,b9aec7c4-1470-4f61-bd0a-c0e88dbbc5f4,Yaro El Chaer,Occidente,238570,Y07,7,2026,333.525,109.8,26,109.8,False,False,ytd,0.3297,zona,Occidente,
af76ad46-bc27-4f6f-a81c-a9e64230245d,Los Galo,El Grande 2,b9aec7c4-1470-4f61-bd0a-c0e88dbbc5f4,Yaro El Chaer,Occidente,238570,Y07,6,2026,336.1,111,30,111,False,False,ytd,0.3297,zona,Occidente,
af76ad46-bc27-4f6f-a81c-a9e64230245d,Los Galo,El Grande 2,b9aec7c4-1470-4f61-bd0a-c0e88dbbc5f4,Yaro El Chaer,Occidente,238570,Y07,5,2026,186.075,0,1,61.36,True,True,ytd,0.3297,zona,Occidente,
af76ad46-bc27-4f6f-a81c-a9e64230245d,Los Galo,El Grande 2,b9aec7c4-1470-4f61-bd0a-c0e88dbbc5f4,Yaro El Chaer,Occidente,238570,Y07,4,2026,91.4,,0,30.14,True,False,ytd,0.3297,zona,Occidente,
af76ad46-bc27-4f6f-a81c-a9e64230245d,Los Galo,El Grande 2,b9aec7c4-1470-4f61-bd0a-c0e88dbbc5f4,Yaro El Chaer,Occidente,238570,Y07,3,2026,8.4,,0,2.77,True,False,ytd,0.3297,zona,Occidente,
af76ad46-bc27-4f6f-a81c-a9e64230245d,Los Galo,El Grande 2,b9aec7c4-1470-4f61-bd0a-c0e88dbbc5f4,Yaro El Chaer,Occidente,238570,Y07,2,2026,1.4,,0,0.46,True,False,ytd,0.3297,zona,Occidente,
af76ad46-bc27-4f6f-a81c-a9e64230245d,Los Galo,El Grande 2,b9aec7c4-1470-4f61-bd0a-c0e88dbbc5f4,Yaro El Chaer,Occidente,238570,Y07,1,2026,2,,0,0.66,True,False,ytd,0.3297,zona,Occidente,
5761d0ff-61b1-45de-b4ab-24a1ec89bd4d,Los Galo,El Mamón,b9aec7c4-1470-4f61-bd0a-c0e88dbbc5f4,Yaro El Chaer,Occidente,238570,Y07,12,2026,13.225,,0,4.36,True,False,ytd,0.3297,zona,Occidente,
5761d0ff-61b1-45de-b4ab-24a1ec89bd4d,Los Galo,El Mamón,b9aec7c4-1470-4f61-bd0a-c0e88dbbc5f4,Yaro El Chaer,Occidente,238570,Y07,11,2026,30.475,,0,10.05,True,False,ytd,0.3297,zona,Occidente,
5761d0ff-61b1-45de-b4ab-24a1ec89bd4d,Los Galo,El Mamón,b9aec7c4-1470-4f61-bd0a-c0e88dbbc5f4,Yaro El Chaer,Occidente,238570,Y07,10,2026,84.425,,0,27.84,True,False,ytd,0.3297,zona,Occidente,
5761d0ff-61b1-45de-b4ab-24a1ec89bd4d,Los Galo,El Mamón,b9aec7c4-1470-4f61-bd0a-c0e88dbbc5f4,Yaro El Chaer,Occidente,238570,Y07,9,2026,168.375,,0,55.52,True,False,ytd,0.3297,zona,Occidente,
5761d0ff-61b1-45de-b4ab-24a1ec89bd4d,Los Galo,El Mamón,b9aec7c4-1470-4f61-bd0a-c0e88dbbc5f4,Yaro El Chaer,Occidente,238570,Y07,8,2026,191.45,0,2,63.13,True,True,ytd,0.3297,zona,Occidente,
5761d0ff-61b1-45de-b4ab-24a1ec89bd4d,Los Galo,El Mamón,b9aec7c4-1470-4f61-bd0a-c0e88dbbc5f4,Yaro El Chaer,Occidente,238570,Y07,7,2026,333.525,109.8,26,109.8,False,False,ytd,0.3297,zona,Occidente,
5761d0ff-61b1-45de-b4ab-24a1ec89bd4d,Los Galo,El Mamón,b9aec7c4-1470-4f61-bd0a-c0e88dbbc5f4,Yaro El Chaer,Occidente,238570,Y07,6,2026,336.1,111,30,111,False,False,ytd,0.3297,zona,Occidente,
5761d0ff-61b1-45de-b4ab-24a1ec89bd4d,Los Galo,El Mamón,b9aec7c4-1470-4f61-bd0a-c0e88dbbc5f4,Yaro El Chaer,Occidente,238570,Y07,5,2026,186.075,0,1,61.36,True,True,ytd,0.3297,zona,Occidente,
5761d0ff-61b1-45de-b4ab-24a1ec89bd4d,Los Galo,El Mamón,b9aec7c4-1470-4f61-bd0a-c0e88dbbc5f4,Yaro El Chaer,Occidente,238570,Y07,4,2026,91.4,,0,30.14,True,False,ytd,0.3297,zona,Occidente,
5761d0ff-61b1-45de-b4ab-24a1ec89bd4d,Los Galo,El Mamón,b9aec7c4-1470-4f61-bd0a-c0e88dbbc5f4,Yaro El Chaer,Occidente,238570,Y07,3,2026,8.4,,0,2.77,True,False,ytd,0.3297,zona,Occidente,
5761d0ff-61b1-45de-b4ab-24a1ec89bd4d,Los Galo,El Mamón,b9aec7c4-1470-4f61-bd0a-c0e88dbbc5f4,Yaro El Chaer,Occidente,238570,Y07,2,2026,1.4,,0,0.46,True,False,ytd,0.3297,zona,Occidente,
5761d0ff-61b1-45de-b4ab-24a1ec89bd4d,Los Galo,El Mamón,b9aec7c4-1470-4f61-bd0a-c0e88dbbc5f4,Yaro El Chaer,Occidente,238570,Y07,1,2026,2,,0,0.66,True,False,ytd,0.3297,zona,Occidente,
62c59f2f-0277-4f65-bbce-b4c9eb443417,Los Galo,El Samán,b9aec7c4-1470-4f61-bd0a-c0e88dbbc5f4,Yaro El Chaer,Occidente,238570,Y07,12,2026,13.225,,0,4.36,True,False,ytd,0.3297,zona,Occidente,
62c59f2f-0277-4f65-bbce-b4c9eb443417,Los Galo,El Samán,b9aec7c4-1470-4f61-bd0a-c0e88dbbc5f4,Yaro El Chaer,Occidente,238570,Y07,11,2026,30.475,,0,10.05,True,False,ytd,0.3297,zona,Occidente,
62c59f2f-0277-4f65-bbce-b4c9eb443417,Los Galo,El Samán,b9aec7c4-1470-4f61-bd0a-c0e88dbbc5f4,Yaro El Chaer,Occidente,238570,Y07,10,2026,84.425,,0,27.84,True,False,ytd,0.3297,zona,Occidente,
62c59f2f-0277-4f65-bbce-b4c9eb443417,Los Galo,El Samán,b9aec7c4-1470-4f61-bd0a-c0e88dbbc5f4,Yaro El Chaer,Occidente,238570,Y07,9,2026,168.375,,0,55.52,True,False,ytd,0.3297,zona,Occidente,
62c59f2f-0277-4f65-bbce-b4c9eb443417,Los Galo,El Samán,b9aec7c4-1470-4f61-bd0a-c0e88dbbc5f4,Yaro El Chaer,Occidente,238570,Y07,8,2026,191.45,0,2,63.13,True,True,ytd,0.3297,zona,Occidente,
62c59f2f-0277-4f65-bbce-b4c9eb443417,Los Galo,El Samán,b9aec7c4-1470-4f61-bd0a-c0e88dbbc5f4,Yaro El Chaer,Occidente,238570,Y07,7,2026,333.525,109.8,26,109.8,False,False,ytd,0.3297,zona,Occidente,
62c59f2f-0277-4f65-bbce-b4c9eb443417,Los Galo,El Samán,b9aec7c4-1470-4f61-bd0a-c0e88dbbc5f4,Yaro El Chaer,Occidente,238570,Y07,6,2026,336.1,111,30,111,False,False,ytd,0.3297,zona,Occidente,
62c59f2f-0277-4f65-bbce-b4c9eb443417,Los Galo,El Samán,b9aec7c4-1470-4f61-bd0a-c0e88dbbc5f4,Yaro El Chaer,Occidente,238570,Y07,5,2026,186.075,0,1,61.36,True,True,ytd,0.3297,zona,Occidente,
62c59f2f-0277-4f65-bbce-b4c9eb443417,Los Galo,El Samán,b9aec7c4-1470-4f61-bd0a-c0e88dbbc5f4,Yaro El Chaer,Occidente,238570,Y07,4,2026,91.4,,0,30.14,True,False,ytd,0.3297,zona,Occidente,
62c59f2f-0277-4f65-bbce-b4c9eb443417,Los Galo,El Samán,b9aec7c4-1470-4f61-bd0a-c0e88dbbc5f4,Yaro El Chaer,Occidente,238570,Y07,3,2026,8.4,,0,2.77,True,False,ytd,0.3297,zona,Occidente,
62c59f2f-0277-4f65-bbce-b4c9eb443417,Los Galo,El Samán,b9aec7c4-1470-4f61-bd0a-c0e88dbbc5f4,Yaro El Chaer,Occidente,238570,Y07,2,2026,1.4,,0,0.46,True,False,ytd,0.3297,zona,Occidente,
62c59f2f-0277-4f65-bbce-b4c9eb443417,Los Galo,El Samán,b9aec7c4-1470-4f61-bd0a-c0e88dbbc5f4,Yaro El Chaer,Occidente,238570,Y07,1,2026,2,,0,0.66,True,False,ytd,0.3297,zona,Occidente,
0af30eaf-3848-4a2b-b3f1-a229206ffc25,Los Galo,La Autopista,b9aec7c4-1470-4f61-bd0a-c0e88dbbc5f4,Yaro El Chaer,Occidente,238570,Y07,12,2026,13.225,,0,4.36,True,False,ytd,0.3297,zona,Occidente,
0af30eaf-3848-4a2b-b3f1-a229206ffc25,Los Galo,La Autopista,b9aec7c4-1470-4f61-bd0a-c0e88dbbc5f4,Yaro El Chaer,Occidente,238570,Y07,11,2026,30.475,,0,10.05,True,False,ytd,0.3297,zona,Occidente,
0af30eaf-3848-4a2b-b3f1-a229206ffc25,Los Galo,La Autopista,b9aec7c4-1470-4f61-bd0a-c0e88dbbc5f4,Yaro El Chaer,Occidente,238570,Y07,10,2026,84.425,,0,27.84,True,False,ytd,0.3297,zona,Occidente,
0af30eaf-3848-4a2b-b3f1-a229206ffc25,Los Galo,La Autopista,b9aec7c4-1470-4f61-bd0a-c0e88dbbc5f4,Yaro El Chaer,Occidente,238570,Y07,9,2026,168.375,,0,55.52,True,False,ytd,0.3297,zona,Occidente,
0af30eaf-3848-4a2b-b3f1-a229206ffc25,Los Galo,La Autopista,b9aec7c4-1470-4f61-bd0a-c0e88dbbc5f4,Yaro El Chaer,Occidente,238570,Y07,8,2026,191.45,0,2,63.13,True,True,ytd,0.3297,zona,Occidente,
0af30eaf-3848-4a2b-b3f1-a229206ffc25,Los Galo,La Autopista,b9aec7c4-1470-4f61-bd0a-c0e88dbbc5f4,Yaro El Chaer,Occidente,238570,Y07,7,2026,333.525,109.8,26,109.8,False,False,ytd,0.3297,zona,Occidente,
0af30eaf-3848-4a2b-b3f1-a229206ffc25,Los Galo,La Autopista,b9aec7c4-1470-4f61-bd0a-c0e88dbbc5f4,Yaro El Chaer,Occidente,238570,Y07,6,2026,336.1,111,30,111,False,False,ytd,0.3297,zona,Occidente,
0af30eaf-3848-4a2b-b3f1-a229206ffc25,Los Galo,La Autopista,b9aec7c4-1470-4f61-bd0a-c0e88dbbc5f4,Yaro El Chaer,Occidente,238570,Y07,5,2026,186.075,0,1,61.36,True,True,ytd,0.3297,zona,Occidente,
0af30eaf-3848-4a2b-b3f1-a229206ffc25,Los Galo,La Autopista,b9aec7c4-1470-4f61-bd0a-c0e88dbbc5f4,Yaro El Chaer,Occidente,238570,Y07,4,2026,91.4,,0,30.14,True,False,ytd,0.3297,zona,Occidente,
0af30eaf-3848-4a2b-b3f1-a229206ffc25,Los Galo,La Autopista,b9aec7c4-1470-4f61-bd0a-c0e88dbbc5f4,Yaro El Chaer,Occidente,238570,Y07,3,2026,8.4,,0,2.77,True,False,ytd,0.3297,zona,Occidente,
0af30eaf-3848-4a2b-b3f1-a229206ffc25,Los Galo,La Autopista,b9aec7c4-1470-4f61-bd0a-c0e88dbbc5f4,Yaro El Chaer,Occidente,238570,Y07,2,2026,1.4,,0,0.46,True,False,ytd,0.3297,zona,Occidente,
0af30eaf-3848-4a2b-b3f1-a229206ffc25,Los Galo,La Autopista,b9aec7c4-1470-4f61-bd0a-c0e88dbbc5f4,Yaro El Chaer,Occidente,238570,Y07,1,2026,2,,0,0.66,True,False,ytd,0.3297,zona,Occidente,
31d09810-1abe-4f2e-8893-aeea6b7d205a,Los Nivillos Mahomar,Casa Nueva,92a16a00-1e29-48af-9648-9332f0beb3c1,Jose Gregorio Balza Fajardo,Oriente,213617,G06,12,2026,60.6,,0,26.36,True,False,ytd,0.4351,propio,213617,0
31d09810-1abe-4f2e-8893-aeea6b7d205a,Los Nivillos Mahomar,Casa Nueva,92a16a00-1e29-48af-9648-9332f0beb3c1,Jose Gregorio Balza Fajardo,Oriente,213617,G06,11,2026,106.6,,0,46.38,True,False,ytd,0.4351,propio,213617,0
31d09810-1abe-4f2e-8893-aeea6b7d205a,Los Nivillos Mahomar,Casa Nueva,92a16a00-1e29-48af-9648-9332f0beb3c1,Jose Gregorio Balza Fajardo,Oriente,213617,G06,10,2026,41,,0,17.84,True,False,ytd,0.4351,propio,213617,0
31d09810-1abe-4f2e-8893-aeea6b7d205a,Los Nivillos Mahomar,Casa Nueva,92a16a00-1e29-48af-9648-9332f0beb3c1,Jose Gregorio Balza Fajardo,Oriente,213617,G06,9,2026,14,,0,6.09,True,False,ytd,0.4351,propio,213617,0
31d09810-1abe-4f2e-8893-aeea6b7d205a,Los Nivillos Mahomar,Casa Nueva,92a16a00-1e29-48af-9648-9332f0beb3c1,Jose Gregorio Balza Fajardo,Oriente,213617,G06,8,2026,54,0,2,23.49,True,True,ytd,0.4351,propio,213617,0
31d09810-1abe-4f2e-8893-aeea6b7d205a,Los Nivillos Mahomar,Casa Nueva,92a16a00-1e29-48af-9648-9332f0beb3c1,Jose Gregorio Balza Fajardo,Oriente,213617,G06,7,2026,393,92.6,29,92.6,False,False,ytd,0.4351,propio,213617,0
31d09810-1abe-4f2e-8893-aeea6b7d205a,Los Nivillos Mahomar,Casa Nueva,92a16a00-1e29-48af-9648-9332f0beb3c1,Jose Gregorio Balza Fajardo,Oriente,213617,G06,6,2026,196.8,164,30,164,False,False,ytd,0.4351,propio,213617,0
31d09810-1abe-4f2e-8893-aeea6b7d205a,Los Nivillos Mahomar,Casa Nueva,92a16a00-1e29-48af-9648-9332f0beb3c1,Jose Gregorio Balza Fajardo,Oriente,213617,G06,5,2026,,108.2,31,108.2,False,False,ytd,0.4351,propio,213617,0
31d09810-1abe-4f2e-8893-aeea6b7d205a,Los Nivillos Mahomar,Casa Nueva,92a16a00-1e29-48af-9648-9332f0beb3c1,Jose Gregorio Balza Fajardo,Oriente,213617,G06,4,2026,,2.2,29,2.2,False,False,ytd,0.4351,propio,213617,0
31d09810-1abe-4f2e-8893-aeea6b7d205a,Los Nivillos Mahomar,Casa Nueva,92a16a00-1e29-48af-9648-9332f0beb3c1,Jose Gregorio Balza Fajardo,Oriente,213617,G06,3,2026,,0,31,0,False,False,ytd,0.4351,propio,213617,0
31d09810-1abe-4f2e-8893-aeea6b7d205a,Los Nivillos Mahomar,Casa Nueva,92a16a00-1e29-48af-9648-9332f0beb3c1,Jose Gregorio Balza Fajardo,Oriente,213617,G06,2,2026,,0,28,0,False,False,ytd,0.4351,propio,213617,0
31d09810-1abe-4f2e-8893-aeea6b7d205a,Los Nivillos Mahomar,Casa Nueva,92a16a00-1e29-48af-9648-9332f0beb3c1,Jose Gregorio Balza Fajardo,Oriente,213617,G06,1,2026,,38.2,31,38.2,False,False,ytd,0.4351,propio,213617,0
52e348b0-4918-4158-a5d7-3472e0b0854d,Los Nivillos Mahomar,L01 LOTE CIRUELA ABAJO,92a16a00-1e29-48af-9648-9332f0beb3c1,Jose Gregorio Balza Fajardo,Oriente,213617,G06,12,2026,60.6,,0,26.36,True,False,ytd,0.4351,propio,213617,0
52e348b0-4918-4158-a5d7-3472e0b0854d,Los Nivillos Mahomar,L01 LOTE CIRUELA ABAJO,92a16a00-1e29-48af-9648-9332f0beb3c1,Jose Gregorio Balza Fajardo,Oriente,213617,G06,11,2026,106.6,,0,46.38,True,False,ytd,0.4351,propio,213617,0
52e348b0-4918-4158-a5d7-3472e0b0854d,Los Nivillos Mahomar,L01 LOTE CIRUELA ABAJO,92a16a00-1e29-48af-9648-9332f0beb3c1,Jose Gregorio Balza Fajardo,Oriente,213617,G06,10,2026,41,,0,17.84,True,False,ytd,0.4351,propio,213617,0
52e348b0-4918-4158-a5d7-3472e0b0854d,Los Nivillos Mahomar,L01 LOTE CIRUELA ABAJO,92a16a00-1e29-48af-9648-9332f0beb3c1,Jose Gregorio Balza Fajardo,Oriente,213617,G06,9,2026,14,,0,6.09,True,False,ytd,0.4351,propio,213617,0
52e348b0-4918-4158-a5d7-3472e0b0854d,Los Nivillos Mahomar,L01 LOTE CIRUELA ABAJO,92a16a00-1e29-48af-9648-9332f0beb3c1,Jose Gregorio Balza Fajardo,Oriente,213617,G06,8,2026,54,0,2,23.49,True,True,ytd,0.4351,propio,213617,0
52e348b0-4918-4158-a5d7-3472e0b0854d,Los Nivillos Mahomar,L01 LOTE CIRUELA ABAJO,92a16a00-1e29-48af-9648-9332f0beb3c1,Jose Gregorio Balza Fajardo,Oriente,213617,G06,7,2026,393,92.6,29,92.6,False,False,ytd,0.4351,propio,213617,0
52e348b0-4918-4158-a5d7-3472e0b0854d,Los Nivillos Mahomar,L01 LOTE CIRUELA ABAJO,92a16a00-1e29-48af-9648-9332f0beb3c1,Jose Gregorio Balza Fajardo,Oriente,213617,G06,6,2026,196.8,164,30,164,False,False,ytd,0.4351,propio,213617,0
52e348b0-4918-4158-a5d7-3472e0b0854d,Los Nivillos Mahomar,L01 LOTE CIRUELA ABAJO,92a16a00-1e29-48af-9648-9332f0beb3c1,Jose Gregorio Balza Fajardo,Oriente,213617,G06,5,2026,,108.2,31,108.2,False,False,ytd,0.4351,propio,213617,0
52e348b0-4918-4158-a5d7-3472e0b0854d,Los Nivillos Mahomar,L01 LOTE CIRUELA ABAJO,92a16a00-1e29-48af-9648-9332f0beb3c1,Jose Gregorio Balza Fajardo,Oriente,213617,G06,4,2026,,2.2,29,2.2,False,False,ytd,0.4351,propio,213617,0
52e348b0-4918-4158-a5d7-3472e0b0854d,Los Nivillos Mahomar,L01 LOTE CIRUELA ABAJO,92a16a00-1e29-48af-9648-9332f0beb3c1,Jose Gregorio Balza Fajardo,Oriente,213617,G06,3,2026,,0,31,0,False,False,ytd,0.4351,propio,213617,0
52e348b0-4918-4158-a5d7-3472e0b0854d,Los Nivillos Mahomar,L01 LOTE CIRUELA ABAJO,92a16a00-1e29-48af-9648-9332f0beb3c1,Jose Gregorio Balza Fajardo,Oriente,213617,G06,2,2026,,0,28,0,False,False,ytd,0.4351,propio,213617,0
52e348b0-4918-4158-a5d7-3472e0b0854d,Los Nivillos Mahomar,L01 LOTE CIRUELA ABAJO,92a16a00-1e29-48af-9648-9332f0beb3c1,Jose Gregorio Balza Fajardo,Oriente,213617,G06,1,2026,,38.2,31,38.2,False,False,ytd,0.4351,propio,213617,0
6c7f9251-0153-4ab2-9c81-5077ced0d92e,Los Nivillos Mahomar,L02 LOTE CIRUELA ARRIBA,92a16a00-1e29-48af-9648-9332f0beb3c1,Jose Gregorio Balza Fajardo,Oriente,213617,G06,12,2026,60.6,,0,26.36,True,False,ytd,0.4351,propio,213617,0
6c7f9251-0153-4ab2-9c81-5077ced0d92e,Los Nivillos Mahomar,L02 LOTE CIRUELA ARRIBA,92a16a00-1e29-48af-9648-9332f0beb3c1,Jose Gregorio Balza Fajardo,Oriente,213617,G06,11,2026,106.6,,0,46.38,True,False,ytd,0.4351,propio,213617,0
6c7f9251-0153-4ab2-9c81-5077ced0d92e,Los Nivillos Mahomar,L02 LOTE CIRUELA ARRIBA,92a16a00-1e29-48af-9648-9332f0beb3c1,Jose Gregorio Balza Fajardo,Oriente,213617,G06,10,2026,41,,0,17.84,True,False,ytd,0.4351,propio,213617,0
6c7f9251-0153-4ab2-9c81-5077ced0d92e,Los Nivillos Mahomar,L02 LOTE CIRUELA ARRIBA,92a16a00-1e29-48af-9648-9332f0beb3c1,Jose Gregorio Balza Fajardo,Oriente,213617,G06,9,2026,14,,0,6.09,True,False,ytd,0.4351,propio,213617,0
6c7f9251-0153-4ab2-9c81-5077ced0d92e,Los Nivillos Mahomar,L02 LOTE CIRUELA ARRIBA,92a16a00-1e29-48af-9648-9332f0beb3c1,Jose Gregorio Balza Fajardo,Oriente,213617,G06,8,2026,54,0,2,23.49,True,True,ytd,0.4351,propio,213617,0
6c7f9251-0153-4ab2-9c81-5077ced0d92e,Los Nivillos Mahomar,L02 LOTE CIRUELA ARRIBA,92a16a00-1e29-48af-9648-9332f0beb3c1,Jose Gregorio Balza Fajardo,Oriente,213617,G06,7,2026,393,92.6,29,92.6,False,False,ytd,0.4351,propio,213617,0
6c7f9251-0153-4ab2-9c81-5077ced0d92e,Los Nivillos Mahomar,L02 LOTE CIRUELA ARRIBA,92a16a00-1e29-48af-9648-9332f0beb3c1,Jose Gregorio Balza Fajardo,Oriente,213617,G06,6,2026,196.8,164,30,164,False,False,ytd,0.4351,propio,213617,0
6c7f9251-0153-4ab2-9c81-5077ced0d92e,Los Nivillos Mahomar,L02 LOTE CIRUELA ARRIBA,92a16a00-1e29-48af-9648-9332f0beb3c1,Jose Gregorio Balza Fajardo,Oriente,213617,G06,5,2026,,108.2,31,108.2,False,False,ytd,0.4351,propio,213617,0
6c7f9251-0153-4ab2-9c81-5077ced0d92e,Los Nivillos Mahomar,L02 LOTE CIRUELA ARRIBA,92a16a00-1e29-48af-9648-9332f0beb3c1,Jose Gregorio Balza Fajardo,Oriente,213617,G06,4,2026,,2.2,29,2.2,False,False,ytd,0.4351,propio,213617,0
6c7f9251-0153-4ab2-9c81-5077ced0d92e,Los Nivillos Mahomar,L02 LOTE CIRUELA ARRIBA,92a16a00-1e29-48af-9648-9332f0beb3c1,Jose Gregorio Balza Fajardo,Oriente,213617,G06,3,2026,,0,31,0,False,False,ytd,0.4351,propio,213617,0
6c7f9251-0153-4ab2-9c81-5077ced0d92e,Los Nivillos Mahomar,L02 LOTE CIRUELA ARRIBA,92a16a00-1e29-48af-9648-9332f0beb3c1,Jose Gregorio Balza Fajardo,Oriente,213617,G06,2,2026,,0,28,0,False,False,ytd,0.4351,propio,213617,0
6c7f9251-0153-4ab2-9c81-5077ced0d92e,Los Nivillos Mahomar,L02 LOTE CIRUELA ARRIBA,92a16a00-1e29-48af-9648-9332f0beb3c1,Jose Gregorio Balza Fajardo,Oriente,213617,G06,1,2026,,38.2,31,38.2,False,False,ytd,0.4351,propio,213617,0
9ecbb6b7-df6e-41fa-82f1-33c41c1ce385,San Ramon,L01 LOTE EL TANQUE-A,715c7ef2-2748-4f8b-8586-1b5c3d385727,Oscar Luis Murillo Zerpa,Oriente,185450,G01,12,2026,37.6,,0,30.67,True,False,robusto,0.8157,propio,185450,0
9ecbb6b7-df6e-41fa-82f1-33c41c1ce385,San Ramon,L01 LOTE EL TANQUE-A,715c7ef2-2748-4f8b-8586-1b5c3d385727,Oscar Luis Murillo Zerpa,Oriente,185450,G01,11,2026,110.3,,0,89.98,True,False,robusto,0.8157,propio,185450,0
9ecbb6b7-df6e-41fa-82f1-33c41c1ce385,San Ramon,L01 LOTE EL TANQUE-A,715c7ef2-2748-4f8b-8586-1b5c3d385727,Oscar Luis Murillo Zerpa,Oriente,185450,G01,10,2026,57.7,,0,47.07,True,False,robusto,0.8157,propio,185450,0
9ecbb6b7-df6e-41fa-82f1-33c41c1ce385,San Ramon,L01 LOTE EL TANQUE-A,715c7ef2-2748-4f8b-8586-1b5c3d385727,Oscar Luis Murillo Zerpa,Oriente,185450,G01,9,2026,130.4,,0,106.37,True,False,robusto,0.8157,propio,185450,0
9ecbb6b7-df6e-41fa-82f1-33c41c1ce385,San Ramon,L01 LOTE EL TANQUE-A,715c7ef2-2748-4f8b-8586-1b5c3d385727,Oscar Luis Murillo Zerpa,Oriente,185450,G01,8,2026,116.6,0,2,95.11,True,True,robusto,0.8157,propio,185450,0
9ecbb6b7-df6e-41fa-82f1-33c41c1ce385,San Ramon,L01 LOTE EL TANQUE-A,715c7ef2-2748-4f8b-8586-1b5c3d385727,Oscar Luis Murillo Zerpa,Oriente,185450,G01,7,2026,178,145.2,31,145.2,False,False,robusto,0.8157,propio,185450,0
9ecbb6b7-df6e-41fa-82f1-33c41c1ce385,San Ramon,L01 LOTE EL TANQUE-A,715c7ef2-2748-4f8b-8586-1b5c3d385727,Oscar Luis Murillo Zerpa,Oriente,185450,G01,6,2026,90.8,75.8,30,75.8,False,False,robusto,0.8157,propio,185450,0
9ecbb6b7-df6e-41fa-82f1-33c41c1ce385,San Ramon,L01 LOTE EL TANQUE-A,715c7ef2-2748-4f8b-8586-1b5c3d385727,Oscar Luis Murillo Zerpa,Oriente,185450,G01,5,2026,153.9,64.4,31,64.4,False,False,robusto,0.8157,propio,185450,0
9ecbb6b7-df6e-41fa-82f1-33c41c1ce385,San Ramon,L01 LOTE EL TANQUE-A,715c7ef2-2748-4f8b-8586-1b5c3d385727,Oscar Luis Murillo Zerpa,Oriente,185450,G01,4,2026,79.8,27,30,27,False,False,robusto,0.8157,propio,185450,0
9ecbb6b7-df6e-41fa-82f1-33c41c1ce385,San Ramon,L01 LOTE EL TANQUE-A,715c7ef2-2748-4f8b-8586-1b5c3d385727,Oscar Luis Murillo Zerpa,Oriente,185450,G01,3,2026,0,0,31,0,False,False,robusto,0.8157,propio,185450,0
9ecbb6b7-df6e-41fa-82f1-33c41c1ce385,San Ramon,L01 LOTE EL TANQUE-A,715c7ef2-2748-4f8b-8586-1b5c3d385727,Oscar Luis Murillo Zerpa,Oriente,185450,G01,2,2026,0,0,28,0,False,False,robusto,0.8157,propio,185450,0
9ecbb6b7-df6e-41fa-82f1-33c41c1ce385,San Ramon,L01 LOTE EL TANQUE-A,715c7ef2-2748-4f8b-8586-1b5c3d385727,Oscar Luis Murillo Zerpa,Oriente,185450,G01,1,2026,9,15.4,31,15.4,False,False,robusto,0.8157,propio,185450,0
39be1485-960a-4125-9713-2e2bd8d33f7b,San Ramon,L02 LOTE EL TANQUE-B,715c7ef2-2748-4f8b-8586-1b5c3d385727,Oscar Luis Murillo Zerpa,Oriente,185450,G01,12,2026,37.6,,0,30.67,True,False,robusto,0.8157,propio,185450,0
39be1485-960a-4125-9713-2e2bd8d33f7b,San Ramon,L02 LOTE EL TANQUE-B,715c7ef2-2748-4f8b-8586-1b5c3d385727,Oscar Luis Murillo Zerpa,Oriente,185450,G01,11,2026,110.3,,0,89.98,True,False,robusto,0.8157,propio,185450,0
39be1485-960a-4125-9713-2e2bd8d33f7b,San Ramon,L02 LOTE EL TANQUE-B,715c7ef2-2748-4f8b-8586-1b5c3d385727,Oscar Luis Murillo Zerpa,Oriente,185450,G01,10,2026,57.7,,0,47.07,True,False,robusto,0.8157,propio,185450,0
39be1485-960a-4125-9713-2e2bd8d33f7b,San Ramon,L02 LOTE EL TANQUE-B,715c7ef2-2748-4f8b-8586-1b5c3d385727,Oscar Luis Murillo Zerpa,Oriente,185450,G01,9,2026,130.4,,0,106.37,True,False,robusto,0.8157,propio,185450,0
39be1485-960a-4125-9713-2e2bd8d33f7b,San Ramon,L02 LOTE EL TANQUE-B,715c7ef2-2748-4f8b-8586-1b5c3d385727,Oscar Luis Murillo Zerpa,Oriente,185450,G01,8,2026,116.6,0,2,95.11,True,True,robusto,0.8157,propio,185450,0
39be1485-960a-4125-9713-2e2bd8d33f7b,San Ramon,L02 LOTE EL TANQUE-B,715c7ef2-2748-4f8b-8586-1b5c3d385727,Oscar Luis Murillo Zerpa,Oriente,185450,G01,7,2026,178,145.2,31,145.2,False,False,robusto,0.8157,propio,185450,0
39be1485-960a-4125-9713-2e2bd8d33f7b,San Ramon,L02 LOTE EL TANQUE-B,715c7ef2-2748-4f8b-8586-1b5c3d385727,Oscar Luis Murillo Zerpa,Oriente,185450,G01,6,2026,90.8,75.8,30,75.8,False,False,robusto,0.8157,propio,185450,0
39be1485-960a-4125-9713-2e2bd8d33f7b,San Ramon,L02 LOTE EL TANQUE-B,715c7ef2-2748-4f8b-8586-1b5c3d385727,Oscar Luis Murillo Zerpa,Oriente,185450,G01,5,2026,153.9,64.4,31,64.4,False,False,robusto,0.8157,propio,185450,0
39be1485-960a-4125-9713-2e2bd8d33f7b,San Ramon,L02 LOTE EL TANQUE-B,715c7ef2-2748-4f8b-8586-1b5c3d385727,Oscar Luis Murillo Zerpa,Oriente,185450,G01,4,2026,79.8,27,30,27,False,False,robusto,0.8157,propio,185450,0
39be1485-960a-4125-9713-2e2bd8d33f7b,San Ramon,L02 LOTE EL TANQUE-B,715c7ef2-2748-4f8b-8586-1b5c3d385727,Oscar Luis Murillo Zerpa,Oriente,185450,G01,3,2026,0,0,31,0,False,False,robusto,0.8157,propio,185450,0
39be1485-960a-4125-9713-2e2bd8d33f7b,San Ramon,L02 LOTE EL TANQUE-B,715c7ef2-2748-4f8b-8586-1b5c3d385727,Oscar Luis Murillo Zerpa,Oriente,185450,G01,2,2026,0,0,28,0,False,False,robusto,0.8157,propio,185450,0
39be1485-960a-4125-9713-2e2bd8d33f7b,San Ramon,L02 LOTE EL TANQUE-B,715c7ef2-2748-4f8b-8586-1b5c3d385727,Oscar Luis Murillo Zerpa,Oriente,185450,G01,1,2026,9,15.4,31,15.4,False,False,robusto,0.8157,propio,185450,0
ace057d6-8a5d-4546-8bc4-2ed4f62abe2d,San Ramon,L03 LOTE IGUANITAS,715c7ef2-2748-4f8b-8586-1b5c3d385727,Oscar Luis Murillo Zerpa,Oriente,185450,G01,12,2026,37.6,,0,30.67,True,False,robusto,0.8157,propio,185450,0
ace057d6-8a5d-4546-8bc4-2ed4f62abe2d,San Ramon,L03 LOTE IGUANITAS,715c7ef2-2748-4f8b-8586-1b5c3d385727,Oscar Luis Murillo Zerpa,Oriente,185450,G01,11,2026,110.3,,0,89.98,True,False,robusto,0.8157,propio,185450,0
ace057d6-8a5d-4546-8bc4-2ed4f62abe2d,San Ramon,L03 LOTE IGUANITAS,715c7ef2-2748-4f8b-8586-1b5c3d385727,Oscar Luis Murillo Zerpa,Oriente,185450,G01,10,2026,57.7,,0,47.07,True,False,robusto,0.8157,propio,185450,0
ace057d6-8a5d-4546-8bc4-2ed4f62abe2d,San Ramon,L03 LOTE IGUANITAS,715c7ef2-2748-4f8b-8586-1b5c3d385727,Oscar Luis Murillo Zerpa,Oriente,185450,G01,9,2026,130.4,,0,106.37,True,False,robusto,0.8157,propio,185450,0
ace057d6-8a5d-4546-8bc4-2ed4f62abe2d,San Ramon,L03 LOTE IGUANITAS,715c7ef2-2748-4f8b-8586-1b5c3d385727,Oscar Luis Murillo Zerpa,Oriente,185450,G01,8,2026,116.6,0,2,95.11,True,True,robusto,0.8157,propio,185450,0
ace057d6-8a5d-4546-8bc4-2ed4f62abe2d,San Ramon,L03 LOTE IGUANITAS,715c7ef2-2748-4f8b-8586-1b5c3d385727,Oscar Luis Murillo Zerpa,Oriente,185450,G01,7,2026,178,145.2,31,145.2,False,False,robusto,0.8157,propio,185450,0
ace057d6-8a5d-4546-8bc4-2ed4f62abe2d,San Ramon,L03 LOTE IGUANITAS,715c7ef2-2748-4f8b-8586-1b5c3d385727,Oscar Luis Murillo Zerpa,Oriente,185450,G01,6,2026,90.8,75.8,30,75.8,False,False,robusto,0.8157,propio,185450,0
ace057d6-8a5d-4546-8bc4-2ed4f62abe2d,San Ramon,L03 LOTE IGUANITAS,715c7ef2-2748-4f8b-8586-1b5c3d385727,Oscar Luis Murillo Zerpa,Oriente,185450,G01,5,2026,153.9,64.4,31,64.4,False,False,robusto,0.8157,propio,185450,0
ace057d6-8a5d-4546-8bc4-2ed4f62abe2d,San Ramon,L03 LOTE IGUANITAS,715c7ef2-2748-4f8b-8586-1b5c3d385727,Oscar Luis Murillo Zerpa,Oriente,185450,G01,4,2026,79.8,27,30,27,False,False,robusto,0.8157,propio,185450,0
ace057d6-8a5d-4546-8bc4-2ed4f62abe2d,San Ramon,L03 LOTE IGUANITAS,715c7ef2-2748-4f8b-8586-1b5c3d385727,Oscar Luis Murillo Zerpa,Oriente,185450,G01,3,2026,0,0,31,0,False,False,robusto,0.8157,propio,185450,0
ace057d6-8a5d-4546-8bc4-2ed4f62abe2d,San Ramon,L03 LOTE IGUANITAS,715c7ef2-2748-4f8b-8586-1b5c3d385727,Oscar Luis Murillo Zerpa,Oriente,185450,G01,2,2026,0,0,28,0,False,False,robusto,0.8157,propio,185450,0
ace057d6-8a5d-4546-8bc4-2ed4f62abe2d,San Ramon,L03 LOTE IGUANITAS,715c7ef2-2748-4f8b-8586-1b5c3d385727,Oscar Luis Murillo Zerpa,Oriente,185450,G01,1,2026,9,15.4,31,15.4,False,False,robusto,0.8157,propio,185450,0
bb56be08-8160-45dd-83e5-218a67e81667,San Ramon,L04 LOS BECERROS,715c7ef2-2748-4f8b-8586-1b5c3d385727,Oscar Luis Murillo Zerpa,Oriente,185450,G01,12,2026,37.6,,0,30.67,True,False,robusto,0.8157,propio,185450,0
bb56be08-8160-45dd-83e5-218a67e81667,San Ramon,L04 LOS BECERROS,715c7ef2-2748-4f8b-8586-1b5c3d385727,Oscar Luis Murillo Zerpa,Oriente,185450,G01,11,2026,110.3,,0,89.98,True,False,robusto,0.8157,propio,185450,0
bb56be08-8160-45dd-83e5-218a67e81667,San Ramon,L04 LOS BECERROS,715c7ef2-2748-4f8b-8586-1b5c3d385727,Oscar Luis Murillo Zerpa,Oriente,185450,G01,10,2026,57.7,,0,47.07,True,False,robusto,0.8157,propio,185450,0
bb56be08-8160-45dd-83e5-218a67e81667,San Ramon,L04 LOS BECERROS,715c7ef2-2748-4f8b-8586-1b5c3d385727,Oscar Luis Murillo Zerpa,Oriente,185450,G01,9,2026,130.4,,0,106.37,True,False,robusto,0.8157,propio,185450,0
bb56be08-8160-45dd-83e5-218a67e81667,San Ramon,L04 LOS BECERROS,715c7ef2-2748-4f8b-8586-1b5c3d385727,Oscar Luis Murillo Zerpa,Oriente,185450,G01,8,2026,116.6,0,2,95.11,True,True,robusto,0.8157,propio,185450,0
bb56be08-8160-45dd-83e5-218a67e81667,San Ramon,L04 LOS BECERROS,715c7ef2-2748-4f8b-8586-1b5c3d385727,Oscar Luis Murillo Zerpa,Oriente,185450,G01,7,2026,178,145.2,31,145.2,False,False,robusto,0.8157,propio,185450,0
bb56be08-8160-45dd-83e5-218a67e81667,San Ramon,L04 LOS BECERROS,715c7ef2-2748-4f8b-8586-1b5c3d385727,Oscar Luis Murillo Zerpa,Oriente,185450,G01,6,2026,90.8,75.8,30,75.8,False,False,robusto,0.8157,propio,185450,0
bb56be08-8160-45dd-83e5-218a67e81667,San Ramon,L04 LOS BECERROS,715c7ef2-2748-4f8b-8586-1b5c3d385727,Oscar Luis Murillo Zerpa,Oriente,185450,G01,5,2026,153.9,64.4,31,64.4,False,False,robusto,0.8157,propio,185450,0
bb56be08-8160-45dd-83e5-218a67e81667,San Ramon,L04 LOS BECERROS,715c7ef2-2748-4f8b-8586-1b5c3d385727,Oscar Luis Murillo Zerpa,Oriente,185450,G01,4,2026,79.8,27,30,27,False,False,robusto,0.8157,propio,185450,0
bb56be08-8160-45dd-83e5-218a67e81667,San Ramon,L04 LOS BECERROS,715c7ef2-2748-4f8b-8586-1b5c3d385727,Oscar Luis Murillo Zerpa,Oriente,185450,G01,3,2026,0,0,31,0,False,False,robusto,0.8157,propio,185450,0
bb56be08-8160-45dd-83e5-218a67e81667,San Ramon,L04 LOS BECERROS,715c7ef2-2748-4f8b-8586-1b5c3d385727,Oscar Luis Murillo Zerpa,Oriente,185450,G01,2,2026,0,0,28,0,False,False,robusto,0.8157,propio,185450,0
bb56be08-8160-45dd-83e5-218a67e81667,San Ramon,L04 LOS BECERROS,715c7ef2-2748-4f8b-8586-1b5c3d385727,Oscar Luis Murillo Zerpa,Oriente,185450,G01,1,2026,9,15.4,31,15.4,False,False,robusto,0.8157,propio,185450,0
faf0be94-659e-4daa-84d8-ee6f885a7d00,Santa Barbara,La Victoria 1,5a9b8249-8e06-42bd-b062-9b49cd3b64a7,Henry Jose Cordones Linarez,Occidente,,P20,,,,,,,,,,,,,
1103e049-e324-423a-8e71-672ffdd945bf,Santa Barbara,La Victoria 2,5a9b8249-8e06-42bd-b062-9b49cd3b64a7,Henry Jose Cordones Linarez,Occidente,,P20,,,,,,,,,,,,,
0d20a4b1-19d2-4fe1-a737-91ab00057888,Santa Barbara,La Victoria 3,5a9b8249-8e06-42bd-b062-9b49cd3b64a7,Henry Jose Cordones Linarez,Occidente,,P20,,,,,,,,,,,,,
dec08db8-4f38-4fbe-b300-b57b9b475a46,Santa Barbara,La Victoria 4,5a9b8249-8e06-42bd-b062-9b49cd3b64a7,Henry Jose Cordones Linarez,Occidente,,P20,,,,,,,,,,,,,
33b65c11-1af9-48b7-a091-a2bcbd90a283,Santa Barbara,Santa Barbara 1,5a9b8249-8e06-42bd-b062-9b49cd3b64a7,Henry Jose Cordones Linarez,Occidente,,P20,,,,,,,,,,,,,
29c131eb-54d5-4bc2-8fe1-a08c5bbf3caf,Santa Barbara,Santa Barbara 2,5a9b8249-8e06-42bd-b062-9b49cd3b64a7,Henry Jose Cordones Linarez,Occidente,,P20,,,,,,,,,,,,,
87ab0cdc-b271-45ec-b6ca-2fa8eec7e97c,Santa Barbara,Santa Barbara 3,5a9b8249-8e06-42bd-b062-9b49cd3b64a7,Henry Jose Cordones Linarez,Occidente,,P20,,,,,,,,,,,,,
636e6781-bf99-4d9d-b330-d0e5afaa63f0,Santa Elena,L01 ARENERO 1 LOTE-02,72a75845-cb8e-410a-a02f-b440bc00c0a3,Milko Pagliarella Di Berardin,Occidente,184921,P01,12,2026,10.1,,0,2.96,True,False,robusto,0.2932,propio,184921,0
636e6781-bf99-4d9d-b330-d0e5afaa63f0,Santa Elena,L01 ARENERO 1 LOTE-02,72a75845-cb8e-410a-a02f-b440bc00c0a3,Milko Pagliarella Di Berardin,Occidente,184921,P01,11,2026,39.5,,0,11.58,True,False,robusto,0.2932,propio,184921,0
636e6781-bf99-4d9d-b330-d0e5afaa63f0,Santa Elena,L01 ARENERO 1 LOTE-02,72a75845-cb8e-410a-a02f-b440bc00c0a3,Milko Pagliarella Di Berardin,Occidente,184921,P01,10,2026,58.3,,0,17.09,True,False,robusto,0.2932,propio,184921,0
636e6781-bf99-4d9d-b330-d0e5afaa63f0,Santa Elena,L01 ARENERO 1 LOTE-02,72a75845-cb8e-410a-a02f-b440bc00c0a3,Milko Pagliarella Di Berardin,Occidente,184921,P01,9,2026,165.3,,0,48.47,True,False,robusto,0.2932,propio,184921,0
636e6781-bf99-4d9d-b330-d0e5afaa63f0,Santa Elena,L01 ARENERO 1 LOTE-02,72a75845-cb8e-410a-a02f-b440bc00c0a3,Milko Pagliarella Di Berardin,Occidente,184921,P01,8,2026,181.6,0.2,2,53.25,True,True,robusto,0.2932,propio,184921,0
636e6781-bf99-4d9d-b330-d0e5afaa63f0,Santa Elena,L01 ARENERO 1 LOTE-02,72a75845-cb8e-410a-a02f-b440bc00c0a3,Milko Pagliarella Di Berardin,Occidente,184921,P01,7,2026,219.1,261.8,25,261.8,False,False,robusto,0.2932,propio,184921,0
636e6781-bf99-4d9d-b330-d0e5afaa63f0,Santa Elena,L01 ARENERO 1 LOTE-02,72a75845-cb8e-410a-a02f-b440bc00c0a3,Milko Pagliarella Di Berardin,Occidente,184921,P01,6,2026,232.4,0,2,68.14,True,True,robusto,0.2932,propio,184921,0
636e6781-bf99-4d9d-b330-d0e5afaa63f0,Santa Elena,L01 ARENERO 1 LOTE-02,72a75845-cb8e-410a-a02f-b440bc00c0a3,Milko Pagliarella Di Berardin,Occidente,184921,P01,5,2026,301.1,,0,88.29,True,False,robusto,0.2932,propio,184921,0
636e6781-bf99-4d9d-b330-d0e5afaa63f0,Santa Elena,L01 ARENERO 1 LOTE-02,72a75845-cb8e-410a-a02f-b440bc00c0a3,Milko Pagliarella Di Berardin,Occidente,184921,P01,4,2026,91.4,26.8,21,26.8,False,False,robusto,0.2932,propio,184921,0
636e6781-bf99-4d9d-b330-d0e5afaa63f0,Santa Elena,L01 ARENERO 1 LOTE-02,72a75845-cb8e-410a-a02f-b440bc00c0a3,Milko Pagliarella Di Berardin,Occidente,184921,P01,3,2026,8.4,2.4,31,2.4,False,False,robusto,0.2932,propio,184921,0
636e6781-bf99-4d9d-b330-d0e5afaa63f0,Santa Elena,L01 ARENERO 1 LOTE-02,72a75845-cb8e-410a-a02f-b440bc00c0a3,Milko Pagliarella Di Berardin,Occidente,184921,P01,2,2026,1.4,3.2,28,3.2,False,False,robusto,0.2932,propio,184921,0
636e6781-bf99-4d9d-b330-d0e5afaa63f0,Santa Elena,L01 ARENERO 1 LOTE-02,72a75845-cb8e-410a-a02f-b440bc00c0a3,Milko Pagliarella Di Berardin,Occidente,184921,P01,1,2026,2,1.4,31,1.4,False,False,robusto,0.2932,propio,184921,0
f4157ba3-dde7-4f06-af33-b6b5be35d752,Santa Elena,L03 RIO 2 LOTE-03,72a75845-cb8e-410a-a02f-b440bc00c0a3,Milko Pagliarella Di Berardin,Occidente,184921,P01,12,2026,10.1,,0,2.96,True,False,robusto,0.2932,propio,184921,0
f4157ba3-dde7-4f06-af33-b6b5be35d752,Santa Elena,L03 RIO 2 LOTE-03,72a75845-cb8e-410a-a02f-b440bc00c0a3,Milko Pagliarella Di Berardin,Occidente,184921,P01,11,2026,39.5,,0,11.58,True,False,robusto,0.2932,propio,184921,0
f4157ba3-dde7-4f06-af33-b6b5be35d752,Santa Elena,L03 RIO 2 LOTE-03,72a75845-cb8e-410a-a02f-b440bc00c0a3,Milko Pagliarella Di Berardin,Occidente,184921,P01,10,2026,58.3,,0,17.09,True,False,robusto,0.2932,propio,184921,0
f4157ba3-dde7-4f06-af33-b6b5be35d752,Santa Elena,L03 RIO 2 LOTE-03,72a75845-cb8e-410a-a02f-b440bc00c0a3,Milko Pagliarella Di Berardin,Occidente,184921,P01,9,2026,165.3,,0,48.47,True,False,robusto,0.2932,propio,184921,0
f4157ba3-dde7-4f06-af33-b6b5be35d752,Santa Elena,L03 RIO 2 LOTE-03,72a75845-cb8e-410a-a02f-b440bc00c0a3,Milko Pagliarella Di Berardin,Occidente,184921,P01,8,2026,181.6,0.2,2,53.25,True,True,robusto,0.2932,propio,184921,0
f4157ba3-dde7-4f06-af33-b6b5be35d752,Santa Elena,L03 RIO 2 LOTE-03,72a75845-cb8e-410a-a02f-b440bc00c0a3,Milko Pagliarella Di Berardin,Occidente,184921,P01,7,2026,219.1,261.8,25,261.8,False,False,robusto,0.2932,propio,184921,0
f4157ba3-dde7-4f06-af33-b6b5be35d752,Santa Elena,L03 RIO 2 LOTE-03,72a75845-cb8e-410a-a02f-b440bc00c0a3,Milko Pagliarella Di Berardin,Occidente,184921,P01,6,2026,232.4,0,2,68.14,True,True,robusto,0.2932,propio,184921,0
f4157ba3-dde7-4f06-af33-b6b5be35d752,Santa Elena,L03 RIO 2 LOTE-03,72a75845-cb8e-410a-a02f-b440bc00c0a3,Milko Pagliarella Di Berardin,Occidente,184921,P01,5,2026,301.1,,0,88.29,True,False,robusto,0.2932,propio,184921,0
f4157ba3-dde7-4f06-af33-b6b5be35d752,Santa Elena,L03 RIO 2 LOTE-03,72a75845-cb8e-410a-a02f-b440bc00c0a3,Milko Pagliarella Di Berardin,Occidente,184921,P01,4,2026,91.4,26.8,21,26.8,False,False,robusto,0.2932,propio,184921,0
f4157ba3-dde7-4f06-af33-b6b5be35d752,Santa Elena,L03 RIO 2 LOTE-03,72a75845-cb8e-410a-a02f-b440bc00c0a3,Milko Pagliarella Di Berardin,Occidente,184921,P01,3,2026,8.4,2.4,31,2.4,False,False,robusto,0.2932,propio,184921,0
f4157ba3-dde7-4f06-af33-b6b5be35d752,Santa Elena,L03 RIO 2 LOTE-03,72a75845-cb8e-410a-a02f-b440bc00c0a3,Milko Pagliarella Di Berardin,Occidente,184921,P01,2,2026,1.4,3.2,28,3.2,False,False,robusto,0.2932,propio,184921,0
f4157ba3-dde7-4f06-af33-b6b5be35d752,Santa Elena,L03 RIO 2 LOTE-03,72a75845-cb8e-410a-a02f-b440bc00c0a3,Milko Pagliarella Di Berardin,Occidente,184921,P01,1,2026,2,1.4,31,1.4,False,False,robusto,0.2932,propio,184921,0
497b62b2-4883-4b3e-9ca6-965561518187,Santa Elena,L04 LOTE RIO 1 LOTE-04,72a75845-cb8e-410a-a02f-b440bc00c0a3,Milko Pagliarella Di Berardin,Occidente,184921,P01,12,2026,10.1,,0,2.96,True,False,robusto,0.2932,propio,184921,0
497b62b2-4883-4b3e-9ca6-965561518187,Santa Elena,L04 LOTE RIO 1 LOTE-04,72a75845-cb8e-410a-a02f-b440bc00c0a3,Milko Pagliarella Di Berardin,Occidente,184921,P01,11,2026,39.5,,0,11.58,True,False,robusto,0.2932,propio,184921,0
497b62b2-4883-4b3e-9ca6-965561518187,Santa Elena,L04 LOTE RIO 1 LOTE-04,72a75845-cb8e-410a-a02f-b440bc00c0a3,Milko Pagliarella Di Berardin,Occidente,184921,P01,10,2026,58.3,,0,17.09,True,False,robusto,0.2932,propio,184921,0
497b62b2-4883-4b3e-9ca6-965561518187,Santa Elena,L04 LOTE RIO 1 LOTE-04,72a75845-cb8e-410a-a02f-b440bc00c0a3,Milko Pagliarella Di Berardin,Occidente,184921,P01,9,2026,165.3,,0,48.47,True,False,robusto,0.2932,propio,184921,0
497b62b2-4883-4b3e-9ca6-965561518187,Santa Elena,L04 LOTE RIO 1 LOTE-04,72a75845-cb8e-410a-a02f-b440bc00c0a3,Milko Pagliarella Di Berardin,Occidente,184921,P01,8,2026,181.6,0.2,2,53.25,True,True,robusto,0.2932,propio,184921,0
497b62b2-4883-4b3e-9ca6-965561518187,Santa Elena,L04 LOTE RIO 1 LOTE-04,72a75845-cb8e-410a-a02f-b440bc00c0a3,Milko Pagliarella Di Berardin,Occidente,184921,P01,7,2026,219.1,261.8,25,261.8,False,False,robusto,0.2932,propio,184921,0
497b62b2-4883-4b3e-9ca6-965561518187,Santa Elena,L04 LOTE RIO 1 LOTE-04,72a75845-cb8e-410a-a02f-b440bc00c0a3,Milko Pagliarella Di Berardin,Occidente,184921,P01,6,2026,232.4,0,2,68.14,True,True,robusto,0.2932,propio,184921,0
497b62b2-4883-4b3e-9ca6-965561518187,Santa Elena,L04 LOTE RIO 1 LOTE-04,72a75845-cb8e-410a-a02f-b440bc00c0a3,Milko Pagliarella Di Berardin,Occidente,184921,P01,5,2026,301.1,,0,88.29,True,False,robusto,0.2932,propio,184921,0
497b62b2-4883-4b3e-9ca6-965561518187,Santa Elena,L04 LOTE RIO 1 LOTE-04,72a75845-cb8e-410a-a02f-b440bc00c0a3,Milko Pagliarella Di Berardin,Occidente,184921,P01,4,2026,91.4,26.8,21,26.8,False,False,robusto,0.2932,propio,184921,0
497b62b2-4883-4b3e-9ca6-965561518187,Santa Elena,L04 LOTE RIO 1 LOTE-04,72a75845-cb8e-410a-a02f-b440bc00c0a3,Milko Pagliarella Di Berardin,Occidente,184921,P01,3,2026,8.4,2.4,31,2.4,False,False,robusto,0.2932,propio,184921,0
497b62b2-4883-4b3e-9ca6-965561518187,Santa Elena,L04 LOTE RIO 1 LOTE-04,72a75845-cb8e-410a-a02f-b440bc00c0a3,Milko Pagliarella Di Berardin,Occidente,184921,P01,2,2026,1.4,3.2,28,3.2,False,False,robusto,0.2932,propio,184921,0
497b62b2-4883-4b3e-9ca6-965561518187,Santa Elena,L04 LOTE RIO 1 LOTE-04,72a75845-cb8e-410a-a02f-b440bc00c0a3,Milko Pagliarella Di Berardin,Occidente,184921,P01,1,2026,2,1.4,31,1.4,False,False,robusto,0.2932,propio,184921,0
be68c78e-8331-4291-af6d-e25f2a82ea22,Santa Elena,L05 LOTE ARENERO 2 LOTE-01,72a75845-cb8e-410a-a02f-b440bc00c0a3,Milko Pagliarella Di Berardin,Occidente,184921,P01,12,2026,10.1,,0,2.96,True,False,robusto,0.2932,propio,184921,0
be68c78e-8331-4291-af6d-e25f2a82ea22,Santa Elena,L05 LOTE ARENERO 2 LOTE-01,72a75845-cb8e-410a-a02f-b440bc00c0a3,Milko Pagliarella Di Berardin,Occidente,184921,P01,11,2026,39.5,,0,11.58,True,False,robusto,0.2932,propio,184921,0
be68c78e-8331-4291-af6d-e25f2a82ea22,Santa Elena,L05 LOTE ARENERO 2 LOTE-01,72a75845-cb8e-410a-a02f-b440bc00c0a3,Milko Pagliarella Di Berardin,Occidente,184921,P01,10,2026,58.3,,0,17.09,True,False,robusto,0.2932,propio,184921,0
be68c78e-8331-4291-af6d-e25f2a82ea22,Santa Elena,L05 LOTE ARENERO 2 LOTE-01,72a75845-cb8e-410a-a02f-b440bc00c0a3,Milko Pagliarella Di Berardin,Occidente,184921,P01,9,2026,165.3,,0,48.47,True,False,robusto,0.2932,propio,184921,0
be68c78e-8331-4291-af6d-e25f2a82ea22,Santa Elena,L05 LOTE ARENERO 2 LOTE-01,72a75845-cb8e-410a-a02f-b440bc00c0a3,Milko Pagliarella Di Berardin,Occidente,184921,P01,8,2026,181.6,0.2,2,53.25,True,True,robusto,0.2932,propio,184921,0
be68c78e-8331-4291-af6d-e25f2a82ea22,Santa Elena,L05 LOTE ARENERO 2 LOTE-01,72a75845-cb8e-410a-a02f-b440bc00c0a3,Milko Pagliarella Di Berardin,Occidente,184921,P01,7,2026,219.1,261.8,25,261.8,False,False,robusto,0.2932,propio,184921,0
be68c78e-8331-4291-af6d-e25f2a82ea22,Santa Elena,L05 LOTE ARENERO 2 LOTE-01,72a75845-cb8e-410a-a02f-b440bc00c0a3,Milko Pagliarella Di Berardin,Occidente,184921,P01,6,2026,232.4,0,2,68.14,True,True,robusto,0.2932,propio,184921,0
be68c78e-8331-4291-af6d-e25f2a82ea22,Santa Elena,L05 LOTE ARENERO 2 LOTE-01,72a75845-cb8e-410a-a02f-b440bc00c0a3,Milko Pagliarella Di Berardin,Occidente,184921,P01,5,2026,301.1,,0,88.29,True,False,robusto,0.2932,propio,184921,0
be68c78e-8331-4291-af6d-e25f2a82ea22,Santa Elena,L05 LOTE ARENERO 2 LOTE-01,72a75845-cb8e-410a-a02f-b440bc00c0a3,Milko Pagliarella Di Berardin,Occidente,184921,P01,4,2026,91.4,26.8,21,26.8,False,False,robusto,0.2932,propio,184921,0
be68c78e-8331-4291-af6d-e25f2a82ea22,Santa Elena,L05 LOTE ARENERO 2 LOTE-01,72a75845-cb8e-410a-a02f-b440bc00c0a3,Milko Pagliarella Di Berardin,Occidente,184921,P01,3,2026,8.4,2.4,31,2.4,False,False,robusto,0.2932,propio,184921,0
be68c78e-8331-4291-af6d-e25f2a82ea22,Santa Elena,L05 LOTE ARENERO 2 LOTE-01,72a75845-cb8e-410a-a02f-b440bc00c0a3,Milko Pagliarella Di Berardin,Occidente,184921,P01,2,2026,1.4,3.2,28,3.2,False,False,robusto,0.2932,propio,184921,0
be68c78e-8331-4291-af6d-e25f2a82ea22,Santa Elena,L05 LOTE ARENERO 2 LOTE-01,72a75845-cb8e-410a-a02f-b440bc00c0a3,Milko Pagliarella Di Berardin,Occidente,184921,P01,1,2026,2,1.4,31,1.4,False,False,robusto,0.2932,propio,184921,0
2b2b02bd-aef4-4d63-982d-42e24d54ccf0,Mayurupi,Arnaldo,180c8c59-0815-4742-bea3-b79c68285ece,Victor Ramon Oropeza Ortiz,Occidente,237976,Y05,12,2026,13.225,,0,7.99,True,False,ytd,0.6039,zona,Occidente,
2b2b02bd-aef4-4d63-982d-42e24d54ccf0,Mayurupi,Arnaldo,180c8c59-0815-4742-bea3-b79c68285ece,Victor Ramon Oropeza Ortiz,Occidente,237976,Y05,11,2026,30.475,,0,18.4,True,False,ytd,0.6039,zona,Occidente,
2b2b02bd-aef4-4d63-982d-42e24d54ccf0,Mayurupi,Arnaldo,180c8c59-0815-4742-bea3-b79c68285ece,Victor Ramon Oropeza Ortiz,Occidente,237976,Y05,10,2026,84.425,,0,50.99,True,False,ytd,0.6039,zona,Occidente,
2b2b02bd-aef4-4d63-982d-42e24d54ccf0,Mayurupi,Arnaldo,180c8c59-0815-4742-bea3-b79c68285ece,Victor Ramon Oropeza Ortiz,Occidente,237976,Y05,9,2026,168.375,,0,101.69,True,False,ytd,0.6039,zona,Occidente,
2b2b02bd-aef4-4d63-982d-42e24d54ccf0,Mayurupi,Arnaldo,180c8c59-0815-4742-bea3-b79c68285ece,Victor Ramon Oropeza Ortiz,Occidente,237976,Y05,8,2026,191.45,0,2,115.62,True,True,ytd,0.6039,zona,Occidente,
2b2b02bd-aef4-4d63-982d-42e24d54ccf0,Mayurupi,Arnaldo,180c8c59-0815-4742-bea3-b79c68285ece,Victor Ramon Oropeza Ortiz,Occidente,237976,Y05,7,2026,333.525,326,31,326,False,False,ytd,0.6039,zona,Occidente,
2b2b02bd-aef4-4d63-982d-42e24d54ccf0,Mayurupi,Arnaldo,180c8c59-0815-4742-bea3-b79c68285ece,Victor Ramon Oropeza Ortiz,Occidente,237976,Y05,6,2026,336.1,78.4,30,78.4,False,False,ytd,0.6039,zona,Occidente,
2b2b02bd-aef4-4d63-982d-42e24d54ccf0,Mayurupi,Arnaldo,180c8c59-0815-4742-bea3-b79c68285ece,Victor Ramon Oropeza Ortiz,Occidente,237976,Y05,5,2026,186.075,20,6,112.37,True,True,ytd,0.6039,zona,Occidente,
2b2b02bd-aef4-4d63-982d-42e24d54ccf0,Mayurupi,Arnaldo,180c8c59-0815-4742-bea3-b79c68285ece,Victor Ramon Oropeza Ortiz,Occidente,237976,Y05,4,2026,91.4,,0,55.2,True,False,ytd,0.6039,zona,Occidente,
2b2b02bd-aef4-4d63-982d-42e24d54ccf0,Mayurupi,Arnaldo,180c8c59-0815-4742-bea3-b79c68285ece,Victor Ramon Oropeza Ortiz,Occidente,237976,Y05,3,2026,8.4,,0,5.07,True,False,ytd,0.6039,zona,Occidente,
2b2b02bd-aef4-4d63-982d-42e24d54ccf0,Mayurupi,Arnaldo,180c8c59-0815-4742-bea3-b79c68285ece,Victor Ramon Oropeza Ortiz,Occidente,237976,Y05,2,2026,1.4,,0,0.85,True,False,ytd,0.6039,zona,Occidente,
2b2b02bd-aef4-4d63-982d-42e24d54ccf0,Mayurupi,Arnaldo,180c8c59-0815-4742-bea3-b79c68285ece,Victor Ramon Oropeza Ortiz,Occidente,237976,Y05,1,2026,2,,0,1.21,True,False,ytd,0.6039,zona,Occidente,
c7cf8cdc-95de-441b-926c-2410117fb265,Mayurupi,El Manguito,180c8c59-0815-4742-bea3-b79c68285ece,Victor Ramon Oropeza Ortiz,Occidente,237976,Y05,12,2026,13.225,,0,7.99,True,False,ytd,0.6039,zona,Occidente,
c7cf8cdc-95de-441b-926c-2410117fb265,Mayurupi,El Manguito,180c8c59-0815-4742-bea3-b79c68285ece,Victor Ramon Oropeza Ortiz,Occidente,237976,Y05,11,2026,30.475,,0,18.4,True,False,ytd,0.6039,zona,Occidente,
c7cf8cdc-95de-441b-926c-2410117fb265,Mayurupi,El Manguito,180c8c59-0815-4742-bea3-b79c68285ece,Victor Ramon Oropeza Ortiz,Occidente,237976,Y05,10,2026,84.425,,0,50.99,True,False,ytd,0.6039,zona,Occidente,
c7cf8cdc-95de-441b-926c-2410117fb265,Mayurupi,El Manguito,180c8c59-0815-4742-bea3-b79c68285ece,Victor Ramon Oropeza Ortiz,Occidente,237976,Y05,9,2026,168.375,,0,101.69,True,False,ytd,0.6039,zona,Occidente,
c7cf8cdc-95de-441b-926c-2410117fb265,Mayurupi,El Manguito,180c8c59-0815-4742-bea3-b79c68285ece,Victor Ramon Oropeza Ortiz,Occidente,237976,Y05,8,2026,191.45,0,2,115.62,True,True,ytd,0.6039,zona,Occidente,
c7cf8cdc-95de-441b-926c-2410117fb265,Mayurupi,El Manguito,180c8c59-0815-4742-bea3-b79c68285ece,Victor Ramon Oropeza Ortiz,Occidente,237976,Y05,7,2026,333.525,326,31,326,False,False,ytd,0.6039,zona,Occidente,
c7cf8cdc-95de-441b-926c-2410117fb265,Mayurupi,El Manguito,180c8c59-0815-4742-bea3-b79c68285ece,Victor Ramon Oropeza Ortiz,Occidente,237976,Y05,6,2026,336.1,78.4,30,78.4,False,False,ytd,0.6039,zona,Occidente,
c7cf8cdc-95de-441b-926c-2410117fb265,Mayurupi,El Manguito,180c8c59-0815-4742-bea3-b79c68285ece,Victor Ramon Oropeza Ortiz,Occidente,237976,Y05,5,2026,186.075,20,6,112.37,True,True,ytd,0.6039,zona,Occidente,
c7cf8cdc-95de-441b-926c-2410117fb265,Mayurupi,El Manguito,180c8c59-0815-4742-bea3-b79c68285ece,Victor Ramon Oropeza Ortiz,Occidente,237976,Y05,4,2026,91.4,,0,55.2,True,False,ytd,0.6039,zona,Occidente,
c7cf8cdc-95de-441b-926c-2410117fb265,Mayurupi,El Manguito,180c8c59-0815-4742-bea3-b79c68285ece,Victor Ramon Oropeza Ortiz,Occidente,237976,Y05,3,2026,8.4,,0,5.07,True,False,ytd,0.6039,zona,Occidente,
c7cf8cdc-95de-441b-926c-2410117fb265,Mayurupi,El Manguito,180c8c59-0815-4742-bea3-b79c68285ece,Victor Ramon Oropeza Ortiz,Occidente,237976,Y05,2,2026,1.4,,0,0.85,True,False,ytd,0.6039,zona,Occidente,
c7cf8cdc-95de-441b-926c-2410117fb265,Mayurupi,El Manguito,180c8c59-0815-4742-bea3-b79c68285ece,Victor Ramon Oropeza Ortiz,Occidente,237976,Y05,1,2026,2,,0,1.21,True,False,ytd,0.6039,zona,Occidente,
8acf1792-df92-41a3-8060-0a3dfe16e28a,Mayurupi,La Casita,180c8c59-0815-4742-bea3-b79c68285ece,Victor Ramon Oropeza Ortiz,Occidente,237976,Y05,12,2026,13.225,,0,7.99,True,False,ytd,0.6039,zona,Occidente,
8acf1792-df92-41a3-8060-0a3dfe16e28a,Mayurupi,La Casita,180c8c59-0815-4742-bea3-b79c68285ece,Victor Ramon Oropeza Ortiz,Occidente,237976,Y05,11,2026,30.475,,0,18.4,True,False,ytd,0.6039,zona,Occidente,
8acf1792-df92-41a3-8060-0a3dfe16e28a,Mayurupi,La Casita,180c8c59-0815-4742-bea3-b79c68285ece,Victor Ramon Oropeza Ortiz,Occidente,237976,Y05,10,2026,84.425,,0,50.99,True,False,ytd,0.6039,zona,Occidente,
8acf1792-df92-41a3-8060-0a3dfe16e28a,Mayurupi,La Casita,180c8c59-0815-4742-bea3-b79c68285ece,Victor Ramon Oropeza Ortiz,Occidente,237976,Y05,9,2026,168.375,,0,101.69,True,False,ytd,0.6039,zona,Occidente,
8acf1792-df92-41a3-8060-0a3dfe16e28a,Mayurupi,La Casita,180c8c59-0815-4742-bea3-b79c68285ece,Victor Ramon Oropeza Ortiz,Occidente,237976,Y05,8,2026,191.45,0,2,115.62,True,True,ytd,0.6039,zona,Occidente,
8acf1792-df92-41a3-8060-0a3dfe16e28a,Mayurupi,La Casita,180c8c59-0815-4742-bea3-b79c68285ece,Victor Ramon Oropeza Ortiz,Occidente,237976,Y05,7,2026,333.525,326,31,326,False,False,ytd,0.6039,zona,Occidente,
8acf1792-df92-41a3-8060-0a3dfe16e28a,Mayurupi,La Casita,180c8c59-0815-4742-bea3-b79c68285ece,Victor Ramon Oropeza Ortiz,Occidente,237976,Y05,6,2026,336.1,78.4,30,78.4,False,False,ytd,0.6039,zona,Occidente,
8acf1792-df92-41a3-8060-0a3dfe16e28a,Mayurupi,La Casita,180c8c59-0815-4742-bea3-b79c68285ece,Victor Ramon Oropeza Ortiz,Occidente,237976,Y05,5,2026,186.075,20,6,112.37,True,True,ytd,0.6039,zona,Occidente,
8acf1792-df92-41a3-8060-0a3dfe16e28a,Mayurupi,La Casita,180c8c59-0815-4742-bea3-b79c68285ece,Victor Ramon Oropeza Ortiz,Occidente,237976,Y05,4,2026,91.4,,0,55.2,True,False,ytd,0.6039,zona,Occidente,
8acf1792-df92-41a3-8060-0a3dfe16e28a,Mayurupi,La Casita,180c8c59-0815-4742-bea3-b79c68285ece,Victor Ramon Oropeza Ortiz,Occidente,237976,Y05,3,2026,8.4,,0,5.07,True,False,ytd,0.6039,zona,Occidente,
8acf1792-df92-41a3-8060-0a3dfe16e28a,Mayurupi,La Casita,180c8c59-0815-4742-bea3-b79c68285ece,Victor Ramon Oropeza Ortiz,Occidente,237976,Y05,2,2026,1.4,,0,0.85,True,False,ytd,0.6039,zona,Occidente,
8acf1792-df92-41a3-8060-0a3dfe16e28a,Mayurupi,La Casita,180c8c59-0815-4742-bea3-b79c68285ece,Victor Ramon Oropeza Ortiz,Occidente,237976,Y05,1,2026,2,,0,1.21,True,False,ytd,0.6039,zona,Occidente,
1a0b7e34-2e7b-4ee9-832b-7a2cd8d76e7d,Mayurupi,La Mora,180c8c59-0815-4742-bea3-b79c68285ece,Victor Ramon Oropeza Ortiz,Occidente,237976,Y05,12,2026,13.225,,0,7.99,True,False,ytd,0.6039,zona,Occidente,
1a0b7e34-2e7b-4ee9-832b-7a2cd8d76e7d,Mayurupi,La Mora,180c8c59-0815-4742-bea3-b79c68285ece,Victor Ramon Oropeza Ortiz,Occidente,237976,Y05,11,2026,30.475,,0,18.4,True,False,ytd,0.6039,zona,Occidente,
1a0b7e34-2e7b-4ee9-832b-7a2cd8d76e7d,Mayurupi,La Mora,180c8c59-0815-4742-bea3-b79c68285ece,Victor Ramon Oropeza Ortiz,Occidente,237976,Y05,10,2026,84.425,,0,50.99,True,False,ytd,0.6039,zona,Occidente,
1a0b7e34-2e7b-4ee9-832b-7a2cd8d76e7d,Mayurupi,La Mora,180c8c59-0815-4742-bea3-b79c68285ece,Victor Ramon Oropeza Ortiz,Occidente,237976,Y05,9,2026,168.375,,0,101.69,True,False,ytd,0.6039,zona,Occidente,
1a0b7e34-2e7b-4ee9-832b-7a2cd8d76e7d,Mayurupi,La Mora,180c8c59-0815-4742-bea3-b79c68285ece,Victor Ramon Oropeza Ortiz,Occidente,237976,Y05,8,2026,191.45,0,2,115.62,True,True,ytd,0.6039,zona,Occidente,
1a0b7e34-2e7b-4ee9-832b-7a2cd8d76e7d,Mayurupi,La Mora,180c8c59-0815-4742-bea3-b79c68285ece,Victor Ramon Oropeza Ortiz,Occidente,237976,Y05,7,2026,333.525,326,31,326,False,False,ytd,0.6039,zona,Occidente,
1a0b7e34-2e7b-4ee9-832b-7a2cd8d76e7d,Mayurupi,La Mora,180c8c59-0815-4742-bea3-b79c68285ece,Victor Ramon Oropeza Ortiz,Occidente,237976,Y05,6,2026,336.1,78.4,30,78.4,False,False,ytd,0.6039,zona,Occidente,
1a0b7e34-2e7b-4ee9-832b-7a2cd8d76e7d,Mayurupi,La Mora,180c8c59-0815-4742-bea3-b79c68285ece,Victor Ramon Oropeza Ortiz,Occidente,237976,Y05,5,2026,186.075,20,6,112.37,True,True,ytd,0.6039,zona,Occidente,
1a0b7e34-2e7b-4ee9-832b-7a2cd8d76e7d,Mayurupi,La Mora,180c8c59-0815-4742-bea3-b79c68285ece,Victor Ramon Oropeza Ortiz,Occidente,237976,Y05,4,2026,91.4,,0,55.2,True,False,ytd,0.6039,zona,Occidente,
1a0b7e34-2e7b-4ee9-832b-7a2cd8d76e7d,Mayurupi,La Mora,180c8c59-0815-4742-bea3-b79c68285ece,Victor Ramon Oropeza Ortiz,Occidente,237976,Y05,3,2026,8.4,,0,5.07,True,False,ytd,0.6039,zona,Occidente,
1a0b7e34-2e7b-4ee9-832b-7a2cd8d76e7d,Mayurupi,La Mora,180c8c59-0815-4742-bea3-b79c68285ece,Victor Ramon Oropeza Ortiz,Occidente,237976,Y05,2,2026,1.4,,0,0.85,True,False,ytd,0.6039,zona,Occidente,
1a0b7e34-2e7b-4ee9-832b-7a2cd8d76e7d,Mayurupi,La Mora,180c8c59-0815-4742-bea3-b79c68285ece,Victor Ramon Oropeza Ortiz,Occidente,237976,Y05,1,2026,2,,0,1.21,True,False,ytd,0.6039,zona,Occidente,
aa1742cf-036c-41be-8631-02a6168a5363,Mayurupi,Las 15,180c8c59-0815-4742-bea3-b79c68285ece,Victor Ramon Oropeza Ortiz,Occidente,237976,Y05,12,2026,13.225,,0,7.99,True,False,ytd,0.6039,zona,Occidente,
aa1742cf-036c-41be-8631-02a6168a5363,Mayurupi,Las 15,180c8c59-0815-4742-bea3-b79c68285ece,Victor Ramon Oropeza Ortiz,Occidente,237976,Y05,11,2026,30.475,,0,18.4,True,False,ytd,0.6039,zona,Occidente,
aa1742cf-036c-41be-8631-02a6168a5363,Mayurupi,Las 15,180c8c59-0815-4742-bea3-b79c68285ece,Victor Ramon Oropeza Ortiz,Occidente,237976,Y05,10,2026,84.425,,0,50.99,True,False,ytd,0.6039,zona,Occidente,
aa1742cf-036c-41be-8631-02a6168a5363,Mayurupi,Las 15,180c8c59-0815-4742-bea3-b79c68285ece,Victor Ramon Oropeza Ortiz,Occidente,237976,Y05,9,2026,168.375,,0,101.69,True,False,ytd,0.6039,zona,Occidente,
aa1742cf-036c-41be-8631-02a6168a5363,Mayurupi,Las 15,180c8c59-0815-4742-bea3-b79c68285ece,Victor Ramon Oropeza Ortiz,Occidente,237976,Y05,8,2026,191.45,0,2,115.62,True,True,ytd,0.6039,zona,Occidente,
aa1742cf-036c-41be-8631-02a6168a5363,Mayurupi,Las 15,180c8c59-0815-4742-bea3-b79c68285ece,Victor Ramon Oropeza Ortiz,Occidente,237976,Y05,7,2026,333.525,326,31,326,False,False,ytd,0.6039,zona,Occidente,
aa1742cf-036c-41be-8631-02a6168a5363,Mayurupi,Las 15,180c8c59-0815-4742-bea3-b79c68285ece,Victor Ramon Oropeza Ortiz,Occidente,237976,Y05,6,2026,336.1,78.4,30,78.4,False,False,ytd,0.6039,zona,Occidente,
aa1742cf-036c-41be-8631-02a6168a5363,Mayurupi,Las 15,180c8c59-0815-4742-bea3-b79c68285ece,Victor Ramon Oropeza Ortiz,Occidente,237976,Y05,5,2026,186.075,20,6,112.37,True,True,ytd,0.6039,zona,Occidente,
aa1742cf-036c-41be-8631-02a6168a5363,Mayurupi,Las 15,180c8c59-0815-4742-bea3-b79c68285ece,Victor Ramon Oropeza Ortiz,Occidente,237976,Y05,4,2026,91.4,,0,55.2,True,False,ytd,0.6039,zona,Occidente,
aa1742cf-036c-41be-8631-02a6168a5363,Mayurupi,Las 15,180c8c59-0815-4742-bea3-b79c68285ece,Victor Ramon Oropeza Ortiz,Occidente,237976,Y05,3,2026,8.4,,0,5.07,True,False,ytd,0.6039,zona,Occidente,
aa1742cf-036c-41be-8631-02a6168a5363,Mayurupi,Las 15,180c8c59-0815-4742-bea3-b79c68285ece,Victor Ramon Oropeza Ortiz,Occidente,237976,Y05,2,2026,1.4,,0,0.85,True,False,ytd,0.6039,zona,Occidente,
aa1742cf-036c-41be-8631-02a6168a5363,Mayurupi,Las 15,180c8c59-0815-4742-bea3-b79c68285ece,Victor Ramon Oropeza Ortiz,Occidente,237976,Y05,1,2026,2,,0,1.21,True,False,ytd,0.6039,zona,Occidente,
30ad530e-c1a9-4984-9844-58f7139826cf,Mayurupi,Las 17,180c8c59-0815-4742-bea3-b79c68285ece,Victor Ramon Oropeza Ortiz,Occidente,237976,Y05,12,2026,13.225,,0,7.99,True,False,ytd,0.6039,zona,Occidente,
30ad530e-c1a9-4984-9844-58f7139826cf,Mayurupi,Las 17,180c8c59-0815-4742-bea3-b79c68285ece,Victor Ramon Oropeza Ortiz,Occidente,237976,Y05,11,2026,30.475,,0,18.4,True,False,ytd,0.6039,zona,Occidente,
30ad530e-c1a9-4984-9844-58f7139826cf,Mayurupi,Las 17,180c8c59-0815-4742-bea3-b79c68285ece,Victor Ramon Oropeza Ortiz,Occidente,237976,Y05,10,2026,84.425,,0,50.99,True,False,ytd,0.6039,zona,Occidente,
30ad530e-c1a9-4984-9844-58f7139826cf,Mayurupi,Las 17,180c8c59-0815-4742-bea3-b79c68285ece,Victor Ramon Oropeza Ortiz,Occidente,237976,Y05,9,2026,168.375,,0,101.69,True,False,ytd,0.6039,zona,Occidente,
30ad530e-c1a9-4984-9844-58f7139826cf,Mayurupi,Las 17,180c8c59-0815-4742-bea3-b79c68285ece,Victor Ramon Oropeza Ortiz,Occidente,237976,Y05,8,2026,191.45,0,2,115.62,True,True,ytd,0.6039,zona,Occidente,
30ad530e-c1a9-4984-9844-58f7139826cf,Mayurupi,Las 17,180c8c59-0815-4742-bea3-b79c68285ece,Victor Ramon Oropeza Ortiz,Occidente,237976,Y05,7,2026,333.525,326,31,326,False,False,ytd,0.6039,zona,Occidente,
30ad530e-c1a9-4984-9844-58f7139826cf,Mayurupi,Las 17,180c8c59-0815-4742-bea3-b79c68285ece,Victor Ramon Oropeza Ortiz,Occidente,237976,Y05,6,2026,336.1,78.4,30,78.4,False,False,ytd,0.6039,zona,Occidente,
30ad530e-c1a9-4984-9844-58f7139826cf,Mayurupi,Las 17,180c8c59-0815-4742-bea3-b79c68285ece,Victor Ramon Oropeza Ortiz,Occidente,237976,Y05,5,2026,186.075,20,6,112.37,True,True,ytd,0.6039,zona,Occidente,
30ad530e-c1a9-4984-9844-58f7139826cf,Mayurupi,Las 17,180c8c59-0815-4742-bea3-b79c68285ece,Victor Ramon Oropeza Ortiz,Occidente,237976,Y05,4,2026,91.4,,0,55.2,True,False,ytd,0.6039,zona,Occidente,
30ad530e-c1a9-4984-9844-58f7139826cf,Mayurupi,Las 17,180c8c59-0815-4742-bea3-b79c68285ece,Victor Ramon Oropeza Ortiz,Occidente,237976,Y05,3,2026,8.4,,0,5.07,True,False,ytd,0.6039,zona,Occidente,
30ad530e-c1a9-4984-9844-58f7139826cf,Mayurupi,Las 17,180c8c59-0815-4742-bea3-b79c68285ece,Victor Ramon Oropeza Ortiz,Occidente,237976,Y05,2,2026,1.4,,0,0.85,True,False,ytd,0.6039,zona,Occidente,
30ad530e-c1a9-4984-9844-58f7139826cf,Mayurupi,Las 17,180c8c59-0815-4742-bea3-b79c68285ece,Victor Ramon Oropeza Ortiz,Occidente,237976,Y05,1,2026,2,,0,1.21,True,False,ytd,0.6039,zona,Occidente,
d5f248c5-c04e-48a3-a179-85415b1f188c,Mayurupi,Las 29,180c8c59-0815-4742-bea3-b79c68285ece,Victor Ramon Oropeza Ortiz,Occidente,237976,Y05,12,2026,13.225,,0,7.99,True,False,ytd,0.6039,zona,Occidente,
d5f248c5-c04e-48a3-a179-85415b1f188c,Mayurupi,Las 29,180c8c59-0815-4742-bea3-b79c68285ece,Victor Ramon Oropeza Ortiz,Occidente,237976,Y05,11,2026,30.475,,0,18.4,True,False,ytd,0.6039,zona,Occidente,
d5f248c5-c04e-48a3-a179-85415b1f188c,Mayurupi,Las 29,180c8c59-0815-4742-bea3-b79c68285ece,Victor Ramon Oropeza Ortiz,Occidente,237976,Y05,10,2026,84.425,,0,50.99,True,False,ytd,0.6039,zona,Occidente,
d5f248c5-c04e-48a3-a179-85415b1f188c,Mayurupi,Las 29,180c8c59-0815-4742-bea3-b79c68285ece,Victor Ramon Oropeza Ortiz,Occidente,237976,Y05,9,2026,168.375,,0,101.69,True,False,ytd,0.6039,zona,Occidente,
d5f248c5-c04e-48a3-a179-85415b1f188c,Mayurupi,Las 29,180c8c59-0815-4742-bea3-b79c68285ece,Victor Ramon Oropeza Ortiz,Occidente,237976,Y05,8,2026,191.45,0,2,115.62,True,True,ytd,0.6039,zona,Occidente,
d5f248c5-c04e-48a3-a179-85415b1f188c,Mayurupi,Las 29,180c8c59-0815-4742-bea3-b79c68285ece,Victor Ramon Oropeza Ortiz,Occidente,237976,Y05,7,2026,333.525,326,31,326,False,False,ytd,0.6039,zona,Occidente,
d5f248c5-c04e-48a3-a179-85415b1f188c,Mayurupi,Las 29,180c8c59-0815-4742-bea3-b79c68285ece,Victor Ramon Oropeza Ortiz,Occidente,237976,Y05,6,2026,336.1,78.4,30,78.4,False,False,ytd,0.6039,zona,Occidente,
d5f248c5-c04e-48a3-a179-85415b1f188c,Mayurupi,Las 29,180c8c59-0815-4742-bea3-b79c68285ece,Victor Ramon Oropeza Ortiz,Occidente,237976,Y05,5,2026,186.075,20,6,112.37,True,True,ytd,0.6039,zona,Occidente,
d5f248c5-c04e-48a3-a179-85415b1f188c,Mayurupi,Las 29,180c8c59-0815-4742-bea3-b79c68285ece,Victor Ramon Oropeza Ortiz,Occidente,237976,Y05,4,2026,91.4,,0,55.2,True,False,ytd,0.6039,zona,Occidente,
d5f248c5-c04e-48a3-a179-85415b1f188c,Mayurupi,Las 29,180c8c59-0815-4742-bea3-b79c68285ece,Victor Ramon Oropeza Ortiz,Occidente,237976,Y05,3,2026,8.4,,0,5.07,True,False,ytd,0.6039,zona,Occidente,
d5f248c5-c04e-48a3-a179-85415b1f188c,Mayurupi,Las 29,180c8c59-0815-4742-bea3-b79c68285ece,Victor Ramon Oropeza Ortiz,Occidente,237976,Y05,2,2026,1.4,,0,0.85,True,False,ytd,0.6039,zona,Occidente,
d5f248c5-c04e-48a3-a179-85415b1f188c,Mayurupi,Las 29,180c8c59-0815-4742-bea3-b79c68285ece,Victor Ramon Oropeza Ortiz,Occidente,237976,Y05,1,2026,2,,0,1.21,True,False,ytd,0.6039,zona,Occidente,
c1b5faa9-4a63-41f4-a7d8-a3b22ce96e9d,Mayurupi,Las Lagunas,180c8c59-0815-4742-bea3-b79c68285ece,Victor Ramon Oropeza Ortiz,Occidente,237976,Y05,12,2026,13.225,,0,7.99,True,False,ytd,0.6039,zona,Occidente,
c1b5faa9-4a63-41f4-a7d8-a3b22ce96e9d,Mayurupi,Las Lagunas,180c8c59-0815-4742-bea3-b79c68285ece,Victor Ramon Oropeza Ortiz,Occidente,237976,Y05,11,2026,30.475,,0,18.4,True,False,ytd,0.6039,zona,Occidente,
c1b5faa9-4a63-41f4-a7d8-a3b22ce96e9d,Mayurupi,Las Lagunas,180c8c59-0815-4742-bea3-b79c68285ece,Victor Ramon Oropeza Ortiz,Occidente,237976,Y05,10,2026,84.425,,0,50.99,True,False,ytd,0.6039,zona,Occidente,
c1b5faa9-4a63-41f4-a7d8-a3b22ce96e9d,Mayurupi,Las Lagunas,180c8c59-0815-4742-bea3-b79c68285ece,Victor Ramon Oropeza Ortiz,Occidente,237976,Y05,9,2026,168.375,,0,101.69,True,False,ytd,0.6039,zona,Occidente,
c1b5faa9-4a63-41f4-a7d8-a3b22ce96e9d,Mayurupi,Las Lagunas,180c8c59-0815-4742-bea3-b79c68285ece,Victor Ramon Oropeza Ortiz,Occidente,237976,Y05,8,2026,191.45,0,2,115.62,True,True,ytd,0.6039,zona,Occidente,
c1b5faa9-4a63-41f4-a7d8-a3b22ce96e9d,Mayurupi,Las Lagunas,180c8c59-0815-4742-bea3-b79c68285ece,Victor Ramon Oropeza Ortiz,Occidente,237976,Y05,7,2026,333.525,326,31,326,False,False,ytd,0.6039,zona,Occidente,
c1b5faa9-4a63-41f4-a7d8-a3b22ce96e9d,Mayurupi,Las Lagunas,180c8c59-0815-4742-bea3-b79c68285ece,Victor Ramon Oropeza Ortiz,Occidente,237976,Y05,6,2026,336.1,78.4,30,78.4,False,False,ytd,0.6039,zona,Occidente,
c1b5faa9-4a63-41f4-a7d8-a3b22ce96e9d,Mayurupi,Las Lagunas,180c8c59-0815-4742-bea3-b79c68285ece,Victor Ramon Oropeza Ortiz,Occidente,237976,Y05,5,2026,186.075,20,6,112.37,True,True,ytd,0.6039,zona,Occidente,
c1b5faa9-4a63-41f4-a7d8-a3b22ce96e9d,Mayurupi,Las Lagunas,180c8c59-0815-4742-bea3-b79c68285ece,Victor Ramon Oropeza Ortiz,Occidente,237976,Y05,4,2026,91.4,,0,55.2,True,False,ytd,0.6039,zona,Occidente,
c1b5faa9-4a63-41f4-a7d8-a3b22ce96e9d,Mayurupi,Las Lagunas,180c8c59-0815-4742-bea3-b79c68285ece,Victor Ramon Oropeza Ortiz,Occidente,237976,Y05,3,2026,8.4,,0,5.07,True,False,ytd,0.6039,zona,Occidente,
c1b5faa9-4a63-41f4-a7d8-a3b22ce96e9d,Mayurupi,Las Lagunas,180c8c59-0815-4742-bea3-b79c68285ece,Victor Ramon Oropeza Ortiz,Occidente,237976,Y05,2,2026,1.4,,0,0.85,True,False,ytd,0.6039,zona,Occidente,
c1b5faa9-4a63-41f4-a7d8-a3b22ce96e9d,Mayurupi,Las Lagunas,180c8c59-0815-4742-bea3-b79c68285ece,Victor Ramon Oropeza Ortiz,Occidente,237976,Y05,1,2026,2,,0,1.21,True,False,ytd,0.6039,zona,Occidente,
c7f3004f-6112-4fa3-9c5d-fbbd0dc80174,Mayurupi,Los Robles,180c8c59-0815-4742-bea3-b79c68285ece,Victor Ramon Oropeza Ortiz,Occidente,237976,Y05,12,2026,13.225,,0,7.99,True,False,ytd,0.6039,zona,Occidente,
c7f3004f-6112-4fa3-9c5d-fbbd0dc80174,Mayurupi,Los Robles,180c8c59-0815-4742-bea3-b79c68285ece,Victor Ramon Oropeza Ortiz,Occidente,237976,Y05,11,2026,30.475,,0,18.4,True,False,ytd,0.6039,zona,Occidente,
c7f3004f-6112-4fa3-9c5d-fbbd0dc80174,Mayurupi,Los Robles,180c8c59-0815-4742-bea3-b79c68285ece,Victor Ramon Oropeza Ortiz,Occidente,237976,Y05,10,2026,84.425,,0,50.99,True,False,ytd,0.6039,zona,Occidente,
c7f3004f-6112-4fa3-9c5d-fbbd0dc80174,Mayurupi,Los Robles,180c8c59-0815-4742-bea3-b79c68285ece,Victor Ramon Oropeza Ortiz,Occidente,237976,Y05,9,2026,168.375,,0,101.69,True,False,ytd,0.6039,zona,Occidente,
c7f3004f-6112-4fa3-9c5d-fbbd0dc80174,Mayurupi,Los Robles,180c8c59-0815-4742-bea3-b79c68285ece,Victor Ramon Oropeza Ortiz,Occidente,237976,Y05,8,2026,191.45,0,2,115.62,True,True,ytd,0.6039,zona,Occidente,
c7f3004f-6112-4fa3-9c5d-fbbd0dc80174,Mayurupi,Los Robles,180c8c59-0815-4742-bea3-b79c68285ece,Victor Ramon Oropeza Ortiz,Occidente,237976,Y05,7,2026,333.525,326,31,326,False,False,ytd,0.6039,zona,Occidente,
c7f3004f-6112-4fa3-9c5d-fbbd0dc80174,Mayurupi,Los Robles,180c8c59-0815-4742-bea3-b79c68285ece,Victor Ramon Oropeza Ortiz,Occidente,237976,Y05,6,2026,336.1,78.4,30,78.4,False,False,ytd,0.6039,zona,Occidente,
c7f3004f-6112-4fa3-9c5d-fbbd0dc80174,Mayurupi,Los Robles,180c8c59-0815-4742-bea3-b79c68285ece,Victor Ramon Oropeza Ortiz,Occidente,237976,Y05,5,2026,186.075,20,6,112.37,True,True,ytd,0.6039,zona,Occidente,
c7f3004f-6112-4fa3-9c5d-fbbd0dc80174,Mayurupi,Los Robles,180c8c59-0815-4742-bea3-b79c68285ece,Victor Ramon Oropeza Ortiz,Occidente,237976,Y05,4,2026,91.4,,0,55.2,True,False,ytd,0.6039,zona,Occidente,
c7f3004f-6112-4fa3-9c5d-fbbd0dc80174,Mayurupi,Los Robles,180c8c59-0815-4742-bea3-b79c68285ece,Victor Ramon Oropeza Ortiz,Occidente,237976,Y05,3,2026,8.4,,0,5.07,True,False,ytd,0.6039,zona,Occidente,
c7f3004f-6112-4fa3-9c5d-fbbd0dc80174,Mayurupi,Los Robles,180c8c59-0815-4742-bea3-b79c68285ece,Victor Ramon Oropeza Ortiz,Occidente,237976,Y05,2,2026,1.4,,0,0.85,True,False,ytd,0.6039,zona,Occidente,
c7f3004f-6112-4fa3-9c5d-fbbd0dc80174,Mayurupi,Los Robles,180c8c59-0815-4742-bea3-b79c68285ece,Victor Ramon Oropeza Ortiz,Occidente,237976,Y05,1,2026,2,,0,1.21,True,False,ytd,0.6039,zona,Occidente,
890bea72-8a7e-45f7-a085-3467d37061d4,Mayurupi,Samán,180c8c59-0815-4742-bea3-b79c68285ece,Victor Ramon Oropeza Ortiz,Occidente,237976,Y05,12,2026,13.225,,0,7.99,True,False,ytd,0.6039,zona,Occidente,
890bea72-8a7e-45f7-a085-3467d37061d4,Mayurupi,Samán,180c8c59-0815-4742-bea3-b79c68285ece,Victor Ramon Oropeza Ortiz,Occidente,237976,Y05,11,2026,30.475,,0,18.4,True,False,ytd,0.6039,zona,Occidente,
890bea72-8a7e-45f7-a085-3467d37061d4,Mayurupi,Samán,180c8c59-0815-4742-bea3-b79c68285ece,Victor Ramon Oropeza Ortiz,Occidente,237976,Y05,10,2026,84.425,,0,50.99,True,False,ytd,0.6039,zona,Occidente,
890bea72-8a7e-45f7-a085-3467d37061d4,Mayurupi,Samán,180c8c59-0815-4742-bea3-b79c68285ece,Victor Ramon Oropeza Ortiz,Occidente,237976,Y05,9,2026,168.375,,0,101.69,True,False,ytd,0.6039,zona,Occidente,
890bea72-8a7e-45f7-a085-3467d37061d4,Mayurupi,Samán,180c8c59-0815-4742-bea3-b79c68285ece,Victor Ramon Oropeza Ortiz,Occidente,237976,Y05,8,2026,191.45,0,2,115.62,True,True,ytd,0.6039,zona,Occidente,
890bea72-8a7e-45f7-a085-3467d37061d4,Mayurupi,Samán,180c8c59-0815-4742-bea3-b79c68285ece,Victor Ramon Oropeza Ortiz,Occidente,237976,Y05,7,2026,333.525,326,31,326,False,False,ytd,0.6039,zona,Occidente,
890bea72-8a7e-45f7-a085-3467d37061d4,Mayurupi,Samán,180c8c59-0815-4742-bea3-b79c68285ece,Victor Ramon Oropeza Ortiz,Occidente,237976,Y05,6,2026,336.1,78.4,30,78.4,False,False,ytd,0.6039,zona,Occidente,
890bea72-8a7e-45f7-a085-3467d37061d4,Mayurupi,Samán,180c8c59-0815-4742-bea3-b79c68285ece,Victor Ramon Oropeza Ortiz,Occidente,237976,Y05,5,2026,186.075,20,6,112.37,True,True,ytd,0.6039,zona,Occidente,
890bea72-8a7e-45f7-a085-3467d37061d4,Mayurupi,Samán,180c8c59-0815-4742-bea3-b79c68285ece,Victor Ramon Oropeza Ortiz,Occidente,237976,Y05,4,2026,91.4,,0,55.2,True,False,ytd,0.6039,zona,Occidente,
890bea72-8a7e-45f7-a085-3467d37061d4,Mayurupi,Samán,180c8c59-0815-4742-bea3-b79c68285ece,Victor Ramon Oropeza Ortiz,Occidente,237976,Y05,3,2026,8.4,,0,5.07,True,False,ytd,0.6039,zona,Occidente,
890bea72-8a7e-45f7-a085-3467d37061d4,Mayurupi,Samán,180c8c59-0815-4742-bea3-b79c68285ece,Victor Ramon Oropeza Ortiz,Occidente,237976,Y05,2,2026,1.4,,0,0.85,True,False,ytd,0.6039,zona,Occidente,
890bea72-8a7e-45f7-a085-3467d37061d4,Mayurupi,Samán,180c8c59-0815-4742-bea3-b79c68285ece,Victor Ramon Oropeza Ortiz,Occidente,237976,Y05,1,2026,2,,0,1.21,True,False,ytd,0.6039,zona,Occidente,
6bf28240-2a25-48d7-9ca7-26b755502f09,Parcela 246,Parcela 212,6a7a1d75-dc42-4a84-8f2b-19b66cc414d3,Lorena Johana Orlando Testi,,,,,,,,,,,,,,,,
ea96d140-5bfa-4d8f-a854-8a4e4758eaa0,Parcela 246,Parcela 246,6a7a1d75-dc42-4a84-8f2b-19b66cc414d3,Lorena Johana Orlando Testi,,,,,,,,,,,,,,,,
712b7d50-5779-4c51-8dc0-18a4da53df5e,San Antonio,L04 LOTE 7A,63e7bd07-3c95-4992-83ad-ac639bec979d,Sebastian Armando Bonet Plaza,Occidente,212516,P06,12,2026,6.6,,0,5.84,True,False,ytd,0.8855,propio,212516,0
712b7d50-5779-4c51-8dc0-18a4da53df5e,San Antonio,L04 LOTE 7A,63e7bd07-3c95-4992-83ad-ac639bec979d,Sebastian Armando Bonet Plaza,Occidente,212516,P06,11,2026,16.8,,0,14.88,True,False,ytd,0.8855,propio,212516,0
712b7d50-5779-4c51-8dc0-18a4da53df5e,San Antonio,L04 LOTE 7A,63e7bd07-3c95-4992-83ad-ac639bec979d,Sebastian Armando Bonet Plaza,Occidente,212516,P06,10,2026,71.6,,0,63.4,True,False,ytd,0.8855,propio,212516,0
712b7d50-5779-4c51-8dc0-18a4da53df5e,San Antonio,L04 LOTE 7A,63e7bd07-3c95-4992-83ad-ac639bec979d,Sebastian Armando Bonet Plaza,Occidente,212516,P06,9,2026,124.6,,0,110.34,True,False,ytd,0.8855,propio,212516,0
712b7d50-5779-4c51-8dc0-18a4da53df5e,San Antonio,L04 LOTE 7A,63e7bd07-3c95-4992-83ad-ac639bec979d,Sebastian Armando Bonet Plaza,Occidente,212516,P06,8,2026,215.4,1.4,2,190.74,True,True,ytd,0.8855,propio,212516,0
712b7d50-5779-4c51-8dc0-18a4da53df5e,San Antonio,L04 LOTE 7A,63e7bd07-3c95-4992-83ad-ac639bec979d,Sebastian Armando Bonet Plaza,Occidente,212516,P06,7,2026,286.6,192.2,31,192.2,False,False,ytd,0.8855,propio,212516,0
712b7d50-5779-4c51-8dc0-18a4da53df5e,San Antonio,L04 LOTE 7A,63e7bd07-3c95-4992-83ad-ac639bec979d,Sebastian Armando Bonet Plaza,Occidente,212516,P06,6,2026,246,178.6,30,178.6,False,False,ytd,0.8855,propio,212516,0
712b7d50-5779-4c51-8dc0-18a4da53df5e,San Antonio,L04 LOTE 7A,63e7bd07-3c95-4992-83ad-ac639bec979d,Sebastian Armando Bonet Plaza,Occidente,212516,P06,5,2026,16,115,31,115,False,False,ytd,0.8855,propio,212516,0
712b7d50-5779-4c51-8dc0-18a4da53df5e,San Antonio,L04 LOTE 7A,63e7bd07-3c95-4992-83ad-ac639bec979d,Sebastian Armando Bonet Plaza,Occidente,212516,P06,4,2026,,56.2,30,56.2,False,False,ytd,0.8855,propio,212516,0
712b7d50-5779-4c51-8dc0-18a4da53df5e,San Antonio,L04 LOTE 7A,63e7bd07-3c95-4992-83ad-ac639bec979d,Sebastian Armando Bonet Plaza,Occidente,212516,P06,3,2026,,2.4,31,2.4,False,False,ytd,0.8855,propio,212516,0
712b7d50-5779-4c51-8dc0-18a4da53df5e,San Antonio,L04 LOTE 7A,63e7bd07-3c95-4992-83ad-ac639bec979d,Sebastian Armando Bonet Plaza,Occidente,212516,P06,2,2026,,0,28,0,False,False,ytd,0.8855,propio,212516,0
712b7d50-5779-4c51-8dc0-18a4da53df5e,San Antonio,L04 LOTE 7A,63e7bd07-3c95-4992-83ad-ac639bec979d,Sebastian Armando Bonet Plaza,Occidente,212516,P06,1,2026,,1.4,31,1.4,False,False,ytd,0.8855,propio,212516,0
47bbce29-2afc-4207-84f3-fe3414fb1253,San Antonio,L05 LOTE 7B,63e7bd07-3c95-4992-83ad-ac639bec979d,Sebastian Armando Bonet Plaza,Occidente,212516,P06,12,2026,6.6,,0,5.84,True,False,ytd,0.8855,propio,212516,0
47bbce29-2afc-4207-84f3-fe3414fb1253,San Antonio,L05 LOTE 7B,63e7bd07-3c95-4992-83ad-ac639bec979d,Sebastian Armando Bonet Plaza,Occidente,212516,P06,11,2026,16.8,,0,14.88,True,False,ytd,0.8855,propio,212516,0
47bbce29-2afc-4207-84f3-fe3414fb1253,San Antonio,L05 LOTE 7B,63e7bd07-3c95-4992-83ad-ac639bec979d,Sebastian Armando Bonet Plaza,Occidente,212516,P06,10,2026,71.6,,0,63.4,True,False,ytd,0.8855,propio,212516,0
47bbce29-2afc-4207-84f3-fe3414fb1253,San Antonio,L05 LOTE 7B,63e7bd07-3c95-4992-83ad-ac639bec979d,Sebastian Armando Bonet Plaza,Occidente,212516,P06,9,2026,124.6,,0,110.34,True,False,ytd,0.8855,propio,212516,0
47bbce29-2afc-4207-84f3-fe3414fb1253,San Antonio,L05 LOTE 7B,63e7bd07-3c95-4992-83ad-ac639bec979d,Sebastian Armando Bonet Plaza,Occidente,212516,P06,8,2026,215.4,1.4,2,190.74,True,True,ytd,0.8855,propio,212516,0
47bbce29-2afc-4207-84f3-fe3414fb1253,San Antonio,L05 LOTE 7B,63e7bd07-3c95-4992-83ad-ac639bec979d,Sebastian Armando Bonet Plaza,Occidente,212516,P06,7,2026,286.6,192.2,31,192.2,False,False,ytd,0.8855,propio,212516,0
47bbce29-2afc-4207-84f3-fe3414fb1253,San Antonio,L05 LOTE 7B,63e7bd07-3c95-4992-83ad-ac639bec979d,Sebastian Armando Bonet Plaza,Occidente,212516,P06,6,2026,246,178.6,30,178.6,False,False,ytd,0.8855,propio,212516,0
47bbce29-2afc-4207-84f3-fe3414fb1253,San Antonio,L05 LOTE 7B,63e7bd07-3c95-4992-83ad-ac639bec979d,Sebastian Armando Bonet Plaza,Occidente,212516,P06,5,2026,16,115,31,115,False,False,ytd,0.8855,propio,212516,0
47bbce29-2afc-4207-84f3-fe3414fb1253,San Antonio,L05 LOTE 7B,63e7bd07-3c95-4992-83ad-ac639bec979d,Sebastian Armando Bonet Plaza,Occidente,212516,P06,4,2026,,56.2,30,56.2,False,False,ytd,0.8855,propio,212516,0
47bbce29-2afc-4207-84f3-fe3414fb1253,San Antonio,L05 LOTE 7B,63e7bd07-3c95-4992-83ad-ac639bec979d,Sebastian Armando Bonet Plaza,Occidente,212516,P06,3,2026,,2.4,31,2.4,False,False,ytd,0.8855,propio,212516,0
47bbce29-2afc-4207-84f3-fe3414fb1253,San Antonio,L05 LOTE 7B,63e7bd07-3c95-4992-83ad-ac639bec979d,Sebastian Armando Bonet Plaza,Occidente,212516,P06,2,2026,,0,28,0,False,False,ytd,0.8855,propio,212516,0
47bbce29-2afc-4207-84f3-fe3414fb1253,San Antonio,L05 LOTE 7B,63e7bd07-3c95-4992-83ad-ac639bec979d,Sebastian Armando Bonet Plaza,Occidente,212516,P06,1,2026,,1.4,31,1.4,False,False,ytd,0.8855,propio,212516,0
