station_id,codigo_estacion,zona,dia,anio,mes_label,lluvia_mm,lecturas,lluvia_acumulada_anual_mm
184921,P01,Occidente,2024-04-30,2024,2024-04,0,12,0
184921,P01,Occidente,2024-05-01,2024,2024-05,0,96,0
184921,P01,Occidente,2024-05-02,2024,2024-05,0,96,0
184921,P01,Occidente,2024-05-03,2024,2024-05,0,96,0
184921,P01,Occidente,2024-05-04,2024,2024-05,5,96,5
184921,P01,Occidente,2024-05-05,2024,2024-05,16.8,96,21.8
184921,P01,Occidente,2024-05-06,2024,2024-05,0.2,96,22
184921,P01,Occidente,2024-05-07,2024,2024-05,0,96,22
184921,P01,Occidente,2024-05-08,2024,2024-05,0,96,22
184921,P01,Occidente,2024-05-09,2024,2024-05,0.2,96,22.2
184921,P01,Occidente,2024-05-10,2024,2024-05,0,96,22.2
184921,P01,Occidente,2024-05-11,2024,2024-05,0,96,22.2
184921,P01,Occidente,2024-05-12,2024,2024-05,0,96,22.2
184921,P01,Occidente,2024-05-13,2024,2024-05,4.2,96,26.4
184921,P01,Occidente,2024-05-14,2024,2024-05,0,96,26.4
184921,P01,Occidente,2024-05-15,2024,2024-05,0,96,26.4
184921,P01,Occidente,2024-05-16,2024,2024-05,0,96,26.4
184921,P01,Occidente,2024-05-17,2024,2024-05,0,96,26.4
184921,P01,Occidente,2024-05-18,2024,2024-05,57.6,96,84
184921,P01,Occidente,2024-05-19,2024,2024-05,8.4,96,92.4
184921,P01,Occidente,2024-05-20,2024,2024-05,0,96,92.4
184921,P01,Occidente,2024-05-21,2024,2024-05,24.6,96,117
184921,P01,Occidente,2024-05-22,2024,2024-05,0,96,117
184921,P01,Occidente,2024-05-23,2024,2024-05,16.4,96,133.4
184921,P01,Occidente,2024-05-24,2024,2024-05,7.8,96,141.2
184921,P01,Occidente,2024-05-25,2024,2024-05,0,96,141.2
184921,P01,Occidente,2024-05-26,2024,2024-05,16.8,96,158
184921,P01,Occidente,2024-05-27,2024,2024-05,0.4,96,158.4
184921,P01,Occidente,2024-05-28,2024,2024-05,1.8,96,160.2
184921,P01,Occidente,2024-05-29,2024,2024-05,8.8,96,169
184921,P01,Occidente,2024-05-30,2024,2024-05,15.4,96,184.4
184921,P01,Occidente,2024-05-31,2024,2024-05,0.8,96,185.2
184921,P01,Occidente,2024-06-01,2024,2024-06,0.2,96,185.4
184921,P01,Occidente,2024-06-02,2024,2024-06,0,96,185.4
184921,P01,Occidente,2024-06-03,2024,2024-06,48.8,96,234.2
184921,P01,Occidente,2024-06-04,2024,2024-06,9.8,96,244
184921,P01,Occidente,2024-06-05,2024,2024-06,0,96,244
184921,P01,Occidente,2024-06-06,2024,2024-06,0,96,244
184921,P01,Occidente,2024-06-07,2024,2024-06,25.8,96,269.8
184921,P01,Occidente,2024-06-08,2024,2024-06,2.6,96,272.4
184921,P01,Occidente,2024-06-09,2024,2024-06,10,96,282.4
184921,P01,Occidente,2024-06-10,2024,2024-06,0,96,282.4
184921,P01,Occidente,2024-06-11,2024,2024-06,21.8,96,304.2
184921,P01,Occidente,2024-06-12,2024,2024-06,0,96,304.2
184921,P01,Occidente,2024-06-13,2024,2024-06,0,96,304.2
184921,P01,Occidente,2024-06-14,2024,2024-06,7.6,96,311.8
184921,P01,Occidente,2024-06-15,2024,2024-06,2.6,96,314.4
184921,P01,Occidente,2024-06-16,2024,2024-06,1.8,96,316.2
184921,P01,Occidente,2024-06-17,2024,2024-06,4,96,320.2
184921,P01,Occidente,2024-06-18,2024,2024-06,0,96,320.2
184921,P01,Occidente,2024-06-19,2024,2024-06,1,96,321.2
184921,P01,Occidente,2024-06-20,2024,2024-06,0,96,321.2
184921,P01,Occidente,2024-06-21,2024,2024-06,41,96,362.2
184921,P01,Occidente,2024-06-22,2024,2024-06,0,96,362.2
184921,P01,Occidente,2024-06-23,2024,2024-06,9.6,96,371.8
184921,P01,Occidente,2024-06-24,2024,2024-06,0.2,96,372
184921,P01,Occidente,2024-06-25,2024,2024-06,9,96,381
184921,P01,Occidente,2024-06-26,2024,2024-06,4.4,96,385.4
184921,P01,Occidente,2024-06-27,2024,2024-06,0,96,385.4
184921,P01,Occidente,2024-06-28,2024,2024-06,0,96,385.4
184921,P01,Occidente,2024-06-29,2024,2024-06,0,96,385.4
184921,P01,Occidente,2024-06-30,2024,2024-06,0,96,385.4
184921,P01,Occidente,2024-07-01,2024,2024-07,0,96,385.4
184921,P01,Occidente,2024-07-02,2024,2024-07,13,96,398.4
184921,P01,Occidente,2024-07-03,2024,2024-07,0.2,96,398.6
184921,P01,Occidente,2024-07-04,2024,2024-07,38.6,96,437.2
184921,P01,Occidente,2024-07-05,2024,2024-07,5.8,96,443
184921,P01,Occidente,2024-07-06,2024,2024-07,23.8,96,466.8
184921,P01,Occidente,2024-07-07,2024,2024-07,4,96,470.8
184921,P01,Occidente,2024-07-08,2024,2024-07,0,96,470.8
184921,P01,Occidente,2024-07-09,2024,2024-07,13.6,96,484.4
184921,P01,Occidente,2024-07-10,2024,2024-07,0,96,484.4
184921,P01,Occidente,2024-07-11,2024,2024-07,0,96,484.4
184921,P01,Occidente,2024-07-12,2024,2024-07,31,96,515.4
184921,P01,Occidente,2024-07-13,2024,2024-07,1.8,96,517.2
184921,P01,Occidente,2024-07-14,2024,2024-07,1.8,96,519
184921,P01,Occidente,2024-07-15,2024,2024-07,0,96,519
184921,P01,Occidente,2024-07-16,2024,2024-07,2.6,96,521.6
184921,P01,Occidente,2024-07-17,2024,2024-07,0,96,521.6
184921,P01,Occidente,2024-07-18,2024,2024-07,2.6,96,524.2
184921,P01,Occidente,2024-07-19,2024,2024-07,0,96,524.2
184921,P01,Occidente,2024-07-20,2024,2024-07,0,96,524.2
184921,P01,Occidente,2024-07-21,2024,2024-07,0,96,524.2
184921,P01,Occidente,2024-07-22,2024,2024-07,3.6,96,527.8
184921,P01,Occidente,2024-07-23,2024,2024-07,6.8,96,534.6
184921,P01,Occidente,2024-07-24,2024,2024-07,0,96,534.6
184921,P01,Occidente,2024-07-25,2024,2024-07,6.6,96,541.2
184921,P01,Occidente,2024-07-26,2024,2024-07,2.2,96,543.4
184921,P01,Occidente,2024-07-27,2024,2024-07,2.8,96,546.2
184921,P01,Occidente,2024-07-28,2024,2024-07,0.6,96,546.8
184921,P01,Occidente,2024-07-29,2024,2024-07,6.4,96,553.2
184921,P01,Occidente,2024-07-30,2024,2024-07,1.2,96,554.4
184921,P01,Occidente,2024-07-31,2024,2024-07,50.4,96,604.8
184921,P01,Occidente,2024-08-01,2024,2024-08,0,96,604.8
184921,P01,Occidente,2024-08-02,2024,2024-08,0,96,604.8
184921,P01,Occidente,2024-08-03,2024,2024-08,0,96,604.8
184921,P01,Occidente,2024-08-04,2024,2024-08,0,96,604.8
184921,P01,Occidente,2024-08-05,2024,2024-08,17.2,96,622
184921,P01,Occidente,2024-08-06,2024,2024-08,7.2,96,629.2
184921,P01,Occidente,2024-08-07,2024,2024-08,0,96,629.2
184921,P01,Occidente,2024-08-08,2024,2024-08,0,96,629.2
184921,P01,Occidente,2024-08-09,2024,2024-08,2.8,96,632
184921,P01,Occidente,2024-08-10,2024,2024-08,31.8,96,663.8
184921,P01,Occidente,2024-08-11,2024,2024-08,3.6,96,667.4
184921,P01,Occidente,2024-08-12,2024,2024-08,0.2,96,667.6
184921,P01,Occidente,2024-08-13,2024,2024-08,6,96,673.6
184921,P01,Occidente,2024-08-14,2024,2024-08,0,96,673.6
184921,P01,Occidente,2024-08-15,2024,2024-08,0,96,673.6
184921,P01,Occidente,2024-08-16,2024,2024-08,2.6,96,676.2
184921,P01,Occidente,2024-08-17,2024,2024-08,0,96,676.2
184921,P01,Occidente,2024-08-18,2024,2024-08,0,96,676.2
184921,P01,Occidente,2024-08-19,2024,2024-08,0,96,676.2
184921,P01,Occidente,2024-08-20,2024,2024-08,0,96,676.2
184921,P01,Occidente,2024-08-21,2024,2024-08,0,96,676.2
184921,P01,Occidente,2024-08-22,2024,2024-08,0,96,676.2
184921,P01,Occidente,2024-08-23,2024,2024-08,5.4,96,681.6
184921,P01,Occidente,2024-08-24,2024,2024-08,5.4,96,687
184921,P01,Occidente,2024-08-25,2024,2024-08,43.8,96,730.8
184921,P01,Occidente,2024-08-26,2024,2024-08,0,96,730.8
184921,P01,Occidente,2024-08-27,2024,2024-08,0,96,730.8
184921,P01,Occidente,2024-08-28,2024,2024-08,28.8,96,759.6
184921,P01,Occidente,2024-08-29,2024,2024-08,0.2,96,759.8
184921,P01,Occidente,2024-08-30,2024,2024-08,0,96,759.8
184921,P01,Occidente,2024-08-31,2024,2024-08,0,96,759.8
184921,P01,Occidente,2024-09-01,2024,2024-09,11.8,96,771.6
184921,P01,Occidente,2024-09-02,2024,2024-09,0,96,771.6
184921,P01,Occidente,2024-09-03,2024,2024-09,0,96,771.6
184921,P01,Occidente,2024-09-04,2024,2024-09,11.6,96,783.2
184921,P01,Occidente,2024-09-05,2024,2024-09,1.6,96,784.8
184921,P01,Occidente,2024-09-06,2024,2024-09,0,96,784.8
184921,P01,Occidente,2024-09-07,2024,2024-09,3,96,787.8
184921,P01,Occidente,2024-09-08,2024,2024-09,2.4,96,790.2
184921,P01,Occidente,2024-09-09,2024,2024-09,3,96,793.2
184921,P01,Occidente,2024-09-10,2024,2024-09,0.2,96,793.4
184921,P01,Occidente,2024-09-11,2024,2024-09,0,96,793.4
184921,P01,Occidente,2024-09-12,2024,2024-09,15.2,96,808.6
184921,P01,Occidente,2024-09-13,2024,2024-09,88.4,96,897
184921,P01,Occidente,2024-09-14,2024,2024-09,0.2,96,897.2
184921,P01,Occidente,2024-09-15,2024,2024-09,0,96,897.2
184921,P01,Occidente,2024-09-16,2024,2024-09,3.6,96,900.8
184921,P01,Occidente,2024-09-17,2024,2024-09,4.2,96,905
184921,P01,Occidente,2024-09-18,2024,2024-09,0.2,96,905.2
184921,P01,Occidente,2024-09-19,2024,2024-09,14.2,96,919.4
184921,P01,Occidente,2024-09-20,2024,2024-09,14.2,96,933.6
184921,P01,Occidente,2024-09-21,2024,2024-09,0,96,933.6
184921,P01,Occidente,2024-09-22,2024,2024-09,0,96,933.6
184921,P01,Occidente,2024-09-23,2024,2024-09,3.4,96,937
184921,P01,Occidente,2024-09-24,2024,2024-09,0,96,937
184921,P01,Occidente,2024-09-25,2024,2024-09,0,96,937
184921,P01,Occidente,2024-09-26,2024,2024-09,1.6,96,938.6
184921,P01,Occidente,2024-09-27,2024,2024-09,0,96,938.6
184921,P01,Occidente,2024-09-28,2024,2024-09,33.6,96,972.2
184921,P01,Occidente,2024-09-29,2024,2024-09,4.4,96,976.6
184921,P01,Occidente,2024-09-30,2024,2024-09,1.8,96,978.4
184921,P01,Occidente,2024-10-01,2024,2024-10,0,96,978.4
184921,P01,Occidente,2024-10-02,2024,2024-10,0,96,978.4
184921,P01,Occidente,2024-10-03,2024,2024-10,0,96,978.4
184921,P01,Occidente,2024-10-04,2024,2024-10,0,96,978.4
184921,P01,Occidente,2024-10-05,2024,2024-10,27.2,96,1005.6
184921,P01,Occidente,2024-10-06,2024,2024-10,0,96,1005.6
184921,P01,Occidente,2024-10-07,2024,2024-10,6,96,1011.6
184921,P01,Occidente,2024-10-08,2024,2024-10,1.4,96,1013
184921,P01,Occidente,2024-10-09,2024,2024-10,0.2,96,1013.2
184921,P01,Occidente,2024-10-10,2024,2024-10,1.6,96,1014.8
184921,P01,Occidente,2024-10-11,2024,2024-10,0,96,1014.8
184921,P01,Occidente,2024-10-12,2024,2024-10,4.8,96,1019.6
184921,P01,Occidente,2024-10-13,2024,2024-10,0,96,1019.6
184921,P01,Occidente,2024-10-14,2024,2024-10,0,96,1019.6
184921,P01,Occidente,2024-10-15,2024,2024-10,0.6,96,1020.2
184921,P01,Occidente,2024-10-16,2024,2024-10,0,96,1020.2
184921,P01,Occidente,2024-10-17,2024,2024-10,0,96,1020.2
184921,P01,Occidente,2024-10-18,2024,2024-10,0,96,1020.2
184921,P01,Occidente,2024-10-19,2024,2024-10,0,96,1020.2
184921,P01,Occidente,2024-10-20,2024,2024-10,0,96,1020.2
184921,P01,Occidente,2024-10-21,2024,2024-10,0,96,1020.2
184921,P01,Occidente,2024-10-22,2024,2024-10,0,96,1020.2
184921,P01,Occidente,2024-10-23,2024,2024-10,2.4,96,1022.6
184921,P01,Occidente,2024-10-24,2024,2024-10,0,96,1022.6
184921,P01,Occidente,2024-10-25,2024,2024-10,6.6,96,1029.2
184921,P01,Occidente,2024-10-26,2024,2024-10,0,96,1029.2
184921,P01,Occidente,2024-10-27,2024,2024-10,0,96,1029.2
184921,P01,Occidente,2024-10-28,2024,2024-10,0,96,1029.2
184921,P01,Occidente,2024-10-29,2024,2024-10,0,96,1029.2
184921,P01,Occidente,2024-10-30,2024,2024-10,0,96,1029.2
184921,P01,Occidente,2024-10-31,2024,2024-10,2.4,96,1031.6
184921,P01,Occidente,2024-11-01,2024,2024-11,0,96,1031.6
184921,P01,Occidente,2024-11-02,2024,2024-11,0.6,96,1032.2
184921,P01,Occidente,2024-11-03,2024,2024-11,0,96,1032.2
184921,P01,Occidente,2024-11-04,2024,2024-11,12,96,1044.2
184921,P01,Occidente,2024-11-05,2024,2024-11,0,96,1044.2
184921,P01,Occidente,2024-11-06,2024,2024-11,0,96,1044.2
184921,P01,Occidente,2024-11-07,2024,2024-11,0,96,1044.2
184921,P01,Occidente,2024-11-08,2024,2024-11,0,96,1044.2
184921,P01,Occidente,2024-11-09,2024,2024-11,1,96,1045.2
184921,P01,Occidente,2024-11-10,2024,2024-11,4.6,96,1049.8
184921,P01,Occidente,2024-11-11,2024,2024-11,0.2,96,1050
184921,P01,Occidente,2024-11-12,2024,2024-11,0,96,1050
184921,P01,Occidente,2024-11-13,2024,2024-11,0,96,1050
184921,P01,Occidente,2024-11-14,2024,2024-11,0,96,1050
184921,P01,Occidente,2024-11-15,2024,2024-11,0,96,1050
184921,P01,Occidente,2024-11-16,2024,2024-11,0,96,1050
184921,P01,Occidente,2024-11-17,2024,2024-11,0.2,96,1050.2
184921,P01,Occidente,2024-11-18,2024,2024-11,0,96,1050.2
184921,P01,Occidente,2024-11-19,2024,2024-11,0,96,1050.2
184921,P01,Occidente,2024-11-20,2024,2024-11,0,96,1050.2
184921,P01,Occidente,2024-11-21,2024,2024-11,0,96,1050.2
184921,P01,Occidente,2024-11-22,2024,2024-11,0,96,1050.2
184921,P01,Occidente,2024-11-23,2024,2024-11,0,96,1050.2
184921,P01,Occidente,2024-11-24,2024,2024-11,0,96,1050.2
184921,P01,Occidente,2024-11-25,2024,2024-11,8.2,96,1058.4
184921,P01,Occidente,2024-11-26,2024,2024-11,0,96,1058.4
184921,P01,Occidente,2024-11-27,2024,2024-11,0,96,1058.4
184921,P01,Occidente,2024-11-28,2024,2024-11,14.4,96,1072.8
184921,P01,Occidente,2024-11-29,2024,2024-11,0,96,1072.8
184921,P01,Occidente,2024-11-30,2024,2024-11,0,96,1072.8
184921,P01,Occidente,2024-12-01,2024,2024-12,0,96,1072.8
184921,P01,Occidente,2024-12-02,2024,2024-12,0,96,1072.8
184921,P01,Occidente,2024-12-03,2024,2024-12,0,96,1072.8
184921,P01,Occidente,2024-12-04,2024,2024-12,0,96,1072.8
184921,P01,Occidente,2024-12-05,2024,2024-12,2,96,1074.8
184921,P01,Occidente,2024-12-06,2024,2024-12,0,96,1074.8
184921,P01,Occidente,2024-12-07,2024,2024-12,0,96,1074.8
184921,P01,Occidente,2024-12-08,2024,2024-12,0,96,1074.8
184921,P01,Occidente,2024-12-09,2024,2024-12,0,96,1074.8
184921,P01,Occidente,2024-12-10,2024,2024-12,0,96,1074.8
184921,P01,Occidente,2024-12-11,2024,2024-12,0,96,1074.8
184921,P01,Occidente,2024-12-12,2024,2024-12,7.6,96,1082.4
184921,P01,Occidente,2024-12-13,2024,2024-12,0,96,1082.4
184921,P01,Occidente,2024-12-14,2024,2024-12,0,96,1082.4
184921,P01,Occidente,2024-12-15,2024,2024-12,0,96,1082.4
184921,P01,Occidente,2024-12-16,2024,2024-12,0,96,1082.4
184921,P01,Occidente,2024-12-17,2024,2024-12,0,96,1082.4
184921,P01,Occidente,2024-12-18,2024,2024-12,0.8,96,1083.2
184921,P01,Occidente,2024-12-19,2024,2024-12,1.6,96,1084.8
184921,P01,Occidente,2024-12-20,2024,2024-12,0,96,1084.8
184921,P01,Occidente,2024-12-21,2024,2024-12,0,96,1084.8
184921,P01,Occidente,2024-12-22,2024,2024-12,1,96,1085.8
184921,P01,Occidente,2024-12-23,2024,2024-12,0,96,1085.8
184921,P01,Occidente,2024-12-24,2024,2024-12,0,96,1085.8
184921,P01,Occidente,2024-12-25,2024,2024-12,0,96,1085.8
184921,P01,Occidente,2024-12-26,2024,2024-12,0,96,1085.8
184921,P01,Occidente,2024-12-27,2024,2024-12,0,96,1085.8
184921,P01,Occidente,2024-12-28,2024,2024-12,0,96,1085.8
184921,P01,Occidente,2024-12-29,2024,2024-12,0,96,1085.8
184921,P01,Occidente,2024-12-30,2024,2024-12,0,96,1085.8
184921,P01,Occidente,2024-12-31,2024,2024-12,0,96,1085.8
184921,P01,Occidente,2025-01-01,2025,2025-01,0,96,0
184921,P01,Occidente,2025-01-02,2025,2025-01,0,96,0
184921,P01,Occidente,2025-01-03,2025,2025-01,0.6,96,0.6
184921,P01,Occidente,2025-01-04,2025,2025-01,0,96,0.6
184921,P01,Occidente,2025-01-05,2025,2025-01,0,96,0.6
184921,P01,Occidente,2025-01-06,2025,2025-01,0,96,0.6
184921,P01,Occidente,2025-01-07,2025,2025-01,0,96,0.6
184921,P01,Occidente,2025-01-08,2025,2025-01,0,96,0.6
184921,P01,Occidente,2025-01-09,2025,2025-01,0,96,0.6
184921,P01,Occidente,2025-01-10,2025,2025-01,0,96,0.6
184921,P01,Occidente,2025-01-11,2025,2025-01,0,96,0.6
184921,P01,Occidente,2025-01-12,2025,2025-01,0,96,0.6
184921,P01,Occidente,2025-01-13,2025,2025-01,0,96,0.6
184921,P01,Occidente,2025-01-14,2025,2025-01,0,96,0.6
184921,P01,Occidente,2025-01-15,2025,2025-01,0,96,0.6
184921,P01,Occidente,2025-01-16,2025,2025-01,0,96,0.6
184921,P01,Occidente,2025-01-17,2025,2025-01,0,96,0.6
184921,P01,Occidente,2025-01-18,2025,2025-01,0,96,0.6
184921,P01,Occidente,2025-01-19,2025,2025-01,0,96,0.6
184921,P01,Occidente,2025-01-20,2025,2025-01,0,96,0.6
184921,P01,Occidente,2025-01-21,2025,2025-01,0,96,0.6
184921,P01,Occidente,2025-01-22,2025,2025-01,0,96,0.6
184921,P01,Occidente,2025-01-23,2025,2025-01,0,96,0.6
184921,P01,Occidente,2025-01-24,2025,2025-01,0,96,0.6
184921,P01,Occidente,2025-01-25,2025,2025-01,0,96,0.6
184921,P01,Occidente,2025-01-26,2025,2025-01,0,96,0.6
184921,P01,Occidente,2025-01-27,2025,2025-01,0,96,0.6
184921,P01,Occidente,2025-01-28,2025,2025-01,0,96,0.6
184921,P01,Occidente,2025-01-29,2025,2025-01,0,96,0.6
184921,P01,Occidente,2025-01-30,2025,2025-01,1,96,1.6
184921,P01,Occidente,2025-01-31,2025,2025-01,0.4,96,2
184921,P01,Occidente,2025-02-01,2025,2025-02,1.4,96,3.4
184921,P01,Occidente,2025-02-02,2025,2025-02,0,96,3.4
184921,P01,Occidente,2025-02-03,2025,2025-02,0,96,3.4
184921,P01,Occidente,2025-02-04,2025,2025-02,0,96,3.4
184921,P01,Occidente,2025-02-05,2025,2025-02,0,96,3.4
184921,P01,Occidente,2025-02-06,2025,2025-02,0,96,3.4
184921,P01,Occidente,2025-02-07,2025,2025-02,0,96,3.4
184921,P01,Occidente,2025-02-08,2025,2025-02,0,96,3.4
184921,P01,Occidente,2025-02-09,2025,2025-02,0,96,3.4
184921,P01,Occidente,2025-02-10,2025,2025-02,0,96,3.4
184921,P01,Occidente,2025-02-11,2025,2025-02,0,96,3.4
184921,P01,Occidente,2025-02-12,2025,2025-02,0,96,3.4
184921,P01,Occidente,2025-02-13,2025,2025-02,0,96,3.4
184921,P01,Occidente,2025-02-14,2025,2025-02,0,96,3.4
184921,P01,Occidente,2025-02-15,2025,2025-02,0,96,3.4
184921,P01,Occidente,2025-02-16,2025,2025-02,0,96,3.4
184921,P01,Occidente,2025-02-17,2025,2025-02,0,96,3.4
184921,P01,Occidente,2025-02-18,2025,2025-02,0,96,3.4
184921,P01,Occidente,2025-02-19,2025,2025-02,0,96,3.4
184921,P01,Occidente,2025-02-20,2025,2025-02,0,96,3.4
184921,P01,Occidente,2025-02-21,2025,2025-02,0,96,3.4
184921,P01,Occidente,2025-02-22,2025,2025-02,0,96,3.4
184921,P01,Occidente,2025-02-23,2025,2025-02,0,96,3.4
184921,P01,Occidente,2025-02-24,2025,2025-02,0,96,3.4
184921,P01,Occidente,2025-02-25,2025,2025-02,0,96,3.4
184921,P01,Occidente,2025-02-26,2025,2025-02,0,96,3.4
184921,P01,Occidente,2025-02-27,2025,2025-02,0,96,3.4
184921,P01,Occidente,2025-02-28,2025,2025-02,0,96,3.4
184921,P01,Occidente,2025-03-01,2025,2025-03,0,96,3.4
184921,P01,Occidente,2025-03-02,2025,2025-03,0,96,3.4
184921,P01,Occidente,2025-03-03,2025,2025-03,0,96,3.4
184921,P01,Occidente,2025-03-04,2025,2025-03,0,96,3.4
184921,P01,Occidente,2025-03-05,2025,2025-03,0,96,3.4
184921,P01,Occidente,2025-03-06,2025,2025-03,0,96,3.4
184921,P01,Occidente,2025-03-07,2025,2025-03,0,96,3.4
184921,P01,Occidente,2025-03-08,2025,2025-03,0,96,3.4
184921,P01,Occidente,2025-03-09,2025,2025-03,0,96,3.4
184921,P01,Occidente,2025-03-10,2025,2025-03,0,96,3.4
184921,P01,Occidente,2025-03-11,2025,2025-03,0,96,3.4
184921,P01,Occidente,2025-03-12,2025,2025-03,0,96,3.4
184921,P01,Occidente,2025-03-13,2025,2025-03,0,96,3.4
184921,P01,Occidente,2025-03-14,2025,2025-03,0,96,3.4
184921,P01,Occidente,2025-03-15,2025,2025-03,0,96,3.4
184921,P01,Occidente,2025-03-16,2025,2025-03,0.8,96,4.2
184921,P01,Occidente,2025-03-17,2025,2025-03,0,96,4.2
184921,P01,Occidente,2025-03-18,2025,2025-03,5.8,96,10
184921,P01,Occidente,2025-03-19,2025,2025-03,1.6,96,11.6
184921,P01,Occidente,2025-03-20,2025,2025-03,0,96,11.6
184921,P01,Occidente,2025-03-21,2025,2025-03,0,96,11.6
184921,P01,Occidente,2025-03-22,2025,2025-03,0,96,11.6
184921,P01,Occidente,2025-03-23,2025,2025-03,0,96,11.6
184921,P01,Occidente,2025-03-24,2025,2025-03,0,96,11.6
184921,P01,Occidente,2025-03-25,2025,2025-03,0,96,11.6
184921,P01,Occidente,2025-03-26,2025,2025-03,0,96,11.6
184921,P01,Occidente,2025-03-27,2025,2025-03,0,96,11.6
184921,P01,Occidente,2025-03-28,2025,2025-03,0,96,11.6
184921,P01,Occidente,2025-03-29,2025,2025-03,0,96,11.6
184921,P01,Occidente,2025-03-30,2025,2025-03,0,96,11.6
184921,P01,Occidente,2025-03-31,2025,2025-03,0.2,96,11.8
184921,P01,Occidente,2025-04-01,2025,2025-04,0,96,11.8
184921,P01,Occidente,2025-04-02,2025,2025-04,0.8,96,12.6
184921,P01,Occidente,2025-04-03,2025,2025-04,0,96,12.6
184921,P01,Occidente,2025-04-04,2025,2025-04,5.6,96,18.2
184921,P01,Occidente,2025-04-05,2025,2025-04,0,96,18.2
184921,P01,Occidente,2025-04-06,2025,2025-04,0,96,18.2
184921,P01,Occidente,2025-04-07,2025,2025-04,16.4,96,34.6
184921,P01,Occidente,2025-04-08,2025,2025-04,2.8,96,37.4
184921,P01,Occidente,2025-04-09,2025,2025-04,0,96,37.4
184921,P01,Occidente,2025-04-10,2025,2025-04,0.4,96,37.8
184921,P01,Occidente,2025-04-11,2025,2025-04,0,96,37.8
184921,P01,Occidente,2025-04-12,2025,2025-04,3.4,96,41.2
184921,P01,Occidente,2025-04-13,2025,2025-04,0,96,41.2
184921,P01,Occidente,2025-04-14,2025,2025-04,0,96,41.2
184921,P01,Occidente,2025-04-15,2025,2025-04,0,96,41.2
184921,P01,Occidente,2025-04-16,2025,2025-04,0,96,41.2
184921,P01,Occidente,2025-04-17,2025,2025-04,0,96,41.2
184921,P01,Occidente,2025-04-18,2025,2025-04,1,96,42.2
184921,P01,Occidente,2025-04-19,2025,2025-04,9,96,51.2
184921,P01,Occidente,2025-04-20,2025,2025-04,7,96,58.2
184921,P01,Occidente,2025-04-21,2025,2025-04,1.2,96,59.4
184921,P01,Occidente,2025-04-22,2025,2025-04,1.6,96,61
184921,P01,Occidente,2025-04-23,2025,2025-04,6.4,96,67.4
184921,P01,Occidente,2025-04-24,2025,2025-04,13.2,96,80.6
184921,P01,Occidente,2025-04-25,2025,2025-04,6.8,96,87.4
184921,P01,Occidente,2025-04-26,2025,2025-04,0,96,87.4
184921,P01,Occidente,2025-04-27,2025,2025-04,0,96,87.4
184921,P01,Occidente,2025-04-28,2025,2025-04,0,96,87.4
184921,P01,Occidente,2025-04-29,2025,2025-04,0,96,87.4
184921,P01,Occidente,2025-04-30,2025,2025-04,15.8,96,103.2
184921,P01,Occidente,2025-05-01,2025,2025-05,36.2,96,139.4
184921,P01,Occidente,2025-05-02,2025,2025-05,0,96,139.4
184921,P01,Occidente,2025-05-03,2025,2025-05,65,96,204.4
184921,P01,Occidente,2025-05-04,2025,2025-05,16.2,96,220.6
184921,P01,Occidente,2025-05-05,2025,2025-05,21.2,96,241.8
184921,P01,Occidente,2025-05-06,2025,2025-05,6.8,96,248.6
184921,P01,Occidente,2025-05-07,2025,2025-05,29.4,96,278
184921,P01,Occidente,2025-05-08,2025,2025-05,0.6,96,278.6
184921,P01,Occidente,2025-05-09,2025,2025-05,26.8,96,305.4
184921,P01,Occidente,2025-05-10,2025,2025-05,0,96,305.4
184921,P01,Occidente,2025-05-11,2025,2025-05,22,96,327.4
184921,P01,Occidente,2025-05-12,2025,2025-05,0,96,327.4
184921,P01,Occidente,2025-05-13,2025,2025-05,23.4,96,350.8
184921,P01,Occidente,2025-05-14,2025,2025-05,0,96,350.8
184921,P01,Occidente,2025-05-15,2025,2025-05,0,96,350.8
184921,P01,Occidente,2025-05-16,2025,2025-05,2.6,96,353.4
184921,P01,Occidente,2025-05-17,2025,2025-05,1.6,96,355
184921,P01,Occidente,2025-05-18,2025,2025-05,14.4,96,369.4
184921,P01,Occidente,2025-05-19,2025,2025-05,27.8,96,397.2
184921,P01,Occidente,2025-05-20,2025,2025-05,3.4,96,400.6
184921,P01,Occidente,2025-05-21,2025,2025-05,7.4,96,408
184921,P01,Occidente,2025-05-22,2025,2025-05,11.2,96,419.2
184921,P01,Occidente,2025-05-23,2025,2025-05,21.6,96,440.8
184921,P01,Occidente,2025-05-24,2025,2025-05,0.6,96,441.4
184921,P01,Occidente,2025-05-25,2025,2025-05,0,96,441.4
184921,P01,Occidente,2025-05-26,2025,2025-05,45.6,96,487
184921,P01,Occidente,2025-05-27,2025,2025-05,17.4,96,504.4
184921,P01,Occidente,2025-05-28,2025,2025-05,0,96,504.4
184921,P01,Occidente,2025-05-29,2025,2025-05,0.6,96,505
184921,P01,Occidente,2025-05-30,2025,2025-05,4.2,96,509.2
184921,P01,Occidente,2025-05-31,2025,2025-05,11,96,520.2
184921,P01,Occidente,2025-06-01,2025,2025-06,20.2,96,540.4
184921,P01,Occidente,2025-06-02,2025,2025-06,36.6,96,577
184921,P01,Occidente,2025-06-03,2025,2025-06,0,96,577
184921,P01,Occidente,2025-06-04,2025,2025-06,2,96,579
184921,P01,Occidente,2025-06-05,2025,2025-06,0,96,579
184921,P01,Occidente,2025-06-06,2025,2025-06,0,96,579
184921,P01,Occidente,2025-06-07,2025,2025-06,9.8,96,588.8
184921,P01,Occidente,2025-06-08,2025,2025-06,0,96,588.8
184921,P01,Occidente,2025-06-09,2025,2025-06,14.8,96,603.6
184921,P01,Occidente,2025-06-10,2025,2025-06,0,96,603.6
184921,P01,Occidente,2025-06-11,2025,2025-06,54.6,96,658.2
184921,P01,Occidente,2025-06-12,2025,2025-06,40.2,96,698.4
184921,P01,Occidente,2025-06-13,2025,2025-06,1.2,96,699.6
184921,P01,Occidente,2025-06-14,2025,2025-06,2.6,96,702.2
184921,P01,Occidente,2025-06-15,2025,2025-06,0,96,702.2
184921,P01,Occidente,2025-06-16,2025,2025-06,0,96,702.2
184921,P01,Occidente,2025-06-17,2025,2025-06,6.6,96,708.8
184921,P01,Occidente,2025-06-18,2025,2025-06,6.2,96,715
184921,P01,Occidente,2025-06-19,2025,2025-06,0.2,96,715.2
184921,P01,Occidente,2025-06-20,2025,2025-06,7.8,96,723
184921,P01,Occidente,2025-06-21,2025,2025-06,33.2,96,756.2
184921,P01,Occidente,2025-06-22,2025,2025-06,0.4,96,756.6
184921,P01,Occidente,2025-06-23,2025,2025-06,0,96,756.6
184921,P01,Occidente,2025-06-24,2025,2025-06,3,96,759.6
184921,P01,Occidente,2025-06-25,2025,2025-06,21.2,96,780.8
184921,P01,Occidente,2025-06-26,2025,2025-06,0.6,96,781.4
184921,P01,Occidente,2025-06-27,2025,2025-06,0,96,781.4
184921,P01,Occidente,2025-06-28,2025,2025-06,0.4,96,781.8
184921,P01,Occidente,2025-06-29,2025,2025-06,2,96,783.8
184921,P01,Occidente,2025-06-30,2025,2025-06,1,96,784.8
184921,P01,Occidente,2025-07-01,2025,2025-07,0,96,784.8
184921,P01,Occidente,2025-07-02,2025,2025-07,11,96,795.8
184921,P01,Occidente,2025-07-03,2025,2025-07,31.2,96,827
184921,P01,Occidente,2025-07-04,2025,2025-07,5.4,96,832.4
184921,P01,Occidente,2025-07-05,2025,2025-07,0.2,96,832.6
184921,P01,Occidente,2025-07-06,2025,2025-07,0,96,832.6
184921,P01,Occidente,2025-07-07,2025,2025-07,0,96,832.6
184921,P01,Occidente,2025-07-08,2025,2025-07,0,96,832.6
184921,P01,Occidente,2025-07-09,2025,2025-07,21.2,96,853.8
184921,P01,Occidente,2025-07-10,2025,2025-07,0,96,853.8
184921,P01,Occidente,2025-07-11,2025,2025-07,4.2,96,858
184921,P01,Occidente,2025-07-12,2025,2025-07,7.4,96,865.4
184921,P01,Occidente,2025-07-13,2025,2025-07,0,96,865.4
184921,P01,Occidente,2025-07-14,2025,2025-07,0,96,865.4
184921,P01,Occidente,2025-07-15,2025,2025-07,38.6,96,904
184921,P01,Occidente,2025-07-16,2025,2025-07,0,96,904
184921,P01,Occidente,2025-07-17,2025,2025-07,3,96,907
184921,P01,Occidente,2025-07-18,2025,2025-07,5.4,96,912.4
184921,P01,Occidente,2025-07-19,2025,2025-07,8.8,96,921.2
184921,P01,Occidente,2025-07-20,2025,2025-07,0.4,96,921.6
184921,P01,Occidente,2025-07-21,2025,2025-07,1.4,96,923
184921,P01,Occidente,2025-07-22,2025,2025-07,0,96,923
184921,P01,Occidente,2025-07-23,2025,2025-07,54,96,977
184921,P01,Occidente,2025-07-24,2025,2025-07,5.6,96,982.6
184921,P01,Occidente,2025-07-25,2025,2025-07,0,96,982.6
184921,P01,Occidente,2025-07-26,2025,2025-07,0,96,982.6
184921,P01,Occidente,2025-07-27,2025,2025-07,0.6,96,983.2
184921,P01,Occidente,2025-07-28,2025,2025-07,0,96,983.2
184921,P01,Occidente,2025-07-29,2025,2025-07,1.6,96,984.8
184921,P01,Occidente,2025-07-30,2025,2025-07,0,96,984.8
184921,P01,Occidente,2025-07-31,2025,2025-07,18.8,96,1003.6
184921,P01,Occidente,2025-08-01,2025,2025-08,3.6,96,1007.2
184921,P01,Occidente,2025-08-02,2025,2025-08,9.2,96,1016.4
184921,P01,Occidente,2025-08-03,2025,2025-08,14.6,96,1031
184921,P01,Occidente,2025-08-04,2025,2025-08,6.4,96,1037.4
184921,P01,Occidente,2025-08-05,2025,2025-08,20.6,96,1058
184921,P01,Occidente,2025-08-06,2025,2025-08,0,96,1058
184921,P01,Occidente,2025-08-07,2025,2025-08,0,96,1058
184921,P01,Occidente,2025-08-08,2025,2025-08,0,96,1058
184921,P01,Occidente,2025-08-09,2025,2025-08,17.2,96,1075.2
184921,P01,Occidente,2025-08-10,2025,2025-08,2,96,1077.2
184921,P01,Occidente,2025-08-11,2025,2025-08,0.2,96,1077.4
184921,P01,Occidente,2025-08-12,2025,2025-08,12,96,1089.4
184921,P01,Occidente,2025-08-13,2025,2025-08,3.4,96,1092.8
184921,P01,Occidente,2025-08-14,2025,2025-08,0,96,1092.8
184921,P01,Occidente,2025-08-15,2025,2025-08,6.8,96,1099.6
184921,P01,Occidente,2025-08-16,2025,2025-08,0,96,1099.6
184921,P01,Occidente,2025-08-17,2025,2025-08,3.4,96,1103
184921,P01,Occidente,2025-08-18,2025,2025-08,0,96,1103
184921,P01,Occidente,2025-08-19,2025,2025-08,0,96,1103
184921,P01,Occidente,2025-08-20,2025,2025-08,0,96,1103
184921,P01,Occidente,2025-08-21,2025,2025-08,0,96,1103
184921,P01,Occidente,2025-08-22,2025,2025-08,56.6,96,1159.6
184921,P01,Occidente,2025-08-23,2025,2025-08,0,96,1159.6
184921,P01,Occidente,2025-08-24,2025,2025-08,0,96,1159.6
184921,P01,Occidente,2025-08-25,2025,2025-08,0,96,1159.6
184921,P01,Occidente,2025-08-26,2025,2025-08,1.4,96,1161
184921,P01,Occidente,2025-08-27,2025,2025-08,25.6,96,1186.6
184921,P01,Occidente,2025-08-28,2025,2025-08,0.2,96,1186.8
184921,P01,Occidente,2025-08-29,2025,2025-08,0,96,1186.8
184921,P01,Occidente,2025-08-30,2025,2025-08,23.8,96,1210.6
184921,P01,Occidente,2025-08-31,2025,2025-08,1.2,96,1211.8
184921,P01,Occidente,2025-09-01,2025,2025-09,0.6,96,1212.4
184921,P01,Occidente,2025-09-02,2025,2025-09,15,96,1227.4
184921,P01,Occidente,2025-09-03,2025,2025-09,6.8,96,1234.2
184921,P01,Occidente,2025-09-04,2025,2025-09,2.4,96,1236.6
184921,P01,Occidente,2025-09-05,2025,2025-09,11.4,96,1248
184921,P01,Occidente,2025-09-06,2025,2025-09,27.2,96,1275.2
184921,P01,Occidente,2025-09-07,2025,2025-09,0.2,96,1275.4
184921,P01,Occidente,2025-09-08,2025,2025-09,6,96,1281.4
184921,P01,Occidente,2025-09-09,2025,2025-09,0,96,1281.4
184921,P01,Occidente,2025-09-10,2025,2025-09,0,96,1281.4
184921,P01,Occidente,2025-09-11,2025,2025-09,0,96,1281.4
184921,P01,Occidente,2025-09-12,2025,2025-09,29.4,96,1310.8
184921,P01,Occidente,2025-09-13,2025,2025-09,0,96,1310.8
184921,P01,Occidente,2025-09-14,2025,2025-09,5,96,1315.8
184921,P01,Occidente,2025-09-15,2025,2025-09,0.2,96,1316
184921,P01,Occidente,2025-09-16,2025,2025-09,0,96,1316
184921,P01,Occidente,2025-09-17,2025,2025-09,0,96,1316
184921,P01,Occidente,2025-09-18,2025,2025-09,0,96,1316
184921,P01,Occidente,2025-09-19,2025,2025-09,0,96,1316
184921,P01,Occidente,2025-09-20,2025,2025-09,0,96,1316
184921,P01,Occidente,2025-09-21,2025,2025-09,0,96,1316
184921,P01,Occidente,2025-09-22,2025,2025-09,0,96,1316
184921,P01,Occidente,2025-09-23,2025,2025-09,0,96,1316
184921,P01,Occidente,2025-09-24,2025,2025-09,5.2,96,1321.2
184921,P01,Occidente,2025-09-25,2025,2025-09,0,96,1321.2
184921,P01,Occidente,2025-09-26,2025,2025-09,0,96,1321.2
184921,P01,Occidente,2025-09-27,2025,2025-09,2,96,1323.2
184921,P01,Occidente,2025-09-28,2025,2025-09,0.2,96,1323.4
184921,P01,Occidente,2025-09-29,2025,2025-09,0,96,1323.4
184921,P01,Occidente,2025-09-30,2025,2025-09,0.4,96,1323.8
184921,P01,Occidente,2025-10-01,2025,2025-10,0,96,1323.8
184921,P01,Occidente,2025-10-02,2025,2025-10,0,96,1323.8
184921,P01,Occidente,2025-10-03,2025,2025-10,0,96,1323.8
184921,P01,Occidente,2025-10-04,2025,2025-10,0,96,1323.8
184921,P01,Occidente,2025-10-05,2025,2025-10,0,96,1323.8
184921,P01,Occidente,2025-10-06,2025,2025-10,0,96,1323.8
184921,P01,Occidente,2025-10-07,2025,2025-10,9.6,96,1333.4
184921,P01,Occidente,2025-10-08,2025,2025-10,5.8,96,1339.2
184921,P01,Occidente,2025-10-09,2025,2025-10,0.2,96,1339.4
184921,P01,Occidente,2025-10-10,2025,2025-10,0,96,1339.4
184921,P01,Occidente,2025-10-11,2025,2025-10,0,96,1339.4
184921,P01,Occidente,2025-10-12,2025,2025-10,0,96,1339.4
184921,P01,Occidente,2025-10-13,2025,2025-10,0,96,1339.4
184921,P01,Occidente,2025-10-14,2025,2025-10,0,96,1339.4
184921,P01,Occidente,2025-10-15,2025,2025-10,2,96,1341.4
184921,P01,Occidente,2025-10-16,2025,2025-10,0,96,1341.4
184921,P01,Occidente,2025-10-17,2025,2025-10,0,96,1341.4
184921,P01,Occidente,2025-10-18,2025,2025-10,8.8,96,1350.2
184921,P01,Occidente,2025-10-19,2025,2025-10,0,96,1350.2
184921,P01,Occidente,2025-10-20,2025,2025-10,7.2,96,1357.4
184921,P01,Occidente,2025-10-21,2025,2025-10,1.6,96,1359
184921,P01,Occidente,2025-10-22,2025,2025-10,0.2,96,1359.2
184921,P01,Occidente,2025-10-23,2025,2025-10,0.2,96,1359.4
184921,P01,Occidente,2025-10-24,2025,2025-10,0.2,96,1359.6
184921,P01,Occidente,2025-10-25,2025,2025-10,8.2,96,1367.8
184921,P01,Occidente,2025-10-26,2025,2025-10,0,96,1367.8
184921,P01,Occidente,2025-10-27,2025,2025-10,2.4,96,1370.2
184921,P01,Occidente,2025-10-28,2025,2025-10,0,96,1370.2
184921,P01,Occidente,2025-10-29,2025,2025-10,0,96,1370.2
184921,P01,Occidente,2025-10-30,2025,2025-10,11.2,96,1381.4
184921,P01,Occidente,2025-10-31,2025,2025-10,5.8,96,1387.2
184921,P01,Occidente,2025-11-01,2025,2025-11,1.2,96,1388.4
184921,P01,Occidente,2025-11-02,2025,2025-11,0,96,1388.4
184921,P01,Occidente,2025-11-03,2025,2025-11,0,96,1388.4
184921,P01,Occidente,2025-11-04,2025,2025-11,0,96,1388.4
184921,P01,Occidente,2025-11-05,2025,2025-11,0,96,1388.4
184921,P01,Occidente,2025-11-06,2025,2025-11,0,96,1388.4
184921,P01,Occidente,2025-11-07,2025,2025-11,0,96,1388.4
184921,P01,Occidente,2025-11-08,2025,2025-11,0,96,1388.4
184921,P01,Occidente,2025-11-09,2025,2025-11,0.4,96,1388.8
184921,P01,Occidente,2025-11-10,2025,2025-11,0,96,1388.8
184921,P01,Occidente,2025-11-11,2025,2025-11,0,96,1388.8
184921,P01,Occidente,2025-11-12,2025,2025-11,0,96,1388.8
184921,P01,Occidente,2025-11-13,2025,2025-11,0,96,1388.8
184921,P01,Occidente,2025-11-14,2025,2025-11,0,96,1388.8
184921,P01,Occidente,2025-11-15,2025,2025-11,0,96,1388.8
184921,P01,Occidente,2025-11-16,2025,2025-11,0,96,1388.8
184921,P01,Occidente,2025-11-17,2025,2025-11,0.4,96,1389.2
184921,P01,Occidente,2025-11-18,2025,2025-11,0,96,1389.2
184921,P01,Occidente,2025-11-19,2025,2025-11,0,96,1389.2
184921,P01,Occidente,2025-11-20,2025,2025-11,0,96,1389.2
184921,P01,Occidente,2025-11-21,2025,2025-11,30,96,1419.2
184921,P01,Occidente,2025-11-22,2025,2025-11,0,96,1419.2
184921,P01,Occidente,2025-11-23,2025,2025-11,0,96,1419.2
184921,P01,Occidente,2025-11-24,2025,2025-11,0,96,1419.2
184921,P01,Occidente,2025-11-25,2025,2025-11,0.2,96,1419.4
184921,P01,Occidente,2025-11-26,2025,2025-11,0,96,1419.4
184921,P01,Occidente,2025-11-27,2025,2025-11,0.4,96,1419.8
184921,P01,Occidente,2025-11-28,2025,2025-11,0,96,1419.8
184921,P01,Occidente,2025-11-29,2025,2025-11,0,96,1419.8
184921,P01,Occidente,2025-11-30,2025,2025-11,5.2,96,1425
184921,P01,Occidente,2025-12-01,2025,2025-12,0,96,1425
184921,P01,Occidente,2025-12-02,2025,2025-12,0,96,1425
184921,P01,Occidente,2025-12-03,2025,2025-12,0,96,1425
184921,P01,Occidente,2025-12-04,2025,2025-12,0,96,1425
184921,P01,Occidente,2025-12-05,2025,2025-12,0,96,1425
184921,P01,Occidente,2025-12-06,2025,2025-12,5,96,1430
184921,P01,Occidente,2025-12-07,2025,2025-12,0,96,1430
184921,P01,Occidente,2025-12-08,2025,2025-12,0,96,1430
184921,P01,Occidente,2025-12-09,2025,2025-12,0,96,1430
184921,P01,Occidente,2025-12-10,2025,2025-12,0,96,1430
184921,P01,Occidente,2025-12-11,2025,2025-12,0.4,96,1430.4
184921,P01,Occidente,2025-12-12,2025,2025-12,0,96,1430.4
184921,P01,Occidente,2025-12-13,2025,2025-12,0,96,1430.4
184921,P01,Occidente,2025-12-14,2025,2025-12,0,96,1430.4
184921,P01,Occidente,2025-12-15,2025,2025-12,0,96,1430.4
184921,P01,Occidente,2025-12-16,2025,2025-12,0,96,1430.4
184921,P01,Occidente,2025-12-17,2025,2025-12,0,96,1430.4
184921,P01,Occidente,2025-12-18,2025,2025-12,0,96,1430.4
184921,P01,Occidente,2025-12-19,2025,2025-12,0,96,1430.4
184921,P01,Occidente,2025-12-20,2025,2025-12,0.6,96,1431
184921,P01,Occidente,2025-12-21,2025,2025-12,1.2,96,1432.2
184921,P01,Occidente,2025-12-22,2025,2025-12,0,96,1432.2
184921,P01,Occidente,2025-12-23,2025,2025-12,0,96,1432.2
184921,P01,Occidente,2025-12-24,2025,2025-12,0,96,1432.2
184921,P01,Occidente,2025-12-25,2025,2025-12,0,96,1432.2
184921,P01,Occidente,2025-12-26,2025,2025-12,0,96,1432.2
184921,P01,Occidente,2025-12-27,2025,2025-12,0,96,1432.2
184921,P01,Occidente,2025-12-28,2025,2025-12,0,96,1432.2
184921,P01,Occidente,2025-12-29,2025,2025-12,0,96,1432.2
184921,P01,Occidente,2025-12-30,2025,2025-12,0,96,1432.2
184921,P01,Occidente,2025-12-31,2025,2025-12,0,96,1432.2
184921,P01,Occidente,2026-01-01,2026,2026-01,0,96,0
184921,P01,Occidente,2026-01-02,2026,2026-01,0,96,0
184921,P01,Occidente,2026-01-03,2026,2026-01,0,96,0
184921,P01,Occidente,2026-01-04,2026,2026-01,0,96,0
184921,P01,Occidente,2026-01-05,2026,2026-01,0,96,0
184921,P01,Occidente,2026-01-06,2026,2026-01,0,96,0
184921,P01,Occidente,2026-01-07,2026,2026-01,0,96,0
184921,P01,Occidente,2026-01-08,2026,2026-01,0,96,0
184921,P01,Occidente,2026-01-09,2026,2026-01,0,96,0
184921,P01,Occidente,2026-01-10,2026,2026-01,0,96,0
184921,P01,Occidente,2026-01-11,2026,2026-01,0,96,0
184921,P01,Occidente,2026-01-12,2026,2026-01,0,96,0
184921,P01,Occidente,2026-01-13,2026,2026-01,0,96,0
184921,P01,Occidente,2026-01-14,2026,2026-01,0,96,0
184921,P01,Occidente,2026-01-15,2026,2026-01,0,96,0
184921,P01,Occidente,2026-01-16,2026,2026-01,0,96,0
184921,P01,Occidente,2026-01-17,2026,2026-01,0,96,0
184921,P01,Occidente,2026-01-18,2026,2026-01,0,96,0
184921,P01,Occidente,2026-01-19,2026,2026-01,0,96,0
184921,P01,Occidente,2026-01-20,2026,2026-01,0,96,0
184921,P01,Occidente,2026-01-21,2026,2026-01,0,96,0
184921,P01,Occidente,2026-01-22,2026,2026-01,0,96,0
184921,P01,Occidente,2026-01-23,2026,2026-01,0,96,0
184921,P01,Occidente,2026-01-24,2026,2026-01,0,96,0
184921,P01,Occidente,2026-01-25,2026,2026-01,0,96,0
184921,P01,Occidente,2026-01-26,2026,2026-01,0,96,0
184921,P01,Occidente,2026-01-27,2026,2026-01,0.6,96,0.6
184921,P01,Occidente,2026-01-28,2026,2026-01,0,96,0.6
184921,P01,Occidente,2026-01-29,2026,2026-01,0,96,0.6
184921,P01,Occidente,2026-01-30,2026,2026-01,0.6,96,1.2
184921,P01,Occidente,2026-01-31,2026,2026-01,0.2,96,1.4
184921,P01,Occidente,2026-02-01,2026,2026-02,2.8,96,4.2
184921,P01,Occidente,2026-02-02,2026,2026-02,0,96,4.2
184921,P01,Occidente,2026-02-03,2026,2026-02,0,96,4.2
184921,P01,Occidente,2026-02-04,2026,2026-02,0,96,4.2
184921,P01,Occidente,2026-02-05,2026,2026-02,0,96,4.2
184921,P01,Occidente,2026-02-06,2026,2026-02,0,96,4.2
184921,P01,Occidente,2026-02-07,2026,2026-02,0,96,4.2
184921,P01,Occidente,2026-02-08,2026,2026-02,0,96,4.2
184921,P01,Occidente,2026-02-09,2026,2026-02,0,96,4.2
184921,P01,Occidente,2026-02-10,2026,2026-02,0,96,4.2
184921,P01,Occidente,2026-02-11,2026,2026-02,0,96,4.2
184921,P01,Occidente,2026-02-12,2026,2026-02,0,96,4.2
184921,P01,Occidente,2026-02-13,2026,2026-02,0,96,4.2
184921,P01,Occidente,2026-02-14,2026,2026-02,0,96,4.2
184921,P01,Occidente,2026-02-15,2026,2026-02,0.4,96,4.6
184921,P01,Occidente,2026-02-16,2026,2026-02,0,96,4.6
184921,P01,Occidente,2026-02-17,2026,2026-02,0,96,4.6
184921,P01,Occidente,2026-02-18,2026,2026-02,0,96,4.6
184921,P01,Occidente,2026-02-19,2026,2026-02,0,96,4.6
184921,P01,Occidente,2026-02-20,2026,2026-02,0,96,4.6
184921,P01,Occidente,2026-02-21,2026,2026-02,0,96,4.6
184921,P01,Occidente,2026-02-22,2026,2026-02,0,96,4.6
184921,P01,Occidente,2026-02-23,2026,2026-02,0,96,4.6
184921,P01,Occidente,2026-02-24,2026,2026-02,0,96,4.6
184921,P01,Occidente,2026-02-25,2026,2026-02,0,96,4.6
184921,P01,Occidente,2026-02-26,2026,2026-02,0,96,4.6
184921,P01,Occidente,2026-02-27,2026,2026-02,0,96,4.6
184921,P01,Occidente,2026-02-28,2026,2026-02,0,96,4.6
184921,P01,Occidente,2026-03-01,2026,2026-03,0,96,4.6
184921,P01,Occidente,2026-03-02,2026,2026-03,0,96,4.6
184921,P01,Occidente,2026-03-03,2026,2026-03,0,96,4.6
184921,P01,Occidente,2026-03-04,2026,2026-03,0,96,4.6
184921,P01,Occidente,2026-03-05,2026,2026-03,0,96,4.6
184921,P01,Occidente,2026-03-06,2026,2026-03,0,96,4.6
184921,P01,Occidente,2026-03-07,2026,2026-03,0,96,4.6
184921,P01,Occidente,2026-03-08,2026,2026-03,0,96,4.6
184921,P01,Occidente,2026-03-09,2026,2026-03,0,96,4.6
184921,P01,Occidente,2026-03-10,2026,2026-03,0,96,4.6
184921,P01,Occidente,2026-03-11,2026,2026-03,0,96,4.6
184921,P01,Occidente,2026-03-12,2026,2026-03,0,96,4.6
184921,P01,Occidente,2026-03-13,2026,2026-03,1.2,96,5.8
184921,P01,Occidente,2026-03-14,2026,2026-03,0.4,96,6.2
184921,P01,Occidente,2026-03-15,2026,2026-03,0,96,6.2
184921,P01,Occidente,2026-03-16,2026,2026-03,0.2,96,6.4
184921,P01,Occidente,2026-03-17,2026,2026-03,0.6,96,7
184921,P01,Occidente,2026-03-18,2026,2026-03,0,96,7
184921,P01,Occidente,2026-03-19,2026,2026-03,0,96,7
184921,P01,Occidente,2026-03-20,2026,2026-03,0,96,7
184921,P01,Occidente,2026-03-21,2026,2026-03,0,96,7
184921,P01,Occidente,2026-03-22,2026,2026-03,0,96,7
184921,P01,Occidente,2026-03-23,2026,2026-03,0,96,7
184921,P01,Occidente,2026-03-24,2026,2026-03,0,96,7
184921,P01,Occidente,2026-03-25,2026,2026-03,0,96,7
184921,P01,Occidente,2026-03-26,2026,2026-03,0,96,7
184921,P01,Occidente,2026-03-27,2026,2026-03,0,96,7
184921,P01,Occidente,2026-03-28,2026,2026-03,0,96,7
184921,P01,Occidente,2026-03-29,2026,2026-03,0,96,7
184921,P01,Occidente,2026-03-30,2026,2026-03,0,96,7
184921,P01,Occidente,2026-03-31,2026,2026-03,0,96,7
184921,P01,Occidente,2026-04-01,2026,2026-04,0,96,7
184921,P01,Occidente,2026-04-02,2026,2026-04,0,96,7
184921,P01,Occidente,2026-04-03,2026,2026-04,1.2,96,8.2
184921,P01,Occidente,2026-04-04,2026,2026-04,0,96,8.2
184921,P01,Occidente,2026-04-05,2026,2026-04,0,96,8.2
184921,P01,Occidente,2026-04-06,2026,2026-04,0,96,8.2
184921,P01,Occidente,2026-04-07,2026,2026-04,6.6,96,14.8
184921,P01,Occidente,2026-04-08,2026,2026-04,2.2,96,17
184921,P01,Occidente,2026-04-09,2026,2026-04,0,96,17
184921,P01,Occidente,2026-04-10,2026,2026-04,0.2,96,17.2
184921,P01,Occidente,2026-04-11,2026,2026-04,0,96,17.2
184921,P01,Occidente,2026-04-12,2026,2026-04,0,96,17.2
184921,P01,Occidente,2026-04-13,2026,2026-04,0,96,17.2
184921,P01,Occidente,2026-04-14,2026,2026-04,2.2,96,19.4
184921,P01,Occidente,2026-04-15,2026,2026-04,0.2,96,19.6
184921,P01,Occidente,2026-04-16,2026,2026-04,13.8,96,33.4
184921,P01,Occidente,2026-04-17,2026,2026-04,0.4,96,33.8
184921,P01,Occidente,2026-04-18,2026,2026-04,0,96,33.8
184921,P01,Occidente,2026-04-19,2026,2026-04,0,96,33.8
184921,P01,Occidente,2026-04-20,2026,2026-04,0,90,33.8
184921,P01,Occidente,2026-04-23,2026,2026-04,0,42,33.8
184921,P01,Occidente,2026-06-10,2026,2026-06,0,3,33.8
184921,P01,Occidente,2026-06-19,2026,2026-06,0,14,33.8
184921,P01,Occidente,2026-07-05,2026,2026-07,0,34,33.8
184921,P01,Occidente,2026-07-06,2026,2026-07,9.2,43,43
184921,P01,Occidente,2026-07-07,2026,2026-07,5.6,96,48.6
184921,P01,Occidente,2026-07-08,2026,2026-07,13.6,96,62.2
184921,P01,Occidente,2026-07-09,2026,2026-07,10,95,72.2
184921,P01,Occidente,2026-07-10,2026,2026-07,0,96,72.2
184921,P01,Occidente,2026-07-11,2026,2026-07,19.8,96,92
184921,P01,Occidente,2026-07-12,2026,2026-07,0.2,87,92.2
184921,P01,Occidente,2026-07-13,2026,2026-07,30.4,51,122.6
184921,P01,Occidente,2026-07-14,2026,2026-07,0,81,122.6
184921,P01,Occidente,2026-07-15,2026,2026-07,0,68,122.6
184921,P01,Occidente,2026-07-16,2026,2026-07,0,54,122.6
184921,P01,Occidente,2026-07-17,2026,2026-07,0,39,122.6
184921,P01,Occidente,2026-07-18,2026,2026-07,0,1,122.6
184921,P01,Occidente,2026-07-21,2026,2026-07,0,42,122.6
184921,P01,Occidente,2026-07-22,2026,2026-07,0,96,122.6
184921,P01,Occidente,2026-07-23,2026,2026-07,20.6,96,143.2
184921,P01,Occidente,2026-07-24,2026,2026-07,0,96,143.2
184921,P01,Occidente,2026-07-25,2026,2026-07,6,96,149.2
184921,P01,Occidente,2026-07-26,2026,2026-07,49,96,198.2
184921,P01,Occidente,2026-07-27,2026,2026-07,0.4,89,198.6
184921,P01,Occidente,2026-07-28,2026,2026-07,0,96,198.6
184921,P01,Occidente,2026-07-29,2026,2026-07,44.6,96,243.2
184921,P01,Occidente,2026-07-30,2026,2026-07,12.2,96,255.4
184921,P01,Occidente,2026-07-31,2026,2026-07,40.2,96,295.6
184921,P01,Occidente,2026-08-01,2026,2026-08,0.2,96,295.8
184921,P01,Occidente,2026-08-02,2026,2026-08,0,78,295.8
184965,,,2024-05-01,2024,2024-05,0,33,0
184965,,,2024-05-02,2024,2024-05,0,96,0
184965,,,2024-05-03,2024,2024-05,0,96,0
184965,,,2024-05-04,2024,2024-05,3.4,96,3.4
184965,,,2024-05-05,2024,2024-05,23,96,26.4
184965,,,2024-05-06,2024,2024-05,0.2,96,26.6
184965,,,2024-05-07,2024,2024-05,0.2,96,26.8
184965,,,2024-05-08,2024,2024-05,0,96,26.8
184965,,,2024-05-09,2024,2024-05,0,96,26.8
184965,,,2024-05-10,2024,2024-05,0,96,26.8
184965,,,2024-05-11,2024,2024-05,0,96,26.8
184965,,,2024-05-12,2024,2024-05,0,96,26.8
184965,,,2024-05-13,2024,2024-05,0.8,96,27.6
184965,,,2024-05-14,2024,2024-05,0,96,27.6
184965,,,2024-05-15,2024,2024-05,0,96,27.6
184965,,,2024-05-16,2024,2024-05,0,96,27.6
184965,,,2024-05-17,2024,2024-05,0,96,27.6
184965,,,2024-05-18,2024,2024-05,63.2,96,90.8
184965,,,2024-05-19,2024,2024-05,18.4,96,109.2
184965,,,2024-05-20,2024,2024-05,0,96,109.2
184965,,,2024-05-21,2024,2024-05,28.2,96,137.4
184965,,,2024-05-22,2024,2024-05,0,96,137.4
184965,,,2024-05-23,2024,2024-05,17.2,96,154.6
184965,,,2024-05-24,2024,2024-05,2.8,96,157.4
184965,,,2024-05-25,2024,2024-05,0,96,157.4
184965,,,2024-05-26,2024,2024-05,15.6,96,173
184965,,,2024-05-27,2024,2024-05,0.8,96,173.8
184965,,,2024-05-28,2024,2024-05,4.8,96,178.6
184965,,,2024-05-29,2024,2024-05,9,96,187.6
184965,,,2024-05-30,2024,2024-05,15.8,96,203.4
184965,,,2024-05-31,2024,2024-05,0,96,203.4
184965,,,2024-06-01,2024,2024-06,0.2,96,203.6
184965,,,2024-06-02,2024,2024-06,0,96,203.6
184965,,,2024-06-03,2024,2024-06,55.6,96,259.2
184965,,,2024-06-04,2024,2024-06,9.8,96,269
184965,,,2024-06-05,2024,2024-06,0,96,269
184965,,,2024-06-06,2024,2024-06,0,96,269
184965,,,2024-06-07,2024,2024-06,25.6,96,294.6
184965,,,2024-06-08,2024,2024-06,6.4,96,301
184965,,,2024-06-09,2024,2024-06,15.8,96,316.8
184965,,,2024-06-10,2024,2024-06,0,96,316.8
184965,,,2024-06-11,2024,2024-06,19.8,96,336.6
184965,,,2024-06-12,2024,2024-06,11.4,96,348
184965,,,2024-06-13,2024,2024-06,0,96,348
184965,,,2024-06-14,2024,2024-06,5.4,96,353.4
184965,,,2024-06-15,2024,2024-06,21.8,96,375.2
184965,,,2024-06-16,2024,2024-06,0.8,96,376
184965,,,2024-06-17,2024,2024-06,15.4,96,391.4
184965,,,2024-06-18,2024,2024-06,0,96,391.4
184965,,,2024-06-19,2024,2024-06,0.6,96,392
184965,,,2024-06-20,2024,2024-06,0,96,392
184965,,,2024-06-21,2024,2024-06,41,96,433
184965,,,2024-06-22,2024,2024-06,0,96,433
184965,,,2024-06-23,2024,2024-06,9.2,96,442.2
184965,,,2024-06-24,2024,2024-06,0,96,442.2
184965,,,2024-06-25,2024,2024-06,12,96,454.2
184965,,,2024-06-26,2024,2024-06,3.2,96,457.4
184965,,,2024-06-27,2024,2024-06,0,96,457.4
184965,,,2024-06-28,2024,2024-06,0,96,457.4
184965,,,2024-06-29,2024,2024-06,0,96,457.4
184965,,,2024-06-30,2024,2024-06,0,96,457.4
184965,,,2024-07-01,2024,2024-07,0,96,457.4
184965,,,2024-07-02,2024,2024-07,7.2,96,464.6
184965,,,2024-07-03,2024,2024-07,0.2,96,464.8
184965,,,2024-07-04,2024,2024-07,22.6,96,487.4
184965,,,2024-07-05,2024,2024-07,12.4,96,499.8
184965,,,2024-07-06,2024,2024-07,42.8,96,542.6
184965,,,2024-07-07,2024,2024-07,3.8,96,546.4
184965,,,2024-07-08,2024,2024-07,0,96,546.4
184965,,,2024-07-09,2024,2024-07,19.2,96,565.6
184965,,,2024-07-10,2024,2024-07,0,96,565.6
184965,,,2024-07-11,2024,2024-07,0,96,565.6
184965,,,2024-07-12,2024,2024-07,6.6,96,572.2
184965,,,2024-07-13,2024,2024-07,20.2,96,592.4
184965,,,2024-07-14,2024,2024-07,7,96,599.4
184965,,,2024-07-15,2024,2024-07,0.2,96,599.6
184965,,,2024-07-16,2024,2024-07,0,96,599.6
184965,,,2024-07-17,2024,2024-07,0.2,96,599.8
184965,,,2024-07-18,2024,2024-07,0.2,96,600
184965,,,2024-07-19,2024,2024-07,0,96,600
184965,,,2024-07-20,2024,2024-07,0,96,600
184965,,,2024-07-21,2024,2024-07,0,96,600
184965,,,2024-07-22,2024,2024-07,0,96,600
184965,,,2024-07-23,2024,2024-07,4.2,96,604.2
184965,,,2024-07-24,2024,2024-07,0,96,604.2
184965,,,2024-07-25,2024,2024-07,6.8,96,611
184965,,,2024-07-26,2024,2024-07,2.4,96,613.4
184965,,,2024-07-27,2024,2024-07,8.6,96,622
184965,,,2024-07-28,2024,2024-07,12.4,96,634.4
184965,,,2024-07-29,2024,2024-07,13.8,96,648.2
184965,,,2024-07-30,2024,2024-07,0.6,96,648.8
184965,,,2024-07-31,2024,2024-07,45.4,96,694.2
184965,,,2024-08-01,2024,2024-08,0,96,694.2
184965,,,2024-08-02,2024,2024-08,0,96,694.2
184965,,,2024-08-03,2024,2024-08,0,96,694.2
184965,,,2024-08-04,2024,2024-08,0,96,694.2
184965,,,2024-08-05,2024,2024-08,9.2,96,703.4
184965,,,2024-08-06,2024,2024-08,8.8,96,712.2
184965,,,2024-08-07,2024,2024-08,0,96,712.2
184965,,,2024-08-08,2024,2024-08,0,96,712.2
184965,,,2024-08-09,2024,2024-08,0,96,712.2
184965,,,2024-08-10,2024,2024-08,24.2,96,736.4
184965,,,2024-08-11,2024,2024-08,8.8,96,745.2
184965,,,2024-08-12,2024,2024-08,0.2,96,745.4
184965,,,2024-08-13,2024,2024-08,5.6,96,751
184965,,,2024-08-14,2024,2024-08,0,96,751
184965,,,2024-08-15,2024,2024-08,0,96,751
184965,,,2024-08-16,2024,2024-08,1.6,96,752.6
184965,,,2024-08-17,2024,2024-08,0,96,752.6
184965,,,2024-08-18,2024,2024-08,0,96,752.6
184965,,,2024-08-19,2024,2024-08,0,96,752.6
184965,,,2024-08-20,2024,2024-08,0,96,752.6
184965,,,2024-08-21,2024,2024-08,0,96,752.6
184965,,,2024-08-22,2024,2024-08,1,96,753.6
184965,,,2024-08-23,2024,2024-08,0.6,96,754.2
184965,,,2024-08-24,2024,2024-08,8.8,96,763
184965,,,2024-08-25,2024,2024-08,54.6,96,817.6
184965,,,2024-08-26,2024,2024-08,0.2,96,817.8
184965,,,2024-08-27,2024,2024-08,0,96,817.8
184965,,,2024-08-28,2024,2024-08,44.2,96,862
184965,,,2024-08-29,2024,2024-08,0.8,96,862.8
184965,,,2024-08-30,2024,2024-08,0,96,862.8
184965,,,2024-08-31,2024,2024-08,0.2,96,863
184965,,,2024-09-01,2024,2024-09,15.8,96,878.8
184965,,,2024-09-02,2024,2024-09,0,96,878.8
184965,,,2024-09-03,2024,2024-09,0,96,878.8
184965,,,2024-09-04,2024,2024-09,8.8,96,887.6
184965,,,2024-09-05,2024,2024-09,1,96,888.6
184965,,,2024-09-06,2024,2024-09,0,96,888.6
184965,,,2024-09-07,2024,2024-09,2.8,96,891.4
184965,,,2024-09-08,2024,2024-09,0.6,96,892
184965,,,2024-09-09,2024,2024-09,0,96,892
184965,,,2024-09-10,2024,2024-09,0,96,892
184965,,,2024-09-11,2024,2024-09,0,96,892
184965,,,2024-09-12,2024,2024-09,10.6,96,902.6
184965,,,2024-09-13,2024,2024-09,82.4,96,985
184965,,,2024-09-14,2024,2024-09,0.2,96,985.2
184965,,,2024-09-15,2024,2024-09,0,96,985.2
184965,,,2024-09-16,2024,2024-09,1.2,96,986.4
184965,,,2024-09-17,2024,2024-09,6,96,992.4
184965,,,2024-09-18,2024,2024-09,0,96,992.4
184965,,,2024-09-19,2024,2024-09,6.6,96,999
184965,,,2024-09-20,2024,2024-09,6.8,96,1005.8
184965,,,2024-09-21,2024,2024-09,7.4,96,1013.2
184965,,,2024-09-22,2024,2024-09,0,96,1013.2
184965,,,2024-09-23,2024,2024-09,0.2,96,1013.4
184965,,,2024-09-24,2024,2024-09,0,96,1013.4
184965,,,2024-09-25,2024,2024-09,0,96,1013.4
184965,,,2024-09-26,2024,2024-09,1,96,1014.4
184965,,,2024-09-27,2024,2024-09,2.2,96,1016.6
184965,,,2024-09-28,2024,2024-09,0,96,1016.6
184965,,,2024-09-29,2024,2024-09,3.6,96,1020.2
184965,,,2024-09-30,2024,2024-09,1.2,96,1021.4
184965,,,2024-10-01,2024,2024-10,2,96,1023.4
184965,,,2024-10-02,2024,2024-10,1.8,96,1025.2
184965,,,2024-10-03,2024,2024-10,1.8,96,1027
184965,,,2024-10-04,2024,2024-10,0.2,96,1027.2
184965,,,2024-10-05,2024,2024-10,0.2,96,1027.4
184965,,,2024-10-06,2024,2024-10,0,96,1027.4
184965,,,2024-10-07,2024,2024-10,0.2,96,1027.6
184965,,,2024-10-08,2024,2024-10,0,96,1027.6
184965,,,2024-10-09,2024,2024-10,0,96,1027.6
184965,,,2024-10-10,2024,2024-10,0,96,1027.6
184965,,,2024-10-11,2024,2024-10,0,96,1027.6
184965,,,2024-10-12,2024,2024-10,0,96,1027.6
184965,,,2024-10-13,2024,2024-10,0,96,1027.6
184965,,,2024-10-14,2024,2024-10,0,96,1027.6
184965,,,2024-10-15,2024,2024-10,0,96,1027.6
184965,,,2024-10-16,2024,2024-10,0,96,1027.6
184965,,,2024-10-17,2024,2024-10,0,96,1027.6
184965,,,2024-10-18,2024,2024-10,0,96,1027.6
184965,,,2024-10-19,2024,2024-10,0,96,1027.6
184965,,,2024-10-20,2024,2024-10,0,96,1027.6
184965,,,2024-10-21,2024,2024-10,0,96,1027.6
184965,,,2024-10-22,2024,2024-10,0,96,1027.6
184965,,,2024-10-23,2024,2024-10,5.8,96,1033.4
184965,,,2024-10-24,2024,2024-10,0,96,1033.4
184965,,,2024-10-25,2024,2024-10,7,96,1040.4
184965,,,2024-10-26,2024,2024-10,0,96,1040.4
184965,,,2024-10-27,2024,2024-10,0.2,96,1040.6
184965,,,2024-10-28,2024,2024-10,0,96,1040.6
184965,,,2024-10-29,2024,2024-10,3.4,96,1044
184965,,,2024-10-30,2024,2024-10,0,96,1044
184965,,,2024-10-31,2024,2024-10,0.4,96,1044.4
184965,,,2024-11-01,2024,2024-11,0,96,1044.4
184965,,,2024-11-02,2024,2024-11,0.4,96,1044.8
184965,,,2024-11-03,2024,2024-11,0.2,96,1045
184965,,,2024-11-04,2024,2024-11,13.6,96,1058.6
184965,,,2024-11-05,2024,2024-11,0,96,1058.6
184965,,,2024-11-06,2024,2024-11,0,96,1058.6
184965,,,2024-11-07,2024,2024-11,0,96,1058.6
184965,,,2024-11-08,2024,2024-11,0,96,1058.6
184965,,,2024-11-09,2024,2024-11,12.8,96,1071.4
184965,,,2024-11-10,2024,2024-11,3.2,96,1074.6
184965,,,2024-11-11,2024,2024-11,0,96,1074.6
184965,,,2024-11-12,2024,2024-11,0,96,1074.6
184965,,,2024-11-13,2024,2024-11,0,96,1074.6
184965,,,2024-11-14,2024,2024-11,0,96,1074.6
184965,,,2024-11-15,2024,2024-11,9.8,96,1084.4
184965,,,2024-11-16,2024,2024-11,0,96,1084.4
184965,,,2024-11-17,2024,2024-11,0,96,1084.4
184965,,,2024-11-18,2024,2024-11,0,96,1084.4
184965,,,2024-11-19,2024,2024-11,0,96,1084.4
184965,,,2024-11-20,2024,2024-11,0,96,1084.4
184965,,,2024-11-21,2024,2024-11,0,96,1084.4
184965,,,2024-11-22,2024,2024-11,0,96,1084.4
184965,,,2024-11-23,2024,2024-11,0,96,1084.4
184965,,,2024-11-24,2024,2024-11,0,96,1084.4
184965,,,2024-11-25,2024,2024-11,12.2,96,1096.6
184965,,,2024-11-26,2024,2024-11,0,96,1096.6
184965,,,2024-11-27,2024,2024-11,0,96,1096.6
184965,,,2024-11-28,2024,2024-11,11.4,96,1108
184965,,,2024-11-29,2024,2024-11,0,96,1108
184965,,,2024-11-30,2024,2024-11,0,96,1108
184965,,,2024-12-01,2024,2024-12,0,96,1108
184965,,,2024-12-02,2024,2024-12,0,96,1108
184965,,,2024-12-03,2024,2024-12,0,96,1108
184965,,,2024-12-04,2024,2024-12,0,96,1108
184965,,,2024-12-05,2024,2024-12,0.2,96,1108.2
184965,,,2024-12-06,2024,2024-12,0,96,1108.2
184965,,,2024-12-07,2024,2024-12,0,96,1108.2
184965,,,2024-12-08,2024,2024-12,0,96,1108.2
184965,,,2024-12-09,2024,2024-12,0,96,1108.2
184965,,,2024-12-10,2024,2024-12,0,96,1108.2
184965,,,2024-12-11,2024,2024-12,0,96,1108.2
184965,,,2024-12-12,2024,2024-12,4,96,1112.2
184965,,,2024-12-13,2024,2024-12,0,96,1112.2
184965,,,2024-12-14,2024,2024-12,0,96,1112.2
184965,,,2024-12-15,2024,2024-12,0,96,1112.2
184965,,,2024-12-16,2024,2024-12,0,96,1112.2
184965,,,2024-12-17,2024,2024-12,0,96,1112.2
184965,,,2024-12-18,2024,2024-12,1.6,96,1113.8
184965,,,2024-12-19,2024,2024-12,10.2,96,1124
184965,,,2024-12-20,2024,2024-12,0,96,1124
184965,,,2024-12-21,2024,2024-12,0,96,1124
184965,,,2024-12-22,2024,2024-12,0,96,1124
184965,,,2024-12-23,2024,2024-12,0,96,1124
184965,,,2024-12-24,2024,2024-12,0,96,1124
184965,,,2024-12-25,2024,2024-12,0,96,1124
184965,,,2024-12-26,2024,2024-12,0,96,1124
184965,,,2024-12-27,2024,2024-12,0,96,1124
184965,,,2024-12-28,2024,2024-12,0,96,1124
184965,,,2024-12-29,2024,2024-12,0,96,1124
184965,,,2024-12-30,2024,2024-12,0,96,1124
184965,,,2024-12-31,2024,2024-12,0,96,1124
184965,,,2025-01-01,2025,2025-01,0,96,0
184965,,,2025-01-02,2025,2025-01,0,96,0
184965,,,2025-01-03,2025,2025-01,2.8,96,2.8
184965,,,2025-01-04,2025,2025-01,0,96,2.8
184965,,,2025-01-05,2025,2025-01,7.2,96,10
184965,,,2025-01-06,2025,2025-01,0,96,10
184965,,,2025-01-07,2025,2025-01,0,96,10
184965,,,2025-01-08,2025,2025-01,0,96,10
184965,,,2025-01-09,2025,2025-01,0,96,10
184965,,,2025-01-10,2025,2025-01,0,96,10
184965,,,2025-01-11,2025,2025-01,0,96,10
184965,,,2025-01-12,2025,2025-01,0,96,10
184965,,,2025-01-13,2025,2025-01,0,96,10
184965,,,2025-01-14,2025,2025-01,0,96,10
184965,,,2025-01-15,2025,2025-01,0,96,10
184965,,,2025-01-16,2025,2025-01,0,96,10
184965,,,2025-01-17,2025,2025-01,0,96,10
184965,,,2025-01-18,2025,2025-01,0,96,10
184965,,,2025-01-19,2025,2025-01,0,96,10
184965,,,2025-01-20,2025,2025-01,0,96,10
184965,,,2025-01-21,2025,2025-01,0,96,10
184965,,,2025-01-22,2025,2025-01,0,96,10
184965,,,2025-01-23,2025,2025-01,0,96,10
184965,,,2025-01-24,2025,2025-01,0,96,10
184965,,,2025-01-25,2025,2025-01,0,96,10
184965,,,2025-01-26,2025,2025-01,0,96,10
184965,,,2025-01-27,2025,2025-01,0,95,10
184965,,,2025-01-28,2025,2025-01,0,96,10
184965,,,2025-01-29,2025,2025-01,0,96,10
184965,,,2025-01-30,2025,2025-01,13.4,96,23.4
184965,,,2025-01-31,2025,2025-01,0,96,23.4
184965,,,2025-02-01,2025,2025-02,0,96,23.4
184965,,,2025-02-02,2025,2025-02,0,96,23.4
184965,,,2025-02-03,2025,2025-02,0,96,23.4
184965,,,2025-02-04,2025,2025-02,0,96,23.4
184965,,,2025-02-05,2025,2025-02,0,96,23.4
184965,,,2025-02-06,2025,2025-02,0,96,23.4
184965,,,2025-02-07,2025,2025-02,0,96,23.4
184965,,,2025-02-08,2025,2025-02,0,96,23.4
184965,,,2025-02-09,2025,2025-02,0,96,23.4
184965,,,2025-02-10,2025,2025-02,0,96,23.4
184965,,,2025-02-11,2025,2025-02,0,96,23.4
184965,,,2025-02-12,2025,2025-02,0,96,23.4
184965,,,2025-02-13,2025,2025-02,0,96,23.4
184965,,,2025-02-14,2025,2025-02,0,96,23.4
184965,,,2025-02-15,2025,2025-02,0,96,23.4
184965,,,2025-02-16,2025,2025-02,0,96,23.4
184965,,,2025-02-17,2025,2025-02,0,96,23.4
184965,,,2025-02-18,2025,2025-02,0,96,23.4
184965,,,2025-02-19,2025,2025-02,0,96,23.4
184965,,,2025-02-20,2025,2025-02,0,96,23.4
184965,,,2025-02-21,2025,2025-02,0,96,23.4
184965,,,2025-02-22,2025,2025-02,0,96,23.4
184965,,,2025-02-23,2025,2025-02,0,96,23.4
184965,,,2025-02-24,2025,2025-02,0,96,23.4
184965,,,2025-02-25,2025,2025-02,0,96,23.4
184965,,,2025-02-26,2025,2025-02,0,96,23.4
184965,,,2025-02-27,2025,2025-02,0,96,23.4
184965,,,2025-02-28,2025,2025-02,0,96,23.4
184965,,,2025-03-01,2025,2025-03,0,96,23.4
184965,,,2025-03-02,2025,2025-03,0,96,23.4
184965,,,2025-03-03,2025,2025-03,0,96,23.4
184965,,,2025-03-04,2025,2025-03,0,96,23.4
184965,,,2025-03-05,2025,2025-03,0,96,23.4
184965,,,2025-03-06,2025,2025-03,0,96,23.4
184965,,,2025-03-07,2025,2025-03,0,96,23.4
184965,,,2025-03-08,2025,2025-03,0,96,23.4
184965,,,2025-03-09,2025,2025-03,0,96,23.4
184965,,,2025-03-10,2025,2025-03,0,96,23.4
184965,,,2025-03-11,2025,2025-03,0,96,23.4
184965,,,2025-03-12,2025,2025-03,0,96,23.4
184965,,,2025-03-13,2025,2025-03,0,96,23.4
184965,,,2025-03-14,2025,2025-03,0,96,23.4
184965,,,2025-03-15,2025,2025-03,0,96,23.4
184965,,,2025-03-16,2025,2025-03,0.6,96,24
184965,,,2025-03-17,2025,2025-03,0.2,96,24.2
184965,,,2025-03-18,2025,2025-03,51,96,75.2
184965,,,2025-03-19,2025,2025-03,0,96,75.2
184965,,,2025-03-20,2025,2025-03,0,96,75.2
184965,,,2025-03-21,2025,2025-03,0,96,75.2
184965,,,2025-03-22,2025,2025-03,0,96,75.2
184965,,,2025-03-23,2025,2025-03,0,96,75.2
184965,,,2025-03-24,2025,2025-03,0,96,75.2
184965,,,2025-03-25,2025,2025-03,0,96,75.2
184965,,,2025-03-26,2025,2025-03,0,96,75.2
184965,,,2025-03-27,2025,2025-03,0,96,75.2
184965,,,2025-03-28,2025,2025-03,0,96,75.2
184965,,,2025-03-29,2025,2025-03,0,96,75.2
184965,,,2025-03-30,2025,2025-03,0,96,75.2
184965,,,2025-03-31,2025,2025-03,0,96,75.2
184965,,,2025-04-01,2025,2025-04,0,96,75.2
184965,,,2025-04-02,2025,2025-04,0,96,75.2
184965,,,2025-04-03,2025,2025-04,0,96,75.2
184965,,,2025-04-04,2025,2025-04,29.4,96,104.6
184965,,,2025-04-05,2025,2025-04,0,96,104.6
184965,,,2025-04-06,2025,2025-04,0,96,104.6
184965,,,2025-04-07,2025,2025-04,16.8,96,121.4
184965,,,2025-04-08,2025,2025-04,2.4,96,123.8
184965,,,2025-04-09,2025,2025-04,0,96,123.8
184965,,,2025-04-10,2025,2025-04,0.6,96,124.4
184965,,,2025-04-11,2025,2025-04,0,96,124.4
184965,,,2025-04-12,2025,2025-04,4.4,96,128.8
184965,,,2025-04-13,2025,2025-04,0,96,128.8
184965,,,2025-04-14,2025,2025-04,0,96,128.8
184965,,,2025-04-15,2025,2025-04,0,96,128.8
184965,,,2025-04-16,2025,2025-04,0,96,128.8
184965,,,2025-04-17,2025,2025-04,0,96,128.8
184965,,,2025-04-18,2025,2025-04,7.8,96,136.6
184965,,,2025-04-19,2025,2025-04,14.4,96,151
184965,,,2025-04-20,2025,2025-04,15.4,96,166.4
184965,,,2025-04-21,2025,2025-04,1,96,167.4
184965,,,2025-04-22,2025,2025-04,1.4,96,168.8
184965,,,2025-04-23,2025,2025-04,5.4,96,174.2
184965,,,2025-04-24,2025,2025-04,3.2,96,177.4
184965,,,2025-04-25,2025,2025-04,7.6,96,185
184965,,,2025-04-26,2025,2025-04,0,96,185
184965,,,2025-04-27,2025,2025-04,0,96,185
184965,,,2025-04-28,2025,2025-04,0,96,185
184965,,,2025-04-29,2025,2025-04,0,96,185
184965,,,2025-04-30,2025,2025-04,13.8,96,198.8
184965,,,2025-05-01,2025,2025-05,48.6,96,247.4
184965,,,2025-05-02,2025,2025-05,0,96,247.4
184965,,,2025-05-03,2025,2025-05,81.4,96,328.8
184965,,,2025-05-04,2025,2025-05,1.4,96,330.2
184965,,,2025-05-05,2025,2025-05,1,96,331.2
184965,,,2025-05-06,2025,2025-05,3.2,96,334.4
184965,,,2025-05-07,2025,2025-05,30,96,364.4
184965,,,2025-05-08,2025,2025-05,0.2,96,364.6
184965,,,2025-05-09,2025,2025-05,12.6,96,377.2
184965,,,2025-05-10,2025,2025-05,0,96,377.2
184965,,,2025-05-11,2025,2025-05,29.6,96,406.8
184965,,,2025-05-12,2025,2025-05,0,96,406.8
184965,,,2025-05-13,2025,2025-05,14.2,96,421
184965,,,2025-05-14,2025,2025-05,0,96,421
184965,,,2025-05-15,2025,2025-05,0,96,421
184965,,,2025-05-16,2025,2025-05,5.4,96,426.4
184965,,,2025-05-17,2025,2025-05,2.2,96,428.6
184965,,,2025-05-18,2025,2025-05,24.8,96,453.4
184965,,,2025-05-19,2025,2025-05,15.2,96,468.6
184965,,,2025-05-20,2025,2025-05,10.2,96,478.8
184965,,,2025-05-21,2025,2025-05,0,96,478.8
184965,,,2025-05-22,2025,2025-05,7,96,485.8
184965,,,2025-05-23,2025,2025-05,33,96,518.8
184965,,,2025-05-24,2025,2025-05,5.2,96,524
184965,,,2025-05-25,2025,2025-05,0.8,96,524.8
184965,,,2025-05-26,2025,2025-05,50.4,96,575.2
184965,,,2025-05-27,2025,2025-05,18.4,96,593.6
184965,,,2025-05-28,2025,2025-05,0,96,593.6
184965,,,2025-05-29,2025,2025-05,0,96,593.6
184965,,,2025-05-30,2025,2025-05,0.6,96,594.2
184965,,,2025-05-31,2025,2025-05,5.6,96,599.8
184965,,,2025-06-01,2025,2025-06,45,96,644.8
184965,,,2025-06-02,2025,2025-06,43.2,96,688
184965,,,2025-06-03,2025,2025-06,0,96,688
184965,,,2025-06-04,2025,2025-06,3.4,96,691.4
184965,,,2025-06-05,2025,2025-06,0,96,691.4
184965,,,2025-06-06,2025,2025-06,0,96,691.4
184965,,,2025-06-07,2025,2025-06,16.2,96,707.6
184965,,,2025-06-08,2025,2025-06,0,96,707.6
184965,,,2025-06-09,2025,2025-06,38.8,96,746.4
184965,,,2025-06-10,2025,2025-06,0,96,746.4
184965,,,2025-06-11,2025,2025-06,56,96,802.4
184965,,,2025-06-12,2025,2025-06,25.4,96,827.8
184965,,,2025-06-13,2025,2025-06,0.2,96,828
184965,,,2025-06-14,2025,2025-06,3.8,96,831.8
184965,,,2025-06-15,2025,2025-06,0,96,831.8
184965,,,2025-06-16,2025,2025-06,0,96,831.8
184965,,,2025-06-17,2025,2025-06,17.4,96,849.2
184965,,,2025-06-18,2025,2025-06,10.4,96,859.6
184965,,,2025-06-19,2025,2025-06,0,96,859.6
184965,,,2025-06-20,2025,2025-06,14,96,873.6
184965,,,2025-06-21,2025,2025-06,33.8,96,907.4
184965,,,2025-06-22,2025,2025-06,0.4,96,907.8
184965,,,2025-06-23,2025,2025-06,0,96,907.8
184965,,,2025-06-24,2025,2025-06,1.4,96,909.2
184965,,,2025-06-25,2025,2025-06,23.8,96,933
184965,,,2025-06-26,2025,2025-06,0,96,933
184965,,,2025-06-27,2025,2025-06,0,96,933
184965,,,2025-06-28,2025,2025-06,0.6,96,933.6
184965,,,2025-06-29,2025,2025-06,7.4,96,941
184965,,,2025-06-30,2025,2025-06,4.8,96,945.8
184965,,,2025-07-01,2025,2025-07,1.2,96,947
184965,,,2025-07-02,2025,2025-07,42,96,989
184965,,,2025-07-03,2025,2025-07,34,96,1023
184965,,,2025-07-04,2025,2025-07,5,96,1028
184965,,,2025-07-05,2025,2025-07,0,96,1028
184965,,,2025-07-06,2025,2025-07,0,96,1028
184965,,,2025-07-07,2025,2025-07,0,96,1028
184965,,,2025-07-08,2025,2025-07,0,96,1028
184965,,,2025-07-09,2025,2025-07,28.4,96,1056.4
184965,,,2025-07-10,2025,2025-07,0,96,1056.4
184965,,,2025-07-11,2025,2025-07,9.2,96,1065.6
184965,,,2025-07-12,2025,2025-07,12.8,96,1078.4
184965,,,2025-07-13,2025,2025-07,0,96,1078.4
184965,,,2025-07-14,2025,2025-07,0,96,1078.4
184965,,,2025-07-15,2025,2025-07,64.8,96,1143.2
184965,,,2025-07-16,2025,2025-07,0,96,1143.2
184965,,,2025-07-17,2025,2025-07,0.8,96,1144
184965,,,2025-07-18,2025,2025-07,5.6,96,1149.6
184965,,,2025-07-19,2025,2025-07,6.6,96,1156.2
184965,,,2025-07-20,2025,2025-07,0.6,96,1156.8
184965,,,2025-07-21,2025,2025-07,3,96,1159.8
184965,,,2025-07-22,2025,2025-07,0,96,1159.8
184965,,,2025-07-23,2025,2025-07,44.6,96,1204.4
184965,,,2025-07-24,2025,2025-07,1.2,96,1205.6
184965,,,2025-07-25,2025,2025-07,0,96,1205.6
184965,,,2025-07-26,2025,2025-07,0,96,1205.6
184965,,,2025-07-27,2025,2025-07,0.6,96,1206.2
184965,,,2025-07-28,2025,2025-07,0,96,1206.2
184965,,,2025-07-29,2025,2025-07,0,96,1206.2
184965,,,2025-07-30,2025,2025-07,0,96,1206.2
184965,,,2025-07-31,2025,2025-07,1.6,96,1207.8
184965,,,2025-08-01,2025,2025-08,7.2,96,1215
184965,,,2025-08-02,2025,2025-08,12.8,96,1227.8
184965,,,2025-08-03,2025,2025-08,16.4,96,1244.2
184965,,,2025-08-04,2025,2025-08,5.2,96,1249.4
184965,,,2025-08-05,2025,2025-08,12.8,96,1262.2
184965,,,2025-08-06,2025,2025-08,0,96,1262.2
184965,,,2025-08-07,2025,2025-08,0,96,1262.2
184965,,,2025-08-08,2025,2025-08,0,96,1262.2
184965,,,2025-08-09,2025,2025-08,35.8,96,1298
184965,,,2025-08-10,2025,2025-08,2.2,96,1300.2
184965,,,2025-08-11,2025,2025-08,0,96,1300.2
184965,,,2025-08-12,2025,2025-08,14.6,96,1314.8
184965,,,2025-08-13,2025,2025-08,0,96,1314.8
184965,,,2025-08-14,2025,2025-08,0.2,96,1315
184965,,,2025-08-15,2025,2025-08,14.4,96,1329.4
184965,,,2025-08-16,2025,2025-08,0,96,1329.4
184965,,,2025-08-17,2025,2025-08,1.8,96,1331.2
184965,,,2025-08-18,2025,2025-08,0.2,96,1331.4
184965,,,2025-08-19,2025,2025-08,0,96,1331.4
184965,,,2025-08-20,2025,2025-08,0,96,1331.4
184965,,,2025-08-21,2025,2025-08,0,96,1331.4
184965,,,2025-08-22,2025,2025-08,35.6,96,1367
184965,,,2025-08-23,2025,2025-08,0,96,1367
184965,,,2025-08-24,2025,2025-08,0,96,1367
184965,,,2025-08-25,2025,2025-08,0,96,1367
184965,,,2025-08-26,2025,2025-08,3.6,96,1370.6
184965,,,2025-08-27,2025,2025-08,21.2,96,1391.8
184965,,,2025-08-28,2025,2025-08,0,96,1391.8
184965,,,2025-08-29,2025,2025-08,0,96,1391.8
184965,,,2025-08-30,2025,2025-08,10.4,96,1402.2
184965,,,2025-08-31,2025,2025-08,1,96,1403.2
184965,,,2025-09-01,2025,2025-09,2.8,96,1406
184965,,,2025-09-02,2025,2025-09,9.4,96,1415.4
184965,,,2025-09-03,2025,2025-09,10.2,96,1425.6
184965,,,2025-09-04,2025,2025-09,35,96,1460.6
184965,,,2025-09-05,2025,2025-09,6.6,96,1467.2
184965,,,2025-09-06,2025,2025-09,26.6,96,1493.8
184965,,,2025-09-07,2025,2025-09,0,96,1493.8
184965,,,2025-09-08,2025,2025-09,5.4,96,1499.2
184965,,,2025-09-09,2025,2025-09,0.2,96,1499.4
184965,,,2025-09-10,2025,2025-09,0,96,1499.4
184965,,,2025-09-11,2025,2025-09,0,96,1499.4
184965,,,2025-09-12,2025,2025-09,38.4,96,1537.8
184965,,,2025-09-13,2025,2025-09,0,96,1537.8
184965,,,2025-09-14,2025,2025-09,1,96,1538.8
184965,,,2025-09-15,2025,2025-09,0,96,1538.8
184965,,,2025-09-16,2025,2025-09,0,96,1538.8
184965,,,2025-09-17,2025,2025-09,0,96,1538.8
184965,,,2025-09-18,2025,2025-09,0,96,1538.8
184965,,,2025-09-19,2025,2025-09,0,96,1538.8
184965,,,2025-09-20,2025,2025-09,0,96,1538.8
184965,,,2025-09-21,2025,2025-09,0,96,1538.8
184965,,,2025-09-22,2025,2025-09,0,96,1538.8
184965,,,2025-09-23,2025,2025-09,0,96,1538.8
184965,,,2025-09-24,2025,2025-09,3.2,96,1542
184965,,,2025-09-25,2025,2025-09,0,96,1542
184965,,,2025-09-26,2025,2025-09,0,96,1542
184965,,,2025-09-27,2025,2025-09,1.4,96,1543.4
184965,,,2025-09-28,2025,2025-09,0,96,1543.4
184965,,,2025-09-29,2025,2025-09,0,96,1543.4
184965,,,2025-09-30,2025,2025-09,0.6,96,1544
184965,,,2025-10-01,2025,2025-10,0,96,1544
184965,,,2025-10-02,2025,2025-10,0,96,1544
184965,,,2025-10-03,2025,2025-10,0,96,1544
184965,,,2025-10-04,2025,2025-10,0,96,1544
184965,,,2025-10-05,2025,2025-10,0,96,1544
184965,,,2025-10-06,2025,2025-10,0,96,1544
184965,,,2025-10-07,2025,2025-10,5.8,96,1549.8
184965,,,2025-10-08,2025,2025-10,3.4,96,1553.2
184965,,,2025-10-09,2025,2025-10,0,96,1553.2
184965,,,2025-10-10,2025,2025-10,0,96,1553.2
184965,,,2025-10-11,2025,2025-10,0,96,1553.2
184965,,,2025-10-12,2025,2025-10,0,96,1553.2
184965,,,2025-10-13,2025,2025-10,0,96,1553.2
184965,,,2025-10-14,2025,2025-10,0,96,1553.2
184965,,,2025-10-15,2025,2025-10,5.4,96,1558.6
184965,,,2025-10-16,2025,2025-10,0,96,1558.6
184965,,,2025-10-17,2025,2025-10,0,96,1558.6
184965,,,2025-10-18,2025,2025-10,11.2,96,1569.8
184965,,,2025-10-19,2025,2025-10,0,96,1569.8
184965,,,2025-10-20,2025,2025-10,20,96,1589.8
184965,,,2025-10-21,2025,2025-10,0,96,1589.8
184965,,,2025-10-22,2025,2025-10,3.2,96,1593
184965,,,2025-10-23,2025,2025-10,17.8,96,1610.8
184965,,,2025-10-24,2025,2025-10,0,96,1610.8
184965,,,2025-10-25,2025,2025-10,7,96,1617.8
184965,,,2025-10-26,2025,2025-10,0,96,1617.8
184965,,,2025-10-27,2025,2025-10,1.4,96,1619.2
184965,,,2025-10-28,2025,2025-10,0,96,1619.2
184965,,,2025-10-29,2025,2025-10,0,96,1619.2
184965,,,2025-10-30,2025,2025-10,15.2,96,1634.4
184965,,,2025-10-31,2025,2025-10,6.6,96,1641
184965,,,2025-11-01,2025,2025-11,7.4,96,1648.4
184965,,,2025-11-02,2025,2025-11,0,96,1648.4
184965,,,2025-11-03,2025,2025-11,0,96,1648.4
184965,,,2025-11-04,2025,2025-11,0,96,1648.4
184965,,,2025-11-05,2025,2025-11,0,96,1648.4
184965,,,2025-11-06,2025,2025-11,0,96,1648.4
184965,,,2025-11-07,2025,2025-11,6.2,96,1654.6
184965,,,2025-11-08,2025,2025-11,0,96,1654.6
184965,,,2025-11-09,2025,2025-11,0.4,96,1655
184965,,,2025-11-10,2025,2025-11,0,96,1655
184965,,,2025-11-11,2025,2025-11,0,96,1655
184965,,,2025-11-12,2025,2025-11,0,96,1655
184965,,,2025-11-13,2025,2025-11,0,96,1655
184965,,,2025-11-14,2025,2025-11,0,96,1655
184965,,,2025-11-15,2025,2025-11,0,96,1655
184965,,,2025-11-16,2025,2025-11,0,96,1655
184965,,,2025-11-17,2025,2025-11,8.4,96,1663.4
184965,,,2025-11-18,2025,2025-11,0,96,1663.4
184965,,,2025-11-19,2025,2025-11,0,96,1663.4
184965,,,2025-11-20,2025,2025-11,12,96,1675.4
184965,,,2025-11-21,2025,2025-11,7.2,96,1682.6
184965,,,2025-11-22,2025,2025-11,0,96,1682.6
184965,,,2025-11-23,2025,2025-11,0,95,1682.6
184965,,,2025-11-24,2025,2025-11,0,95,1682.6
184965,,,2025-11-25,2025,2025-11,3,96,1685.6
184965,,,2025-11-26,2025,2025-11,0,96,1685.6
184965,,,2025-11-27,2025,2025-11,1.4,96,1687
184965,,,2025-11-28,2025,2025-11,0,96,1687
184965,,,2025-11-29,2025,2025-11,0,96,1687
184965,,,2025-11-30,2025,2025-11,0,96,1687
184965,,,2025-12-01,2025,2025-12,0,96,1687
184965,,,2025-12-02,2025,2025-12,0,96,1687
184965,,,2025-12-03,2025,2025-12,0,96,1687
184965,,,2025-12-04,2025,2025-12,0,96,1687
184965,,,2025-12-05,2025,2025-12,0,96,1687
184965,,,2025-12-06,2025,2025-12,2.6,96,1689.6
184965,,,2025-12-07,2025,2025-12,0,96,1689.6
184965,,,2025-12-08,2025,2025-12,0,96,1689.6
184965,,,2025-12-09,2025,2025-12,0,96,1689.6
184965,,,2025-12-10,2025,2025-12,0,96,1689.6
184965,,,2025-12-11,2025,2025-12,0,96,1689.6
184965,,,2025-12-12,2025,2025-12,0,96,1689.6
184965,,,2025-12-13,2025,2025-12,0,96,1689.6
184965,,,2025-12-14,2025,2025-12,0,96,1689.6
184965,,,2025-12-15,2025,2025-12,0,96,1689.6
184965,,,2025-12-16,2025,2025-12,0,96,1689.6
184965,,,2025-12-17,2025,2025-12,0,96,1689.6
184965,,,2025-12-18,2025,2025-12,0,96,1689.6
184965,,,2025-12-19,2025,2025-12,0,96,1689.6
184965,,,2025-12-20,2025,2025-12,0.8,96,1690.4
184965,,,2025-12-21,2025,2025-12,1.4,96,1691.8
184965,,,2025-12-22,2025,2025-12,0,96,1691.8
184965,,,2025-12-23,2025,2025-12,0,96,1691.8
184965,,,2025-12-24,2025,2025-12,0,95,1691.8
184965,,,2025-12-25,2025,2025-12,0,96,1691.8
184965,,,2025-12-26,2025,2025-12,0,96,1691.8
184965,,,2025-12-27,2025,2025-12,0,96,1691.8
184965,,,2025-12-28,2025,2025-12,0,96,1691.8
184965,,,2025-12-29,2025,2025-12,0,96,1691.8
184965,,,2025-12-30,2025,2025-12,0,96,1691.8
184965,,,2025-12-31,2025,2025-12,0.2,96,1692
184965,,,2026-01-01,2026,2026-01,0,96,0
184965,,,2026-01-02,2026,2026-01,0,96,0
184965,,,2026-01-03,2026,2026-01,0,96,0
184965,,,2026-01-04,2026,2026-01,0,96,0
184965,,,2026-01-05,2026,2026-01,0,96,0
184965,,,2026-01-06,2026,2026-01,0,96,0
184965,,,2026-01-07,2026,2026-01,0,96,0
184965,,,2026-01-08,2026,2026-01,0,96,0
184965,,,2026-01-09,2026,2026-01,0,96,0
184965,,,2026-01-10,2026,2026-01,0,96,0
184965,,,2026-01-11,2026,2026-01,0,96,0
184965,,,2026-01-12,2026,2026-01,0,96,0
184965,,,2026-01-13,2026,2026-01,0,96,0
184965,,,2026-01-14,2026,2026-01,0,96,0
184965,,,2026-01-15,2026,2026-01,0.6,96,0.6
184965,,,2026-01-16,2026,2026-01,0,96,0.6
184965,,,2026-01-17,2026,2026-01,0,96,0.6
184965,,,2026-01-18,2026,2026-01,0,96,0.6
184965,,,2026-01-19,2026,2026-01,0,96,0.6
184965,,,2026-01-20,2026,2026-01,0,96,0.6
184965,,,2026-01-21,2026,2026-01,0,96,0.6
184965,,,2026-01-22,2026,2026-01,0,96,0.6
184965,,,2026-01-23,2026,2026-01,0,96,0.6
184965,,,2026-01-24,2026,2026-01,0,96,0.6
184965,,,2026-01-25,2026,2026-01,0,96,0.6
184965,,,2026-01-26,2026,2026-01,0,96,0.6
184965,,,2026-01-27,2026,2026-01,0,96,0.6
184965,,,2026-01-28,2026,2026-01,0,96,0.6
184965,,,2026-01-29,2026,2026-01,0,96,0.6
184965,,,2026-01-30,2026,2026-01,0,96,0.6
184965,,,2026-01-31,2026,2026-01,0.4,96,1
184965,,,2026-02-01,2026,2026-02,5.2,96,6.2
184965,,,2026-02-02,2026,2026-02,0,96,6.2
184965,,,2026-02-03,2026,2026-02,0,96,6.2
184965,,,2026-02-04,2026,2026-02,0,96,6.2
184965,,,2026-02-05,2026,2026-02,0,96,6.2
184965,,,2026-02-06,2026,2026-02,0,96,6.2
184965,,,2026-02-07,2026,2026-02,0,96,6.2
184965,,,2026-02-08,2026,2026-02,0,96,6.2
184965,,,2026-02-09,2026,2026-02,0,96,6.2
184965,,,2026-02-10,2026,2026-02,0,96,6.2
184965,,,2026-02-11,2026,2026-02,0,96,6.2
184965,,,2026-02-12,2026,2026-02,0,96,6.2
184965,,,2026-02-13,2026,2026-02,0,96,6.2
184965,,,2026-02-14,2026,2026-02,0,96,6.2
184965,,,2026-02-15,2026,2026-02,0,96,6.2
184965,,,2026-02-16,2026,2026-02,0,96,6.2
184965,,,2026-02-17,2026,2026-02,0,96,6.2
184965,,,2026-02-18,2026,2026-02,0,96,6.2
184965,,,2026-02-19,2026,2026-02,0,96,6.2
184965,,,2026-02-20,2026,2026-02,0,96,6.2
184965,,,2026-02-21,2026,2026-02,0,96,6.2
184965,,,2026-02-22,2026,2026-02,0,96,6.2
184965,,,2026-02-23,2026,2026-02,0,96,6.2
184965,,,2026-02-24,2026,2026-02,0,96,6.2
184965,,,2026-02-25,2026,2026-02,0,96,6.2
184965,,,2026-02-26,2026,2026-02,0,95,6.2
184965,,,2026-02-27,2026,2026-02,0,96,6.2
184965,,,2026-02-28,2026,2026-02,0,96,6.2
184965,,,2026-03-01,2026,2026-03,0,96,6.2
184965,,,2026-03-02,2026,2026-03,0,92,6.2
184965,,,2026-03-03,2026,2026-03,0,89,6.2
184965,,,2026-03-04,2026,2026-03,0,48,6.2
184965,,,2026-03-05,2026,2026-03,0,48,6.2
184965,,,2026-03-06,2026,2026-03,0,49,6.2
184965,,,2026-03-07,2026,2026-03,0,29,6.2
184965,,,2026-03-08,2026,2026-03,0,8,6.2
184965,,,2026-03-09,2026,2026-03,0,5,6.2
184965,,,2026-03-10,2026,2026-03,0,6,6.2
184965,,,2026-03-11,2026,2026-03,0,18,6.2
184965,,,2026-03-14,2026,2026-03,0,25,6.2
184965,,,2026-03-19,2026,2026-03,0,37,6.2
184965,,,2026-03-20,2026,2026-03,0,15,6.2
184965,,,2026-03-21,2026,2026-03,0,27,6.2
184965,,,2026-03-22,2026,2026-03,0,21,6.2
184965,,,2026-03-23,2026,2026-03,0,27,6.2
184965,,,2026-03-25,2026,2026-03,0,28,6.2
184965,,,2026-03-27,2026,2026-03,0,27,6.2
184965,,,2026-03-31,2026,2026-03,0,23,6.2
184965,,,2026-04-02,2026,2026-04,0,2,6.2
184965,,,2026-04-05,2026,2026-04,0,3,6.2
184965,,,2026-04-10,2026,2026-04,0,11,6.2
184965,,,2026-04-14,2026,2026-04,0,12,6.2
184965,,,2026-04-15,2026,2026-04,0,11,6.2
184965,,,2026-04-19,2026,2026-04,0,33,6.2
184965,,,2026-04-22,2026,2026-04,0,39,6.2
184965,,,2026-04-23,2026,2026-04,0,3,6.2
184965,,,2026-04-28,2026,2026-04,0,49,6.2
184965,,,2026-04-29,2026,2026-04,0,77,6.2
184965,,,2026-04-30,2026,2026-04,0,44,6.2
184965,,,2026-05-03,2026,2026-05,0,49,6.2
184965,,,2026-05-04,2026,2026-05,0,57,6.2
184965,,,2026-05-05,2026,2026-05,0,47,6.2
184965,,,2026-05-06,2026,2026-05,0,64,6.2
184965,,,2026-05-07,2026,2026-05,0,58,6.2
184965,,,2026-05-08,2026,2026-05,0,80,6.2
184965,,,2026-05-09,2026,2026-05,0,13,6.2
184965,,,2026-05-10,2026,2026-05,0,44,6.2
184965,,,2026-05-11,2026,2026-05,0,49,6.2
184965,,,2026-05-12,2026,2026-05,0,5,6.2
184965,,,2026-05-14,2026,2026-05,0.2,47,6.4
184965,,,2026-05-15,2026,2026-05,0,96,6.4
184965,,,2026-05-16,2026,2026-05,0,96,6.4
184965,,,2026-05-17,2026,2026-05,58.6,96,65
184965,,,2026-05-18,2026,2026-05,0,96,65
184965,,,2026-05-19,2026,2026-05,0,96,65
184965,,,2026-05-20,2026,2026-05,0,96,65
184965,,,2026-05-21,2026,2026-05,0,96,65
184965,,,2026-05-22,2026,2026-05,2.8,96,67.8
184965,,,2026-05-23,2026,2026-05,0,29,67.8
184965,,,2026-05-24,2026,2026-05,0,52,67.8
184965,,,2026-05-25,2026,2026-05,3.4,96,71.2
184965,,,2026-05-26,2026,2026-05,1.4,96,72.6
184965,,,2026-05-27,2026,2026-05,1,96,73.6
184965,,,2026-05-28,2026,2026-05,0,96,73.6
184965,,,2026-05-29,2026,2026-05,0.6,96,74.2
184965,,,2026-05-30,2026,2026-05,0.2,96,74.4
184965,,,2026-05-31,2026,2026-05,23,96,97.4
184965,,,2026-06-01,2026,2026-06,0,96,97.4
184965,,,2026-06-02,2026,2026-06,10.6,96,108
184965,,,2026-06-03,2026,2026-06,4.2,96,112.2
184965,,,2026-06-04,2026,2026-06,5.2,48,117.4
184965,,,2026-06-05,2026,2026-06,23.4,96,140.8
184965,,,2026-06-06,2026,2026-06,0,96,140.8
184965,,,2026-06-07,2026,2026-06,15.2,96,156
184965,,,2026-06-08,2026,2026-06,7.8,96,163.8
184965,,,2026-06-09,2026,2026-06,0,96,163.8
184965,,,2026-06-10,2026,2026-06,0,96,163.8
184965,,,2026-06-11,2026,2026-06,5.2,96,169
184965,,,2026-06-12,2026,2026-06,0,96,169
184965,,,2026-06-13,2026,2026-06,0,96,169
184965,,,2026-06-14,2026,2026-06,0,96,169
184965,,,2026-06-15,2026,2026-06,0,96,169
184965,,,2026-06-16,2026,2026-06,1,96,170
184965,,,2026-06-17,2026,2026-06,0,96,170
184965,,,2026-06-18,2026,2026-06,39.6,96,209.6
184965,,,2026-06-19,2026,2026-06,11.8,96,221.4
184965,,,2026-06-20,2026,2026-06,7.8,96,229.2
184965,,,2026-06-21,2026,2026-06,0,96,229.2
184965,,,2026-06-22,2026,2026-06,0.4,96,229.6
184965,,,2026-06-23,2026,2026-06,0,96,229.6
184965,,,2026-06-24,2026,2026-06,3.6,96,233.2
184965,,,2026-06-25,2026,2026-06,2.8,96,236
184965,,,2026-06-26,2026,2026-06,0,96,236
184965,,,2026-06-27,2026,2026-06,0,96,236
184965,,,2026-06-28,2026,2026-06,7.6,96,243.6
184965,,,2026-06-29,2026,2026-06,0,96,243.6
184965,,,2026-06-30,2026,2026-06,0,96,243.6
184965,,,2026-07-01,2026,2026-07,6.8,96,250.4
184965,,,2026-07-02,2026,2026-07,3,96,253.4
184965,,,2026-07-03,2026,2026-07,26.6,96,280
184965,,,2026-07-04,2026,2026-07,0,96,280
184965,,,2026-07-05,2026,2026-07,0,96,280
184965,,,2026-07-06,2026,2026-07,9.6,96,289.6
184965,,,2026-07-07,2026,2026-07,3.4,96,293
184965,,,2026-07-08,2026,2026-07,0.2,96,293.2
184965,,,2026-07-09,2026,2026-07,5.8,96,299
184965,,,2026-07-10,2026,2026-07,0,96,299
184965,,,2026-07-11,2026,2026-07,18.2,96,317.2
184965,,,2026-07-12,2026,2026-07,0.6,96,317.8
184965,,,2026-07-13,2026,2026-07,26,96,343.8
184965,,,2026-07-14,2026,2026-07,0,96,343.8
184965,,,2026-07-15,2026,2026-07,0,96,343.8
184965,,,2026-07-16,2026,2026-07,0,96,343.8
184965,,,2026-07-17,2026,2026-07,0,96,343.8
184965,,,2026-07-18,2026,2026-07,16,96,359.8
184965,,,2026-07-19,2026,2026-07,4.6,96,364.4
184965,,,2026-07-20,2026,2026-07,4.8,96,369.2
184965,,,2026-07-21,2026,2026-07,0,96,369.2
184965,,,2026-07-22,2026,2026-07,0,96,369.2
184965,,,2026-07-23,2026,2026-07,0,96,369.2
184965,,,2026-07-24,2026,2026-07,0,96,369.2
184965,,,2026-07-25,2026,2026-07,14.4,96,383.6
184965,,,2026-07-26,2026,2026-07,22.2,96,405.8
184965,,,2026-07-27,2026,2026-07,0.2,96,406
184965,,,2026-07-28,2026,2026-07,0,96,406
184965,,,2026-07-29,2026,2026-07,12.6,96,418.6
184965,,,2026-07-30,2026,2026-07,0,96,418.6
184965,,,2026-07-31,2026,2026-07,41.8,96,460.4
184965,,,2026-08-01,2026,2026-08,0,96,460.4
184965,,,2026-08-02,2026,2026-08,0,82,460.4
185450,G01,Oriente,2024-05-07,2024,2024-05,0,14,0
185450,G01,Oriente,2024-05-08,2024,2024-05,0,96,0
185450,G01,Oriente,2024-05-09,2024,2024-05,0.4,96,0.4
185450,G01,Oriente,2024-05-10,2024,2024-05,0,96,0.4
185450,G01,Oriente,2024-05-11,2024,2024-05,1,96,1.4
185450,G01,Oriente,2024-05-12,2024,2024-05,0,96,1.4
185450,G01,Oriente,2024-05-13,2024,2024-05,0,96,1.4
185450,G01,Oriente,2024-05-14,2024,2024-05,0,96,1.4
185450,G01,Oriente,2024-05-15,2024,2024-05,0,96,1.4
185450,G01,Oriente,2024-05-16,2024,2024-05,0,96,1.4
185450,G01,Oriente,2024-05-17,2024,2024-05,0,96,1.4
185450,G01,Oriente,2024-05-18,2024,2024-05,0,96,1.4
185450,G01,Oriente,2024-05-19,2024,2024-05,0,96,1.4
185450,G01,Oriente,2024-05-20,2024,2024-05,0,96,1.4
185450,G01,Oriente,2024-05-21,2024,2024-05,0,96,1.4
185450,G01,Oriente,2024-05-22,2024,2024-05,0,96,1.4
185450,G01,Oriente,2024-05-23,2024,2024-05,0,96,1.4
185450,G01,Oriente,2024-05-24,2024,2024-05,0,96,1.4
185450,G01,Oriente,2024-05-25,2024,2024-05,0,96,1.4
185450,G01,Oriente,2024-05-26,2024,2024-05,41,96,42.4
185450,G01,Oriente,2024-05-27,2024,2024-05,0,96,42.4
185450,G01,Oriente,2024-05-28,2024,2024-05,0,96,42.4
185450,G01,Oriente,2024-05-29,2024,2024-05,0,96,42.4
185450,G01,Oriente,2024-05-30,2024,2024-05,1.6,96,44
185450,G01,Oriente,2024-05-31,2024,2024-05,0,96,44
185450,G01,Oriente,2024-06-01,2024,2024-06,0,96,44
185450,G01,Oriente,2024-06-02,2024,2024-06,0,96,44
185450,G01,Oriente,2024-06-03,2024,2024-06,0,96,44
185450,G01,Oriente,2024-06-04,2024,2024-06,0,96,44
185450,G01,Oriente,2024-06-05,2024,2024-06,0,96,44
185450,G01,Oriente,2024-06-06,2024,2024-06,0,96,44
185450,G01,Oriente,2024-06-07,2024,2024-06,0,96,44
185450,G01,Oriente,2024-06-08,2024,2024-06,6.2,96,50.2
185450,G01,Oriente,2024-06-09,2024,2024-06,3.8,96,54
185450,G01,Oriente,2024-06-10,2024,2024-06,0,96,54
185450,G01,Oriente,2024-06-11,2024,2024-06,0,96,54
185450,G01,Oriente,2024-06-12,2024,2024-06,0,96,54
185450,G01,Oriente,2024-06-13,2024,2024-06,0,96,54
185450,G01,Oriente,2024-06-14,2024,2024-06,0,96,54
185450,G01,Oriente,2024-06-15,2024,2024-06,0,96,54
185450,G01,Oriente,2024-06-16,2024,2024-06,0,96,54
185450,G01,Oriente,2024-06-17,2024,2024-06,0,96,54
185450,G01,Oriente,2024-06-18,2024,2024-06,0,96,54
185450,G01,Oriente,2024-06-19,2024,2024-06,0,96,54
185450,G01,Oriente,2024-06-20,2024,2024-06,0,96,54
185450,G01,Oriente,2024-06-21,2024,2024-06,0,96,54
185450,G01,Oriente,2024-06-22,2024,2024-06,2.2,96,56.2
185450,G01,Oriente,2024-06-23,2024,2024-06,0,96,56.2
185450,G01,Oriente,2024-06-24,2024,2024-06,0,96,56.2
185450,G01,Oriente,2024-06-25,2024,2024-06,0,96,56.2
185450,G01,Oriente,2024-06-26,2024,2024-06,0,96,56.2
185450,G01,Oriente,2024-06-27,2024,2024-06,0,96,56.2
185450,G01,Oriente,2024-06-28,2024,2024-06,0,96,56.2
185450,G01,Oriente,2024-06-29,2024,2024-06,0.6,96,56.8
185450,G01,Oriente,2024-06-30,2024,2024-06,0,96,56.8
185450,G01,Oriente,2024-07-01,2024,2024-07,0,96,56.8
185450,G01,Oriente,2024-07-02,2024,2024-07,0,96,56.8
185450,G01,Oriente,2024-07-03,2024,2024-07,0,96,56.8
185450,G01,Oriente,2024-07-04,2024,2024-07,0,96,56.8
185450,G01,Oriente,2024-07-05,2024,2024-07,0,96,56.8
185450,G01,Oriente,2024-07-06,2024,2024-07,0,96,56.8
185450,G01,Oriente,2024-07-07,2024,2024-07,0.2,96,57
185450,G01,Oriente,2024-07-08,2024,2024-07,0,96,57
185450,G01,Oriente,2024-07-09,2024,2024-07,9,96,66
185450,G01,Oriente,2024-07-10,2024,2024-07,0,96,66
185450,G01,Oriente,2024-07-11,2024,2024-07,2.6,96,68.6
185450,G01,Oriente,2024-07-12,2024,2024-07,0,96,68.6
185450,G01,Oriente,2024-07-13,2024,2024-07,0,96,68.6
185450,G01,Oriente,2024-07-14,2024,2024-07,0,96,68.6
185450,G01,Oriente,2024-07-15,2024,2024-07,0,96,68.6
185450,G01,Oriente,2024-07-16,2024,2024-07,0,96,68.6
185450,G01,Oriente,2024-07-17,2024,2024-07,0,96,68.6
185450,G01,Oriente,2024-07-18,2024,2024-07,3.4,96,72
185450,G01,Oriente,2024-07-19,2024,2024-07,1,96,73
185450,G01,Oriente,2024-07-20,2024,2024-07,0,96,73
185450,G01,Oriente,2024-07-21,2024,2024-07,11.4,96,84.4
185450,G01,Oriente,2024-07-22,2024,2024-07,1.2,96,85.6
185450,G01,Oriente,2024-07-23,2024,2024-07,17.6,96,103.2
185450,G01,Oriente,2024-07-24,2024,2024-07,0,96,103.2
185450,G01,Oriente,2024-07-25,2024,2024-07,1.6,96,104.8
185450,G01,Oriente,2024-07-26,2024,2024-07,8.2,96,113
185450,G01,Oriente,2024-07-27,2024,2024-07,16.6,96,129.6
185450,G01,Oriente,2024-07-28,2024,2024-07,3.8,96,133.4
185450,G01,Oriente,2024-07-29,2024,2024-07,2.4,96,135.8
185450,G01,Oriente,2024-07-30,2024,2024-07,1.6,96,137.4
185450,G01,Oriente,2024-07-31,2024,2024-07,34.4,96,171.8
185450,G01,Oriente,2024-08-01,2024,2024-08,0,96,171.8
185450,G01,Oriente,2024-08-02,2024,2024-08,2.8,96,174.6
185450,G01,Oriente,2024-08-03,2024,2024-08,4.6,96,179.2
185450,G01,Oriente,2024-08-04,2024,2024-08,1.4,96,180.6
185450,G01,Oriente,2024-08-05,2024,2024-08,6.6,96,187.2
185450,G01,Oriente,2024-08-06,2024,2024-08,0.8,96,188
185450,G01,Oriente,2024-08-07,2024,2024-08,0,96,188
185450,G01,Oriente,2024-08-08,2024,2024-08,2.4,96,190.4
185450,G01,Oriente,2024-08-09,2024,2024-08,0,95,190.4
185450,G01,Oriente,2024-08-10,2024,2024-08,6,96,196.4
185450,G01,Oriente,2024-08-11,2024,2024-08,0,96,196.4
185450,G01,Oriente,2024-08-12,2024,2024-08,0,96,196.4
185450,G01,Oriente,2024-08-13,2024,2024-08,3.2,96,199.6
185450,G01,Oriente,2024-08-14,2024,2024-08,2.6,96,202.2
185450,G01,Oriente,2024-08-15,2024,2024-08,0,96,202.2
185450,G01,Oriente,2024-08-16,2024,2024-08,2.2,96,204.4
185450,G01,Oriente,2024-08-17,2024,2024-08,0,96,204.4
185450,G01,Oriente,2024-08-18,2024,2024-08,0,96,204.4
185450,G01,Oriente,2024-08-19,2024,2024-08,0,96,204.4
185450,G01,Oriente,2024-08-20,2024,2024-08,0,96,204.4
185450,G01,Oriente,2024-08-21,2024,2024-08,0,96,204.4
185450,G01,Oriente,2024-08-22,2024,2024-08,0,96,204.4
185450,G01,Oriente,2024-08-23,2024,2024-08,0,96,204.4
185450,G01,Oriente,2024-08-24,2024,2024-08,12.8,96,217.2
185450,G01,Oriente,2024-08-25,2024,2024-08,1.6,96,218.8
185450,G01,Oriente,2024-08-26,2024,2024-08,0,96,218.8
185450,G01,Oriente,2024-08-27,2024,2024-08,0,96,218.8
185450,G01,Oriente,2024-08-28,2024,2024-08,4.6,96,223.4
185450,G01,Oriente,2024-08-29,2024,2024-08,0.4,96,223.8
185450,G01,Oriente,2024-08-30,2024,2024-08,1,95,224.8
185450,G01,Oriente,2024-08-31,2024,2024-08,0,96,224.8
185450,G01,Oriente,2024-09-01,2024,2024-09,0,96,224.8
185450,G01,Oriente,2024-09-02,2024,2024-09,0,96,224.8
185450,G01,Oriente,2024-09-03,2024,2024-09,0,96,224.8
185450,G01,Oriente,2024-09-04,2024,2024-09,25.8,96,250.6
185450,G01,Oriente,2024-09-05,2024,2024-09,3,96,253.6
185450,G01,Oriente,2024-09-06,2024,2024-09,0,95,253.6
185450,G01,Oriente,2024-09-07,2024,2024-09,28,96,281.6
185450,G01,Oriente,2024-09-08,2024,2024-09,0,96,281.6
185450,G01,Oriente,2024-09-09,2024,2024-09,0,96,281.6
185450,G01,Oriente,2024-09-10,2024,2024-09,0.4,96,282
185450,G01,Oriente,2024-09-11,2024,2024-09,0,96,282
185450,G01,Oriente,2024-09-12,2024,2024-09,17.8,96,299.8
185450,G01,Oriente,2024-09-13,2024,2024-09,1,96,300.8
185450,G01,Oriente,2024-09-14,2024,2024-09,14.8,96,315.6
185450,G01,Oriente,2024-09-15,2024,2024-09,0.4,96,316
185450,G01,Oriente,2024-09-16,2024,2024-09,13.8,96,329.8
185450,G01,Oriente,2024-09-17,2024,2024-09,9.8,96,339.6
185450,G01,Oriente,2024-09-18,2024,2024-09,0,96,339.6
185450,G01,Oriente,2024-09-19,2024,2024-09,5.6,96,345.2
185450,G01,Oriente,2024-09-20,2024,2024-09,0,96,345.2
185450,G01,Oriente,2024-09-21,2024,2024-09,0,96,345.2
185450,G01,Oriente,2024-09-22,2024,2024-09,0,96,345.2
185450,G01,Oriente,2024-09-23,2024,2024-09,0,96,345.2
185450,G01,Oriente,2024-09-24,2024,2024-09,18.8,96,364
185450,G01,Oriente,2024-09-25,2024,2024-09,0,96,364
185450,G01,Oriente,2024-09-26,2024,2024-09,0,96,364
185450,G01,Oriente,2024-09-27,2024,2024-09,0,96,364
185450,G01,Oriente,2024-09-28,2024,2024-09,2.6,96,366.6
185450,G01,Oriente,2024-09-29,2024,2024-09,7,96,373.6
185450,G01,Oriente,2024-09-30,2024,2024-09,0,96,373.6
185450,G01,Oriente,2024-10-01,2024,2024-10,0,96,373.6
185450,G01,Oriente,2024-10-02,2024,2024-10,0,96,373.6
185450,G01,Oriente,2024-10-03,2024,2024-10,0,96,373.6
185450,G01,Oriente,2024-10-04,2024,2024-10,2.2,96,375.8
185450,G01,Oriente,2024-10-05,2024,2024-10,5.4,96,381.2
185450,G01,Oriente,2024-10-06,2024,2024-10,0,96,381.2
185450,G01,Oriente,2024-10-07,2024,2024-10,11.8,96,393
185450,G01,Oriente,2024-10-08,2024,2024-10,5.6,96,398.6
185450,G01,Oriente,2024-10-09,2024,2024-10,13,96,411.6
185450,G01,Oriente,2024-10-10,2024,2024-10,0,96,411.6
185450,G01,Oriente,2024-10-11,2024,2024-10,0,96,411.6
185450,G01,Oriente,2024-10-12,2024,2024-10,0,96,411.6
185450,G01,Oriente,2024-10-13,2024,2024-10,0,96,411.6
185450,G01,Oriente,2024-10-14,2024,2024-10,0,96,411.6
185450,G01,Oriente,2024-10-15,2024,2024-10,0,96,411.6
185450,G01,Oriente,2024-10-16,2024,2024-10,0,96,411.6
185450,G01,Oriente,2024-10-17,2024,2024-10,0,96,411.6
185450,G01,Oriente,2024-10-18,2024,2024-10,0,96,411.6
185450,G01,Oriente,2024-10-19,2024,2024-10,0,96,411.6
185450,G01,Oriente,2024-10-20,2024,2024-10,0.6,96,412.2
185450,G01,Oriente,2024-10-21,2024,2024-10,2,96,414.2
185450,G01,Oriente,2024-10-22,2024,2024-10,0,96,414.2
185450,G01,Oriente,2024-10-23,2024,2024-10,1.6,96,415.8
185450,G01,Oriente,2024-10-24,2024,2024-10,0,96,415.8
185450,G01,Oriente,2024-10-25,2024,2024-10,0,96,415.8
185450,G01,Oriente,2024-10-26,2024,2024-10,0,96,415.8
185450,G01,Oriente,2024-10-27,2024,2024-10,3.4,96,419.2
185450,G01,Oriente,2024-10-28,2024,2024-10,0.2,96,419.4
185450,G01,Oriente,2024-10-29,2024,2024-10,0,96,419.4
185450,G01,Oriente,2024-10-30,2024,2024-10,0,96,419.4
185450,G01,Oriente,2024-10-31,2024,2024-10,0,96,419.4
185450,G01,Oriente,2024-11-01,2024,2024-11,0,96,419.4
185450,G01,Oriente,2024-11-02,2024,2024-11,0,96,419.4
185450,G01,Oriente,2024-11-03,2024,2024-11,0,96,419.4
185450,G01,Oriente,2024-11-04,2024,2024-11,0,96,419.4
185450,G01,Oriente,2024-11-05,2024,2024-11,21.4,96,440.8
185450,G01,Oriente,2024-11-06,2024,2024-11,0,96,440.8
185450,G01,Oriente,2024-11-07,2024,2024-11,0,96,440.8
185450,G01,Oriente,2024-11-08,2024,2024-11,0,96,440.8
185450,G01,Oriente,2024-11-09,2024,2024-11,0,96,440.8
185450,G01,Oriente,2024-11-10,2024,2024-11,34.2,96,475
185450,G01,Oriente,2024-11-11,2024,2024-11,4.2,96,479.2
185450,G01,Oriente,2024-11-12,2024,2024-11,0,96,479.2
185450,G01,Oriente,2024-11-13,2024,2024-11,0,96,479.2
185450,G01,Oriente,2024-11-14,2024,2024-11,0,96,479.2
185450,G01,Oriente,2024-11-15,2024,2024-11,0,96,479.2
185450,G01,Oriente,2024-11-16,2024,2024-11,0,96,479.2
185450,G01,Oriente,2024-11-17,2024,2024-11,8.8,96,488
185450,G01,Oriente,2024-11-18,2024,2024-11,0,96,488
185450,G01,Oriente,2024-11-19,2024,2024-11,0,96,488
185450,G01,Oriente,2024-11-20,2024,2024-11,0.2,96,488.2
185450,G01,Oriente,2024-11-21,2024,2024-11,0,96,488.2
185450,G01,Oriente,2024-11-22,2024,2024-11,0,96,488.2
185450,G01,Oriente,2024-11-23,2024,2024-11,0,96,488.2
185450,G01,Oriente,2024-11-24,2024,2024-11,9.8,96,498
185450,G01,Oriente,2024-11-25,2024,2024-11,4.4,96,502.4
185450,G01,Oriente,2024-11-26,2024,2024-11,0,96,502.4
185450,G01,Oriente,2024-11-27,2024,2024-11,0,96,502.4
185450,G01,Oriente,2024-11-28,2024,2024-11,0,96,502.4
185450,G01,Oriente,2024-11-29,2024,2024-11,0,96,502.4
185450,G01,Oriente,2024-11-30,2024,2024-11,1.2,96,503.6
185450,G01,Oriente,2024-12-01,2024,2024-12,0,96,503.6
185450,G01,Oriente,2024-12-02,2024,2024-12,0,96,503.6
185450,G01,Oriente,2024-12-03,2024,2024-12,0,96,503.6
185450,G01,Oriente,2024-12-04,2024,2024-12,1.4,96,505
185450,G01,Oriente,2024-12-05,2024,2024-12,0,96,505
185450,G01,Oriente,2024-12-06,2024,2024-12,0,96,505
185450,G01,Oriente,2024-12-07,2024,2024-12,0,96,505
185450,G01,Oriente,2024-12-08,2024,2024-12,0,96,505
185450,G01,Oriente,2024-12-09,2024,2024-12,0,96,505
185450,G01,Oriente,2024-12-10,2024,2024-12,0.8,96,505.8
185450,G01,Oriente,2024-12-11,2024,2024-12,0,96,505.8
185450,G01,Oriente,2024-12-12,2024,2024-12,0,96,505.8
185450,G01,Oriente,2024-12-13,2024,2024-12,0,96,505.8
185450,G01,Oriente,2024-12-14,2024,2024-12,0,96,505.8
185450,G01,Oriente,2024-12-15,2024,2024-12,0,96,505.8
185450,G01,Oriente,2024-12-16,2024,2024-12,0,96,505.8
185450,G01,Oriente,2024-12-17,2024,2024-12,3,96,508.8
185450,G01,Oriente,2024-12-18,2024,2024-12,0,96,508.8
185450,G01,Oriente,2024-12-19,2024,2024-12,0,96,508.8
185450,G01,Oriente,2024-12-20,2024,2024-12,0,96,508.8
185450,G01,Oriente,2024-12-21,2024,2024-12,0,96,508.8
185450,G01,Oriente,2024-12-22,2024,2024-12,0,96,508.8
185450,G01,Oriente,2024-12-23,2024,2024-12,0,96,508.8
185450,G01,Oriente,2024-12-24,2024,2024-12,0,96,508.8
185450,G01,Oriente,2024-12-25,2024,2024-12,0,96,508.8
185450,G01,Oriente,2024-12-26,2024,2024-12,0,96,508.8
185450,G01,Oriente,2024-12-27,2024,2024-12,0,96,508.8
185450,G01,Oriente,2024-12-28,2024,2024-12,0,96,508.8
185450,G01,Oriente,2024-12-29,2024,2024-12,0,96,508.8
185450,G01,Oriente,2024-12-30,2024,2024-12,0,96,508.8
185450,G01,Oriente,2024-12-31,2024,2024-12,0,96,508.8
185450,G01,Oriente,2025-01-01,2025,2025-01,0,96,0
185450,G01,Oriente,2025-01-02,2025,2025-01,0,96,0
185450,G01,Oriente,2025-01-03,2025,2025-01,1.4,96,1.4
185450,G01,Oriente,2025-01-04,2025,2025-01,0.4,96,1.8
185450,G01,Oriente,2025-01-05,2025,2025-01,1.6,96,3.4
185450,G01,Oriente,2025-01-06,2025,2025-01,0,96,3.4
185450,G01,Oriente,2025-01-07,2025,2025-01,0,96,3.4
185450,G01,Oriente,2025-01-08,2025,2025-01,0,96,3.4
185450,G01,Oriente,2025-01-09,2025,2025-01,0,96,3.4
185450,G01,Oriente,2025-01-10,2025,2025-01,0,96,3.4
185450,G01,Oriente,2025-01-11,2025,2025-01,0,96,3.4
185450,G01,Oriente,2025-01-12,2025,2025-01,0,96,3.4
185450,G01,Oriente,2025-01-13,2025,2025-01,0,96,3.4
185450,G01,Oriente,2025-01-14,2025,2025-01,0,96,3.4
185450,G01,Oriente,2025-01-15,2025,2025-01,0,96,3.4
185450,G01,Oriente,2025-01-16,2025,2025-01,0,96,3.4
185450,G01,Oriente,2025-01-17,2025,2025-01,0,96,3.4
185450,G01,Oriente,2025-01-18,2025,2025-01,0,96,3.4
185450,G01,Oriente,2025-01-19,2025,2025-01,0,96,3.4
185450,G01,Oriente,2025-01-20,2025,2025-01,0,96,3.4
185450,G01,Oriente,2025-01-21,2025,2025-01,5,96,8.4
185450,G01,Oriente,2025-01-22,2025,2025-01,0.2,96,8.6
185450,G01,Oriente,2025-01-23,2025,2025-01,0,96,8.6
185450,G01,Oriente,2025-01-24,2025,2025-01,0,96,8.6
185450,G01,Oriente,2025-01-25,2025,2025-01,0,96,8.6
185450,G01,Oriente,2025-01-26,2025,2025-01,0,96,8.6
185450,G01,Oriente,2025-01-27,2025,2025-01,0,95,8.6
185450,G01,Oriente,2025-01-28,2025,2025-01,0,96,8.6
185450,G01,Oriente,2025-01-29,2025,2025-01,0,96,8.6
185450,G01,Oriente,2025-01-30,2025,2025-01,0.4,96,9
185450,G01,Oriente,2025-01-31,2025,2025-01,0,96,9
185450,G01,Oriente,2025-02-01,2025,2025-02,0,96,9
185450,G01,Oriente,2025-02-02,2025,2025-02,0,96,9
185450,G01,Oriente,2025-02-03,2025,2025-02,0,96,9
185450,G01,Oriente,2025-02-04,2025,2025-02,0,96,9
185450,G01,Oriente,2025-02-05,2025,2025-02,0,96,9
185450,G01,Oriente,2025-02-06,2025,2025-02,0,96,9
185450,G01,Oriente,2025-02-07,2025,2025-02,0,96,9
185450,G01,Oriente,2025-02-08,2025,2025-02,0,96,9
185450,G01,Oriente,2025-02-09,2025,2025-02,0,96,9
185450,G01,Oriente,2025-02-10,2025,2025-02,0,96,9
185450,G01,Oriente,2025-02-11,2025,2025-02,0,96,9
185450,G01,Oriente,2025-02-12,2025,2025-02,0,96,9
185450,G01,Oriente,2025-02-13,2025,2025-02,0,95,9
185450,G01,Oriente,2025-02-14,2025,2025-02,0,96,9
185450,G01,Oriente,2025-02-15,2025,2025-02,0,96,9
185450,G01,Oriente,2025-02-16,2025,2025-02,0,96,9
185450,G01,Oriente,2025-02-17,2025,2025-02,0,96,9
185450,G01,Oriente,2025-02-18,2025,2025-02,0,96,9
185450,G01,Oriente,2025-02-19,2025,2025-02,0,96,9
185450,G01,Oriente,2025-02-20,2025,2025-02,0,96,9
185450,G01,Oriente,2025-02-21,2025,2025-02,0,96,9
185450,G01,Oriente,2025-02-22,2025,2025-02,0,96,9
185450,G01,Oriente,2025-02-23,2025,2025-02,0,96,9
185450,G01,Oriente,2025-02-24,2025,2025-02,0,96,9
185450,G01,Oriente,2025-02-25,2025,2025-02,0,96,9
185450,G01,Oriente,2025-02-26,2025,2025-02,0,96,9
185450,G01,Oriente,2025-02-27,2025,2025-02,0,96,9
185450,G01,Oriente,2025-02-28,2025,2025-02,0,96,9
185450,G01,Oriente,2025-03-01,2025,2025-03,0,96,9
185450,G01,Oriente,2025-03-02,2025,2025-03,0,96,9
185450,G01,Oriente,2025-03-03,2025,2025-03,0,96,9
185450,G01,Oriente,2025-03-04,2025,2025-03,0,96,9
185450,G01,Oriente,2025-03-05,2025,2025-03,0,96,9
185450,G01,Oriente,2025-03-06,2025,2025-03,0,96,9
185450,G01,Oriente,2025-03-07,2025,2025-03,0,96,9
185450,G01,Oriente,2025-03-08,2025,2025-03,0,96,9
185450,G01,Oriente,2025-03-09,2025,2025-03,0,96,9
185450,G01,Oriente,2025-03-10,2025,2025-03,0,96,9
185450,G01,Oriente,2025-03-11,2025,2025-03,0,96,9
185450,G01,Oriente,2025-03-12,2025,2025-03,0,96,9
185450,G01,Oriente,2025-03-13,2025,2025-03,0,96,9
185450,G01,Oriente,2025-03-14,2025,2025-03,0,96,9
185450,G01,Oriente,2025-03-15,2025,2025-03,0,96,9
185450,G01,Oriente,2025-03-16,2025,2025-03,0,96,9
185450,G01,Oriente,2025-03-17,2025,2025-03,0,96,9
185450,G01,Oriente,2025-03-18,2025,2025-03,0,96,9
185450,G01,Oriente,2025-03-19,2025,2025-03,0,96,9
185450,G01,Oriente,2025-03-20,2025,2025-03,0,96,9
185450,G01,Oriente,2025-03-21,2025,2025-03,0,96,9
185450,G01,Oriente,2025-03-22,2025,2025-03,0,96,9
185450,G01,Oriente,2025-03-23,2025,2025-03,0,96,9
185450,G01,Oriente,2025-03-24,2025,2025-03,0,96,9
185450,G01,Oriente,2025-03-25,2025,2025-03,0,96,9
185450,G01,Oriente,2025-03-26,2025,2025-03,0,96,9
185450,G01,Oriente,2025-03-27,2025,2025-03,0,96,9
185450,G01,Oriente,2025-03-28,2025,2025-03,0,96,9
185450,G01,Oriente,2025-03-29,2025,2025-03,0,96,9
185450,G01,Oriente,2025-03-30,2025,2025-03,0,96,9
185450,G01,Oriente,2025-03-31,2025,2025-03,0,96,9
185450,G01,Oriente,2025-04-01,2025,2025-04,0,96,9
185450,G01,Oriente,2025-04-02,2025,2025-04,8.4,96,17.4
185450,G01,Oriente,2025-04-03,2025,2025-04,2,96,19.4
185450,G01,Oriente,2025-04-04,2025,2025-04,0,96,19.4
185450,G01,Oriente,2025-04-05,2025,2025-04,0,96,19.4
185450,G01,Oriente,2025-04-06,2025,2025-04,0,96,19.4
185450,G01,Oriente,2025-04-07,2025,2025-04,6.2,96,25.6
185450,G01,Oriente,2025-04-08,2025,2025-04,1.2,96,26.8
185450,G01,Oriente,2025-04-09,2025,2025-04,0,96,26.8
185450,G01,Oriente,2025-04-10,2025,2025-04,0,96,26.8
185450,G01,Oriente,2025-04-11,2025,2025-04,0,96,26.8
185450,G01,Oriente,2025-04-12,2025,2025-04,0,96,26.8
185450,G01,Oriente,2025-04-13,2025,2025-04,0,96,26.8
185450,G01,Oriente,2025-04-14,2025,2025-04,0,96,26.8
185450,G01,Oriente,2025-04-15,2025,2025-04,0,96,26.8
185450,G01,Oriente,2025-04-16,2025,2025-04,0,96,26.8
185450,G01,Oriente,2025-04-17,2025,2025-04,2.4,95,29.2
185450,G01,Oriente,2025-04-18,2025,2025-04,3.6,96,32.8
185450,G01,Oriente,2025-04-19,2025,2025-04,4.6,96,37.4
185450,G01,Oriente,2025-04-20,2025,2025-04,0,96,37.4
185450,G01,Oriente,2025-04-21,2025,2025-04,0,96,37.4
185450,G01,Oriente,2025-04-22,2025,2025-04,0,96,37.4
185450,G01,Oriente,2025-04-23,2025,2025-04,0,96,37.4
185450,G01,Oriente,2025-04-24,2025,2025-04,38.6,96,76
185450,G01,Oriente,2025-04-25,2025,2025-04,12.8,96,88.8
185450,G01,Oriente,2025-04-26,2025,2025-04,0,96,88.8
185450,G01,Oriente,2025-04-27,2025,2025-04,0,96,88.8
185450,G01,Oriente,2025-04-28,2025,2025-04,0,96,88.8
185450,G01,Oriente,2025-04-29,2025,2025-04,0,96,88.8
185450,G01,Oriente,2025-04-30,2025,2025-04,0,96,88.8
185450,G01,Oriente,2025-05-01,2025,2025-05,0,96,88.8
185450,G01,Oriente,2025-05-02,2025,2025-05,0,96,88.8
185450,G01,Oriente,2025-05-03,2025,2025-05,72.6,96,161.4
185450,G01,Oriente,2025-05-04,2025,2025-05,54.2,96,215.6
185450,G01,Oriente,2025-05-05,2025,2025-05,1.4,95,217
185450,G01,Oriente,2025-05-06,2025,2025-05,0,96,217
185450,G01,Oriente,2025-05-07,2025,2025-05,0,96,217
185450,G01,Oriente,2025-05-08,2025,2025-05,0,96,217
185450,G01,Oriente,2025-05-09,2025,2025-05,2.2,96,219.2
185450,G01,Oriente,2025-05-10,2025,2025-05,0,96,219.2
185450,G01,Oriente,2025-05-11,2025,2025-05,0,96,219.2
185450,G01,Oriente,2025-05-12,2025,2025-05,0,96,219.2
185450,G01,Oriente,2025-05-13,2025,2025-05,0,96,219.2
185450,G01,Oriente,2025-05-14,2025,2025-05,41,96,260.2
185450,G01,Oriente,2025-05-15,2025,2025-05,0.6,96,260.8
185450,G01,Oriente,2025-05-16,2025,2025-05,8.6,96,269.4
185450,G01,Oriente,2025-05-17,2025,2025-05,4.2,96,273.6
185450,G01,Oriente,2025-05-18,2025,2025-05,0.8,96,274.4
185450,G01,Oriente,2025-05-19,2025,2025-05,9.8,96,284.2
185450,G01,Oriente,2025-05-20,2025,2025-05,5.4,96,289.6
185450,G01,Oriente,2025-05-21,2025,2025-05,42.2,96,331.8
185450,G01,Oriente,2025-05-22,2025,2025-05,0.4,96,332.2
185450,G01,Oriente,2025-05-23,2025,2025-05,0,96,332.2
185450,G01,Oriente,2025-05-24,2025,2025-05,0,96,332.2
185450,G01,Oriente,2025-05-25,2025,2025-05,12.8,96,345
185450,G01,Oriente,2025-05-26,2025,2025-05,3,96,348
185450,G01,Oriente,2025-05-27,2025,2025-05,4,96,352
185450,G01,Oriente,2025-05-28,2025,2025-05,0.4,96,352.4
185450,G01,Oriente,2025-05-29,2025,2025-05,0,96,352.4
185450,G01,Oriente,2025-05-30,2025,2025-05,0.2,96,352.6
185450,G01,Oriente,2025-05-31,2025,2025-05,0,96,352.6
185450,G01,Oriente,2025-06-01,2025,2025-06,15.6,96,368.2
185450,G01,Oriente,2025-06-02,2025,2025-06,0,96,368.2
185450,G01,Oriente,2025-06-03,2025,2025-06,0,96,368.2
185450,G01,Oriente,2025-06-04,2025,2025-06,0,96,368.2
185450,G01,Oriente,2025-06-05,2025,2025-06,0,96,368.2
185450,G01,Oriente,2025-06-06,2025,2025-06,11.8,96,380
185450,G01,Oriente,2025-06-07,2025,2025-06,6.8,96,386.8
185450,G01,Oriente,2025-06-08,2025,2025-06,0,96,386.8
185450,G01,Oriente,2025-06-09,2025,2025-06,0,96,386.8
185450,G01,Oriente,2025-06-10,2025,2025-06,19.8,96,406.6
185450,G01,Oriente,2025-06-11,2025,2025-06,0.6,96,407.2
185450,G01,Oriente,2025-06-12,2025,2025-06,6,96,413.2
185450,G01,Oriente,2025-06-13,2025,2025-06,8.2,96,421.4
185450,G01,Oriente,2025-06-14,2025,2025-06,0.4,96,421.8
185450,G01,Oriente,2025-06-15,2025,2025-06,0,96,421.8
185450,G01,Oriente,2025-06-16,2025,2025-06,0,96,421.8
185450,G01,Oriente,2025-06-17,2025,2025-06,0,96,421.8
185450,G01,Oriente,2025-06-18,2025,2025-06,0,96,421.8
185450,G01,Oriente,2025-06-19,2025,2025-06,14.2,96,436
185450,G01,Oriente,2025-06-20,2025,2025-06,18,96,454
185450,G01,Oriente,2025-06-21,2025,2025-06,22.6,96,476.6
185450,G01,Oriente,2025-06-22,2025,2025-06,3.8,96,480.4
185450,G01,Oriente,2025-06-23,2025,2025-06,11,96,491.4
185450,G01,Oriente,2025-06-24,2025,2025-06,4.2,96,495.6
185450,G01,Oriente,2025-06-25,2025,2025-06,0.2,96,495.8
185450,G01,Oriente,2025-06-26,2025,2025-06,8.6,96,504.4
185450,G01,Oriente,2025-06-27,2025,2025-06,0,96,504.4
185450,G01,Oriente,2025-06-28,2025,2025-06,0,96,504.4
185450,G01,Oriente,2025-06-29,2025,2025-06,13.4,96,517.8
185450,G01,Oriente,2025-06-30,2025,2025-06,3.6,96,521.4
185450,G01,Oriente,2025-07-01,2025,2025-07,0,96,521.4
185450,G01,Oriente,2025-07-02,2025,2025-07,8,96,529.4
185450,G01,Oriente,2025-07-03,2025,2025-07,25,96,554.4
185450,G01,Oriente,2025-07-04,2025,2025-07,8.2,96,562.6
185450,G01,Oriente,2025-07-05,2025,2025-07,0,96,562.6
185450,G01,Oriente,2025-07-06,2025,2025-07,0,96,562.6
185450,G01,Oriente,2025-07-07,2025,2025-07,0,96,562.6
185450,G01,Oriente,2025-07-08,2025,2025-07,6.2,96,568.8
185450,G01,Oriente,2025-07-09,2025,2025-07,0.8,96,569.6
185450,G01,Oriente,2025-07-10,2025,2025-07,6,96,575.6
185450,G01,Oriente,2025-07-11,2025,2025-07,27.4,96,603
185450,G01,Oriente,2025-07-12,2025,2025-07,31.8,96,634.8
185450,G01,Oriente,2025-07-13,2025,2025-07,0,96,634.8
185450,G01,Oriente,2025-07-14,2025,2025-07,0,96,634.8
185450,G01,Oriente,2025-07-15,2025,2025-07,0,96,634.8
185450,G01,Oriente,2025-07-16,2025,2025-07,0,95,634.8
185450,G01,Oriente,2025-07-17,2025,2025-07,0,96,634.8
185450,G01,Oriente,2025-07-18,2025,2025-07,0.4,96,635.2
185450,G01,Oriente,2025-07-19,2025,2025-07,3,96,638.2
185450,G01,Oriente,2025-07-20,2025,2025-07,38.6,96,676.8
185450,G01,Oriente,2025-07-21,2025,2025-07,7.6,96,684.4
185450,G01,Oriente,2025-07-22,2025,2025-07,1.4,96,685.8
185450,G01,Oriente,2025-07-23,2025,2025-07,10,96,695.8
185450,G01,Oriente,2025-07-24,2025,2025-07,55.8,96,751.6
185450,G01,Oriente,2025-07-25,2025,2025-07,0,96,751.6
185450,G01,Oriente,2025-07-26,2025,2025-07,0,96,751.6
185450,G01,Oriente,2025-07-27,2025,2025-07,1,96,752.6
185450,G01,Oriente,2025-07-28,2025,2025-07,0,96,752.6
185450,G01,Oriente,2025-07-29,2025,2025-07,0,96,752.6
185450,G01,Oriente,2025-07-30,2025,2025-07,3.8,96,756.4
185450,G01,Oriente,2025-07-31,2025,2025-07,6,96,762.4
185450,G01,Oriente,2025-08-01,2025,2025-08,0,96,762.4
185450,G01,Oriente,2025-08-02,2025,2025-08,2.2,96,764.6
185450,G01,Oriente,2025-08-03,2025,2025-08,13.8,96,778.4
185450,G01,Oriente,2025-08-04,2025,2025-08,0.2,96,778.6
185450,G01,Oriente,2025-08-05,2025,2025-08,1.8,96,780.4
185450,G01,Oriente,2025-08-06,2025,2025-08,0.2,96,780.6
185450,G01,Oriente,2025-08-07,2025,2025-08,6.2,96,786.8
185450,G01,Oriente,2025-08-08,2025,2025-08,0.6,96,787.4
185450,G01,Oriente,2025-08-09,2025,2025-08,0.4,96,787.8
185450,G01,Oriente,2025-08-10,2025,2025-08,2.8,96,790.6
185450,G01,Oriente,2025-08-11,2025,2025-08,9,96,799.6
185450,G01,Oriente,2025-08-12,2025,2025-08,0.2,96,799.8
185450,G01,Oriente,2025-08-13,2025,2025-08,0,96,799.8
185450,G01,Oriente,2025-08-14,2025,2025-08,0.6,96,800.4
185450,G01,Oriente,2025-08-15,2025,2025-08,53.6,96,854
185450,G01,Oriente,2025-08-16,2025,2025-08,0,96,854
185450,G01,Oriente,2025-08-17,2025,2025-08,1,96,855
185450,G01,Oriente,2025-08-18,2025,2025-08,8.8,96,863.8
185450,G01,Oriente,2025-08-19,2025,2025-08,25.4,96,889.2
185450,G01,Oriente,2025-08-20,2025,2025-08,0,96,889.2
185450,G01,Oriente,2025-08-21,2025,2025-08,0,96,889.2
185450,G01,Oriente,2025-08-22,2025,2025-08,0.4,96,889.6
185450,G01,Oriente,2025-08-23,2025,2025-08,0,96,889.6
185450,G01,Oriente,2025-08-24,2025,2025-08,0,96,889.6
185450,G01,Oriente,2025-08-25,2025,2025-08,4,96,893.6
185450,G01,Oriente,2025-08-26,2025,2025-08,4.4,96,898
185450,G01,Oriente,2025-08-27,2025,2025-08,44.4,96,942.4
185450,G01,Oriente,2025-08-28,2025,2025-08,0,96,942.4
185450,G01,Oriente,2025-08-29,2025,2025-08,0,96,942.4
185450,G01,Oriente,2025-08-30,2025,2025-08,0.2,96,942.6
185450,G01,Oriente,2025-08-31,2025,2025-08,0,96,942.6
185450,G01,Oriente,2025-09-01,2025,2025-09,0,96,942.6
185450,G01,Oriente,2025-09-02,2025,2025-09,6.8,96,949.4
185450,G01,Oriente,2025-09-03,2025,2025-09,0,96,949.4
185450,G01,Oriente,2025-09-04,2025,2025-09,0,96,949.4
185450,G01,Oriente,2025-09-05,2025,2025-09,19,96,968.4
185450,G01,Oriente,2025-09-06,2025,2025-09,7.2,96,975.6
185450,G01,Oriente,2025-09-07,2025,2025-09,0.4,96,976
185450,G01,Oriente,2025-09-08,2025,2025-09,15.8,96,991.8
185450,G01,Oriente,2025-09-09,2025,2025-09,0,96,991.8
185450,G01,Oriente,2025-09-10,2025,2025-09,0,96,991.8
185450,G01,Oriente,2025-09-11,2025,2025-09,8.4,96,1000.2
185450,G01,Oriente,2025-09-12,2025,2025-09,2.8,96,1003
185450,G01,Oriente,2025-09-13,2025,2025-09,0,96,1003
185450,G01,Oriente,2025-09-14,2025,2025-09,1.8,96,1004.8
185450,G01,Oriente,2025-09-15,2025,2025-09,0.2,95,1005
185450,G01,Oriente,2025-09-16,2025,2025-09,0,96,1005
185450,G01,Oriente,2025-09-17,2025,2025-09,0,96,1005
185450,G01,Oriente,2025-09-18,2025,2025-09,36,96,1041
185450,G01,Oriente,2025-09-19,2025,2025-09,0,96,1041
185450,G01,Oriente,2025-09-20,2025,2025-09,0,96,1041
185450,G01,Oriente,2025-09-21,2025,2025-09,0.2,96,1041.2
185450,G01,Oriente,2025-09-22,2025,2025-09,2.8,96,1044
185450,G01,Oriente,2025-09-23,2025,2025-09,0,96,1044
185450,G01,Oriente,2025-09-24,2025,2025-09,0.2,96,1044.2
185450,G01,Oriente,2025-09-25,2025,2025-09,0,96,1044.2
185450,G01,Oriente,2025-09-26,2025,2025-09,0,96,1044.2
185450,G01,Oriente,2025-09-27,2025,2025-09,4.8,96,1049
185450,G01,Oriente,2025-09-28,2025,2025-09,2,96,1051
185450,G01,Oriente,2025-09-29,2025,2025-09,2.4,96,1053.4
185450,G01,Oriente,2025-09-30,2025,2025-09,1.2,96,1054.6
185450,G01,Oriente,2025-10-01,2025,2025-10,0,96,1054.6
185450,G01,Oriente,2025-10-02,2025,2025-10,0,96,1054.6
185450,G01,Oriente,2025-10-03,2025,2025-10,0,96,1054.6
185450,G01,Oriente,2025-10-04,2025,2025-10,0,96,1054.6
185450,G01,Oriente,2025-10-05,2025,2025-10,37.2,96,1091.8
185450,G01,Oriente,2025-10-06,2025,2025-10,0,96,1091.8
185450,G01,Oriente,2025-10-07,2025,2025-10,0,96,1091.8
185450,G01,Oriente,2025-10-08,2025,2025-10,0,96,1091.8
185450,G01,Oriente,2025-10-09,2025,2025-10,0,96,1091.8
185450,G01,Oriente,2025-10-10,2025,2025-10,0,96,1091.8
185450,G01,Oriente,2025-10-11,2025,2025-10,0,96,1091.8
185450,G01,Oriente,2025-10-12,2025,2025-10,0,96,1091.8
185450,G01,Oriente,2025-10-13,2025,2025-10,0,96,1091.8
185450,G01,Oriente,2025-10-14,2025,2025-10,0,96,1091.8
185450,G01,Oriente,2025-10-15,2025,2025-10,26.2,96,1118
185450,G01,Oriente,2025-10-16,2025,2025-10,0,96,1118
185450,G01,Oriente,2025-10-17,2025,2025-10,0,96,1118
185450,G01,Oriente,2025-10-18,2025,2025-10,0,96,1118
185450,G01,Oriente,2025-10-19,2025,2025-10,1.2,96,1119.2
185450,G01,Oriente,2025-10-20,2025,2025-10,3.4,96,1122.6
185450,G01,Oriente,2025-10-21,2025,2025-10,0,96,1122.6
185450,G01,Oriente,2025-10-22,2025,2025-10,0,96,1122.6
185450,G01,Oriente,2025-10-23,2025,2025-10,1.2,96,1123.8
185450,G01,Oriente,2025-10-24,2025,2025-10,0.4,96,1124.2
185450,G01,Oriente,2025-10-25,2025,2025-10,0,96,1124.2
185450,G01,Oriente,2025-10-26,2025,2025-10,0,96,1124.2
185450,G01,Oriente,2025-10-27,2025,2025-10,0,96,1124.2
185450,G01,Oriente,2025-10-28,2025,2025-10,0,96,1124.2
185450,G01,Oriente,2025-10-29,2025,2025-10,0,96,1124.2
185450,G01,Oriente,2025-10-30,2025,2025-10,0,96,1124.2
185450,G01,Oriente,2025-10-31,2025,2025-10,0,96,1124.2
185450,G01,Oriente,2025-11-01,2025,2025-11,10,96,1134.2
185450,G01,Oriente,2025-11-02,2025,2025-11,9.8,96,1144
185450,G01,Oriente,2025-11-03,2025,2025-11,0,96,1144
185450,G01,Oriente,2025-11-04,2025,2025-11,0,96,1144
185450,G01,Oriente,2025-11-05,2025,2025-11,0.2,96,1144.2
185450,G01,Oriente,2025-11-06,2025,2025-11,0,96,1144.2
185450,G01,Oriente,2025-11-07,2025,2025-11,25.8,96,1170
185450,G01,Oriente,2025-11-08,2025,2025-11,1,96,1171
185450,G01,Oriente,2025-11-09,2025,2025-11,0.6,96,1171.6
185450,G01,Oriente,2025-11-10,2025,2025-11,0,96,1171.6
185450,G01,Oriente,2025-11-11,2025,2025-11,0,96,1171.6
185450,G01,Oriente,2025-11-12,2025,2025-11,4.8,96,1176.4
185450,G01,Oriente,2025-11-13,2025,2025-11,0,96,1176.4
185450,G01,Oriente,2025-11-14,2025,2025-11,0,96,1176.4
185450,G01,Oriente,2025-11-15,2025,2025-11,0,96,1176.4
185450,G01,Oriente,2025-11-16,2025,2025-11,0,96,1176.4
185450,G01,Oriente,2025-11-17,2025,2025-11,15.8,96,1192.2
185450,G01,Oriente,2025-11-18,2025,2025-11,0,96,1192.2
185450,G01,Oriente,2025-11-19,2025,2025-11,21.6,96,1213.8
185450,G01,Oriente,2025-11-20,2025,2025-11,3.4,96,1217.2
185450,G01,Oriente,2025-11-21,2025,2025-11,0,96,1217.2
185450,G01,Oriente,2025-11-22,2025,2025-11,0,96,1217.2
185450,G01,Oriente,2025-11-23,2025,2025-11,0,96,1217.2
185450,G01,Oriente,2025-11-24,2025,2025-11,15.8,96,1233
185450,G01,Oriente,2025-11-25,2025,2025-11,2.4,96,1235.4
185450,G01,Oriente,2025-11-26,2025,2025-11,11.6,96,1247
185450,G01,Oriente,2025-11-27,2025,2025-11,0,96,1247
185450,G01,Oriente,2025-11-28,2025,2025-11,13.6,96,1260.6
185450,G01,Oriente,2025-11-29,2025,2025-11,0,96,1260.6
185450,G01,Oriente,2025-11-30,2025,2025-11,0,96,1260.6
185450,G01,Oriente,2025-12-01,2025,2025-12,0,96,1260.6
185450,G01,Oriente,2025-12-02,2025,2025-12,0,96,1260.6
185450,G01,Oriente,2025-12-03,2025,2025-12,0,96,1260.6
185450,G01,Oriente,2025-12-04,2025,2025-12,0,96,1260.6
185450,G01,Oriente,2025-12-05,2025,2025-12,20.4,96,1281
185450,G01,Oriente,2025-12-06,2025,2025-12,19.8,96,1300.8
185450,G01,Oriente,2025-12-07,2025,2025-12,0.6,96,1301.4
185450,G01,Oriente,2025-12-08,2025,2025-12,3,96,1304.4
185450,G01,Oriente,2025-12-09,2025,2025-12,0,96,1304.4
185450,G01,Oriente,2025-12-10,2025,2025-12,12.6,96,1317
185450,G01,Oriente,2025-12-11,2025,2025-12,0,96,1317
185450,G01,Oriente,2025-12-12,2025,2025-12,10,96,1327
185450,G01,Oriente,2025-12-13,2025,2025-12,3.6,96,1330.6
185450,G01,Oriente,2025-12-14,2025,2025-12,0,96,1330.6
185450,G01,Oriente,2025-12-15,2025,2025-12,0,96,1330.6
185450,G01,Oriente,2025-12-16,2025,2025-12,0,96,1330.6
185450,G01,Oriente,2025-12-17,2025,2025-12,0,96,1330.6
185450,G01,Oriente,2025-12-18,2025,2025-12,0,96,1330.6
185450,G01,Oriente,2025-12-19,2025,2025-12,0,96,1330.6
185450,G01,Oriente,2025-12-20,2025,2025-12,0,96,1330.6
185450,G01,Oriente,2025-12-21,2025,2025-12,0,96,1330.6
185450,G01,Oriente,2025-12-22,2025,2025-12,0,96,1330.6
185450,G01,Oriente,2025-12-23,2025,2025-12,0,96,1330.6
185450,G01,Oriente,2025-12-24,2025,2025-12,0,96,1330.6
185450,G01,Oriente,2025-12-25,2025,2025-12,0,96,1330.6
185450,G01,Oriente,2025-12-26,2025,2025-12,0,96,1330.6
185450,G01,Oriente,2025-12-27,2025,2025-12,0,96,1330.6
185450,G01,Oriente,2025-12-28,2025,2025-12,0,96,1330.6
185450,G01,Oriente,2025-12-29,2025,2025-12,0,96,1330.6
185450,G01,Oriente,2025-12-30,2025,2025-12,0,96,1330.6
185450,G01,Oriente,2025-12-31,2025,2025-12,0,96,1330.6
185450,G01,Oriente,2026-01-01,2026,2026-01,0,96,0
185450,G01,Oriente,2026-01-02,2026,2026-01,0,96,0
185450,G01,Oriente,2026-01-03,2026,2026-01,0,96,0
185450,G01,Oriente,2026-01-04,2026,2026-01,0,96,0
185450,G01,Oriente,2026-01-05,2026,2026-01,0,96,0
185450,G01,Oriente,2026-01-06,2026,2026-01,0,96,0
185450,G01,Oriente,2026-01-07,2026,2026-01,0,96,0
185450,G01,Oriente,2026-01-08,2026,2026-01,0,96,0
185450,G01,Oriente,2026-01-09,2026,2026-01,0,96,0
185450,G01,Oriente,2026-01-10,2026,2026-01,0,96,0
185450,G01,Oriente,2026-01-11,2026,2026-01,0,96,0
185450,G01,Oriente,2026-01-12,2026,2026-01,0,96,0
185450,G01,Oriente,2026-01-13,2026,2026-01,0,96,0
185450,G01,Oriente,2026-01-14,2026,2026-01,2.2,96,2.2
185450,G01,Oriente,2026-01-15,2026,2026-01,0.2,96,2.4
185450,G01,Oriente,2026-01-16,2026,2026-01,3.2,96,5.6
185450,G01,Oriente,2026-01-17,2026,2026-01,0,96,5.6
185450,G01,Oriente,2026-01-18,2026,2026-01,0,96,5.6
185450,G01,Oriente,2026-01-19,2026,2026-01,0,96,5.6
185450,G01,Oriente,2026-01-20,2026,2026-01,0,96,5.6
185450,G01,Oriente,2026-01-21,2026,2026-01,0,96,5.6
185450,G01,Oriente,2026-01-22,2026,2026-01,0,96,5.6
185450,G01,Oriente,2026-01-23,2026,2026-01,0,96,5.6
185450,G01,Oriente,2026-01-24,2026,2026-01,0,96,5.6
185450,G01,Oriente,2026-01-25,2026,2026-01,0,96,5.6
185450,G01,Oriente,2026-01-26,2026,2026-01,5.4,96,11
185450,G01,Oriente,2026-01-27,2026,2026-01,0.4,96,11.4
185450,G01,Oriente,2026-01-28,2026,2026-01,0,96,11.4
185450,G01,Oriente,2026-01-29,2026,2026-01,0,96,11.4
185450,G01,Oriente,2026-01-30,2026,2026-01,4,96,15.4
185450,G01,Oriente,2026-01-31,2026,2026-01,0,96,15.4
185450,G01,Oriente,2026-02-01,2026,2026-02,0,96,15.4
185450,G01,Oriente,2026-02-02,2026,2026-02,0,96,15.4
185450,G01,Oriente,2026-02-03,2026,2026-02,0,95,15.4
185450,G01,Oriente,2026-02-04,2026,2026-02,0,96,15.4
185450,G01,Oriente,2026-02-05,2026,2026-02,0,96,15.4
185450,G01,Oriente,2026-02-06,2026,2026-02,0,96,15.4
185450,G01,Oriente,2026-02-07,2026,2026-02,0,96,15.4
185450,G01,Oriente,2026-02-08,2026,2026-02,0,96,15.4
185450,G01,Oriente,2026-02-09,2026,2026-02,0,96,15.4
185450,G01,Oriente,2026-02-10,2026,2026-02,0,96,15.4
185450,G01,Oriente,2026-02-11,2026,2026-02,0,96,15.4
185450,G01,Oriente,2026-02-12,2026,2026-02,0,96,15.4
185450,G01,Oriente,2026-02-13,2026,2026-02,0,96,15.4
185450,G01,Oriente,2026-02-14,2026,2026-02,0,96,15.4
185450,G01,Oriente,2026-02-15,2026,2026-02,0,96,15.4
185450,G01,Oriente,2026-02-16,2026,2026-02,0,96,15.4
185450,G01,Oriente,2026-02-17,2026,2026-02,0,96,15.4
185450,G01,Oriente,2026-02-18,2026,2026-02,0,96,15.4
185450,G01,Oriente,2026-02-19,2026,2026-02,0,96,15.4
185450,G01,Oriente,2026-02-20,2026,2026-02,0,96,15.4
185450,G01,Oriente,2026-02-21,2026,2026-02,0,96,15.4
185450,G01,Oriente,2026-02-22,2026,2026-02,0,96,15.4
185450,G01,Oriente,2026-02-23,2026,2026-02,0,96,15.4
185450,G01,Oriente,2026-02-24,2026,2026-02,0,96,15.4
185450,G01,Oriente,2026-02-25,2026,2026-02,0,96,15.4
185450,G01,Oriente,2026-02-26,2026,2026-02,0,96,15.4
185450,G01,Oriente,2026-02-27,2026,2026-02,0,96,15.4
185450,G01,Oriente,2026-02-28,2026,2026-02,0,96,15.4
185450,G01,Oriente,2026-03-01,2026,2026-03,0,96,15.4
185450,G01,Oriente,2026-03-02,2026,2026-03,0,96,15.4
185450,G01,Oriente,2026-03-03,2026,2026-03,0,95,15.4
185450,G01,Oriente,2026-03-04,2026,2026-03,0,96,15.4
185450,G01,Oriente,2026-03-05,2026,2026-03,0,96,15.4
185450,G01,Oriente,2026-03-06,2026,2026-03,0,96,15.4
185450,G01,Oriente,2026-03-07,2026,2026-03,0,95,15.4
185450,G01,Oriente,2026-03-08,2026,2026-03,0,96,15.4
185450,G01,Oriente,2026-03-09,2026,2026-03,0,96,15.4
185450,G01,Oriente,2026-03-10,2026,2026-03,0,96,15.4
185450,G01,Oriente,2026-03-11,2026,2026-03,0,96,15.4
185450,G01,Oriente,2026-03-12,2026,2026-03,0,96,15.4
185450,G01,Oriente,2026-03-13,2026,2026-03,0,96,15.4
185450,G01,Oriente,2026-03-14,2026,2026-03,0,96,15.4
185450,G01,Oriente,2026-03-15,2026,2026-03,0,96,15.4
185450,G01,Oriente,2026-03-16,2026,2026-03,0,96,15.4
185450,G01,Oriente,2026-03-17,2026,2026-03,0,96,15.4
185450,G01,Oriente,2026-03-18,2026,2026-03,0,96,15.4
185450,G01,Oriente,2026-03-19,2026,2026-03,0,96,15.4
185450,G01,Oriente,2026-03-20,2026,2026-03,0,96,15.4
185450,G01,Oriente,2026-03-21,2026,2026-03,0,96,15.4
185450,G01,Oriente,2026-03-22,2026,2026-03,0,96,15.4
185450,G01,Oriente,2026-03-23,2026,2026-03,0,96,15.4
185450,G01,Oriente,2026-03-24,2026,2026-03,0,96,15.4
185450,G01,Oriente,2026-03-25,2026,2026-03,0,96,15.4
185450,G01,Oriente,2026-03-26,2026,2026-03,0,96,15.4
185450,G01,Oriente,2026-03-27,2026,2026-03,0,96,15.4
185450,G01,Oriente,2026-03-28,2026,2026-03,0,96,15.4
185450,G01,Oriente,2026-03-29,2026,2026-03,0,96,15.4
185450,G01,Oriente,2026-03-30,2026,2026-03,0,96,15.4
185450,G01,Oriente,2026-03-31,2026,2026-03,0,96,15.4
185450,G01,Oriente,2026-04-01,2026,2026-04,0,96,15.4
185450,G01,Oriente,2026-04-02,2026,2026-04,0,96,15.4
185450,G01,Oriente,2026-04-03,2026,2026-04,0,96,15.4
185450,G01,Oriente,2026-04-04,2026,2026-04,0,96,15.4
185450,G01,Oriente,2026-04-05,2026,2026-04,0,96,15.4
185450,G01,Oriente,2026-04-06,2026,2026-04,0,96,15.4
185450,G01,Oriente,2026-04-07,2026,2026-04,0,96,15.4
185450,G01,Oriente,2026-04-08,2026,2026-04,0,96,15.4
185450,G01,Oriente,2026-04-09,2026,2026-04,0,96,15.4
185450,G01,Oriente,2026-04-10,2026,2026-04,0,96,15.4
185450,G01,Oriente,2026-04-11,2026,2026-04,0,95,15.4
185450,G01,Oriente,2026-04-12,2026,2026-04,0,96,15.4
185450,G01,Oriente,2026-04-13,2026,2026-04,0,96,15.4
185450,G01,Oriente,2026-04-14,2026,2026-04,0,96,15.4
185450,G01,Oriente,2026-04-15,2026,2026-04,0,96,15.4
185450,G01,Oriente,2026-04-16,2026,2026-04,0,96,15.4
185450,G01,Oriente,2026-04-17,2026,2026-04,10.4,96,25.8
185450,G01,Oriente,2026-04-18,2026,2026-04,0,96,25.8
185450,G01,Oriente,2026-04-19,2026,2026-04,0,96,25.8
185450,G01,Oriente,2026-04-20,2026,2026-04,0,96,25.8
185450,G01,Oriente,2026-04-21,2026,2026-04,0,96,25.8
185450,G01,Oriente,2026-04-22,2026,2026-04,0,96,25.8
185450,G01,Oriente,2026-04-23,2026,2026-04,0,96,25.8
185450,G01,Oriente,2026-04-24,2026,2026-04,0,96,25.8
185450,G01,Oriente,2026-04-25,2026,2026-04,9.2,96,35
185450,G01,Oriente,2026-04-26,2026,2026-04,0.8,96,35.8
185450,G01,Oriente,2026-04-27,2026,2026-04,6.6,95,42.4
185450,G01,Oriente,2026-04-28,2026,2026-04,0,96,42.4
185450,G01,Oriente,2026-04-29,2026,2026-04,0,96,42.4
185450,G01,Oriente,2026-04-30,2026,2026-04,0,96,42.4
185450,G01,Oriente,2026-05-01,2026,2026-05,0,96,42.4
185450,G01,Oriente,2026-05-02,2026,2026-05,0,96,42.4
185450,G01,Oriente,2026-05-03,2026,2026-05,0,96,42.4
185450,G01,Oriente,2026-05-04,2026,2026-05,0,96,42.4
185450,G01,Oriente,2026-05-05,2026,2026-05,0,96,42.4
185450,G01,Oriente,2026-05-06,2026,2026-05,0,96,42.4
185450,G01,Oriente,2026-05-07,2026,2026-05,0,96,42.4
185450,G01,Oriente,2026-05-08,2026,2026-05,0,96,42.4
185450,G01,Oriente,2026-05-09,2026,2026-05,0,96,42.4
185450,G01,Oriente,2026-05-10,2026,2026-05,0,96,42.4
185450,G01,Oriente,2026-05-11,2026,2026-05,0,96,42.4
185450,G01,Oriente,2026-05-12,2026,2026-05,0,96,42.4
185450,G01,Oriente,2026-05-13,2026,2026-05,0,96,42.4
185450,G01,Oriente,2026-05-14,2026,2026-05,0,96,42.4
185450,G01,Oriente,2026-05-15,2026,2026-05,0,96,42.4
185450,G01,Oriente,2026-05-16,2026,2026-05,7.6,96,50
185450,G01,Oriente,2026-05-17,2026,2026-05,0,96,50
185450,G01,Oriente,2026-05-18,2026,2026-05,0,96,50
185450,G01,Oriente,2026-05-19,2026,2026-05,0,96,50
185450,G01,Oriente,2026-05-20,2026,2026-05,0,96,50
185450,G01,Oriente,2026-05-21,2026,2026-05,1,96,51
185450,G01,Oriente,2026-05-22,2026,2026-05,1.6,96,52.6
185450,G01,Oriente,2026-05-23,2026,2026-05,14.4,96,67
185450,G01,Oriente,2026-05-24,2026,2026-05,0,96,67
185450,G01,Oriente,2026-05-25,2026,2026-05,39.8,95,106.8
185450,G01,Oriente,2026-05-26,2026,2026-05,0,96,106.8
185450,G01,Oriente,2026-05-27,2026,2026-05,0,95,106.8
185450,G01,Oriente,2026-05-28,2026,2026-05,0,96,106.8
185450,G01,Oriente,2026-05-29,2026,2026-05,0,96,106.8
185450,G01,Oriente,2026-05-30,2026,2026-05,0,96,106.8
185450,G01,Oriente,2026-05-31,2026,2026-05,0,96,106.8
185450,G01,Oriente,2026-06-01,2026,2026-06,0,96,106.8
185450,G01,Oriente,2026-06-02,2026,2026-06,0,96,106.8
185450,G01,Oriente,2026-06-03,2026,2026-06,0,96,106.8
185450,G01,Oriente,2026-06-04,2026,2026-06,0,96,106.8
185450,G01,Oriente,2026-06-05,2026,2026-06,0,95,106.8
185450,G01,Oriente,2026-06-06,2026,2026-06,0,96,106.8
185450,G01,Oriente,2026-06-07,2026,2026-06,0,96,106.8
185450,G01,Oriente,2026-06-08,2026,2026-06,0,96,106.8
185450,G01,Oriente,2026-06-09,2026,2026-06,0,96,106.8
185450,G01,Oriente,2026-06-10,2026,2026-06,0,96,106.8
185450,G01,Oriente,2026-06-11,2026,2026-06,0,96,106.8
185450,G01,Oriente,2026-06-12,2026,2026-06,0,96,106.8
185450,G01,Oriente,2026-06-13,2026,2026-06,0,96,106.8
185450,G01,Oriente,2026-06-14,2026,2026-06,0,96,106.8
185450,G01,Oriente,2026-06-15,2026,2026-06,0,96,106.8
185450,G01,Oriente,2026-06-16,2026,2026-06,0,96,106.8
185450,G01,Oriente,2026-06-17,2026,2026-06,0,96,106.8
185450,G01,Oriente,2026-06-18,2026,2026-06,0,96,106.8
185450,G01,Oriente,2026-06-19,2026,2026-06,0,96,106.8
185450,G01,Oriente,2026-06-20,2026,2026-06,12.2,96,119
185450,G01,Oriente,2026-06-21,2026,2026-06,4.4,95,123.4
185450,G01,Oriente,2026-06-22,2026,2026-06,0,96,123.4
185450,G01,Oriente,2026-06-23,2026,2026-06,0,96,123.4
185450,G01,Oriente,2026-06-24,2026,2026-06,14,96,137.4
185450,G01,Oriente,2026-06-25,2026,2026-06,0.2,96,137.6
185450,G01,Oriente,2026-06-26,2026,2026-06,0,96,137.6
185450,G01,Oriente,2026-06-27,2026,2026-06,0,96,137.6
185450,G01,Oriente,2026-06-28,2026,2026-06,21,96,158.6
185450,G01,Oriente,2026-06-29,2026,2026-06,8.2,96,166.8
185450,G01,Oriente,2026-06-30,2026,2026-06,15.8,96,182.6
185450,G01,Oriente,2026-07-01,2026,2026-07,6.4,96,189
185450,G01,Oriente,2026-07-02,2026,2026-07,0,96,189
185450,G01,Oriente,2026-07-03,2026,2026-07,3,96,192
185450,G01,Oriente,2026-07-04,2026,2026-07,1.8,96,193.8
185450,G01,Oriente,2026-07-05,2026,2026-07,34.8,96,228.6
185450,G01,Oriente,2026-07-06,2026,2026-07,1.8,96,230.4
185450,G01,Oriente,2026-07-07,2026,2026-07,0.4,96,230.8
185450,G01,Oriente,2026-07-08,2026,2026-07,5.4,96,236.2
185450,G01,Oriente,2026-07-09,2026,2026-07,0,96,236.2
185450,G01,Oriente,2026-07-10,2026,2026-07,7.4,95,243.6
185450,G01,Oriente,2026-07-11,2026,2026-07,0,96,243.6
185450,G01,Oriente,2026-07-12,2026,2026-07,18.2,96,261.8
185450,G01,Oriente,2026-07-13,2026,2026-07,0.4,95,262.2
185450,G01,Oriente,2026-07-14,2026,2026-07,0,96,262.2
185450,G01,Oriente,2026-07-15,2026,2026-07,2.2,96,264.4
185450,G01,Oriente,2026-07-16,2026,2026-07,0.8,96,265.2
185450,G01,Oriente,2026-07-17,2026,2026-07,1.6,96,266.8
185450,G01,Oriente,2026-07-18,2026,2026-07,12,96,278.8
185450,G01,Oriente,2026-07-19,2026,2026-07,0,96,278.8
185450,G01,Oriente,2026-07-20,2026,2026-07,2.6,96,281.4
185450,G01,Oriente,2026-07-21,2026,2026-07,0,96,281.4
185450,G01,Oriente,2026-07-22,2026,2026-07,0.4,96,281.8
185450,G01,Oriente,2026-07-23,2026,2026-07,0,96,281.8
185450,G01,Oriente,2026-07-24,2026,2026-07,0,96,281.8
185450,G01,Oriente,2026-07-25,2026,2026-07,6.4,96,288.2
185450,G01,Oriente,2026-07-26,2026,2026-07,0.2,96,288.4
185450,G01,Oriente,2026-07-27,2026,2026-07,0,96,288.4
185450,G01,Oriente,2026-07-28,2026,2026-07,3.6,96,292
185450,G01,Oriente,2026-07-29,2026,2026-07,26.8,96,318.8
185450,G01,Oriente,2026-07-30,2026,2026-07,2.2,96,321
185450,G01,Oriente,2026-07-31,2026,2026-07,6.8,96,327.8
185450,G01,Oriente,2026-08-01,2026,2026-08,0,96,327.8
185450,G01,Oriente,2026-08-02,2026,2026-08,0,85,327.8
186361,,,2024-05-19,2024,2024-05,0,30,0
186361,,,2024-05-20,2024,2024-05,1.52,96,1.52
186361,,,2024-05-21,2024,2024-05,0,96,1.52
186361,,,2024-05-22,2024,2024-05,0,96,1.52
186361,,,2024-05-23,2024,2024-05,23.37,96,24.89
186361,,,2024-05-24,2024,2024-05,0,96,24.89
186361,,,2024-05-25,2024,2024-05,0,96,24.89
186361,,,2024-05-26,2024,2024-05,19.54,96,44.43
186361,,,2024-05-27,2024,2024-05,5.32,96,49.75
186361,,,2024-05-28,2024,2024-05,21.34,96,71.09
186361,,,2024-05-29,2024,2024-05,0,96,71.09
186361,,,2024-05-30,2024,2024-05,11.16,96,82.25
186361,,,2024-05-31,2024,2024-05,65.53,96,147.78
186361,,,2024-06-01,2024,2024-06,1.01,96,148.79
186361,,,2024-06-02,2024,2024-06,25.64,96,174.43
186361,,,2024-06-03,2024,2024-06,0.25,96,174.68
186361,,,2024-06-04,2024,2024-06,15.21,96,189.89
186361,,,2024-06-05,2024,2024-06,25.2,96,215.09
186361,,,2024-06-06,2024,2024-06,0.4,96,215.49
186361,,,2024-06-07,2024,2024-06,0,96,215.49
186361,,,2024-06-08,2024,2024-06,0,96,215.49
186361,,,2024-06-09,2024,2024-06,18.8,96,234.29
186361,,,2024-06-10,2024,2024-06,0.4,96,234.69
186361,,,2024-06-11,2024,2024-06,0,96,234.69
186361,,,2024-06-12,2024,2024-06,0,96,234.69
186361,,,2024-06-13,2024,2024-06,0,96,234.69
186361,,,2024-06-14,2024,2024-06,3,96,237.69
186361,,,2024-06-15,2024,2024-06,2.4,96,240.09
186361,,,2024-06-16,2024,2024-06,1,96,241.09
186361,,,2024-06-17,2024,2024-06,30.2,96,271.29
186361,,,2024-06-18,2024,2024-06,28.6,96,299.89
186361,,,2024-06-19,2024,2024-06,0,96,299.89
186361,,,2024-06-20,2024,2024-06,0,96,299.89
186361,,,2024-06-21,2024,2024-06,2.6,96,302.49
186361,,,2024-06-22,2024,2024-06,7.4,96,309.89
186361,,,2024-06-23,2024,2024-06,7.2,96,317.09
186361,,,2024-06-24,2024,2024-06,0.8,96,317.89
186361,,,2024-06-25,2024,2024-06,2,96,319.89
186361,,,2024-06-26,2024,2024-06,0.6,96,320.49
186361,,,2024-06-27,2024,2024-06,0,96,320.49
186361,,,2024-06-28,2024,2024-06,0,96,320.49
186361,,,2024-06-29,2024,2024-06,27.4,96,347.89
186361,,,2024-06-30,2024,2024-06,3.4,96,351.29
186361,,,2024-07-01,2024,2024-07,0,96,351.29
186361,,,2024-07-02,2024,2024-07,35.8,96,387.09
186361,,,2024-07-03,2024,2024-07,9,96,396.09
186361,,,2024-07-04,2024,2024-07,2.6,96,398.69
186361,,,2024-07-05,2024,2024-07,7.6,96,406.29
186361,,,2024-07-06,2024,2024-07,23.2,96,429.49
186361,,,2024-07-07,2024,2024-07,15.2,96,444.69
186361,,,2024-07-08,2024,2024-07,0.4,96,445.09
186361,,,2024-07-09,2024,2024-07,18.8,96,463.89
186361,,,2024-07-10,2024,2024-07,0,96,463.89
186361,,,2024-07-11,2024,2024-07,0,96,463.89
186361,,,2024-07-12,2024,2024-07,0.6,96,464.49
186361,,,2024-07-13,2024,2024-07,0,96,464.49
186361,,,2024-07-14,2024,2024-07,0.8,96,465.29
186361,,,2024-07-15,2024,2024-07,39.8,96,505.09
186361,,,2024-07-16,2024,2024-07,22,96,527.09
186361,,,2024-07-17,2024,2024-07,2.4,96,529.49
186361,,,2024-07-18,2024,2024-07,0.2,96,529.69
186361,,,2024-07-19,2024,2024-07,0,96,529.69
186361,,,2024-07-20,2024,2024-07,0,96,529.69
186361,,,2024-07-21,2024,2024-07,1,96,530.69
186361,,,2024-07-22,2024,2024-07,40,96,570.69
186361,,,2024-07-23,2024,2024-07,4,96,574.69
186361,,,2024-07-24,2024,2024-07,3.8,96,578.49
186361,,,2024-07-25,2024,2024-07,0.2,96,578.69
186361,,,2024-07-26,2024,2024-07,10,96,588.69
186361,,,2024-07-27,2024,2024-07,0,96,588.69
186361,,,2024-07-28,2024,2024-07,0,96,588.69
186361,,,2024-07-29,2024,2024-07,7.8,96,596.49
186361,,,2024-07-30,2024,2024-07,0.2,96,596.69
186361,,,2024-07-31,2024,2024-07,9.6,96,606.29
186361,,,2024-08-01,2024,2024-08,16,96,622.29
186361,,,2024-08-02,2024,2024-08,0,94,622.29
186361,,,2024-08-03,2024,2024-08,0.2,96,622.49
186361,,,2024-08-04,2024,2024-08,0,94,622.49
186361,,,2024-08-05,2024,2024-08,43.6,96,666.09
186361,,,2024-08-06,2024,2024-08,7.6,95,673.69
186361,,,2024-08-07,2024,2024-08,0,95,673.69
186361,,,2024-08-08,2024,2024-08,0,96,673.69
186361,,,2024-08-09,2024,2024-08,0,96,673.69
186361,,,2024-08-10,2024,2024-08,0,95,673.69
186361,,,2024-08-11,2024,2024-08,0,94,673.69
186361,,,2024-08-12,2024,2024-08,0,95,673.69
186361,,,2024-08-13,2024,2024-08,6,93,679.69
186361,,,2024-08-14,2024,2024-08,1.4,94,681.09
186361,,,2024-08-15,2024,2024-08,0,95,681.09
186361,,,2024-08-16,2024,2024-08,1.2,95,682.29
186361,,,2024-08-17,2024,2024-08,7,95,689.29
186361,,,2024-08-18,2024,2024-08,0,94,689.29
186361,,,2024-08-19,2024,2024-08,0,95,689.29
186361,,,2024-08-20,2024,2024-08,0,95,689.29
186361,,,2024-08-21,2024,2024-08,0,93,689.29
186361,,,2024-08-22,2024,2024-08,0,96,689.29
186361,,,2024-08-23,2024,2024-08,0.2,96,689.49
186361,,,2024-08-24,2024,2024-08,0,95,689.49
186361,,,2024-08-25,2024,2024-08,0,94,689.49
186361,,,2024-08-26,2024,2024-08,14.4,95,703.89
186361,,,2024-08-27,2024,2024-08,6.6,96,710.49
186361,,,2024-08-28,2024,2024-08,0,96,710.49
186361,,,2024-08-29,2024,2024-08,0,96,710.49
186361,,,2024-08-30,2024,2024-08,0.2,96,710.69
186361,,,2024-08-31,2024,2024-08,0.4,96,711.09
186361,,,2024-09-01,2024,2024-09,0.2,96,711.29
186361,,,2024-09-02,2024,2024-09,0,78,711.29
186361,,,2024-09-03,2024,2024-09,0,95,711.29
186361,,,2024-09-04,2024,2024-09,0,96,711.29
186361,,,2024-09-05,2024,2024-09,0,96,711.29
186361,,,2024-09-06,2024,2024-09,0,66,711.29
186361,,,2024-09-07,2024,2024-09,0,96,711.29
186361,,,2024-09-08,2024,2024-09,0,94,711.29
186361,,,2024-09-09,2024,2024-09,0,96,711.29
186361,,,2024-09-10,2024,2024-09,0,96,711.29
186361,,,2024-09-11,2024,2024-09,0,77,711.29
186361,,,2024-09-12,2024,2024-09,0,86,711.29
186361,,,2024-09-13,2024,2024-09,0,96,711.29
186361,,,2024-09-14,2024,2024-09,0.4,96,711.69
186361,,,2024-09-15,2024,2024-09,0,88,711.69
186361,,,2024-09-16,2024,2024-09,0,94,711.69
186361,,,2024-09-17,2024,2024-09,0,90,711.69
186361,,,2024-09-18,2024,2024-09,0,90,711.69
186361,,,2024-09-19,2024,2024-09,0,92,711.69
186361,,,2024-09-20,2024,2024-09,0,92,711.69
186361,,,2024-09-21,2024,2024-09,0,93,711.69
186361,,,2024-09-22,2024,2024-09,0,96,711.69
186361,,,2024-09-23,2024,2024-09,0,95,711.69
186361,,,2024-09-24,2024,2024-09,0,96,711.69
186361,,,2024-09-25,2024,2024-09,0,81,711.69
186361,,,2024-09-26,2024,2024-09,0,59,711.69
186361,,,2024-09-27,2024,2024-09,0,82,711.69
186361,,,2024-09-28,2024,2024-09,0,53,711.69
186361,,,2024-09-29,2024,2024-09,0,88,711.69
186361,,,2024-09-30,2024,2024-09,0,96,711.69
186361,,,2024-10-01,2024,2024-10,0,96,711.69
186361,,,2024-10-02,2024,2024-10,0,73,711.69
186361,,,2024-10-03,2024,2024-10,0,72,711.69
186361,,,2024-10-04,2024,2024-10,0,96,711.69
186361,,,2024-10-05,2024,2024-10,0,96,711.69
186361,,,2024-10-06,2024,2024-10,0,96,711.69
186361,,,2024-10-07,2024,2024-10,0,95,711.69
186361,,,2024-10-08,2024,2024-10,0,93,711.69
186361,,,2024-10-09,2024,2024-10,0,96,711.69
186361,,,2024-10-10,2024,2024-10,0,74,711.69
186361,,,2025-06-21,2025,2025-06,0,6,0
186361,,,2025-06-22,2025,2025-06,7.6,96,7.6
186361,,,2025-06-23,2025,2025-06,0,96,7.6
186361,,,2025-06-24,2025,2025-06,5,96,12.6
186361,,,2025-06-25,2025,2025-06,0.8,96,13.4
186361,,,2025-06-26,2025,2025-06,0,96,13.4
186361,,,2025-06-27,2025,2025-06,0,96,13.4
186361,,,2025-06-28,2025,2025-06,0,96,13.4
186361,,,2025-06-29,2025,2025-06,36,96,49.4
186361,,,2025-06-30,2025,2025-06,0,96,49.4
186361,,,2025-07-01,2025,2025-07,0,96,49.4
186361,,,2025-07-02,2025,2025-07,2.6,96,52
186361,,,2025-07-03,2025,2025-07,3.6,96,55.6
186361,,,2025-07-04,2025,2025-07,28.4,96,84
186361,,,2025-07-05,2025,2025-07,0,96,84
186361,,,2025-07-06,2025,2025-07,0,96,84
186361,,,2025-07-07,2025,2025-07,0,96,84
186361,,,2025-07-08,2025,2025-07,0,96,84
186361,,,2025-07-09,2025,2025-07,0.2,96,84.2
186361,,,2025-07-10,2025,2025-07,0,96,84.2
186361,,,2025-07-11,2025,2025-07,3.4,96,87.6
186361,,,2025-07-12,2025,2025-07,27.4,96,115
186361,,,2025-07-13,2025,2025-07,0,96,115
186361,,,2025-07-14,2025,2025-07,0,96,115
186361,,,2025-07-15,2025,2025-07,0,96,115
186361,,,2025-07-16,2025,2025-07,0,96,115
186361,,,2025-07-17,2025,2025-07,1.8,96,116.8
186361,,,2025-07-18,2025,2025-07,9.6,96,126.4
186361,,,2025-07-19,2025,2025-07,7,96,133.4
186361,,,2025-07-20,2025,2025-07,12.2,96,145.6
186361,,,2025-07-21,2025,2025-07,0,96,145.6
186361,,,2025-07-22,2025,2025-07,0,96,145.6
186361,,,2025-07-23,2025,2025-07,26.6,96,172.2
186361,,,2025-07-24,2025,2025-07,26.6,96,198.8
186361,,,2025-07-25,2025,2025-07,0,96,198.8
186361,,,2025-07-26,2025,2025-07,0,96,198.8
186361,,,2025-07-27,2025,2025-07,13.6,96,212.4
186361,,,2025-07-28,2025,2025-07,0,96,212.4
186361,,,2025-07-29,2025,2025-07,0,96,212.4
186361,,,2025-07-30,2025,2025-07,18.4,96,230.8
186361,,,2025-07-31,2025,2025-07,1.8,96,232.6
186361,,,2025-08-01,2025,2025-08,0,96,232.6
186361,,,2025-08-02,2025,2025-08,0,96,232.6
186361,,,2025-08-03,2025,2025-08,7.2,96,239.8
186361,,,2025-08-04,2025,2025-08,7.2,96,247
186361,,,2025-08-05,2025,2025-08,0,96,247
186361,,,2025-08-06,2025,2025-08,0,96,247
186361,,,2025-08-07,2025,2025-08,0,96,247
186361,,,2025-08-08,2025,2025-08,95.8,96,342.8
186361,,,2025-08-09,2025,2025-08,31.4,96,374.2
186361,,,2025-08-10,2025,2025-08,0,16,374.2
186361,,,2025-09-30,2025,2025-09,0,2,374.2
186361,,,2025-10-03,2025,2025-10,0,28,374.2
186361,,,2025-10-04,2025,2025-10,0,96,374.2
186361,,,2025-10-05,2025,2025-10,5,96,379.2
186361,,,2025-10-07,2025,2025-10,0,1,379.2
186361,,,2025-11-22,2025,2025-11,0,5,379.2
186361,,,2025-11-23,2025,2025-11,0,96,379.2
186361,,,2025-11-24,2025,2025-11,0,96,379.2
186361,,,2025-11-25,2025,2025-11,0,96,379.2
186361,,,2025-11-26,2025,2025-11,1.6,96,380.8
186361,,,2025-11-27,2025,2025-11,0,96,380.8
186361,,,2025-11-28,2025,2025-11,0,96,380.8
186361,,,2025-11-29,2025,2025-11,0,96,380.8
186361,,,2025-11-30,2025,2025-11,0,96,380.8
186361,,,2025-12-01,2025,2025-12,0,27,380.8
186361,,,2026-05-30,2026,2026-05,0,33,0
186361,,,2026-05-31,2026,2026-05,43.4,96,43.4
186361,,,2026-06-01,2026,2026-06,8,96,51.4
186361,,,2026-06-02,2026,2026-06,0,96,51.4
186361,,,2026-06-03,2026,2026-06,2.2,96,53.6
186361,,,2026-06-04,2026,2026-06,27.8,96,81.4
186361,,,2026-06-05,2026,2026-06,8.4,96,89.8
186361,,,2026-06-06,2026,2026-06,3.4,96,93.2
186361,,,2026-06-07,2026,2026-06,18.2,96,111.4
186361,,,2026-06-08,2026,2026-06,4.2,96,115.6
186361,,,2026-06-09,2026,2026-06,0,96,115.6
186361,,,2026-06-10,2026,2026-06,0,96,115.6
186361,,,2026-06-11,2026,2026-06,6.4,96,122
186361,,,2026-06-12,2026,2026-06,0,96,122
186361,,,2026-06-13,2026,2026-06,0,96,122
186361,,,2026-06-14,2026,2026-06,1.6,96,123.6
186361,,,2026-06-15,2026,2026-06,0,74,123.6
186361,,,2026-06-16,2026,2026-06,6.6,96,130.2
186361,,,2026-06-17,2026,2026-06,12.6,91,142.8
186361,,,2026-06-18,2026,2026-06,10.6,86,153.4
186361,,,2026-06-19,2026,2026-06,0.2,96,153.6
186361,,,2026-06-20,2026,2026-06,0,96,153.6
186361,,,2026-06-21,2026,2026-06,0,96,153.6
186361,,,2026-06-22,2026,2026-06,0,96,153.6
186361,,,2026-06-23,2026,2026-06,0,96,153.6
186361,,,2026-06-24,2026,2026-06,7.4,96,161
186361,,,2026-06-25,2026,2026-06,1.4,96,162.4
186361,,,2026-06-26,2026,2026-06,0,96,162.4
186361,,,2026-06-27,2026,2026-06,0,96,162.4
186361,,,2026-06-28,2026,2026-06,1.2,96,163.6
186361,,,2026-06-29,2026,2026-06,0,91,163.6
186361,,,2026-06-30,2026,2026-06,0.8,77,164.4
186361,,,2026-07-01,2026,2026-07,1.4,95,165.8
186361,,,2026-07-02,2026,2026-07,0,92,165.8
186361,,,2026-07-03,2026,2026-07,20,93,185.8
186361,,,2026-07-04,2026,2026-07,0,31,185.8
186361,,,2026-07-05,2026,2026-07,21.6,96,207.4
186361,,,2026-07-06,2026,2026-07,1.6,95,209
186361,,,2026-07-07,2026,2026-07,1,90,210
186361,,,2026-07-08,2026,2026-07,0,64,210
186361,,,2026-07-09,2026,2026-07,0,96,210
186361,,,2026-07-10,2026,2026-07,40.4,96,250.4
186361,,,2026-07-11,2026,2026-07,0,94,250.4
186361,,,2026-07-12,2026,2026-07,5,88,255.4
186361,,,2026-07-13,2026,2026-07,0.2,90,255.6
186361,,,2026-07-14,2026,2026-07,0,96,255.6
186361,,,2026-07-15,2026,2026-07,0,92,255.6
186361,,,2026-07-16,2026,2026-07,0.2,89,255.8
186361,,,2026-07-17,2026,2026-07,0,96,255.8
186361,,,2026-07-18,2026,2026-07,6.6,96,262.4
186361,,,2026-07-19,2026,2026-07,8,96,270.4
186361,,,2026-07-20,2026,2026-07,0.2,90,270.6
186361,,,2026-07-21,2026,2026-07,0,93,270.6
186361,,,2026-07-22,2026,2026-07,0,68,270.6
186361,,,2026-07-23,2026,2026-07,0,91,270.6
186361,,,2026-07-24,2026,2026-07,16.2,89,286.8
186361,,,2026-07-25,2026,2026-07,0,88,286.8
186361,,,2026-07-26,2026,2026-07,1,96,287.8
186361,,,2026-07-27,2026,2026-07,0,74,287.8
186361,,,2026-07-28,2026,2026-07,0.4,85,288.2
186361,,,2026-07-29,2026,2026-07,5.8,6,294
186361,,,2026-07-31,2026,2026-07,7.4,25,301.4
186361,,,2026-08-01,2026,2026-08,0,96,301.4
186361,,,2026-08-02,2026,2026-08,0,89,301.4
186669,G02,Oriente,2024-05-22,2024,2024-05,0,19,0
186669,G02,Oriente,2024-05-23,2024,2024-05,0,96,0
186669,G02,Oriente,2024-05-24,2024,2024-05,0,96,0
186669,G02,Oriente,2024-05-25,2024,2024-05,0,96,0
186669,G02,Oriente,2024-05-26,2024,2024-05,17.53,96,17.53
186669,G02,Oriente,2024-05-27,2024,2024-05,6.08,96,23.61
186669,G02,Oriente,2024-05-28,2024,2024-05,4.82,96,28.43
186669,G02,Oriente,2024-05-29,2024,2024-05,0,96,28.43
186669,G02,Oriente,2024-05-30,2024,2024-05,64.79,96,93.22
186669,G02,Oriente,2024-05-31,2024,2024-05,73.88,96,167.1
186669,G02,Oriente,2024-06-01,2024,2024-06,0,96,167.1
186669,G02,Oriente,2024-06-02,2024,2024-06,5.59,96,172.69
186669,G02,Oriente,2024-06-03,2024,2024-06,0.76,96,173.45
186669,G02,Oriente,2024-06-04,2024,2024-06,35.58,96,209.03
186669,G02,Oriente,2024-06-05,2024,2024-06,0,96,209.03
186669,G02,Oriente,2024-06-06,2024,2024-06,25.39,96,234.42
186669,G02,Oriente,2024-06-07,2024,2024-06,6.84,96,241.26
186669,G02,Oriente,2024-06-08,2024,2024-06,29.45,96,270.71
186669,G02,Oriente,2024-06-09,2024,2024-06,21.09,96,291.8
186669,G02,Oriente,2024-06-10,2024,2024-06,24.62,96,316.42
186669,G02,Oriente,2024-06-11,2024,2024-06,7.11,96,323.53
186669,G02,Oriente,2024-06-12,2024,2024-06,3.81,96,327.34
186669,G02,Oriente,2024-06-13,2024,2024-06,0,96,327.34
186669,G02,Oriente,2024-06-14,2024,2024-06,0,96,327.34
186669,G02,Oriente,2024-06-15,2024,2024-06,2.54,96,329.88
186669,G02,Oriente,2024-06-16,2024,2024-06,0.25,96,330.13
186669,G02,Oriente,2024-06-17,2024,2024-06,0,96,330.13
186669,G02,Oriente,2024-06-18,2024,2024-06,0.25,96,330.38
186669,G02,Oriente,2024-06-19,2024,2024-06,2.29,96,332.67
186669,G02,Oriente,2024-06-20,2024,2024-06,0,96,332.67
186669,G02,Oriente,2024-06-21,2024,2024-06,1.01,96,333.68
186669,G02,Oriente,2024-06-22,2024,2024-06,0.25,96,333.93
186669,G02,Oriente,2024-06-23,2024,2024-06,15.23,96,349.16
186669,G02,Oriente,2024-06-24,2024,2024-06,39.86,96,389.02
186669,G02,Oriente,2024-06-25,2024,2024-06,0.25,96,389.27
186669,G02,Oriente,2024-06-26,2024,2024-06,0.25,96,389.52
186669,G02,Oriente,2024-06-27,2024,2024-06,0.25,96,389.77
186669,G02,Oriente,2024-06-28,2024,2024-06,17.51,96,407.28
186669,G02,Oriente,2024-06-29,2024,2024-06,15.74,96,423.02
186669,G02,Oriente,2024-06-30,2024,2024-06,0.76,96,423.78
186669,G02,Oriente,2024-07-01,2024,2024-07,0,96,423.78
186669,G02,Oriente,2024-07-02,2024,2024-07,0.76,96,424.54
186669,G02,Oriente,2024-07-03,2024,2024-07,0,96,424.54
186669,G02,Oriente,2024-07-04,2024,2024-07,19.81,96,444.35
186669,G02,Oriente,2024-07-05,2024,2024-07,0,96,444.35
186669,G02,Oriente,2024-07-06,2024,2024-07,30.72,96,475.07
186669,G02,Oriente,2024-07-07,2024,2024-07,0.5,96,475.57
186669,G02,Oriente,2024-07-08,2024,2024-07,3.04,96,478.61
186669,G02,Oriente,2024-07-09,2024,2024-07,19.55,96,498.16
186669,G02,Oriente,2024-07-10,2024,2024-07,0,96,498.16
186669,G02,Oriente,2024-07-11,2024,2024-07,0.76,96,498.92
186669,G02,Oriente,2024-07-12,2024,2024-07,36.3,96,535.22
186669,G02,Oriente,2024-07-13,2024,2024-07,0,96,535.22
186669,G02,Oriente,2024-07-14,2024,2024-07,1.78,96,537
186669,G02,Oriente,2024-07-15,2024,2024-07,5.07,96,542.07
186669,G02,Oriente,2024-07-16,2024,2024-07,7.59,96,549.66
186669,G02,Oriente,2024-07-17,2024,2024-07,2.02,96,551.68
186669,G02,Oriente,2024-07-18,2024,2024-07,8.37,96,560.05
186669,G02,Oriente,2024-07-19,2024,2024-07,3.54,96,563.59
186669,G02,Oriente,2024-07-20,2024,2024-07,1.53,96,565.12
186669,G02,Oriente,2024-07-21,2024,2024-07,37.32,96,602.44
186669,G02,Oriente,2024-07-22,2024,2024-07,24.37,96,626.81
186669,G02,Oriente,2024-07-23,2024,2024-07,9.89,96,636.7
186669,G02,Oriente,2024-07-24,2024,2024-07,0.5,96,637.2
186669,G02,Oriente,2024-07-25,2024,2024-07,21.59,96,658.79
186669,G02,Oriente,2024-07-26,2024,2024-07,19.55,96,678.34
186669,G02,Oriente,2024-07-27,2024,2024-07,1.02,96,679.36
186669,G02,Oriente,2024-07-28,2024,2024-07,2.53,96,681.89
186669,G02,Oriente,2024-07-29,2024,2024-07,7.09,96,688.98
186669,G02,Oriente,2024-07-30,2024,2024-07,2.54,96,691.52
186669,G02,Oriente,2024-07-31,2024,2024-07,42.92,96,734.44
186669,G02,Oriente,2024-08-01,2024,2024-08,1.52,96,735.96
186669,G02,Oriente,2024-08-02,2024,2024-08,12.95,96,748.91
186669,G02,Oriente,2024-08-03,2024,2024-08,3.29,96,752.2
186669,G02,Oriente,2024-08-04,2024,2024-08,0.25,96,752.45
186669,G02,Oriente,2024-08-05,2024,2024-08,0,96,752.45
186669,G02,Oriente,2024-08-06,2024,2024-08,0,96,752.45
186669,G02,Oriente,2024-08-07,2024,2024-08,0,96,752.45
186669,G02,Oriente,2024-08-08,2024,2024-08,2.02,96,754.47
186669,G02,Oriente,2024-08-09,2024,2024-08,0,96,754.47
186669,G02,Oriente,2024-08-10,2024,2024-08,24.84,96,779.31
186669,G02,Oriente,2024-08-11,2024,2024-08,0,96,779.31
186669,G02,Oriente,2024-08-12,2024,2024-08,0,96,779.31
186669,G02,Oriente,2024-08-13,2024,2024-08,1.75,96,781.06
186669,G02,Oriente,2024-08-14,2024,2024-08,21.84,96,802.9
186669,G02,Oriente,2024-08-15,2024,2024-08,0.76,96,803.66
186669,G02,Oriente,2024-08-16,2024,2024-08,15.23,96,818.89
186669,G02,Oriente,2024-08-17,2024,2024-08,0,96,818.89
186669,G02,Oriente,2024-08-18,2024,2024-08,0,96,818.89
186669,G02,Oriente,2024-08-19,2024,2024-08,0,96,818.89
186669,G02,Oriente,2024-08-20,2024,2024-08,0,96,818.89
186669,G02,Oriente,2024-08-21,2024,2024-08,1.27,96,820.16
186669,G02,Oriente,2024-08-22,2024,2024-08,0,96,820.16
186669,G02,Oriente,2024-08-23,2024,2024-08,0,96,820.16
186669,G02,Oriente,2024-08-24,2024,2024-08,16.74,96,836.9
186669,G02,Oriente,2024-08-25,2024,2024-08,0.25,96,837.15
186669,G02,Oriente,2024-08-26,2024,2024-08,2.03,96,839.18
186669,G02,Oriente,2024-08-27,2024,2024-08,10.67,96,849.85
186669,G02,Oriente,2024-08-28,2024,2024-08,26.93,96,876.78
186669,G02,Oriente,2024-08-29,2024,2024-08,6.59,96,883.37
186669,G02,Oriente,2024-08-30,2024,2024-08,0,48,883.37
186669,G02,Oriente,2024-08-31,2024,2024-08,0,91,883.37
186669,G02,Oriente,2024-09-01,2024,2024-09,11.41,91,894.78
186669,G02,Oriente,2024-09-02,2024,2024-09,0,94,894.78
186669,G02,Oriente,2024-09-03,2024,2024-09,1.01,96,895.79
186669,G02,Oriente,2024-09-04,2024,2024-09,27.69,96,923.48
186669,G02,Oriente,2024-09-05,2024,2024-09,7.36,35,930.84
186669,G02,Oriente,2024-09-06,2024,2024-09,0,96,930.84
186669,G02,Oriente,2024-09-07,2024,2024-09,0,96,930.84
186669,G02,Oriente,2024-09-08,2024,2024-09,15.49,87,946.33
186669,G02,Oriente,2024-09-09,2024,2024-09,0,96,946.33
186669,G02,Oriente,2024-09-10,2024,2024-09,8.65,66,954.98
186669,G02,Oriente,2024-09-11,2024,2024-09,0,96,954.98
186669,G02,Oriente,2024-09-12,2024,2024-09,16.51,94,971.49
186669,G02,Oriente,2024-09-13,2024,2024-09,2.27,96,973.76
186669,G02,Oriente,2024-09-14,2024,2024-09,16.73,96,990.49
186669,G02,Oriente,2024-09-15,2024,2024-09,0.25,81,990.74
186669,G02,Oriente,2024-09-16,2024,2024-09,0.25,88,990.99
186669,G02,Oriente,2024-09-17,2024,2024-09,14.97,92,1005.96
186669,G02,Oriente,2024-09-18,2024,2024-09,8.12,85,1014.08
186669,G02,Oriente,2024-09-19,2024,2024-09,0,80,1014.08
186669,G02,Oriente,2024-09-20,2024,2024-09,10.41,91,1024.49
186669,G02,Oriente,2024-09-21,2024,2024-09,0,87,1024.49
186669,G02,Oriente,2024-09-22,2024,2024-09,0,96,1024.49
186669,G02,Oriente,2024-09-23,2024,2024-09,0,95,1024.49
186669,G02,Oriente,2024-09-24,2024,2024-09,0.76,59,1025.25
186669,G02,Oriente,2024-09-25,2024,2024-09,0,81,1025.25
186669,G02,Oriente,2024-09-26,2024,2024-09,0,95,1025.25
186669,G02,Oriente,2024-09-27,2024,2024-09,0,92,1025.25
186669,G02,Oriente,2024-09-28,2024,2024-09,2.54,89,1027.79
186669,G02,Oriente,2024-09-29,2024,2024-09,0,22,1027.79
186669,G02,Oriente,2024-09-30,2024,2024-09,0,89,1027.79
186669,G02,Oriente,2024-10-01,2024,2024-10,0,84,1027.79
186669,G02,Oriente,2024-10-02,2024,2024-10,0,24,1027.79
186669,G02,Oriente,2024-10-03,2024,2024-10,0,72,1027.79
186669,G02,Oriente,2024-10-04,2024,2024-10,0,93,1027.79
186669,G02,Oriente,2024-10-05,2024,2024-10,0.25,80,1028.04
186669,G02,Oriente,2024-10-06,2024,2024-10,0,95,1028.04
186669,G02,Oriente,2024-10-07,2024,2024-10,0,96,1028.04
186669,G02,Oriente,2024-10-08,2024,2024-10,0,96,1028.04
186669,G02,Oriente,2024-10-09,2024,2024-10,26.15,96,1054.19
186669,G02,Oriente,2024-10-10,2024,2024-10,0,96,1054.19
186669,G02,Oriente,2024-10-11,2024,2024-10,0,96,1054.19
186669,G02,Oriente,2024-10-12,2024,2024-10,0,96,1054.19
186669,G02,Oriente,2024-10-13,2024,2024-10,0,96,1054.19
186669,G02,Oriente,2024-10-14,2024,2024-10,0,96,1054.19
186669,G02,Oriente,2024-10-15,2024,2024-10,0,96,1054.19
186669,G02,Oriente,2024-10-16,2024,2024-10,0,96,1054.19
186669,G02,Oriente,2024-10-17,2024,2024-10,0,96,1054.19
186669,G02,Oriente,2024-10-18,2024,2024-10,0,96,1054.19
186669,G02,Oriente,2024-10-19,2024,2024-10,0,96,1054.19
186669,G02,Oriente,2024-10-20,2024,2024-10,0,96,1054.19
186669,G02,Oriente,2024-10-21,2024,2024-10,0,96,1054.19
186669,G02,Oriente,2024-10-22,2024,2024-10,0,83,1054.19
186669,G02,Oriente,2024-12-13,2024,2024-12,25.91,22,1080.1
186669,G02,Oriente,2024-12-14,2024,2024-12,0,96,1080.1
186669,G02,Oriente,2024-12-15,2024,2024-12,0,96,1080.1
186669,G02,Oriente,2024-12-16,2024,2024-12,0,96,1080.1
186669,G02,Oriente,2024-12-17,2024,2024-12,0,96,1080.1
186669,G02,Oriente,2024-12-18,2024,2024-12,0,96,1080.1
186669,G02,Oriente,2024-12-19,2024,2024-12,0,96,1080.1
186669,G02,Oriente,2024-12-20,2024,2024-12,0,96,1080.1
186669,G02,Oriente,2024-12-21,2024,2024-12,0,96,1080.1
186669,G02,Oriente,2024-12-22,2024,2024-12,0,96,1080.1
186669,G02,Oriente,2024-12-23,2024,2024-12,0,96,1080.1
186669,G02,Oriente,2024-12-24,2024,2024-12,0,96,1080.1
186669,G02,Oriente,2024-12-25,2024,2024-12,0,96,1080.1
186669,G02,Oriente,2024-12-26,2024,2024-12,0,96,1080.1
186669,G02,Oriente,2024-12-27,2024,2024-12,0,96,1080.1
186669,G02,Oriente,2024-12-28,2024,2024-12,0,96,1080.1
186669,G02,Oriente,2024-12-29,2024,2024-12,0,96,1080.1
186669,G02,Oriente,2024-12-30,2024,2024-12,0,96,1080.1
186669,G02,Oriente,2024-12-31,2024,2024-12,0,96,1080.1
186669,G02,Oriente,2025-01-01,2025,2025-01,0,96,0
186669,G02,Oriente,2025-01-02,2025,2025-01,0.76,96,0.76
186669,G02,Oriente,2025-01-03,2025,2025-01,13.46,96,14.22
186669,G02,Oriente,2025-01-04,2025,2025-01,17.52,96,31.74
186669,G02,Oriente,2025-01-05,2025,2025-01,25.64,96,57.38
186669,G02,Oriente,2025-01-06,2025,2025-01,0,96,57.38
186669,G02,Oriente,2025-01-07,2025,2025-01,0,96,57.38
186669,G02,Oriente,2025-01-08,2025,2025-01,0,96,57.38
186669,G02,Oriente,2025-01-09,2025,2025-01,0,96,57.38
186669,G02,Oriente,2025-01-10,2025,2025-01,0,96,57.38
186669,G02,Oriente,2025-01-11,2025,2025-01,0,96,57.38
186669,G02,Oriente,2025-01-12,2025,2025-01,0,96,57.38
186669,G02,Oriente,2025-01-13,2025,2025-01,0,96,57.38
186669,G02,Oriente,2025-01-14,2025,2025-01,0,96,57.38
186669,G02,Oriente,2025-01-15,2025,2025-01,0,96,57.38
186669,G02,Oriente,2025-01-16,2025,2025-01,0,96,57.38
186669,G02,Oriente,2025-01-17,2025,2025-01,0,96,57.38
186669,G02,Oriente,2025-01-18,2025,2025-01,0,96,57.38
186669,G02,Oriente,2025-01-19,2025,2025-01,0,96,57.38
186669,G02,Oriente,2025-01-20,2025,2025-01,4.06,96,61.44
186669,G02,Oriente,2025-01-21,2025,2025-01,7.61,96,69.05
186669,G02,Oriente,2025-01-22,2025,2025-01,0.25,96,69.3
186669,G02,Oriente,2025-01-23,2025,2025-01,0,96,69.3
186669,G02,Oriente,2025-01-24,2025,2025-01,0,96,69.3
186669,G02,Oriente,2025-01-25,2025,2025-01,0,96,69.3
186669,G02,Oriente,2025-01-26,2025,2025-01,0,96,69.3
186669,G02,Oriente,2025-01-27,2025,2025-01,0,96,69.3
186669,G02,Oriente,2025-01-28,2025,2025-01,0,96,69.3
186669,G02,Oriente,2025-01-29,2025,2025-01,0,96,69.3
186669,G02,Oriente,2025-01-30,2025,2025-01,0,96,69.3
186669,G02,Oriente,2025-01-31,2025,2025-01,0,96,69.3
186669,G02,Oriente,2025-02-01,2025,2025-02,0,96,69.3
186669,G02,Oriente,2025-02-02,2025,2025-02,0,96,69.3
186669,G02,Oriente,2025-02-03,2025,2025-02,0,96,69.3
186669,G02,Oriente,2025-02-04,2025,2025-02,0,96,69.3
186669,G02,Oriente,2025-02-05,2025,2025-02,0,96,69.3
186669,G02,Oriente,2025-02-06,2025,2025-02,0,96,69.3
186669,G02,Oriente,2025-02-07,2025,2025-02,0,96,69.3
186669,G02,Oriente,2025-02-08,2025,2025-02,0,96,69.3
186669,G02,Oriente,2025-02-09,2025,2025-02,0,96,69.3
186669,G02,Oriente,2025-02-10,2025,2025-02,0,96,69.3
186669,G02,Oriente,2025-02-11,2025,2025-02,0,96,69.3
186669,G02,Oriente,2025-02-12,2025,2025-02,0,96,69.3
186669,G02,Oriente,2025-02-13,2025,2025-02,0,96,69.3
186669,G02,Oriente,2025-02-14,2025,2025-02,0,96,69.3
186669,G02,Oriente,2025-02-15,2025,2025-02,0,96,69.3
186669,G02,Oriente,2025-02-16,2025,2025-02,0,96,69.3
186669,G02,Oriente,2025-02-17,2025,2025-02,0,96,69.3
186669,G02,Oriente,2025-02-18,2025,2025-02,0,96,69.3
186669,G02,Oriente,2025-02-19,2025,2025-02,0,93,69.3
186669,G02,Oriente,2025-02-20,2025,2025-02,0,95,69.3
186669,G02,Oriente,2025-02-21,2025,2025-02,0,93,69.3
186669,G02,Oriente,2025-02-22,2025,2025-02,0,85,69.3
186669,G02,Oriente,2025-02-23,2025,2025-02,0,92,69.3
186669,G02,Oriente,2025-02-24,2025,2025-02,0,88,69.3
186669,G02,Oriente,2025-02-25,2025,2025-02,0,92,69.3
186669,G02,Oriente,2025-02-26,2025,2025-02,0,85,69.3
186669,G02,Oriente,2025-02-27,2025,2025-02,0,90,69.3
186669,G02,Oriente,2025-03-02,2025,2025-03,0,26,69.3
186669,G02,Oriente,2025-03-03,2025,2025-03,0,93,69.3
186669,G02,Oriente,2025-03-04,2025,2025-03,0,92,69.3
186669,G02,Oriente,2025-03-05,2025,2025-03,0,90,69.3
186669,G02,Oriente,2025-03-06,2025,2025-03,0,33,69.3
186669,G02,Oriente,2025-03-07,2025,2025-03,0,19,69.3
186669,G02,Oriente,2025-03-08,2025,2025-03,0,96,69.3
186669,G02,Oriente,2025-03-09,2025,2025-03,0,91,69.3
186669,G02,Oriente,2025-03-10,2025,2025-03,0,92,69.3
186669,G02,Oriente,2025-03-11,2025,2025-03,0,91,69.3
186669,G02,Oriente,2025-03-12,2025,2025-03,0,91,69.3
186669,G02,Oriente,2025-03-13,2025,2025-03,0,91,69.3
186669,G02,Oriente,2025-03-14,2025,2025-03,0,81,69.3
186669,G02,Oriente,2025-03-15,2025,2025-03,0,85,69.3
186669,G02,Oriente,2025-03-16,2025,2025-03,0,91,69.3
186669,G02,Oriente,2025-03-17,2025,2025-03,0,88,69.3
186669,G02,Oriente,2025-03-18,2025,2025-03,0,93,69.3
186669,G02,Oriente,2025-03-19,2025,2025-03,0,93,69.3
186669,G02,Oriente,2025-03-20,2025,2025-03,0,93,69.3
186669,G02,Oriente,2025-03-21,2025,2025-03,0,86,69.3
186669,G02,Oriente,2025-03-22,2025,2025-03,0,94,69.3
186669,G02,Oriente,2025-03-23,2025,2025-03,0,95,69.3
186669,G02,Oriente,2025-03-24,2025,2025-03,0,92,69.3
186669,G02,Oriente,2025-03-25,2025,2025-03,0,96,69.3
186669,G02,Oriente,2025-03-26,2025,2025-03,0,90,69.3
186669,G02,Oriente,2025-03-27,2025,2025-03,0,87,69.3
186669,G02,Oriente,2025-03-28,2025,2025-03,0,93,69.3
186669,G02,Oriente,2025-03-29,2025,2025-03,0,93,69.3
186669,G02,Oriente,2025-03-30,2025,2025-03,0,90,69.3
186669,G02,Oriente,2025-03-31,2025,2025-03,0,95,69.3
186669,G02,Oriente,2025-04-01,2025,2025-04,0,90,69.3
186669,G02,Oriente,2025-04-02,2025,2025-04,0,93,69.3
186669,G02,Oriente,2025-04-03,2025,2025-04,0,44,69.3
186669,G02,Oriente,2025-04-04,2025,2025-04,0,95,69.3
186669,G02,Oriente,2025-04-05,2025,2025-04,0,96,69.3
186669,G02,Oriente,2025-04-06,2025,2025-04,0,95,69.3
186669,G02,Oriente,2025-04-07,2025,2025-04,0,93,69.3
186669,G02,Oriente,2025-04-08,2025,2025-04,0.25,90,69.55
186669,G02,Oriente,2025-04-09,2025,2025-04,0,91,69.55
186669,G02,Oriente,2025-04-10,2025,2025-04,0,92,69.55
186669,G02,Oriente,2025-04-11,2025,2025-04,0,10,69.55
186669,G02,Oriente,2025-04-12,2025,2025-04,0,91,69.55
186669,G02,Oriente,2025-04-13,2025,2025-04,0,78,69.55
186669,G02,Oriente,2025-04-14,2025,2025-04,0,90,69.55
186669,G02,Oriente,2025-04-15,2025,2025-04,0,87,69.55
186669,G02,Oriente,2025-04-16,2025,2025-04,0,91,69.55
186669,G02,Oriente,2025-04-17,2025,2025-04,0.76,53,70.31
186669,G02,Oriente,2025-04-18,2025,2025-04,0,94,70.31
186669,G02,Oriente,2025-04-19,2025,2025-04,0,6,70.31
186669,G02,Oriente,2025-04-22,2025,2025-04,0,19,70.31
186669,G02,Oriente,2025-04-23,2025,2025-04,0,96,70.31
186669,G02,Oriente,2025-04-24,2025,2025-04,19.81,93,90.12
186669,G02,Oriente,2025-04-25,2025,2025-04,0,56,90.12
186669,G02,Oriente,2025-04-26,2025,2025-04,0,96,90.12
186669,G02,Oriente,2025-04-27,2025,2025-04,0,96,90.12
186669,G02,Oriente,2025-04-28,2025,2025-04,0,96,90.12
186669,G02,Oriente,2025-04-29,2025,2025-04,0,96,90.12
186669,G02,Oriente,2025-04-30,2025,2025-04,0,96,90.12
186669,G02,Oriente,2025-05-01,2025,2025-05,0,96,90.12
186669,G02,Oriente,2025-05-02,2025,2025-05,0,96,90.12
186669,G02,Oriente,2025-05-03,2025,2025-05,0,37,90.12
186669,G02,Oriente,2025-05-06,2025,2025-05,108.2,96,198.32
186669,G02,Oriente,2025-05-07,2025,2025-05,0,96,198.32
186669,G02,Oriente,2025-05-08,2025,2025-05,4.3,96,202.62
186669,G02,Oriente,2025-05-09,2025,2025-05,0,53,202.62
186669,G02,Oriente,2025-05-10,2025,2025-05,0,92,202.62
186669,G02,Oriente,2025-05-11,2025,2025-05,0.76,96,203.38
186669,G02,Oriente,2025-05-12,2025,2025-05,0,96,203.38
186669,G02,Oriente,2025-05-13,2025,2025-05,0,96,203.38
186669,G02,Oriente,2025-05-14,2025,2025-05,13.2,96,216.58
186669,G02,Oriente,2025-05-15,2025,2025-05,0.25,96,216.83
186669,G02,Oriente,2025-05-16,2025,2025-05,11.69,96,228.52
186669,G02,Oriente,2025-05-17,2025,2025-05,0.25,96,228.77
186669,G02,Oriente,2025-05-18,2025,2025-05,6.86,78,235.63
186669,G02,Oriente,2025-05-19,2025,2025-05,14.19,96,249.82
186669,G02,Oriente,2025-05-20,2025,2025-05,21.32,96,271.14
186669,G02,Oriente,2025-05-21,2025,2025-05,6.85,94,277.99
186669,G02,Oriente,2025-05-22,2025,2025-05,0.25,96,278.24
186669,G02,Oriente,2025-05-23,2025,2025-05,0,96,278.24
186669,G02,Oriente,2025-05-24,2025,2025-05,0,96,278.24
186669,G02,Oriente,2025-05-25,2025,2025-05,40.12,96,318.36
186669,G02,Oriente,2025-05-26,2025,2025-05,10.67,96,329.03
186669,G02,Oriente,2025-05-27,2025,2025-05,0.25,34,329.28
186669,G02,Oriente,2025-05-28,2025,2025-05,0,96,329.28
186669,G02,Oriente,2025-05-29,2025,2025-05,0,96,329.28
186669,G02,Oriente,2025-05-30,2025,2025-05,17.27,96,346.55
186669,G02,Oriente,2025-05-31,2025,2025-05,5.33,96,351.88
186669,G02,Oriente,2025-06-01,2025,2025-06,4.06,96,355.94
186669,G02,Oriente,2025-06-02,2025,2025-06,0.5,96,356.44
186669,G02,Oriente,2025-06-03,2025,2025-06,0,96,356.44
186669,G02,Oriente,2025-06-04,2025,2025-06,0,96,356.44
186669,G02,Oriente,2025-06-05,2025,2025-06,0.75,96,357.19
186669,G02,Oriente,2025-06-06,2025,2025-06,30.23,96,387.42
186669,G02,Oriente,2025-06-07,2025,2025-06,13.45,96,400.87
186669,G02,Oriente,2025-06-08,2025,2025-06,2.29,96,403.16
186669,G02,Oriente,2025-06-09,2025,2025-06,0,96,403.16
186669,G02,Oriente,2025-06-10,2025,2025-06,33.77,96,436.93
186669,G02,Oriente,2025-06-11,2025,2025-06,0.5,96,437.43
186669,G02,Oriente,2025-06-12,2025,2025-06,17.27,96,454.7
186669,G02,Oriente,2025-06-13,2025,2025-06,1.77,96,456.47
186669,G02,Oriente,2025-06-14,2025,2025-06,0,96,456.47
186669,G02,Oriente,2025-06-15,2025,2025-06,0,96,456.47
186669,G02,Oriente,2025-06-16,2025,2025-06,0,96,456.47
186669,G02,Oriente,2025-06-17,2025,2025-06,0,96,456.47
186669,G02,Oriente,2025-06-18,2025,2025-06,0,96,456.47
186669,G02,Oriente,2025-06-19,2025,2025-06,4.81,96,461.28
186669,G02,Oriente,2025-06-20,2025,2025-06,77.73,96,539.01
186669,G02,Oriente,2025-06-21,2025,2025-06,13.43,96,552.44
186669,G02,Oriente,2025-06-22,2025,2025-06,28.95,96,581.39
186669,G02,Oriente,2025-06-23,2025,2025-06,15.24,96,596.63
186669,G02,Oriente,2025-06-24,2025,2025-06,10.42,96,607.05
186669,G02,Oriente,2025-06-25,2025,2025-06,3.3,96,610.35
186669,G02,Oriente,2025-06-26,2025,2025-06,9.11,96,619.46
186669,G02,Oriente,2025-06-27,2025,2025-06,0,96,619.46
186669,G02,Oriente,2025-06-28,2025,2025-06,0,96,619.46
186669,G02,Oriente,2025-06-29,2025,2025-06,27.16,96,646.62
186669,G02,Oriente,2025-06-30,2025,2025-06,6.09,96,652.71
186669,G02,Oriente,2025-07-01,2025,2025-07,0,96,652.71
186669,G02,Oriente,2025-07-02,2025,2025-07,6.59,96,659.3
186669,G02,Oriente,2025-07-03,2025,2025-07,2.53,96,661.83
186669,G02,Oriente,2025-07-04,2025,2025-07,71.61,96,733.44
186669,G02,Oriente,2025-07-05,2025,2025-07,0,96,733.44
186669,G02,Oriente,2025-07-06,2025,2025-07,5.84,96,739.28
186669,G02,Oriente,2025-07-07,2025,2025-07,0.25,96,739.53
186669,G02,Oriente,2025-07-08,2025,2025-07,0,96,739.53
186669,G02,Oriente,2025-07-09,2025,2025-07,15.74,96,755.27
186669,G02,Oriente,2025-07-10,2025,2025-07,1.01,96,756.28
186669,G02,Oriente,2025-07-11,2025,2025-07,19.04,96,775.32
186669,G02,Oriente,2025-07-12,2025,2025-07,14.45,96,789.77
186669,G02,Oriente,2025-07-13,2025,2025-07,0,96,789.77
186669,G02,Oriente,2025-07-14,2025,2025-07,0,96,789.77
186669,G02,Oriente,2025-07-15,2025,2025-07,0,96,789.77
186669,G02,Oriente,2025-07-16,2025,2025-07,0,96,789.77
186669,G02,Oriente,2025-07-17,2025,2025-07,3.3,96,793.07
186669,G02,Oriente,2025-07-18,2025,2025-07,7.36,96,800.43
186669,G02,Oriente,2025-07-19,2025,2025-07,21.33,96,821.76
186669,G02,Oriente,2025-07-20,2025,2025-07,50.27,96,872.03
186669,G02,Oriente,2025-07-21,2025,2025-07,0,96,872.03
186669,G02,Oriente,2025-07-22,2025,2025-07,16.76,96,888.79
186669,G02,Oriente,2025-07-23,2025,2025-07,5.58,96,894.37
186669,G02,Oriente,2025-07-24,2025,2025-07,77.73,96,972.1
186669,G02,Oriente,2025-07-25,2025,2025-07,4.05,96,976.15
186669,G02,Oriente,2025-07-26,2025,2025-07,0,96,976.15
186669,G02,Oriente,2025-07-27,2025,2025-07,0,96,976.15
186669,G02,Oriente,2025-07-28,2025,2025-07,1.01,96,977.16
186669,G02,Oriente,2025-07-29,2025,2025-07,2.8,96,979.96
186669,G02,Oriente,2025-07-30,2025,2025-07,0.25,96,980.21
186669,G02,Oriente,2025-07-31,2025,2025-07,24.34,96,1004.55
186669,G02,Oriente,2025-08-01,2025,2025-08,0,96,1004.55
186669,G02,Oriente,2025-08-02,2025,2025-08,1.02,96,1005.57
186669,G02,Oriente,2025-08-03,2025,2025-08,0,96,1005.57
186669,G02,Oriente,2025-08-04,2025,2025-08,31.25,96,1036.82
186669,G02,Oriente,2025-08-05,2025,2025-08,7.85,96,1044.67
186669,G02,Oriente,2025-08-06,2025,2025-08,7,96,1051.67
186669,G02,Oriente,2025-08-07,2025,2025-08,1.5,96,1053.17
186669,G02,Oriente,2025-08-08,2025,2025-08,0.75,96,1053.92
186669,G02,Oriente,2025-08-09,2025,2025-08,0.5,96,1054.42
186669,G02,Oriente,2025-08-10,2025,2025-08,0.25,96,1054.67
186669,G02,Oriente,2025-08-11,2025,2025-08,0.25,96,1054.92
186669,G02,Oriente,2025-08-12,2025,2025-08,0,96,1054.92
186669,G02,Oriente,2025-08-13,2025,2025-08,0,96,1054.92
186669,G02,Oriente,2025-08-14,2025,2025-08,19.55,96,1074.47
186669,G02,Oriente,2025-08-15,2025,2025-08,3.29,96,1077.76
186669,G02,Oriente,2025-08-16,2025,2025-08,0.76,96,1078.52
186669,G02,Oriente,2025-08-17,2025,2025-08,7.1,96,1085.62
186669,G02,Oriente,2025-08-18,2025,2025-08,25.88,96,1111.5
186669,G02,Oriente,2025-08-19,2025,2025-08,13.46,96,1124.96
186669,G02,Oriente,2025-08-20,2025,2025-08,0,96,1124.96
186669,G02,Oriente,2025-08-21,2025,2025-08,0,96,1124.96
186669,G02,Oriente,2025-08-22,2025,2025-08,9.9,96,1134.86
186669,G02,Oriente,2025-08-23,2025,2025-08,0,96,1134.86
186669,G02,Oriente,2025-08-24,2025,2025-08,0,96,1134.86
186669,G02,Oriente,2025-08-25,2025,2025-08,0,96,1134.86
186669,G02,Oriente,2025-08-26,2025,2025-08,6.84,96,1141.7
186669,G02,Oriente,2025-08-27,2025,2025-08,76.95,96,1218.65
186669,G02,Oriente,2025-08-28,2025,2025-08,18.79,96,1237.44
186669,G02,Oriente,2025-08-29,2025,2025-08,0.25,96,1237.69
186669,G02,Oriente,2025-08-30,2025,2025-08,2.28,96,1239.97
186669,G02,Oriente,2025-08-31,2025,2025-08,0,96,1239.97
186669,G02,Oriente,2025-09-01,2025,2025-09,6.86,96,1246.83
186669,G02,Oriente,2025-09-02,2025,2025-09,18.03,96,1264.86
186669,G02,Oriente,2025-09-03,2025,2025-09,0.51,96,1265.37
186669,G02,Oriente,2025-09-04,2025,2025-09,2.29,96,1267.66
186669,G02,Oriente,2025-09-05,2025,2025-09,20.31,96,1287.97
186669,G02,Oriente,2025-09-06,2025,2025-09,9.38,96,1297.35
186669,G02,Oriente,2025-09-07,2025,2025-09,1.26,96,1298.61
186669,G02,Oriente,2025-09-08,2025,2025-09,23.1,96,1321.71
186669,G02,Oriente,2025-09-09,2025,2025-09,0,96,1321.71
186669,G02,Oriente,2025-09-10,2025,2025-09,0,96,1321.71
186669,G02,Oriente,2025-09-11,2025,2025-09,6.87,96,1328.58
186669,G02,Oriente,2025-09-12,2025,2025-09,0.25,96,1328.83
186669,G02,Oriente,2025-09-13,2025,2025-09,2.28,96,1331.11
186669,G02,Oriente,2025-09-14,2025,2025-09,1.51,96,1332.62
186669,G02,Oriente,2025-09-15,2025,2025-09,0,96,1332.62
186669,G02,Oriente,2025-09-16,2025,2025-09,0,96,1332.62
186669,G02,Oriente,2025-09-17,2025,2025-09,0,96,1332.62
186669,G02,Oriente,2025-09-18,2025,2025-09,16.26,96,1348.88
186669,G02,Oriente,2025-09-19,2025,2025-09,0,96,1348.88
186669,G02,Oriente,2025-09-20,2025,2025-09,1.52,96,1350.4
186669,G02,Oriente,2025-09-21,2025,2025-09,4.31,96,1354.71
186669,G02,Oriente,2025-09-22,2025,2025-09,0,96,1354.71
186669,G02,Oriente,2025-09-23,2025,2025-09,0,96,1354.71
186669,G02,Oriente,2025-09-24,2025,2025-09,12.7,96,1367.41
186669,G02,Oriente,2025-09-25,2025,2025-09,0,96,1367.41
186669,G02,Oriente,2025-09-26,2025,2025-09,6.1,96,1373.51
186669,G02,Oriente,2025-09-27,2025,2025-09,5.84,96,1379.35
186669,G02,Oriente,2025-09-28,2025,2025-09,0.25,96,1379.6
186669,G02,Oriente,2025-09-29,2025,2025-09,0,96,1379.6
186669,G02,Oriente,2025-09-30,2025,2025-09,0,96,1379.6
186669,G02,Oriente,2025-10-01,2025,2025-10,0,96,1379.6
186669,G02,Oriente,2025-10-02,2025,2025-10,59.44,96,1439.04
186669,G02,Oriente,2025-10-03,2025,2025-10,0,47,1439.04
186669,G02,Oriente,2025-10-04,2025,2025-10,8.13,90,1447.17
186669,G02,Oriente,2025-10-05,2025,2025-10,8.88,86,1456.05
186669,G02,Oriente,2025-10-06,2025,2025-10,13.97,93,1470.02
186669,G02,Oriente,2025-10-07,2025,2025-10,0,89,1470.02
186669,G02,Oriente,2025-10-08,2025,2025-10,0,96,1470.02
186669,G02,Oriente,2025-10-09,2025,2025-10,0,96,1470.02
186669,G02,Oriente,2025-10-10,2025,2025-10,6.09,80,1476.11
186669,G02,Oriente,2025-10-11,2025,2025-10,0,91,1476.11
186669,G02,Oriente,2025-10-12,2025,2025-10,11.94,95,1488.05
186669,G02,Oriente,2025-10-13,2025,2025-10,1.52,85,1489.57
186669,G02,Oriente,2025-10-14,2025,2025-10,0.25,91,1489.82
186669,G02,Oriente,2025-10-15,2025,2025-10,13.19,88,1503.01
186669,G02,Oriente,2025-10-16,2025,2025-10,0,96,1503.01
186669,G02,Oriente,2025-10-17,2025,2025-10,0,74,1503.01
186669,G02,Oriente,2025-10-18,2025,2025-10,0,96,1503.01
186669,G02,Oriente,2025-10-19,2025,2025-10,14.22,96,1517.23
186669,G02,Oriente,2025-10-20,2025,2025-10,17.78,96,1535.01
186669,G02,Oriente,2025-10-21,2025,2025-10,0,96,1535.01
186669,G02,Oriente,2025-10-22,2025,2025-10,0,96,1535.01
186669,G02,Oriente,2025-10-23,2025,2025-10,0,96,1535.01
186669,G02,Oriente,2025-10-24,2025,2025-10,0.25,89,1535.26
186669,G02,Oriente,2025-10-25,2025,2025-10,0,96,1535.26
186669,G02,Oriente,2025-10-26,2025,2025-10,0,96,1535.26
186669,G02,Oriente,2025-10-27,2025,2025-10,1.02,96,1536.28
186669,G02,Oriente,2025-10-28,2025,2025-10,0,96,1536.28
186669,G02,Oriente,2025-10-29,2025,2025-10,0,75,1536.28
186669,G02,Oriente,2025-10-30,2025,2025-10,0,91,1536.28
186669,G02,Oriente,2025-10-31,2025,2025-10,0,25,1536.28
186669,G02,Oriente,2025-11-01,2025,2025-11,2.28,96,1538.56
186669,G02,Oriente,2025-11-02,2025,2025-11,1.77,96,1540.33
186669,G02,Oriente,2025-11-03,2025,2025-11,0,96,1540.33
186669,G02,Oriente,2025-11-04,2025,2025-11,0,96,1540.33
186669,G02,Oriente,2025-11-05,2025,2025-11,0,84,1540.33
186669,G02,Oriente,2025-11-06,2025,2025-11,0,72,1540.33
186669,G02,Oriente,2025-11-07,2025,2025-11,1.27,96,1541.6
186669,G02,Oriente,2025-11-08,2025,2025-11,0,96,1541.6
186669,G02,Oriente,2025-11-09,2025,2025-11,0,96,1541.6
186669,G02,Oriente,2025-11-10,2025,2025-11,0,96,1541.6
186669,G02,Oriente,2025-11-11,2025,2025-11,0,96,1541.6
186669,G02,Oriente,2025-11-12,2025,2025-11,0.25,96,1541.85
186669,G02,Oriente,2025-11-13,2025,2025-11,0,96,1541.85
186669,G02,Oriente,2025-11-14,2025,2025-11,0,96,1541.85
186669,G02,Oriente,2025-11-15,2025,2025-11,0,96,1541.85
186669,G02,Oriente,2025-11-16,2025,2025-11,0.25,80,1542.1
186669,G02,Oriente,2025-11-17,2025,2025-11,0.5,96,1542.6
186669,G02,Oriente,2025-11-18,2025,2025-11,0.25,96,1542.85
186669,G02,Oriente,2025-11-19,2025,2025-11,11.93,96,1554.78
186669,G02,Oriente,2025-11-20,2025,2025-11,0.75,96,1555.53
186669,G02,Oriente,2025-11-21,2025,2025-11,0,96,1555.53
186669,G02,Oriente,2025-11-22,2025,2025-11,0.51,96,1556.04
186669,G02,Oriente,2025-11-23,2025,2025-11,12.7,96,1568.74
186669,G02,Oriente,2025-11-24,2025,2025-11,50.29,96,1619.03
186669,G02,Oriente,2025-11-25,2025,2025-11,3.04,53,1622.07
186669,G02,Oriente,2025-11-26,2025,2025-11,4.07,96,1626.14
186669,G02,Oriente,2025-11-27,2025,2025-11,0,96,1626.14
186669,G02,Oriente,2025-11-28,2025,2025-11,8.13,96,1634.27
186669,G02,Oriente,2025-11-29,2025,2025-11,0.25,96,1634.52
186669,G02,Oriente,2025-11-30,2025,2025-11,0,96,1634.52
186669,G02,Oriente,2025-12-01,2025,2025-12,0,96,1634.52
186669,G02,Oriente,2025-12-02,2025,2025-12,0,96,1634.52
186669,G02,Oriente,2025-12-03,2025,2025-12,0,96,1634.52
186669,G02,Oriente,2025-12-04,2025,2025-12,2.29,96,1636.81
186669,G02,Oriente,2025-12-05,2025,2025-12,14.96,96,1651.77
186669,G02,Oriente,2025-12-06,2025,2025-12,2.79,96,1654.56
186669,G02,Oriente,2025-12-07,2025,2025-12,4.06,96,1658.62
186669,G02,Oriente,2025-12-08,2025,2025-12,0.25,96,1658.87
186669,G02,Oriente,2025-12-09,2025,2025-12,0,96,1658.87
186669,G02,Oriente,2025-12-10,2025,2025-12,16.5,96,1675.37
186669,G02,Oriente,2025-12-11,2025,2025-12,0.25,96,1675.62
186669,G02,Oriente,2025-12-12,2025,2025-12,0,96,1675.62
186669,G02,Oriente,2025-12-13,2025,2025-12,0,96,1675.62
186669,G02,Oriente,2025-12-14,2025,2025-12,0,96,1675.62
186669,G02,Oriente,2025-12-15,2025,2025-12,0,96,1675.62
186669,G02,Oriente,2025-12-16,2025,2025-12,0,96,1675.62
186669,G02,Oriente,2025-12-17,2025,2025-12,0,96,1675.62
186669,G02,Oriente,2025-12-18,2025,2025-12,0,96,1675.62
186669,G02,Oriente,2025-12-19,2025,2025-12,0,96,1675.62
186669,G02,Oriente,2025-12-20,2025,2025-12,0,96,1675.62
186669,G02,Oriente,2025-12-21,2025,2025-12,0,96,1675.62
186669,G02,Oriente,2025-12-22,2025,2025-12,0,96,1675.62
186669,G02,Oriente,2025-12-23,2025,2025-12,0,96,1675.62
186669,G02,Oriente,2025-12-24,2025,2025-12,0,96,1675.62
186669,G02,Oriente,2025-12-25,2025,2025-12,0,96,1675.62
186669,G02,Oriente,2025-12-26,2025,2025-12,0,96,1675.62
186669,G02,Oriente,2025-12-27,2025,2025-12,0,96,1675.62
186669,G02,Oriente,2025-12-28,2025,2025-12,0.25,96,1675.87
186669,G02,Oriente,2025-12-29,2025,2025-12,3.05,96,1678.92
186669,G02,Oriente,2025-12-30,2025,2025-12,0,96,1678.92
186669,G02,Oriente,2025-12-31,2025,2025-12,0,96,1678.92
186669,G02,Oriente,2026-01-01,2026,2026-01,0.51,96,0.51
186669,G02,Oriente,2026-01-02,2026,2026-01,0,96,0.51
186669,G02,Oriente,2026-01-03,2026,2026-01,0,96,0.51
186669,G02,Oriente,2026-01-04,2026,2026-01,0,96,0.51
186669,G02,Oriente,2026-01-05,2026,2026-01,0,96,0.51
186669,G02,Oriente,2026-01-06,2026,2026-01,0,96,0.51
186669,G02,Oriente,2026-01-07,2026,2026-01,0,96,0.51
186669,G02,Oriente,2026-01-08,2026,2026-01,0,96,0.51
186669,G02,Oriente,2026-01-09,2026,2026-01,8.62,96,9.13
186669,G02,Oriente,2026-01-10,2026,2026-01,1.5,96,10.63
186669,G02,Oriente,2026-01-11,2026,2026-01,0,96,10.63
186669,G02,Oriente,2026-01-12,2026,2026-01,0,96,10.63
186669,G02,Oriente,2026-01-13,2026,2026-01,0.25,96,10.88
186669,G02,Oriente,2026-01-14,2026,2026-01,0,96,10.88
186669,G02,Oriente,2026-01-15,2026,2026-01,0,96,10.88
186669,G02,Oriente,2026-01-16,2026,2026-01,13.21,96,24.09
186669,G02,Oriente,2026-01-17,2026,2026-01,0,96,24.09
186669,G02,Oriente,2026-01-18,2026,2026-01,0,96,24.09
186669,G02,Oriente,2026-01-19,2026,2026-01,0,96,24.09
186669,G02,Oriente,2026-01-20,2026,2026-01,0,96,24.09
186669,G02,Oriente,2026-01-21,2026,2026-01,0,96,24.09
186669,G02,Oriente,2026-01-22,2026,2026-01,0,96,24.09
186669,G02,Oriente,2026-01-23,2026,2026-01,0,96,24.09
186669,G02,Oriente,2026-01-24,2026,2026-01,0,96,24.09
186669,G02,Oriente,2026-01-25,2026,2026-01,0,96,24.09
186669,G02,Oriente,2026-01-26,2026,2026-01,11.44,96,35.53
186669,G02,Oriente,2026-01-27,2026,2026-01,0.25,96,35.78
186669,G02,Oriente,2026-01-28,2026,2026-01,0,96,35.78
186669,G02,Oriente,2026-01-29,2026,2026-01,0,96,35.78
186669,G02,Oriente,2026-01-30,2026,2026-01,3.04,96,38.82
186669,G02,Oriente,2026-01-31,2026,2026-01,4.57,96,43.39
186669,G02,Oriente,2026-02-01,2026,2026-02,0,96,43.39
186669,G02,Oriente,2026-02-02,2026,2026-02,0,96,43.39
186669,G02,Oriente,2026-02-03,2026,2026-02,0,96,43.39
186669,G02,Oriente,2026-02-04,2026,2026-02,0,96,43.39
186669,G02,Oriente,2026-02-05,2026,2026-02,0,96,43.39
186669,G02,Oriente,2026-02-06,2026,2026-02,0,96,43.39
186669,G02,Oriente,2026-02-07,2026,2026-02,0,96,43.39
186669,G02,Oriente,2026-02-08,2026,2026-02,0,96,43.39
186669,G02,Oriente,2026-02-09,2026,2026-02,0,96,43.39
186669,G02,Oriente,2026-02-10,2026,2026-02,0,96,43.39
186669,G02,Oriente,2026-02-11,2026,2026-02,0,96,43.39
186669,G02,Oriente,2026-02-12,2026,2026-02,0,96,43.39
186669,G02,Oriente,2026-02-13,2026,2026-02,0,96,43.39
186669,G02,Oriente,2026-02-14,2026,2026-02,0,96,43.39
186669,G02,Oriente,2026-02-15,2026,2026-02,0,96,43.39
186669,G02,Oriente,2026-02-16,2026,2026-02,0,96,43.39
186669,G02,Oriente,2026-02-17,2026,2026-02,0,96,43.39
186669,G02,Oriente,2026-02-18,2026,2026-02,0,96,43.39
186669,G02,Oriente,2026-02-19,2026,2026-02,0,96,43.39
186669,G02,Oriente,2026-02-20,2026,2026-02,0,96,43.39
186669,G02,Oriente,2026-02-21,2026,2026-02,0,96,43.39
186669,G02,Oriente,2026-02-22,2026,2026-02,0,96,43.39
186669,G02,Oriente,2026-02-23,2026,2026-02,0,96,43.39
186669,G02,Oriente,2026-02-24,2026,2026-02,0,96,43.39
186669,G02,Oriente,2026-02-25,2026,2026-02,0,96,43.39
186669,G02,Oriente,2026-02-26,2026,2026-02,0,96,43.39
186669,G02,Oriente,2026-02-27,2026,2026-02,0,96,43.39
186669,G02,Oriente,2026-02-28,2026,2026-02,0,96,43.39
186669,G02,Oriente,2026-03-01,2026,2026-03,0,96,43.39
186669,G02,Oriente,2026-03-02,2026,2026-03,0,96,43.39
186669,G02,Oriente,2026-03-03,2026,2026-03,0,96,43.39
186669,G02,Oriente,2026-03-04,2026,2026-03,0,96,43.39
186669,G02,Oriente,2026-03-05,2026,2026-03,0,96,43.39
186669,G02,Oriente,2026-03-06,2026,2026-03,0,96,43.39
186669,G02,Oriente,2026-03-07,2026,2026-03,0,96,43.39
186669,G02,Oriente,2026-03-08,2026,2026-03,0,96,43.39
186669,G02,Oriente,2026-03-09,2026,2026-03,0,96,43.39
186669,G02,Oriente,2026-03-10,2026,2026-03,0,96,43.39
186669,G02,Oriente,2026-03-11,2026,2026-03,0,96,43.39
186669,G02,Oriente,2026-03-12,2026,2026-03,0,96,43.39
186669,G02,Oriente,2026-03-13,2026,2026-03,0,96,43.39
186669,G02,Oriente,2026-03-14,2026,2026-03,0,96,43.39
186669,G02,Oriente,2026-03-15,2026,2026-03,0,96,43.39
186669,G02,Oriente,2026-03-16,2026,2026-03,2.28,96,45.67
186669,G02,Oriente,2026-03-17,2026,2026-03,0,96,45.67
186669,G02,Oriente,2026-03-18,2026,2026-03,0,96,45.67
186669,G02,Oriente,2026-03-19,2026,2026-03,0,96,45.67
186669,G02,Oriente,2026-03-20,2026,2026-03,0,96,45.67
186669,G02,Oriente,2026-03-21,2026,2026-03,0,96,45.67
186669,G02,Oriente,2026-03-22,2026,2026-03,0,96,45.67
186669,G02,Oriente,2026-03-23,2026,2026-03,0,96,45.67
186669,G02,Oriente,2026-03-24,2026,2026-03,0,96,45.67
186669,G02,Oriente,2026-03-25,2026,2026-03,0,96,45.67
186669,G02,Oriente,2026-03-26,2026,2026-03,0,96,45.67
186669,G02,Oriente,2026-03-27,2026,2026-03,0,96,45.67
186669,G02,Oriente,2026-03-28,2026,2026-03,0,96,45.67
186669,G02,Oriente,2026-03-29,2026,2026-03,0,96,45.67
186669,G02,Oriente,2026-03-30,2026,2026-03,0,96,45.67
186669,G02,Oriente,2026-03-31,2026,2026-03,0,96,45.67
186669,G02,Oriente,2026-04-01,2026,2026-04,0,96,45.67
186669,G02,Oriente,2026-04-02,2026,2026-04,0,96,45.67
186669,G02,Oriente,2026-04-03,2026,2026-04,0,96,45.67
186669,G02,Oriente,2026-04-04,2026,2026-04,0,96,45.67
186669,G02,Oriente,2026-04-05,2026,2026-04,0,96,45.67
186669,G02,Oriente,2026-04-06,2026,2026-04,0,96,45.67
186669,G02,Oriente,2026-04-07,2026,2026-04,0,96,45.67
186669,G02,Oriente,2026-04-08,2026,2026-04,0,96,45.67
186669,G02,Oriente,2026-04-09,2026,2026-04,0,96,45.67
186669,G02,Oriente,2026-04-10,2026,2026-04,0,96,45.67
186669,G02,Oriente,2026-04-11,2026,2026-04,0,96,45.67
186669,G02,Oriente,2026-04-12,2026,2026-04,0,96,45.67
186669,G02,Oriente,2026-04-13,2026,2026-04,0,96,45.67
186669,G02,Oriente,2026-04-14,2026,2026-04,0,96,45.67
186669,G02,Oriente,2026-04-15,2026,2026-04,0,96,45.67
186669,G02,Oriente,2026-04-16,2026,2026-04,0,96,45.67
186669,G02,Oriente,2026-04-17,2026,2026-04,4.55,96,50.22
186669,G02,Oriente,2026-04-18,2026,2026-04,0,96,50.22
186669,G02,Oriente,2026-04-19,2026,2026-04,0,96,50.22
186669,G02,Oriente,2026-04-20,2026,2026-04,0,96,50.22
186669,G02,Oriente,2026-04-21,2026,2026-04,0,96,50.22
186669,G02,Oriente,2026-04-22,2026,2026-04,0,96,50.22
186669,G02,Oriente,2026-04-23,2026,2026-04,0,96,50.22
186669,G02,Oriente,2026-04-24,2026,2026-04,0,96,50.22
186669,G02,Oriente,2026-04-25,2026,2026-04,18.28,96,68.5
186669,G02,Oriente,2026-04-26,2026,2026-04,0,96,68.5
186669,G02,Oriente,2026-04-27,2026,2026-04,4.81,96,73.31
186669,G02,Oriente,2026-04-28,2026,2026-04,0,96,73.31
186669,G02,Oriente,2026-04-29,2026,2026-04,0,96,73.31
186669,G02,Oriente,2026-04-30,2026,2026-04,0,96,73.31
186669,G02,Oriente,2026-05-01,2026,2026-05,0,96,73.31
186669,G02,Oriente,2026-05-02,2026,2026-05,0,96,73.31
186669,G02,Oriente,2026-05-03,2026,2026-05,0,96,73.31
186669,G02,Oriente,2026-05-04,2026,2026-05,0,96,73.31
186669,G02,Oriente,2026-05-05,2026,2026-05,0,96,73.31
186669,G02,Oriente,2026-05-06,2026,2026-05,0,96,73.31
186669,G02,Oriente,2026-05-07,2026,2026-05,0,96,73.31
186669,G02,Oriente,2026-05-08,2026,2026-05,0,96,73.31
186669,G02,Oriente,2026-05-09,2026,2026-05,0,96,73.31
186669,G02,Oriente,2026-05-10,2026,2026-05,0,96,73.31
186669,G02,Oriente,2026-05-11,2026,2026-05,0,96,73.31
186669,G02,Oriente,2026-05-12,2026,2026-05,0.76,96,74.07
186669,G02,Oriente,2026-05-13,2026,2026-05,0,96,74.07
186669,G02,Oriente,2026-05-14,2026,2026-05,0,96,74.07
186669,G02,Oriente,2026-05-15,2026,2026-05,0,96,74.07
186669,G02,Oriente,2026-05-16,2026,2026-05,0.76,96,74.83
186669,G02,Oriente,2026-05-17,2026,2026-05,0,96,74.83
186669,G02,Oriente,2026-05-18,2026,2026-05,0,96,74.83
186669,G02,Oriente,2026-05-19,2026,2026-05,0,96,74.83
186669,G02,Oriente,2026-05-20,2026,2026-05,0,96,74.83
186669,G02,Oriente,2026-05-21,2026,2026-05,0,96,74.83
186669,G02,Oriente,2026-05-22,2026,2026-05,5.59,96,80.42
186669,G02,Oriente,2026-05-23,2026,2026-05,66.27,96,146.69
186669,G02,Oriente,2026-05-24,2026,2026-05,90.66,96,237.35
186669,G02,Oriente,2026-05-25,2026,2026-05,66.78,96,304.13
186669,G02,Oriente,2026-05-26,2026,2026-05,0,96,304.13
186669,G02,Oriente,2026-05-27,2026,2026-05,0,96,304.13
186669,G02,Oriente,2026-05-28,2026,2026-05,0,96,304.13
186669,G02,Oriente,2026-05-29,2026,2026-05,0,96,304.13
186669,G02,Oriente,2026-05-30,2026,2026-05,28.2,96,332.33
186669,G02,Oriente,2026-05-31,2026,2026-05,7.59,96,339.92
186669,G02,Oriente,2026-06-01,2026,2026-06,0,96,339.92
186669,G02,Oriente,2026-06-02,2026,2026-06,6.36,96,346.28
186669,G02,Oriente,2026-06-03,2026,2026-06,0,96,346.28
186669,G02,Oriente,2026-06-04,2026,2026-06,23.62,96,369.9
186669,G02,Oriente,2026-06-05,2026,2026-06,3.27,96,373.17
186669,G02,Oriente,2026-06-06,2026,2026-06,1.77,96,374.94
186669,G02,Oriente,2026-06-07,2026,2026-06,3.55,96,378.49
186669,G02,Oriente,2026-06-08,2026,2026-06,6.35,96,384.84
186669,G02,Oriente,2026-06-09,2026,2026-06,0,96,384.84
186669,G02,Oriente,2026-06-10,2026,2026-06,0,96,384.84
186669,G02,Oriente,2026-06-11,2026,2026-06,46.74,96,431.58
186669,G02,Oriente,2026-06-12,2026,2026-06,29.21,96,460.79
186669,G02,Oriente,2026-06-13,2026,2026-06,0,96,460.79
186669,G02,Oriente,2026-06-14,2026,2026-06,19.56,96,480.35
186669,G02,Oriente,2026-06-15,2026,2026-06,0.75,96,481.1
186669,G02,Oriente,2026-06-16,2026,2026-06,0,96,481.1
186669,G02,Oriente,2026-06-17,2026,2026-06,8.64,96,489.74
186669,G02,Oriente,2026-06-18,2026,2026-06,13.96,96,503.7
186669,G02,Oriente,2026-06-19,2026,2026-06,2.79,96,506.49
186669,G02,Oriente,2026-06-20,2026,2026-06,5.84,96,512.33
186669,G02,Oriente,2026-06-21,2026,2026-06,0,96,512.33
186669,G02,Oriente,2026-06-22,2026,2026-06,0,96,512.33
186669,G02,Oriente,2026-06-23,2026,2026-06,0,96,512.33
186669,G02,Oriente,2026-06-24,2026,2026-06,26.64,96,538.97
186669,G02,Oriente,2026-06-25,2026,2026-06,0.25,96,539.22
186669,G02,Oriente,2026-06-26,2026,2026-06,0,96,539.22
186669,G02,Oriente,2026-06-27,2026,2026-06,1.27,96,540.49
186669,G02,Oriente,2026-06-28,2026,2026-06,23.87,96,564.36
186669,G02,Oriente,2026-06-29,2026,2026-06,0,96,564.36
186669,G02,Oriente,2026-06-30,2026,2026-06,15.74,96,580.1
186669,G02,Oriente,2026-07-01,2026,2026-07,0,96,580.1
186669,G02,Oriente,2026-07-02,2026,2026-07,3.55,96,583.65
186669,G02,Oriente,2026-07-03,2026,2026-07,12.43,96,596.08
186669,G02,Oriente,2026-07-04,2026,2026-07,0.76,96,596.84
186669,G02,Oriente,2026-07-05,2026,2026-07,17.52,96,614.36
186669,G02,Oriente,2026-07-06,2026,2026-07,0.25,96,614.61
186669,G02,Oriente,2026-07-07,2026,2026-07,1.27,96,615.88
186669,G02,Oriente,2026-07-08,2026,2026-07,0.5,96,616.38
186669,G02,Oriente,2026-07-09,2026,2026-07,0,96,616.38
186669,G02,Oriente,2026-07-10,2026,2026-07,0,96,616.38
186669,G02,Oriente,2026-07-11,2026,2026-07,0.25,96,616.63
186669,G02,Oriente,2026-07-12,2026,2026-07,14.72,96,631.35
186669,G02,Oriente,2026-07-13,2026,2026-07,2.02,96,633.37
186669,G02,Oriente,2026-07-14,2026,2026-07,0,96,633.37
186669,G02,Oriente,2026-07-15,2026,2026-07,2.29,96,635.66
186669,G02,Oriente,2026-07-16,2026,2026-07,0,96,635.66
186669,G02,Oriente,2026-07-17,2026,2026-07,1.26,96,636.92
186669,G02,Oriente,2026-07-18,2026,2026-07,29.72,96,666.64
186669,G02,Oriente,2026-07-19,2026,2026-07,0,96,666.64
186669,G02,Oriente,2026-07-20,2026,2026-07,3.04,96,669.68
186669,G02,Oriente,2026-07-21,2026,2026-07,0,96,669.68
186669,G02,Oriente,2026-07-22,2026,2026-07,0,96,669.68
186669,G02,Oriente,2026-07-23,2026,2026-07,0,96,669.68
186669,G02,Oriente,2026-07-24,2026,2026-07,0,96,669.68
186669,G02,Oriente,2026-07-25,2026,2026-07,12.92,96,682.6
186669,G02,Oriente,2026-07-26,2026,2026-07,2.79,96,685.39
186669,G02,Oriente,2026-07-27,2026,2026-07,0,96,685.39
186669,G02,Oriente,2026-07-28,2026,2026-07,0,96,685.39
186669,G02,Oriente,2026-07-29,2026,2026-07,18.8,96,704.19
186669,G02,Oriente,2026-07-30,2026,2026-07,0.51,96,704.7
186669,G02,Oriente,2026-07-31,2026,2026-07,4.32,96,709.02
186669,G02,Oriente,2026-08-01,2026,2026-08,0,96,709.02
186669,G02,Oriente,2026-08-02,2026,2026-08,0,89,709.02
186730,G04,Oriente,2024-05-23,2024,2024-05,0.25,40,0.25
186730,G04,Oriente,2024-05-24,2024,2024-05,0,96,0.25
186730,G04,Oriente,2024-05-25,2024,2024-05,0,96,0.25
186730,G04,Oriente,2024-05-26,2024,2024-05,11.93,96,12.18
186730,G04,Oriente,2024-05-27,2024,2024-05,2.28,96,14.46
186730,G04,Oriente,2024-05-28,2024,2024-05,10.15,96,24.61
186730,G04,Oriente,2024-05-29,2024,2024-05,0,96,24.61
186730,G04,Oriente,2024-05-30,2024,2024-05,40.63,96,65.24
186730,G04,Oriente,2024-05-31,2024,2024-05,82.55,96,147.79
186730,G04,Oriente,2024-06-01,2024,2024-06,2.8,96,150.59
186730,G04,Oriente,2024-06-02,2024,2024-06,9.9,96,160.49
186730,G04,Oriente,2024-06-03,2024,2024-06,1.78,96,162.27
186730,G04,Oriente,2024-06-04,2024,2024-06,13.7,96,175.97
186730,G04,Oriente,2024-06-05,2024,2024-06,0.8,96,176.77
186730,G04,Oriente,2024-06-06,2024,2024-06,2.4,96,179.17
186730,G04,Oriente,2024-06-07,2024,2024-06,7.2,96,186.37
186730,G04,Oriente,2024-06-08,2024,2024-06,1.2,96,187.57
186730,G04,Oriente,2024-06-09,2024,2024-06,20.6,96,208.17
186730,G04,Oriente,2024-06-10,2024,2024-06,6,96,214.17
186730,G04,Oriente,2024-06-11,2024,2024-06,0,96,214.17
186730,G04,Oriente,2024-06-12,2024,2024-06,0,96,214.17
186730,G04,Oriente,2024-06-13,2024,2024-06,0,96,214.17
186730,G04,Oriente,2024-06-14,2024,2024-06,0,96,214.17
186730,G04,Oriente,2024-06-15,2024,2024-06,1.2,96,215.37
186730,G04,Oriente,2024-06-16,2024,2024-06,4,96,219.37
186730,G04,Oriente,2024-06-17,2024,2024-06,20.2,96,239.57
186730,G04,Oriente,2024-06-18,2024,2024-06,4.6,96,244.17
186730,G04,Oriente,2024-06-19,2024,2024-06,0,96,244.17
186730,G04,Oriente,2024-06-20,2024,2024-06,0,96,244.17
186730,G04,Oriente,2024-06-21,2024,2024-06,26.4,96,270.57
186730,G04,Oriente,2024-06-22,2024,2024-06,41,96,311.57
186730,G04,Oriente,2024-06-23,2024,2024-06,35,96,346.57
186730,G04,Oriente,2024-06-24,2024,2024-06,23.8,96,370.37
186730,G04,Oriente,2024-06-25,2024,2024-06,6,96,376.37
186730,G04,Oriente,2024-06-26,2024,2024-06,2.8,96,379.17
186730,G04,Oriente,2024-06-27,2024,2024-06,0,96,379.17
186730,G04,Oriente,2024-06-28,2024,2024-06,0,96,379.17
186730,G04,Oriente,2024-06-29,2024,2024-06,25,96,404.17
186730,G04,Oriente,2024-06-30,2024,2024-06,5.4,96,409.57
186730,G04,Oriente,2024-07-01,2024,2024-07,0,96,409.57
186730,G04,Oriente,2024-07-02,2024,2024-07,51.4,96,460.97
186730,G04,Oriente,2024-07-03,2024,2024-07,11.6,96,472.57
186730,G04,Oriente,2024-07-04,2024,2024-07,0,96,472.57
186730,G04,Oriente,2024-07-05,2024,2024-07,14.8,96,487.37
186730,G04,Oriente,2024-07-06,2024,2024-07,22.8,96,510.17
186730,G04,Oriente,2024-07-07,2024,2024-07,11.2,96,521.37
186730,G04,Oriente,2024-07-08,2024,2024-07,0.6,96,521.97
186730,G04,Oriente,2024-07-09,2024,2024-07,10.6,96,532.57
186730,G04,Oriente,2024-07-10,2024,2024-07,0,96,532.57
186730,G04,Oriente,2024-07-11,2024,2024-07,21.6,96,554.17
186730,G04,Oriente,2024-07-12,2024,2024-07,4.6,96,558.77
186730,G04,Oriente,2024-07-13,2024,2024-07,0,96,558.77
186730,G04,Oriente,2024-07-14,2024,2024-07,7.2,96,565.97
186730,G04,Oriente,2024-07-15,2024,2024-07,23.2,96,589.17
186730,G04,Oriente,2024-07-16,2024,2024-07,12.6,96,601.77
186730,G04,Oriente,2024-07-17,2024,2024-07,54.8,96,656.57
186730,G04,Oriente,2024-07-18,2024,2024-07,0.2,96,656.77
186730,G04,Oriente,2024-07-19,2024,2024-07,0,96,656.77
186730,G04,Oriente,2024-07-20,2024,2024-07,0,96,656.77
186730,G04,Oriente,2024-07-21,2024,2024-07,9.6,96,666.37
186730,G04,Oriente,2024-07-22,2024,2024-07,12.8,96,679.17
186730,G04,Oriente,2024-07-23,2024,2024-07,23.8,96,702.97
186730,G04,Oriente,2024-07-24,2024,2024-07,0.8,96,703.77
186730,G04,Oriente,2024-07-25,2024,2024-07,0,96,703.77
186730,G04,Oriente,2024-07-26,2024,2024-07,1,96,704.77
186730,G04,Oriente,2024-07-27,2024,2024-07,1.6,96,706.37
186730,G04,Oriente,2024-07-28,2024,2024-07,0,96,706.37
186730,G04,Oriente,2024-07-29,2024,2024-07,5.6,96,711.97
186730,G04,Oriente,2024-07-30,2024,2024-07,0.4,96,712.37
186730,G04,Oriente,2024-07-31,2024,2024-07,23,96,735.37
186730,G04,Oriente,2024-08-01,2024,2024-08,23,96,758.37
186730,G04,Oriente,2024-08-02,2024,2024-08,0.4,96,758.77
186730,G04,Oriente,2024-08-03,2024,2024-08,0,96,758.77
186730,G04,Oriente,2024-08-04,2024,2024-08,0,96,758.77
186730,G04,Oriente,2024-08-05,2024,2024-08,14.4,96,773.17
186730,G04,Oriente,2024-08-06,2024,2024-08,11,96,784.17
186730,G04,Oriente,2024-08-07,2024,2024-08,0,96,784.17
186730,G04,Oriente,2024-08-08,2024,2024-08,0.2,96,784.37
186730,G04,Oriente,2024-08-09,2024,2024-08,0,96,784.37
186730,G04,Oriente,2024-08-10,2024,2024-08,1,96,785.37
186730,G04,Oriente,2024-08-11,2024,2024-08,0,96,785.37
186730,G04,Oriente,2024-08-12,2024,2024-08,0,96,785.37
186730,G04,Oriente,2024-08-13,2024,2024-08,7.6,96,792.97
186730,G04,Oriente,2024-08-14,2024,2024-08,9.2,96,802.17
186730,G04,Oriente,2024-08-15,2024,2024-08,0,96,802.17
186730,G04,Oriente,2024-08-16,2024,2024-08,0,96,802.17
186730,G04,Oriente,2024-08-17,2024,2024-08,0,96,802.17
186730,G04,Oriente,2024-08-18,2024,2024-08,0,96,802.17
186730,G04,Oriente,2024-08-19,2024,2024-08,0,96,802.17
186730,G04,Oriente,2024-08-20,2024,2024-08,0,96,802.17
186730,G04,Oriente,2024-08-21,2024,2024-08,0,96,802.17
186730,G04,Oriente,2024-08-22,2024,2024-08,0,96,802.17
186730,G04,Oriente,2024-08-23,2024,2024-08,0,96,802.17
186730,G04,Oriente,2024-08-24,2024,2024-08,4.6,96,806.77
186730,G04,Oriente,2024-08-25,2024,2024-08,2.2,96,808.97
186730,G04,Oriente,2024-08-26,2024,2024-08,0,96,808.97
186730,G04,Oriente,2024-08-27,2024,2024-08,6.6,96,815.57
186730,G04,Oriente,2024-08-28,2024,2024-08,0.4,96,815.97
186730,G04,Oriente,2024-08-29,2024,2024-08,34,95,849.97
186730,G04,Oriente,2024-08-30,2024,2024-08,0,76,849.97
186730,G04,Oriente,2024-08-31,2024,2024-08,0,36,849.97
186730,G04,Oriente,2024-09-01,2024,2024-09,0,95,849.97
186730,G04,Oriente,2024-09-02,2024,2024-09,0,95,849.97
186730,G04,Oriente,2024-09-03,2024,2024-09,0.2,92,850.17
186730,G04,Oriente,2024-09-04,2024,2024-09,1,95,851.17
186730,G04,Oriente,2024-09-05,2024,2024-09,2.6,96,853.77
186730,G04,Oriente,2024-09-06,2024,2024-09,0,94,853.77
186730,G04,Oriente,2024-09-07,2024,2024-09,1.4,94,855.17
186730,G04,Oriente,2024-09-08,2024,2024-09,0,63,855.17
186730,G04,Oriente,2024-09-09,2024,2024-09,0,95,855.17
186730,G04,Oriente,2024-09-10,2024,2024-09,0,96,855.17
186730,G04,Oriente,2024-09-11,2024,2024-09,0,96,855.17
186730,G04,Oriente,2024-09-12,2024,2024-09,1,94,856.17
186730,G04,Oriente,2024-09-13,2024,2024-09,1,83,857.17
186730,G04,Oriente,2024-09-14,2024,2024-09,11.6,95,868.77
186730,G04,Oriente,2024-09-15,2024,2024-09,0,81,868.77
186730,G04,Oriente,2024-09-16,2024,2024-09,0.2,95,868.97
186730,G04,Oriente,2024-09-17,2024,2024-09,1.2,94,870.17
186730,G04,Oriente,2024-09-18,2024,2024-09,0,96,870.17
186730,G04,Oriente,2024-09-19,2024,2024-09,0.6,94,870.77
186730,G04,Oriente,2024-09-20,2024,2024-09,4.6,90,875.37
186730,G04,Oriente,2024-09-21,2024,2024-09,0,96,875.37
186730,G04,Oriente,2024-09-22,2024,2024-09,0,83,875.37
186730,G04,Oriente,2024-09-23,2024,2024-09,8,94,883.37
186730,G04,Oriente,2024-09-24,2024,2024-09,0,93,883.37
186730,G04,Oriente,2024-09-25,2024,2024-09,0,94,883.37
186730,G04,Oriente,2024-09-26,2024,2024-09,0,95,883.37
186730,G04,Oriente,2024-09-27,2024,2024-09,0,86,883.37
186730,G04,Oriente,2024-09-30,2024,2024-09,0,39,883.37
186730,G04,Oriente,2024-10-01,2024,2024-10,0,93,883.37
186730,G04,Oriente,2024-10-02,2024,2024-10,0,96,883.37
186730,G04,Oriente,2024-10-03,2024,2024-10,0,95,883.37
186730,G04,Oriente,2024-10-04,2024,2024-10,0,96,883.37
186730,G04,Oriente,2024-10-05,2024,2024-10,11,95,894.37
186730,G04,Oriente,2024-10-06,2024,2024-10,0,91,894.37
186730,G04,Oriente,2024-10-07,2024,2024-10,0,96,894.37
186730,G04,Oriente,2024-10-08,2024,2024-10,0,95,894.37
186730,G04,Oriente,2024-10-09,2024,2024-10,0,76,894.37
186730,G04,Oriente,2024-10-10,2024,2024-10,0,83,894.37
186730,G04,Oriente,2024-10-11,2024,2024-10,0,96,894.37
186730,G04,Oriente,2024-10-12,2024,2024-10,0,96,894.37
186730,G04,Oriente,2024-10-13,2024,2024-10,0.8,96,895.17
186730,G04,Oriente,2024-10-14,2024,2024-10,0,83,895.17
186730,G04,Oriente,2024-10-15,2024,2024-10,0,80,895.17
186730,G04,Oriente,2024-10-16,2024,2024-10,6.6,83,901.77
186730,G04,Oriente,2024-10-17,2024,2024-10,0,19,901.77
186730,G04,Oriente,2024-10-18,2024,2024-10,0,80,901.77
186730,G04,Oriente,2024-10-19,2024,2024-10,0,96,901.77
186730,G04,Oriente,2024-10-20,2024,2024-10,8.6,89,910.37
186730,G04,Oriente,2024-10-21,2024,2024-10,0,91,910.37
186730,G04,Oriente,2024-10-22,2024,2024-10,0,95,910.37
186730,G04,Oriente,2024-10-23,2024,2024-10,0,57,910.37
186730,G04,Oriente,2024-10-25,2024,2024-10,0,53,910.37
186730,G04,Oriente,2024-10-26,2024,2024-10,0,45,910.37
186730,G04,Oriente,2024-10-27,2024,2024-10,0,54,910.37
186730,G04,Oriente,2024-10-28,2024,2024-10,0.2,36,910.57
186730,G04,Oriente,2024-10-29,2024,2024-10,0,81,910.57
186730,G04,Oriente,2024-10-30,2024,2024-10,0,91,910.57
186730,G04,Oriente,2024-11-02,2024,2024-11,0,4,910.57
186730,G04,Oriente,2024-11-03,2024,2024-11,0,61,910.57
186730,G04,Oriente,2024-11-04,2024,2024-11,0,93,910.57
186730,G04,Oriente,2024-11-05,2024,2024-11,0,83,910.57
186730,G04,Oriente,2024-11-06,2024,2024-11,0,19,910.57
186730,G04,Oriente,2024-11-07,2024,2024-11,0,11,910.57
186730,G04,Oriente,2024-11-08,2024,2024-11,0,94,910.57
186730,G04,Oriente,2024-11-09,2024,2024-11,15.2,96,925.77
186730,G04,Oriente,2024-11-10,2024,2024-11,0,91,925.77
186730,G04,Oriente,2024-11-11,2024,2024-11,0,22,925.77
186730,G04,Oriente,2024-11-12,2024,2024-11,0,48,925.77
186730,G04,Oriente,2024-11-13,2024,2024-11,0,10,925.77
186730,G04,Oriente,2024-11-14,2024,2024-11,0,86,925.77
186730,G04,Oriente,2024-11-15,2024,2024-11,0,96,925.77
186730,G04,Oriente,2024-11-16,2024,2024-11,0,96,925.77
186730,G04,Oriente,2024-11-17,2024,2024-11,3.6,96,929.37
186730,G04,Oriente,2024-11-18,2024,2024-11,0.2,65,929.57
186730,G04,Oriente,2024-11-19,2024,2024-11,0,8,929.57
186730,G04,Oriente,2024-11-20,2024,2024-11,0,18,929.57
186730,G04,Oriente,2024-11-21,2024,2024-11,0,95,929.57
186730,G04,Oriente,2024-11-22,2024,2024-11,0,77,929.57
186730,G04,Oriente,2024-11-23,2024,2024-11,0,95,929.57
186730,G04,Oriente,2024-11-24,2024,2024-11,0,96,929.57
186730,G04,Oriente,2024-11-25,2024,2024-11,0,19,929.57
186730,G04,Oriente,2024-11-28,2024,2024-11,0,25,929.57
186730,G04,Oriente,2024-11-29,2024,2024-11,0,45,929.57
186730,G04,Oriente,2024-11-30,2024,2024-11,1,58,930.57
186730,G04,Oriente,2024-12-01,2024,2024-12,0,62,930.57
186730,G04,Oriente,2025-01-21,2025,2025-01,0.2,4,0.2
186730,G04,Oriente,2025-01-22,2025,2025-01,0,96,0.2
186730,G04,Oriente,2025-01-23,2025,2025-01,0,96,0.2
186730,G04,Oriente,2025-01-24,2025,2025-01,0,96,0.2
186730,G04,Oriente,2025-01-25,2025,2025-01,0,51,0.2
186730,G04,Oriente,2025-01-26,2025,2025-01,0,44,0.2
186730,G04,Oriente,2025-01-27,2025,2025-01,0,91,0.2
186730,G04,Oriente,2025-01-28,2025,2025-01,0,93,0.2
186730,G04,Oriente,2025-01-29,2025,2025-01,0,80,0.2
186730,G04,Oriente,2025-01-30,2025,2025-01,0,29,0.2
186730,G04,Oriente,2025-01-31,2025,2025-01,0,95,0.2
186730,G04,Oriente,2025-02-01,2025,2025-02,0,67,0.2
186730,G04,Oriente,2025-02-02,2025,2025-02,0,96,0.2
186730,G04,Oriente,2025-02-03,2025,2025-02,0,96,0.2
186730,G04,Oriente,2025-02-04,2025,2025-02,0,96,0.2
186730,G04,Oriente,2025-02-05,2025,2025-02,0,96,0.2
186730,G04,Oriente,2025-02-06,2025,2025-02,0,96,0.2
186730,G04,Oriente,2025-02-07,2025,2025-02,0,81,0.2
186730,G04,Oriente,2025-02-08,2025,2025-02,0,96,0.2
186730,G04,Oriente,2025-02-09,2025,2025-02,0,96,0.2
186730,G04,Oriente,2025-02-10,2025,2025-02,0,95,0.2
186730,G04,Oriente,2025-02-11,2025,2025-02,0,78,0.2
186730,G04,Oriente,2025-02-12,2025,2025-02,0,96,0.2
186730,G04,Oriente,2025-02-13,2025,2025-02,0,89,0.2
186730,G04,Oriente,2025-02-14,2025,2025-02,0,96,0.2
186730,G04,Oriente,2025-02-15,2025,2025-02,0,96,0.2
186730,G04,Oriente,2025-02-16,2025,2025-02,0,96,0.2
186730,G04,Oriente,2025-02-17,2025,2025-02,0,96,0.2
186730,G04,Oriente,2025-02-18,2025,2025-02,0,81,0.2
186730,G04,Oriente,2025-02-19,2025,2025-02,0,96,0.2
186730,G04,Oriente,2025-02-20,2025,2025-02,0,95,0.2
186730,G04,Oriente,2025-02-21,2025,2025-02,0,81,0.2
186730,G04,Oriente,2025-02-22,2025,2025-02,0,96,0.2
186730,G04,Oriente,2025-02-23,2025,2025-02,0,96,0.2
186730,G04,Oriente,2025-02-24,2025,2025-02,0,85,0.2
186730,G04,Oriente,2025-02-25,2025,2025-02,0,80,0.2
186730,G04,Oriente,2025-02-26,2025,2025-02,0,84,0.2
186730,G04,Oriente,2025-02-27,2025,2025-02,0,81,0.2
186730,G04,Oriente,2025-02-28,2025,2025-02,0,35,0.2
186730,G04,Oriente,2025-03-01,2025,2025-03,0,72,0.2
186730,G04,Oriente,2025-03-05,2025,2025-03,0,30,0.2
186730,G04,Oriente,2025-03-06,2025,2025-03,0,77,0.2
186730,G04,Oriente,2025-03-07,2025,2025-03,0,80,0.2
186730,G04,Oriente,2025-03-08,2025,2025-03,0,96,0.2
186730,G04,Oriente,2025-03-09,2025,2025-03,0,66,0.2
186730,G04,Oriente,2025-03-10,2025,2025-03,0,96,0.2
186730,G04,Oriente,2025-03-11,2025,2025-03,0,96,0.2
186730,G04,Oriente,2025-03-12,2025,2025-03,0,96,0.2
186730,G04,Oriente,2025-03-13,2025,2025-03,0,79,0.2
186730,G04,Oriente,2025-03-14,2025,2025-03,0,85,0.2
186730,G04,Oriente,2025-03-15,2025,2025-03,0,96,0.2
186730,G04,Oriente,2025-03-16,2025,2025-03,0,91,0.2
186730,G04,Oriente,2025-03-17,2025,2025-03,0,82,0.2
186730,G04,Oriente,2025-03-18,2025,2025-03,0,79,0.2
186730,G04,Oriente,2025-03-19,2025,2025-03,0.2,47,0.4
186730,G04,Oriente,2025-03-20,2025,2025-03,0,85,0.4
186730,G04,Oriente,2025-03-21,2025,2025-03,0,90,0.4
186730,G04,Oriente,2025-03-22,2025,2025-03,0,96,0.4
186730,G04,Oriente,2025-03-23,2025,2025-03,0,96,0.4
186730,G04,Oriente,2025-03-24,2025,2025-03,0,82,0.4
186730,G04,Oriente,2025-03-25,2025,2025-03,0,96,0.4
186730,G04,Oriente,2025-03-26,2025,2025-03,0,84,0.4
186730,G04,Oriente,2025-03-27,2025,2025-03,0,85,0.4
186730,G04,Oriente,2025-03-28,2025,2025-03,0,80,0.4
186730,G04,Oriente,2025-03-29,2025,2025-03,0,96,0.4
186730,G04,Oriente,2025-03-30,2025,2025-03,0,96,0.4
186730,G04,Oriente,2025-03-31,2025,2025-03,0,96,0.4
186730,G04,Oriente,2025-04-01,2025,2025-04,0,81,0.4
186730,G04,Oriente,2025-04-02,2025,2025-04,0,93,0.4
186730,G04,Oriente,2025-04-03,2025,2025-04,0,81,0.4
186730,G04,Oriente,2025-04-04,2025,2025-04,0,96,0.4
186730,G04,Oriente,2025-04-05,2025,2025-04,0,96,0.4
186730,G04,Oriente,2025-04-06,2025,2025-04,0,96,0.4
186730,G04,Oriente,2025-04-07,2025,2025-04,0,88,0.4
186730,G04,Oriente,2025-04-08,2025,2025-04,0,25,0.4
186730,G04,Oriente,2025-04-10,2025,2025-04,0,91,0.4
186730,G04,Oriente,2025-04-11,2025,2025-04,0,79,0.4
186730,G04,Oriente,2025-04-12,2025,2025-04,0,45,0.4
186730,G04,Oriente,2025-04-21,2025,2025-04,0,9,0.4
186730,G04,Oriente,2025-04-22,2025,2025-04,0,92,0.4
186730,G04,Oriente,2025-04-23,2025,2025-04,2.2,73,2.6
186730,G04,Oriente,2025-04-24,2025,2025-04,4.4,4,7
186730,G04,Oriente,2025-04-25,2025,2025-04,0.2,44,7.2
186730,G04,Oriente,2025-04-26,2025,2025-04,0.2,96,7.4
186730,G04,Oriente,2025-04-27,2025,2025-04,0,96,7.4
186730,G04,Oriente,2025-04-28,2025,2025-04,0,80,7.4
186730,G04,Oriente,2025-04-29,2025,2025-04,0,96,7.4
186730,G04,Oriente,2025-04-30,2025,2025-04,0,96,7.4
186730,G04,Oriente,2025-05-01,2025,2025-05,0,96,7.4
186730,G04,Oriente,2025-05-02,2025,2025-05,0,76,7.4
186730,G04,Oriente,2025-05-03,2025,2025-05,0,96,7.4
186730,G04,Oriente,2025-05-04,2025,2025-05,0,84,7.4
186730,G04,Oriente,2025-05-05,2025,2025-05,0.4,96,7.8
186730,G04,Oriente,2025-05-06,2025,2025-05,0,96,7.8
186730,G04,Oriente,2025-05-07,2025,2025-05,0.6,96,8.4
186730,G04,Oriente,2025-05-08,2025,2025-05,0.4,91,8.8
186730,G04,Oriente,2025-05-09,2025,2025-05,0,81,8.8
186730,G04,Oriente,2025-05-10,2025,2025-05,0,96,8.8
186730,G04,Oriente,2025-05-11,2025,2025-05,0,96,8.8
186730,G04,Oriente,2025-05-12,2025,2025-05,0,90,8.8
186730,G04,Oriente,2025-05-13,2025,2025-05,0,96,8.8
186730,G04,Oriente,2025-05-14,2025,2025-05,4.8,96,13.6
186730,G04,Oriente,2025-05-15,2025,2025-05,2,80,15.6
186730,G04,Oriente,2025-05-16,2025,2025-05,1.6,96,17.2
186730,G04,Oriente,2025-05-17,2025,2025-05,0,96,17.2
186730,G04,Oriente,2025-05-18,2025,2025-05,2,95,19.2
186730,G04,Oriente,2025-05-19,2025,2025-05,4.6,86,23.8
186730,G04,Oriente,2025-05-20,2025,2025-05,1.8,96,25.6
186730,G04,Oriente,2025-05-21,2025,2025-05,0,94,25.6
186730,G04,Oriente,2025-05-22,2025,2025-05,0.2,96,25.8
186730,G04,Oriente,2025-05-23,2025,2025-05,0,95,25.8
186730,G04,Oriente,2025-05-24,2025,2025-05,0,96,25.8
186730,G04,Oriente,2025-05-25,2025,2025-05,7.6,96,33.4
186730,G04,Oriente,2025-05-26,2025,2025-05,0,96,33.4
186730,G04,Oriente,2025-05-27,2025,2025-05,1.6,96,35
186730,G04,Oriente,2025-05-28,2025,2025-05,0,96,35
186730,G04,Oriente,2025-05-29,2025,2025-05,0,96,35
186730,G04,Oriente,2025-05-30,2025,2025-05,2.4,95,37.4
186730,G04,Oriente,2025-05-31,2025,2025-05,0,84,37.4
186730,G04,Oriente,2025-06-01,2025,2025-06,2,91,39.4
186730,G04,Oriente,2025-06-02,2025,2025-06,0.2,96,39.6
186730,G04,Oriente,2025-06-03,2025,2025-06,0,45,39.6
186730,G04,Oriente,2025-06-04,2025,2025-06,0,18,39.6
186730,G04,Oriente,2025-06-05,2025,2025-06,0,96,39.6
186730,G04,Oriente,2025-06-06,2025,2025-06,3,93,42.6
186730,G04,Oriente,2025-06-07,2025,2025-06,1.4,96,44
186730,G04,Oriente,2025-06-08,2025,2025-06,0,96,44
186730,G04,Oriente,2025-06-09,2025,2025-06,0,95,44
186730,G04,Oriente,2025-06-10,2025,2025-06,7.2,96,51.2
186730,G04,Oriente,2025-06-11,2025,2025-06,3.4,96,54.6
186730,G04,Oriente,2025-06-12,2025,2025-06,7.6,96,62.2
186730,G04,Oriente,2025-06-13,2025,2025-06,21.8,96,84
186730,G04,Oriente,2025-06-14,2025,2025-06,0,96,84
186730,G04,Oriente,2025-06-15,2025,2025-06,0,96,84
186730,G04,Oriente,2025-06-16,2025,2025-06,0,96,84
186730,G04,Oriente,2025-06-17,2025,2025-06,0,96,84
186730,G04,Oriente,2025-06-18,2025,2025-06,0,96,84
186730,G04,Oriente,2025-06-19,2025,2025-06,1.6,95,85.6
186730,G04,Oriente,2025-06-20,2025,2025-06,0,96,85.6
186730,G04,Oriente,2025-06-21,2025,2025-06,9.2,96,94.8
186730,G04,Oriente,2025-06-22,2025,2025-06,16.2,96,111
186730,G04,Oriente,2025-06-23,2025,2025-06,5.4,96,116.4
186730,G04,Oriente,2025-06-24,2025,2025-06,0.8,96,117.2
186730,G04,Oriente,2025-06-25,2025,2025-06,1.4,96,118.6
186730,G04,Oriente,2025-06-26,2025,2025-06,1.6,96,120.2
186730,G04,Oriente,2025-06-27,2025,2025-06,0,96,120.2
186730,G04,Oriente,2025-06-28,2025,2025-06,1.4,96,121.6
186730,G04,Oriente,2025-06-29,2025,2025-06,18.6,96,140.2
186730,G04,Oriente,2025-06-30,2025,2025-06,0.4,96,140.6
186730,G04,Oriente,2025-07-01,2025,2025-07,0,96,140.6
186730,G04,Oriente,2025-07-02,2025,2025-07,0,96,140.6
186730,G04,Oriente,2025-07-03,2025,2025-07,0.6,96,141.2
186730,G04,Oriente,2025-07-04,2025,2025-07,38,96,179.2
186730,G04,Oriente,2025-07-05,2025,2025-07,0,96,179.2
186730,G04,Oriente,2025-07-06,2025,2025-07,0,96,179.2
186730,G04,Oriente,2025-07-07,2025,2025-07,0,94,179.2
186730,G04,Oriente,2025-07-08,2025,2025-07,0,96,179.2
186730,G04,Oriente,2025-07-09,2025,2025-07,3.8,96,183
186730,G04,Oriente,2025-07-10,2025,2025-07,0,95,183
186730,G04,Oriente,2025-07-11,2025,2025-07,13.6,93,196.6
186730,G04,Oriente,2025-07-12,2025,2025-07,22.8,90,219.4
186730,G04,Oriente,2025-07-13,2025,2025-07,0,96,219.4
186730,G04,Oriente,2025-07-14,2025,2025-07,0,96,219.4
186730,G04,Oriente,2025-07-15,2025,2025-07,0,96,219.4
186730,G04,Oriente,2025-07-16,2025,2025-07,2.2,92,221.6
186730,G04,Oriente,2025-07-17,2025,2025-07,0,80,221.6
186730,G04,Oriente,2025-07-18,2025,2025-07,0,92,221.6
186730,G04,Oriente,2025-07-19,2025,2025-07,6,95,227.6
186730,G04,Oriente,2025-07-20,2025,2025-07,3.8,85,231.4
186730,G04,Oriente,2025-07-21,2025,2025-07,0,82,231.4
186730,G04,Oriente,2025-07-22,2025,2025-07,1,91,232.4
186730,G04,Oriente,2025-07-23,2025,2025-07,0,96,232.4
186730,G04,Oriente,2025-07-24,2025,2025-07,51.8,83,284.2
186730,G04,Oriente,2025-07-25,2025,2025-07,0.2,95,284.4
186730,G04,Oriente,2025-07-26,2025,2025-07,0,96,284.4
186730,G04,Oriente,2025-07-27,2025,2025-07,0.8,96,285.2
186730,G04,Oriente,2025-07-28,2025,2025-07,0,96,285.2
186730,G04,Oriente,2025-07-29,2025,2025-07,0,96,285.2
186730,G04,Oriente,2025-07-30,2025,2025-07,0,93,285.2
186730,G04,Oriente,2025-07-31,2025,2025-07,0,59,285.2
186730,G04,Oriente,2025-08-01,2025,2025-08,0,96,285.2
186730,G04,Oriente,2025-08-02,2025,2025-08,0.2,96,285.4
186730,G04,Oriente,2025-08-03,2025,2025-08,5.8,96,291.2
186730,G04,Oriente,2025-08-04,2025,2025-08,0,88,291.2
186730,G04,Oriente,2025-08-05,2025,2025-08,0.6,83,291.8
186730,G04,Oriente,2025-08-06,2025,2025-08,0,86,291.8
186730,G04,Oriente,2025-08-07,2025,2025-08,1.4,93,293.2
186730,G04,Oriente,2025-08-08,2025,2025-08,3,94,296.2
186730,G04,Oriente,2025-08-09,2025,2025-08,28.8,96,325
186730,G04,Oriente,2025-08-10,2025,2025-08,37,96,362
186730,G04,Oriente,2025-08-11,2025,2025-08,0,21,362
186730,G04,Oriente,2025-08-12,2025,2025-08,2.6,91,364.6
186730,G04,Oriente,2025-08-13,2025,2025-08,0,80,364.6
186730,G04,Oriente,2025-08-14,2025,2025-08,7.8,96,372.4
186730,G04,Oriente,2025-08-15,2025,2025-08,1,96,373.4
186730,G04,Oriente,2025-08-16,2025,2025-08,0,96,373.4
186730,G04,Oriente,2025-08-17,2025,2025-08,0,96,373.4
186730,G04,Oriente,2025-08-18,2025,2025-08,0.2,96,373.6
186730,G04,Oriente,2025-08-19,2025,2025-08,2.2,82,375.8
186730,G04,Oriente,2025-08-20,2025,2025-08,0,77,375.8
186730,G04,Oriente,2025-08-21,2025,2025-08,0,96,375.8
186730,G04,Oriente,2025-08-22,2025,2025-08,24,96,399.8
186730,G04,Oriente,2025-08-23,2025,2025-08,0.2,96,400
186730,G04,Oriente,2025-08-24,2025,2025-08,3,92,403
186730,G04,Oriente,2025-08-25,2025,2025-08,0,88,403
186730,G04,Oriente,2025-08-26,2025,2025-08,1.6,96,404.6
186730,G04,Oriente,2025-08-27,2025,2025-08,53.8,94,458.4
186730,G04,Oriente,2025-08-28,2025,2025-08,0.2,93,458.6
186730,G04,Oriente,2025-08-29,2025,2025-08,0,96,458.6
186730,G04,Oriente,2025-08-30,2025,2025-08,0,94,458.6
186730,G04,Oriente,2025-08-31,2025,2025-08,0,96,458.6
186730,G04,Oriente,2025-09-01,2025,2025-09,0,88,458.6
186730,G04,Oriente,2025-09-02,2025,2025-09,0.4,96,459
186730,G04,Oriente,2025-09-03,2025,2025-09,0.4,95,459.4
186730,G04,Oriente,2025-09-04,2025,2025-09,0.2,93,459.6
186730,G04,Oriente,2025-09-05,2025,2025-09,16.2,96,475.8
186730,G04,Oriente,2025-09-06,2025,2025-09,13,96,488.8
186730,G04,Oriente,2025-09-07,2025,2025-09,0,96,488.8
186730,G04,Oriente,2025-09-08,2025,2025-09,25.4,96,514.2
186730,G04,Oriente,2025-09-09,2025,2025-09,0,95,514.2
186730,G04,Oriente,2025-09-10,2025,2025-09,0,94,514.2
186730,G04,Oriente,2025-09-11,2025,2025-09,0,93,514.2
186730,G04,Oriente,2025-09-12,2025,2025-09,0.2,96,514.4
186730,G04,Oriente,2025-09-13,2025,2025-09,0,96,514.4
186730,G04,Oriente,2025-09-14,2025,2025-09,7,67,521.4
186730,G04,Oriente,2025-09-15,2025,2025-09,0,96,521.4
186730,G04,Oriente,2025-09-16,2025,2025-09,0,89,521.4
186730,G04,Oriente,2025-09-17,2025,2025-09,0,96,521.4
186730,G04,Oriente,2025-09-18,2025,2025-09,7.4,96,528.8
186730,G04,Oriente,2025-09-19,2025,2025-09,0,42,528.8
186730,G04,Oriente,2025-09-30,2025,2025-09,0,19,528.8
186730,G04,Oriente,2025-10-01,2025,2025-10,0,88,528.8
186730,G04,Oriente,2025-10-02,2025,2025-10,0,87,528.8
186730,G04,Oriente,2025-10-03,2025,2025-10,0,73,528.8
186730,G04,Oriente,2025-10-04,2025,2025-10,0,84,528.8
186730,G04,Oriente,2025-10-05,2025,2025-10,2,76,530.8
186730,G04,Oriente,2025-10-06,2025,2025-10,0,96,530.8
186730,G04,Oriente,2025-10-07,2025,2025-10,0,82,530.8
186730,G04,Oriente,2025-10-08,2025,2025-10,0,93,530.8
186730,G04,Oriente,2025-10-09,2025,2025-10,0.2,92,531
186730,G04,Oriente,2025-10-10,2025,2025-10,10,96,541
186730,G04,Oriente,2025-10-11,2025,2025-10,0,92,541
186730,G04,Oriente,2025-10-12,2025,2025-10,1.4,68,542.4
186730,G04,Oriente,2025-10-13,2025,2025-10,0,96,542.4
186730,G04,Oriente,2025-10-14,2025,2025-10,0,96,542.4
186730,G04,Oriente,2025-10-15,2025,2025-10,0,91,542.4
186730,G04,Oriente,2025-10-16,2025,2025-10,0.2,92,542.6
186730,G04,Oriente,2025-10-17,2025,2025-10,14,93,556.6
186730,G04,Oriente,2025-10-18,2025,2025-10,1.4,88,558
186730,G04,Oriente,2025-10-19,2025,2025-10,23.6,95,581.6
186730,G04,Oriente,2025-10-20,2025,2025-10,1.4,75,583
186730,G04,Oriente,2025-10-21,2025,2025-10,2.6,44,585.6
186730,G04,Oriente,2025-10-22,2025,2025-10,0,94,585.6
186730,G04,Oriente,2025-10-23,2025,2025-10,0,92,585.6
186730,G04,Oriente,2025-10-24,2025,2025-10,0,43,585.6
186730,G04,Oriente,2025-10-25,2025,2025-10,0,96,585.6
186730,G04,Oriente,2025-10-26,2025,2025-10,0,80,585.6
186730,G04,Oriente,2025-10-27,2025,2025-10,0,96,585.6
186730,G04,Oriente,2025-10-28,2025,2025-10,0.2,77,585.8
186730,G04,Oriente,2025-10-29,2025,2025-10,0,77,585.8
186730,G04,Oriente,2025-10-30,2025,2025-10,0,80,585.8
186730,G04,Oriente,2025-10-31,2025,2025-10,0,81,585.8
186730,G04,Oriente,2025-11-01,2025,2025-11,2,94,587.8
186730,G04,Oriente,2025-11-02,2025,2025-11,0.4,96,588.2
186730,G04,Oriente,2025-11-03,2025,2025-11,0,78,588.2
186730,G04,Oriente,2025-11-04,2025,2025-11,0,96,588.2
186730,G04,Oriente,2025-11-05,2025,2025-11,0,83,588.2
186730,G04,Oriente,2025-11-06,2025,2025-11,0,87,588.2
186730,G04,Oriente,2025-11-07,2025,2025-11,0,79,588.2
186730,G04,Oriente,2025-11-08,2025,2025-11,0,96,588.2
186730,G04,Oriente,2025-11-09,2025,2025-11,0,12,588.2
186730,G04,Oriente,2025-11-10,2025,2025-11,0,78,588.2
186730,G04,Oriente,2025-11-11,2025,2025-11,0,78,588.2
186730,G04,Oriente,2025-11-12,2025,2025-11,0.8,86,589
186730,G04,Oriente,2025-11-13,2025,2025-11,0,96,589
186730,G04,Oriente,2025-11-14,2025,2025-11,0,49,589
186730,G04,Oriente,2025-11-20,2025,2025-11,0,35,589
186730,G04,Oriente,2025-11-21,2025,2025-11,0,2,589
186730,G04,Oriente,2025-11-22,2025,2025-11,0,48,589
186730,G04,Oriente,2025-11-23,2025,2025-11,0,9,589
186730,G04,Oriente,2025-11-24,2025,2025-11,0,4,589
186730,G04,Oriente,2025-11-25,2025,2025-11,0,17,589
186730,G04,Oriente,2025-11-27,2025,2025-11,0,18,589
186730,G04,Oriente,2025-11-28,2025,2025-11,0,94,589
186730,G04,Oriente,2025-11-29,2025,2025-11,0,31,589
186730,G04,Oriente,2025-12-02,2025,2025-12,0,15,589
186730,G04,Oriente,2025-12-03,2025,2025-12,0,96,589
186730,G04,Oriente,2025-12-04,2025,2025-12,0,77,589
186730,G04,Oriente,2025-12-05,2025,2025-12,0.8,27,589.8
186730,G04,Oriente,2025-12-07,2025,2025-12,0,13,589.8
186730,G04,Oriente,2025-12-08,2025,2025-12,0,96,589.8
186730,G04,Oriente,2025-12-09,2025,2025-12,0,96,589.8
186730,G04,Oriente,2025-12-10,2025,2025-12,0.2,96,590
186730,G04,Oriente,2025-12-11,2025,2025-12,0,96,590
186730,G04,Oriente,2025-12-12,2025,2025-12,0,86,590
186730,G04,Oriente,2025-12-13,2025,2025-12,3,96,593
186730,G04,Oriente,2025-12-14,2025,2025-12,0,39,593
186730,G04,Oriente,2025-12-15,2025,2025-12,0,36,593
186730,G04,Oriente,2025-12-16,2025,2025-12,0,96,593
186730,G04,Oriente,2025-12-17,2025,2025-12,0,96,593
186730,G04,Oriente,2025-12-18,2025,2025-12,0,90,593
186730,G04,Oriente,2025-12-19,2025,2025-12,0,96,593
186730,G04,Oriente,2025-12-20,2025,2025-12,0,96,593
186730,G04,Oriente,2025-12-21,2025,2025-12,0,96,593
186730,G04,Oriente,2025-12-22,2025,2025-12,0,84,593
186730,G04,Oriente,2025-12-23,2025,2025-12,0,67,593
186730,G04,Oriente,2025-12-24,2025,2025-12,0,11,593
186730,G04,Oriente,2025-12-25,2025,2025-12,0,96,593
186730,G04,Oriente,2025-12-26,2025,2025-12,0,96,593
186730,G04,Oriente,2025-12-27,2025,2025-12,0,78,593
186730,G04,Oriente,2025-12-28,2025,2025-12,0,8,593
186730,G04,Oriente,2026-01-10,2026,2026-01,0,38,0
186730,G04,Oriente,2026-01-11,2026,2026-01,0,96,0
186730,G04,Oriente,2026-01-12,2026,2026-01,0,95,0
186730,G04,Oriente,2026-01-13,2026,2026-01,1.8,96,1.8
186730,G04,Oriente,2026-01-14,2026,2026-01,0.2,96,2
186730,G04,Oriente,2026-01-15,2026,2026-01,0,96,2
186730,G04,Oriente,2026-01-16,2026,2026-01,0,86,2
186730,G04,Oriente,2026-01-17,2026,2026-01,0,96,2
186730,G04,Oriente,2026-01-18,2026,2026-01,0,96,2
186730,G04,Oriente,2026-01-19,2026,2026-01,0,91,2
186730,G04,Oriente,2026-01-20,2026,2026-01,0,95,2
186730,G04,Oriente,2026-01-21,2026,2026-01,0,96,2
186730,G04,Oriente,2026-01-22,2026,2026-01,0,96,2
186730,G04,Oriente,2026-01-23,2026,2026-01,0,79,2
186730,G04,Oriente,2026-01-24,2026,2026-01,0,87,2
186730,G04,Oriente,2026-01-25,2026,2026-01,0,96,2
186730,G04,Oriente,2026-01-26,2026,2026-01,0,55,2
186730,G04,Oriente,2026-01-27,2026,2026-01,0,96,2
186730,G04,Oriente,2026-01-28,2026,2026-01,0,96,2
186730,G04,Oriente,2026-01-29,2026,2026-01,0,96,2
186730,G04,Oriente,2026-01-30,2026,2026-01,0,96,2
186730,G04,Oriente,2026-01-31,2026,2026-01,0,96,2
186730,G04,Oriente,2026-02-01,2026,2026-02,0,93,2
186730,G04,Oriente,2026-02-02,2026,2026-02,0,96,2
186730,G04,Oriente,2026-02-03,2026,2026-02,0,73,2
186730,G04,Oriente,2026-02-04,2026,2026-02,0,96,2
186730,G04,Oriente,2026-02-05,2026,2026-02,0,84,2
186730,G04,Oriente,2026-02-06,2026,2026-02,0,91,2
186730,G04,Oriente,2026-02-07,2026,2026-02,0,82,2
186730,G04,Oriente,2026-02-08,2026,2026-02,0,96,2
186730,G04,Oriente,2026-02-09,2026,2026-02,0,86,2
186730,G04,Oriente,2026-02-10,2026,2026-02,0,96,2
186730,G04,Oriente,2026-02-11,2026,2026-02,0,96,2
186730,G04,Oriente,2026-02-12,2026,2026-02,0,80,2
186730,G04,Oriente,2026-02-13,2026,2026-02,0,80,2
186730,G04,Oriente,2026-02-14,2026,2026-02,0,95,2
186730,G04,Oriente,2026-02-15,2026,2026-02,0,96,2
186730,G04,Oriente,2026-02-16,2026,2026-02,0,96,2
186730,G04,Oriente,2026-02-17,2026,2026-02,0,96,2
186730,G04,Oriente,2026-02-18,2026,2026-02,0,94,2
186730,G04,Oriente,2026-02-19,2026,2026-02,0,75,2
186730,G04,Oriente,2026-02-20,2026,2026-02,0,27,2
186730,G04,Oriente,2026-02-21,2026,2026-02,0,89,2
186730,G04,Oriente,2026-02-22,2026,2026-02,0,96,2
186730,G04,Oriente,2026-02-23,2026,2026-02,0,89,2
186730,G04,Oriente,2026-02-24,2026,2026-02,0,96,2
186730,G04,Oriente,2026-02-25,2026,2026-02,0,71,2
186730,G04,Oriente,2026-02-26,2026,2026-02,0,96,2
186730,G04,Oriente,2026-02-27,2026,2026-02,0,83,2
186730,G04,Oriente,2026-02-28,2026,2026-02,0,90,2
186730,G04,Oriente,2026-03-01,2026,2026-03,0,96,2
186730,G04,Oriente,2026-03-02,2026,2026-03,0,96,2
186730,G04,Oriente,2026-03-03,2026,2026-03,0,81,2
186730,G04,Oriente,2026-03-04,2026,2026-03,0,96,2
186730,G04,Oriente,2026-03-05,2026,2026-03,0,78,2
186730,G04,Oriente,2026-03-06,2026,2026-03,0,81,2
186730,G04,Oriente,2026-03-07,2026,2026-03,0,95,2
186730,G04,Oriente,2026-03-08,2026,2026-03,0,96,2
186730,G04,Oriente,2026-03-09,2026,2026-03,0,81,2
186730,G04,Oriente,2026-03-10,2026,2026-03,0,82,2
186730,G04,Oriente,2026-03-11,2026,2026-03,0,96,2
186730,G04,Oriente,2026-03-12,2026,2026-03,0,47,2
186730,G04,Oriente,2026-03-13,2026,2026-03,0,48,2
186730,G04,Oriente,2026-03-14,2026,2026-03,0,84,2
186730,G04,Oriente,2026-03-15,2026,2026-03,0,96,2
186730,G04,Oriente,2026-03-16,2026,2026-03,6.6,96,8.6
186730,G04,Oriente,2026-03-17,2026,2026-03,0,71,8.6
186730,G04,Oriente,2026-03-18,2026,2026-03,0,96,8.6
186730,G04,Oriente,2026-03-19,2026,2026-03,0,96,8.6
186730,G04,Oriente,2026-03-20,2026,2026-03,0,83,8.6
186730,G04,Oriente,2026-03-21,2026,2026-03,0,96,8.6
186730,G04,Oriente,2026-03-22,2026,2026-03,0,96,8.6
186730,G04,Oriente,2026-03-23,2026,2026-03,0,83,8.6
186730,G04,Oriente,2026-03-24,2026,2026-03,0,79,8.6
186730,G04,Oriente,2026-03-25,2026,2026-03,0,82,8.6
186730,G04,Oriente,2026-03-26,2026,2026-03,0,79,8.6
186730,G04,Oriente,2026-03-27,2026,2026-03,0,80,8.6
186730,G04,Oriente,2026-03-28,2026,2026-03,0,87,8.6
186730,G04,Oriente,2026-03-29,2026,2026-03,0,96,8.6
186730,G04,Oriente,2026-03-30,2026,2026-03,0,96,8.6
186730,G04,Oriente,2026-03-31,2026,2026-03,0,80,8.6
186730,G04,Oriente,2026-04-01,2026,2026-04,0,84,8.6
186730,G04,Oriente,2026-04-02,2026,2026-04,0,96,8.6
186730,G04,Oriente,2026-04-03,2026,2026-04,0,96,8.6
186730,G04,Oriente,2026-04-04,2026,2026-04,0,96,8.6
186730,G04,Oriente,2026-04-05,2026,2026-04,0,96,8.6
186730,G04,Oriente,2026-04-06,2026,2026-04,0,79,8.6
186730,G04,Oriente,2026-04-07,2026,2026-04,0,84,8.6
186730,G04,Oriente,2026-04-08,2026,2026-04,0,82,8.6
186730,G04,Oriente,2026-04-09,2026,2026-04,0,79,8.6
186730,G04,Oriente,2026-04-10,2026,2026-04,0,79,8.6
186730,G04,Oriente,2026-04-11,2026,2026-04,0,86,8.6
186730,G04,Oriente,2026-04-12,2026,2026-04,0,76,8.6
186730,G04,Oriente,2026-04-13,2026,2026-04,0,75,8.6
186730,G04,Oriente,2026-04-14,2026,2026-04,0,76,8.6
186730,G04,Oriente,2026-04-15,2026,2026-04,0,96,8.6
186730,G04,Oriente,2026-04-16,2026,2026-04,0,90,8.6
186730,G04,Oriente,2026-04-17,2026,2026-04,0.4,93,9
186730,G04,Oriente,2026-04-18,2026,2026-04,0,81,9
186730,G04,Oriente,2026-04-19,2026,2026-04,0,96,9
186730,G04,Oriente,2026-04-20,2026,2026-04,0,79,9
186730,G04,Oriente,2026-04-21,2026,2026-04,0,36,9
186730,G04,Oriente,2026-04-22,2026,2026-04,0,76,9
186730,G04,Oriente,2026-04-23,2026,2026-04,0,77,9
186730,G04,Oriente,2026-04-24,2026,2026-04,0,96,9
186730,G04,Oriente,2026-04-25,2026,2026-04,0.4,16,9.4
186730,G04,Oriente,2026-04-26,2026,2026-04,27.6,91,37
186730,G04,Oriente,2026-04-27,2026,2026-04,17,81,54
186730,G04,Oriente,2026-04-28,2026,2026-04,0,80,54
186730,G04,Oriente,2026-04-29,2026,2026-04,0,75,54
186730,G04,Oriente,2026-04-30,2026,2026-04,0,96,54
186730,G04,Oriente,2026-05-01,2026,2026-05,0,76,54
186730,G04,Oriente,2026-05-02,2026,2026-05,0,76,54
186730,G04,Oriente,2026-05-03,2026,2026-05,0,76,54
186730,G04,Oriente,2026-05-04,2026,2026-05,0,74,54
186730,G04,Oriente,2026-05-05,2026,2026-05,0,75,54
186730,G04,Oriente,2026-05-06,2026,2026-05,0,96,54
186730,G04,Oriente,2026-05-07,2026,2026-05,0,65,54
186730,G04,Oriente,2026-05-08,2026,2026-05,0,75,54
186730,G04,Oriente,2026-05-09,2026,2026-05,0,75,54
186730,G04,Oriente,2026-05-10,2026,2026-05,0,96,54
186730,G04,Oriente,2026-05-11,2026,2026-05,0,96,54
186730,G04,Oriente,2026-05-12,2026,2026-05,0,76,54
186730,G04,Oriente,2026-05-13,2026,2026-05,0,91,54
186730,G04,Oriente,2026-05-14,2026,2026-05,0,70,54
186730,G04,Oriente,2026-05-15,2026,2026-05,0,73,54
186730,G04,Oriente,2026-05-16,2026,2026-05,0,76,54
186730,G04,Oriente,2026-05-17,2026,2026-05,0,83,54
186730,G04,Oriente,2026-05-18,2026,2026-05,0,49,54
186730,G04,Oriente,2026-05-19,2026,2026-05,0,76,54
186730,G04,Oriente,2026-05-20,2026,2026-05,0,77,54
186730,G04,Oriente,2026-05-21,2026,2026-05,2.4,88,56.4
186730,G04,Oriente,2026-05-22,2026,2026-05,14.6,95,71
186730,G04,Oriente,2026-05-23,2026,2026-05,0,3,71
186730,G04,Oriente,2026-05-24,2026,2026-05,0,21,71
186730,G04,Oriente,2026-05-25,2026,2026-05,38,88,109
186730,G04,Oriente,2026-05-26,2026,2026-05,0,79,109
186730,G04,Oriente,2026-05-27,2026,2026-05,0,96,109
186730,G04,Oriente,2026-05-28,2026,2026-05,0,75,109
186730,G04,Oriente,2026-05-29,2026,2026-05,0,96,109
186730,G04,Oriente,2026-05-30,2026,2026-05,0,91,109
186730,G04,Oriente,2026-05-31,2026,2026-05,35.6,91,144.6
186730,G04,Oriente,2026-06-01,2026,2026-06,2.6,81,147.2
186730,G04,Oriente,2026-06-02,2026,2026-06,1.2,96,148.4
186730,G04,Oriente,2026-06-03,2026,2026-06,0.8,96,149.2
186730,G04,Oriente,2026-06-04,2026,2026-06,22.4,94,171.6
186730,G04,Oriente,2026-06-05,2026,2026-06,2.8,80,174.4
186730,G04,Oriente,2026-06-06,2026,2026-06,2,95,176.4
186730,G04,Oriente,2026-06-07,2026,2026-06,6.2,96,182.6
186730,G04,Oriente,2026-06-08,2026,2026-06,0.8,57,183.4
186730,G04,Oriente,2026-06-09,2026,2026-06,0,96,183.4
186730,G04,Oriente,2026-06-10,2026,2026-06,0,95,183.4
186730,G04,Oriente,2026-06-11,2026,2026-06,0.8,93,184.2
186730,G04,Oriente,2026-06-12,2026,2026-06,0,94,184.2
186730,G04,Oriente,2026-06-13,2026,2026-06,0,58,184.2
186730,G04,Oriente,2026-06-14,2026,2026-06,0.2,96,184.4
186730,G04,Oriente,2026-06-15,2026,2026-06,0.2,89,184.6
186730,G04,Oriente,2026-06-16,2026,2026-06,0,95,184.6
186730,G04,Oriente,2026-06-17,2026,2026-06,1.4,95,186
186730,G04,Oriente,2026-06-18,2026,2026-06,0.6,94,186.6
186730,G04,Oriente,2026-06-19,2026,2026-06,0.2,96,186.8
186730,G04,Oriente,2026-06-20,2026,2026-06,2.4,95,189.2
186730,G04,Oriente,2026-06-21,2026,2026-06,0,4,189.2
186730,G04,Oriente,2026-06-22,2026,2026-06,11.6,95,200.8
186730,G04,Oriente,2026-06-23,2026,2026-06,0,94,200.8
186730,G04,Oriente,2026-06-24,2026,2026-06,17.8,96,218.6
186730,G04,Oriente,2026-06-25,2026,2026-06,0.2,41,218.8
186730,G04,Oriente,2026-06-26,2026,2026-06,0,21,218.8
186730,G04,Oriente,2026-06-27,2026,2026-06,0,82,218.8
186730,G04,Oriente,2026-06-28,2026,2026-06,1,96,219.8
186730,G04,Oriente,2026-06-29,2026,2026-06,0,80,219.8
186730,G04,Oriente,2026-06-30,2026,2026-06,4.2,89,224
186730,G04,Oriente,2026-07-01,2026,2026-07,0,96,224
186730,G04,Oriente,2026-07-02,2026,2026-07,0,77,224
186730,G04,Oriente,2026-07-03,2026,2026-07,3.6,96,227.6
186730,G04,Oriente,2026-07-04,2026,2026-07,0,76,227.6
186730,G04,Oriente,2026-07-05,2026,2026-07,0,91,227.6
186730,G04,Oriente,2026-07-06,2026,2026-07,14.2,80,241.8
186730,G04,Oriente,2026-07-07,2026,2026-07,0,76,241.8
186730,G04,Oriente,2026-07-08,2026,2026-07,0,76,241.8
186730,G04,Oriente,2026-07-09,2026,2026-07,0,90,241.8
186730,G04,Oriente,2026-07-10,2026,2026-07,17.8,80,259.6
186730,G04,Oriente,2026-07-11,2026,2026-07,0,76,259.6
186730,G04,Oriente,2026-07-12,2026,2026-07,17,78,276.6
186730,G04,Oriente,2026-07-13,2026,2026-07,1.2,87,277.8
186730,G04,Oriente,2026-07-14,2026,2026-07,0,95,277.8
186730,G04,Oriente,2026-07-15,2026,2026-07,0,78,277.8
186730,G04,Oriente,2026-07-16,2026,2026-07,0.2,95,278
186730,G04,Oriente,2026-07-17,2026,2026-07,0,88,278
186730,G04,Oriente,2026-07-18,2026,2026-07,66.6,86,344.6
186730,G04,Oriente,2026-07-19,2026,2026-07,0,37,344.6
186730,G04,Oriente,2026-07-20,2026,2026-07,0.2,81,344.8
186730,G04,Oriente,2026-07-21,2026,2026-07,0,76,344.8
186730,G04,Oriente,2026-07-22,2026,2026-07,0,96,344.8
186730,G04,Oriente,2026-07-23,2026,2026-07,0,92,344.8
186730,G04,Oriente,2026-07-24,2026,2026-07,0,96,344.8
186730,G04,Oriente,2026-07-25,2026,2026-07,4.6,29,349.4
186730,G04,Oriente,2026-07-26,2026,2026-07,1.6,96,351
186730,G04,Oriente,2026-07-27,2026,2026-07,0,76,351
186730,G04,Oriente,2026-07-28,2026,2026-07,0,63,351
186730,G04,Oriente,2026-07-29,2026,2026-07,2,93,353
186730,G04,Oriente,2026-07-30,2026,2026-07,1.8,55,354.8
186730,G04,Oriente,2026-07-31,2026,2026-07,16.2,95,371
186730,G04,Oriente,2026-08-01,2026,2026-08,0,82,371
186730,G04,Oriente,2026-08-02,2026,2026-08,0,79,371
187561,,,2024-06-04,2024,2024-06,0,30,0
187561,,,2024-06-05,2024,2024-06,0,96,0
187561,,,2024-06-06,2024,2024-06,0.2,96,0.2
187561,,,2024-06-07,2024,2024-06,16,96,16.2
187561,,,2024-06-08,2024,2024-06,28.6,96,44.8
187561,,,2024-06-09,2024,2024-06,17.6,94,62.4
187561,,,2024-06-10,2024,2024-06,4.4,96,66.8
187561,,,2024-06-11,2024,2024-06,19,96,85.8
187561,,,2024-06-12,2024,2024-06,3.2,96,89
187561,,,2024-06-13,2024,2024-06,0,96,89
187561,,,2024-06-14,2024,2024-06,29.2,96,118.2
187561,,,2024-06-15,2024,2024-06,13.4,96,131.6
187561,,,2024-06-16,2024,2024-06,0.6,96,132.2
187561,,,2024-06-17,2024,2024-06,11.2,96,143.4
187561,,,2024-06-18,2024,2024-06,0,96,143.4
187561,,,2024-06-19,2024,2024-06,4.2,96,147.6
187561,,,2024-06-20,2024,2024-06,0,96,147.6
187561,,,2024-06-21,2024,2024-06,28.2,96,175.8
187561,,,2024-06-22,2024,2024-06,0,94,175.8
187561,,,2024-06-23,2024,2024-06,7.4,96,183.2
187561,,,2024-06-24,2024,2024-06,0,96,183.2
187561,,,2024-06-25,2024,2024-06,7,96,190.2
187561,,,2024-06-26,2024,2024-06,0.2,96,190.4
187561,,,2024-06-27,2024,2024-06,0,96,190.4
187561,,,2024-06-28,2024,2024-06,1,95,191.4
187561,,,2024-06-29,2024,2024-06,3.2,52,194.6
187561,,,2024-06-30,2024,2024-06,0,26,194.6
187561,,,2024-07-01,2024,2024-07,7.4,96,202
187561,,,2024-07-02,2024,2024-07,10.4,93,212.4
187561,,,2024-07-03,2024,2024-07,0,94,212.4
187561,,,2024-07-04,2024,2024-07,0,94,212.4
187561,,,2024-07-05,2024,2024-07,26,96,238.4
187561,,,2024-07-06,2024,2024-07,9,95,247.4
187561,,,2024-07-07,2024,2024-07,15.4,85,262.8
187561,,,2024-07-08,2024,2024-07,0,96,262.8
187561,,,2024-07-09,2024,2024-07,0,93,262.8
187561,,,2024-07-10,2024,2024-07,0,83,262.8
187561,,,2024-07-11,2024,2024-07,0,95,262.8
187561,,,2024-07-12,2024,2024-07,12.6,88,275.4
187561,,,2024-07-13,2024,2024-07,9.2,91,284.6
187561,,,2024-07-14,2024,2024-07,0.6,96,285.2
187561,,,2024-07-15,2024,2024-07,0,66,285.2
187561,,,2024-07-16,2024,2024-07,0.8,96,286
187561,,,2024-07-17,2024,2024-07,0,82,286
187561,,,2024-07-18,2024,2024-07,0.4,96,286.4
187561,,,2024-07-19,2024,2024-07,0,92,286.4
187561,,,2024-07-20,2024,2024-07,0.4,95,286.8
187561,,,2024-07-21,2024,2024-07,2.2,96,289
187561,,,2024-07-22,2024,2024-07,20.4,69,309.4
187561,,,2024-07-23,2024,2024-07,0,95,309.4
187561,,,2024-07-24,2024,2024-07,2.4,76,311.8
187561,,,2024-07-25,2024,2024-07,6.6,96,318.4
187561,,,2024-07-26,2024,2024-07,6.8,94,325.2
187561,,,2024-07-27,2024,2024-07,10.2,64,335.4
187561,,,2024-07-28,2024,2024-07,0,65,335.4
187561,,,2024-07-29,2024,2024-07,32,89,367.4
187561,,,2024-07-30,2024,2024-07,0.2,96,367.6
187561,,,2024-07-31,2024,2024-07,0,96,367.6
187561,,,2024-08-01,2024,2024-08,0,96,367.6
187561,,,2024-08-02,2024,2024-08,0,92,367.6
187561,,,2024-08-03,2024,2024-08,0.6,96,368.2
187561,,,2024-08-04,2024,2024-08,0,85,368.2
187561,,,2024-08-05,2024,2024-08,11.8,84,380
187561,,,2024-08-06,2024,2024-08,0.4,90,380.4
187561,,,2024-08-07,2024,2024-08,0.8,92,381.2
187561,,,2024-08-08,2024,2024-08,0,93,381.2
187561,,,2024-08-09,2024,2024-08,0,77,381.2
187561,,,2024-08-10,2024,2024-08,0.2,84,381.4
187561,,,2024-08-11,2024,2024-08,0,78,381.4
187561,,,2024-08-12,2024,2024-08,0,56,381.4
187561,,,2024-08-13,2024,2024-08,13.8,89,395.2
187561,,,2024-08-14,2024,2024-08,0,47,395.2
187561,,,2024-08-15,2024,2024-08,0,94,395.2
187561,,,2024-08-16,2024,2024-08,7.6,91,402.8
187561,,,2024-08-17,2024,2024-08,0,3,402.8
187561,,,2024-08-18,2024,2024-08,0,2,402.8
187561,,,2024-08-19,2024,2024-08,0,40,402.8
187561,,,2024-08-20,2024,2024-08,0,91,402.8
187561,,,2024-08-21,2024,2024-08,0,96,402.8
187561,,,2024-08-22,2024,2024-08,0,96,402.8
187561,,,2024-08-23,2024,2024-08,0,80,402.8
187561,,,2024-08-24,2024,2024-08,0,63,402.8
187561,,,2024-08-25,2024,2024-08,0,27,402.8
187561,,,2024-08-26,2024,2024-08,0.6,94,403.4
187561,,,2024-08-27,2024,2024-08,0,73,403.4
187561,,,2024-08-28,2024,2024-08,0,39,403.4
187561,,,2024-08-29,2024,2024-08,0.6,75,404
187561,,,2024-08-30,2024,2024-08,0,36,404
187561,,,2024-08-31,2024,2024-08,0,49,404
187561,,,2024-09-01,2024,2024-09,0,83,404
187561,,,2024-09-02,2024,2024-09,0,79,404
187561,,,2024-09-03,2024,2024-09,0,96,404
187561,,,2024-09-04,2024,2024-09,3.8,75,407.8
187561,,,2024-09-05,2024,2024-09,0.2,81,408
187561,,,2024-09-06,2024,2024-09,0,77,408
187561,,,2024-09-07,2024,2024-09,0,81,408
187561,,,2024-09-08,2024,2024-09,0,91,408
187561,,,2024-09-09,2024,2024-09,0,87,408
187561,,,2024-09-10,2024,2024-09,0,88,408
187561,,,2024-09-11,2024,2024-09,2.4,85,410.4
187561,,,2024-09-12,2024,2024-09,6,90,416.4
187561,,,2024-09-13,2024,2024-09,0,83,416.4
187561,,,2024-09-14,2024,2024-09,0,87,416.4
187561,,,2024-09-15,2024,2024-09,0,95,416.4
187561,,,2024-09-16,2024,2024-09,0.2,88,416.6
187561,,,2024-09-17,2024,2024-09,14,74,430.6
187561,,,2024-09-18,2024,2024-09,0,90,430.6
187561,,,2024-09-19,2024,2024-09,0,90,430.6
187561,,,2024-09-20,2024,2024-09,0.2,70,430.8
187561,,,2024-09-21,2024,2024-09,0,80,430.8
187561,,,2024-09-22,2024,2024-09,2,84,432.8
187561,,,2024-09-23,2024,2024-09,0.8,89,433.6
187561,,,2024-09-24,2024,2024-09,0,95,433.6
187561,,,2024-09-25,2024,2024-09,0,86,433.6
187561,,,2024-09-26,2024,2024-09,0,76,433.6
187561,,,2024-09-27,2024,2024-09,0,96,433.6
187561,,,2024-09-28,2024,2024-09,9.2,96,442.8
187561,,,2024-09-29,2024,2024-09,28.2,96,471
187561,,,2024-09-30,2024,2024-09,0,96,471
187561,,,2024-10-01,2024,2024-10,0,96,471
187561,,,2024-10-02,2024,2024-10,0,96,471
187561,,,2024-10-03,2024,2024-10,0,96,471
187561,,,2024-10-04,2024,2024-10,0,96,471
187561,,,2024-10-05,2024,2024-10,0.4,96,471.4
187561,,,2024-10-06,2024,2024-10,0.4,96,471.8
187561,,,2024-10-07,2024,2024-10,0,96,471.8
187561,,,2024-10-08,2024,2024-10,0.6,96,472.4
187561,,,2024-10-09,2024,2024-10,1,96,473.4
187561,,,2024-10-10,2024,2024-10,0,96,473.4
187561,,,2024-10-11,2024,2024-10,0,96,473.4
187561,,,2024-10-12,2024,2024-10,0,96,473.4
187561,,,2024-10-13,2024,2024-10,2.2,96,475.6
187561,,,2024-10-14,2024,2024-10,0,96,475.6
187561,,,2024-10-15,2024,2024-10,0,96,475.6
187561,,,2024-10-16,2024,2024-10,0,96,475.6
187561,,,2024-10-17,2024,2024-10,0,96,475.6
187561,,,2024-10-18,2024,2024-10,0,96,475.6
187561,,,2024-10-19,2024,2024-10,0,96,475.6
187561,,,2024-10-20,2024,2024-10,0,96,475.6
187561,,,2024-10-21,2024,2024-10,0,96,475.6
187561,,,2024-10-22,2024,2024-10,0,96,475.6
187561,,,2024-10-23,2024,2024-10,1.2,96,476.8
187561,,,2024-10-24,2024,2024-10,0,96,476.8
187561,,,2024-10-25,2024,2024-10,0,96,476.8
187561,,,2024-10-26,2024,2024-10,3.6,96,480.4
187561,,,2024-10-27,2024,2024-10,0,93,480.4
187561,,,2024-10-28,2024,2024-10,0,87,480.4
187561,,,2024-10-29,2024,2024-10,0,92,480.4
187561,,,2024-10-30,2024,2024-10,0,58,480.4
187561,,,2024-10-31,2024,2024-10,0,69,480.4
187561,,,2024-11-01,2024,2024-11,0,96,480.4
187561,,,2024-11-02,2024,2024-11,1,59,481.4
187561,,,2024-11-03,2024,2024-11,0,69,481.4
187561,,,2024-11-04,2024,2024-11,0.2,40,481.6
187561,,,2024-11-05,2024,2024-11,0,95,481.6
187561,,,2024-11-06,2024,2024-11,0,65,481.6
187561,,,2024-11-07,2024,2024-11,4.4,70,486
187561,,,2024-11-08,2024,2024-11,0,70,486
187561,,,2024-11-09,2024,2024-11,0,64,486
187561,,,2024-11-10,2024,2024-11,0.6,70,486.6
187561,,,2024-11-11,2024,2024-11,0,91,486.6
187561,,,2024-11-12,2024,2024-11,0,75,486.6
187561,,,2024-11-13,2024,2024-11,1.2,90,487.8
187561,,,2024-11-14,2024,2024-11,0.2,96,488
187561,,,2024-11-15,2024,2024-11,0,80,488
187561,,,2024-11-16,2024,2024-11,0,81,488
187561,,,2024-11-17,2024,2024-11,1.2,47,489.2
187561,,,2024-11-18,2024,2024-11,0,95,489.2
187561,,,2024-11-19,2024,2024-11,0,77,489.2
187561,,,2024-11-20,2024,2024-11,0,76,489.2
187561,,,2024-11-21,2024,2024-11,0,93,489.2
187561,,,2024-11-22,2024,2024-11,8,68,497.2
187561,,,2024-11-23,2024,2024-11,0.2,86,497.4
187561,,,2024-11-24,2024,2024-11,0,52,497.4
187561,,,2024-11-25,2024,2024-11,0,94,497.4
187561,,,2024-11-26,2024,2024-11,0,83,497.4
187561,,,2024-11-27,2024,2024-11,0,94,497.4
187561,,,2024-11-28,2024,2024-11,3,83,500.4
187561,,,2024-11-29,2024,2024-11,0,79,500.4
187561,,,2024-11-30,2024,2024-11,0,96,500.4
187561,,,2024-12-01,2024,2024-12,0,96,500.4
187561,,,2024-12-02,2024,2024-12,0,88,500.4
187561,,,2024-12-03,2024,2024-12,0,96,500.4
187561,,,2024-12-04,2024,2024-12,0,96,500.4
187561,,,2024-12-05,2024,2024-12,2.8,46,503.2
187561,,,2024-12-06,2024,2024-12,0,96,503.2
187561,,,2024-12-07,2024,2024-12,0,63,503.2
187561,,,2024-12-08,2024,2024-12,0,86,503.2
187561,,,2024-12-09,2024,2024-12,0,77,503.2
187561,,,2024-12-10,2024,2024-12,0,84,503.2
187561,,,2024-12-11,2024,2024-12,0,94,503.2
187561,,,2024-12-12,2024,2024-12,0,92,503.2
187561,,,2024-12-13,2024,2024-12,0,95,503.2
187561,,,2024-12-14,2024,2024-12,0,95,503.2
187561,,,2024-12-15,2024,2024-12,0,96,503.2
187561,,,2024-12-16,2024,2024-12,3.6,74,506.8
187561,,,2024-12-17,2024,2024-12,0,83,506.8
187561,,,2024-12-18,2024,2024-12,0,89,506.8
187561,,,2024-12-19,2024,2024-12,0,50,506.8
187561,,,2024-12-20,2024,2024-12,0,96,506.8
187561,,,2024-12-21,2024,2024-12,0,79,506.8
187561,,,2024-12-22,2024,2024-12,0.2,95,507
187561,,,2024-12-23,2024,2024-12,0,90,507
187561,,,2024-12-24,2024,2024-12,0,90,507
187561,,,2024-12-25,2024,2024-12,0,96,507
187561,,,2024-12-26,2024,2024-12,0,96,507
187561,,,2024-12-27,2024,2024-12,0,96,507
187561,,,2024-12-28,2024,2024-12,0,85,507
187561,,,2024-12-29,2024,2024-12,0,96,507
187561,,,2024-12-30,2024,2024-12,0,92,507
187561,,,2024-12-31,2024,2024-12,0,96,507
187561,,,2025-01-01,2025,2025-01,0,84,0
187561,,,2025-01-02,2025,2025-01,0,94,0
187561,,,2025-01-03,2025,2025-01,0,91,0
187561,,,2025-01-04,2025,2025-01,0,96,0
187561,,,2025-01-05,2025,2025-01,2.6,96,2.6
187561,,,2025-01-06,2025,2025-01,2,74,4.6
187561,,,2025-01-07,2025,2025-01,0.2,93,4.8
187561,,,2025-01-08,2025,2025-01,0,94,4.8
187561,,,2025-01-09,2025,2025-01,0,94,4.8
187561,,,2025-01-10,2025,2025-01,0,89,4.8
187561,,,2025-01-11,2025,2025-01,0,96,4.8
187561,,,2025-01-12,2025,2025-01,0,96,4.8
187561,,,2025-01-13,2025,2025-01,0,87,4.8
187561,,,2025-01-14,2025,2025-01,0,95,4.8
187561,,,2025-01-15,2025,2025-01,0,92,4.8
187561,,,2025-01-16,2025,2025-01,0,90,4.8
187561,,,2025-01-17,2025,2025-01,0,96,4.8
187561,,,2025-01-18,2025,2025-01,0,83,4.8
187561,,,2025-01-19,2025,2025-01,0,63,4.8
187561,,,2025-01-20,2025,2025-01,0,96,4.8
187561,,,2025-01-21,2025,2025-01,0,93,4.8
187561,,,2025-01-22,2025,2025-01,0,91,4.8
187561,,,2025-01-23,2025,2025-01,0,92,4.8
187561,,,2025-01-24,2025,2025-01,0,96,4.8
187561,,,2025-01-25,2025,2025-01,0,81,4.8
187561,,,2025-01-26,2025,2025-01,0,82,4.8
187561,,,2025-01-27,2025,2025-01,0,96,4.8
187561,,,2025-01-28,2025,2025-01,0,90,4.8
187561,,,2025-01-29,2025,2025-01,0.2,96,5
187561,,,2025-01-30,2025,2025-01,3.2,93,8.2
187561,,,2025-01-31,2025,2025-01,3,89,11.2
187561,,,2025-02-01,2025,2025-02,0,85,11.2
187561,,,2025-02-02,2025,2025-02,0,96,11.2
187561,,,2025-02-03,2025,2025-02,0,96,11.2
187561,,,2025-02-04,2025,2025-02,0,91,11.2
187561,,,2025-02-05,2025,2025-02,0,69,11.2
187561,,,2025-02-06,2025,2025-02,0,96,11.2
187561,,,2025-02-07,2025,2025-02,0,96,11.2
187561,,,2025-02-08,2025,2025-02,0,70,11.2
187561,,,2025-02-09,2025,2025-02,0,96,11.2
187561,,,2025-02-10,2025,2025-02,0,88,11.2
187561,,,2025-02-11,2025,2025-02,0,67,11.2
187561,,,2025-02-12,2025,2025-02,0,95,11.2
187561,,,2025-02-13,2025,2025-02,0,80,11.2
187561,,,2025-02-14,2025,2025-02,0,96,11.2
187561,,,2025-02-15,2025,2025-02,0,90,11.2
187561,,,2025-02-16,2025,2025-02,0,89,11.2
187561,,,2025-02-17,2025,2025-02,0,87,11.2
187561,,,2025-02-18,2025,2025-02,0,96,11.2
187561,,,2025-02-19,2025,2025-02,0,79,11.2
187561,,,2025-02-20,2025,2025-02,0,96,11.2
187561,,,2025-02-21,2025,2025-02,0,96,11.2
187561,,,2025-02-22,2025,2025-02,0,96,11.2
187561,,,2025-02-23,2025,2025-02,0,96,11.2
187561,,,2025-02-24,2025,2025-02,0,83,11.2
187561,,,2025-02-25,2025,2025-02,0,93,11.2
187561,,,2025-02-26,2025,2025-02,0,75,11.2
187561,,,2025-02-27,2025,2025-02,0,88,11.2
187561,,,2025-02-28,2025,2025-02,0,86,11.2
187561,,,2025-03-01,2025,2025-03,0,96,11.2
187561,,,2025-03-02,2025,2025-03,0,96,11.2
187561,,,2025-03-03,2025,2025-03,0,92,11.2
187561,,,2025-03-04,2025,2025-03,0,96,11.2
187561,,,2025-03-05,2025,2025-03,0,64,11.2
187561,,,2025-03-06,2025,2025-03,0,41,11.2
187561,,,2025-03-07,2025,2025-03,0,93,11.2
187561,,,2025-03-08,2025,2025-03,0,86,11.2
187561,,,2025-03-09,2025,2025-03,0,77,11.2
187561,,,2025-03-10,2025,2025-03,0,96,11.2
187561,,,2025-03-11,2025,2025-03,0,95,11.2
187561,,,2025-03-12,2025,2025-03,0,78,11.2
187561,,,2025-03-13,2025,2025-03,0,96,11.2
187561,,,2025-03-14,2025,2025-03,0,78,11.2
187561,,,2025-03-15,2025,2025-03,0,96,11.2
187561,,,2025-03-16,2025,2025-03,0,50,11.2
187561,,,2025-03-17,2025,2025-03,0.8,89,12
187561,,,2025-03-18,2025,2025-03,47,75,59
187561,,,2025-03-19,2025,2025-03,0,60,59
187561,,,2025-03-20,2025,2025-03,0,76,59
187561,,,2025-03-21,2025,2025-03,0,83,59
187561,,,2025-03-22,2025,2025-03,0,89,59
187561,,,2025-03-23,2025,2025-03,0,95,59
187561,,,2025-03-24,2025,2025-03,0,96,59
187561,,,2025-03-25,2025,2025-03,0,96,59
187561,,,2025-03-26,2025,2025-03,0,77,59
187561,,,2025-03-27,2025,2025-03,0,96,59
187561,,,2025-03-28,2025,2025-03,0,82,59
187561,,,2025-03-29,2025,2025-03,0,93,59
187561,,,2025-03-30,2025,2025-03,0,80,59
187561,,,2025-03-31,2025,2025-03,0,78,59
187561,,,2025-04-01,2025,2025-04,0,91,59
187561,,,2025-04-02,2025,2025-04,0,85,59
187561,,,2025-04-03,2025,2025-04,0,92,59
187561,,,2025-04-04,2025,2025-04,1.2,93,60.2
187561,,,2025-04-05,2025,2025-04,0,96,60.2
187561,,,2025-04-06,2025,2025-04,0,96,60.2
187561,,,2025-04-07,2025,2025-04,0,96,60.2
187561,,,2025-04-08,2025,2025-04,8.8,94,69
187561,,,2025-04-09,2025,2025-04,0,94,69
187561,,,2025-04-10,2025,2025-04,0,96,69
187561,,,2025-04-11,2025,2025-04,0,80,69
187561,,,2025-04-12,2025,2025-04,0,96,69
187561,,,2025-04-13,2025,2025-04,0,89,69
187561,,,2025-04-14,2025,2025-04,0,87,69
187561,,,2025-04-15,2025,2025-04,0,82,69
187561,,,2025-04-17,2025,2025-04,0,15,69
187561,,,2025-04-18,2025,2025-04,0,89,69
187561,,,2025-04-19,2025,2025-04,0.2,96,69.2
187561,,,2025-04-20,2025,2025-04,20.8,96,90
187561,,,2025-04-21,2025,2025-04,0.4,96,90.4
187561,,,2025-04-22,2025,2025-04,0,96,90.4
187561,,,2025-04-23,2025,2025-04,0,96,90.4
187561,,,2025-04-24,2025,2025-04,0,86,90.4
187561,,,2025-04-25,2025,2025-04,17.4,77,107.8
187561,,,2025-04-26,2025,2025-04,8,95,115.8
187561,,,2025-04-27,2025,2025-04,0,96,115.8
187561,,,2025-04-28,2025,2025-04,0,96,115.8
187561,,,2025-04-29,2025,2025-04,4.6,95,120.4
187561,,,2025-04-30,2025,2025-04,4.8,96,125.2
187561,,,2025-05-01,2025,2025-05,2,96,127.2
187561,,,2025-05-02,2025,2025-05,3,96,130.2
187561,,,2025-05-03,2025,2025-05,48.2,96,178.4
187561,,,2025-05-04,2025,2025-05,0,96,178.4
187561,,,2025-05-05,2025,2025-05,3,95,181.4
187561,,,2025-05-06,2025,2025-05,1.4,96,182.8
187561,,,2025-05-07,2025,2025-05,24.2,96,207
187561,,,2025-05-08,2025,2025-05,0.8,96,207.8
187561,,,2025-05-09,2025,2025-05,1.2,96,209
187561,,,2025-05-10,2025,2025-05,19.2,96,228.2
187561,,,2025-05-11,2025,2025-05,5,96,233.2
187561,,,2025-05-12,2025,2025-05,18.4,96,251.6
187561,,,2025-05-13,2025,2025-05,0,96,251.6
187561,,,2025-05-14,2025,2025-05,68.4,96,320
187561,,,2025-05-15,2025,2025-05,1.4,96,321.4
187561,,,2025-05-16,2025,2025-05,2,96,323.4
187561,,,2025-05-17,2025,2025-05,2,96,325.4
187561,,,2025-05-18,2025,2025-05,6.4,96,331.8
187561,,,2025-05-19,2025,2025-05,16,96,347.8
187561,,,2025-05-20,2025,2025-05,23.4,96,371.2
187561,,,2025-05-21,2025,2025-05,9,96,380.2
187561,,,2025-05-22,2025,2025-05,15,96,395.2
187561,,,2025-05-23,2025,2025-05,0,21,395.2
187561,,,2025-05-25,2025,2025-05,0,51,395.2
187561,,,2025-05-26,2025,2025-05,1.4,82,396.6
187561,,,2025-05-27,2025,2025-05,38.4,96,435
187561,,,2025-05-28,2025,2025-05,0,96,435
187561,,,2025-05-29,2025,2025-05,0,96,435
187561,,,2025-05-30,2025,2025-05,22,96,457
187561,,,2025-05-31,2025,2025-05,9,96,466
187561,,,2025-06-01,2025,2025-06,11,96,477
187561,,,2025-06-02,2025,2025-06,7.4,96,484.4
187561,,,2025-06-03,2025,2025-06,6.2,96,490.6
187561,,,2025-06-04,2025,2025-06,12.4,96,503
187561,,,2025-06-05,2025,2025-06,0,96,503
187561,,,2025-06-06,2025,2025-06,6,96,509
187561,,,2025-06-07,2025,2025-06,10.8,96,519.8
187561,,,2025-06-08,2025,2025-06,0,96,519.8
187561,,,2025-06-09,2025,2025-06,36,96,555.8
187561,,,2025-06-10,2025,2025-06,0,96,555.8
187561,,,2025-06-11,2025,2025-06,7.4,88,563.2
187561,,,2025-06-12,2025,2025-06,67,96,630.2
187561,,,2025-06-13,2025,2025-06,0.4,96,630.6
187561,,,2025-06-14,2025,2025-06,16.2,96,646.8
187561,,,2025-06-15,2025,2025-06,0,96,646.8
187561,,,2025-06-16,2025,2025-06,0,96,646.8
187561,,,2025-06-17,2025,2025-06,0.2,96,647
187561,,,2025-06-18,2025,2025-06,0,96,647
187561,,,2025-06-19,2025,2025-06,6.8,96,653.8
187561,,,2025-06-20,2025,2025-06,15,96,668.8
187561,,,2025-06-21,2025,2025-06,40.8,96,709.6
187561,,,2025-06-22,2025,2025-06,4.2,96,713.8
187561,,,2025-06-23,2025,2025-06,0,63,713.8
187561,,,2025-06-24,2025,2025-06,6,96,719.8
187561,,,2025-06-25,2025,2025-06,30.4,96,750.2
187561,,,2025-06-26,2025,2025-06,0.6,96,750.8
187561,,,2025-06-27,2025,2025-06,3.4,96,754.2
187561,,,2025-06-28,2025,2025-06,0,96,754.2
187561,,,2025-06-29,2025,2025-06,30.8,96,785
187561,,,2025-06-30,2025,2025-06,34.2,88,819.2
187561,,,2025-07-01,2025,2025-07,0,96,819.2
187561,,,2025-07-02,2025,2025-07,22.8,96,842
187561,,,2025-07-03,2025,2025-07,6.8,96,848.8
187561,,,2025-07-04,2025,2025-07,28.4,96,877.2
187561,,,2025-07-05,2025,2025-07,0.4,96,877.6
187561,,,2025-07-06,2025,2025-07,0,96,877.6
187561,,,2025-07-07,2025,2025-07,1.2,96,878.8
187561,,,2025-07-08,2025,2025-07,0,96,878.8
187561,,,2025-07-09,2025,2025-07,65.2,96,944
187561,,,2025-07-10,2025,2025-07,0,96,944
187561,,,2025-07-11,2025,2025-07,10.2,96,954.2
187561,,,2025-07-12,2025,2025-07,8,96,962.2
187561,,,2025-07-13,2025,2025-07,0,96,962.2
187561,,,2025-07-14,2025,2025-07,0,96,962.2
187561,,,2025-07-15,2025,2025-07,18.4,96,980.6
187561,,,2025-07-16,2025,2025-07,0,96,980.6
187561,,,2025-07-17,2025,2025-07,14.2,96,994.8
187561,,,2025-07-18,2025,2025-07,43.4,96,1038.2
187561,,,2025-07-19,2025,2025-07,3,73,1041.2
187561,,,2025-07-21,2025,2025-07,0,42,1041.2
187561,,,2025-07-22,2025,2025-07,0,96,1041.2
187561,,,2025-07-23,2025,2025-07,7,96,1048.2
187561,,,2025-07-24,2025,2025-07,5.2,96,1053.4
187561,,,2025-07-25,2025,2025-07,1.6,96,1055
187561,,,2025-07-26,2025,2025-07,0,96,1055
187561,,,2025-07-27,2025,2025-07,11.4,96,1066.4
187561,,,2025-07-28,2025,2025-07,1.6,96,1068
187561,,,2025-07-29,2025,2025-07,0,96,1068
187561,,,2025-07-30,2025,2025-07,0,96,1068
187561,,,2025-07-31,2025,2025-07,0,96,1068
187561,,,2025-08-01,2025,2025-08,15.4,96,1083.4
187561,,,2025-08-02,2025,2025-08,30,96,1113.4
187561,,,2025-08-03,2025,2025-08,0.2,96,1113.6
187561,,,2025-08-04,2025,2025-08,1.2,96,1114.8
187561,,,2025-08-05,2025,2025-08,17.2,96,1132
187561,,,2025-08-06,2025,2025-08,0,96,1132
187561,,,2025-08-07,2025,2025-08,28.4,96,1160.4
187561,,,2025-08-08,2025,2025-08,31.6,96,1192
187561,,,2025-08-09,2025,2025-08,28.2,96,1220.2
187561,,,2025-08-10,2025,2025-08,0,96,1220.2
187561,,,2025-08-11,2025,2025-08,0,96,1220.2
187561,,,2025-08-12,2025,2025-08,4.6,96,1224.8
187561,,,2025-08-13,2025,2025-08,0,96,1224.8
187561,,,2025-08-14,2025,2025-08,0,96,1224.8
187561,,,2025-08-15,2025,2025-08,15.6,96,1240.4
187561,,,2025-08-16,2025,2025-08,0,96,1240.4
187561,,,2025-08-17,2025,2025-08,8,96,1248.4
187561,,,2025-08-18,2025,2025-08,0,96,1248.4
187561,,,2025-08-19,2025,2025-08,2,96,1250.4
187561,,,2025-08-20,2025,2025-08,0,96,1250.4
187561,,,2025-08-21,2025,2025-08,0,96,1250.4
187561,,,2025-08-22,2025,2025-08,1.6,96,1252
187561,,,2025-08-23,2025,2025-08,0,96,1252
187561,,,2025-08-24,2025,2025-08,0,96,1252
187561,,,2025-08-25,2025,2025-08,22.8,96,1274.8
187561,,,2025-08-26,2025,2025-08,8,96,1282.8
187561,,,2025-08-27,2025,2025-08,30.4,96,1313.2
187561,,,2025-08-28,2025,2025-08,0.2,96,1313.4
187561,,,2025-08-29,2025,2025-08,2.6,96,1316
187561,,,2025-08-30,2025,2025-08,15.8,96,1331.8
187561,,,2025-08-31,2025,2025-08,0,96,1331.8
187561,,,2025-09-01,2025,2025-09,6,96,1337.8
187561,,,2025-09-02,2025,2025-09,25.6,96,1363.4
187561,,,2025-09-03,2025,2025-09,0,96,1363.4
187561,,,2025-09-04,2025,2025-09,4,96,1367.4
187561,,,2025-09-05,2025,2025-09,20.2,96,1387.6
187561,,,2025-09-06,2025,2025-09,3.2,96,1390.8
187561,,,2025-09-07,2025,2025-09,0,96,1390.8
187561,,,2025-09-08,2025,2025-09,14.6,96,1405.4
187561,,,2025-09-09,2025,2025-09,0,96,1405.4
187561,,,2025-09-10,2025,2025-09,0,96,1405.4
187561,,,2025-09-11,2025,2025-09,0,96,1405.4
187561,,,2025-09-12,2025,2025-09,7.8,96,1413.2
187561,,,2025-09-13,2025,2025-09,0,96,1413.2
187561,,,2025-09-14,2025,2025-09,19,96,1432.2
187561,,,2025-09-15,2025,2025-09,0.2,96,1432.4
187561,,,2025-09-16,2025,2025-09,0,96,1432.4
187561,,,2025-09-17,2025,2025-09,1.8,96,1434.2
187561,,,2025-09-18,2025,2025-09,21.8,90,1456
187561,,,2025-09-19,2025,2025-09,0,74,1456
187561,,,2025-09-20,2025,2025-09,0,96,1456
187561,,,2025-09-21,2025,2025-09,0,96,1456
187561,,,2025-09-22,2025,2025-09,0,96,1456
187561,,,2025-09-23,2025,2025-09,0,96,1456
187561,,,2025-09-24,2025,2025-09,29.8,84,1485.8
187561,,,2025-09-25,2025,2025-09,3.8,51,1489.6
187561,,,2025-09-26,2025,2025-09,0,89,1489.6
187561,,,2025-09-27,2025,2025-09,0.4,47,1490
187561,,,2025-09-28,2025,2025-09,0,96,1490
187561,,,2025-09-29,2025,2025-09,0,96,1490
187561,,,2025-09-30,2025,2025-09,0,96,1490
187561,,,2025-10-01,2025,2025-10,0,96,1490
187561,,,2025-10-02,2025,2025-10,1,96,1491
187561,,,2025-10-03,2025,2025-10,0,96,1491
187561,,,2025-10-04,2025,2025-10,0,96,1491
187561,,,2025-10-05,2025,2025-10,0.2,96,1491.2
187561,,,2025-10-06,2025,2025-10,0,96,1491.2
187561,,,2025-10-07,2025,2025-10,0,96,1491.2
187561,,,2025-10-08,2025,2025-10,1.4,95,1492.6
187561,,,2025-10-09,2025,2025-10,0.4,96,1493
187561,,,2025-10-10,2025,2025-10,0,96,1493
187561,,,2025-10-11,2025,2025-10,0,96,1493
187561,,,2025-10-12,2025,2025-10,0,96,1493
187561,,,2025-10-13,2025,2025-10,0,96,1493
187561,,,2025-10-14,2025,2025-10,0,96,1493
187561,,,2025-10-15,2025,2025-10,1,96,1494
187561,,,2025-10-16,2025,2025-10,0,96,1494
187561,,,2025-10-17,2025,2025-10,0,96,1494
187561,,,2025-10-18,2025,2025-10,22.2,96,1516.2
187561,,,2025-10-19,2025,2025-10,0.2,96,1516.4
187561,,,2025-10-20,2025,2025-10,1.8,96,1518.2
187561,,,2025-10-21,2025,2025-10,0,96,1518.2
187561,,,2025-10-22,2025,2025-10,0.2,96,1518.4
187561,,,2025-10-23,2025,2025-10,11.4,96,1529.8
187561,,,2025-10-24,2025,2025-10,0,93,1529.8
187561,,,2025-10-25,2025,2025-10,7.2,96,1537
187561,,,2025-10-26,2025,2025-10,0,96,1537
187561,,,2025-10-27,2025,2025-10,0,96,1537
187561,,,2025-10-28,2025,2025-10,0,96,1537
187561,,,2025-10-29,2025,2025-10,0,96,1537
187561,,,2025-10-30,2025,2025-10,23.2,96,1560.2
187561,,,2025-10-31,2025,2025-10,41,96,1601.2
187561,,,2025-11-01,2025,2025-11,1.4,96,1602.6
187561,,,2025-11-02,2025,2025-11,2.6,96,1605.2
187561,,,2025-11-03,2025,2025-11,0,96,1605.2
187561,,,2025-11-04,2025,2025-11,0,96,1605.2
187561,,,2025-11-05,2025,2025-11,0,96,1605.2
187561,,,2025-11-06,2025,2025-11,0,96,1605.2
187561,,,2025-11-07,2025,2025-11,16.4,96,1621.6
187561,,,2025-11-08,2025,2025-11,3.2,96,1624.8
187561,,,2025-11-09,2025,2025-11,0,96,1624.8
187561,,,2025-11-10,2025,2025-11,0,96,1624.8
187561,,,2025-11-11,2025,2025-11,0,96,1624.8
187561,,,2025-11-12,2025,2025-11,15.6,96,1640.4
187561,,,2025-11-13,2025,2025-11,1,95,1641.4
187561,,,2025-11-14,2025,2025-11,0,96,1641.4
187561,,,2025-11-15,2025,2025-11,0,96,1641.4
187561,,,2025-11-16,2025,2025-11,0,96,1641.4
187561,,,2025-11-17,2025,2025-11,0,96,1641.4
187561,,,2025-11-18,2025,2025-11,0,96,1641.4
187561,,,2025-11-19,2025,2025-11,0,96,1641.4
187561,,,2025-11-20,2025,2025-11,11.8,96,1653.2
187561,,,2025-11-21,2025,2025-11,6.6,96,1659.8
187561,,,2025-11-22,2025,2025-11,0,96,1659.8
187561,,,2025-11-23,2025,2025-11,0,69,1659.8
187561,,,2025-11-24,2025,2025-11,0,96,1659.8
187561,,,2025-11-25,2025,2025-11,2.6,96,1662.4
187561,,,2025-11-26,2025,2025-11,0,96,1662.4
187561,,,2025-11-27,2025,2025-11,0,96,1662.4
187561,,,2025-11-28,2025,2025-11,0,96,1662.4
187561,,,2025-11-29,2025,2025-11,0,96,1662.4
187561,,,2025-11-30,2025,2025-11,0,16,1662.4
187561,,,2025-12-06,2025,2025-12,0,31,1662.4
187561,,,2025-12-07,2025,2025-12,1.8,96,1664.2
187561,,,2025-12-08,2025,2025-12,0,96,1664.2
187561,,,2025-12-09,2025,2025-12,0.2,96,1664.4
187561,,,2025-12-10,2025,2025-12,0,96,1664.4
187561,,,2025-12-11,2025,2025-12,0,96,1664.4
187561,,,2025-12-12,2025,2025-12,0,96,1664.4
187561,,,2025-12-13,2025,2025-12,0,96,1664.4
187561,,,2025-12-14,2025,2025-12,0,96,1664.4
187561,,,2025-12-15,2025,2025-12,0,96,1664.4
187561,,,2025-12-16,2025,2025-12,0,96,1664.4
187561,,,2025-12-17,2025,2025-12,0,96,1664.4
187561,,,2025-12-18,2025,2025-12,0,96,1664.4
187561,,,2025-12-19,2025,2025-12,0,96,1664.4
187561,,,2025-12-20,2025,2025-12,0,96,1664.4
187561,,,2025-12-21,2025,2025-12,0.2,96,1664.6
187561,,,2025-12-22,2025,2025-12,0,96,1664.6
187561,,,2025-12-23,2025,2025-12,0,96,1664.6
187561,,,2025-12-24,2025,2025-12,0,96,1664.6
187561,,,2025-12-25,2025,2025-12,0,96,1664.6
187561,,,2025-12-26,2025,2025-12,0,96,1664.6
187561,,,2025-12-27,2025,2025-12,0,96,1664.6
187561,,,2025-12-28,2025,2025-12,0,96,1664.6
187561,,,2025-12-29,2025,2025-12,0,96,1664.6
187561,,,2025-12-30,2025,2025-12,0,96,1664.6
187561,,,2025-12-31,2025,2025-12,0,96,1664.6
187561,,,2026-01-01,2026,2026-01,0,96,0
187561,,,2026-01-02,2026,2026-01,0,96,0
187561,,,2026-01-03,2026,2026-01,0,96,0
187561,,,2026-01-04,2026,2026-01,0,96,0
187561,,,2026-01-05,2026,2026-01,0,96,0
187561,,,2026-01-06,2026,2026-01,0,96,0
187561,,,2026-01-07,2026,2026-01,0,96,0
187561,,,2026-01-08,2026,2026-01,0,96,0
187561,,,2026-01-09,2026,2026-01,0,96,0
187561,,,2026-01-10,2026,2026-01,0,96,0
187561,,,2026-01-11,2026,2026-01,1.6,96,1.6
187561,,,2026-01-12,2026,2026-01,0,96,1.6
187561,,,2026-01-13,2026,2026-01,0,96,1.6
187561,,,2026-01-14,2026,2026-01,0,96,1.6
187561,,,2026-01-15,2026,2026-01,0,51,1.6
187561,,,2026-06-13,2026,2026-06,0,22,1.6
187561,,,2026-06-14,2026,2026-06,0,96,1.6
187561,,,2026-06-15,2026,2026-06,1.8,96,3.4
187561,,,2026-06-16,2026,2026-06,0,96,3.4
187561,,,2026-06-17,2026,2026-06,0,96,3.4
187561,,,2026-06-18,2026,2026-06,3.6,96,7
187561,,,2026-06-19,2026,2026-06,15.6,96,22.6
187561,,,2026-06-20,2026,2026-06,0.4,96,23
187561,,,2026-06-21,2026,2026-06,0,96,23
187561,,,2026-06-22,2026,2026-06,3.8,96,26.8
187561,,,2026-06-23,2026,2026-06,0,96,26.8
187561,,,2026-06-24,2026,2026-06,18.2,96,45
187561,,,2026-06-25,2026,2026-06,29,96,74
187561,,,2026-06-26,2026,2026-06,0,96,74
187561,,,2026-06-27,2026,2026-06,0,96,74
187561,,,2026-06-28,2026,2026-06,0,96,74
187561,,,2026-06-29,2026,2026-06,0,96,74
187561,,,2026-06-30,2026,2026-06,8,96,82
187561,,,2026-07-01,2026,2026-07,1.8,96,83.8
187561,,,2026-07-02,2026,2026-07,0.2,96,84
187561,,,2026-07-03,2026,2026-07,1.8,96,85.8
187561,,,2026-07-04,2026,2026-07,0.4,96,86.2
187561,,,2026-07-05,2026,2026-07,0,96,86.2
187561,,,2026-07-06,2026,2026-07,3.8,96,90
187561,,,2026-07-07,2026,2026-07,2.6,96,92.6
187561,,,2026-07-08,2026,2026-07,0.2,96,92.8
187561,,,2026-07-09,2026,2026-07,0.2,96,93
187561,,,2026-07-10,2026,2026-07,0,96,93
187561,,,2026-07-11,2026,2026-07,0,96,93
187561,,,2026-07-12,2026,2026-07,0,96,93
187561,,,2026-07-13,2026,2026-07,1.2,96,94.2
187561,,,2026-07-14,2026,2026-07,0,96,94.2
187561,,,2026-07-15,2026,2026-07,0,96,94.2
187561,,,2026-07-16,2026,2026-07,0,96,94.2
187561,,,2026-07-17,2026,2026-07,0,96,94.2
187561,,,2026-07-18,2026,2026-07,2.4,96,96.6
187561,,,2026-07-19,2026,2026-07,0,96,96.6
187561,,,2026-07-20,2026,2026-07,1.4,96,98
187561,,,2026-07-21,2026,2026-07,0,96,98
187561,,,2026-07-22,2026,2026-07,0,96,98
187561,,,2026-07-23,2026,2026-07,8.8,96,106.8
187561,,,2026-07-24,2026,2026-07,1.2,96,108
187561,,,2026-07-25,2026,2026-07,0,96,108
187561,,,2026-07-26,2026,2026-07,47.6,96,155.6
187561,,,2026-07-27,2026,2026-07,0.2,96,155.8
187561,,,2026-07-28,2026,2026-07,0,96,155.8
187561,,,2026-07-29,2026,2026-07,14.4,96,170.2
187561,,,2026-07-30,2026,2026-07,0.2,96,170.4
187561,,,2026-07-31,2026,2026-07,18.4,96,188.8
187561,,,2026-08-01,2026,2026-08,0,90,188.8
187561,,,2026-08-02,2026,2026-08,0,81,188.8
197214,,,2024-10-16,2024,2024-10,0,35,0
197214,,,2024-10-17,2024,2024-10,0,96,0
197214,,,2024-10-18,2024,2024-10,17.6,96,17.6
197214,,,2024-10-19,2024,2024-10,0,96,17.6
197214,,,2024-10-20,2024,2024-10,0.2,96,17.8
197214,,,2024-10-21,2024,2024-10,0,96,17.8
197214,,,2024-10-22,2024,2024-10,17.4,96,35.2
197214,,,2024-10-23,2024,2024-10,4,96,39.2
197214,,,2024-10-24,2024,2024-10,0.2,96,39.4
197214,,,2024-10-25,2024,2024-10,0,96,39.4
197214,,,2024-10-26,2024,2024-10,0,96,39.4
197214,,,2024-10-27,2024,2024-10,10.6,96,50
197214,,,2024-10-28,2024,2024-10,0,96,50
197214,,,2024-10-29,2024,2024-10,2.4,96,52.4
197214,,,2024-10-30,2024,2024-10,0,96,52.4
197214,,,2024-10-31,2024,2024-10,0,96,52.4
197214,,,2024-11-01,2024,2024-11,0,96,52.4
197214,,,2024-11-02,2024,2024-11,15,96,67.4
197214,,,2024-11-03,2024,2024-11,7.8,96,75.2
197214,,,2024-11-04,2024,2024-11,0,96,75.2
197214,,,2024-11-05,2024,2024-11,1.8,96,77
197214,,,2024-11-06,2024,2024-11,16.2,96,93.2
197214,,,2024-11-07,2024,2024-11,0.2,96,93.4
197214,,,2024-11-08,2024,2024-11,49.4,96,142.8
197214,,,2024-11-09,2024,2024-11,2,96,144.8
197214,,,2024-11-10,2024,2024-11,0.8,96,145.6
197214,,,2024-11-11,2024,2024-11,0,96,145.6
197214,,,2024-11-12,2024,2024-11,0,96,145.6
197214,,,2024-11-13,2024,2024-11,0,96,145.6
197214,,,2024-11-14,2024,2024-11,0,96,145.6
197214,,,2024-11-15,2024,2024-11,0,96,145.6
197214,,,2024-11-16,2024,2024-11,0,96,145.6
197214,,,2024-11-17,2024,2024-11,0,96,145.6
197214,,,2024-11-18,2024,2024-11,4.6,96,150.2
197214,,,2024-11-19,2024,2024-11,0,96,150.2
197214,,,2024-11-20,2024,2024-11,0,96,150.2
197214,,,2024-11-21,2024,2024-11,0,96,150.2
197214,,,2024-11-22,2024,2024-11,2.2,96,152.4
197214,,,2024-11-23,2024,2024-11,0,96,152.4
197214,,,2024-11-24,2024,2024-11,7.4,96,159.8
197214,,,2024-11-25,2024,2024-11,1.4,96,161.2
197214,,,2024-11-26,2024,2024-11,0,96,161.2
197214,,,2024-11-27,2024,2024-11,0,96,161.2
197214,,,2024-11-28,2024,2024-11,9.2,96,170.4
197214,,,2024-11-29,2024,2024-11,0,96,170.4
197214,,,2024-11-30,2024,2024-11,13.8,96,184.2
197214,,,2024-12-01,2024,2024-12,0.4,96,184.6
197214,,,2024-12-02,2024,2024-12,0,96,184.6
197214,,,2024-12-03,2024,2024-12,9.2,96,193.8
197214,,,2024-12-04,2024,2024-12,7.6,96,201.4
197214,,,2024-12-05,2024,2024-12,0,96,201.4
197214,,,2024-12-06,2024,2024-12,0,96,201.4
197214,,,2024-12-07,2024,2024-12,0,96,201.4
197214,,,2024-12-08,2024,2024-12,2.4,96,203.8
197214,,,2024-12-09,2024,2024-12,0,96,203.8
197214,,,2024-12-10,2024,2024-12,0,96,203.8
197214,,,2024-12-11,2024,2024-12,0,96,203.8
197214,,,2024-12-12,2024,2024-12,4.2,96,208
197214,,,2024-12-13,2024,2024-12,0,96,208
197214,,,2024-12-14,2024,2024-12,0,96,208
197214,,,2024-12-15,2024,2024-12,0,96,208
197214,,,2024-12-16,2024,2024-12,2,96,210
197214,,,2024-12-17,2024,2024-12,0,96,210
197214,,,2024-12-18,2024,2024-12,0.2,96,210.2
197214,,,2024-12-19,2024,2024-12,3.4,96,213.6
197214,,,2024-12-20,2024,2024-12,0,96,213.6
197214,,,2024-12-21,2024,2024-12,0,96,213.6
197214,,,2024-12-22,2024,2024-12,0,96,213.6
197214,,,2024-12-23,2024,2024-12,0.8,96,214.4
197214,,,2024-12-24,2024,2024-12,1.4,96,215.8
197214,,,2024-12-25,2024,2024-12,0,96,215.8
197214,,,2024-12-26,2024,2024-12,0,96,215.8
197214,,,2024-12-27,2024,2024-12,0,96,215.8
197214,,,2024-12-28,2024,2024-12,0,96,215.8
197214,,,2024-12-29,2024,2024-12,0,96,215.8
197214,,,2024-12-30,2024,2024-12,0,96,215.8
197214,,,2024-12-31,2024,2024-12,0,96,215.8
197214,,,2025-01-01,2025,2025-01,0,96,0
197214,,,2025-01-02,2025,2025-01,0.4,96,0.4
197214,,,2025-01-03,2025,2025-01,1.4,96,1.8
197214,,,2025-01-04,2025,2025-01,2,96,3.8
197214,,,2025-01-05,2025,2025-01,14.8,96,18.6
197214,,,2025-01-06,2025,2025-01,1.2,96,19.8
197214,,,2025-01-07,2025,2025-01,0,96,19.8
197214,,,2025-01-08,2025,2025-01,0,96,19.8
197214,,,2025-01-09,2025,2025-01,0,96,19.8
197214,,,2025-01-10,2025,2025-01,0,96,19.8
197214,,,2025-01-11,2025,2025-01,0,96,19.8
197214,,,2025-01-12,2025,2025-01,0,96,19.8
197214,,,2025-01-13,2025,2025-01,0.6,96,20.4
197214,,,2025-01-14,2025,2025-01,0,96,20.4
197214,,,2025-01-15,2025,2025-01,5.2,96,25.6
197214,,,2025-01-16,2025,2025-01,0,96,25.6
197214,,,2025-01-17,2025,2025-01,0,96,25.6
197214,,,2025-01-18,2025,2025-01,0.6,96,26.2
197214,,,2025-01-19,2025,2025-01,0,96,26.2
197214,,,2025-01-20,2025,2025-01,0.4,96,26.6
197214,,,2025-01-21,2025,2025-01,0.4,96,27
197214,,,2025-01-22,2025,2025-01,0,96,27
197214,,,2025-01-23,2025,2025-01,0,96,27
197214,,,2025-01-24,2025,2025-01,0,96,27
197214,,,2025-01-25,2025,2025-01,0,96,27
197214,,,2025-01-26,2025,2025-01,0,96,27
197214,,,2025-01-27,2025,2025-01,0,96,27
197214,,,2025-01-28,2025,2025-01,0,96,27
197214,,,2025-01-29,2025,2025-01,0,96,27
197214,,,2025-01-30,2025,2025-01,2.8,96,29.8
197214,,,2025-01-31,2025,2025-01,1,96,30.8
197214,,,2025-02-01,2025,2025-02,0,96,30.8
197214,,,2025-02-02,2025,2025-02,0.8,96,31.6
197214,,,2025-02-03,2025,2025-02,0,96,31.6
197214,,,2025-02-04,2025,2025-02,0,96,31.6
197214,,,2025-02-05,2025,2025-02,0,96,31.6
197214,,,2025-02-06,2025,2025-02,0.4,96,32
197214,,,2025-02-07,2025,2025-02,0.4,96,32.4
197214,,,2025-02-08,2025,2025-02,0,96,32.4
197214,,,2025-02-09,2025,2025-02,0,96,32.4
197214,,,2025-02-10,2025,2025-02,1,96,33.4
197214,,,2025-02-11,2025,2025-02,0,96,33.4
197214,,,2025-02-12,2025,2025-02,0,96,33.4
197214,,,2025-02-13,2025,2025-02,0.6,96,34
197214,,,2025-02-14,2025,2025-02,0.2,96,34.2
197214,,,2025-02-15,2025,2025-02,0.8,96,35
197214,,,2025-02-16,2025,2025-02,5.8,96,40.8
197214,,,2025-02-17,2025,2025-02,0,96,40.8
197214,,,2025-02-18,2025,2025-02,0.2,96,41
197214,,,2025-02-19,2025,2025-02,0,96,41
197214,,,2025-02-20,2025,2025-02,0,96,41
197214,,,2025-02-21,2025,2025-02,0,96,41
197214,,,2025-02-22,2025,2025-02,1.6,96,42.6
197214,,,2025-02-23,2025,2025-02,0.2,96,42.8
197214,,,2025-02-24,2025,2025-02,0.4,96,43.2
197214,,,2025-02-25,2025,2025-02,0,96,43.2
197214,,,2025-02-26,2025,2025-02,0,96,43.2
197214,,,2025-02-27,2025,2025-02,0,96,43.2
197214,,,2025-02-28,2025,2025-02,0,96,43.2
197214,,,2025-03-01,2025,2025-03,0,96,43.2
197214,,,2025-03-02,2025,2025-03,0,96,43.2
197214,,,2025-03-03,2025,2025-03,0,96,43.2
197214,,,2025-03-04,2025,2025-03,0,96,43.2
197214,,,2025-03-05,2025,2025-03,0,96,43.2
197214,,,2025-03-06,2025,2025-03,0,96,43.2
197214,,,2025-03-07,2025,2025-03,0,96,43.2
197214,,,2025-03-08,2025,2025-03,0,96,43.2
197214,,,2025-03-09,2025,2025-03,0,96,43.2
197214,,,2025-03-10,2025,2025-03,0,96,43.2
197214,,,2025-03-11,2025,2025-03,0,96,43.2
197214,,,2025-03-12,2025,2025-03,0,96,43.2
197214,,,2025-03-13,2025,2025-03,0,96,43.2
197214,,,2025-03-14,2025,2025-03,0,96,43.2
197214,,,2025-03-15,2025,2025-03,0,96,43.2
197214,,,2025-03-16,2025,2025-03,0,96,43.2
197214,,,2025-03-17,2025,2025-03,0.8,96,44
197214,,,2025-03-18,2025,2025-03,11,96,55
197214,,,2025-03-19,2025,2025-03,11.4,96,66.4
197214,,,2025-03-20,2025,2025-03,0,96,66.4
197214,,,2025-03-21,2025,2025-03,0.2,96,66.6
197214,,,2025-03-22,2025,2025-03,0,96,66.6
197214,,,2025-03-23,2025,2025-03,0,96,66.6
197214,,,2025-03-24,2025,2025-03,0,96,66.6
197214,,,2025-03-25,2025,2025-03,0,96,66.6
197214,,,2025-03-26,2025,2025-03,0,96,66.6
197214,,,2025-03-27,2025,2025-03,0,96,66.6
197214,,,2025-03-28,2025,2025-03,0,96,66.6
197214,,,2025-03-29,2025,2025-03,0,96,66.6
197214,,,2025-03-30,2025,2025-03,0,96,66.6
197214,,,2025-03-31,2025,2025-03,0,96,66.6
197214,,,2025-04-01,2025,2025-04,0,96,66.6
197214,,,2025-04-02,2025,2025-04,1.4,96,68
197214,,,2025-04-03,2025,2025-04,5,96,73
197214,,,2025-04-04,2025,2025-04,0,96,73
197214,,,2025-04-05,2025,2025-04,1.2,96,74.2
197214,,,2025-04-06,2025,2025-04,9.6,96,83.8
197214,,,2025-04-07,2025,2025-04,0.8,96,84.6
197214,,,2025-04-08,2025,2025-04,0,96,84.6
197214,,,2025-04-09,2025,2025-04,17.8,96,102.4
197214,,,2025-04-10,2025,2025-04,0.4,96,102.8
197214,,,2025-04-11,2025,2025-04,0.2,96,103
197214,,,2025-04-12,2025,2025-04,0,96,103
197214,,,2025-04-13,2025,2025-04,0,96,103
197214,,,2025-04-14,2025,2025-04,0,96,103
197214,,,2025-04-15,2025,2025-04,0,96,103
197214,,,2025-04-16,2025,2025-04,0,96,103
197214,,,2025-04-17,2025,2025-04,0,96,103
197214,,,2025-04-18,2025,2025-04,0,96,103
197214,,,2025-04-19,2025,2025-04,8.8,96,111.8
197214,,,2025-04-20,2025,2025-04,4.4,96,116.2
197214,,,2025-04-21,2025,2025-04,0.8,96,117
197214,,,2025-04-22,2025,2025-04,11.6,96,128.6
197214,,,2025-04-23,2025,2025-04,1.4,96,130
197214,,,2025-04-24,2025,2025-04,0,96,130
197214,,,2025-04-25,2025,2025-04,0,96,130
197214,,,2025-04-26,2025,2025-04,0.2,96,130.2
197214,,,2025-04-27,2025,2025-04,0,96,130.2
197214,,,2025-04-28,2025,2025-04,0.2,96,130.4
197214,,,2025-04-29,2025,2025-04,1.2,96,131.6
197214,,,2025-04-30,2025,2025-04,2,96,133.6
197214,,,2025-05-01,2025,2025-05,13,96,146.6
197214,,,2025-05-02,2025,2025-05,6,96,152.6
197214,,,2025-05-03,2025,2025-05,16,96,168.6
197214,,,2025-05-04,2025,2025-05,32.4,96,201
197214,,,2025-05-05,2025,2025-05,2,96,203
197214,,,2025-05-06,2025,2025-05,9.6,96,212.6
197214,,,2025-05-07,2025,2025-05,0,96,212.6
197214,,,2025-05-08,2025,2025-05,1,96,213.6
197214,,,2025-05-09,2025,2025-05,0,96,213.6
197214,,,2025-05-10,2025,2025-05,1.6,96,215.2
197214,,,2025-05-11,2025,2025-05,3.2,96,218.4
197214,,,2025-05-12,2025,2025-05,0,96,218.4
197214,,,2025-05-13,2025,2025-05,0,96,218.4
197214,,,2025-05-14,2025,2025-05,0,96,218.4
197214,,,2025-05-15,2025,2025-05,0,96,218.4
197214,,,2025-05-16,2025,2025-05,1,96,219.4
197214,,,2025-05-17,2025,2025-05,14.6,96,234
197214,,,2025-05-18,2025,2025-05,5.4,96,239.4
197214,,,2025-05-19,2025,2025-05,0,96,239.4
197214,,,2025-05-20,2025,2025-05,0,96,239.4
197214,,,2025-05-21,2025,2025-05,34,96,273.4
197214,,,2025-05-22,2025,2025-05,6.4,96,279.8
197214,,,2025-05-23,2025,2025-05,2.8,96,282.6
197214,,,2025-05-24,2025,2025-05,9.6,96,292.2
197214,,,2025-05-25,2025,2025-05,1,96,293.2
197214,,,2025-05-26,2025,2025-05,0.2,96,293.4
197214,,,2025-05-27,2025,2025-05,1.6,96,295
197214,,,2025-05-28,2025,2025-05,1,96,296
197214,,,2025-05-29,2025,2025-05,0,96,296
197214,,,2025-05-30,2025,2025-05,0,96,296
197214,,,2025-05-31,2025,2025-05,6.4,96,302.4
197214,,,2025-06-01,2025,2025-06,4,96,306.4
197214,,,2025-06-02,2025,2025-06,4.8,96,311.2
197214,,,2025-06-03,2025,2025-06,0,96,311.2
197214,,,2025-06-04,2025,2025-06,0.6,96,311.8
197214,,,2025-06-05,2025,2025-06,0,96,311.8
197214,,,2025-06-06,2025,2025-06,11.2,96,323
197214,,,2025-06-07,2025,2025-06,18.2,96,341.2
197214,,,2025-06-08,2025,2025-06,0,96,341.2
197214,,,2025-06-09,2025,2025-06,0.4,96,341.6
197214,,,2025-06-10,2025,2025-06,1.2,96,342.8
197214,,,2025-06-11,2025,2025-06,1.6,96,344.4
197214,,,2025-06-12,2025,2025-06,1.4,96,345.8
197214,,,2025-06-13,2025,2025-06,2.8,96,348.6
197214,,,2025-06-14,2025,2025-06,0.2,96,348.8
197214,,,2025-06-15,2025,2025-06,0,96,348.8
197214,,,2025-06-16,2025,2025-06,1.8,96,350.6
197214,,,2025-06-17,2025,2025-06,8,96,358.6
197214,,,2025-06-18,2025,2025-06,3.2,96,361.8
197214,,,2025-06-19,2025,2025-06,0,96,361.8
197214,,,2025-06-20,2025,2025-06,6.2,96,368
197214,,,2025-06-21,2025,2025-06,20.6,96,388.6
197214,,,2025-06-22,2025,2025-06,7.8,96,396.4
197214,,,2025-06-23,2025,2025-06,0,96,396.4
197214,,,2025-06-24,2025,2025-06,3.2,96,399.6
197214,,,2025-06-25,2025,2025-06,1.2,96,400.8
197214,,,2025-06-26,2025,2025-06,1,96,401.8
197214,,,2025-06-27,2025,2025-06,0,96,401.8
197214,,,2025-06-28,2025,2025-06,2.6,96,404.4
197214,,,2025-06-29,2025,2025-06,7.8,96,412.2
197214,,,2025-06-30,2025,2025-06,5.6,96,417.8
197214,,,2025-07-01,2025,2025-07,2,96,419.8
197214,,,2025-07-02,2025,2025-07,4,96,423.8
197214,,,2025-07-03,2025,2025-07,17.6,96,441.4
197214,,,2025-07-04,2025,2025-07,0,96,441.4
197214,,,2025-07-05,2025,2025-07,0,96,441.4
197214,,,2025-07-06,2025,2025-07,0.4,96,441.8
197214,,,2025-07-07,2025,2025-07,0.6,96,442.4
197214,,,2025-07-08,2025,2025-07,16.2,96,458.6
197214,,,2025-07-09,2025,2025-07,16.4,96,475
197214,,,2025-07-10,2025,2025-07,0.6,96,475.6
197214,,,2025-07-11,2025,2025-07,7.2,96,482.8
197214,,,2025-07-12,2025,2025-07,4.4,96,487.2
197214,,,2025-07-13,2025,2025-07,0,96,487.2
197214,,,2025-07-14,2025,2025-07,0,96,487.2
197214,,,2025-07-15,2025,2025-07,1.4,96,488.6
197214,,,2025-07-16,2025,2025-07,0.8,96,489.4
197214,,,2025-07-17,2025,2025-07,10,96,499.4
197214,,,2025-07-18,2025,2025-07,7.8,96,507.2
197214,,,2025-07-19,2025,2025-07,20.4,96,527.6
197214,,,2025-07-20,2025,2025-07,0,96,527.6
197214,,,2025-07-21,2025,2025-07,2.2,96,529.8
197214,,,2025-07-22,2025,2025-07,6.6,96,536.4
197214,,,2025-07-23,2025,2025-07,39.8,96,576.2
197214,,,2025-07-24,2025,2025-07,0.2,96,576.4
197214,,,2025-07-25,2025,2025-07,7,96,583.4
197214,,,2025-07-26,2025,2025-07,19,96,602.4
197214,,,2025-07-27,2025,2025-07,0,96,602.4
197214,,,2025-07-28,2025,2025-07,0.4,96,602.8
197214,,,2025-07-29,2025,2025-07,0,96,602.8
197214,,,2025-07-30,2025,2025-07,26.4,96,629.2
197214,,,2025-07-31,2025,2025-07,0,96,629.2
197214,,,2025-08-01,2025,2025-08,0.2,96,629.4
197214,,,2025-08-02,2025,2025-08,6.8,96,636.2
197214,,,2025-08-03,2025,2025-08,0,96,636.2
197214,,,2025-08-04,2025,2025-08,2.6,96,638.8
197214,,,2025-08-05,2025,2025-08,4,96,642.8
197214,,,2025-08-06,2025,2025-08,0,96,642.8
197214,,,2025-08-07,2025,2025-08,0.8,96,643.6
197214,,,2025-08-08,2025,2025-08,29.2,96,672.8
197214,,,2025-08-09,2025,2025-08,0.4,96,673.2
197214,,,2025-08-10,2025,2025-08,0.2,96,673.4
197214,,,2025-08-11,2025,2025-08,0,96,673.4
197214,,,2025-08-12,2025,2025-08,0,96,673.4
197214,,,2025-08-13,2025,2025-08,3,96,676.4
197214,,,2025-08-14,2025,2025-08,0,96,676.4
197214,,,2025-08-15,2025,2025-08,0,96,676.4
197214,,,2025-08-16,2025,2025-08,0,96,676.4
197214,,,2025-08-17,2025,2025-08,0,96,676.4
197214,,,2025-08-18,2025,2025-08,0,96,676.4
197214,,,2025-08-19,2025,2025-08,0,96,676.4
197214,,,2025-08-20,2025,2025-08,0,96,676.4
197214,,,2025-08-21,2025,2025-08,7,96,683.4
197214,,,2025-08-22,2025,2025-08,16.4,96,699.8
197214,,,2025-08-23,2025,2025-08,0,96,699.8
197214,,,2025-08-24,2025,2025-08,0,96,699.8
197214,,,2025-08-25,2025,2025-08,4.8,96,704.6
197214,,,2025-08-26,2025,2025-08,0,96,704.6
197214,,,2025-08-27,2025,2025-08,0.8,96,705.4
197214,,,2025-08-28,2025,2025-08,0,96,705.4
197214,,,2025-08-29,2025,2025-08,18.6,96,724
197214,,,2025-08-30,2025,2025-08,0.2,96,724.2
197214,,,2025-08-31,2025,2025-08,13.4,96,737.6
197214,,,2025-09-01,2025,2025-09,0,96,737.6
197214,,,2025-09-02,2025,2025-09,0,96,737.6
197214,,,2025-09-03,2025,2025-09,2.4,96,740
197214,,,2025-09-04,2025,2025-09,1.8,96,741.8
197214,,,2025-09-05,2025,2025-09,19.4,96,761.2
197214,,,2025-09-06,2025,2025-09,0,96,761.2
197214,,,2025-09-07,2025,2025-09,1.4,96,762.6
197214,,,2025-09-08,2025,2025-09,0,96,762.6
197214,,,2025-09-09,2025,2025-09,0,96,762.6
197214,,,2025-09-10,2025,2025-09,0,96,762.6
197214,,,2025-09-11,2025,2025-09,12.6,96,775.2
197214,,,2025-09-12,2025,2025-09,6.6,96,781.8
197214,,,2025-09-13,2025,2025-09,0,96,781.8
197214,,,2025-09-14,2025,2025-09,13.8,96,795.6
197214,,,2025-09-15,2025,2025-09,0,96,795.6
197214,,,2025-09-16,2025,2025-09,0,96,795.6
197214,,,2025-09-17,2025,2025-09,0,96,795.6
197214,,,2025-09-18,2025,2025-09,3.8,96,799.4
197214,,,2025-09-19,2025,2025-09,2,96,801.4
197214,,,2025-09-20,2025,2025-09,0,96,801.4
197214,,,2025-09-21,2025,2025-09,13.4,96,814.8
197214,,,2025-09-22,2025,2025-09,0,96,814.8
197214,,,2025-09-23,2025,2025-09,0,96,814.8
197214,,,2025-09-24,2025,2025-09,0,96,814.8
197214,,,2025-09-25,2025,2025-09,0,96,814.8
197214,,,2025-09-26,2025,2025-09,0,96,814.8
197214,,,2025-09-27,2025,2025-09,0.6,96,815.4
197214,,,2025-09-28,2025,2025-09,0,96,815.4
197214,,,2025-09-29,2025,2025-09,0,96,815.4
197214,,,2025-09-30,2025,2025-09,8.4,96,823.8
197214,,,2025-10-01,2025,2025-10,0,96,823.8
197214,,,2025-10-02,2025,2025-10,0,96,823.8
197214,,,2025-10-03,2025,2025-10,16.8,96,840.6
197214,,,2025-10-04,2025,2025-10,0,96,840.6
197214,,,2025-10-05,2025,2025-10,5.4,96,846
197214,,,2025-10-06,2025,2025-10,0,96,846
197214,,,2025-10-07,2025,2025-10,0,96,846
197214,,,2025-10-08,2025,2025-10,0,96,846
197214,,,2025-10-09,2025,2025-10,0,96,846
197214,,,2025-10-10,2025,2025-10,0,96,846
197214,,,2025-10-11,2025,2025-10,0.4,96,846.4
197214,,,2025-10-12,2025,2025-10,2,96,848.4
197214,,,2025-10-13,2025,2025-10,1.4,96,849.8
197214,,,2025-10-14,2025,2025-10,1,96,850.8
197214,,,2025-10-15,2025,2025-10,0,96,850.8
197214,,,2025-10-16,2025,2025-10,0,96,850.8
197214,,,2025-10-17,2025,2025-10,0,96,850.8
197214,,,2025-10-18,2025,2025-10,2,96,852.8
197214,,,2025-10-19,2025,2025-10,2.8,96,855.6
197214,,,2025-10-20,2025,2025-10,26.2,96,881.8
197214,,,2025-10-21,2025,2025-10,0,96,881.8
197214,,,2025-10-22,2025,2025-10,0,96,881.8
197214,,,2025-10-23,2025,2025-10,0,96,881.8
197214,,,2025-10-24,2025,2025-10,0,96,881.8
197214,,,2025-10-25,2025,2025-10,0,96,881.8
197214,,,2025-10-26,2025,2025-10,0,96,881.8
197214,,,2025-10-27,2025,2025-10,0,96,881.8
197214,,,2025-10-28,2025,2025-10,0,96,881.8
197214,,,2025-10-29,2025,2025-10,0,96,881.8
197214,,,2025-10-30,2025,2025-10,0,96,881.8
197214,,,2025-10-31,2025,2025-10,5,96,886.8
197214,,,2025-11-01,2025,2025-11,0.6,96,887.4
197214,,,2025-11-02,2025,2025-11,0,96,887.4
197214,,,2025-11-03,2025,2025-11,0,96,887.4
197214,,,2025-11-04,2025,2025-11,0,95,887.4
197214,,,2025-11-05,2025,2025-11,0,96,887.4
197214,,,2025-11-06,2025,2025-11,0,96,887.4
197214,,,2025-11-07,2025,2025-11,0,96,887.4
197214,,,2025-11-08,2025,2025-11,0,96,887.4
197214,,,2025-11-09,2025,2025-11,0,96,887.4
197214,,,2025-11-10,2025,2025-11,0.4,96,887.8
197214,,,2025-11-11,2025,2025-11,0,96,887.8
197214,,,2025-11-12,2025,2025-11,3.4,96,891.2
197214,,,2025-11-13,2025,2025-11,0,96,891.2
197214,,,2025-11-14,2025,2025-11,0,96,891.2
197214,,,2025-11-15,2025,2025-11,0,96,891.2
197214,,,2025-11-16,2025,2025-11,4.6,96,895.8
197214,,,2025-11-17,2025,2025-11,0.2,96,896
197214,,,2025-11-18,2025,2025-11,2,96,898
197214,,,2025-11-19,2025,2025-11,0,96,898
197214,,,2025-11-20,2025,2025-11,0.6,96,898.6
197214,,,2025-11-21,2025,2025-11,6,96,904.6
197214,,,2025-11-22,2025,2025-11,1.2,96,905.8
197214,,,2025-11-23,2025,2025-11,0,96,905.8
197214,,,2025-11-24,2025,2025-11,13.2,96,919
197214,,,2025-11-25,2025,2025-11,0.2,96,919.2
197214,,,2025-11-26,2025,2025-11,9,96,928.2
197214,,,2025-11-27,2025,2025-11,0,96,928.2
197214,,,2025-11-28,2025,2025-11,0,96,928.2
197214,,,2025-11-29,2025,2025-11,9.4,96,937.6
197214,,,2025-11-30,2025,2025-11,7.2,96,944.8
197214,,,2025-12-01,2025,2025-12,7.4,96,952.2
197214,,,2025-12-02,2025,2025-12,1.2,96,953.4
197214,,,2025-12-03,2025,2025-12,0.4,96,953.8
197214,,,2025-12-04,2025,2025-12,3.8,96,957.6
197214,,,2025-12-05,2025,2025-12,12,96,969.6
197214,,,2025-12-06,2025,2025-12,1.6,96,971.2
197214,,,2025-12-07,2025,2025-12,2.6,96,973.8
197214,,,2025-12-08,2025,2025-12,12.2,96,986
197214,,,2025-12-09,2025,2025-12,0,96,986
197214,,,2025-12-10,2025,2025-12,0,96,986
197214,,,2025-12-11,2025,2025-12,0,95,986
197214,,,2025-12-12,2025,2025-12,0,96,986
197214,,,2025-12-13,2025,2025-12,0,96,986
197214,,,2025-12-14,2025,2025-12,0,96,986
197214,,,2025-12-15,2025,2025-12,0,96,986
197214,,,2025-12-16,2025,2025-12,0,96,986
197214,,,2025-12-17,2025,2025-12,0,96,986
197214,,,2025-12-18,2025,2025-12,0,96,986
197214,,,2025-12-19,2025,2025-12,0.2,96,986.2
197214,,,2025-12-20,2025,2025-12,0.4,96,986.6
197214,,,2025-12-21,2025,2025-12,1.4,96,988
197214,,,2025-12-22,2025,2025-12,6.4,96,994.4
197214,,,2025-12-23,2025,2025-12,0,96,994.4
197214,,,2025-12-24,2025,2025-12,0,95,994.4
197214,,,2025-12-25,2025,2025-12,1.4,96,995.8
197214,,,2025-12-26,2025,2025-12,1.2,96,997
197214,,,2025-12-27,2025,2025-12,0,96,997
197214,,,2025-12-28,2025,2025-12,0,96,997
197214,,,2025-12-29,2025,2025-12,0,96,997
197214,,,2025-12-30,2025,2025-12,0,95,997
197214,,,2025-12-31,2025,2025-12,0,96,997
197214,,,2026-01-01,2026,2026-01,0,96,0
197214,,,2026-01-02,2026,2026-01,3.4,96,3.4
197214,,,2026-01-03,2026,2026-01,0,96,3.4
197214,,,2026-01-04,2026,2026-01,0,96,3.4
197214,,,2026-01-05,2026,2026-01,0,96,3.4
197214,,,2026-01-06,2026,2026-01,0,96,3.4
197214,,,2026-01-07,2026,2026-01,0,96,3.4
197214,,,2026-01-08,2026,2026-01,3,96,6.4
197214,,,2026-01-09,2026,2026-01,0.6,96,7
197214,,,2026-01-10,2026,2026-01,2.2,96,9.2
197214,,,2026-01-11,2026,2026-01,0,96,9.2
197214,,,2026-01-12,2026,2026-01,1.2,96,10.4
197214,,,2026-01-13,2026,2026-01,0,96,10.4
197214,,,2026-01-14,2026,2026-01,1.4,96,11.8
197214,,,2026-01-15,2026,2026-01,0,96,11.8
197214,,,2026-01-16,2026,2026-01,0,96,11.8
197214,,,2026-01-17,2026,2026-01,2.2,96,14
197214,,,2026-01-18,2026,2026-01,0,96,14
197214,,,2026-01-19,2026,2026-01,0,96,14
197214,,,2026-01-20,2026,2026-01,0,96,14
197214,,,2026-01-21,2026,2026-01,0,96,14
197214,,,2026-01-22,2026,2026-01,0,96,14
197214,,,2026-01-23,2026,2026-01,0,96,14
197214,,,2026-01-24,2026,2026-01,2,96,16
197214,,,2026-01-25,2026,2026-01,1.2,96,17.2
197214,,,2026-01-26,2026,2026-01,3,96,20.2
197214,,,2026-01-27,2026,2026-01,3.6,96,23.8
197214,,,2026-01-28,2026,2026-01,0.8,96,24.6
197214,,,2026-01-29,2026,2026-01,0,96,24.6
197214,,,2026-01-30,2026,2026-01,0,96,24.6
197214,,,2026-01-31,2026,2026-01,0,96,24.6
197214,,,2026-02-01,2026,2026-02,30.8,96,55.4
197214,,,2026-02-02,2026,2026-02,0.2,96,55.6
197214,,,2026-02-03,2026,2026-02,0,96,55.6
197214,,,2026-02-04,2026,2026-02,0.2,96,55.8
197214,,,2026-02-05,2026,2026-02,0.2,96,56
197214,,,2026-02-06,2026,2026-02,0,96,56
197214,,,2026-02-07,2026,2026-02,0,96,56
197214,,,2026-02-08,2026,2026-02,0,96,56
197214,,,2026-02-09,2026,2026-02,0,96,56
197214,,,2026-02-10,2026,2026-02,0,96,56
197214,,,2026-02-11,2026,2026-02,0,96,56
197214,,,2026-02-12,2026,2026-02,0,96,56
197214,,,2026-02-13,2026,2026-02,0,96,56
197214,,,2026-02-14,2026,2026-02,0,96,56
197214,,,2026-02-15,2026,2026-02,0,96,56
197214,,,2026-02-16,2026,2026-02,0,96,56
197214,,,2026-02-17,2026,2026-02,0.4,96,56.4
197214,,,2026-02-18,2026,2026-02,0,96,56.4
197214,,,2026-02-19,2026,2026-02,0,96,56.4
197214,,,2026-02-20,2026,2026-02,0,96,56.4
197214,,,2026-02-21,2026,2026-02,0,96,56.4
197214,,,2026-02-22,2026,2026-02,0,96,56.4
197214,,,2026-02-23,2026,2026-02,0,96,56.4
197214,,,2026-02-24,2026,2026-02,0,96,56.4
197214,,,2026-02-25,2026,2026-02,0,96,56.4
197214,,,2026-02-26,2026,2026-02,0,96,56.4
197214,,,2026-02-27,2026,2026-02,0,96,56.4
197214,,,2026-02-28,2026,2026-02,0,96,56.4
197214,,,2026-03-01,2026,2026-03,0,96,56.4
197214,,,2026-03-02,2026,2026-03,0,96,56.4
197214,,,2026-03-03,2026,2026-03,0,96,56.4
197214,,,2026-03-04,2026,2026-03,0,96,56.4
197214,,,2026-03-05,2026,2026-03,0.2,96,56.6
197214,,,2026-03-06,2026,2026-03,0,96,56.6
197214,,,2026-03-07,2026,2026-03,0,96,56.6
197214,,,2026-03-08,2026,2026-03,0,96,56.6
197214,,,2026-03-09,2026,2026-03,0,96,56.6
197214,,,2026-03-10,2026,2026-03,0,96,56.6
197214,,,2026-03-11,2026,2026-03,0,96,56.6
197214,,,2026-03-12,2026,2026-03,0,96,56.6
197214,,,2026-03-13,2026,2026-03,1.2,96,57.8
197214,,,2026-03-14,2026,2026-03,0,96,57.8
197214,,,2026-03-15,2026,2026-03,0,96,57.8
197214,,,2026-03-16,2026,2026-03,0.2,96,58
197214,,,2026-03-17,2026,2026-03,1.6,96,59.6
197214,,,2026-03-18,2026,2026-03,0.6,96,60.2
197214,,,2026-03-19,2026,2026-03,0,96,60.2
197214,,,2026-03-20,2026,2026-03,0,96,60.2
197214,,,2026-03-21,2026,2026-03,0,96,60.2
197214,,,2026-03-22,2026,2026-03,0,96,60.2
197214,,,2026-03-23,2026,2026-03,0,96,60.2
197214,,,2026-03-24,2026,2026-03,0,96,60.2
197214,,,2026-03-25,2026,2026-03,0,96,60.2
197214,,,2026-03-26,2026,2026-03,0,96,60.2
197214,,,2026-03-27,2026,2026-03,0,96,60.2
197214,,,2026-03-28,2026,2026-03,0,96,60.2
197214,,,2026-03-29,2026,2026-03,1.2,96,61.4
197214,,,2026-03-30,2026,2026-03,0,96,61.4
197214,,,2026-03-31,2026,2026-03,0,96,61.4
197214,,,2026-04-01,2026,2026-04,0,96,61.4
197214,,,2026-04-02,2026,2026-04,0,96,61.4
197214,,,2026-04-03,2026,2026-04,0,96,61.4
197214,,,2026-04-04,2026,2026-04,0.6,96,62
197214,,,2026-04-05,2026,2026-04,0.4,96,62.4
197214,,,2026-04-06,2026,2026-04,0,96,62.4
197214,,,2026-04-07,2026,2026-04,0,96,62.4
197214,,,2026-04-08,2026,2026-04,0,96,62.4
197214,,,2026-04-09,2026,2026-04,0,96,62.4
197214,,,2026-04-10,2026,2026-04,0,96,62.4
197214,,,2026-04-11,2026,2026-04,0,96,62.4
197214,,,2026-04-12,2026,2026-04,0,96,62.4
197214,,,2026-04-13,2026,2026-04,0.8,96,63.2
197214,,,2026-04-14,2026,2026-04,0.2,96,63.4
197214,,,2026-04-15,2026,2026-04,0.4,96,63.8
197214,,,2026-04-16,2026,2026-04,8.6,96,72.4
197214,,,2026-04-17,2026,2026-04,5.2,96,77.6
197214,,,2026-04-18,2026,2026-04,0,96,77.6
197214,,,2026-04-19,2026,2026-04,0,96,77.6
197214,,,2026-04-20,2026,2026-04,0,96,77.6
197214,,,2026-04-21,2026,2026-04,0,96,77.6
197214,,,2026-04-22,2026,2026-04,0,96,77.6
197214,,,2026-04-23,2026,2026-04,0,96,77.6
197214,,,2026-04-24,2026,2026-04,0,96,77.6
197214,,,2026-04-25,2026,2026-04,25.4,96,103
197214,,,2026-04-26,2026,2026-04,2,96,105
197214,,,2026-04-27,2026,2026-04,8,96,113
197214,,,2026-04-28,2026,2026-04,0,96,113
197214,,,2026-04-29,2026,2026-04,0,96,113
197214,,,2026-04-30,2026,2026-04,0,96,113
197214,,,2026-05-01,2026,2026-05,0,96,113
197214,,,2026-05-02,2026,2026-05,9.8,96,122.8
197214,,,2026-05-03,2026,2026-05,0.8,96,123.6
197214,,,2026-05-04,2026,2026-05,0.4,96,124
197214,,,2026-05-05,2026,2026-05,0,96,124
197214,,,2026-05-06,2026,2026-05,0,96,124
197214,,,2026-05-07,2026,2026-05,0,96,124
197214,,,2026-05-08,2026,2026-05,0.2,96,124.2
197214,,,2026-05-09,2026,2026-05,0,96,124.2
197214,,,2026-05-10,2026,2026-05,0,96,124.2
197214,,,2026-05-11,2026,2026-05,0,96,124.2
197214,,,2026-05-12,2026,2026-05,0,96,124.2
197214,,,2026-05-13,2026,2026-05,0,96,124.2
197214,,,2026-05-14,2026,2026-05,0,96,124.2
197214,,,2026-05-15,2026,2026-05,0,96,124.2
197214,,,2026-05-16,2026,2026-05,39.8,96,164
197214,,,2026-05-17,2026,2026-05,0,96,164
197214,,,2026-05-18,2026,2026-05,0,96,164
197214,,,2026-05-19,2026,2026-05,0.2,96,164.2
197214,,,2026-05-20,2026,2026-05,0,96,164.2
197214,,,2026-05-21,2026,2026-05,0,96,164.2
197214,,,2026-05-22,2026,2026-05,16.2,96,180.4
197214,,,2026-05-23,2026,2026-05,0,96,180.4
197214,,,2026-05-24,2026,2026-05,3.8,96,184.2
197214,,,2026-05-25,2026,2026-05,0.2,96,184.4
197214,,,2026-05-26,2026,2026-05,0,96,184.4
197214,,,2026-05-27,2026,2026-05,0,96,184.4
197214,,,2026-05-28,2026,2026-05,0.6,96,185
197214,,,2026-05-29,2026,2026-05,6.8,96,191.8
197214,,,2026-05-30,2026,2026-05,0,96,191.8
197214,,,2026-05-31,2026,2026-05,0,96,191.8
197214,,,2026-06-01,2026,2026-06,1.2,96,193
197214,,,2026-06-02,2026,2026-06,0.4,96,193.4
197214,,,2026-06-03,2026,2026-06,0.8,96,194.2
197214,,,2026-06-04,2026,2026-06,0,96,194.2
197214,,,2026-06-05,2026,2026-06,2.8,96,197
197214,,,2026-06-06,2026,2026-06,11.4,96,208.4
197214,,,2026-06-07,2026,2026-06,3.6,96,212
197214,,,2026-06-08,2026,2026-06,1.8,96,213.8
197214,,,2026-06-09,2026,2026-06,0.2,96,214
197214,,,2026-06-10,2026,2026-06,0,96,214
197214,,,2026-06-11,2026,2026-06,14,96,228
197214,,,2026-06-12,2026,2026-06,1.2,96,229.2
197214,,,2026-06-13,2026,2026-06,0,96,229.2
197214,,,2026-06-14,2026,2026-06,0,96,229.2
197214,,,2026-06-15,2026,2026-06,2.4,96,231.6
197214,,,2026-06-16,2026,2026-06,2.4,96,234
197214,,,2026-06-17,2026,2026-06,46.8,96,280.8
197214,,,2026-06-18,2026,2026-06,10.2,96,291
197214,,,2026-06-19,2026,2026-06,21,96,312
197214,,,2026-06-20,2026,2026-06,35.4,96,347.4
197214,,,2026-06-21,2026,2026-06,1.8,96,349.2
197214,,,2026-06-22,2026,2026-06,17.2,96,366.4
197214,,,2026-06-23,2026,2026-06,0,96,366.4
197214,,,2026-06-24,2026,2026-06,4.6,96,371
197214,,,2026-06-25,2026,2026-06,0.2,96,371.2
197214,,,2026-06-26,2026,2026-06,0,96,371.2
197214,,,2026-06-27,2026,2026-06,0.4,96,371.6
197214,,,2026-06-28,2026,2026-06,1.8,96,373.4
197214,,,2026-06-29,2026,2026-06,0,96,373.4
197214,,,2026-06-30,2026,2026-06,10,96,383.4
197214,,,2026-07-01,2026,2026-07,0,96,383.4
197214,,,2026-07-02,2026,2026-07,10.2,96,393.6
197214,,,2026-07-03,2026,2026-07,4.6,96,398.2
197214,,,2026-07-04,2026,2026-07,0,96,398.2
197214,,,2026-07-05,2026,2026-07,0,96,398.2
197214,,,2026-07-06,2026,2026-07,1.2,96,399.4
197214,,,2026-07-07,2026,2026-07,0.8,96,400.2
197214,,,2026-07-08,2026,2026-07,0.6,96,400.8
197214,,,2026-07-09,2026,2026-07,6.6,96,407.4
197214,,,2026-07-10,2026,2026-07,0.6,96,408
197214,,,2026-07-11,2026,2026-07,1.2,96,409.2
197214,,,2026-07-12,2026,2026-07,10.2,96,419.4
197214,,,2026-07-13,2026,2026-07,13.8,96,433.2
197214,,,2026-07-14,2026,2026-07,7.2,96,440.4
197214,,,2026-07-15,2026,2026-07,0.4,96,440.8
197214,,,2026-07-16,2026,2026-07,0.4,96,441.2
197214,,,2026-07-17,2026,2026-07,0.6,96,441.8
197214,,,2026-07-18,2026,2026-07,0.6,96,442.4
197214,,,2026-07-19,2026,2026-07,1.4,96,443.8
197214,,,2026-07-20,2026,2026-07,33.2,96,477
197214,,,2026-07-21,2026,2026-07,0.2,96,477.2
197214,,,2026-07-22,2026,2026-07,0,96,477.2
197214,,,2026-07-23,2026,2026-07,1,96,478.2
197214,,,2026-07-24,2026,2026-07,3,96,481.2
197214,,,2026-07-25,2026,2026-07,4,96,485.2
197214,,,2026-07-26,2026,2026-07,22.6,96,507.8
197214,,,2026-07-27,2026,2026-07,0,96,507.8
197214,,,2026-07-28,2026,2026-07,17,84,524.8
200814,,,2024-12-06,2024,2024-12,0,34,0
200814,,,2024-12-07,2024,2024-12,0,96,0
200814,,,2024-12-08,2024,2024-12,0,96,0
200814,,,2024-12-09,2024,2024-12,0,96,0
200814,,,2024-12-10,2024,2024-12,0,96,0
200814,,,2024-12-11,2024,2024-12,0,96,0
200814,,,2024-12-12,2024,2024-12,0,96,0
200814,,,2024-12-13,2024,2024-12,0,96,0
200814,,,2024-12-14,2024,2024-12,0,96,0
200814,,,2024-12-15,2024,2024-12,0,96,0
200814,,,2024-12-16,2024,2024-12,1,96,1
200814,,,2024-12-17,2024,2024-12,0,96,1
200814,,,2024-12-18,2024,2024-12,0,96,1
200814,,,2024-12-19,2024,2024-12,1.2,96,2.2
200814,,,2024-12-20,2024,2024-12,0,96,2.2
200814,,,2024-12-21,2024,2024-12,0,96,2.2
200814,,,2024-12-22,2024,2024-12,2,96,4.2
200814,,,2024-12-23,2024,2024-12,0,96,4.2
200814,,,2024-12-24,2024,2024-12,0,96,4.2
200814,,,2024-12-25,2024,2024-12,0,95,4.2
200814,,,2024-12-26,2024,2024-12,0,83,4.2
200814,,,2024-12-27,2024,2024-12,0,88,4.2
200814,,,2024-12-28,2024,2024-12,0,86,4.2
200814,,,2024-12-29,2024,2024-12,0,96,4.2
200814,,,2024-12-30,2024,2024-12,0,96,4.2
200814,,,2024-12-31,2024,2024-12,0,96,4.2
200814,,,2025-01-01,2025,2025-01,0,96,0
200814,,,2025-01-02,2025,2025-01,0,96,0
200814,,,2025-01-03,2025,2025-01,0,96,0
200814,,,2025-01-04,2025,2025-01,0,96,0
200814,,,2025-01-05,2025,2025-01,0.8,96,0.8
200814,,,2025-01-06,2025,2025-01,0.6,94,1.4
200814,,,2025-01-07,2025,2025-01,0,96,1.4
200814,,,2025-01-08,2025,2025-01,0,91,1.4
200814,,,2025-01-09,2025,2025-01,0,94,1.4
200814,,,2025-01-10,2025,2025-01,0,96,1.4
200814,,,2025-01-11,2025,2025-01,0,96,1.4
200814,,,2025-01-12,2025,2025-01,0,85,1.4
200814,,,2025-01-15,2025,2025-01,0,39,1.4
200814,,,2025-01-16,2025,2025-01,0,96,1.4
200814,,,2025-01-17,2025,2025-01,0,96,1.4
200814,,,2025-01-18,2025,2025-01,0,93,1.4
200814,,,2025-01-19,2025,2025-01,0,84,1.4
200814,,,2025-01-20,2025,2025-01,0,93,1.4
200814,,,2025-01-21,2025,2025-01,0,89,1.4
200814,,,2025-01-22,2025,2025-01,0.2,93,1.6
200814,,,2025-01-23,2025,2025-01,0,92,1.6
200814,,,2025-01-24,2025,2025-01,0,96,1.6
200814,,,2025-01-25,2025,2025-01,0,94,1.6
200814,,,2025-01-26,2025,2025-01,0,96,1.6
200814,,,2025-01-27,2025,2025-01,0,96,1.6
200814,,,2025-01-28,2025,2025-01,0,96,1.6
200814,,,2025-01-29,2025,2025-01,0,92,1.6
200814,,,2025-01-30,2025,2025-01,17.8,83,19.4
200814,,,2025-01-31,2025,2025-01,0.2,71,19.6
200814,,,2025-02-01,2025,2025-02,0,80,19.6
200814,,,2025-02-02,2025,2025-02,0,93,19.6
200814,,,2025-02-03,2025,2025-02,0,95,19.6
200814,,,2025-02-04,2025,2025-02,0,91,19.6
200814,,,2025-02-05,2025,2025-02,0,84,19.6
200814,,,2025-02-06,2025,2025-02,0,96,19.6
200814,,,2025-02-07,2025,2025-02,0,96,19.6
200814,,,2025-02-08,2025,2025-02,0,93,19.6
200814,,,2025-02-09,2025,2025-02,0,93,19.6
200814,,,2025-02-10,2025,2025-02,0,90,19.6
200814,,,2025-02-11,2025,2025-02,0,88,19.6
200814,,,2025-02-12,2025,2025-02,0,94,19.6
200814,,,2025-02-13,2025,2025-02,0,92,19.6
200814,,,2025-02-14,2025,2025-02,0,81,19.6
200814,,,2025-02-15,2025,2025-02,0,94,19.6
200814,,,2025-02-16,2025,2025-02,0,96,19.6
200814,,,2025-02-17,2025,2025-02,0,93,19.6
200814,,,2025-02-18,2025,2025-02,0,89,19.6
200814,,,2025-02-19,2025,2025-02,0,83,19.6
200814,,,2025-02-20,2025,2025-02,0,96,19.6
200814,,,2025-02-21,2025,2025-02,0,96,19.6
200814,,,2025-02-22,2025,2025-02,0,93,19.6
200814,,,2025-02-23,2025,2025-02,0,91,19.6
200814,,,2025-02-24,2025,2025-02,0,96,19.6
200814,,,2025-02-25,2025,2025-02,0,93,19.6
200814,,,2025-02-26,2025,2025-02,0,81,19.6
200814,,,2025-02-27,2025,2025-02,0,90,19.6
200814,,,2025-02-28,2025,2025-02,0,85,19.6
200814,,,2025-03-01,2025,2025-03,0,79,19.6
200814,,,2025-03-02,2025,2025-03,0,89,19.6
200814,,,2025-03-03,2025,2025-03,0,96,19.6
200814,,,2025-03-04,2025,2025-03,0,91,19.6
200814,,,2025-03-05,2025,2025-03,0,90,19.6
200814,,,2025-03-06,2025,2025-03,0,96,19.6
200814,,,2025-03-07,2025,2025-03,0,67,19.6
200814,,,2025-03-08,2025,2025-03,0,42,19.6
200814,,,2025-03-09,2025,2025-03,0,96,19.6
200814,,,2025-03-10,2025,2025-03,0,96,19.6
200814,,,2025-03-11,2025,2025-03,0,74,19.6
200814,,,2025-03-12,2025,2025-03,0,73,19.6
200814,,,2025-03-13,2025,2025-03,0,75,19.6
200814,,,2025-03-14,2025,2025-03,0,96,19.6
200814,,,2025-03-15,2025,2025-03,0,75,19.6
200814,,,2025-03-16,2025,2025-03,0.4,87,20
200814,,,2025-03-17,2025,2025-03,0,86,20
200814,,,2025-03-18,2025,2025-03,0.6,96,20.6
200814,,,2025-03-19,2025,2025-03,0,96,20.6
200814,,,2025-03-20,2025,2025-03,0.2,96,20.8
200814,,,2025-03-21,2025,2025-03,0,96,20.8
200814,,,2025-03-22,2025,2025-03,0,94,20.8
200814,,,2025-03-23,2025,2025-03,0,83,20.8
200814,,,2025-03-24,2025,2025-03,0,87,20.8
200814,,,2025-03-25,2025,2025-03,0,96,20.8
200814,,,2025-03-26,2025,2025-03,0,93,20.8
200814,,,2025-03-27,2025,2025-03,0,78,20.8
200814,,,2025-03-28,2025,2025-03,0,96,20.8
200814,,,2025-03-29,2025,2025-03,0,96,20.8
200814,,,2025-03-30,2025,2025-03,0,95,20.8
200814,,,2025-03-31,2025,2025-03,0,84,20.8
200814,,,2025-04-01,2025,2025-04,0,91,20.8
200814,,,2025-04-02,2025,2025-04,0,96,20.8
200814,,,2025-04-03,2025,2025-04,3.4,96,24.2
200814,,,2025-04-04,2025,2025-04,30.8,78,55
200814,,,2025-04-05,2025,2025-04,0.2,96,55.2
200814,,,2025-04-06,2025,2025-04,0,96,55.2
200814,,,2025-04-07,2025,2025-04,4.2,96,59.4
200814,,,2025-04-08,2025,2025-04,1.8,89,61.2
200814,,,2025-04-09,2025,2025-04,11.4,96,72.6
200814,,,2025-04-10,2025,2025-04,15.4,92,88
200814,,,2025-04-11,2025,2025-04,0,85,88
200814,,,2025-04-12,2025,2025-04,1.2,96,89.2
200814,,,2025-04-13,2025,2025-04,0,96,89.2
200814,,,2025-04-14,2025,2025-04,0,81,89.2
200814,,,2025-04-15,2025,2025-04,0,94,89.2
200814,,,2025-04-16,2025,2025-04,0,96,89.2
200814,,,2025-04-17,2025,2025-04,0,96,89.2
200814,,,2025-04-18,2025,2025-04,3.8,96,93
200814,,,2025-04-19,2025,2025-04,2.8,96,95.8
200814,,,2025-04-20,2025,2025-04,0,96,95.8
200814,,,2025-04-21,2025,2025-04,1.6,96,97.4
200814,,,2025-04-22,2025,2025-04,4.6,96,102
200814,,,2025-04-23,2025,2025-04,1.6,90,103.6
200814,,,2025-04-24,2025,2025-04,5.4,95,109
200814,,,2025-04-25,2025,2025-04,4.2,95,113.2
200814,,,2025-04-26,2025,2025-04,4.6,96,117.8
200814,,,2025-04-27,2025,2025-04,0,96,117.8
200814,,,2025-04-28,2025,2025-04,0,96,117.8
200814,,,2025-04-29,2025,2025-04,0,93,117.8
200814,,,2025-04-30,2025,2025-04,21.4,86,139.2
200814,,,2025-05-01,2025,2025-05,1,95,140.2
200814,,,2025-05-02,2025,2025-05,0,96,140.2
200814,,,2025-05-03,2025,2025-05,24.4,59,164.6
200814,,,2025-05-04,2025,2025-05,0,89,164.6
200814,,,2025-05-05,2025,2025-05,2.2,96,166.8
200814,,,2025-05-06,2025,2025-05,1.8,96,168.6
200814,,,2025-05-07,2025,2025-05,7.4,70,176
200814,,,2025-05-08,2025,2025-05,0.4,96,176.4
200814,,,2025-05-09,2025,2025-05,0,96,176.4
200814,,,2025-05-10,2025,2025-05,17.2,95,193.6
200814,,,2025-05-11,2025,2025-05,7,95,200.6
200814,,,2025-05-12,2025,2025-05,0.2,79,200.8
200814,,,2025-05-13,2025,2025-05,0,95,200.8
200814,,,2025-05-14,2025,2025-05,14.6,79,215.4
200814,,,2025-05-15,2025,2025-05,1.2,86,216.6
200814,,,2025-05-16,2025,2025-05,0,95,216.6
200814,,,2025-05-17,2025,2025-05,3.2,56,219.8
200814,,,2025-05-18,2025,2025-05,20,82,239.8
200814,,,2025-05-19,2025,2025-05,9.4,96,249.2
200814,,,2025-05-20,2025,2025-05,23.6,94,272.8
200814,,,2025-05-21,2025,2025-05,2.4,96,275.2
200814,,,2025-05-22,2025,2025-05,5.8,25,281
200814,,,2025-05-23,2025,2025-05,1.6,81,282.6
200814,,,2025-05-24,2025,2025-05,7.8,96,290.4
200814,,,2025-05-25,2025,2025-05,0,91,290.4
200814,,,2025-05-26,2025,2025-05,0,32,290.4
200814,,,2025-05-27,2025,2025-05,25,83,315.4
200814,,,2025-05-28,2025,2025-05,0.4,95,315.8
200814,,,2025-05-29,2025,2025-05,0,96,315.8
200814,,,2025-05-30,2025,2025-05,28,90,343.8
200814,,,2025-05-31,2025,2025-05,10.4,31,354.2
200814,,,2025-06-01,2025,2025-06,0,23,354.2
200814,,,2025-06-02,2025,2025-06,5.4,51,359.6
200814,,,2025-06-03,2025,2025-06,0.4,37,360
200814,,,2025-06-04,2025,2025-06,10,87,370
200814,,,2025-06-05,2025,2025-06,0,62,370
200814,,,2025-06-06,2025,2025-06,0.2,63,370.2
200814,,,2025-06-07,2025,2025-06,0.2,75,370.4
200814,,,2025-06-08,2025,2025-06,0,96,370.4
200814,,,2025-06-09,2025,2025-06,4.2,48,374.6
200814,,,2025-06-10,2025,2025-06,17.8,96,392.4
200814,,,2025-06-11,2025,2025-06,0,23,392.4
200814,,,2025-06-12,2025,2025-06,0.2,95,392.6
200814,,,2025-06-13,2025,2025-06,0,65,392.6
200814,,,2025-06-14,2025,2025-06,33.8,81,426.4
200814,,,2025-06-15,2025,2025-06,0,96,426.4
200814,,,2025-06-16,2025,2025-06,0.4,96,426.8
200814,,,2025-06-17,2025,2025-06,1.4,92,428.2
200814,,,2025-06-18,2025,2025-06,9,91,437.2
200814,,,2025-06-19,2025,2025-06,0,87,437.2
200814,,,2025-06-20,2025,2025-06,12.4,96,449.6
200814,,,2025-06-21,2025,2025-06,40.2,96,489.8
200814,,,2025-06-22,2025,2025-06,16.8,94,506.6
200814,,,2025-06-23,2025,2025-06,0,96,506.6
200814,,,2025-06-24,2025,2025-06,12.8,96,519.4
200814,,,2025-06-25,2025,2025-06,1.6,93,521
200814,,,2025-06-27,2025,2025-06,1,66,522
200814,,,2025-06-28,2025,2025-06,0,92,522
200814,,,2025-06-29,2025,2025-06,0,65,522
200814,,,2025-06-30,2025,2025-06,0,96,522
200814,,,2025-07-01,2025,2025-07,5.8,96,527.8
200814,,,2025-07-02,2025,2025-07,1.2,96,529
200814,,,2025-07-03,2025,2025-07,0.4,93,529.4
200814,,,2025-07-04,2025,2025-07,1,96,530.4
200814,,,2025-07-05,2025,2025-07,5.2,96,535.6
200814,,,2025-07-06,2025,2025-07,0,96,535.6
200814,,,2025-07-07,2025,2025-07,4,96,539.6
200814,,,2025-07-08,2025,2025-07,0,95,539.6
200814,,,2025-07-09,2025,2025-07,13.2,96,552.8
200814,,,2025-07-10,2025,2025-07,0,93,552.8
200814,,,2025-07-11,2025,2025-07,0,96,552.8
200814,,,2025-07-12,2025,2025-07,0.2,96,553
200814,,,2025-07-13,2025,2025-07,0,94,553
200814,,,2025-07-14,2025,2025-07,0,94,553
200814,,,2025-07-15,2025,2025-07,33.2,74,586.2
200814,,,2025-07-16,2025,2025-07,0,34,586.2
200814,,,2025-07-17,2025,2025-07,0,78,586.2
200814,,,2025-07-18,2025,2025-07,0.2,83,586.4
200814,,,2025-07-19,2025,2025-07,7,96,593.4
200814,,,2025-07-20,2025,2025-07,0,87,593.4
200814,,,2025-07-21,2025,2025-07,0,61,593.4
200814,,,2025-07-22,2025,2025-07,13.2,86,606.6
200814,,,2025-07-23,2025,2025-07,1.6,93,608.2
200814,,,2025-07-24,2025,2025-07,0,83,608.2
200814,,,2025-07-25,2025,2025-07,0,44,608.2
200814,,,2025-07-26,2025,2025-07,6.4,86,614.6
200814,,,2025-07-27,2025,2025-07,0,95,614.6
200814,,,2025-07-28,2025,2025-07,1.2,96,615.8
200814,,,2025-07-29,2025,2025-07,0,66,615.8
200814,,,2025-07-30,2025,2025-07,0,96,615.8
200814,,,2025-07-31,2025,2025-07,0,96,615.8
200814,,,2025-08-01,2025,2025-08,0,77,615.8
200814,,,2025-08-02,2025,2025-08,2.6,82,618.4
200814,,,2025-08-03,2025,2025-08,0,96,618.4
200814,,,2025-08-04,2025,2025-08,0,96,618.4
200814,,,2025-08-05,2025,2025-08,2,96,620.4
200814,,,2025-08-06,2025,2025-08,0.2,96,620.6
200814,,,2025-08-07,2025,2025-08,0,94,620.6
200814,,,2025-08-08,2025,2025-08,42.6,96,663.2
200814,,,2025-08-09,2025,2025-08,4,88,667.2
200814,,,2025-08-10,2025,2025-08,0.2,53,667.4
200814,,,2025-08-11,2025,2025-08,0,96,667.4
200814,,,2025-08-12,2025,2025-08,0,96,667.4
200814,,,2025-08-13,2025,2025-08,0,96,667.4
200814,,,2025-08-14,2025,2025-08,0,96,667.4
200814,,,2025-08-15,2025,2025-08,0.2,78,667.6
200814,,,2025-08-17,2025,2025-08,16.6,75,684.2
200814,,,2025-08-18,2025,2025-08,0,95,684.2
200814,,,2025-08-19,2025,2025-08,3.8,96,688
200814,,,2025-08-20,2025,2025-08,0,96,688
200814,,,2025-08-21,2025,2025-08,0.2,96,688.2
200814,,,2025-08-22,2025,2025-08,0,96,688.2
200814,,,2025-08-23,2025,2025-08,0,89,688.2
200814,,,2025-08-24,2025,2025-08,0,96,688.2
200814,,,2025-08-25,2025,2025-08,21.6,95,709.8
200814,,,2025-08-26,2025,2025-08,6.8,96,716.6
200814,,,2025-08-27,2025,2025-08,0,69,716.6
200814,,,2025-08-28,2025,2025-08,0,31,716.6
200814,,,2025-08-29,2025,2025-08,0,96,716.6
200814,,,2025-08-30,2025,2025-08,3.2,91,719.8
200814,,,2025-08-31,2025,2025-08,1,95,720.8
200814,,,2025-09-01,2025,2025-09,0,96,720.8
200814,,,2025-09-02,2025,2025-09,27.8,96,748.6
200814,,,2025-09-03,2025,2025-09,0,79,748.6
200814,,,2025-09-04,2025,2025-09,27.6,96,776.2
200814,,,2025-09-05,2025,2025-09,39.6,77,815.8
200814,,,2025-09-06,2025,2025-09,0.2,4,816
200814,,,2025-09-07,2025,2025-09,0,96,816
200814,,,2025-09-08,2025,2025-09,1,55,817
200814,,,2025-09-09,2025,2025-09,0,96,817
200814,,,2025-09-10,2025,2025-09,0,96,817
200814,,,2025-09-11,2025,2025-09,8.6,96,825.6
200814,,,2025-09-12,2025,2025-09,0,73,825.6
200814,,,2025-09-13,2025,2025-09,0,96,825.6
200814,,,2025-09-14,2025,2025-09,1.6,76,827.2
200814,,,2025-09-15,2025,2025-09,0,51,827.2
200814,,,2025-09-16,2025,2025-09,0,96,827.2
200814,,,2025-09-17,2025,2025-09,0,41,827.2
200814,,,2025-09-18,2025,2025-09,2,90,829.2
200814,,,2025-09-19,2025,2025-09,0.2,96,829.4
200814,,,2025-09-20,2025,2025-09,0,90,829.4
200814,,,2025-09-21,2025,2025-09,0,96,829.4
200814,,,2025-09-22,2025,2025-09,0,90,829.4
200814,,,2025-09-23,2025,2025-09,0,94,829.4
200814,,,2025-09-24,2025,2025-09,37.6,96,867
200814,,,2025-09-25,2025,2025-09,0.4,69,867.4
200814,,,2025-09-26,2025,2025-09,0,90,867.4
200814,,,2025-09-27,2025,2025-09,0,95,867.4
200814,,,2025-09-28,2025,2025-09,0,49,867.4
200814,,,2025-09-29,2025,2025-09,0,58,867.4
200814,,,2025-09-30,2025,2025-09,0.2,96,867.6
200814,,,2025-10-01,2025,2025-10,0,96,867.6
200814,,,2025-10-02,2025,2025-10,0,96,867.6
200814,,,2025-10-03,2025,2025-10,1.4,93,869
200814,,,2025-10-04,2025,2025-10,0,96,869
200814,,,2025-10-05,2025,2025-10,8.4,96,877.4
200814,,,2025-10-06,2025,2025-10,0,86,877.4
200814,,,2025-10-07,2025,2025-10,0,70,877.4
200814,,,2025-10-08,2025,2025-10,0.2,96,877.6
200814,,,2025-10-09,2025,2025-10,11.6,96,889.2
200814,,,2025-10-10,2025,2025-10,0,92,889.2
200814,,,2025-10-11,2025,2025-10,0,96,889.2
200814,,,2025-10-12,2025,2025-10,0,96,889.2
200814,,,2025-10-13,2025,2025-10,0,89,889.2
200814,,,2025-10-14,2025,2025-10,0,51,889.2
200814,,,2025-10-15,2025,2025-10,0,87,889.2
200814,,,2025-10-16,2025,2025-10,0,94,889.2
200814,,,2025-10-17,2025,2025-10,0,96,889.2
200814,,,2025-10-18,2025,2025-10,0.4,90,889.6
200814,,,2025-10-19,2025,2025-10,0,91,889.6
200814,,,2025-10-20,2025,2025-10,72,91,961.6
200814,,,2025-10-21,2025,2025-10,0,54,961.6
200814,,,2025-10-22,2025,2025-10,0,93,961.6
200814,,,2025-10-23,2025,2025-10,0,82,961.6
200814,,,2025-10-24,2025,2025-10,0.2,33,961.8
200814,,,2025-10-25,2025,2025-10,9.4,88,971.2
200814,,,2025-10-26,2025,2025-10,0,67,971.2
200814,,,2025-10-27,2025,2025-10,0,96,971.2
200814,,,2025-10-28,2025,2025-10,0,96,971.2
200814,,,2025-10-29,2025,2025-10,0,96,971.2
200814,,,2025-10-30,2025,2025-10,0,93,971.2
200814,,,2025-10-31,2025,2025-10,0,93,971.2
200814,,,2025-11-01,2025,2025-11,0,94,971.2
200814,,,2025-11-02,2025,2025-11,0,42,971.2
200814,,,2025-11-03,2025,2025-11,0,60,971.2
200814,,,2025-11-04,2025,2025-11,0,73,971.2
200814,,,2025-11-05,2025,2025-11,0,95,971.2
200814,,,2025-11-06,2025,2025-11,0,96,971.2
200814,,,2025-11-07,2025,2025-11,0,92,971.2
200814,,,2025-11-08,2025,2025-11,0,92,971.2
200814,,,2025-11-09,2025,2025-11,0,96,971.2
200814,,,2025-11-10,2025,2025-11,0,96,971.2
200814,,,2025-11-11,2025,2025-11,0,83,971.2
200814,,,2025-11-12,2025,2025-11,0,96,971.2
200814,,,2025-11-13,2025,2025-11,5.2,96,976.4
200814,,,2025-11-14,2025,2025-11,0,96,976.4
200814,,,2025-11-15,2025,2025-11,0,96,976.4
200814,,,2025-11-16,2025,2025-11,0,90,976.4
200814,,,2025-11-17,2025,2025-11,0,91,976.4
200814,,,2025-11-18,2025,2025-11,0,95,976.4
200814,,,2025-11-19,2025,2025-11,0,53,976.4
200814,,,2025-11-20,2025,2025-11,0,91,976.4
200814,,,2025-11-21,2025,2025-11,0,92,976.4
200814,,,2025-11-22,2025,2025-11,0,96,976.4
200814,,,2025-11-23,2025,2025-11,0,96,976.4
200814,,,2025-11-24,2025,2025-11,0,96,976.4
200814,,,2025-11-25,2025,2025-11,0,96,976.4
200814,,,2025-11-26,2025,2025-11,0,83,976.4
200814,,,2025-11-27,2025,2025-11,0.8,96,977.2
200814,,,2025-11-28,2025,2025-11,0,96,977.2
200814,,,2025-11-29,2025,2025-11,0,96,977.2
200814,,,2025-11-30,2025,2025-11,0,95,977.2
200814,,,2025-12-01,2025,2025-12,0,92,977.2
200814,,,2025-12-02,2025,2025-12,0,96,977.2
200814,,,2025-12-03,2025,2025-12,0,96,977.2
200814,,,2025-12-04,2025,2025-12,0,96,977.2
200814,,,2025-12-05,2025,2025-12,0,96,977.2
200814,,,2025-12-06,2025,2025-12,8.4,90,985.6
200814,,,2025-12-07,2025,2025-12,0,96,985.6
200814,,,2025-12-08,2025,2025-12,0,95,985.6
200814,,,2025-12-09,2025,2025-12,10.6,91,996.2
200814,,,2025-12-10,2025,2025-12,0,96,996.2
200814,,,2025-12-11,2025,2025-12,0.8,90,997
200814,,,2025-12-12,2025,2025-12,0,86,997
200814,,,2025-12-13,2025,2025-12,0,95,997
200814,,,2025-12-14,2025,2025-12,0,96,997
200814,,,2025-12-15,2025,2025-12,0,96,997
200814,,,2025-12-16,2025,2025-12,0,96,997
200814,,,2025-12-17,2025,2025-12,0,75,997
200814,,,2025-12-18,2025,2025-12,0,90,997
200814,,,2025-12-19,2025,2025-12,0,84,997
200814,,,2025-12-20,2025,2025-12,0,92,997
200814,,,2025-12-21,2025,2025-12,1,95,998
200814,,,2025-12-22,2025,2025-12,0,93,998
200814,,,2025-12-23,2025,2025-12,0,82,998
200814,,,2025-12-24,2025,2025-12,0,86,998
200814,,,2025-12-25,2025,2025-12,0,96,998
200814,,,2025-12-26,2025,2025-12,0,96,998
200814,,,2025-12-27,2025,2025-12,0,96,998
200814,,,2025-12-28,2025,2025-12,0,96,998
200814,,,2025-12-29,2025,2025-12,0,87,998
200814,,,2025-12-30,2025,2025-12,0,56,998
200814,,,2025-12-31,2025,2025-12,0,95,998
200814,,,2026-01-01,2026,2026-01,0,96,0
200814,,,2026-01-02,2026,2026-01,0,96,0
200814,,,2026-01-03,2026,2026-01,0,96,0
200814,,,2026-01-04,2026,2026-01,0,96,0
200814,,,2026-01-05,2026,2026-01,0,96,0
200814,,,2026-01-06,2026,2026-01,0,94,0
200814,,,2026-01-07,2026,2026-01,0,96,0
200814,,,2026-01-08,2026,2026-01,0,96,0
200814,,,2026-01-09,2026,2026-01,0,96,0
200814,,,2026-01-10,2026,2026-01,0,96,0
200814,,,2026-01-11,2026,2026-01,0,96,0
200814,,,2026-01-12,2026,2026-01,0,92,0
200814,,,2026-01-13,2026,2026-01,0,96,0
200814,,,2026-01-14,2026,2026-01,0,96,0
200814,,,2026-01-15,2026,2026-01,0,96,0
200814,,,2026-01-16,2026,2026-01,0,96,0
200814,,,2026-01-17,2026,2026-01,0,95,0
200814,,,2026-01-18,2026,2026-01,0,87,0
200814,,,2026-01-19,2026,2026-01,0,96,0
200814,,,2026-01-20,2026,2026-01,0,33,0
200814,,,2026-01-21,2026,2026-01,0,81,0
200814,,,2026-01-22,2026,2026-01,0,72,0
200814,,,2026-06-20,2026,2026-06,0,5,0
200814,,,2026-06-21,2026,2026-06,0,93,0
200814,,,2026-06-22,2026,2026-06,3.8,82,3.8
200814,,,2026-06-23,2026,2026-06,0,75,3.8
200814,,,2026-06-24,2026,2026-06,0,96,3.8
200814,,,2026-06-25,2026,2026-06,9.2,90,13
200814,,,2026-06-26,2026,2026-06,0,96,13
200814,,,2026-06-27,2026,2026-06,0,96,13
200814,,,2026-06-28,2026,2026-06,22.4,79,35.4
200814,,,2026-06-29,2026,2026-06,0,75,35.4
200814,,,2026-06-30,2026,2026-06,12,74,47.4
200814,,,2026-07-01,2026,2026-07,1.8,93,49.2
200814,,,2026-07-02,2026,2026-07,30.6,79,79.8
200814,,,2026-07-03,2026,2026-07,6.2,76,86
200814,,,2026-07-04,2026,2026-07,2.6,96,88.6
200814,,,2026-07-05,2026,2026-07,0,96,88.6
200814,,,2026-07-06,2026,2026-07,13.6,96,102.2
200814,,,2026-07-07,2026,2026-07,0,78,102.2
200814,,,2026-07-08,2026,2026-07,0,76,102.2
200814,,,2026-07-09,2026,2026-07,10.6,96,112.8
200814,,,2026-07-10,2026,2026-07,7,96,119.8
200814,,,2026-07-11,2026,2026-07,0,76,119.8
200814,,,2026-07-12,2026,2026-07,0,75,119.8
200814,,,2026-07-13,2026,2026-07,26.8,96,146.6
200814,,,2026-07-14,2026,2026-07,0,80,146.6
200814,,,2026-07-15,2026,2026-07,0,54,146.6
200814,,,2026-07-16,2026,2026-07,0.6,75,147.2
200814,,,2026-07-17,2026,2026-07,0,95,147.2
200814,,,2026-07-18,2026,2026-07,18.2,68,165.4
200814,,,2026-07-19,2026,2026-07,0.2,61,165.6
200814,,,2026-07-20,2026,2026-07,60,79,225.6
200814,,,2026-07-21,2026,2026-07,0,85,225.6
200814,,,2026-07-22,2026,2026-07,0,75,225.6
200814,,,2026-07-23,2026,2026-07,3,79,228.6
200814,,,2026-07-24,2026,2026-07,0,92,228.6
200814,,,2026-07-25,2026,2026-07,0,85,228.6
200814,,,2026-07-26,2026,2026-07,37.2,87,265.8
200814,,,2026-07-27,2026,2026-07,0.2,80,266
200814,,,2026-07-28,2026,2026-07,0,27,266
200814,,,2026-07-29,2026,2026-07,10.4,56,276.4
200814,,,2026-07-30,2026,2026-07,0.2,72,276.6
200814,,,2026-07-31,2026,2026-07,4.8,77,281.4
200814,,,2026-08-01,2026,2026-08,0,96,281.4
200814,,,2026-08-02,2026,2026-08,0,89,281.4
212477,,,2025-05-14,2025,2025-05,0,103,0
212477,,,2025-05-15,2025,2025-05,45.8,288,45.8
212477,,,2025-05-16,2025,2025-05,3,288,48.8
212477,,,2025-05-17,2025,2025-05,5,288,53.8
212477,,,2025-05-18,2025,2025-05,3.2,288,57
212477,,,2025-05-19,2025,2025-05,3.8,288,60.8
212477,,,2025-05-20,2025,2025-05,53.6,288,114.4
212477,,,2025-05-21,2025,2025-05,2.6,288,117
212477,,,2025-05-22,2025,2025-05,21.2,288,138.2
212477,,,2025-05-23,2025,2025-05,20.4,288,158.6
212477,,,2025-05-24,2025,2025-05,3.8,288,162.4
212477,,,2025-05-25,2025,2025-05,0.2,288,162.6
212477,,,2025-05-26,2025,2025-05,25.8,288,188.4
212477,,,2025-05-27,2025,2025-05,9.2,288,197.6
212477,,,2025-05-28,2025,2025-05,0.2,288,197.8
212477,,,2025-05-29,2025,2025-05,0,288,197.8
212477,,,2025-05-30,2025,2025-05,3.4,288,201.2
212477,,,2025-05-31,2025,2025-05,14.4,288,215.6
212477,,,2025-06-01,2025,2025-06,40.6,288,256.2
212477,,,2025-06-02,2025,2025-06,35.8,288,292
212477,,,2025-06-03,2025,2025-06,0,288,292
212477,,,2025-06-04,2025,2025-06,1.4,288,293.4
212477,,,2025-06-05,2025,2025-06,1.8,288,295.2
212477,,,2025-06-06,2025,2025-06,0,288,295.2
212477,,,2025-06-07,2025,2025-06,9,288,304.2
212477,,,2025-06-08,2025,2025-06,0,288,304.2
212477,,,2025-06-09,2025,2025-06,12,288,316.2
212477,,,2025-06-10,2025,2025-06,0,288,316.2
212477,,,2025-06-11,2025,2025-06,18.6,288,334.8
212477,,,2025-06-12,2025,2025-06,39.8,288,374.6
212477,,,2025-06-13,2025,2025-06,0,288,374.6
212477,,,2025-06-14,2025,2025-06,36.8,288,411.4
212477,,,2025-06-15,2025,2025-06,0,288,411.4
212477,,,2025-06-16,2025,2025-06,0,288,411.4
212477,,,2025-06-17,2025,2025-06,0,288,411.4
212477,,,2025-06-18,2025,2025-06,0,288,411.4
212477,,,2025-06-19,2025,2025-06,0.2,288,411.6
212477,,,2025-06-20,2025,2025-06,9.8,288,421.4
212477,,,2025-06-21,2025,2025-06,32,288,453.4
212477,,,2025-06-22,2025,2025-06,1.4,288,454.8
212477,,,2025-06-23,2025,2025-06,2.8,288,457.6
212477,,,2025-06-24,2025,2025-06,18.6,288,476.2
212477,,,2025-06-25,2025,2025-06,24.8,288,501
212477,,,2025-06-26,2025,2025-06,0.4,288,501.4
212477,,,2025-06-27,2025,2025-06,5,288,506.4
212477,,,2025-06-28,2025,2025-06,0,288,506.4
212477,,,2025-06-29,2025,2025-06,12.4,288,518.8
212477,,,2025-06-30,2025,2025-06,6.8,288,525.6
212477,,,2025-07-01,2025,2025-07,0.2,288,525.8
212477,,,2025-07-02,2025,2025-07,19.6,288,545.4
212477,,,2025-07-03,2025,2025-07,47,288,592.4
212477,,,2025-07-04,2025,2025-07,5.4,288,597.8
212477,,,2025-07-05,2025,2025-07,0.8,288,598.6
212477,,,2025-07-06,2025,2025-07,0,288,598.6
212477,,,2025-07-07,2025,2025-07,0,288,598.6
212477,,,2025-07-08,2025,2025-07,0.8,288,599.4
212477,,,2025-07-09,2025,2025-07,51,288,650.4
212477,,,2025-07-10,2025,2025-07,0,288,650.4
212477,,,2025-07-11,2025,2025-07,33.4,288,683.8
212477,,,2025-07-12,2025,2025-07,21,288,704.8
212477,,,2025-07-13,2025,2025-07,0,288,704.8
212477,,,2025-07-14,2025,2025-07,0,288,704.8
212477,,,2025-07-15,2025,2025-07,58.4,288,763.2
212477,,,2025-07-16,2025,2025-07,0,288,763.2
212477,,,2025-07-17,2025,2025-07,0.8,288,764
212477,,,2025-07-18,2025,2025-07,21.8,288,785.8
212477,,,2025-07-19,2025,2025-07,2.6,288,788.4
212477,,,2025-07-20,2025,2025-07,0,288,788.4
212477,,,2025-07-21,2025,2025-07,10.4,288,798.8
212477,,,2025-07-22,2025,2025-07,33.8,288,832.6
212477,,,2025-07-23,2025,2025-07,17.6,288,850.2
212477,,,2025-07-24,2025,2025-07,0,288,850.2
212477,,,2025-07-25,2025,2025-07,0,288,850.2
212477,,,2025-07-26,2025,2025-07,16.2,288,866.4
212477,,,2025-07-27,2025,2025-07,6,288,872.4
212477,,,2025-07-28,2025,2025-07,0.2,288,872.6
212477,,,2025-07-29,2025,2025-07,0,288,872.6
212477,,,2025-07-30,2025,2025-07,1.6,288,874.2
212477,,,2025-07-31,2025,2025-07,0,288,874.2
212477,,,2025-08-01,2025,2025-08,1.4,288,875.6
212477,,,2025-08-02,2025,2025-08,2.2,288,877.8
212477,,,2025-08-03,2025,2025-08,32.2,288,910
212477,,,2025-08-04,2025,2025-08,19.4,288,929.4
212477,,,2025-08-05,2025,2025-08,3.8,288,933.2
212477,,,2025-08-06,2025,2025-08,7.8,288,941
212477,,,2025-08-07,2025,2025-08,0,288,941
212477,,,2025-08-08,2025,2025-08,22.4,288,963.4
212477,,,2025-08-09,2025,2025-08,42.6,288,1006
212477,,,2025-08-10,2025,2025-08,0.2,288,1006.2
212477,,,2025-08-11,2025,2025-08,0,288,1006.2
212477,,,2025-08-12,2025,2025-08,0,288,1006.2
212477,,,2025-08-13,2025,2025-08,0,288,1006.2
212477,,,2025-08-14,2025,2025-08,0,288,1006.2
212477,,,2025-08-15,2025,2025-08,4.2,288,1010.4
212477,,,2025-08-16,2025,2025-08,0,288,1010.4
212477,,,2025-08-17,2025,2025-08,6.2,288,1016.6
212477,,,2025-08-18,2025,2025-08,0,288,1016.6
212477,,,2025-08-19,2025,2025-08,0.8,288,1017.4
212477,,,2025-08-20,2025,2025-08,0,288,1017.4
212477,,,2025-08-21,2025,2025-08,0,288,1017.4
212477,,,2025-08-22,2025,2025-08,12.8,288,1030.2
212477,,,2025-08-23,2025,2025-08,0,288,1030.2
212477,,,2025-08-24,2025,2025-08,0,288,1030.2
212477,,,2025-08-25,2025,2025-08,4.4,288,1034.6
212477,,,2025-08-26,2025,2025-08,5,288,1039.6
212477,,,2025-08-27,2025,2025-08,9.6,288,1049.2
212477,,,2025-08-28,2025,2025-08,0,288,1049.2
212477,,,2025-08-29,2025,2025-08,12.6,288,1061.8
212477,,,2025-08-30,2025,2025-08,4,288,1065.8
212477,,,2025-08-31,2025,2025-08,0,288,1065.8
212477,,,2025-09-01,2025,2025-09,1.4,288,1067.2
212477,,,2025-09-02,2025,2025-09,6.8,288,1074
212477,,,2025-09-03,2025,2025-09,0,288,1074
212477,,,2025-09-04,2025,2025-09,45.2,288,1119.2
212477,,,2025-09-05,2025,2025-09,4,288,1123.2
212477,,,2025-09-06,2025,2025-09,2.4,288,1125.6
212477,,,2025-09-07,2025,2025-09,0,288,1125.6
212477,,,2025-09-08,2025,2025-09,9,288,1134.6
212477,,,2025-09-09,2025,2025-09,0,288,1134.6
212477,,,2025-09-10,2025,2025-09,0,288,1134.6
212477,,,2025-09-11,2025,2025-09,0,288,1134.6
212477,,,2025-09-12,2025,2025-09,5.6,288,1140.2
212477,,,2025-09-13,2025,2025-09,0,288,1140.2
212477,,,2025-09-14,2025,2025-09,18.8,288,1159
212477,,,2025-09-15,2025,2025-09,0.4,288,1159.4
212477,,,2025-09-16,2025,2025-09,0,288,1159.4
212477,,,2025-09-17,2025,2025-09,5.6,288,1165
212477,,,2025-09-18,2025,2025-09,1.4,288,1166.4
212477,,,2025-09-19,2025,2025-09,0.2,288,1166.6
212477,,,2025-09-20,2025,2025-09,0,288,1166.6
212477,,,2025-09-21,2025,2025-09,0,288,1166.6
212477,,,2025-09-22,2025,2025-09,0,288,1166.6
212477,,,2025-09-23,2025,2025-09,0,288,1166.6
212477,,,2025-09-24,2025,2025-09,4.2,288,1170.8
212477,,,2025-09-25,2025,2025-09,0,288,1170.8
212477,,,2025-09-26,2025,2025-09,0,288,1170.8
212477,,,2025-09-27,2025,2025-09,26.8,288,1197.6
212477,,,2025-09-28,2025,2025-09,0,288,1197.6
212477,,,2025-09-29,2025,2025-09,0,288,1197.6
212477,,,2025-09-30,2025,2025-09,0,288,1197.6
212477,,,2025-10-01,2025,2025-10,0,288,1197.6
212477,,,2025-10-02,2025,2025-10,0,288,1197.6
212477,,,2025-10-03,2025,2025-10,0,288,1197.6
212477,,,2025-10-04,2025,2025-10,0,288,1197.6
212477,,,2025-10-05,2025,2025-10,0,288,1197.6
212477,,,2025-10-06,2025,2025-10,0,288,1197.6
212477,,,2025-10-07,2025,2025-10,0.4,288,1198
212477,,,2025-10-08,2025,2025-10,0,288,1198
212477,,,2025-10-09,2025,2025-10,32.4,288,1230.4
212477,,,2025-10-10,2025,2025-10,1.4,288,1231.8
212477,,,2025-10-11,2025,2025-10,0,288,1231.8
212477,,,2025-10-12,2025,2025-10,0,288,1231.8
212477,,,2025-10-13,2025,2025-10,0,288,1231.8
212477,,,2025-10-14,2025,2025-10,0,288,1231.8
212477,,,2025-10-15,2025,2025-10,9.8,288,1241.6
212477,,,2025-10-16,2025,2025-10,0,288,1241.6
212477,,,2025-10-17,2025,2025-10,1.8,288,1243.4
212477,,,2025-10-18,2025,2025-10,9.4,288,1252.8
212477,,,2025-10-19,2025,2025-10,0,288,1252.8
212477,,,2025-10-20,2025,2025-10,10.2,288,1263
212477,,,2025-10-21,2025,2025-10,0.2,288,1263.2
212477,,,2025-10-22,2025,2025-10,0,288,1263.2
212477,,,2025-10-23,2025,2025-10,0,288,1263.2
212477,,,2025-10-24,2025,2025-10,0,288,1263.2
212477,,,2025-10-25,2025,2025-10,0.4,288,1263.6
212477,,,2025-10-26,2025,2025-10,0,288,1263.6
212477,,,2025-10-27,2025,2025-10,0,288,1263.6
212477,,,2025-10-28,2025,2025-10,0,288,1263.6
212477,,,2025-10-29,2025,2025-10,0,288,1263.6
212477,,,2025-10-30,2025,2025-10,6.8,288,1270.4
212477,,,2025-10-31,2025,2025-10,29.4,288,1299.8
212477,,,2025-11-01,2025,2025-11,0.6,288,1300.4
212477,,,2025-11-02,2025,2025-11,0.2,288,1300.6
212477,,,2025-11-03,2025,2025-11,0,288,1300.6
212477,,,2025-11-04,2025,2025-11,0,288,1300.6
212477,,,2025-11-05,2025,2025-11,0,288,1300.6
212477,,,2025-11-06,2025,2025-11,0,288,1300.6
212477,,,2025-11-07,2025,2025-11,0,288,1300.6
212477,,,2025-11-08,2025,2025-11,0,288,1300.6
212477,,,2025-11-09,2025,2025-11,0,288,1300.6
212477,,,2025-11-10,2025,2025-11,0,288,1300.6
212477,,,2025-11-11,2025,2025-11,0,288,1300.6
212477,,,2025-11-12,2025,2025-11,0,288,1300.6
212477,,,2025-11-13,2025,2025-11,5.2,288,1305.8
212477,,,2025-11-14,2025,2025-11,2.4,288,1308.2
212477,,,2025-11-15,2025,2025-11,0,288,1308.2
212477,,,2025-11-16,2025,2025-11,0,288,1308.2
212477,,,2025-11-17,2025,2025-11,0,288,1308.2
212477,,,2025-11-18,2025,2025-11,0,288,1308.2
212477,,,2025-11-19,2025,2025-11,0,288,1308.2
212477,,,2025-11-20,2025,2025-11,12,288,1320.2
212477,,,2025-11-21,2025,2025-11,27.6,288,1347.8
212477,,,2025-11-22,2025,2025-11,0,288,1347.8
212477,,,2025-11-23,2025,2025-11,0,288,1347.8
212477,,,2025-11-24,2025,2025-11,0,288,1347.8
212477,,,2025-11-25,2025,2025-11,0,288,1347.8
212477,,,2025-11-26,2025,2025-11,0.2,288,1348
212477,,,2025-11-27,2025,2025-11,0,288,1348
212477,,,2025-11-28,2025,2025-11,0,288,1348
212477,,,2025-11-29,2025,2025-11,0.6,288,1348.6
212477,,,2025-11-30,2025,2025-11,0,288,1348.6
212477,,,2025-12-01,2025,2025-12,0,288,1348.6
212477,,,2025-12-02,2025,2025-12,0,288,1348.6
212477,,,2025-12-03,2025,2025-12,0,288,1348.6
212477,,,2025-12-04,2025,2025-12,0,288,1348.6
212477,,,2025-12-05,2025,2025-12,1.6,288,1350.2
212477,,,2025-12-06,2025,2025-12,1.2,288,1351.4
212477,,,2025-12-07,2025,2025-12,0,288,1351.4
212477,,,2025-12-08,2025,2025-12,9.6,288,1361
212477,,,2025-12-09,2025,2025-12,0,288,1361
212477,,,2025-12-10,2025,2025-12,0,288,1361
212477,,,2025-12-11,2025,2025-12,0,288,1361
212477,,,2025-12-12,2025,2025-12,0,288,1361
212477,,,2025-12-13,2025,2025-12,0,288,1361
212477,,,2025-12-14,2025,2025-12,0,288,1361
212477,,,2025-12-15,2025,2025-12,0,288,1361
212477,,,2025-12-16,2025,2025-12,0,288,1361
212477,,,2025-12-17,2025,2025-12,0,288,1361
212477,,,2025-12-18,2025,2025-12,0,288,1361
212477,,,2025-12-19,2025,2025-12,0,288,1361
212477,,,2025-12-20,2025,2025-12,0,288,1361
212477,,,2025-12-21,2025,2025-12,7.8,288,1368.8
212477,,,2025-12-22,2025,2025-12,0,288,1368.8
212477,,,2025-12-23,2025,2025-12,0,288,1368.8
212477,,,2025-12-24,2025,2025-12,0,288,1368.8
212477,,,2025-12-25,2025,2025-12,0,288,1368.8
212477,,,2025-12-26,2025,2025-12,0,288,1368.8
212477,,,2025-12-27,2025,2025-12,0,288,1368.8
212477,,,2025-12-28,2025,2025-12,0,288,1368.8
212477,,,2025-12-29,2025,2025-12,0,288,1368.8
212477,,,2025-12-30,2025,2025-12,0,288,1368.8
212477,,,2025-12-31,2025,2025-12,0,288,1368.8
212477,,,2026-01-01,2026,2026-01,0,288,0
212477,,,2026-01-02,2026,2026-01,0,288,0
212477,,,2026-01-03,2026,2026-01,0,288,0
212477,,,2026-01-04,2026,2026-01,0,288,0
212477,,,2026-01-05,2026,2026-01,0,288,0
212477,,,2026-01-06,2026,2026-01,0,288,0
212477,,,2026-01-07,2026,2026-01,0.8,288,0.8
212477,,,2026-01-08,2026,2026-01,0,288,0.8
212477,,,2026-01-09,2026,2026-01,0,288,0.8
212477,,,2026-01-10,2026,2026-01,0,288,0.8
212477,,,2026-01-11,2026,2026-01,0,288,0.8
212477,,,2026-01-12,2026,2026-01,0,288,0.8
212477,,,2026-01-13,2026,2026-01,0,288,0.8
212477,,,2026-01-14,2026,2026-01,0,288,0.8
212477,,,2026-01-15,2026,2026-01,0,288,0.8
212477,,,2026-01-16,2026,2026-01,0,288,0.8
212477,,,2026-01-17,2026,2026-01,0,288,0.8
212477,,,2026-01-18,2026,2026-01,0,288,0.8
212477,,,2026-01-19,2026,2026-01,0,288,0.8
212477,,,2026-01-20,2026,2026-01,0,288,0.8
212477,,,2026-01-21,2026,2026-01,0,288,0.8
212477,,,2026-01-22,2026,2026-01,0,288,0.8
212477,,,2026-01-23,2026,2026-01,0,288,0.8
212477,,,2026-01-24,2026,2026-01,0,288,0.8
212477,,,2026-01-25,2026,2026-01,0,288,0.8
212477,,,2026-01-26,2026,2026-01,0,288,0.8
212477,,,2026-01-27,2026,2026-01,0,288,0.8
212477,,,2026-01-28,2026,2026-01,3.4,288,4.2
212477,,,2026-01-29,2026,2026-01,0,288,4.2
212477,,,2026-01-30,2026,2026-01,0,288,4.2
212477,,,2026-01-31,2026,2026-01,2.4,288,6.6
212477,,,2026-02-01,2026,2026-02,0,288,6.6
212477,,,2026-02-02,2026,2026-02,0,288,6.6
212477,,,2026-02-03,2026,2026-02,0,288,6.6
212477,,,2026-02-04,2026,2026-02,0,288,6.6
212477,,,2026-02-05,2026,2026-02,0,288,6.6
212477,,,2026-02-06,2026,2026-02,0,288,6.6
212477,,,2026-02-07,2026,2026-02,0,288,6.6
212477,,,2026-02-08,2026,2026-02,0,288,6.6
212477,,,2026-02-09,2026,2026-02,0,288,6.6
212477,,,2026-02-10,2026,2026-02,0,288,6.6
212477,,,2026-02-11,2026,2026-02,0,288,6.6
212477,,,2026-02-12,2026,2026-02,0,288,6.6
212477,,,2026-02-13,2026,2026-02,0,288,6.6
212477,,,2026-02-14,2026,2026-02,0,288,6.6
212477,,,2026-02-15,2026,2026-02,0.6,288,7.2
212477,,,2026-02-16,2026,2026-02,0,288,7.2
212477,,,2026-02-17,2026,2026-02,0,288,7.2
212477,,,2026-02-18,2026,2026-02,0,288,7.2
212477,,,2026-02-19,2026,2026-02,0,288,7.2
212477,,,2026-02-20,2026,2026-02,0,288,7.2
212477,,,2026-02-21,2026,2026-02,0,288,7.2
212477,,,2026-02-22,2026,2026-02,0,288,7.2
212477,,,2026-02-23,2026,2026-02,0,288,7.2
212477,,,2026-02-24,2026,2026-02,0,288,7.2
212477,,,2026-02-25,2026,2026-02,0,288,7.2
212477,,,2026-02-26,2026,2026-02,0,288,7.2
212477,,,2026-02-27,2026,2026-02,0,267,7.2
212477,,,2026-02-28,2026,2026-02,0,288,7.2
212477,,,2026-03-01,2026,2026-03,0,288,7.2
212477,,,2026-03-02,2026,2026-03,0,288,7.2
212477,,,2026-03-03,2026,2026-03,0,288,7.2
212477,,,2026-03-04,2026,2026-03,0,265,7.2
212477,,,2026-03-05,2026,2026-03,0,288,7.2
212477,,,2026-03-06,2026,2026-03,0,288,7.2
212477,,,2026-03-07,2026,2026-03,0,281,7.2
212477,,,2026-03-08,2026,2026-03,0,286,7.2
212477,,,2026-03-09,2026,2026-03,0,288,7.2
212477,,,2026-03-10,2026,2026-03,0,288,7.2
212477,,,2026-03-11,2026,2026-03,0,288,7.2
212477,,,2026-03-12,2026,2026-03,0,288,7.2
212477,,,2026-03-13,2026,2026-03,2.4,284,9.6
212477,,,2026-03-14,2026,2026-03,0,279,9.6
212477,,,2026-03-15,2026,2026-03,0,288,9.6
212477,,,2026-03-16,2026,2026-03,0,272,9.6
212477,,,2026-03-17,2026,2026-03,0,263,9.6
212477,,,2026-03-18,2026,2026-03,0,286,9.6
212477,,,2026-03-19,2026,2026-03,0,246,9.6
212477,,,2026-03-20,2026,2026-03,0,288,9.6
212477,,,2026-03-21,2026,2026-03,0,288,9.6
212477,,,2026-03-22,2026,2026-03,0,271,9.6
212477,,,2026-03-23,2026,2026-03,0,288,9.6
212477,,,2026-03-24,2026,2026-03,0,288,9.6
212477,,,2026-03-25,2026,2026-03,0,264,9.6
212477,,,2026-03-26,2026,2026-03,0,271,9.6
212477,,,2026-03-27,2026,2026-03,0,255,9.6
212477,,,2026-03-28,2026,2026-03,0,216,9.6
212477,,,2026-04-01,2026,2026-04,0,152,9.6
212477,,,2026-04-02,2026,2026-04,0,104,9.6
212477,,,2026-04-04,2026,2026-04,0,204,9.6
212477,,,2026-04-05,2026,2026-04,0,272,9.6
212516,P06,Occidente,2025-05-14,2025,2025-05,1,19,1
212516,P06,Occidente,2025-05-15,2025,2025-05,0.6,96,1.6
212516,P06,Occidente,2025-05-16,2025,2025-05,1.2,96,2.8
212516,P06,Occidente,2025-05-17,2025,2025-05,0,96,2.8
212516,P06,Occidente,2025-05-18,2025,2025-05,0.8,96,3.6
212516,P06,Occidente,2025-05-19,2025,2025-05,0.4,96,4
212516,P06,Occidente,2025-05-20,2025,2025-05,1.4,96,5.4
212516,P06,Occidente,2025-05-21,2025,2025-05,2.2,96,7.6
212516,P06,Occidente,2025-05-22,2025,2025-05,3,96,10.6
212516,P06,Occidente,2025-05-23,2025,2025-05,0,96,10.6
212516,P06,Occidente,2025-05-24,2025,2025-05,0,96,10.6
212516,P06,Occidente,2025-05-25,2025,2025-05,0,96,10.6
212516,P06,Occidente,2025-05-26,2025,2025-05,1.8,96,12.4
212516,P06,Occidente,2025-05-27,2025,2025-05,2.2,96,14.6
212516,P06,Occidente,2025-05-28,2025,2025-05,0,96,14.6
212516,P06,Occidente,2025-05-29,2025,2025-05,0,96,14.6
212516,P06,Occidente,2025-05-30,2025,2025-05,0,96,14.6
212516,P06,Occidente,2025-05-31,2025,2025-05,1.4,96,16
212516,P06,Occidente,2025-06-01,2025,2025-06,1.6,96,17.6
212516,P06,Occidente,2025-06-02,2025,2025-06,0.6,96,18.2
212516,P06,Occidente,2025-06-03,2025,2025-06,0,96,18.2
212516,P06,Occidente,2025-06-04,2025,2025-06,0.4,96,18.6
212516,P06,Occidente,2025-06-05,2025,2025-06,0,96,18.6
212516,P06,Occidente,2025-06-06,2025,2025-06,1.6,96,20.2
212516,P06,Occidente,2025-06-07,2025,2025-06,10,96,30.2
212516,P06,Occidente,2025-06-08,2025,2025-06,0,96,30.2
212516,P06,Occidente,2025-06-09,2025,2025-06,8.8,96,39
212516,P06,Occidente,2025-06-10,2025,2025-06,0,96,39
212516,P06,Occidente,2025-06-11,2025,2025-06,8.6,96,47.6
212516,P06,Occidente,2025-06-12,2025,2025-06,17.6,96,65.2
212516,P06,Occidente,2025-06-13,2025,2025-06,0,96,65.2
212516,P06,Occidente,2025-06-14,2025,2025-06,33.6,96,98.8
212516,P06,Occidente,2025-06-15,2025,2025-06,0,96,98.8
212516,P06,Occidente,2025-06-16,2025,2025-06,0,96,98.8
212516,P06,Occidente,2025-06-17,2025,2025-06,0,96,98.8
212516,P06,Occidente,2025-06-18,2025,2025-06,0,96,98.8
212516,P06,Occidente,2025-06-19,2025,2025-06,6.6,96,105.4
212516,P06,Occidente,2025-06-20,2025,2025-06,23.6,96,129
212516,P06,Occidente,2025-06-21,2025,2025-06,24.6,96,153.6
212516,P06,Occidente,2025-06-22,2025,2025-06,14.4,96,168
212516,P06,Occidente,2025-06-23,2025,2025-06,0,96,168
212516,P06,Occidente,2025-06-24,2025,2025-06,0,96,168
212516,P06,Occidente,2025-06-25,2025,2025-06,2.6,96,170.6
212516,P06,Occidente,2025-06-26,2025,2025-06,0.6,96,171.2
212516,P06,Occidente,2025-06-27,2025,2025-06,18.2,96,189.4
212516,P06,Occidente,2025-06-28,2025,2025-06,1,96,190.4
212516,P06,Occidente,2025-06-29,2025,2025-06,51.8,96,242.2
212516,P06,Occidente,2025-06-30,2025,2025-06,19.8,96,262
212516,P06,Occidente,2025-07-01,2025,2025-07,0.2,96,262.2
212516,P06,Occidente,2025-07-02,2025,2025-07,5.2,96,267.4
212516,P06,Occidente,2025-07-03,2025,2025-07,31.2,96,298.6
212516,P06,Occidente,2025-07-04,2025,2025-07,4.4,96,303
212516,P06,Occidente,2025-07-05,2025,2025-07,9,96,312
212516,P06,Occidente,2025-07-06,2025,2025-07,0,96,312
212516,P06,Occidente,2025-07-07,2025,2025-07,0.2,96,312.2
212516,P06,Occidente,2025-07-08,2025,2025-07,0,96,312.2
212516,P06,Occidente,2025-07-09,2025,2025-07,56.4,96,368.6
212516,P06,Occidente,2025-07-10,2025,2025-07,0,96,368.6
212516,P06,Occidente,2025-07-11,2025,2025-07,7.2,96,375.8
212516,P06,Occidente,2025-07-12,2025,2025-07,17.2,96,393
212516,P06,Occidente,2025-07-13,2025,2025-07,11.8,96,404.8
212516,P06,Occidente,2025-07-14,2025,2025-07,0,96,404.8
212516,P06,Occidente,2025-07-15,2025,2025-07,55.8,96,460.6
212516,P06,Occidente,2025-07-16,2025,2025-07,0,96,460.6
212516,P06,Occidente,2025-07-17,2025,2025-07,1.8,96,462.4
212516,P06,Occidente,2025-07-18,2025,2025-07,17.8,96,480.2
212516,P06,Occidente,2025-07-19,2025,2025-07,2.8,96,483
212516,P06,Occidente,2025-07-20,2025,2025-07,0,96,483
212516,P06,Occidente,2025-07-21,2025,2025-07,4.2,96,487.2
212516,P06,Occidente,2025-07-22,2025,2025-07,0,96,487.2
212516,P06,Occidente,2025-07-23,2025,2025-07,37,96,524.2
212516,P06,Occidente,2025-07-24,2025,2025-07,0,96,524.2
212516,P06,Occidente,2025-07-25,2025,2025-07,0,96,524.2
212516,P06,Occidente,2025-07-26,2025,2025-07,1.4,96,525.6
212516,P06,Occidente,2025-07-27,2025,2025-07,19,96,544.6
212516,P06,Occidente,2025-07-28,2025,2025-07,0.6,96,545.2
212516,P06,Occidente,2025-07-29,2025,2025-07,3.2,96,548.4
212516,P06,Occidente,2025-07-30,2025,2025-07,0,96,548.4
212516,P06,Occidente,2025-07-31,2025,2025-07,0.2,96,548.6
212516,P06,Occidente,2025-08-01,2025,2025-08,7.4,96,556
212516,P06,Occidente,2025-08-02,2025,2025-08,13.8,96,569.8
212516,P06,Occidente,2025-08-03,2025,2025-08,1,96,570.8
212516,P06,Occidente,2025-08-04,2025,2025-08,5.4,96,576.2
212516,P06,Occidente,2025-08-05,2025,2025-08,2.6,96,578.8
212516,P06,Occidente,2025-08-06,2025,2025-08,6.2,96,585
212516,P06,Occidente,2025-08-07,2025,2025-08,23,96,608
212516,P06,Occidente,2025-08-08,2025,2025-08,29.8,96,637.8
212516,P06,Occidente,2025-08-09,2025,2025-08,39,96,676.8
212516,P06,Occidente,2025-08-10,2025,2025-08,0.4,96,677.2
212516,P06,Occidente,2025-08-11,2025,2025-08,0,96,677.2
212516,P06,Occidente,2025-08-12,2025,2025-08,0,96,677.2
212516,P06,Occidente,2025-08-13,2025,2025-08,0.6,96,677.8
212516,P06,Occidente,2025-08-14,2025,2025-08,0,96,677.8
212516,P06,Occidente,2025-08-15,2025,2025-08,6.2,96,684
212516,P06,Occidente,2025-08-16,2025,2025-08,0.2,96,684.2
212516,P06,Occidente,2025-08-17,2025,2025-08,26,96,710.2
212516,P06,Occidente,2025-08-18,2025,2025-08,0,96,710.2
212516,P06,Occidente,2025-08-19,2025,2025-08,0.6,96,710.8
212516,P06,Occidente,2025-08-20,2025,2025-08,3.2,96,714
212516,P06,Occidente,2025-08-21,2025,2025-08,0,96,714
212516,P06,Occidente,2025-08-22,2025,2025-08,1.4,96,715.4
212516,P06,Occidente,2025-08-23,2025,2025-08,0,96,715.4
212516,P06,Occidente,2025-08-24,2025,2025-08,0,96,715.4
212516,P06,Occidente,2025-08-25,2025,2025-08,1.8,96,717.2
212516,P06,Occidente,2025-08-26,2025,2025-08,3.4,96,720.6
212516,P06,Occidente,2025-08-27,2025,2025-08,17.8,96,738.4
212516,P06,Occidente,2025-08-28,2025,2025-08,0,96,738.4
212516,P06,Occidente,2025-08-29,2025,2025-08,3,96,741.4
212516,P06,Occidente,2025-08-30,2025,2025-08,22.6,96,764
212516,P06,Occidente,2025-08-31,2025,2025-08,0,96,764
212516,P06,Occidente,2025-09-01,2025,2025-09,5,96,769
212516,P06,Occidente,2025-09-02,2025,2025-09,10.6,96,779.6
212516,P06,Occidente,2025-09-03,2025,2025-09,0.2,96,779.8
212516,P06,Occidente,2025-09-04,2025,2025-09,2.6,96,782.4
212516,P06,Occidente,2025-09-05,2025,2025-09,3.6,96,786
212516,P06,Occidente,2025-09-06,2025,2025-09,3.6,96,789.6
212516,P06,Occidente,2025-09-07,2025,2025-09,0.2,96,789.8
212516,P06,Occidente,2025-09-08,2025,2025-09,5.4,96,795.2
212516,P06,Occidente,2025-09-09,2025,2025-09,0,96,795.2
212516,P06,Occidente,2025-09-10,2025,2025-09,0,96,795.2
212516,P06,Occidente,2025-09-11,2025,2025-09,22.8,96,818
212516,P06,Occidente,2025-09-12,2025,2025-09,17,96,835
212516,P06,Occidente,2025-09-13,2025,2025-09,0,96,835
212516,P06,Occidente,2025-09-14,2025,2025-09,25,96,860
212516,P06,Occidente,2025-09-15,2025,2025-09,0.4,96,860.4
212516,P06,Occidente,2025-09-16,2025,2025-09,0,96,860.4
212516,P06,Occidente,2025-09-17,2025,2025-09,7.6,96,868
212516,P06,Occidente,2025-09-18,2025,2025-09,2.8,96,870.8
212516,P06,Occidente,2025-09-19,2025,2025-09,0.2,96,871
212516,P06,Occidente,2025-09-20,2025,2025-09,0,96,871
212516,P06,Occidente,2025-09-21,2025,2025-09,0,96,871
212516,P06,Occidente,2025-09-22,2025,2025-09,1,96,872
212516,P06,Occidente,2025-09-23,2025,2025-09,0,96,872
212516,P06,Occidente,2025-09-24,2025,2025-09,16.6,96,888.6
212516,P06,Occidente,2025-09-25,2025,2025-09,0,96,888.6
212516,P06,Occidente,2025-09-26,2025,2025-09,0,96,888.6
212516,P06,Occidente,2025-09-27,2025,2025-09,0,96,888.6
212516,P06,Occidente,2025-09-28,2025,2025-09,0,96,888.6
212516,P06,Occidente,2025-09-29,2025,2025-09,0,96,888.6
212516,P06,Occidente,2025-09-30,2025,2025-09,0,96,888.6
212516,P06,Occidente,2025-10-01,2025,2025-10,2.8,96,891.4
212516,P06,Occidente,2025-10-02,2025,2025-10,0,96,891.4
212516,P06,Occidente,2025-10-03,2025,2025-10,0,96,891.4
212516,P06,Occidente,2025-10-04,2025,2025-10,0,96,891.4
212516,P06,Occidente,2025-10-05,2025,2025-10,1.6,96,893
212516,P06,Occidente,2025-10-06,2025,2025-10,0,95,893
212516,P06,Occidente,2025-10-07,2025,2025-10,0,70,893
212516,P06,Occidente,2025-10-08,2025,2025-10,0.4,96,893.4
212516,P06,Occidente,2025-10-09,2025,2025-10,2.8,90,896.2
212516,P06,Occidente,2025-10-10,2025,2025-10,0,89,896.2
212516,P06,Occidente,2025-10-11,2025,2025-10,8.2,94,904.4
212516,P06,Occidente,2025-10-12,2025,2025-10,0,96,904.4
212516,P06,Occidente,2025-10-13,2025,2025-10,0,95,904.4
212516,P06,Occidente,2025-10-14,2025,2025-10,0,93,904.4
212516,P06,Occidente,2025-10-15,2025,2025-10,0,89,904.4
212516,P06,Occidente,2025-10-16,2025,2025-10,0,84,904.4
212516,P06,Occidente,2025-10-17,2025,2025-10,0,85,904.4
212516,P06,Occidente,2025-10-18,2025,2025-10,10,93,914.4
212516,P06,Occidente,2025-10-19,2025,2025-10,0,79,914.4
212516,P06,Occidente,2025-10-20,2025,2025-10,0.8,85,915.2
212516,P06,Occidente,2025-10-21,2025,2025-10,0.4,86,915.6
212516,P06,Occidente,2025-10-22,2025,2025-10,0,96,915.6
212516,P06,Occidente,2025-10-23,2025,2025-10,4.2,95,919.8
212516,P06,Occidente,2025-10-24,2025,2025-10,0,84,919.8
212516,P06,Occidente,2025-10-25,2025,2025-10,16.4,95,936.2
212516,P06,Occidente,2025-10-26,2025,2025-10,0,94,936.2
212516,P06,Occidente,2025-10-27,2025,2025-10,0,88,936.2
212516,P06,Occidente,2025-10-28,2025,2025-10,0,95,936.2
212516,P06,Occidente,2025-10-29,2025,2025-10,0,93,936.2
212516,P06,Occidente,2025-10-30,2025,2025-10,4.4,87,940.6
212516,P06,Occidente,2025-10-31,2025,2025-10,19.6,76,960.2
212516,P06,Occidente,2025-11-01,2025,2025-11,0,80,960.2
212516,P06,Occidente,2025-11-02,2025,2025-11,0,88,960.2
212516,P06,Occidente,2025-11-03,2025,2025-11,0,89,960.2
212516,P06,Occidente,2025-11-04,2025,2025-11,0,95,960.2
212516,P06,Occidente,2025-11-05,2025,2025-11,0,87,960.2
212516,P06,Occidente,2025-11-06,2025,2025-11,0,94,960.2
212516,P06,Occidente,2025-11-07,2025,2025-11,0,76,960.2
212516,P06,Occidente,2025-11-08,2025,2025-11,0,89,960.2
212516,P06,Occidente,2025-11-09,2025,2025-11,0,84,960.2
212516,P06,Occidente,2025-11-10,2025,2025-11,0,85,960.2
212516,P06,Occidente,2025-11-11,2025,2025-11,0,96,960.2
212516,P06,Occidente,2025-11-12,2025,2025-11,0,70,960.2
212516,P06,Occidente,2025-11-13,2025,2025-11,2.6,82,962.8
212516,P06,Occidente,2025-11-14,2025,2025-11,0,82,962.8
212516,P06,Occidente,2025-11-15,2025,2025-11,0,92,962.8
212516,P06,Occidente,2025-11-16,2025,2025-11,0,94,962.8
212516,P06,Occidente,2025-11-17,2025,2025-11,0,93,962.8
212516,P06,Occidente,2025-11-18,2025,2025-11,0,88,962.8
212516,P06,Occidente,2025-11-19,2025,2025-11,0,80,962.8
212516,P06,Occidente,2025-11-20,2025,2025-11,3.6,88,966.4
212516,P06,Occidente,2025-11-21,2025,2025-11,3.6,90,970
212516,P06,Occidente,2025-11-22,2025,2025-11,0,60,970
212516,P06,Occidente,2025-11-23,2025,2025-11,0,93,970
212516,P06,Occidente,2025-11-24,2025,2025-11,0,94,970
212516,P06,Occidente,2025-11-25,2025,2025-11,0,68,970
212516,P06,Occidente,2025-11-26,2025,2025-11,0,69,970
212516,P06,Occidente,2025-11-27,2025,2025-11,0,63,970
212516,P06,Occidente,2025-11-28,2025,2025-11,0,82,970
212516,P06,Occidente,2025-11-29,2025,2025-11,7,91,977
212516,P06,Occidente,2025-11-30,2025,2025-11,0,84,977
212516,P06,Occidente,2025-12-01,2025,2025-12,0,87,977
212516,P06,Occidente,2025-12-02,2025,2025-12,0,85,977
212516,P06,Occidente,2025-12-03,2025,2025-12,0,96,977
212516,P06,Occidente,2025-12-04,2025,2025-12,0,96,977
212516,P06,Occidente,2025-12-05,2025,2025-12,0,90,977
212516,P06,Occidente,2025-12-06,2025,2025-12,0,95,977
212516,P06,Occidente,2025-12-07,2025,2025-12,0,95,977
212516,P06,Occidente,2025-12-08,2025,2025-12,3,78,980
212516,P06,Occidente,2025-12-09,2025,2025-12,0,92,980
212516,P06,Occidente,2025-12-10,2025,2025-12,0,87,980
212516,P06,Occidente,2025-12-11,2025,2025-12,0,96,980
212516,P06,Occidente,2025-12-12,2025,2025-12,0,87,980
212516,P06,Occidente,2025-12-13,2025,2025-12,0,96,980
212516,P06,Occidente,2025-12-14,2025,2025-12,0,96,980
212516,P06,Occidente,2025-12-15,2025,2025-12,0,96,980
212516,P06,Occidente,2025-12-16,2025,2025-12,0,64,980
212516,P06,Occidente,2025-12-17,2025,2025-12,0,95,980
212516,P06,Occidente,2025-12-18,2025,2025-12,0,95,980
212516,P06,Occidente,2025-12-19,2025,2025-12,0,84,980
212516,P06,Occidente,2025-12-20,2025,2025-12,0,96,980
212516,P06,Occidente,2025-12-21,2025,2025-12,3.6,92,983.6
212516,P06,Occidente,2025-12-22,2025,2025-12,0,96,983.6
212516,P06,Occidente,2025-12-23,2025,2025-12,0,96,983.6
212516,P06,Occidente,2025-12-24,2025,2025-12,0,96,983.6
212516,P06,Occidente,2025-12-25,2025,2025-12,0,96,983.6
212516,P06,Occidente,2025-12-26,2025,2025-12,0,96,983.6
212516,P06,Occidente,2025-12-27,2025,2025-12,0,92,983.6
212516,P06,Occidente,2025-12-28,2025,2025-12,0,96,983.6
212516,P06,Occidente,2025-12-29,2025,2025-12,0,96,983.6
212516,P06,Occidente,2025-12-30,2025,2025-12,0,96,983.6
212516,P06,Occidente,2025-12-31,2025,2025-12,0,96,983.6
212516,P06,Occidente,2026-01-01,2026,2026-01,0,96,0
212516,P06,Occidente,2026-01-02,2026,2026-01,0,79,0
212516,P06,Occidente,2026-01-03,2026,2026-01,0,96,0
212516,P06,Occidente,2026-01-04,2026,2026-01,0,84,0
212516,P06,Occidente,2026-01-05,2026,2026-01,0,96,0
212516,P06,Occidente,2026-01-06,2026,2026-01,0,94,0
212516,P06,Occidente,2026-01-07,2026,2026-01,0,95,0
212516,P06,Occidente,2026-01-08,2026,2026-01,0,94,0
212516,P06,Occidente,2026-01-09,2026,2026-01,0,89,0
212516,P06,Occidente,2026-01-10,2026,2026-01,0,96,0
212516,P06,Occidente,2026-01-11,2026,2026-01,0,95,0
212516,P06,Occidente,2026-01-12,2026,2026-01,0,94,0
212516,P06,Occidente,2026-01-13,2026,2026-01,0,96,0
212516,P06,Occidente,2026-01-14,2026,2026-01,0,93,0
212516,P06,Occidente,2026-01-15,2026,2026-01,0,95,0
212516,P06,Occidente,2026-01-16,2026,2026-01,0,95,0
212516,P06,Occidente,2026-01-17,2026,2026-01,0,96,0
212516,P06,Occidente,2026-01-18,2026,2026-01,0,96,0
212516,P06,Occidente,2026-01-19,2026,2026-01,0,92,0
212516,P06,Occidente,2026-01-20,2026,2026-01,0,91,0
212516,P06,Occidente,2026-01-21,2026,2026-01,0,96,0
212516,P06,Occidente,2026-01-22,2026,2026-01,0,96,0
212516,P06,Occidente,2026-01-23,2026,2026-01,0,92,0
212516,P06,Occidente,2026-01-24,2026,2026-01,0,96,0
212516,P06,Occidente,2026-01-25,2026,2026-01,0,96,0
212516,P06,Occidente,2026-01-26,2026,2026-01,1.4,93,1.4
212516,P06,Occidente,2026-01-27,2026,2026-01,0,94,1.4
212516,P06,Occidente,2026-01-28,2026,2026-01,0,96,1.4
212516,P06,Occidente,2026-01-29,2026,2026-01,0,88,1.4
212516,P06,Occidente,2026-01-30,2026,2026-01,0,92,1.4
212516,P06,Occidente,2026-01-31,2026,2026-01,0,95,1.4
212516,P06,Occidente,2026-02-01,2026,2026-02,0,96,1.4
212516,P06,Occidente,2026-02-02,2026,2026-02,0,96,1.4
212516,P06,Occidente,2026-02-03,2026,2026-02,0,96,1.4
212516,P06,Occidente,2026-02-04,2026,2026-02,0,96,1.4
212516,P06,Occidente,2026-02-05,2026,2026-02,0,84,1.4
212516,P06,Occidente,2026-02-06,2026,2026-02,0,92,1.4
212516,P06,Occidente,2026-02-07,2026,2026-02,0,96,1.4
212516,P06,Occidente,2026-02-08,2026,2026-02,0,96,1.4
212516,P06,Occidente,2026-02-09,2026,2026-02,0,88,1.4
212516,P06,Occidente,2026-02-10,2026,2026-02,0,95,1.4
212516,P06,Occidente,2026-02-11,2026,2026-02,0,78,1.4
212516,P06,Occidente,2026-02-12,2026,2026-02,0,96,1.4
212516,P06,Occidente,2026-02-13,2026,2026-02,0,86,1.4
212516,P06,Occidente,2026-02-14,2026,2026-02,0,95,1.4
212516,P06,Occidente,2026-02-15,2026,2026-02,0,88,1.4
212516,P06,Occidente,2026-02-16,2026,2026-02,0,96,1.4
212516,P06,Occidente,2026-02-17,2026,2026-02,0,96,1.4
212516,P06,Occidente,2026-02-18,2026,2026-02,0,96,1.4
212516,P06,Occidente,2026-02-19,2026,2026-02,0,90,1.4
212516,P06,Occidente,2026-02-20,2026,2026-02,0,91,1.4
212516,P06,Occidente,2026-02-21,2026,2026-02,0,96,1.4
212516,P06,Occidente,2026-02-22,2026,2026-02,0,83,1.4
212516,P06,Occidente,2026-02-23,2026,2026-02,0,96,1.4
212516,P06,Occidente,2026-02-24,2026,2026-02,0,90,1.4
212516,P06,Occidente,2026-02-25,2026,2026-02,0,82,1.4
212516,P06,Occidente,2026-02-26,2026,2026-02,0,93,1.4
212516,P06,Occidente,2026-02-27,2026,2026-02,0,89,1.4
212516,P06,Occidente,2026-02-28,2026,2026-02,0,96,1.4
212516,P06,Occidente,2026-03-01,2026,2026-03,0,96,1.4
212516,P06,Occidente,2026-03-02,2026,2026-03,0,96,1.4
212516,P06,Occidente,2026-03-03,2026,2026-03,0,91,1.4
212516,P06,Occidente,2026-03-04,2026,2026-03,0,92,1.4
212516,P06,Occidente,2026-03-05,2026,2026-03,0,95,1.4
212516,P06,Occidente,2026-03-06,2026,2026-03,0,93,1.4
212516,P06,Occidente,2026-03-07,2026,2026-03,0,89,1.4
212516,P06,Occidente,2026-03-08,2026,2026-03,0,84,1.4
212516,P06,Occidente,2026-03-09,2026,2026-03,0,92,1.4
212516,P06,Occidente,2026-03-10,2026,2026-03,0,95,1.4
212516,P06,Occidente,2026-03-11,2026,2026-03,0,96,1.4
212516,P06,Occidente,2026-03-12,2026,2026-03,0,89,1.4
212516,P06,Occidente,2026-03-13,2026,2026-03,2.4,96,3.8
212516,P06,Occidente,2026-03-14,2026,2026-03,0,95,3.8
212516,P06,Occidente,2026-03-15,2026,2026-03,0,93,3.8
212516,P06,Occidente,2026-03-16,2026,2026-03,0,96,3.8
212516,P06,Occidente,2026-03-17,2026,2026-03,0,94,3.8
212516,P06,Occidente,2026-03-18,2026,2026-03,0,96,3.8
212516,P06,Occidente,2026-03-19,2026,2026-03,0,96,3.8
212516,P06,Occidente,2026-03-20,2026,2026-03,0,95,3.8
212516,P06,Occidente,2026-03-21,2026,2026-03,0,92,3.8
212516,P06,Occidente,2026-03-22,2026,2026-03,0,89,3.8
212516,P06,Occidente,2026-03-23,2026,2026-03,0,95,3.8
212516,P06,Occidente,2026-03-24,2026,2026-03,0,96,3.8
212516,P06,Occidente,2026-03-25,2026,2026-03,0,93,3.8
212516,P06,Occidente,2026-03-26,2026,2026-03,0,96,3.8
212516,P06,Occidente,2026-03-27,2026,2026-03,0,92,3.8
212516,P06,Occidente,2026-03-28,2026,2026-03,0,89,3.8
212516,P06,Occidente,2026-03-29,2026,2026-03,0,96,3.8
212516,P06,Occidente,2026-03-30,2026,2026-03,0,96,3.8
212516,P06,Occidente,2026-03-31,2026,2026-03,0,92,3.8
212516,P06,Occidente,2026-04-01,2026,2026-04,0,96,3.8
212516,P06,Occidente,2026-04-02,2026,2026-04,0.2,86,4
212516,P06,Occidente,2026-04-03,2026,2026-04,0,96,4
212516,P06,Occidente,2026-04-04,2026,2026-04,0,91,4
212516,P06,Occidente,2026-04-05,2026,2026-04,0,96,4
212516,P06,Occidente,2026-04-06,2026,2026-04,0,96,4
212516,P06,Occidente,2026-04-07,2026,2026-04,24.8,93,28.8
212516,P06,Occidente,2026-04-08,2026,2026-04,0,95,28.8
212516,P06,Occidente,2026-04-09,2026,2026-04,0,80,28.8
212516,P06,Occidente,2026-04-10,2026,2026-04,0,94,28.8
212516,P06,Occidente,2026-04-11,2026,2026-04,0,96,28.8
212516,P06,Occidente,2026-04-12,2026,2026-04,0,95,28.8
212516,P06,Occidente,2026-04-13,2026,2026-04,3.6,96,32.4
212516,P06,Occidente,2026-04-14,2026,2026-04,0,95,32.4
212516,P06,Occidente,2026-04-15,2026,2026-04,0,96,32.4
212516,P06,Occidente,2026-04-16,2026,2026-04,14.2,92,46.6
212516,P06,Occidente,2026-04-17,2026,2026-04,4,82,50.6
212516,P06,Occidente,2026-04-18,2026,2026-04,0.2,77,50.8
212516,P06,Occidente,2026-04-19,2026,2026-04,0,96,50.8
212516,P06,Occidente,2026-04-20,2026,2026-04,0,78,50.8
212516,P06,Occidente,2026-04-21,2026,2026-04,0,96,50.8
212516,P06,Occidente,2026-04-22,2026,2026-04,0,94,50.8
212516,P06,Occidente,2026-04-23,2026,2026-04,0,90,50.8
212516,P06,Occidente,2026-04-24,2026,2026-04,0,91,50.8
212516,P06,Occidente,2026-04-25,2026,2026-04,0,93,50.8
212516,P06,Occidente,2026-04-26,2026,2026-04,9.2,96,60
212516,P06,Occidente,2026-04-27,2026,2026-04,0,96,60
212516,P06,Occidente,2026-04-28,2026,2026-04,0,93,60
212516,P06,Occidente,2026-04-29,2026,2026-04,0,90,60
212516,P06,Occidente,2026-04-30,2026,2026-04,0,85,60
212516,P06,Occidente,2026-05-01,2026,2026-05,0,91,60
212516,P06,Occidente,2026-05-02,2026,2026-05,0,96,60
212516,P06,Occidente,2026-05-03,2026,2026-05,0,85,60
212516,P06,Occidente,2026-05-04,2026,2026-05,0,96,60
212516,P06,Occidente,2026-05-05,2026,2026-05,0,96,60
212516,P06,Occidente,2026-05-06,2026,2026-05,0,93,60
212516,P06,Occidente,2026-05-07,2026,2026-05,0,90,60
212516,P06,Occidente,2026-05-08,2026,2026-05,0,90,60
212516,P06,Occidente,2026-05-09,2026,2026-05,0,95,60
212516,P06,Occidente,2026-05-10,2026,2026-05,0,94,60
212516,P06,Occidente,2026-05-11,2026,2026-05,0,91,60
212516,P06,Occidente,2026-05-12,2026,2026-05,12.2,96,72.2
212516,P06,Occidente,2026-05-13,2026,2026-05,1.8,95,74
212516,P06,Occidente,2026-05-14,2026,2026-05,0,95,74
212516,P06,Occidente,2026-05-15,2026,2026-05,0,94,74
212516,P06,Occidente,2026-05-16,2026,2026-05,7.8,94,81.8
212516,P06,Occidente,2026-05-17,2026,2026-05,24.8,60,106.6
212516,P06,Occidente,2026-05-18,2026,2026-05,0,75,106.6
212516,P06,Occidente,2026-05-19,2026,2026-05,0,96,106.6
212516,P06,Occidente,2026-05-20,2026,2026-05,0.4,96,107
212516,P06,Occidente,2026-05-21,2026,2026-05,4.2,80,111.2
212516,P06,Occidente,2026-05-22,2026,2026-05,0,96,111.2
212516,P06,Occidente,2026-05-23,2026,2026-05,27.4,93,138.6
212516,P06,Occidente,2026-05-24,2026,2026-05,0.4,96,139
212516,P06,Occidente,2026-05-25,2026,2026-05,15.6,95,154.6
212516,P06,Occidente,2026-05-26,2026,2026-05,0.6,96,155.2
212516,P06,Occidente,2026-05-27,2026,2026-05,14.2,96,169.4
212516,P06,Occidente,2026-05-28,2026,2026-05,5.2,73,174.6
212516,P06,Occidente,2026-05-29,2026,2026-05,0.4,96,175
212516,P06,Occidente,2026-05-30,2026,2026-05,0,92,175
212516,P06,Occidente,2026-05-31,2026,2026-05,0,63,175
212516,P06,Occidente,2026-06-01,2026,2026-06,0,89,175
212516,P06,Occidente,2026-06-02,2026,2026-06,4.6,93,179.6
212516,P06,Occidente,2026-06-03,2026,2026-06,56.8,95,236.4
212516,P06,Occidente,2026-06-04,2026,2026-06,27,86,263.4
212516,P06,Occidente,2026-06-05,2026,2026-06,9.2,77,272.6
212516,P06,Occidente,2026-06-06,2026,2026-06,0.2,88,272.8
212516,P06,Occidente,2026-06-07,2026,2026-06,21.6,82,294.4
212516,P06,Occidente,2026-06-08,2026,2026-06,2.8,87,297.2
212516,P06,Occidente,2026-06-09,2026,2026-06,0,83,297.2
212516,P06,Occidente,2026-06-10,2026,2026-06,0,94,297.2
212516,P06,Occidente,2026-06-11,2026,2026-06,4.2,95,301.4
212516,P06,Occidente,2026-06-12,2026,2026-06,0,76,301.4
212516,P06,Occidente,2026-06-13,2026,2026-06,0,96,301.4
212516,P06,Occidente,2026-06-14,2026,2026-06,0,95,301.4
212516,P06,Occidente,2026-06-15,2026,2026-06,2,96,303.4
212516,P06,Occidente,2026-06-16,2026,2026-06,4.2,90,307.6
212516,P06,Occidente,2026-06-17,2026,2026-06,0,96,307.6
212516,P06,Occidente,2026-06-18,2026,2026-06,18,95,325.6
212516,P06,Occidente,2026-06-19,2026,2026-06,1,62,326.6
212516,P06,Occidente,2026-06-20,2026,2026-06,0.2,95,326.8
212516,P06,Occidente,2026-06-21,2026,2026-06,2.8,81,329.6
212516,P06,Occidente,2026-06-22,2026,2026-06,0,86,329.6
212516,P06,Occidente,2026-06-23,2026,2026-06,0,96,329.6
212516,P06,Occidente,2026-06-24,2026,2026-06,2,84,331.6
212516,P06,Occidente,2026-06-25,2026,2026-06,15.2,91,346.8
212516,P06,Occidente,2026-06-26,2026,2026-06,0,71,346.8
212516,P06,Occidente,2026-06-27,2026,2026-06,0,96,346.8
212516,P06,Occidente,2026-06-28,2026,2026-06,3.6,95,350.4
212516,P06,Occidente,2026-06-29,2026,2026-06,0,96,350.4
212516,P06,Occidente,2026-06-30,2026,2026-06,3.2,86,353.6
212516,P06,Occidente,2026-07-01,2026,2026-07,1.4,96,355
212516,P06,Occidente,2026-07-02,2026,2026-07,0.6,79,355.6
212516,P06,Occidente,2026-07-03,2026,2026-07,53.6,91,409.2
212516,P06,Occidente,2026-07-04,2026,2026-07,0.4,96,409.6
212516,P06,Occidente,2026-07-05,2026,2026-07,0,96,409.6
212516,P06,Occidente,2026-07-06,2026,2026-07,0,84,409.6
212516,P06,Occidente,2026-07-07,2026,2026-07,4,96,413.6
212516,P06,Occidente,2026-07-08,2026,2026-07,17.2,76,430.8
212516,P06,Occidente,2026-07-09,2026,2026-07,5,95,435.8
212516,P06,Occidente,2026-07-10,2026,2026-07,0.8,96,436.6
212516,P06,Occidente,2026-07-11,2026,2026-07,0,96,436.6
212516,P06,Occidente,2026-07-12,2026,2026-07,0,92,436.6
212516,P06,Occidente,2026-07-13,2026,2026-07,10.4,94,447
212516,P06,Occidente,2026-07-14,2026,2026-07,0,89,447
212516,P06,Occidente,2026-07-15,2026,2026-07,0,96,447
212516,P06,Occidente,2026-07-16,2026,2026-07,0,77,447
212516,P06,Occidente,2026-07-17,2026,2026-07,0,96,447
212516,P06,Occidente,2026-07-18,2026,2026-07,1.8,85,448.8
212516,P06,Occidente,2026-07-19,2026,2026-07,0,96,448.8
212516,P06,Occidente,2026-07-20,2026,2026-07,29.4,79,478.2
212516,P06,Occidente,2026-07-21,2026,2026-07,0,96,478.2
212516,P06,Occidente,2026-07-22,2026,2026-07,0,91,478.2
212516,P06,Occidente,2026-07-23,2026,2026-07,11.4,87,489.6
212516,P06,Occidente,2026-07-24,2026,2026-07,0,91,489.6
212516,P06,Occidente,2026-07-25,2026,2026-07,3.4,96,493
212516,P06,Occidente,2026-07-26,2026,2026-07,16.6,90,509.6
212516,P06,Occidente,2026-07-27,2026,2026-07,17.8,91,527.4
212516,P06,Occidente,2026-07-28,2026,2026-07,0,94,527.4
212516,P06,Occidente,2026-07-29,2026,2026-07,13.6,66,541
212516,P06,Occidente,2026-07-30,2026,2026-07,3.8,87,544.8
212516,P06,Occidente,2026-07-31,2026,2026-07,1,89,545.8
212516,P06,Occidente,2026-08-01,2026,2026-08,0.4,95,546.2
212516,P06,Occidente,2026-08-02,2026,2026-08,1,89,547.2
212533,,,2025-05-14,2025,2025-05,0,8,0
212533,,,2025-05-15,2025,2025-05,0.8,96,0.8
212533,,,2025-05-16,2025,2025-05,1.8,96,2.6
212533,,,2025-05-17,2025,2025-05,20.6,96,23.2
212533,,,2025-05-18,2025,2025-05,30.4,96,53.6
212533,,,2025-05-19,2025,2025-05,37.4,96,91
212533,,,2025-05-20,2025,2025-05,22.8,96,113.8
212533,,,2025-05-21,2025,2025-05,2.8,96,116.6
212533,,,2025-05-22,2025,2025-05,44.4,96,161
212533,,,2025-05-23,2025,2025-05,5,96,166
212533,,,2025-05-24,2025,2025-05,0.2,96,166.2
212533,,,2025-05-25,2025,2025-05,0,96,166.2
212533,,,2025-05-26,2025,2025-05,7.2,96,173.4
212533,,,2025-05-27,2025,2025-05,16.6,96,190
212533,,,2025-05-28,2025,2025-05,0,96,190
212533,,,2025-05-29,2025,2025-05,0,96,190
212533,,,2025-05-30,2025,2025-05,10,96,200
212533,,,2025-05-31,2025,2025-05,0,96,200
212533,,,2025-06-01,2025,2025-06,32,96,232
212533,,,2025-06-02,2025,2025-06,25.4,96,257.4
212533,,,2025-06-03,2025,2025-06,0.8,96,258.2
212533,,,2025-06-04,2025,2025-06,4,96,262.2
212533,,,2025-06-05,2025,2025-06,5.6,96,267.8
212533,,,2025-06-06,2025,2025-06,30,96,297.8
212533,,,2025-06-07,2025,2025-06,19.6,96,317.4
212533,,,2025-06-08,2025,2025-06,0,96,317.4
212533,,,2025-06-09,2025,2025-06,28,96,345.4
212533,,,2025-06-10,2025,2025-06,0,96,345.4
212533,,,2025-06-11,2025,2025-06,78.2,96,423.6
212533,,,2025-06-12,2025,2025-06,36,96,459.6
212533,,,2025-06-13,2025,2025-06,0,96,459.6
212533,,,2025-06-14,2025,2025-06,55.8,96,515.4
212533,,,2025-06-15,2025,2025-06,0,96,515.4
212533,,,2025-06-16,2025,2025-06,0,96,515.4
212533,,,2025-06-17,2025,2025-06,21.2,96,536.6
212533,,,2025-06-18,2025,2025-06,0.2,96,536.8
212533,,,2025-06-19,2025,2025-06,2.6,96,539.4
212533,,,2025-06-20,2025,2025-06,15,96,554.4
212533,,,2025-06-21,2025,2025-06,6,96,560.4
212533,,,2025-06-22,2025,2025-06,0,96,560.4
212533,,,2025-06-23,2025,2025-06,0,96,560.4
212533,,,2025-06-24,2025,2025-06,0,96,560.4
212533,,,2025-06-25,2025,2025-06,0,96,560.4
212533,,,2025-06-26,2025,2025-06,0,96,560.4
212533,,,2025-06-27,2025,2025-06,0,96,560.4
212533,,,2025-06-28,2025,2025-06,0,96,560.4
212533,,,2025-06-29,2025,2025-06,0,96,560.4
212533,,,2025-06-30,2025,2025-06,0,96,560.4
212533,,,2025-07-01,2025,2025-07,0,96,560.4
212533,,,2025-07-02,2025,2025-07,0,96,560.4
212533,,,2025-07-03,2025,2025-07,0,96,560.4
212533,,,2025-07-04,2025,2025-07,0,96,560.4
212533,,,2025-07-05,2025,2025-07,0,96,560.4
212533,,,2025-07-06,2025,2025-07,0,96,560.4
212533,,,2025-07-07,2025,2025-07,0,96,560.4
212533,,,2025-07-08,2025,2025-07,0,96,560.4
212533,,,2025-07-09,2025,2025-07,0,96,560.4
212533,,,2025-07-10,2025,2025-07,0,96,560.4
212533,,,2025-07-11,2025,2025-07,0,96,560.4
212533,,,2025-07-12,2025,2025-07,0,96,560.4
212533,,,2025-07-13,2025,2025-07,0,96,560.4
212533,,,2025-07-14,2025,2025-07,0,96,560.4
212533,,,2025-07-15,2025,2025-07,0,96,560.4
212533,,,2025-07-16,2025,2025-07,0,96,560.4
212533,,,2025-07-17,2025,2025-07,0,96,560.4
212533,,,2025-07-18,2025,2025-07,0,96,560.4
212533,,,2025-07-19,2025,2025-07,0,96,560.4
212533,,,2025-07-20,2025,2025-07,0,96,560.4
212533,,,2025-07-21,2025,2025-07,0,96,560.4
212533,,,2025-07-22,2025,2025-07,0,96,560.4
212533,,,2025-07-23,2025,2025-07,2.8,96,563.2
212533,,,2025-07-24,2025,2025-07,0.2,96,563.4
212533,,,2025-07-25,2025,2025-07,0.2,96,563.6
212533,,,2025-07-26,2025,2025-07,0,96,563.6
212533,,,2025-07-27,2025,2025-07,0.6,96,564.2
212533,,,2025-07-28,2025,2025-07,0.8,96,565
212533,,,2025-07-29,2025,2025-07,3,96,568
212533,,,2025-07-30,2025,2025-07,5.4,96,573.4
212533,,,2025-07-31,2025,2025-07,1.2,96,574.6
212533,,,2025-08-01,2025,2025-08,8,96,582.6
212533,,,2025-08-02,2025,2025-08,19.6,96,602.2
212533,,,2025-08-03,2025,2025-08,6.8,96,609
212533,,,2025-08-04,2025,2025-08,3.6,96,612.6
212533,,,2025-08-05,2025,2025-08,3.6,96,616.2
212533,,,2025-08-06,2025,2025-08,1.4,96,617.6
212533,,,2025-08-07,2025,2025-08,0,96,617.6
212533,,,2025-08-08,2025,2025-08,5.6,96,623.2
212533,,,2025-08-09,2025,2025-08,34.6,96,657.8
212533,,,2025-08-10,2025,2025-08,5.4,96,663.2
212533,,,2025-08-11,2025,2025-08,0,96,663.2
212533,,,2025-08-12,2025,2025-08,0,96,663.2
212533,,,2025-08-13,2025,2025-08,0,96,663.2
212533,,,2025-08-14,2025,2025-08,5.2,96,668.4
212533,,,2025-08-15,2025,2025-08,6.4,96,674.8
212533,,,2025-08-16,2025,2025-08,0,96,674.8
212533,,,2025-08-17,2025,2025-08,3.4,96,678.2
212533,,,2025-08-18,2025,2025-08,0,96,678.2
212533,,,2025-08-19,2025,2025-08,2,96,680.2
212533,,,2025-08-20,2025,2025-08,0,96,680.2
212533,,,2025-08-21,2025,2025-08,2.2,96,682.4
212533,,,2025-08-22,2025,2025-08,4.4,96,686.8
212533,,,2025-08-23,2025,2025-08,0,96,686.8
212533,,,2025-08-24,2025,2025-08,0,96,686.8
212533,,,2025-08-25,2025,2025-08,8.2,96,695
212533,,,2025-08-26,2025,2025-08,42.6,96,737.6
212533,,,2025-08-27,2025,2025-08,11.4,96,749
212533,,,2025-08-28,2025,2025-08,0,96,749
212533,,,2025-08-29,2025,2025-08,0,96,749
212533,,,2025-08-30,2025,2025-08,4.8,96,753.8
212533,,,2025-08-31,2025,2025-08,35,96,788.8
212533,,,2025-09-01,2025,2025-09,0.8,96,789.6
212533,,,2025-09-02,2025,2025-09,1.2,96,790.8
212533,,,2025-09-03,2025,2025-09,17.8,96,808.6
212533,,,2025-09-04,2025,2025-09,1.2,96,809.8
212533,,,2025-09-05,2025,2025-09,27.6,96,837.4
212533,,,2025-09-06,2025,2025-09,11.2,96,848.6
212533,,,2025-09-07,2025,2025-09,0,96,848.6
212533,,,2025-09-08,2025,2025-09,1.8,96,850.4
212533,,,2025-09-09,2025,2025-09,0,96,850.4
212533,,,2025-09-10,2025,2025-09,0,96,850.4
212533,,,2025-09-11,2025,2025-09,33.4,96,883.8
212533,,,2025-09-12,2025,2025-09,0.6,96,884.4
212533,,,2025-09-13,2025,2025-09,0,96,884.4
212533,,,2025-09-14,2025,2025-09,52,96,936.4
212533,,,2025-09-15,2025,2025-09,0.4,96,936.8
212533,,,2025-09-16,2025,2025-09,0,96,936.8
212533,,,2025-09-17,2025,2025-09,19.8,96,956.6
212533,,,2025-09-18,2025,2025-09,3,96,959.6
212533,,,2025-09-19,2025,2025-09,0.2,96,959.8
212533,,,2025-09-20,2025,2025-09,8.2,96,968
212533,,,2025-09-21,2025,2025-09,0,96,968
212533,,,2025-09-22,2025,2025-09,0,96,968
212533,,,2025-09-23,2025,2025-09,0,96,968
212533,,,2025-09-24,2025,2025-09,39.4,96,1007.4
212533,,,2025-09-25,2025,2025-09,0.8,96,1008.2
212533,,,2025-09-26,2025,2025-09,0,96,1008.2
212533,,,2025-09-27,2025,2025-09,1.4,96,1009.6
212533,,,2025-09-28,2025,2025-09,0,96,1009.6
212533,,,2025-09-29,2025,2025-09,0.2,96,1009.8
212533,,,2025-09-30,2025,2025-09,49.2,96,1059
212533,,,2025-10-01,2025,2025-10,0,96,1059
212533,,,2025-10-02,2025,2025-10,0,96,1059
212533,,,2025-10-03,2025,2025-10,0,96,1059
212533,,,2025-10-04,2025,2025-10,0,96,1059
212533,,,2025-10-05,2025,2025-10,5.2,96,1064.2
212533,,,2025-10-06,2025,2025-10,0,96,1064.2
212533,,,2025-10-07,2025,2025-10,2,96,1066.2
212533,,,2025-10-08,2025,2025-10,0,96,1066.2
212533,,,2025-10-09,2025,2025-10,0.2,96,1066.4
212533,,,2025-10-10,2025,2025-10,0.2,96,1066.6
212533,,,2025-10-11,2025,2025-10,4.4,96,1071
212533,,,2025-10-12,2025,2025-10,1,96,1072
212533,,,2025-10-13,2025,2025-10,0,96,1072
212533,,,2025-10-14,2025,2025-10,0,96,1072
212533,,,2025-10-15,2025,2025-10,0.8,96,1072.8
212533,,,2025-10-16,2025,2025-10,0,96,1072.8
212533,,,2025-10-17,2025,2025-10,5.6,96,1078.4
212533,,,2025-10-18,2025,2025-10,5.2,96,1083.6
212533,,,2025-10-19,2025,2025-10,14.8,96,1098.4
212533,,,2025-10-20,2025,2025-10,23.2,96,1121.6
212533,,,2025-10-21,2025,2025-10,0.4,96,1122
212533,,,2025-10-22,2025,2025-10,0,96,1122
212533,,,2025-10-23,2025,2025-10,3.8,96,1125.8
212533,,,2025-10-24,2025,2025-10,0,96,1125.8
212533,,,2025-10-25,2025,2025-10,0.4,96,1126.2
212533,,,2025-10-26,2025,2025-10,0,96,1126.2
212533,,,2025-10-27,2025,2025-10,0,96,1126.2
212533,,,2025-10-28,2025,2025-10,0,96,1126.2
212533,,,2025-10-29,2025,2025-10,0,96,1126.2
212533,,,2025-10-30,2025,2025-10,44.8,96,1171
212533,,,2025-10-31,2025,2025-10,0.8,96,1171.8
212533,,,2025-11-01,2025,2025-11,3.2,96,1175
212533,,,2025-11-02,2025,2025-11,0,96,1175
212533,,,2025-11-03,2025,2025-11,0,96,1175
212533,,,2025-11-04,2025,2025-11,0,96,1175
212533,,,2025-11-05,2025,2025-11,0,96,1175
212533,,,2025-11-06,2025,2025-11,0,96,1175
212533,,,2025-11-07,2025,2025-11,0,96,1175
212533,,,2025-11-08,2025,2025-11,0,96,1175
212533,,,2025-11-09,2025,2025-11,0.4,96,1175.4
212533,,,2025-11-10,2025,2025-11,0,96,1175.4
212533,,,2025-11-11,2025,2025-11,0,96,1175.4
212533,,,2025-11-12,2025,2025-11,0,96,1175.4
212533,,,2025-11-13,2025,2025-11,0.2,96,1175.6
212533,,,2025-11-14,2025,2025-11,0,96,1175.6
212533,,,2025-11-15,2025,2025-11,0,96,1175.6
212533,,,2025-11-16,2025,2025-11,0,96,1175.6
212533,,,2025-11-17,2025,2025-11,25.8,96,1201.4
212533,,,2025-11-18,2025,2025-11,0,96,1201.4
212533,,,2025-11-19,2025,2025-11,1.2,96,1202.6
212533,,,2025-11-20,2025,2025-11,2.6,96,1205.2
212533,,,2025-11-21,2025,2025-11,28.6,96,1233.8
212533,,,2025-11-22,2025,2025-11,0,96,1233.8
212533,,,2025-11-23,2025,2025-11,0,96,1233.8
212533,,,2025-11-24,2025,2025-11,0,96,1233.8
212533,,,2025-11-25,2025,2025-11,0,96,1233.8
212533,,,2025-11-26,2025,2025-11,0,96,1233.8
212533,,,2025-11-27,2025,2025-11,0,96,1233.8
212533,,,2025-11-28,2025,2025-11,0,96,1233.8
212533,,,2025-11-29,2025,2025-11,0.4,96,1234.2
212533,,,2025-11-30,2025,2025-11,4,96,1238.2
212533,,,2025-12-01,2025,2025-12,0,96,1238.2
212533,,,2025-12-02,2025,2025-12,0,96,1238.2
212533,,,2025-12-03,2025,2025-12,0,96,1238.2
212533,,,2025-12-04,2025,2025-12,0,96,1238.2
212533,,,2025-12-05,2025,2025-12,0,96,1238.2
212533,,,2025-12-06,2025,2025-12,12.4,96,1250.6
212533,,,2025-12-07,2025,2025-12,0,96,1250.6
212533,,,2025-12-08,2025,2025-12,0.8,96,1251.4
212533,,,2025-12-09,2025,2025-12,0,96,1251.4
212533,,,2025-12-10,2025,2025-12,0,96,1251.4
212533,,,2025-12-11,2025,2025-12,0.2,96,1251.6
212533,,,2025-12-12,2025,2025-12,0,96,1251.6
212533,,,2025-12-13,2025,2025-12,0,96,1251.6
212533,,,2025-12-14,2025,2025-12,0,96,1251.6
212533,,,2025-12-15,2025,2025-12,0,96,1251.6
212533,,,2025-12-16,2025,2025-12,0,96,1251.6
212533,,,2025-12-17,2025,2025-12,0,96,1251.6
212533,,,2025-12-18,2025,2025-12,0,96,1251.6
212533,,,2025-12-19,2025,2025-12,0,90,1251.6
212533,,,2025-12-20,2025,2025-12,0,96,1251.6
212533,,,2025-12-21,2025,2025-12,2.4,96,1254
212533,,,2025-12-22,2025,2025-12,0,96,1254
212533,,,2025-12-23,2025,2025-12,0,96,1254
212533,,,2025-12-24,2025,2025-12,0,96,1254
212533,,,2025-12-25,2025,2025-12,0,96,1254
212533,,,2025-12-26,2025,2025-12,0,96,1254
212533,,,2025-12-27,2025,2025-12,0,96,1254
212533,,,2025-12-28,2025,2025-12,0,96,1254
212533,,,2025-12-29,2025,2025-12,0,96,1254
212533,,,2025-12-30,2025,2025-12,0,96,1254
212533,,,2025-12-31,2025,2025-12,0,96,1254
212533,,,2026-01-01,2026,2026-01,0,96,0
212533,,,2026-01-02,2026,2026-01,0,96,0
212533,,,2026-01-03,2026,2026-01,0,96,0
212533,,,2026-01-04,2026,2026-01,0,96,0
212533,,,2026-01-05,2026,2026-01,0,96,0
212533,,,2026-01-06,2026,2026-01,0,96,0
212533,,,2026-01-07,2026,2026-01,0,96,0
212533,,,2026-01-08,2026,2026-01,0,96,0
212533,,,2026-01-09,2026,2026-01,0,96,0
212533,,,2026-01-10,2026,2026-01,0,96,0
212533,,,2026-01-11,2026,2026-01,0,96,0
212533,,,2026-01-12,2026,2026-01,0,96,0
212533,,,2026-01-13,2026,2026-01,0,96,0
212533,,,2026-01-14,2026,2026-01,0,96,0
212533,,,2026-01-15,2026,2026-01,0.2,96,0.2
212533,,,2026-01-16,2026,2026-01,0,96,0.2
212533,,,2026-01-17,2026,2026-01,0,96,0.2
212533,,,2026-01-18,2026,2026-01,0,96,0.2
212533,,,2026-01-19,2026,2026-01,0,96,0.2
212533,,,2026-01-20,2026,2026-01,0,96,0.2
212533,,,2026-01-21,2026,2026-01,0,96,0.2
212533,,,2026-01-22,2026,2026-01,0,96,0.2
212533,,,2026-01-23,2026,2026-01,0,96,0.2
212533,,,2026-01-24,2026,2026-01,0,96,0.2
212533,,,2026-01-25,2026,2026-01,0,96,0.2
212533,,,2026-01-26,2026,2026-01,0,96,0.2
212533,,,2026-01-27,2026,2026-01,2,96,2.2
212533,,,2026-01-28,2026,2026-01,0,96,2.2
212533,,,2026-01-29,2026,2026-01,0,96,2.2
212533,,,2026-01-30,2026,2026-01,0,96,2.2
212533,,,2026-01-31,2026,2026-01,20.4,96,22.6
212533,,,2026-02-01,2026,2026-02,0,96,22.6
212533,,,2026-02-02,2026,2026-02,0,96,22.6
212533,,,2026-02-03,2026,2026-02,0,96,22.6
212533,,,2026-02-04,2026,2026-02,0,96,22.6
212533,,,2026-02-05,2026,2026-02,0,96,22.6
212533,,,2026-02-06,2026,2026-02,0,96,22.6
212533,,,2026-02-07,2026,2026-02,0,96,22.6
212533,,,2026-02-08,2026,2026-02,0,96,22.6
212533,,,2026-02-09,2026,2026-02,0,95,22.6
212533,,,2026-02-10,2026,2026-02,0,96,22.6
212533,,,2026-02-11,2026,2026-02,0,96,22.6
212533,,,2026-02-12,2026,2026-02,0,96,22.6
212533,,,2026-02-13,2026,2026-02,0,96,22.6
212533,,,2026-02-14,2026,2026-02,0,96,22.6
212533,,,2026-02-15,2026,2026-02,0,96,22.6
212533,,,2026-02-16,2026,2026-02,0,96,22.6
212533,,,2026-02-17,2026,2026-02,0,96,22.6
212533,,,2026-02-18,2026,2026-02,0,96,22.6
212533,,,2026-02-19,2026,2026-02,0,96,22.6
212533,,,2026-02-20,2026,2026-02,0,96,22.6
212533,,,2026-02-21,2026,2026-02,0,41,22.6
212533,,,2026-02-22,2026,2026-02,0,96,22.6
212533,,,2026-02-23,2026,2026-02,0,96,22.6
212533,,,2026-02-24,2026,2026-02,0,96,22.6
212533,,,2026-02-25,2026,2026-02,0,96,22.6
212533,,,2026-02-26,2026,2026-02,0,96,22.6
212533,,,2026-02-27,2026,2026-02,0,96,22.6
212533,,,2026-02-28,2026,2026-02,0,96,22.6
212533,,,2026-03-01,2026,2026-03,0,92,22.6
212533,,,2026-03-02,2026,2026-03,0,96,22.6
212533,,,2026-03-03,2026,2026-03,0,96,22.6
212533,,,2026-03-04,2026,2026-03,0,96,22.6
212533,,,2026-03-05,2026,2026-03,0,86,22.6
212533,,,2026-03-06,2026,2026-03,0,96,22.6
212533,,,2026-03-07,2026,2026-03,0,91,22.6
212533,,,2026-03-08,2026,2026-03,0,93,22.6
212533,,,2026-03-09,2026,2026-03,0,90,22.6
212533,,,2026-03-10,2026,2026-03,0,88,22.6
212533,,,2026-03-11,2026,2026-03,0,96,22.6
212533,,,2026-03-12,2026,2026-03,0,96,22.6
212533,,,2026-03-13,2026,2026-03,4.4,83,27
212533,,,2026-03-14,2026,2026-03,0,96,27
212533,,,2026-03-15,2026,2026-03,0,96,27
212533,,,2026-03-16,2026,2026-03,0,96,27
212533,,,2026-03-17,2026,2026-03,0,61,27
212533,,,2026-03-18,2026,2026-03,0,96,27
212533,,,2026-03-19,2026,2026-03,0,96,27
212533,,,2026-03-20,2026,2026-03,0,86,27
212533,,,2026-03-21,2026,2026-03,0,96,27
212533,,,2026-03-22,2026,2026-03,0,94,27
212533,,,2026-03-23,2026,2026-03,0,96,27
212533,,,2026-03-24,2026,2026-03,0,86,27
212533,,,2026-03-25,2026,2026-03,0,96,27
212533,,,2026-03-26,2026,2026-03,0,96,27
212533,,,2026-03-27,2026,2026-03,0,96,27
212533,,,2026-03-28,2026,2026-03,0.4,90,27.4
212533,,,2026-03-29,2026,2026-03,0.2,96,27.6
212533,,,2026-03-30,2026,2026-03,0,96,27.6
212533,,,2026-03-31,2026,2026-03,0.2,92,27.8
212533,,,2026-04-01,2026,2026-04,0,96,27.8
212533,,,2026-04-02,2026,2026-04,11.8,89,39.6
212533,,,2026-04-03,2026,2026-04,0,96,39.6
212533,,,2026-04-04,2026,2026-04,0.4,96,40
212533,,,2026-04-05,2026,2026-04,0,69,40
212533,,,2026-04-06,2026,2026-04,0,96,40
212533,,,2026-04-07,2026,2026-04,57,86,97
212533,,,2026-04-08,2026,2026-04,0,96,97
212533,,,2026-04-09,2026,2026-04,0,79,97
212533,,,2026-04-10,2026,2026-04,0,96,97
212533,,,2026-04-11,2026,2026-04,0,96,97
212533,,,2026-04-12,2026,2026-04,0,96,97
212533,,,2026-04-13,2026,2026-04,0,85,97
212533,,,2026-04-14,2026,2026-04,0,96,97
212533,,,2026-04-15,2026,2026-04,0,95,97
212533,,,2026-04-16,2026,2026-04,20,96,117
212533,,,2026-04-17,2026,2026-04,10.4,95,127.4
212533,,,2026-04-18,2026,2026-04,0,86,127.4
212533,,,2026-04-19,2026,2026-04,0,96,127.4
212533,,,2026-04-20,2026,2026-04,0,85,127.4
212533,,,2026-04-21,2026,2026-04,0,96,127.4
212533,,,2026-04-22,2026,2026-04,0,91,127.4
212533,,,2026-04-23,2026,2026-04,0,90,127.4
212533,,,2026-04-24,2026,2026-04,0,86,127.4
212533,,,2026-04-25,2026,2026-04,0,96,127.4
212533,,,2026-04-26,2026,2026-04,20.2,96,147.6
212533,,,2026-04-27,2026,2026-04,1.8,96,149.4
212533,,,2026-04-28,2026,2026-04,0,85,149.4
212533,,,2026-04-29,2026,2026-04,0,96,149.4
212533,,,2026-04-30,2026,2026-04,0,83,149.4
212533,,,2026-05-01,2026,2026-05,0,96,149.4
212533,,,2026-05-02,2026,2026-05,0,96,149.4
212533,,,2026-05-03,2026,2026-05,0,96,149.4
212533,,,2026-05-04,2026,2026-05,0,88,149.4
212533,,,2026-05-05,2026,2026-05,0,81,149.4
212533,,,2026-05-06,2026,2026-05,0,96,149.4
212533,,,2026-05-07,2026,2026-05,0,87,149.4
212533,,,2026-05-08,2026,2026-05,0,88,149.4
212533,,,2026-05-09,2026,2026-05,0,79,149.4
212533,,,2026-05-10,2026,2026-05,0,96,149.4
212533,,,2026-05-11,2026,2026-05,0,96,149.4
212533,,,2026-05-12,2026,2026-05,13.6,78,163
212533,,,2026-05-13,2026,2026-05,11.6,84,174.6
212533,,,2026-05-14,2026,2026-05,0,92,174.6
212533,,,2026-05-15,2026,2026-05,0,96,174.6
212533,,,2026-05-16,2026,2026-05,3.6,91,178.2
212533,,,2026-05-17,2026,2026-05,41.8,60,220
212533,,,2026-05-18,2026,2026-05,0,96,220
212533,,,2026-05-19,2026,2026-05,0,96,220
212533,,,2026-05-20,2026,2026-05,1.6,71,221.6
212533,,,2026-05-21,2026,2026-05,11.4,96,233
212533,,,2026-05-22,2026,2026-05,0,96,233
212533,,,2026-05-23,2026,2026-05,10.6,96,243.6
212533,,,2026-05-24,2026,2026-05,0.2,96,243.8
212533,,,2026-05-25,2026,2026-05,8.6,96,252.4
212533,,,2026-05-26,2026,2026-05,3,57,255.4
212533,,,2026-05-27,2026,2026-05,11.4,96,266.8
212533,,,2026-05-28,2026,2026-05,2.2,96,269
212533,,,2026-05-29,2026,2026-05,0.2,96,269.2
212533,,,2026-05-30,2026,2026-05,0,96,269.2
212533,,,2026-05-31,2026,2026-05,44,96,313.2
212533,,,2026-06-01,2026,2026-06,0,96,313.2
212533,,,2026-06-02,2026,2026-06,24.2,96,337.4
212533,,,2026-06-03,2026,2026-06,20.8,96,358.2
212533,,,2026-06-04,2026,2026-06,28,96,386.2
212533,,,2026-06-05,2026,2026-06,27.2,96,413.4
212533,,,2026-06-06,2026,2026-06,0.2,96,413.6
212533,,,2026-06-07,2026,2026-06,12.2,96,425.8
212533,,,2026-06-08,2026,2026-06,1.2,96,427
212533,,,2026-06-09,2026,2026-06,0,96,427
212533,,,2026-06-10,2026,2026-06,0,96,427
212533,,,2026-06-11,2026,2026-06,5,96,432
212533,,,2026-06-12,2026,2026-06,0,96,432
212533,,,2026-06-13,2026,2026-06,0,96,432
212533,,,2026-06-14,2026,2026-06,0,96,432
212533,,,2026-06-15,2026,2026-06,12,96,444
212533,,,2026-06-16,2026,2026-06,1.8,96,445.8
212533,,,2026-06-17,2026,2026-06,0,96,445.8
212533,,,2026-06-18,2026,2026-06,47,96,492.8
212533,,,2026-06-19,2026,2026-06,12.2,96,505
212533,,,2026-06-20,2026,2026-06,0.2,96,505.2
212533,,,2026-06-21,2026,2026-06,0,96,505.2
212533,,,2026-06-22,2026,2026-06,1,96,506.2
212533,,,2026-06-23,2026,2026-06,0,96,506.2
212533,,,2026-06-24,2026,2026-06,3,96,509.2
212533,,,2026-06-25,2026,2026-06,32,96,541.2
212533,,,2026-06-26,2026,2026-06,0,96,541.2
212533,,,2026-06-27,2026,2026-06,0,96,541.2
212533,,,2026-06-28,2026,2026-06,10.4,96,551.6
212533,,,2026-06-29,2026,2026-06,0,96,551.6
212533,,,2026-06-30,2026,2026-06,0.6,96,552.2
212533,,,2026-07-01,2026,2026-07,12.8,96,565
212533,,,2026-07-02,2026,2026-07,19,96,584
212533,,,2026-07-03,2026,2026-07,56.2,96,640.2
212533,,,2026-07-04,2026,2026-07,1,96,641.2
212533,,,2026-07-05,2026,2026-07,0,96,641.2
212533,,,2026-07-06,2026,2026-07,0.6,96,641.8
212533,,,2026-07-07,2026,2026-07,0,96,641.8
212533,,,2026-07-08,2026,2026-07,39.4,96,681.2
212533,,,2026-07-09,2026,2026-07,12.6,96,693.8
212533,,,2026-07-10,2026,2026-07,1.6,96,695.4
212533,,,2026-07-11,2026,2026-07,0,96,695.4
212533,,,2026-07-12,2026,2026-07,0,96,695.4
212533,,,2026-07-13,2026,2026-07,3.4,96,698.8
212533,,,2026-07-14,2026,2026-07,0.2,96,699
212533,,,2026-07-15,2026,2026-07,0,96,699
212533,,,2026-07-16,2026,2026-07,0,96,699
212533,,,2026-07-17,2026,2026-07,0,96,699
212533,,,2026-07-18,2026,2026-07,60.2,96,759.2
212533,,,2026-07-19,2026,2026-07,11.8,96,771
212533,,,2026-07-20,2026,2026-07,30.6,96,801.6
212533,,,2026-07-21,2026,2026-07,0,96,801.6
212533,,,2026-07-22,2026,2026-07,0,96,801.6
212533,,,2026-07-23,2026,2026-07,17.8,96,819.4
212533,,,2026-07-24,2026,2026-07,0,96,819.4
212533,,,2026-07-25,2026,2026-07,0,96,819.4
212533,,,2026-07-26,2026,2026-07,56.8,96,876.2
212533,,,2026-07-27,2026,2026-07,0.2,96,876.4
212533,,,2026-07-28,2026,2026-07,0,96,876.4
212533,,,2026-07-29,2026,2026-07,27,96,903.4
212533,,,2026-07-30,2026,2026-07,1.4,96,904.8
212533,,,2026-07-31,2026,2026-07,13.6,96,918.4
212533,,,2026-08-01,2026,2026-08,0,96,918.4
212533,,,2026-08-02,2026,2026-08,0,89,918.4
212609,P08,Occidente,2025-05-15,2025,2025-05,0,32,0
212609,P08,Occidente,2025-05-16,2025,2025-05,0.6,96,0.6
212609,P08,Occidente,2025-05-17,2025,2025-05,6.8,96,7.4
212609,P08,Occidente,2025-05-18,2025,2025-05,28.6,96,36
212609,P08,Occidente,2025-05-19,2025,2025-05,21.6,96,57.6
212609,P08,Occidente,2025-05-20,2025,2025-05,31,96,88.6
212609,P08,Occidente,2025-05-21,2025,2025-05,4.4,96,93
212609,P08,Occidente,2025-05-22,2025,2025-05,28.2,96,121.2
212609,P08,Occidente,2025-05-23,2025,2025-05,4.6,96,125.8
212609,P08,Occidente,2025-05-24,2025,2025-05,0.2,96,126
212609,P08,Occidente,2025-05-25,2025,2025-05,0,96,126
212609,P08,Occidente,2025-05-26,2025,2025-05,8.2,96,134.2
212609,P08,Occidente,2025-05-27,2025,2025-05,16.8,96,151
212609,P08,Occidente,2025-05-28,2025,2025-05,0,96,151
212609,P08,Occidente,2025-05-29,2025,2025-05,0,96,151
212609,P08,Occidente,2025-05-30,2025,2025-05,8.6,96,159.6
212609,P08,Occidente,2025-05-31,2025,2025-05,0,96,159.6
212609,P08,Occidente,2025-06-01,2025,2025-06,28.4,96,188
212609,P08,Occidente,2025-06-02,2025,2025-06,26.2,96,214.2
212609,P08,Occidente,2025-06-03,2025,2025-06,1.2,96,215.4
212609,P08,Occidente,2025-06-04,2025,2025-06,5,96,220.4
212609,P08,Occidente,2025-06-05,2025,2025-06,10.2,96,230.6
212609,P08,Occidente,2025-06-06,2025,2025-06,26,96,256.6
212609,P08,Occidente,2025-06-07,2025,2025-06,25.8,96,282.4
212609,P08,Occidente,2025-06-08,2025,2025-06,0,96,282.4
212609,P08,Occidente,2025-06-09,2025,2025-06,22.2,96,304.6
212609,P08,Occidente,2025-06-10,2025,2025-06,0,96,304.6
212609,P08,Occidente,2025-06-11,2025,2025-06,70.8,96,375.4
212609,P08,Occidente,2025-06-12,2025,2025-06,27.8,96,403.2
212609,P08,Occidente,2025-06-13,2025,2025-06,0,96,403.2
212609,P08,Occidente,2025-06-14,2025,2025-06,58.4,96,461.6
212609,P08,Occidente,2025-06-15,2025,2025-06,0,96,461.6
212609,P08,Occidente,2025-06-16,2025,2025-06,0,96,461.6
212609,P08,Occidente,2025-06-17,2025,2025-06,13.6,96,475.2
212609,P08,Occidente,2025-06-18,2025,2025-06,0,96,475.2
212609,P08,Occidente,2025-06-19,2025,2025-06,7.6,96,482.8
212609,P08,Occidente,2025-06-20,2025,2025-06,15.8,96,498.6
212609,P08,Occidente,2025-06-21,2025,2025-06,19.6,96,518.2
212609,P08,Occidente,2025-06-22,2025,2025-06,4.6,96,522.8
212609,P08,Occidente,2025-06-23,2025,2025-06,0,96,522.8
212609,P08,Occidente,2025-06-24,2025,2025-06,2.4,96,525.2
212609,P08,Occidente,2025-06-25,2025,2025-06,21.2,96,546.4
212609,P08,Occidente,2025-06-26,2025,2025-06,0.8,96,547.2
212609,P08,Occidente,2025-06-27,2025,2025-06,0,96,547.2
212609,P08,Occidente,2025-06-28,2025,2025-06,0.2,96,547.4
212609,P08,Occidente,2025-06-29,2025,2025-06,23.6,96,571
212609,P08,Occidente,2025-06-30,2025,2025-06,18.6,96,589.6
212609,P08,Occidente,2025-07-01,2025,2025-07,2.4,96,592
212609,P08,Occidente,2025-07-02,2025,2025-07,29.2,96,621.2
212609,P08,Occidente,2025-07-03,2025,2025-07,10.8,96,632
212609,P08,Occidente,2025-07-04,2025,2025-07,6.2,96,638.2
212609,P08,Occidente,2025-07-05,2025,2025-07,1,96,639.2
212609,P08,Occidente,2025-07-06,2025,2025-07,0.2,96,639.4
212609,P08,Occidente,2025-07-07,2025,2025-07,13.2,96,652.6
212609,P08,Occidente,2025-07-08,2025,2025-07,5.2,96,657.8
212609,P08,Occidente,2025-07-09,2025,2025-07,154.2,96,812
212609,P08,Occidente,2025-07-10,2025,2025-07,0,96,812
212609,P08,Occidente,2025-07-11,2025,2025-07,11.4,96,823.4
212609,P08,Occidente,2025-07-12,2025,2025-07,18.4,96,841.8
212609,P08,Occidente,2025-07-13,2025,2025-07,0.8,96,842.6
212609,P08,Occidente,2025-07-14,2025,2025-07,1,96,843.6
212609,P08,Occidente,2025-07-15,2025,2025-07,44.2,96,887.8
212609,P08,Occidente,2025-07-16,2025,2025-07,0,96,887.8
212609,P08,Occidente,2025-07-17,2025,2025-07,20.8,96,908.6
212609,P08,Occidente,2025-07-18,2025,2025-07,11.4,96,920
212609,P08,Occidente,2025-07-19,2025,2025-07,2,96,922
212609,P08,Occidente,2025-07-20,2025,2025-07,0,96,922
212609,P08,Occidente,2025-07-21,2025,2025-07,25.6,96,947.6
212609,P08,Occidente,2025-07-22,2025,2025-07,25.2,96,972.8
212609,P08,Occidente,2025-07-23,2025,2025-07,18.4,96,991.2
212609,P08,Occidente,2025-07-24,2025,2025-07,3.8,96,995
212609,P08,Occidente,2025-07-25,2025,2025-07,11,96,1006
212609,P08,Occidente,2025-07-26,2025,2025-07,0.2,96,1006.2
212609,P08,Occidente,2025-07-27,2025,2025-07,0.8,96,1007
212609,P08,Occidente,2025-07-28,2025,2025-07,9.2,96,1016.2
212609,P08,Occidente,2025-07-29,2025,2025-07,1.6,96,1017.8
212609,P08,Occidente,2025-07-30,2025,2025-07,9.2,96,1027
212609,P08,Occidente,2025-07-31,2025,2025-07,1,96,1028
212609,P08,Occidente,2025-08-01,2025,2025-08,6.4,96,1034.4
212609,P08,Occidente,2025-08-02,2025,2025-08,14.2,96,1048.6
212609,P08,Occidente,2025-08-03,2025,2025-08,7.2,96,1055.8
212609,P08,Occidente,2025-08-04,2025,2025-08,5,96,1060.8
212609,P08,Occidente,2025-08-05,2025,2025-08,1.8,96,1062.6
212609,P08,Occidente,2025-08-06,2025,2025-08,4.2,96,1066.8
212609,P08,Occidente,2025-08-07,2025,2025-08,0,96,1066.8
212609,P08,Occidente,2025-08-08,2025,2025-08,7.6,96,1074.4
212609,P08,Occidente,2025-08-09,2025,2025-08,29.8,96,1104.2
212609,P08,Occidente,2025-08-10,2025,2025-08,11.2,96,1115.4
212609,P08,Occidente,2025-08-11,2025,2025-08,0,96,1115.4
212609,P08,Occidente,2025-08-12,2025,2025-08,0,96,1115.4
212609,P08,Occidente,2025-08-13,2025,2025-08,0.6,96,1116
212609,P08,Occidente,2025-08-14,2025,2025-08,4.2,96,1120.2
212609,P08,Occidente,2025-08-15,2025,2025-08,1.8,96,1122
212609,P08,Occidente,2025-08-16,2025,2025-08,0,96,1122
212609,P08,Occidente,2025-08-17,2025,2025-08,3.4,96,1125.4
212609,P08,Occidente,2025-08-18,2025,2025-08,0.2,96,1125.6
212609,P08,Occidente,2025-08-19,2025,2025-08,4.4,96,1130
212609,P08,Occidente,2025-08-20,2025,2025-08,0,96,1130
212609,P08,Occidente,2025-08-21,2025,2025-08,0.6,96,1130.6
212609,P08,Occidente,2025-08-22,2025,2025-08,3,96,1133.6
212609,P08,Occidente,2025-08-23,2025,2025-08,0,96,1133.6
212609,P08,Occidente,2025-08-24,2025,2025-08,0,96,1133.6
212609,P08,Occidente,2025-08-25,2025,2025-08,4,96,1137.6
212609,P08,Occidente,2025-08-26,2025,2025-08,25.4,96,1163
212609,P08,Occidente,2025-08-27,2025,2025-08,19.6,96,1182.6
212609,P08,Occidente,2025-08-28,2025,2025-08,0.2,96,1182.8
212609,P08,Occidente,2025-08-29,2025,2025-08,0,96,1182.8
212609,P08,Occidente,2025-08-30,2025,2025-08,9.2,96,1192
212609,P08,Occidente,2025-08-31,2025,2025-08,13.8,96,1205.8
212609,P08,Occidente,2025-09-01,2025,2025-09,0.6,96,1206.4
212609,P08,Occidente,2025-09-02,2025,2025-09,3.4,96,1209.8
212609,P08,Occidente,2025-09-03,2025,2025-09,13.6,96,1223.4
212609,P08,Occidente,2025-09-04,2025,2025-09,0.4,96,1223.8
212609,P08,Occidente,2025-09-05,2025,2025-09,31.6,96,1255.4
212609,P08,Occidente,2025-09-06,2025,2025-09,2.8,96,1258.2
212609,P08,Occidente,2025-09-07,2025,2025-09,0,96,1258.2
212609,P08,Occidente,2025-09-08,2025,2025-09,1.2,96,1259.4
212609,P08,Occidente,2025-09-09,2025,2025-09,0,96,1259.4
212609,P08,Occidente,2025-09-10,2025,2025-09,0,96,1259.4
212609,P08,Occidente,2025-09-11,2025,2025-09,22.6,96,1282
212609,P08,Occidente,2025-09-12,2025,2025-09,0.2,96,1282.2
212609,P08,Occidente,2025-09-13,2025,2025-09,0,96,1282.2
212609,P08,Occidente,2025-09-14,2025,2025-09,40.4,96,1322.6
212609,P08,Occidente,2025-09-15,2025,2025-09,0.2,96,1322.8
212609,P08,Occidente,2025-09-16,2025,2025-09,1.4,96,1324.2
212609,P08,Occidente,2025-09-17,2025,2025-09,20.2,96,1344.4
212609,P08,Occidente,2025-09-18,2025,2025-09,0.8,96,1345.2
212609,P08,Occidente,2025-09-19,2025,2025-09,0.2,96,1345.4
212609,P08,Occidente,2025-09-20,2025,2025-09,5.8,96,1351.2
212609,P08,Occidente,2025-09-21,2025,2025-09,0,96,1351.2
212609,P08,Occidente,2025-09-22,2025,2025-09,0,96,1351.2
212609,P08,Occidente,2025-09-23,2025,2025-09,0,96,1351.2
212609,P08,Occidente,2025-09-24,2025,2025-09,46.6,96,1397.8
212609,P08,Occidente,2025-09-25,2025,2025-09,0,96,1397.8
212609,P08,Occidente,2025-09-26,2025,2025-09,0,96,1397.8
212609,P08,Occidente,2025-09-27,2025,2025-09,0.6,96,1398.4
212609,P08,Occidente,2025-09-28,2025,2025-09,0,96,1398.4
212609,P08,Occidente,2025-09-29,2025,2025-09,0,96,1398.4
212609,P08,Occidente,2025-09-30,2025,2025-09,41.6,96,1440
212609,P08,Occidente,2025-10-01,2025,2025-10,0,96,1440
212609,P08,Occidente,2025-10-02,2025,2025-10,0,96,1440
212609,P08,Occidente,2025-10-03,2025,2025-10,0,96,1440
212609,P08,Occidente,2025-10-04,2025,2025-10,0,96,1440
212609,P08,Occidente,2025-10-05,2025,2025-10,1.2,96,1441.2
212609,P08,Occidente,2025-10-06,2025,2025-10,0,96,1441.2
212609,P08,Occidente,2025-10-07,2025,2025-10,7.2,96,1448.4
212609,P08,Occidente,2025-10-08,2025,2025-10,0,96,1448.4
212609,P08,Occidente,2025-10-09,2025,2025-10,2.8,96,1451.2
212609,P08,Occidente,2025-10-10,2025,2025-10,0.6,96,1451.8
212609,P08,Occidente,2025-10-11,2025,2025-10,0,96,1451.8
212609,P08,Occidente,2025-10-12,2025,2025-10,0,96,1451.8
212609,P08,Occidente,2025-10-13,2025,2025-10,0,96,1451.8
212609,P08,Occidente,2025-10-14,2025,2025-10,0,96,1451.8
212609,P08,Occidente,2025-10-15,2025,2025-10,4.8,96,1456.6
212609,P08,Occidente,2025-10-16,2025,2025-10,0.2,96,1456.8
212609,P08,Occidente,2025-10-17,2025,2025-10,3.8,96,1460.6
212609,P08,Occidente,2025-10-18,2025,2025-10,5.4,96,1466
212609,P08,Occidente,2025-10-19,2025,2025-10,6.4,96,1472.4
212609,P08,Occidente,2025-10-20,2025,2025-10,17.6,96,1490
212609,P08,Occidente,2025-10-21,2025,2025-10,0.4,96,1490.4
212609,P08,Occidente,2025-10-22,2025,2025-10,0,96,1490.4
212609,P08,Occidente,2025-10-23,2025,2025-10,9.2,96,1499.6
212609,P08,Occidente,2025-10-24,2025,2025-10,0.2,96,1499.8
212609,P08,Occidente,2025-10-25,2025,2025-10,0,96,1499.8
212609,P08,Occidente,2025-10-26,2025,2025-10,0,96,1499.8
212609,P08,Occidente,2025-10-27,2025,2025-10,0,96,1499.8
212609,P08,Occidente,2025-10-28,2025,2025-10,0,96,1499.8
212609,P08,Occidente,2025-10-29,2025,2025-10,0,96,1499.8
212609,P08,Occidente,2025-10-30,2025,2025-10,26.8,96,1526.6
212609,P08,Occidente,2025-10-31,2025,2025-10,0.6,96,1527.2
212609,P08,Occidente,2025-11-01,2025,2025-11,0.6,96,1527.8
212609,P08,Occidente,2025-11-02,2025,2025-11,0,96,1527.8
212609,P08,Occidente,2025-11-03,2025,2025-11,0,96,1527.8
212609,P08,Occidente,2025-11-04,2025,2025-11,0,96,1527.8
212609,P08,Occidente,2025-11-05,2025,2025-11,1.2,96,1529
212609,P08,Occidente,2025-11-06,2025,2025-11,0,96,1529
212609,P08,Occidente,2025-11-07,2025,2025-11,0,96,1529
212609,P08,Occidente,2025-11-08,2025,2025-11,0,96,1529
212609,P08,Occidente,2025-11-09,2025,2025-11,6.2,96,1535.2
212609,P08,Occidente,2025-11-10,2025,2025-11,0.4,96,1535.6
212609,P08,Occidente,2025-11-11,2025,2025-11,0,96,1535.6
212609,P08,Occidente,2025-11-12,2025,2025-11,0,96,1535.6
212609,P08,Occidente,2025-11-13,2025,2025-11,0,96,1535.6
212609,P08,Occidente,2025-11-14,2025,2025-11,0,96,1535.6
212609,P08,Occidente,2025-11-15,2025,2025-11,0,96,1535.6
212609,P08,Occidente,2025-11-16,2025,2025-11,0,96,1535.6
212609,P08,Occidente,2025-11-17,2025,2025-11,2.8,96,1538.4
212609,P08,Occidente,2025-11-18,2025,2025-11,0,96,1538.4
212609,P08,Occidente,2025-11-19,2025,2025-11,2.2,96,1540.6
212609,P08,Occidente,2025-11-20,2025,2025-11,4,96,1544.6
212609,P08,Occidente,2025-11-21,2025,2025-11,20,95,1564.6
212609,P08,Occidente,2025-11-22,2025,2025-11,0,96,1564.6
212609,P08,Occidente,2025-11-23,2025,2025-11,0.2,96,1564.8
212609,P08,Occidente,2025-11-24,2025,2025-11,0,96,1564.8
212609,P08,Occidente,2025-11-25,2025,2025-11,0.2,96,1565
212609,P08,Occidente,2025-11-26,2025,2025-11,0,51,1565
212609,P08,Occidente,2025-11-27,2025,2025-11,0.2,96,1565.2
212609,P08,Occidente,2025-11-28,2025,2025-11,0,96,1565.2
212609,P08,Occidente,2025-11-29,2025,2025-11,0.2,96,1565.4
212609,P08,Occidente,2025-11-30,2025,2025-11,10.2,96,1575.6
212609,P08,Occidente,2025-12-01,2025,2025-12,0.4,96,1576
212609,P08,Occidente,2025-12-02,2025,2025-12,0,96,1576
212609,P08,Occidente,2025-12-03,2025,2025-12,0,96,1576
212609,P08,Occidente,2025-12-04,2025,2025-12,0,96,1576
212609,P08,Occidente,2025-12-05,2025,2025-12,0,96,1576
212609,P08,Occidente,2025-12-06,2025,2025-12,14.6,96,1590.6
212609,P08,Occidente,2025-12-07,2025,2025-12,0,96,1590.6
212609,P08,Occidente,2025-12-08,2025,2025-12,0.4,96,1591
212609,P08,Occidente,2025-12-09,2025,2025-12,0,96,1591
212609,P08,Occidente,2025-12-10,2025,2025-12,0,96,1591
212609,P08,Occidente,2025-12-11,2025,2025-12,0,91,1591
212609,P08,Occidente,2025-12-12,2025,2025-12,0,47,1591
212609,P08,Occidente,2025-12-13,2025,2025-12,0,96,1591
212609,P08,Occidente,2025-12-14,2025,2025-12,0,95,1591
212609,P08,Occidente,2025-12-15,2025,2025-12,0,96,1591
212609,P08,Occidente,2025-12-16,2025,2025-12,0,96,1591
212609,P08,Occidente,2025-12-17,2025,2025-12,0,83,1591
212609,P08,Occidente,2025-12-18,2025,2025-12,0,96,1591
212609,P08,Occidente,2025-12-19,2025,2025-12,0,74,1591
212609,P08,Occidente,2025-12-20,2025,2025-12,0,96,1591
212609,P08,Occidente,2025-12-21,2025,2025-12,4.4,96,1595.4
212609,P08,Occidente,2025-12-22,2025,2025-12,0,92,1595.4
212609,P08,Occidente,2025-12-23,2025,2025-12,0,91,1595.4
212609,P08,Occidente,2025-12-24,2025,2025-12,0,96,1595.4
212609,P08,Occidente,2025-12-25,2025,2025-12,0,96,1595.4
212609,P08,Occidente,2025-12-26,2025,2025-12,0,96,1595.4
212609,P08,Occidente,2025-12-27,2025,2025-12,0,96,1595.4
212609,P08,Occidente,2025-12-28,2025,2025-12,0,96,1595.4
212609,P08,Occidente,2025-12-29,2025,2025-12,0,96,1595.4
212609,P08,Occidente,2025-12-30,2025,2025-12,0,96,1595.4
212609,P08,Occidente,2025-12-31,2025,2025-12,0,96,1595.4
212609,P08,Occidente,2026-01-01,2026,2026-01,0,96,0
212609,P08,Occidente,2026-01-02,2026,2026-01,0,96,0
212609,P08,Occidente,2026-01-03,2026,2026-01,0,96,0
212609,P08,Occidente,2026-01-04,2026,2026-01,0,96,0
212609,P08,Occidente,2026-01-05,2026,2026-01,0,96,0
212609,P08,Occidente,2026-01-06,2026,2026-01,0,92,0
212609,P08,Occidente,2026-01-07,2026,2026-01,0,95,0
212609,P08,Occidente,2026-01-08,2026,2026-01,0,96,0
212609,P08,Occidente,2026-01-09,2026,2026-01,0,91,0
212609,P08,Occidente,2026-01-10,2026,2026-01,0,96,0
212609,P08,Occidente,2026-01-11,2026,2026-01,0,96,0
212609,P08,Occidente,2026-01-12,2026,2026-01,0,96,0
212609,P08,Occidente,2026-01-13,2026,2026-01,0,96,0
212609,P08,Occidente,2026-01-14,2026,2026-01,0,96,0
212609,P08,Occidente,2026-01-15,2026,2026-01,0.6,96,0.6
212609,P08,Occidente,2026-01-16,2026,2026-01,0,90,0.6
212609,P08,Occidente,2026-01-17,2026,2026-01,0,93,0.6
212609,P08,Occidente,2026-01-18,2026,2026-01,0,96,0.6
212609,P08,Occidente,2026-01-19,2026,2026-01,0,96,0.6
212609,P08,Occidente,2026-01-20,2026,2026-01,0,96,0.6
212609,P08,Occidente,2026-01-21,2026,2026-01,0,95,0.6
212609,P08,Occidente,2026-01-22,2026,2026-01,0,83,0.6
212609,P08,Occidente,2026-01-23,2026,2026-01,0,92,0.6
212609,P08,Occidente,2026-01-24,2026,2026-01,0,96,0.6
212609,P08,Occidente,2026-01-25,2026,2026-01,0,96,0.6
212609,P08,Occidente,2026-01-26,2026,2026-01,0,86,0.6
212609,P08,Occidente,2026-01-27,2026,2026-01,0.6,88,1.2
212609,P08,Occidente,2026-01-28,2026,2026-01,0,96,1.2
212609,P08,Occidente,2026-01-29,2026,2026-01,0,96,1.2
212609,P08,Occidente,2026-01-30,2026,2026-01,0,94,1.2
212609,P08,Occidente,2026-01-31,2026,2026-01,1.8,80,3
212609,P08,Occidente,2026-02-01,2026,2026-02,0,96,3
212609,P08,Occidente,2026-02-02,2026,2026-02,0,95,3
212609,P08,Occidente,2026-02-03,2026,2026-02,0,96,3
212609,P08,Occidente,2026-02-04,2026,2026-02,0,84,3
212609,P08,Occidente,2026-02-05,2026,2026-02,0,91,3
212609,P08,Occidente,2026-02-06,2026,2026-02,0,87,3
212609,P08,Occidente,2026-02-07,2026,2026-02,0,96,3
212609,P08,Occidente,2026-02-08,2026,2026-02,0,96,3
212609,P08,Occidente,2026-02-09,2026,2026-02,0,96,3
212609,P08,Occidente,2026-02-10,2026,2026-02,0,82,3
212609,P08,Occidente,2026-02-11,2026,2026-02,0,79,3
212609,P08,Occidente,2026-02-12,2026,2026-02,0,95,3
212609,P08,Occidente,2026-02-13,2026,2026-02,0,96,3
212609,P08,Occidente,2026-02-14,2026,2026-02,0,96,3
212609,P08,Occidente,2026-02-15,2026,2026-02,0,96,3
212609,P08,Occidente,2026-02-16,2026,2026-02,0,96,3
212609,P08,Occidente,2026-02-17,2026,2026-02,0,93,3
212609,P08,Occidente,2026-02-18,2026,2026-02,0,91,3
212609,P08,Occidente,2026-02-19,2026,2026-02,0,96,3
212609,P08,Occidente,2026-02-20,2026,2026-02,0,86,3
212609,P08,Occidente,2026-02-21,2026,2026-02,0,96,3
212609,P08,Occidente,2026-02-22,2026,2026-02,0,92,3
212609,P08,Occidente,2026-02-23,2026,2026-02,0,96,3
212609,P08,Occidente,2026-02-24,2026,2026-02,0,92,3
212609,P08,Occidente,2026-02-25,2026,2026-02,0,96,3
212609,P08,Occidente,2026-02-26,2026,2026-02,0,92,3
212609,P08,Occidente,2026-02-27,2026,2026-02,0,92,3
212609,P08,Occidente,2026-02-28,2026,2026-02,0,96,3
212609,P08,Occidente,2026-03-01,2026,2026-03,0,88,3
212609,P08,Occidente,2026-03-02,2026,2026-03,0,96,3
212609,P08,Occidente,2026-03-03,2026,2026-03,0,95,3
212609,P08,Occidente,2026-03-04,2026,2026-03,0,95,3
212609,P08,Occidente,2026-03-05,2026,2026-03,0,75,3
212609,P08,Occidente,2026-03-06,2026,2026-03,0,96,3
212609,P08,Occidente,2026-03-07,2026,2026-03,0,93,3
212609,P08,Occidente,2026-03-08,2026,2026-03,0,78,3
212609,P08,Occidente,2026-03-09,2026,2026-03,0,95,3
212609,P08,Occidente,2026-03-10,2026,2026-03,0,96,3
212609,P08,Occidente,2026-03-11,2026,2026-03,0,96,3
212609,P08,Occidente,2026-03-12,2026,2026-03,0,96,3
212609,P08,Occidente,2026-03-13,2026,2026-03,14.4,86,17.4
212609,P08,Occidente,2026-03-14,2026,2026-03,0,96,17.4
212609,P08,Occidente,2026-03-15,2026,2026-03,0,96,17.4
212609,P08,Occidente,2026-03-16,2026,2026-03,0,93,17.4
212609,P08,Occidente,2026-03-17,2026,2026-03,0,43,17.4
212609,P08,Occidente,2026-03-18,2026,2026-03,0,96,17.4
212609,P08,Occidente,2026-03-19,2026,2026-03,0,96,17.4
212609,P08,Occidente,2026-03-20,2026,2026-03,0,88,17.4
212609,P08,Occidente,2026-03-21,2026,2026-03,0,95,17.4
212609,P08,Occidente,2026-03-22,2026,2026-03,0,90,17.4
212609,P08,Occidente,2026-03-23,2026,2026-03,0,96,17.4
212609,P08,Occidente,2026-03-24,2026,2026-03,0,96,17.4
212609,P08,Occidente,2026-03-25,2026,2026-03,0,89,17.4
212609,P08,Occidente,2026-03-26,2026,2026-03,0,85,17.4
212609,P08,Occidente,2026-03-27,2026,2026-03,0,96,17.4
212609,P08,Occidente,2026-03-28,2026,2026-03,0,88,17.4
212609,P08,Occidente,2026-03-29,2026,2026-03,0.2,88,17.6
212609,P08,Occidente,2026-03-30,2026,2026-03,0,96,17.6
212609,P08,Occidente,2026-03-31,2026,2026-03,1,96,18.6
212609,P08,Occidente,2026-04-01,2026,2026-04,0,92,18.6
212609,P08,Occidente,2026-04-02,2026,2026-04,2.8,86,21.4
212609,P08,Occidente,2026-04-03,2026,2026-04,0.2,96,21.6
212609,P08,Occidente,2026-04-04,2026,2026-04,2,90,23.6
212609,P08,Occidente,2026-04-05,2026,2026-04,0,86,23.6
212609,P08,Occidente,2026-04-06,2026,2026-04,0,96,23.6
212609,P08,Occidente,2026-04-07,2026,2026-04,46.2,85,69.8
212609,P08,Occidente,2026-04-08,2026,2026-04,0.2,96,70
212609,P08,Occidente,2026-04-09,2026,2026-04,0,74,70
212609,P08,Occidente,2026-04-10,2026,2026-04,0,96,70
212609,P08,Occidente,2026-04-11,2026,2026-04,0,92,70
212609,P08,Occidente,2026-04-12,2026,2026-04,0,84,70
212609,P08,Occidente,2026-04-13,2026,2026-04,0,79,70
212609,P08,Occidente,2026-04-14,2026,2026-04,0,96,70
212609,P08,Occidente,2026-04-15,2026,2026-04,0.2,78,70.2
212609,P08,Occidente,2026-04-16,2026,2026-04,7.4,88,77.6
212609,P08,Occidente,2026-04-17,2026,2026-04,1.8,96,79.4
212609,P08,Occidente,2026-04-18,2026,2026-04,0.4,95,79.8
212609,P08,Occidente,2026-04-19,2026,2026-04,0.4,96,80.2
212609,P08,Occidente,2026-04-20,2026,2026-04,0,96,80.2
212609,P08,Occidente,2026-04-21,2026,2026-04,0,79,80.2
212609,P08,Occidente,2026-04-22,2026,2026-04,0,80,80.2
212609,P08,Occidente,2026-04-23,2026,2026-04,0,80,80.2
212609,P08,Occidente,2026-04-24,2026,2026-04,0,96,80.2
212609,P08,Occidente,2026-04-25,2026,2026-04,0.8,96,81
212609,P08,Occidente,2026-04-26,2026,2026-04,54.8,95,135.8
212609,P08,Occidente,2026-04-27,2026,2026-04,3.6,93,139.4
212609,P08,Occidente,2026-04-28,2026,2026-04,0,89,139.4
212609,P08,Occidente,2026-04-29,2026,2026-04,0,79,139.4
212609,P08,Occidente,2026-04-30,2026,2026-04,0,91,139.4
212609,P08,Occidente,2026-05-01,2026,2026-05,0,96,139.4
212609,P08,Occidente,2026-05-02,2026,2026-05,0,90,139.4
212609,P08,Occidente,2026-05-03,2026,2026-05,0,96,139.4
212609,P08,Occidente,2026-05-04,2026,2026-05,0,96,139.4
212609,P08,Occidente,2026-05-05,2026,2026-05,0,96,139.4
212609,P08,Occidente,2026-05-06,2026,2026-05,0,96,139.4
212609,P08,Occidente,2026-05-07,2026,2026-05,0,96,139.4
212609,P08,Occidente,2026-05-08,2026,2026-05,0,96,139.4
212609,P08,Occidente,2026-05-09,2026,2026-05,0,96,139.4
212609,P08,Occidente,2026-05-10,2026,2026-05,0,96,139.4
212609,P08,Occidente,2026-05-11,2026,2026-05,0,96,139.4
212609,P08,Occidente,2026-05-12,2026,2026-05,6.6,96,146
212609,P08,Occidente,2026-05-13,2026,2026-05,9.6,96,155.6
212609,P08,Occidente,2026-05-14,2026,2026-05,0.8,96,156.4
212609,P08,Occidente,2026-05-15,2026,2026-05,0,96,156.4
212609,P08,Occidente,2026-05-16,2026,2026-05,5.6,96,162
212609,P08,Occidente,2026-05-17,2026,2026-05,49.8,96,211.8
212609,P08,Occidente,2026-05-18,2026,2026-05,0,96,211.8
212609,P08,Occidente,2026-05-19,2026,2026-05,0,96,211.8
212609,P08,Occidente,2026-05-20,2026,2026-05,0.6,96,212.4
212609,P08,Occidente,2026-05-21,2026,2026-05,6.6,96,219
212609,P08,Occidente,2026-05-22,2026,2026-05,0,96,219
212609,P08,Occidente,2026-05-23,2026,2026-05,4.4,96,223.4
212609,P08,Occidente,2026-05-24,2026,2026-05,0,96,223.4
212609,P08,Occidente,2026-05-25,2026,2026-05,8.4,96,231.8
212609,P08,Occidente,2026-05-26,2026,2026-05,2.6,96,234.4
212609,P08,Occidente,2026-05-27,2026,2026-05,11.4,96,245.8
212609,P08,Occidente,2026-05-28,2026,2026-05,0.6,96,246.4
212609,P08,Occidente,2026-05-29,2026,2026-05,1.2,96,247.6
212609,P08,Occidente,2026-05-30,2026,2026-05,0,96,247.6
212609,P08,Occidente,2026-05-31,2026,2026-05,43.6,96,291.2
212609,P08,Occidente,2026-06-01,2026,2026-06,0,96,291.2
212609,P08,Occidente,2026-06-02,2026,2026-06,31.6,96,322.8
212609,P08,Occidente,2026-06-03,2026,2026-06,16.2,95,339
212609,P08,Occidente,2026-06-04,2026,2026-06,46.2,96,385.2
212609,P08,Occidente,2026-06-05,2026,2026-06,45,96,430.2
212609,P08,Occidente,2026-06-06,2026,2026-06,0,96,430.2
212609,P08,Occidente,2026-06-07,2026,2026-06,16.6,96,446.8
212609,P08,Occidente,2026-06-08,2026,2026-06,1.2,96,448
212609,P08,Occidente,2026-06-09,2026,2026-06,0,96,448
212609,P08,Occidente,2026-06-10,2026,2026-06,0,96,448
212609,P08,Occidente,2026-06-11,2026,2026-06,2.8,96,450.8
212609,P08,Occidente,2026-06-12,2026,2026-06,0,96,450.8
212609,P08,Occidente,2026-06-13,2026,2026-06,0,96,450.8
212609,P08,Occidente,2026-06-14,2026,2026-06,0,96,450.8
212609,P08,Occidente,2026-06-15,2026,2026-06,13.8,96,464.6
212609,P08,Occidente,2026-06-16,2026,2026-06,1.4,96,466
212609,P08,Occidente,2026-06-17,2026,2026-06,0,96,466
212609,P08,Occidente,2026-06-18,2026,2026-06,52,96,518
212609,P08,Occidente,2026-06-19,2026,2026-06,8.8,96,526.8
212609,P08,Occidente,2026-06-20,2026,2026-06,0.4,96,527.2
212609,P08,Occidente,2026-06-21,2026,2026-06,0,96,527.2
212609,P08,Occidente,2026-06-22,2026,2026-06,12,96,539.2
212609,P08,Occidente,2026-06-23,2026,2026-06,0,96,539.2
212609,P08,Occidente,2026-06-24,2026,2026-06,4.4,96,543.6
212609,P08,Occidente,2026-06-25,2026,2026-06,24.6,96,568.2
212609,P08,Occidente,2026-06-26,2026,2026-06,0,96,568.2
212609,P08,Occidente,2026-06-27,2026,2026-06,0,96,568.2
212609,P08,Occidente,2026-06-28,2026,2026-06,14.8,96,583
212609,P08,Occidente,2026-06-29,2026,2026-06,0,96,583
212609,P08,Occidente,2026-06-30,2026,2026-06,0.2,96,583.2
212609,P08,Occidente,2026-07-01,2026,2026-07,26.4,96,609.6
212609,P08,Occidente,2026-07-02,2026,2026-07,10.6,96,620.2
212609,P08,Occidente,2026-07-03,2026,2026-07,55.8,96,676
212609,P08,Occidente,2026-07-04,2026,2026-07,0.8,96,676.8
212609,P08,Occidente,2026-07-05,2026,2026-07,0,96,676.8
212609,P08,Occidente,2026-07-06,2026,2026-07,1.2,96,678
212609,P08,Occidente,2026-07-07,2026,2026-07,0.2,96,678.2
212609,P08,Occidente,2026-07-08,2026,2026-07,37.4,96,715.6
212609,P08,Occidente,2026-07-09,2026,2026-07,10.2,96,725.8
212609,P08,Occidente,2026-07-10,2026,2026-07,4.8,96,730.6
212609,P08,Occidente,2026-07-11,2026,2026-07,0,96,730.6
212609,P08,Occidente,2026-07-12,2026,2026-07,3,96,733.6
212609,P08,Occidente,2026-07-13,2026,2026-07,2.8,96,736.4
212609,P08,Occidente,2026-07-14,2026,2026-07,2.2,96,738.6
212609,P08,Occidente,2026-07-15,2026,2026-07,0,96,738.6
212609,P08,Occidente,2026-07-16,2026,2026-07,0,96,738.6
212609,P08,Occidente,2026-07-17,2026,2026-07,0,96,738.6
212609,P08,Occidente,2026-07-18,2026,2026-07,56.4,96,795
212609,P08,Occidente,2026-07-19,2026,2026-07,4,96,799
212609,P08,Occidente,2026-07-20,2026,2026-07,49,96,848
212609,P08,Occidente,2026-07-21,2026,2026-07,0,96,848
212609,P08,Occidente,2026-07-22,2026,2026-07,0,96,848
212609,P08,Occidente,2026-07-23,2026,2026-07,22.2,96,870.2
212609,P08,Occidente,2026-07-24,2026,2026-07,0,96,870.2
212609,P08,Occidente,2026-07-25,2026,2026-07,0,96,870.2
212609,P08,Occidente,2026-07-26,2026,2026-07,47,96,917.2
212609,P08,Occidente,2026-07-27,2026,2026-07,0.8,96,918
212609,P08,Occidente,2026-07-28,2026,2026-07,0,96,918
212609,P08,Occidente,2026-07-29,2026,2026-07,19.4,96,937.4
212609,P08,Occidente,2026-07-30,2026,2026-07,2,96,939.4
212609,P08,Occidente,2026-07-31,2026,2026-07,20.8,95,960.2
212609,P08,Occidente,2026-08-01,2026,2026-08,0.2,96,960.4
212609,P08,Occidente,2026-08-02,2026,2026-08,0,89,960.4
212641,,,2025-05-15,2025,2025-05,0,46,0
212641,,,2025-05-16,2025,2025-05,5,288,5
212641,,,2025-05-17,2025,2025-05,0.4,288,5.4
212641,,,2025-05-18,2025,2025-05,32.8,288,38.2
212641,,,2025-05-19,2025,2025-05,18.4,288,56.6
212641,,,2025-05-20,2025,2025-05,16.6,288,73.2
212641,,,2025-05-21,2025,2025-05,3,288,76.2
212641,,,2025-05-22,2025,2025-05,38.8,288,115
212641,,,2025-05-23,2025,2025-05,5,288,120
212641,,,2025-05-24,2025,2025-05,2.4,288,122.4
212641,,,2025-05-25,2025,2025-05,0,288,122.4
212641,,,2025-05-26,2025,2025-05,15.4,288,137.8
212641,,,2025-05-27,2025,2025-05,18,288,155.8
212641,,,2025-05-28,2025,2025-05,0.2,288,156
212641,,,2025-05-29,2025,2025-05,0,288,156
212641,,,2025-05-30,2025,2025-05,3.4,288,159.4
212641,,,2025-05-31,2025,2025-05,2.8,288,162.2
212641,,,2025-06-01,2025,2025-06,48.2,288,210.4
212641,,,2025-06-02,2025,2025-06,9,288,219.4
212641,,,2025-06-03,2025,2025-06,3,288,222.4
212641,,,2025-06-04,2025,2025-06,8,288,230.4
212641,,,2025-06-05,2025,2025-06,0,288,230.4
212641,,,2025-06-06,2025,2025-06,28.6,288,259
212641,,,2025-06-07,2025,2025-06,14.4,288,273.4
212641,,,2025-06-08,2025,2025-06,0,288,273.4
212641,,,2025-06-09,2025,2025-06,30.8,288,304.2
212641,,,2025-06-10,2025,2025-06,0,288,304.2
212641,,,2025-06-11,2025,2025-06,10.6,288,314.8
212641,,,2025-06-12,2025,2025-06,28.6,288,343.4
212641,,,2025-06-13,2025,2025-06,0.8,288,344.2
212641,,,2025-06-14,2025,2025-06,42.6,288,386.8
212641,,,2025-06-15,2025,2025-06,0,288,386.8
212641,,,2025-06-16,2025,2025-06,0,288,386.8
212641,,,2025-06-17,2025,2025-06,3.6,288,390.4
212641,,,2025-06-18,2025,2025-06,1,288,391.4
212641,,,2025-06-19,2025,2025-06,1.6,288,393
212641,,,2025-06-20,2025,2025-06,16.4,288,409.4
212641,,,2025-06-21,2025,2025-06,15.6,288,425
212641,,,2025-06-22,2025,2025-06,4.2,288,429.2
212641,,,2025-06-23,2025,2025-06,0,288,429.2
212641,,,2025-06-24,2025,2025-06,3,288,432.2
212641,,,2025-06-25,2025,2025-06,13.8,288,446
212641,,,2025-06-26,2025,2025-06,0.6,288,446.6
212641,,,2025-06-27,2025,2025-06,4.4,288,451
212641,,,2025-06-28,2025,2025-06,0,288,451
212641,,,2025-06-29,2025,2025-06,42.8,288,493.8
212641,,,2025-06-30,2025,2025-06,18.8,288,512.6
212641,,,2025-07-01,2025,2025-07,0,288,512.6
212641,,,2025-07-02,2025,2025-07,11.4,288,524
212641,,,2025-07-03,2025,2025-07,16.4,288,540.4
212641,,,2025-07-04,2025,2025-07,8.4,288,548.8
212641,,,2025-07-05,2025,2025-07,10.6,288,559.4
212641,,,2025-07-06,2025,2025-07,0,288,559.4
212641,,,2025-07-07,2025,2025-07,10,288,569.4
212641,,,2025-07-08,2025,2025-07,2.4,288,571.8
212641,,,2025-07-09,2025,2025-07,48.8,288,620.6
212641,,,2025-07-10,2025,2025-07,0,288,620.6
212641,,,2025-07-11,2025,2025-07,24,288,644.6
212641,,,2025-07-12,2025,2025-07,22.2,288,666.8
212641,,,2025-07-13,2025,2025-07,13.2,288,680
212641,,,2025-07-14,2025,2025-07,0.6,288,680.6
212641,,,2025-07-15,2025,2025-07,29.4,288,710
212641,,,2025-07-16,2025,2025-07,0,288,710
212641,,,2025-07-17,2025,2025-07,21,288,731
212641,,,2025-07-18,2025,2025-07,20.8,288,751.8
212641,,,2025-07-19,2025,2025-07,28.8,288,780.6
212641,,,2025-07-20,2025,2025-07,0,288,780.6
212641,,,2025-07-21,2025,2025-07,5,288,785.6
212641,,,2025-07-22,2025,2025-07,4.6,288,790.2
212641,,,2025-07-23,2025,2025-07,67.4,288,857.6
212641,,,2025-07-24,2025,2025-07,0,288,857.6
212641,,,2025-07-25,2025,2025-07,0.4,288,858
212641,,,2025-07-26,2025,2025-07,0,288,858
212641,,,2025-07-27,2025,2025-07,3.4,288,861.4
212641,,,2025-07-28,2025,2025-07,6.6,288,868
212641,,,2025-07-29,2025,2025-07,0,288,868
212641,,,2025-07-30,2025,2025-07,0,288,868
212641,,,2025-07-31,2025,2025-07,0,288,868
212641,,,2025-08-01,2025,2025-08,6.4,288,874.4
212641,,,2025-08-02,2025,2025-08,21.2,288,895.6
212641,,,2025-08-03,2025,2025-08,10.6,288,906.2
212641,,,2025-08-04,2025,2025-08,0.4,288,906.6
212641,,,2025-08-05,2025,2025-08,2.6,288,909.2
212641,,,2025-08-06,2025,2025-08,17.4,288,926.6
212641,,,2025-08-07,2025,2025-08,10.6,288,937.2
212641,,,2025-08-08,2025,2025-08,24.2,288,961.4
212641,,,2025-08-09,2025,2025-08,44,288,1005.4
212641,,,2025-08-10,2025,2025-08,1.6,288,1007
212641,,,2025-08-11,2025,2025-08,0,288,1007
212641,,,2025-08-12,2025,2025-08,0,288,1007
212641,,,2025-08-13,2025,2025-08,4.4,288,1011.4
212641,,,2025-08-14,2025,2025-08,0.6,288,1012
212641,,,2025-08-15,2025,2025-08,20,288,1032
212641,,,2025-08-16,2025,2025-08,1.6,288,1033.6
212641,,,2025-08-17,2025,2025-08,2.6,288,1036.2
212641,,,2025-08-18,2025,2025-08,0,288,1036.2
212641,,,2025-08-19,2025,2025-08,0.2,288,1036.4
212641,,,2025-08-20,2025,2025-08,0,288,1036.4
212641,,,2025-08-21,2025,2025-08,0,288,1036.4
212641,,,2025-08-22,2025,2025-08,25.6,271,1062
212641,,,2025-08-23,2025,2025-08,0,241,1062
212641,,,2025-08-24,2025,2025-08,0,288,1062
212641,,,2025-08-25,2025,2025-08,9.4,288,1071.4
212641,,,2025-08-26,2025,2025-08,9.6,288,1081
212641,,,2025-08-27,2025,2025-08,14.8,288,1095.8
212641,,,2025-08-28,2025,2025-08,0,288,1095.8
212641,,,2025-08-29,2025,2025-08,17.2,288,1113
212641,,,2025-08-30,2025,2025-08,3.8,288,1116.8
212641,,,2025-08-31,2025,2025-08,4.8,288,1121.6
212641,,,2025-09-01,2025,2025-09,2.4,270,1124
212641,,,2025-09-02,2025,2025-09,1.6,288,1125.6
212641,,,2025-09-03,2025,2025-09,6.4,288,1132
212641,,,2025-09-04,2025,2025-09,0.2,288,1132.2
212641,,,2025-09-05,2025,2025-09,8.2,288,1140.4
212641,,,2025-09-06,2025,2025-09,2.8,288,1143.2
212641,,,2025-09-07,2025,2025-09,0.2,288,1143.4
212641,,,2025-09-08,2025,2025-09,3,288,1146.4
212641,,,2025-09-09,2025,2025-09,0,288,1146.4
212641,,,2025-09-10,2025,2025-09,0,288,1146.4
212641,,,2025-09-11,2025,2025-09,7.4,288,1153.8
212641,,,2025-09-12,2025,2025-09,18.6,288,1172.4
212641,,,2025-09-13,2025,2025-09,0,288,1172.4
212641,,,2025-09-14,2025,2025-09,2.6,288,1175
212641,,,2025-09-15,2025,2025-09,0.2,288,1175.2
212641,,,2025-09-16,2025,2025-09,0,288,1175.2
212641,,,2025-09-17,2025,2025-09,2,288,1177.2
212641,,,2025-09-18,2025,2025-09,22.2,288,1199.4
212641,,,2025-09-19,2025,2025-09,0.2,288,1199.6
212641,,,2025-09-20,2025,2025-09,1.2,288,1200.8
212641,,,2025-09-21,2025,2025-09,0,288,1200.8
212641,,,2025-09-22,2025,2025-09,0,288,1200.8
212641,,,2025-09-23,2025,2025-09,0,288,1200.8
212641,,,2025-09-24,2025,2025-09,43,288,1243.8
212641,,,2025-09-25,2025,2025-09,1.2,288,1245
212641,,,2025-09-26,2025,2025-09,0,288,1245
212641,,,2025-09-27,2025,2025-09,23.2,288,1268.2
212641,,,2025-09-28,2025,2025-09,0,288,1268.2
212641,,,2025-09-29,2025,2025-09,0,288,1268.2
212641,,,2025-09-30,2025,2025-09,6,288,1274.2
212641,,,2025-10-01,2025,2025-10,0.2,288,1274.4
212641,,,2025-10-02,2025,2025-10,5.8,288,1280.2
212641,,,2025-10-03,2025,2025-10,0,288,1280.2
212641,,,2025-10-04,2025,2025-10,0,288,1280.2
212641,,,2025-10-05,2025,2025-10,27.4,288,1307.6
212641,,,2025-10-06,2025,2025-10,0.2,288,1307.8
212641,,,2025-10-07,2025,2025-10,0,288,1307.8
212641,,,2025-10-08,2025,2025-10,0,288,1307.8
212641,,,2025-10-09,2025,2025-10,3.2,288,1311
212641,,,2025-10-10,2025,2025-10,0.2,288,1311.2
212641,,,2025-10-11,2025,2025-10,9.2,288,1320.4
212641,,,2025-10-12,2025,2025-10,0,288,1320.4
212641,,,2025-10-13,2025,2025-10,0,288,1320.4
212641,,,2025-10-14,2025,2025-10,0,288,1320.4
212641,,,2025-10-15,2025,2025-10,0.6,288,1321
212641,,,2025-10-16,2025,2025-10,0,288,1321
212641,,,2025-10-17,2025,2025-10,0,288,1321
212641,,,2025-10-18,2025,2025-10,4.4,288,1325.4
212641,,,2025-10-19,2025,2025-10,12.2,288,1337.6
212641,,,2025-10-20,2025,2025-10,11.2,288,1348.8
212641,,,2025-10-21,2025,2025-10,0.4,288,1349.2
212641,,,2025-10-22,2025,2025-10,0.6,288,1349.8
212641,,,2025-10-23,2025,2025-10,1.8,288,1351.6
212641,,,2025-10-24,2025,2025-10,0.2,288,1351.8
212641,,,2025-10-25,2025,2025-10,21,288,1372.8
212641,,,2025-10-26,2025,2025-10,0,186,1372.8
212641,,,2025-11-01,2025,2025-11,0,108,1372.8
212641,,,2025-11-02,2025,2025-11,0,288,1372.8
212641,,,2025-11-03,2025,2025-11,0,288,1372.8
212641,,,2025-11-04,2025,2025-11,0,288,1372.8
212641,,,2025-11-05,2025,2025-11,0,288,1372.8
212641,,,2025-11-06,2025,2025-11,0,288,1372.8
212641,,,2025-11-07,2025,2025-11,0,288,1372.8
212641,,,2025-11-08,2025,2025-11,0,288,1372.8
212641,,,2025-11-09,2025,2025-11,0,288,1372.8
212641,,,2025-11-10,2025,2025-11,0,288,1372.8
212641,,,2025-11-11,2025,2025-11,0,288,1372.8
212641,,,2025-11-12,2025,2025-11,0.2,288,1373
212641,,,2025-11-13,2025,2025-11,0,288,1373
212641,,,2025-11-14,2025,2025-11,0,288,1373
212641,,,2025-11-15,2025,2025-11,0,288,1373
212641,,,2025-11-16,2025,2025-11,1,288,1374
212641,,,2025-11-17,2025,2025-11,0,288,1374
212641,,,2025-11-18,2025,2025-11,0,288,1374
212641,,,2025-11-19,2025,2025-11,0,288,1374
212641,,,2025-11-20,2025,2025-11,5.8,288,1379.8
212641,,,2025-11-21,2025,2025-11,20,288,1399.8
212641,,,2025-11-22,2025,2025-11,0,288,1399.8
212641,,,2025-11-23,2025,2025-11,0,288,1399.8
212641,,,2025-11-24,2025,2025-11,0,288,1399.8
212641,,,2025-11-25,2025,2025-11,0,288,1399.8
212641,,,2025-11-26,2025,2025-11,0.2,288,1400
212641,,,2025-11-27,2025,2025-11,3.2,288,1403.2
212641,,,2025-11-28,2025,2025-11,0,288,1403.2
212641,,,2025-11-29,2025,2025-11,2.2,288,1405.4
212641,,,2025-11-30,2025,2025-11,0,288,1405.4
212641,,,2025-12-01,2025,2025-12,0,288,1405.4
212641,,,2025-12-02,2025,2025-12,0,288,1405.4
212641,,,2025-12-03,2025,2025-12,0,288,1405.4
212641,,,2025-12-04,2025,2025-12,0,288,1405.4
212641,,,2025-12-05,2025,2025-12,2.4,288,1407.8
212641,,,2025-12-06,2025,2025-12,22,288,1429.8
212641,,,2025-12-07,2025,2025-12,0,288,1429.8
212641,,,2025-12-08,2025,2025-12,0,288,1429.8
212641,,,2025-12-09,2025,2025-12,0,288,1429.8
212641,,,2025-12-10,2025,2025-12,0,288,1429.8
212641,,,2025-12-11,2025,2025-12,0,288,1429.8
212641,,,2025-12-12,2025,2025-12,0,288,1429.8
212641,,,2025-12-13,2025,2025-12,0,288,1429.8
212641,,,2025-12-14,2025,2025-12,0,288,1429.8
212641,,,2025-12-15,2025,2025-12,0,288,1429.8
212641,,,2025-12-16,2025,2025-12,0,288,1429.8
212641,,,2025-12-17,2025,2025-12,0,288,1429.8
212641,,,2025-12-18,2025,2025-12,0,288,1429.8
212641,,,2025-12-19,2025,2025-12,0,288,1429.8
212641,,,2025-12-20,2025,2025-12,0,288,1429.8
212641,,,2025-12-21,2025,2025-12,2,288,1431.8
212641,,,2025-12-22,2025,2025-12,0,288,1431.8
212641,,,2025-12-23,2025,2025-12,0,288,1431.8
212641,,,2025-12-24,2025,2025-12,0,288,1431.8
212641,,,2025-12-25,2025,2025-12,0,288,1431.8
212641,,,2025-12-26,2025,2025-12,0,288,1431.8
212641,,,2025-12-27,2025,2025-12,0,288,1431.8
212641,,,2025-12-28,2025,2025-12,0,288,1431.8
212641,,,2025-12-29,2025,2025-12,0,288,1431.8
212641,,,2025-12-30,2025,2025-12,0,288,1431.8
212641,,,2025-12-31,2025,2025-12,0,288,1431.8
212641,,,2026-01-01,2026,2026-01,0,288,0
212641,,,2026-01-02,2026,2026-01,0,288,0
212641,,,2026-01-03,2026,2026-01,0,288,0
212641,,,2026-01-04,2026,2026-01,0,288,0
212641,,,2026-01-05,2026,2026-01,0,288,0
212641,,,2026-01-06,2026,2026-01,0,288,0
212641,,,2026-01-07,2026,2026-01,0,288,0
212641,,,2026-01-08,2026,2026-01,0,288,0
212641,,,2026-01-09,2026,2026-01,0,288,0
212641,,,2026-01-10,2026,2026-01,0,288,0
212641,,,2026-01-11,2026,2026-01,0,288,0
212641,,,2026-01-12,2026,2026-01,0,288,0
212641,,,2026-01-13,2026,2026-01,0,288,0
212641,,,2026-01-14,2026,2026-01,0,288,0
212641,,,2026-01-15,2026,2026-01,0,288,0
212641,,,2026-01-16,2026,2026-01,0,288,0
212641,,,2026-01-17,2026,2026-01,0,288,0
212641,,,2026-01-18,2026,2026-01,0,288,0
212641,,,2026-01-19,2026,2026-01,0,288,0
212641,,,2026-01-20,2026,2026-01,0,288,0
212641,,,2026-01-21,2026,2026-01,0,288,0
212641,,,2026-01-22,2026,2026-01,0,288,0
212641,,,2026-01-23,2026,2026-01,0,288,0
212641,,,2026-01-24,2026,2026-01,0,288,0
212641,,,2026-01-25,2026,2026-01,0,288,0
212641,,,2026-01-26,2026,2026-01,0,288,0
212641,,,2026-01-27,2026,2026-01,1,288,1
212641,,,2026-01-28,2026,2026-01,0.4,288,1.4
212641,,,2026-01-29,2026,2026-01,0,288,1.4
212641,,,2026-01-30,2026,2026-01,0,288,1.4
212641,,,2026-01-31,2026,2026-01,0.4,288,1.8
212641,,,2026-02-01,2026,2026-02,0,288,1.8
212641,,,2026-02-02,2026,2026-02,0,288,1.8
212641,,,2026-02-03,2026,2026-02,0,288,1.8
212641,,,2026-02-04,2026,2026-02,0,288,1.8
212641,,,2026-02-05,2026,2026-02,0,288,1.8
212641,,,2026-02-06,2026,2026-02,0,288,1.8
212641,,,2026-02-07,2026,2026-02,0,288,1.8
212641,,,2026-02-08,2026,2026-02,0,277,1.8
212641,,,2026-02-09,2026,2026-02,0,288,1.8
212641,,,2026-02-10,2026,2026-02,0,288,1.8
212641,,,2026-02-11,2026,2026-02,0,288,1.8
212641,,,2026-02-12,2026,2026-02,0,288,1.8
212641,,,2026-02-13,2026,2026-02,0,288,1.8
212641,,,2026-02-14,2026,2026-02,0,288,1.8
212641,,,2026-02-15,2026,2026-02,0.8,288,2.6
212641,,,2026-02-16,2026,2026-02,0,288,2.6
212641,,,2026-02-17,2026,2026-02,0,288,2.6
212641,,,2026-02-18,2026,2026-02,0,288,2.6
212641,,,2026-02-19,2026,2026-02,0,288,2.6
212641,,,2026-02-20,2026,2026-02,0,288,2.6
212641,,,2026-02-21,2026,2026-02,0,288,2.6
212641,,,2026-02-22,2026,2026-02,0,288,2.6
212641,,,2026-02-23,2026,2026-02,0,288,2.6
212641,,,2026-02-24,2026,2026-02,0,288,2.6
212641,,,2026-02-25,2026,2026-02,0,288,2.6
212641,,,2026-02-26,2026,2026-02,0,288,2.6
212641,,,2026-02-27,2026,2026-02,0,288,2.6
212641,,,2026-02-28,2026,2026-02,0,288,2.6
212641,,,2026-03-01,2026,2026-03,0,288,2.6
212641,,,2026-03-02,2026,2026-03,0,288,2.6
212641,,,2026-03-03,2026,2026-03,0,288,2.6
212641,,,2026-03-04,2026,2026-03,0,288,2.6
212641,,,2026-03-05,2026,2026-03,0,288,2.6
212641,,,2026-03-06,2026,2026-03,0,288,2.6
212641,,,2026-03-07,2026,2026-03,0,288,2.6
212641,,,2026-03-08,2026,2026-03,0,288,2.6
212641,,,2026-03-09,2026,2026-03,0,288,2.6
212641,,,2026-03-10,2026,2026-03,0,288,2.6
212641,,,2026-03-11,2026,2026-03,0,288,2.6
212641,,,2026-03-12,2026,2026-03,0,288,2.6
212641,,,2026-03-13,2026,2026-03,8.8,288,11.4
212641,,,2026-03-14,2026,2026-03,0,288,11.4
212641,,,2026-03-15,2026,2026-03,0,288,11.4
212641,,,2026-03-16,2026,2026-03,0,288,11.4
212641,,,2026-03-17,2026,2026-03,3.2,288,14.6
212641,,,2026-03-18,2026,2026-03,0,288,14.6
212641,,,2026-03-19,2026,2026-03,0,288,14.6
212641,,,2026-03-20,2026,2026-03,0,288,14.6
212641,,,2026-03-21,2026,2026-03,0,288,14.6
212641,,,2026-03-22,2026,2026-03,0,288,14.6
212641,,,2026-03-23,2026,2026-03,0,288,14.6
212641,,,2026-03-24,2026,2026-03,0,288,14.6
212641,,,2026-03-25,2026,2026-03,0,288,14.6
212641,,,2026-03-26,2026,2026-03,0,288,14.6
212641,,,2026-03-27,2026,2026-03,0,288,14.6
212641,,,2026-03-28,2026,2026-03,0.2,288,14.8
212641,,,2026-03-29,2026,2026-03,0,288,14.8
212641,,,2026-03-30,2026,2026-03,0,288,14.8
212641,,,2026-03-31,2026,2026-03,0,288,14.8
212641,,,2026-04-01,2026,2026-04,0,288,14.8
212641,,,2026-04-02,2026,2026-04,1.8,288,16.6
212641,,,2026-04-03,2026,2026-04,0,288,16.6
212641,,,2026-04-04,2026,2026-04,0.6,288,17.2
212641,,,2026-04-05,2026,2026-04,0,288,17.2
212641,,,2026-04-06,2026,2026-04,0,288,17.2
212641,,,2026-04-07,2026,2026-04,27.6,288,44.8
212641,,,2026-04-08,2026,2026-04,0,288,44.8
212641,,,2026-04-09,2026,2026-04,0,288,44.8
212641,,,2026-04-10,2026,2026-04,0,288,44.8
212641,,,2026-04-11,2026,2026-04,0,288,44.8
212641,,,2026-04-12,2026,2026-04,0,288,44.8
212641,,,2026-04-13,2026,2026-04,0,288,44.8
212641,,,2026-04-14,2026,2026-04,0,288,44.8
212641,,,2026-04-15,2026,2026-04,0,288,44.8
212641,,,2026-04-16,2026,2026-04,33.8,288,78.6
212641,,,2026-04-17,2026,2026-04,1,288,79.6
212641,,,2026-04-18,2026,2026-04,0.2,288,79.8
212641,,,2026-04-19,2026,2026-04,0,288,79.8
212641,,,2026-04-20,2026,2026-04,0,288,79.8
212641,,,2026-04-21,2026,2026-04,0,288,79.8
212641,,,2026-04-22,2026,2026-04,0,288,79.8
212641,,,2026-04-23,2026,2026-04,0,288,79.8
212641,,,2026-04-24,2026,2026-04,0,288,79.8
212641,,,2026-04-25,2026,2026-04,0,288,79.8
212641,,,2026-04-26,2026,2026-04,0,288,79.8
212641,,,2026-04-27,2026,2026-04,6.8,288,86.6
212641,,,2026-04-28,2026,2026-04,0,288,86.6
212641,,,2026-04-29,2026,2026-04,0,288,86.6
212641,,,2026-04-30,2026,2026-04,0,288,86.6
212641,,,2026-05-01,2026,2026-05,5.2,288,91.8
212641,,,2026-05-02,2026,2026-05,0.2,288,92
212641,,,2026-05-03,2026,2026-05,0,288,92
212641,,,2026-05-04,2026,2026-05,0,288,92
212641,,,2026-05-05,2026,2026-05,0,288,92
212641,,,2026-05-06,2026,2026-05,0,288,92
212641,,,2026-05-07,2026,2026-05,0,288,92
212641,,,2026-05-08,2026,2026-05,0,288,92
212641,,,2026-05-09,2026,2026-05,0,288,92
212641,,,2026-05-10,2026,2026-05,0,288,92
212641,,,2026-05-11,2026,2026-05,0,288,92
212641,,,2026-05-12,2026,2026-05,3.8,288,95.8
212641,,,2026-05-13,2026,2026-05,0,288,95.8
212641,,,2026-05-14,2026,2026-05,0,288,95.8
212641,,,2026-05-15,2026,2026-05,0,288,95.8
212641,,,2026-05-16,2026,2026-05,5.6,288,101.4
212641,,,2026-05-17,2026,2026-05,42.2,288,143.6
212641,,,2026-05-18,2026,2026-05,0,288,143.6
212641,,,2026-05-19,2026,2026-05,1.6,288,145.2
212641,,,2026-05-20,2026,2026-05,0.8,288,146
212641,,,2026-05-21,2026,2026-05,27,288,173
212641,,,2026-05-22,2026,2026-05,0.8,288,173.8
212641,,,2026-05-23,2026,2026-05,14.2,288,188
212641,,,2026-05-24,2026,2026-05,0,288,188
212641,,,2026-05-25,2026,2026-05,8.2,288,196.2
212641,,,2026-05-26,2026,2026-05,3.8,288,200
212641,,,2026-05-27,2026,2026-05,13.2,288,213.2
212641,,,2026-05-28,2026,2026-05,1.6,288,214.8
212641,,,2026-05-29,2026,2026-05,0.4,288,215.2
212641,,,2026-05-30,2026,2026-05,0.2,288,215.4
212641,,,2026-05-31,2026,2026-05,37.8,288,253.2
212641,,,2026-06-01,2026,2026-06,0,288,253.2
212641,,,2026-06-02,2026,2026-06,7.4,288,260.6
212641,,,2026-06-03,2026,2026-06,29.4,288,290
212641,,,2026-06-04,2026,2026-06,31,288,321
212641,,,2026-06-05,2026,2026-06,19.6,288,340.6
212641,,,2026-06-06,2026,2026-06,0,288,340.6
212641,,,2026-06-07,2026,2026-06,22.4,288,363
212641,,,2026-06-08,2026,2026-06,6,288,369
212641,,,2026-06-09,2026,2026-06,0,288,369
212641,,,2026-06-10,2026,2026-06,0,288,369
212641,,,2026-06-11,2026,2026-06,6.8,288,375.8
212641,,,2026-06-12,2026,2026-06,0,288,375.8
212641,,,2026-06-13,2026,2026-06,0.6,288,376.4
212641,,,2026-06-14,2026,2026-06,0,288,376.4
212641,,,2026-06-15,2026,2026-06,2,288,378.4
212641,,,2026-06-16,2026,2026-06,2.8,288,381.2
212641,,,2026-06-17,2026,2026-06,0,288,381.2
212641,,,2026-06-18,2026,2026-06,9.8,288,391
212641,,,2026-06-19,2026,2026-06,15,288,406
212641,,,2026-06-20,2026,2026-06,0.2,288,406.2
212641,,,2026-06-21,2026,2026-06,5.2,288,411.4
212641,,,2026-06-22,2026,2026-06,0,288,411.4
212641,,,2026-06-23,2026,2026-06,0,288,411.4
212641,,,2026-06-24,2026,2026-06,1.8,288,413.2
212641,,,2026-06-25,2026,2026-06,42.2,288,455.4
212641,,,2026-06-26,2026,2026-06,0,288,455.4
212641,,,2026-06-27,2026,2026-06,0,288,455.4
212641,,,2026-06-28,2026,2026-06,3.6,288,459
212641,,,2026-06-29,2026,2026-06,1,288,460
212641,,,2026-06-30,2026,2026-06,0.4,288,460.4
212641,,,2026-07-01,2026,2026-07,0.4,288,460.8
212641,,,2026-07-02,2026,2026-07,16.6,288,477.4
212641,,,2026-07-03,2026,2026-07,42.2,288,519.6
212641,,,2026-07-04,2026,2026-07,0.6,288,520.2
212641,,,2026-07-05,2026,2026-07,0,288,520.2
212641,,,2026-07-06,2026,2026-07,0.4,288,520.6
212641,,,2026-07-07,2026,2026-07,0,288,520.6
212641,,,2026-07-08,2026,2026-07,34,288,554.6
212641,,,2026-07-09,2026,2026-07,2.8,288,557.4
212641,,,2026-07-10,2026,2026-07,0,288,557.4
212641,,,2026-07-11,2026,2026-07,0,288,557.4
212641,,,2026-07-12,2026,2026-07,4.6,288,562
212641,,,2026-07-13,2026,2026-07,3,288,565
212641,,,2026-07-14,2026,2026-07,0.2,288,565.2
212641,,,2026-07-15,2026,2026-07,0,288,565.2
212641,,,2026-07-16,2026,2026-07,0,288,565.2
212641,,,2026-07-17,2026,2026-07,0,288,565.2
212641,,,2026-07-18,2026,2026-07,12.2,288,577.4
212641,,,2026-07-19,2026,2026-07,2,288,579.4
212641,,,2026-07-20,2026,2026-07,30.6,288,610
212641,,,2026-07-21,2026,2026-07,0,288,610
212641,,,2026-07-22,2026,2026-07,0,288,610
212641,,,2026-07-23,2026,2026-07,18,288,628
212641,,,2026-07-24,2026,2026-07,0,288,628
212641,,,2026-07-25,2026,2026-07,3.2,288,631.2
212641,,,2026-07-26,2026,2026-07,33.4,288,664.6
212641,,,2026-07-27,2026,2026-07,0.2,288,664.8
212641,,,2026-07-28,2026,2026-07,0,288,664.8
212641,,,2026-07-29,2026,2026-07,13.6,288,678.4
212641,,,2026-07-30,2026,2026-07,3.8,288,682.2
212641,,,2026-07-31,2026,2026-07,7.4,272,689.6
212641,,,2026-08-01,2026,2026-08,0,273,689.6
212641,,,2026-08-02,2026,2026-08,0,244,689.6
212695,P10,Occidente,2025-05-16,2025,2025-05,0,38,0
212695,P10,Occidente,2025-05-17,2025,2025-05,31.6,96,31.6
212695,P10,Occidente,2025-05-18,2025,2025-05,59,96,90.6
212695,P10,Occidente,2025-05-19,2025,2025-05,15.2,96,105.8
212695,P10,Occidente,2025-05-20,2025,2025-05,37.2,96,143
212695,P10,Occidente,2025-05-21,2025,2025-05,3.4,96,146.4
212695,P10,Occidente,2025-05-22,2025,2025-05,68.2,96,214.6
212695,P10,Occidente,2025-05-23,2025,2025-05,0.8,96,215.4
212695,P10,Occidente,2025-05-24,2025,2025-05,0,96,215.4
212695,P10,Occidente,2025-05-25,2025,2025-05,0,96,215.4
212695,P10,Occidente,2025-05-26,2025,2025-05,12.6,96,228
212695,P10,Occidente,2025-05-27,2025,2025-05,31,96,259
212695,P10,Occidente,2025-05-28,2025,2025-05,0,96,259
212695,P10,Occidente,2025-05-29,2025,2025-05,0,96,259
212695,P10,Occidente,2025-05-30,2025,2025-05,7.4,96,266.4
212695,P10,Occidente,2025-05-31,2025,2025-05,1.2,96,267.6
212695,P10,Occidente,2025-06-01,2025,2025-06,24.8,96,292.4
212695,P10,Occidente,2025-06-02,2025,2025-06,22.4,96,314.8
212695,P10,Occidente,2025-06-03,2025,2025-06,1,96,315.8
212695,P10,Occidente,2025-06-04,2025,2025-06,2.4,96,318.2
212695,P10,Occidente,2025-06-05,2025,2025-06,20.6,96,338.8
212695,P10,Occidente,2025-06-06,2025,2025-06,5,96,343.8
212695,P10,Occidente,2025-06-07,2025,2025-06,16.6,96,360.4
212695,P10,Occidente,2025-06-08,2025,2025-06,0,96,360.4
212695,P10,Occidente,2025-06-09,2025,2025-06,38.8,96,399.2
212695,P10,Occidente,2025-06-10,2025,2025-06,0,96,399.2
212695,P10,Occidente,2025-06-11,2025,2025-06,64.4,96,463.6
212695,P10,Occidente,2025-06-12,2025,2025-06,22,96,485.6
212695,P10,Occidente,2025-06-13,2025,2025-06,0,96,485.6
212695,P10,Occidente,2025-06-14,2025,2025-06,62.2,96,547.8
212695,P10,Occidente,2025-06-15,2025,2025-06,0,96,547.8
212695,P10,Occidente,2025-06-16,2025,2025-06,0,96,547.8
212695,P10,Occidente,2025-06-17,2025,2025-06,13.8,96,561.6
212695,P10,Occidente,2025-06-18,2025,2025-06,0.8,96,562.4
212695,P10,Occidente,2025-06-19,2025,2025-06,6,96,568.4
212695,P10,Occidente,2025-06-20,2025,2025-06,15.6,96,584
212695,P10,Occidente,2025-06-21,2025,2025-06,27,96,611
212695,P10,Occidente,2025-06-22,2025,2025-06,10,96,621
212695,P10,Occidente,2025-06-23,2025,2025-06,0,96,621
212695,P10,Occidente,2025-06-24,2025,2025-06,10.4,96,631.4
212695,P10,Occidente,2025-06-25,2025,2025-06,17.8,96,649.2
212695,P10,Occidente,2025-06-26,2025,2025-06,1.6,96,650.8
212695,P10,Occidente,2025-06-27,2025,2025-06,0,96,650.8
212695,P10,Occidente,2025-06-28,2025,2025-06,1.6,96,652.4
212695,P10,Occidente,2025-06-29,2025,2025-06,31.4,96,683.8
212695,P10,Occidente,2025-06-30,2025,2025-06,19.8,96,703.6
212695,P10,Occidente,2025-07-01,2025,2025-07,0,96,703.6
212695,P10,Occidente,2025-07-02,2025,2025-07,13.2,96,716.8
212695,P10,Occidente,2025-07-03,2025,2025-07,28,96,744.8
212695,P10,Occidente,2025-07-04,2025,2025-07,8,96,752.8
212695,P10,Occidente,2025-07-05,2025,2025-07,5.4,96,758.2
212695,P10,Occidente,2025-07-06,2025,2025-07,0,96,758.2
212695,P10,Occidente,2025-07-07,2025,2025-07,0.2,96,758.4
212695,P10,Occidente,2025-07-08,2025,2025-07,1,96,759.4
212695,P10,Occidente,2025-07-09,2025,2025-07,98,96,857.4
212695,P10,Occidente,2025-07-10,2025,2025-07,0,96,857.4
212695,P10,Occidente,2025-07-11,2025,2025-07,32.8,96,890.2
212695,P10,Occidente,2025-07-12,2025,2025-07,6.6,96,896.8
212695,P10,Occidente,2025-07-13,2025,2025-07,0,96,896.8
212695,P10,Occidente,2025-07-14,2025,2025-07,0.8,96,897.6
212695,P10,Occidente,2025-07-15,2025,2025-07,57.4,96,955
212695,P10,Occidente,2025-07-16,2025,2025-07,0,96,955
212695,P10,Occidente,2025-07-17,2025,2025-07,21.2,96,976.2
212695,P10,Occidente,2025-07-18,2025,2025-07,15.8,96,992
212695,P10,Occidente,2025-07-19,2025,2025-07,0.4,96,992.4
212695,P10,Occidente,2025-07-20,2025,2025-07,0,96,992.4
212695,P10,Occidente,2025-07-21,2025,2025-07,8.8,96,1001.2
212695,P10,Occidente,2025-07-22,2025,2025-07,11.6,96,1012.8
212695,P10,Occidente,2025-07-23,2025,2025-07,17.8,96,1030.6
212695,P10,Occidente,2025-07-24,2025,2025-07,14.6,96,1045.2
212695,P10,Occidente,2025-07-25,2025,2025-07,0.6,96,1045.8
212695,P10,Occidente,2025-07-26,2025,2025-07,11.2,96,1057
212695,P10,Occidente,2025-07-27,2025,2025-07,3.6,96,1060.6
212695,P10,Occidente,2025-07-28,2025,2025-07,11.6,96,1072.2
212695,P10,Occidente,2025-07-29,2025,2025-07,7.2,96,1079.4
212695,P10,Occidente,2025-07-30,2025,2025-07,14.2,96,1093.6
212695,P10,Occidente,2025-07-31,2025,2025-07,0,96,1093.6
212695,P10,Occidente,2025-08-01,2025,2025-08,32.6,96,1126.2
212695,P10,Occidente,2025-08-02,2025,2025-08,1.4,96,1127.6
212695,P10,Occidente,2025-08-03,2025,2025-08,1.4,96,1129
212695,P10,Occidente,2025-08-04,2025,2025-08,1.6,96,1130.6
212695,P10,Occidente,2025-08-05,2025,2025-08,1.4,96,1132
212695,P10,Occidente,2025-08-06,2025,2025-08,1.2,96,1133.2
212695,P10,Occidente,2025-08-07,2025,2025-08,0,96,1133.2
212695,P10,Occidente,2025-08-08,2025,2025-08,1.4,96,1134.6
212695,P10,Occidente,2025-08-09,2025,2025-08,40,96,1174.6
212695,P10,Occidente,2025-08-10,2025,2025-08,6.8,96,1181.4
212695,P10,Occidente,2025-08-11,2025,2025-08,0,96,1181.4
212695,P10,Occidente,2025-08-12,2025,2025-08,0,96,1181.4
212695,P10,Occidente,2025-08-13,2025,2025-08,0,96,1181.4
212695,P10,Occidente,2025-08-14,2025,2025-08,0,96,1181.4
212695,P10,Occidente,2025-08-15,2025,2025-08,3.4,96,1184.8
212695,P10,Occidente,2025-08-16,2025,2025-08,0,96,1184.8
212695,P10,Occidente,2025-08-17,2025,2025-08,9,96,1193.8
212695,P10,Occidente,2025-08-18,2025,2025-08,0.2,96,1194
212695,P10,Occidente,2025-08-19,2025,2025-08,8.4,96,1202.4
212695,P10,Occidente,2025-08-20,2025,2025-08,0,96,1202.4
212695,P10,Occidente,2025-08-21,2025,2025-08,6.8,96,1209.2
212695,P10,Occidente,2025-08-22,2025,2025-08,3.2,96,1212.4
212695,P10,Occidente,2025-08-23,2025,2025-08,0,96,1212.4
212695,P10,Occidente,2025-08-24,2025,2025-08,0,96,1212.4
212695,P10,Occidente,2025-08-25,2025,2025-08,13.4,96,1225.8
212695,P10,Occidente,2025-08-26,2025,2025-08,27,96,1252.8
212695,P10,Occidente,2025-08-27,2025,2025-08,26.4,96,1279.2
212695,P10,Occidente,2025-08-28,2025,2025-08,0,96,1279.2
212695,P10,Occidente,2025-08-29,2025,2025-08,0,96,1279.2
212695,P10,Occidente,2025-08-30,2025,2025-08,4.2,96,1283.4
212695,P10,Occidente,2025-08-31,2025,2025-08,1.2,96,1284.6
212695,P10,Occidente,2025-09-01,2025,2025-09,0,96,1284.6
212695,P10,Occidente,2025-09-02,2025,2025-09,0,96,1284.6
212695,P10,Occidente,2025-09-03,2025,2025-09,17.4,96,1302
212695,P10,Occidente,2025-09-04,2025,2025-09,0,96,1302
212695,P10,Occidente,2025-09-05,2025,2025-09,12.8,96,1314.8
212695,P10,Occidente,2025-09-06,2025,2025-09,2,96,1316.8
212695,P10,Occidente,2025-09-07,2025,2025-09,0,96,1316.8
212695,P10,Occidente,2025-09-08,2025,2025-09,0,96,1316.8
212695,P10,Occidente,2025-09-09,2025,2025-09,0,96,1316.8
212695,P10,Occidente,2025-09-10,2025,2025-09,1,96,1317.8
212695,P10,Occidente,2025-09-11,2025,2025-09,2.2,96,1320
212695,P10,Occidente,2025-09-12,2025,2025-09,1.4,96,1321.4
212695,P10,Occidente,2025-09-13,2025,2025-09,0,96,1321.4
212695,P10,Occidente,2025-09-14,2025,2025-09,50.6,96,1372
212695,P10,Occidente,2025-09-15,2025,2025-09,0.2,96,1372.2
212695,P10,Occidente,2025-09-16,2025,2025-09,0,96,1372.2
212695,P10,Occidente,2025-09-17,2025,2025-09,5.8,96,1378
212695,P10,Occidente,2025-09-18,2025,2025-09,0,96,1378
212695,P10,Occidente,2025-09-19,2025,2025-09,0.2,96,1378.2
212695,P10,Occidente,2025-09-20,2025,2025-09,0,96,1378.2
212695,P10,Occidente,2025-09-21,2025,2025-09,2.8,96,1381
212695,P10,Occidente,2025-09-22,2025,2025-09,0,96,1381
212695,P10,Occidente,2025-09-23,2025,2025-09,0,96,1381
212695,P10,Occidente,2025-09-24,2025,2025-09,31,96,1412
212695,P10,Occidente,2025-09-25,2025,2025-09,0,96,1412
212695,P10,Occidente,2025-09-26,2025,2025-09,0,96,1412
212695,P10,Occidente,2025-09-27,2025,2025-09,0.2,96,1412.2
212695,P10,Occidente,2025-09-28,2025,2025-09,0,96,1412.2
212695,P10,Occidente,2025-09-29,2025,2025-09,0,96,1412.2
212695,P10,Occidente,2025-09-30,2025,2025-09,21.8,96,1434
212695,P10,Occidente,2025-10-01,2025,2025-10,0,96,1434
212695,P10,Occidente,2025-10-02,2025,2025-10,0,96,1434
212695,P10,Occidente,2025-10-03,2025,2025-10,0,96,1434
212695,P10,Occidente,2025-10-04,2025,2025-10,0,96,1434
212695,P10,Occidente,2025-10-05,2025,2025-10,12,96,1446
212695,P10,Occidente,2025-10-06,2025,2025-10,0,96,1446
212695,P10,Occidente,2025-10-07,2025,2025-10,0,96,1446
212695,P10,Occidente,2025-10-08,2025,2025-10,0.2,96,1446.2
212695,P10,Occidente,2025-10-09,2025,2025-10,1,96,1447.2
212695,P10,Occidente,2025-10-10,2025,2025-10,0,96,1447.2
212695,P10,Occidente,2025-10-11,2025,2025-10,0.4,96,1447.6
212695,P10,Occidente,2025-10-12,2025,2025-10,0.2,96,1447.8
212695,P10,Occidente,2025-10-13,2025,2025-10,0,96,1447.8
212695,P10,Occidente,2025-10-14,2025,2025-10,0,96,1447.8
212695,P10,Occidente,2025-10-15,2025,2025-10,0.2,96,1448
212695,P10,Occidente,2025-10-16,2025,2025-10,2.2,96,1450.2
212695,P10,Occidente,2025-10-17,2025,2025-10,0,96,1450.2
212695,P10,Occidente,2025-10-18,2025,2025-10,5.2,96,1455.4
212695,P10,Occidente,2025-10-19,2025,2025-10,15.8,96,1471.2
212695,P10,Occidente,2025-10-20,2025,2025-10,44.2,96,1515.4
212695,P10,Occidente,2025-10-21,2025,2025-10,0.4,96,1515.8
212695,P10,Occidente,2025-10-22,2025,2025-10,0,96,1515.8
212695,P10,Occidente,2025-10-23,2025,2025-10,13.6,96,1529.4
212695,P10,Occidente,2025-10-24,2025,2025-10,0.2,96,1529.6
212695,P10,Occidente,2025-10-25,2025,2025-10,0,96,1529.6
212695,P10,Occidente,2025-10-26,2025,2025-10,0,96,1529.6
212695,P10,Occidente,2025-10-27,2025,2025-10,0,96,1529.6
212695,P10,Occidente,2025-10-28,2025,2025-10,7.2,96,1536.8
212695,P10,Occidente,2025-10-29,2025,2025-10,1,96,1537.8
212695,P10,Occidente,2025-10-30,2025,2025-10,16.8,96,1554.6
212695,P10,Occidente,2025-10-31,2025,2025-10,0,96,1554.6
212695,P10,Occidente,2025-11-01,2025,2025-11,0,96,1554.6
212695,P10,Occidente,2025-11-02,2025,2025-11,0,96,1554.6
212695,P10,Occidente,2025-11-03,2025,2025-11,0,96,1554.6
212695,P10,Occidente,2025-11-04,2025,2025-11,0,96,1554.6
212695,P10,Occidente,2025-11-05,2025,2025-11,0,96,1554.6
212695,P10,Occidente,2025-11-06,2025,2025-11,0,96,1554.6
212695,P10,Occidente,2025-11-07,2025,2025-11,0,96,1554.6
212695,P10,Occidente,2025-11-08,2025,2025-11,0,96,1554.6
212695,P10,Occidente,2025-11-09,2025,2025-11,2.8,96,1557.4
212695,P10,Occidente,2025-11-10,2025,2025-11,0,96,1557.4
212695,P10,Occidente,2025-11-11,2025,2025-11,0,96,1557.4
212695,P10,Occidente,2025-11-12,2025,2025-11,0,96,1557.4
212695,P10,Occidente,2025-11-13,2025,2025-11,0,96,1557.4
212695,P10,Occidente,2025-11-14,2025,2025-11,0,96,1557.4
212695,P10,Occidente,2025-11-15,2025,2025-11,0,96,1557.4
212695,P10,Occidente,2025-11-16,2025,2025-11,0,96,1557.4
212695,P10,Occidente,2025-11-17,2025,2025-11,0,96,1557.4
212695,P10,Occidente,2025-11-18,2025,2025-11,0,96,1557.4
212695,P10,Occidente,2025-11-19,2025,2025-11,0,96,1557.4
212695,P10,Occidente,2025-11-20,2025,2025-11,1.4,96,1558.8
212695,P10,Occidente,2025-11-21,2025,2025-11,11.8,96,1570.6
212695,P10,Occidente,2025-11-22,2025,2025-11,0,96,1570.6
212695,P10,Occidente,2025-11-23,2025,2025-11,0,96,1570.6
212695,P10,Occidente,2025-11-24,2025,2025-11,0.2,96,1570.8
212695,P10,Occidente,2025-11-25,2025,2025-11,0.6,96,1571.4
212695,P10,Occidente,2025-11-26,2025,2025-11,0.4,96,1571.8
212695,P10,Occidente,2025-11-27,2025,2025-11,0,96,1571.8
212695,P10,Occidente,2025-11-28,2025,2025-11,0,96,1571.8
212695,P10,Occidente,2025-11-29,2025,2025-11,0,96,1571.8
212695,P10,Occidente,2025-11-30,2025,2025-11,0,96,1571.8
212695,P10,Occidente,2025-12-01,2025,2025-12,0.8,96,1572.6
212695,P10,Occidente,2025-12-02,2025,2025-12,0,96,1572.6
212695,P10,Occidente,2025-12-03,2025,2025-12,0,96,1572.6
212695,P10,Occidente,2025-12-04,2025,2025-12,0,96,1572.6
212695,P10,Occidente,2025-12-05,2025,2025-12,0,96,1572.6
212695,P10,Occidente,2025-12-06,2025,2025-12,10.6,96,1583.2
212695,P10,Occidente,2025-12-07,2025,2025-12,0,96,1583.2
212695,P10,Occidente,2025-12-08,2025,2025-12,1.6,96,1584.8
212695,P10,Occidente,2025-12-09,2025,2025-12,0,96,1584.8
212695,P10,Occidente,2025-12-10,2025,2025-12,0,96,1584.8
212695,P10,Occidente,2025-12-11,2025,2025-12,1,96,1585.8
212695,P10,Occidente,2025-12-12,2025,2025-12,0,96,1585.8
212695,P10,Occidente,2025-12-13,2025,2025-12,0,96,1585.8
212695,P10,Occidente,2025-12-14,2025,2025-12,0,96,1585.8
212695,P10,Occidente,2025-12-15,2025,2025-12,0,96,1585.8
212695,P10,Occidente,2025-12-16,2025,2025-12,0,96,1585.8
212695,P10,Occidente,2025-12-17,2025,2025-12,0,96,1585.8
212695,P10,Occidente,2025-12-18,2025,2025-12,0,96,1585.8
212695,P10,Occidente,2025-12-19,2025,2025-12,0,96,1585.8
212695,P10,Occidente,2025-12-20,2025,2025-12,0,96,1585.8
212695,P10,Occidente,2025-12-21,2025,2025-12,2.4,92,1588.2
212695,P10,Occidente,2025-12-22,2025,2025-12,0,96,1588.2
212695,P10,Occidente,2025-12-23,2025,2025-12,0,96,1588.2
212695,P10,Occidente,2025-12-24,2025,2025-12,0,96,1588.2
212695,P10,Occidente,2025-12-25,2025,2025-12,0,96,1588.2
212695,P10,Occidente,2025-12-26,2025,2025-12,0,96,1588.2
212695,P10,Occidente,2025-12-27,2025,2025-12,0,96,1588.2
212695,P10,Occidente,2025-12-28,2025,2025-12,0,95,1588.2
212695,P10,Occidente,2025-12-29,2025,2025-12,0,96,1588.2
212695,P10,Occidente,2025-12-30,2025,2025-12,0,96,1588.2
212695,P10,Occidente,2025-12-31,2025,2025-12,0,96,1588.2
212695,P10,Occidente,2026-01-01,2026,2026-01,0,96,0
212695,P10,Occidente,2026-01-02,2026,2026-01,0,96,0
212695,P10,Occidente,2026-01-03,2026,2026-01,0,96,0
212695,P10,Occidente,2026-01-04,2026,2026-01,0,96,0
212695,P10,Occidente,2026-01-05,2026,2026-01,0,96,0
212695,P10,Occidente,2026-01-06,2026,2026-01,0,95,0
212695,P10,Occidente,2026-01-07,2026,2026-01,0,96,0
212695,P10,Occidente,2026-01-08,2026,2026-01,0,96,0
212695,P10,Occidente,2026-01-09,2026,2026-01,0,96,0
212695,P10,Occidente,2026-01-10,2026,2026-01,0,96,0
212695,P10,Occidente,2026-01-11,2026,2026-01,0,96,0
212695,P10,Occidente,2026-01-12,2026,2026-01,0,96,0
212695,P10,Occidente,2026-01-13,2026,2026-01,0,96,0
212695,P10,Occidente,2026-01-14,2026,2026-01,0.4,96,0.4
212695,P10,Occidente,2026-01-15,2026,2026-01,0,96,0.4
212695,P10,Occidente,2026-01-16,2026,2026-01,0,96,0.4
212695,P10,Occidente,2026-01-17,2026,2026-01,0,96,0.4
212695,P10,Occidente,2026-01-18,2026,2026-01,0,96,0.4
212695,P10,Occidente,2026-01-19,2026,2026-01,0,95,0.4
212695,P10,Occidente,2026-01-20,2026,2026-01,0,95,0.4
212695,P10,Occidente,2026-01-21,2026,2026-01,0,96,0.4
212695,P10,Occidente,2026-01-22,2026,2026-01,0,96,0.4
212695,P10,Occidente,2026-01-23,2026,2026-01,0,96,0.4
212695,P10,Occidente,2026-01-24,2026,2026-01,0,96,0.4
212695,P10,Occidente,2026-01-25,2026,2026-01,0,96,0.4
212695,P10,Occidente,2026-01-26,2026,2026-01,0,96,0.4
212695,P10,Occidente,2026-01-27,2026,2026-01,0.6,96,1
212695,P10,Occidente,2026-01-28,2026,2026-01,0.6,96,1.6
212695,P10,Occidente,2026-01-29,2026,2026-01,0,96,1.6
212695,P10,Occidente,2026-01-30,2026,2026-01,1.4,96,3
212695,P10,Occidente,2026-01-31,2026,2026-01,4,96,7
212695,P10,Occidente,2026-02-01,2026,2026-02,0,96,7
212695,P10,Occidente,2026-02-02,2026,2026-02,0,96,7
212695,P10,Occidente,2026-02-03,2026,2026-02,0,93,7
212695,P10,Occidente,2026-02-04,2026,2026-02,0,96,7
212695,P10,Occidente,2026-02-05,2026,2026-02,0,96,7
212695,P10,Occidente,2026-02-06,2026,2026-02,0,95,7
212695,P10,Occidente,2026-02-07,2026,2026-02,0,96,7
212695,P10,Occidente,2026-02-08,2026,2026-02,0,96,7
212695,P10,Occidente,2026-02-09,2026,2026-02,0,96,7
212695,P10,Occidente,2026-02-10,2026,2026-02,0,95,7
212695,P10,Occidente,2026-02-11,2026,2026-02,0,96,7
212695,P10,Occidente,2026-02-12,2026,2026-02,0,96,7
212695,P10,Occidente,2026-02-13,2026,2026-02,0,96,7
212695,P10,Occidente,2026-02-14,2026,2026-02,0,96,7
212695,P10,Occidente,2026-02-15,2026,2026-02,0,96,7
212695,P10,Occidente,2026-02-16,2026,2026-02,0,96,7
212695,P10,Occidente,2026-02-17,2026,2026-02,0,96,7
212695,P10,Occidente,2026-02-18,2026,2026-02,0,96,7
212695,P10,Occidente,2026-02-19,2026,2026-02,0,96,7
212695,P10,Occidente,2026-02-20,2026,2026-02,0,94,7
212695,P10,Occidente,2026-02-21,2026,2026-02,0,96,7
212695,P10,Occidente,2026-02-22,2026,2026-02,0,94,7
212695,P10,Occidente,2026-02-23,2026,2026-02,0,95,7
212695,P10,Occidente,2026-02-24,2026,2026-02,0,96,7
212695,P10,Occidente,2026-02-25,2026,2026-02,0,96,7
212695,P10,Occidente,2026-02-26,2026,2026-02,0,96,7
212695,P10,Occidente,2026-02-27,2026,2026-02,0,95,7
212695,P10,Occidente,2026-02-28,2026,2026-02,0,96,7
212695,P10,Occidente,2026-03-01,2026,2026-03,0,96,7
212695,P10,Occidente,2026-03-02,2026,2026-03,0,96,7
212695,P10,Occidente,2026-03-03,2026,2026-03,0,96,7
212695,P10,Occidente,2026-03-04,2026,2026-03,0,96,7
212695,P10,Occidente,2026-03-05,2026,2026-03,0,96,7
212695,P10,Occidente,2026-03-06,2026,2026-03,0,96,7
212695,P10,Occidente,2026-03-07,2026,2026-03,0,95,7
212695,P10,Occidente,2026-03-08,2026,2026-03,0,87,7
212695,P10,Occidente,2026-03-09,2026,2026-03,0,95,7
212695,P10,Occidente,2026-03-10,2026,2026-03,0,95,7
212695,P10,Occidente,2026-03-11,2026,2026-03,0,96,7
212695,P10,Occidente,2026-03-12,2026,2026-03,0,96,7
212695,P10,Occidente,2026-03-13,2026,2026-03,6.6,96,13.6
212695,P10,Occidente,2026-03-14,2026,2026-03,0,96,13.6
212695,P10,Occidente,2026-03-15,2026,2026-03,0,96,13.6
212695,P10,Occidente,2026-03-16,2026,2026-03,0,92,13.6
212695,P10,Occidente,2026-03-17,2026,2026-03,3,89,16.6
212695,P10,Occidente,2026-03-18,2026,2026-03,0,96,16.6
212695,P10,Occidente,2026-03-19,2026,2026-03,0,96,16.6
212695,P10,Occidente,2026-03-20,2026,2026-03,1,96,17.6
212695,P10,Occidente,2026-03-21,2026,2026-03,0,96,17.6
212695,P10,Occidente,2026-03-22,2026,2026-03,0,96,17.6
212695,P10,Occidente,2026-03-23,2026,2026-03,0,94,17.6
212695,P10,Occidente,2026-03-24,2026,2026-03,0,96,17.6
212695,P10,Occidente,2026-03-25,2026,2026-03,0,95,17.6
212695,P10,Occidente,2026-03-26,2026,2026-03,0,90,17.6
212695,P10,Occidente,2026-03-27,2026,2026-03,0,96,17.6
212695,P10,Occidente,2026-03-28,2026,2026-03,0,96,17.6
212695,P10,Occidente,2026-03-29,2026,2026-03,0.6,96,18.2
212695,P10,Occidente,2026-03-30,2026,2026-03,0.2,96,18.4
212695,P10,Occidente,2026-03-31,2026,2026-03,1.4,96,19.8
212695,P10,Occidente,2026-04-01,2026,2026-04,0,96,19.8
212695,P10,Occidente,2026-04-02,2026,2026-04,18.4,96,38.2
212695,P10,Occidente,2026-04-03,2026,2026-04,1.2,96,39.4
212695,P10,Occidente,2026-04-04,2026,2026-04,3.6,96,43
212695,P10,Occidente,2026-04-05,2026,2026-04,0,96,43
212695,P10,Occidente,2026-04-06,2026,2026-04,0.2,96,43.2
212695,P10,Occidente,2026-04-07,2026,2026-04,43.6,96,86.8
212695,P10,Occidente,2026-04-08,2026,2026-04,0,96,86.8
212695,P10,Occidente,2026-04-09,2026,2026-04,0,96,86.8
212695,P10,Occidente,2026-04-10,2026,2026-04,0,96,86.8
212695,P10,Occidente,2026-04-11,2026,2026-04,0,96,86.8
212695,P10,Occidente,2026-04-12,2026,2026-04,0,96,86.8
212695,P10,Occidente,2026-04-13,2026,2026-04,0,96,86.8
212695,P10,Occidente,2026-04-14,2026,2026-04,0,96,86.8
212695,P10,Occidente,2026-04-15,2026,2026-04,0.8,96,87.6
212695,P10,Occidente,2026-04-16,2026,2026-04,39.2,96,126.8
212695,P10,Occidente,2026-04-17,2026,2026-04,5.2,96,132
212695,P10,Occidente,2026-04-18,2026,2026-04,1.8,96,133.8
212695,P10,Occidente,2026-04-19,2026,2026-04,0,92,133.8
212695,P10,Occidente,2026-04-20,2026,2026-04,0,95,133.8
212695,P10,Occidente,2026-04-21,2026,2026-04,0,93,133.8
212695,P10,Occidente,2026-04-22,2026,2026-04,0,96,133.8
212695,P10,Occidente,2026-04-23,2026,2026-04,0,95,133.8
212695,P10,Occidente,2026-04-24,2026,2026-04,0,96,133.8
212695,P10,Occidente,2026-04-25,2026,2026-04,0.4,96,134.2
212695,P10,Occidente,2026-04-26,2026,2026-04,7,76,141.2
212695,P10,Occidente,2026-04-27,2026,2026-04,6.6,93,147.8
212695,P10,Occidente,2026-04-28,2026,2026-04,2.4,95,150.2
212695,P10,Occidente,2026-04-29,2026,2026-04,0,78,150.2
212695,P10,Occidente,2026-04-30,2026,2026-04,0,88,150.2
212695,P10,Occidente,2026-05-01,2026,2026-05,0,96,150.2
212695,P10,Occidente,2026-05-02,2026,2026-05,3.2,96,153.4
212695,P10,Occidente,2026-05-03,2026,2026-05,0,83,153.4
212695,P10,Occidente,2026-05-04,2026,2026-05,0,90,153.4
212695,P10,Occidente,2026-05-05,2026,2026-05,0,87,153.4
212695,P10,Occidente,2026-05-06,2026,2026-05,0,77,153.4
212695,P10,Occidente,2026-05-07,2026,2026-05,0,95,153.4
212695,P10,Occidente,2026-05-08,2026,2026-05,0,92,153.4
212695,P10,Occidente,2026-05-09,2026,2026-05,0,96,153.4
212695,P10,Occidente,2026-05-10,2026,2026-05,0,75,153.4
212695,P10,Occidente,2026-05-11,2026,2026-05,0,96,153.4
212695,P10,Occidente,2026-05-12,2026,2026-05,2.6,94,156
212695,P10,Occidente,2026-05-13,2026,2026-05,8.4,95,164.4
212695,P10,Occidente,2026-05-14,2026,2026-05,0.4,96,164.8
212695,P10,Occidente,2026-05-15,2026,2026-05,0,95,164.8
212695,P10,Occidente,2026-05-16,2026,2026-05,6.4,96,171.2
212695,P10,Occidente,2026-05-17,2026,2026-05,61.4,61,232.6
212695,P10,Occidente,2026-05-18,2026,2026-05,0,96,232.6
212695,P10,Occidente,2026-05-19,2026,2026-05,0,96,232.6
212695,P10,Occidente,2026-05-20,2026,2026-05,0,94,232.6
212695,P10,Occidente,2026-05-21,2026,2026-05,5.8,96,238.4
212695,P10,Occidente,2026-05-22,2026,2026-05,0,95,238.4
212695,P10,Occidente,2026-05-23,2026,2026-05,1.4,86,239.8
212695,P10,Occidente,2026-05-24,2026,2026-05,0.2,96,240
212695,P10,Occidente,2026-05-25,2026,2026-05,6.4,95,246.4
212695,P10,Occidente,2026-05-26,2026,2026-05,1,93,247.4
212695,P10,Occidente,2026-05-27,2026,2026-05,12.6,96,260
212695,P10,Occidente,2026-05-28,2026,2026-05,3,96,263
212695,P10,Occidente,2026-05-29,2026,2026-05,8.2,96,271.2
212695,P10,Occidente,2026-05-30,2026,2026-05,0,96,271.2
212695,P10,Occidente,2026-05-31,2026,2026-05,51.8,65,323
212695,P10,Occidente,2026-06-01,2026,2026-06,0,94,323
212695,P10,Occidente,2026-06-02,2026,2026-06,31.4,95,354.4
212695,P10,Occidente,2026-06-03,2026,2026-06,61.4,85,415.8
212695,P10,Occidente,2026-06-04,2026,2026-06,34.8,48,450.6
212695,P10,Occidente,2026-06-05,2026,2026-06,45.2,79,495.8
212695,P10,Occidente,2026-06-06,2026,2026-06,0.4,63,496.2
212695,P10,Occidente,2026-06-07,2026,2026-06,6.2,84,502.4
212695,P10,Occidente,2026-06-08,2026,2026-06,1.4,72,503.8
212695,P10,Occidente,2026-06-09,2026,2026-06,0,87,503.8
212695,P10,Occidente,2026-06-10,2026,2026-06,0,69,503.8
212695,P10,Occidente,2026-06-11,2026,2026-06,0.4,40,504.2
212695,P10,Occidente,2026-06-12,2026,2026-06,0,74,504.2
212695,P10,Occidente,2026-06-13,2026,2026-06,0,94,504.2
212695,P10,Occidente,2026-06-14,2026,2026-06,0,85,504.2
212695,P10,Occidente,2026-06-15,2026,2026-06,0.6,95,504.8
212695,P10,Occidente,2026-06-16,2026,2026-06,1.2,95,506
212695,P10,Occidente,2026-06-17,2026,2026-06,0,84,506
212695,P10,Occidente,2026-06-18,2026,2026-06,29.2,87,535.2
212695,P10,Occidente,2026-06-19,2026,2026-06,17,94,552.2
212695,P10,Occidente,2026-06-20,2026,2026-06,0.2,37,552.4
212695,P10,Occidente,2026-06-21,2026,2026-06,0,31,552.4
212695,P10,Occidente,2026-06-22,2026,2026-06,1,81,553.4
212695,P10,Occidente,2026-06-23,2026,2026-06,0,91,553.4
212695,P10,Occidente,2026-06-24,2026,2026-06,10.2,95,563.6
212695,P10,Occidente,2026-06-25,2026,2026-06,22,93,585.6
212695,P10,Occidente,2026-06-26,2026,2026-06,0,96,585.6
212695,P10,Occidente,2026-06-27,2026,2026-06,0,96,585.6
212695,P10,Occidente,2026-06-28,2026,2026-06,3.2,79,588.8
212695,P10,Occidente,2026-06-29,2026,2026-06,1.2,80,590
212695,P10,Occidente,2026-06-30,2026,2026-06,0.8,96,590.8
212695,P10,Occidente,2026-07-01,2026,2026-07,23.8,95,614.6
212695,P10,Occidente,2026-07-02,2026,2026-07,11.4,92,626
212695,P10,Occidente,2026-07-03,2026,2026-07,57.6,95,683.6
212695,P10,Occidente,2026-07-04,2026,2026-07,0,92,683.6
212695,P10,Occidente,2026-07-05,2026,2026-07,0,76,683.6
212695,P10,Occidente,2026-07-06,2026,2026-07,0.8,95,684.4
212695,P10,Occidente,2026-07-07,2026,2026-07,1.8,94,686.2
212695,P10,Occidente,2026-07-08,2026,2026-07,17.4,79,703.6
212695,P10,Occidente,2026-07-09,2026,2026-07,16.2,92,719.8
212695,P10,Occidente,2026-07-10,2026,2026-07,3.6,95,723.4
212695,P10,Occidente,2026-07-11,2026,2026-07,0,94,723.4
212695,P10,Occidente,2026-07-12,2026,2026-07,0,52,723.4
212695,P10,Occidente,2026-07-13,2026,2026-07,7.2,77,730.6
212695,P10,Occidente,2026-07-14,2026,2026-07,0,96,730.6
212695,P10,Occidente,2026-07-15,2026,2026-07,0,96,730.6
212695,P10,Occidente,2026-07-16,2026,2026-07,2,86,732.6
212695,P10,Occidente,2026-07-17,2026,2026-07,0,87,732.6
212695,P10,Occidente,2026-07-18,2026,2026-07,30.4,96,763
212695,P10,Occidente,2026-07-19,2026,2026-07,23.4,79,786.4
212695,P10,Occidente,2026-07-20,2026,2026-07,18.4,94,804.8
212695,P10,Occidente,2026-07-21,2026,2026-07,0,93,804.8
212695,P10,Occidente,2026-07-22,2026,2026-07,0,96,804.8
212695,P10,Occidente,2026-07-23,2026,2026-07,26.4,90,831.2
212695,P10,Occidente,2026-07-24,2026,2026-07,0,82,831.2
212695,P10,Occidente,2026-07-25,2026,2026-07,0,73,831.2
212695,P10,Occidente,2026-07-26,2026,2026-07,0,67,831.2
212695,P10,Occidente,2026-07-27,2026,2026-07,30.4,89,861.6
212695,P10,Occidente,2026-07-28,2026,2026-07,0,96,861.6
212695,P10,Occidente,2026-07-29,2026,2026-07,26,96,887.6
212695,P10,Occidente,2026-07-30,2026,2026-07,0.6,78,888.2
212695,P10,Occidente,2026-07-31,2026,2026-07,0,4,888.2
212695,P10,Occidente,2026-08-01,2026,2026-08,0,48,888.2
212695,P10,Occidente,2026-08-02,2026,2026-08,0,86,888.2
212723,,,2025-05-16,2025,2025-05,0,21,0
212723,,,2025-05-17,2025,2025-05,27.6,96,27.6
212723,,,2025-05-18,2025,2025-05,14.6,96,42.2
212723,,,2025-05-19,2025,2025-05,31,96,73.2
212723,,,2025-05-20,2025,2025-05,18.6,96,91.8
212723,,,2025-05-21,2025,2025-05,27.4,96,119.2
212723,,,2025-05-22,2025,2025-05,19.4,96,138.6
212723,,,2025-05-23,2025,2025-05,6.4,96,145
212723,,,2025-05-24,2025,2025-05,8.4,96,153.4
212723,,,2025-05-25,2025,2025-05,0,96,153.4
212723,,,2025-05-26,2025,2025-05,22.6,96,176
212723,,,2025-05-27,2025,2025-05,27,96,203
212723,,,2025-05-28,2025,2025-05,0,96,203
212723,,,2025-05-29,2025,2025-05,0,96,203
212723,,,2025-05-30,2025,2025-05,9,96,212
212723,,,2025-05-31,2025,2025-05,4.6,96,216.6
212723,,,2025-06-01,2025,2025-06,22,96,238.6
212723,,,2025-06-02,2025,2025-06,22.6,96,261.2
212723,,,2025-06-03,2025,2025-06,0.2,96,261.4
212723,,,2025-06-04,2025,2025-06,6.4,96,267.8
212723,,,2025-06-05,2025,2025-06,1,96,268.8
212723,,,2025-06-06,2025,2025-06,10.4,96,279.2
212723,,,2025-06-07,2025,2025-06,12.8,96,292
212723,,,2025-06-08,2025,2025-06,0,96,292
212723,,,2025-06-09,2025,2025-06,28.2,96,320.2
212723,,,2025-06-10,2025,2025-06,0,96,320.2
212723,,,2025-06-11,2025,2025-06,55.4,96,375.6
212723,,,2025-06-12,2025,2025-06,40.8,96,416.4
212723,,,2025-06-13,2025,2025-06,0.6,96,417
212723,,,2025-06-14,2025,2025-06,13.6,96,430.6
212723,,,2025-06-15,2025,2025-06,0,96,430.6
212723,,,2025-06-16,2025,2025-06,0,96,430.6
212723,,,2025-06-17,2025,2025-06,4,96,434.6
212723,,,2025-06-18,2025,2025-06,6.6,96,441.2
212723,,,2025-06-19,2025,2025-06,7.6,96,448.8
212723,,,2025-06-20,2025,2025-06,8,96,456.8
212723,,,2025-06-21,2025,2025-06,44.4,96,501.2
212723,,,2025-06-22,2025,2025-06,7.2,96,508.4
212723,,,2025-06-23,2025,2025-06,0,96,508.4
212723,,,2025-06-24,2025,2025-06,10.4,96,518.8
212723,,,2025-06-25,2025,2025-06,6,96,524.8
212723,,,2025-06-26,2025,2025-06,3.8,96,528.6
212723,,,2025-06-27,2025,2025-06,0,96,528.6
212723,,,2025-06-28,2025,2025-06,0,96,528.6
212723,,,2025-06-29,2025,2025-06,5.4,96,534
212723,,,2025-06-30,2025,2025-06,1.2,96,535.2
212723,,,2025-07-01,2025,2025-07,2.2,96,537.4
212723,,,2025-07-02,2025,2025-07,31.6,96,569
212723,,,2025-07-03,2025,2025-07,18.2,96,587.2
212723,,,2025-07-04,2025,2025-07,2,96,589.2
212723,,,2025-07-05,2025,2025-07,0.4,96,589.6
212723,,,2025-07-06,2025,2025-07,0,96,589.6
212723,,,2025-07-07,2025,2025-07,2.2,96,591.8
212723,,,2025-07-08,2025,2025-07,3.6,96,595.4
212723,,,2025-07-09,2025,2025-07,102.8,96,698.2
212723,,,2025-07-10,2025,2025-07,0,96,698.2
212723,,,2025-07-11,2025,2025-07,2.2,96,700.4
212723,,,2025-07-12,2025,2025-07,4.6,96,705
212723,,,2025-07-13,2025,2025-07,0,96,705
212723,,,2025-07-14,2025,2025-07,0,96,705
212723,,,2025-07-15,2025,2025-07,33.8,96,738.8
212723,,,2025-07-16,2025,2025-07,0,96,738.8
212723,,,2025-07-17,2025,2025-07,0,96,738.8
212723,,,2025-07-18,2025,2025-07,51,96,789.8
212723,,,2025-07-19,2025,2025-07,42,96,831.8
212723,,,2025-07-20,2025,2025-07,0,96,831.8
212723,,,2025-07-21,2025,2025-07,6.2,96,838
212723,,,2025-07-22,2025,2025-07,1,96,839
212723,,,2025-07-23,2025,2025-07,28.6,96,867.6
212723,,,2025-07-24,2025,2025-07,10,96,877.6
212723,,,2025-07-25,2025,2025-07,0,72,877.6
212723,,,2025-07-29,2025,2025-07,0,24,877.6
212723,,,2025-07-30,2025,2025-07,9.2,95,886.8
212723,,,2025-07-31,2025,2025-07,19.6,89,906.4
212723,,,2025-08-01,2025,2025-08,4.8,96,911.2
212723,,,2025-08-02,2025,2025-08,1.6,78,912.8
212723,,,2025-08-03,2025,2025-08,7.6,96,920.4
212723,,,2025-08-04,2025,2025-08,0.2,96,920.6
212723,,,2025-08-05,2025,2025-08,5.8,95,926.4
212723,,,2025-08-06,2025,2025-08,20.2,96,946.6
212723,,,2025-08-07,2025,2025-08,0,95,946.6
212723,,,2025-08-08,2025,2025-08,0,96,946.6
212723,,,2025-08-09,2025,2025-08,6,31,952.6
212723,,,2025-08-10,2025,2025-08,11.8,93,964.4
212723,,,2025-08-11,2025,2025-08,0,96,964.4
212723,,,2025-08-12,2025,2025-08,0,96,964.4
212723,,,2025-08-13,2025,2025-08,0,83,964.4
212723,,,2025-08-14,2025,2025-08,0,78,964.4
212723,,,2025-08-15,2025,2025-08,0,75,964.4
212723,,,2025-08-16,2025,2025-08,0,50,964.4
212723,,,2025-08-17,2025,2025-08,2.2,96,966.6
212723,,,2025-08-18,2025,2025-08,0.2,95,966.8
212723,,,2025-08-19,2025,2025-08,1.2,95,968
212723,,,2025-08-20,2025,2025-08,0.6,93,968.6
212723,,,2025-08-21,2025,2025-08,0,76,968.6
212723,,,2025-08-22,2025,2025-08,4.2,96,972.8
212723,,,2025-08-23,2025,2025-08,0,59,972.8
212723,,,2025-08-24,2025,2025-08,0,96,972.8
212723,,,2025-08-25,2025,2025-08,7.8,96,980.6
212723,,,2025-08-26,2025,2025-08,12.2,95,992.8
212723,,,2025-08-27,2025,2025-08,25.4,96,1018.2
212723,,,2025-08-28,2025,2025-08,0.2,95,1018.4
212723,,,2025-08-29,2025,2025-08,0,96,1018.4
212723,,,2025-08-30,2025,2025-08,7.4,96,1025.8
212723,,,2025-08-31,2025,2025-08,1.4,96,1027.2
212723,,,2025-09-01,2025,2025-09,0,83,1027.2
212723,,,2025-09-02,2025,2025-09,1.2,96,1028.4
212723,,,2025-09-03,2025,2025-09,2.2,96,1030.6
212723,,,2025-09-04,2025,2025-09,4.6,96,1035.2
212723,,,2025-09-05,2025,2025-09,21.4,94,1056.6
212723,,,2025-09-06,2025,2025-09,3.6,86,1060.2
212723,,,2025-09-07,2025,2025-09,0,96,1060.2
212723,,,2025-09-08,2025,2025-09,5.2,96,1065.4
212723,,,2025-09-09,2025,2025-09,0,46,1065.4
212723,,,2025-09-10,2025,2025-09,0,96,1065.4
212723,,,2025-09-11,2025,2025-09,15.8,96,1081.2
212723,,,2025-09-12,2025,2025-09,0,86,1081.2
212723,,,2025-09-13,2025,2025-09,0,96,1081.2
212723,,,2025-09-14,2025,2025-09,12.6,96,1093.8
212723,,,2025-09-15,2025,2025-09,0.2,96,1094
212723,,,2025-09-16,2025,2025-09,0,96,1094
212723,,,2025-09-17,2025,2025-09,1,80,1095
212723,,,2025-09-18,2025,2025-09,0,96,1095
212723,,,2025-09-19,2025,2025-09,0,95,1095
212723,,,2025-09-20,2025,2025-09,0.8,78,1095.8
212723,,,2025-09-21,2025,2025-09,0,96,1095.8
212723,,,2025-09-22,2025,2025-09,0,96,1095.8
212723,,,2025-09-23,2025,2025-09,0,96,1095.8
212723,,,2025-09-24,2025,2025-09,0,86,1095.8
212723,,,2025-09-25,2025,2025-09,0.2,96,1096
212723,,,2025-09-26,2025,2025-09,0,73,1096
212723,,,2025-09-27,2025,2025-09,1.4,92,1097.4
212723,,,2025-09-28,2025,2025-09,0,80,1097.4
212723,,,2025-10-04,2025,2025-10,0,40,1097.4
212723,,,2025-10-05,2025,2025-10,0,87,1097.4
212723,,,2025-10-06,2025,2025-10,0,95,1097.4
212723,,,2025-10-07,2025,2025-10,0,93,1097.4
212723,,,2025-10-08,2025,2025-10,0,89,1097.4
212723,,,2025-10-09,2025,2025-10,3.6,85,1101
212723,,,2025-10-10,2025,2025-10,0,84,1101
212723,,,2025-10-11,2025,2025-10,0,95,1101
212723,,,2025-10-12,2025,2025-10,0,96,1101
212723,,,2025-10-13,2025,2025-10,0,96,1101
212723,,,2025-10-14,2025,2025-10,0,96,1101
212723,,,2025-10-15,2025,2025-10,13.6,96,1114.6
212723,,,2025-10-16,2025,2025-10,0,96,1114.6
212723,,,2025-10-17,2025,2025-10,13,96,1127.6
212723,,,2025-10-18,2025,2025-10,17.2,96,1144.8
212723,,,2025-10-19,2025,2025-10,0.4,96,1145.2
212723,,,2025-10-20,2025,2025-10,9.8,96,1155
212723,,,2025-10-21,2025,2025-10,0.2,96,1155.2
212723,,,2025-10-22,2025,2025-10,0.6,96,1155.8
212723,,,2025-10-23,2025,2025-10,28.8,96,1184.6
212723,,,2025-10-24,2025,2025-10,0.2,96,1184.8
212723,,,2025-10-25,2025,2025-10,0.2,96,1185
212723,,,2025-10-26,2025,2025-10,0,96,1185
212723,,,2025-10-27,2025,2025-10,0,96,1185
212723,,,2025-10-28,2025,2025-10,0,96,1185
212723,,,2025-10-29,2025,2025-10,0,96,1185
212723,,,2025-10-30,2025,2025-10,33,96,1218
212723,,,2025-10-31,2025,2025-10,33.4,96,1251.4
212723,,,2025-11-01,2025,2025-11,8.2,96,1259.6
212723,,,2025-11-02,2025,2025-11,0,96,1259.6
212723,,,2025-11-03,2025,2025-11,0,96,1259.6
212723,,,2025-11-04,2025,2025-11,0,96,1259.6
212723,,,2025-11-05,2025,2025-11,0,96,1259.6
212723,,,2025-11-06,2025,2025-11,0,96,1259.6
212723,,,2025-11-07,2025,2025-11,0,96,1259.6
212723,,,2025-11-08,2025,2025-11,0,96,1259.6
212723,,,2025-11-09,2025,2025-11,2.6,96,1262.2
212723,,,2025-11-10,2025,2025-11,3.2,96,1265.4
212723,,,2025-11-11,2025,2025-11,0.8,96,1266.2
212723,,,2025-11-12,2025,2025-11,0,96,1266.2
212723,,,2025-11-13,2025,2025-11,1,96,1267.2
212723,,,2025-11-14,2025,2025-11,0,96,1267.2
212723,,,2025-11-15,2025,2025-11,0,96,1267.2
212723,,,2025-11-16,2025,2025-11,0,96,1267.2
212723,,,2025-11-17,2025,2025-11,1.4,96,1268.6
212723,,,2025-11-18,2025,2025-11,0,96,1268.6
212723,,,2025-11-19,2025,2025-11,0,96,1268.6
212723,,,2025-11-20,2025,2025-11,2.8,96,1271.4
212723,,,2025-11-21,2025,2025-11,0.8,96,1272.2
212723,,,2025-11-22,2025,2025-11,0,96,1272.2
212723,,,2025-11-23,2025,2025-11,0,96,1272.2
212723,,,2025-11-24,2025,2025-11,0,96,1272.2
212723,,,2025-11-25,2025,2025-11,0,96,1272.2
212723,,,2025-11-26,2025,2025-11,0,96,1272.2
212723,,,2025-11-27,2025,2025-11,0,96,1272.2
212723,,,2025-11-28,2025,2025-11,0,96,1272.2
212723,,,2025-11-29,2025,2025-11,0.4,96,1272.6
212723,,,2025-11-30,2025,2025-11,0,96,1272.6
212723,,,2025-12-01,2025,2025-12,0.2,96,1272.8
212723,,,2025-12-02,2025,2025-12,0,96,1272.8
212723,,,2025-12-03,2025,2025-12,0,96,1272.8
212723,,,2025-12-04,2025,2025-12,0,96,1272.8
212723,,,2025-12-05,2025,2025-12,0,96,1272.8
212723,,,2025-12-06,2025,2025-12,7.2,96,1280
212723,,,2025-12-07,2025,2025-12,0.8,96,1280.8
212723,,,2025-12-08,2025,2025-12,0.2,96,1281
212723,,,2025-12-09,2025,2025-12,0,96,1281
212723,,,2025-12-10,2025,2025-12,0,96,1281
212723,,,2025-12-11,2025,2025-12,0,96,1281
212723,,,2025-12-12,2025,2025-12,0,96,1281
212723,,,2025-12-13,2025,2025-12,0,96,1281
212723,,,2025-12-14,2025,2025-12,0,96,1281
212723,,,2025-12-15,2025,2025-12,0,96,1281
212723,,,2025-12-16,2025,2025-12,0,96,1281
212723,,,2025-12-17,2025,2025-12,0,96,1281
212723,,,2025-12-18,2025,2025-12,0,96,1281
212723,,,2025-12-19,2025,2025-12,0,96,1281
212723,,,2025-12-20,2025,2025-12,0,96,1281
212723,,,2025-12-21,2025,2025-12,0.2,96,1281.2
212723,,,2025-12-22,2025,2025-12,0.6,96,1281.8
212723,,,2025-12-23,2025,2025-12,0,96,1281.8
212723,,,2025-12-24,2025,2025-12,0,96,1281.8
212723,,,2025-12-25,2025,2025-12,0,96,1281.8
212723,,,2025-12-26,2025,2025-12,0,96,1281.8
212723,,,2025-12-27,2025,2025-12,0,96,1281.8
212723,,,2025-12-28,2025,2025-12,0,96,1281.8
212723,,,2025-12-29,2025,2025-12,0,96,1281.8
212723,,,2025-12-30,2025,2025-12,0,96,1281.8
212723,,,2025-12-31,2025,2025-12,0,96,1281.8
212723,,,2026-01-01,2026,2026-01,0,96,0
212723,,,2026-01-02,2026,2026-01,0,96,0
212723,,,2026-01-03,2026,2026-01,0,96,0
212723,,,2026-01-04,2026,2026-01,0,96,0
212723,,,2026-01-05,2026,2026-01,0,96,0
212723,,,2026-01-06,2026,2026-01,0,96,0
212723,,,2026-01-07,2026,2026-01,0,94,0
212723,,,2026-01-08,2026,2026-01,0,83,0
212723,,,2026-01-09,2026,2026-01,0,96,0
212723,,,2026-01-10,2026,2026-01,0,96,0
212723,,,2026-01-11,2026,2026-01,0,96,0
212723,,,2026-01-12,2026,2026-01,0,96,0
212723,,,2026-01-13,2026,2026-01,0,96,0
212723,,,2026-01-14,2026,2026-01,0,96,0
212723,,,2026-01-15,2026,2026-01,0,96,0
212723,,,2026-01-16,2026,2026-01,0,90,0
212723,,,2026-01-17,2026,2026-01,0,93,0
212723,,,2026-01-18,2026,2026-01,0,96,0
212723,,,2026-01-19,2026,2026-01,0,96,0
212723,,,2026-01-20,2026,2026-01,0,96,0
212723,,,2026-01-21,2026,2026-01,0,76,0
212723,,,2026-01-22,2026,2026-01,0,96,0
212723,,,2026-01-23,2026,2026-01,0,96,0
212723,,,2026-01-24,2026,2026-01,0,94,0
212723,,,2026-01-25,2026,2026-01,0,76,0
212723,,,2026-01-26,2026,2026-01,0,77,0
212723,,,2026-01-27,2026,2026-01,0,80,0
212723,,,2026-01-28,2026,2026-01,0,96,0
212723,,,2026-01-29,2026,2026-01,0,96,0
212723,,,2026-01-30,2026,2026-01,0,96,0
212723,,,2026-01-31,2026,2026-01,4.6,93,4.6
212723,,,2026-02-01,2026,2026-02,0.4,96,5
212723,,,2026-02-02,2026,2026-02,0,96,5
212723,,,2026-02-03,2026,2026-02,0,96,5
212723,,,2026-02-04,2026,2026-02,0,90,5
212723,,,2026-02-05,2026,2026-02,0,90,5
212723,,,2026-02-06,2026,2026-02,0,87,5
212723,,,2026-02-07,2026,2026-02,0,93,5
212723,,,2026-02-08,2026,2026-02,0,95,5
212723,,,2026-02-09,2026,2026-02,0,78,5
212723,,,2026-02-10,2026,2026-02,0,96,5
212723,,,2026-02-11,2026,2026-02,0,79,5
212723,,,2026-02-12,2026,2026-02,0,96,5
212723,,,2026-02-13,2026,2026-02,0,90,5
212723,,,2026-02-14,2026,2026-02,0,96,5
212723,,,2026-02-15,2026,2026-02,0,96,5
212723,,,2026-02-16,2026,2026-02,0,94,5
212723,,,2026-02-17,2026,2026-02,0,89,5
212723,,,2026-02-18,2026,2026-02,0,96,5
212723,,,2026-02-19,2026,2026-02,0,96,5
212723,,,2026-02-20,2026,2026-02,0,92,5
212723,,,2026-02-21,2026,2026-02,0,96,5
212723,,,2026-02-22,2026,2026-02,0,92,5
212723,,,2026-02-23,2026,2026-02,0,96,5
212723,,,2026-02-24,2026,2026-02,0,92,5
212723,,,2026-02-25,2026,2026-02,0,96,5
212723,,,2026-02-26,2026,2026-02,0,95,5
212723,,,2026-02-27,2026,2026-02,0,82,5
212723,,,2026-02-28,2026,2026-02,0,96,5
212723,,,2026-03-01,2026,2026-03,0,96,5
212723,,,2026-03-02,2026,2026-03,0,96,5
212723,,,2026-03-03,2026,2026-03,0,93,5
212723,,,2026-03-04,2026,2026-03,0,85,5
212723,,,2026-03-05,2026,2026-03,0,79,5
212723,,,2026-03-06,2026,2026-03,0,96,5
212723,,,2026-03-07,2026,2026-03,0,89,5
212723,,,2026-03-08,2026,2026-03,0,78,5
212723,,,2026-03-09,2026,2026-03,0,96,5
212723,,,2026-03-10,2026,2026-03,0,96,5
212723,,,2026-03-11,2026,2026-03,0,85,5
212723,,,2026-03-12,2026,2026-03,0,96,5
212723,,,2026-03-13,2026,2026-03,12.2,92,17.2
212723,,,2026-03-14,2026,2026-03,2.2,93,19.4
212723,,,2026-03-15,2026,2026-03,0,96,19.4
212723,,,2026-03-16,2026,2026-03,0,84,19.4
212723,,,2026-03-17,2026,2026-03,0,87,19.4
212723,,,2026-03-18,2026,2026-03,0,94,19.4
212723,,,2026-03-19,2026,2026-03,0,82,19.4
212723,,,2026-03-20,2026,2026-03,0,96,19.4
212723,,,2026-03-21,2026,2026-03,0,95,19.4
212723,,,2026-03-22,2026,2026-03,0,90,19.4
212723,,,2026-03-23,2026,2026-03,0.4,96,19.8
212723,,,2026-03-24,2026,2026-03,0,96,19.8
212723,,,2026-03-25,2026,2026-03,0,87,19.8
212723,,,2026-03-26,2026,2026-03,0,96,19.8
212723,,,2026-03-27,2026,2026-03,0,80,19.8
212723,,,2026-03-28,2026,2026-03,0,96,19.8
212723,,,2026-03-29,2026,2026-03,0,96,19.8
212723,,,2026-03-30,2026,2026-03,0,93,19.8
212723,,,2026-03-31,2026,2026-03,0,86,19.8
212723,,,2026-04-01,2026,2026-04,0.6,83,20.4
212723,,,2026-04-02,2026,2026-04,0,87,20.4
212723,,,2026-04-03,2026,2026-04,0.4,96,20.8
212723,,,2026-04-04,2026,2026-04,2.6,90,23.4
212723,,,2026-04-05,2026,2026-04,0,96,23.4
212723,,,2026-04-06,2026,2026-04,0.2,96,23.6
212723,,,2026-04-07,2026,2026-04,4.4,34,28
212723,,,2026-04-15,2026,2026-04,0,41,28
212723,,,2026-04-16,2026,2026-04,53.4,96,81.4
212723,,,2026-04-17,2026,2026-04,0.2,96,81.6
212723,,,2026-04-18,2026,2026-04,0,96,81.6
212723,,,2026-04-19,2026,2026-04,0,80,81.6
212723,,,2026-04-20,2026,2026-04,0,95,81.6
212723,,,2026-04-21,2026,2026-04,0,80,81.6
212723,,,2026-04-22,2026,2026-04,0,96,81.6
212723,,,2026-04-23,2026,2026-04,0,95,81.6
212723,,,2026-04-24,2026,2026-04,0,80,81.6
212723,,,2026-04-25,2026,2026-04,0,96,81.6
212723,,,2026-04-26,2026,2026-04,53.6,96,135.2
212723,,,2026-04-27,2026,2026-04,0.8,96,136
212723,,,2026-04-28,2026,2026-04,1.8,80,137.8
212723,,,2026-04-29,2026,2026-04,0,96,137.8
212723,,,2026-04-30,2026,2026-04,0,91,137.8
212723,,,2026-05-01,2026,2026-05,0,92,137.8
212723,,,2026-05-02,2026,2026-05,33,84,170.8
212723,,,2026-05-03,2026,2026-05,0,96,170.8
212723,,,2026-05-04,2026,2026-05,0,81,170.8
212723,,,2026-05-05,2026,2026-05,0,96,170.8
212723,,,2026-05-06,2026,2026-05,0,76,170.8
212723,,,2026-05-07,2026,2026-05,0,76,170.8
212723,,,2026-05-08,2026,2026-05,0,96,170.8
212723,,,2026-05-09,2026,2026-05,0,75,170.8
212723,,,2026-05-10,2026,2026-05,0,96,170.8
212723,,,2026-05-11,2026,2026-05,0,96,170.8
212723,,,2026-05-12,2026,2026-05,3.4,76,174.2
212723,,,2026-05-13,2026,2026-05,1.2,96,175.4
212723,,,2026-05-14,2026,2026-05,0,94,175.4
212723,,,2026-05-15,2026,2026-05,0,78,175.4
212723,,,2026-05-16,2026,2026-05,4.4,78,179.8
212723,,,2026-05-17,2026,2026-05,41.4,94,221.2
212723,,,2026-05-18,2026,2026-05,0,96,221.2
212723,,,2026-05-19,2026,2026-05,0,73,221.2
212723,,,2026-05-20,2026,2026-05,1,96,222.2
212723,,,2026-05-21,2026,2026-05,21.2,76,243.4
212723,,,2026-05-22,2026,2026-05,0,96,243.4
212723,,,2026-05-23,2026,2026-05,2.2,88,245.6
212723,,,2026-05-24,2026,2026-05,0,96,245.6
212723,,,2026-05-25,2026,2026-05,4.6,86,250.2
212723,,,2026-05-26,2026,2026-05,0,96,250.2
212723,,,2026-05-27,2026,2026-05,4.8,84,255
212723,,,2026-05-28,2026,2026-05,4.6,79,259.6
212723,,,2026-05-29,2026,2026-05,0,80,259.6
212723,,,2026-05-30,2026,2026-05,0,91,259.6
212723,,,2026-05-31,2026,2026-05,56,96,315.6
212723,,,2026-06-01,2026,2026-06,0,76,315.6
212723,,,2026-06-02,2026,2026-06,21.4,96,337
212723,,,2026-06-03,2026,2026-06,12.4,77,349.4
212723,,,2026-06-04,2026,2026-06,21.6,96,371
212723,,,2026-06-05,2026,2026-06,35.6,88,406.6
212723,,,2026-06-06,2026,2026-06,0,76,406.6
212723,,,2026-06-07,2026,2026-06,7.6,64,414.2
212723,,,2026-06-08,2026,2026-06,1.6,96,415.8
212723,,,2026-06-09,2026,2026-06,0,78,415.8
212723,,,2026-06-10,2026,2026-06,0,96,415.8
212723,,,2026-06-11,2026,2026-06,12.6,96,428.4
212723,,,2026-06-12,2026,2026-06,8,68,436.4
212723,,,2026-06-13,2026,2026-06,0,96,436.4
212723,,,2026-06-14,2026,2026-06,0,75,436.4
212723,,,2026-06-15,2026,2026-06,1.2,96,437.6
212723,,,2026-06-16,2026,2026-06,1.8,96,439.4
212723,,,2026-06-17,2026,2026-06,0,91,439.4
212723,,,2026-06-18,2026,2026-06,0,96,439.4
212723,,,2026-06-19,2026,2026-06,9.6,83,449
212723,,,2026-06-20,2026,2026-06,0.8,95,449.8
212723,,,2026-06-21,2026,2026-06,0,96,449.8
212723,,,2026-06-22,2026,2026-06,0.8,91,450.6
212723,,,2026-06-23,2026,2026-06,0,80,450.6
212723,,,2026-06-24,2026,2026-06,19.8,67,470.4
212723,,,2026-06-25,2026,2026-06,0,25,470.4
212723,,,2026-06-26,2026,2026-06,0,74,470.4
212723,,,2026-06-27,2026,2026-06,0,96,470.4
212723,,,2026-06-28,2026,2026-06,1.4,36,471.8
212723,,,2026-06-29,2026,2026-06,6.4,39,478.2
212723,,,2026-06-30,2026,2026-06,0,73,478.2
212723,,,2026-07-01,2026,2026-07,15.4,96,493.6
212723,,,2026-07-02,2026,2026-07,6.6,81,500.2
212723,,,2026-07-05,2026,2026-07,0,33,500.2
212723,,,2026-07-06,2026,2026-07,6,96,506.2
212723,,,2026-07-07,2026,2026-07,0.2,77,506.4
212723,,,2026-07-08,2026,2026-07,22,96,528.4
212723,,,2026-07-09,2026,2026-07,4.4,96,532.8
212723,,,2026-07-10,2026,2026-07,0,21,532.8
212723,,,2026-07-14,2026,2026-07,0,3,532.8
212723,,,2026-07-15,2026,2026-07,7.6,96,540.4
212723,,,2026-07-16,2026,2026-07,0,88,540.4
212723,,,2026-07-17,2026,2026-07,0,36,540.4
212723,,,2026-07-18,2026,2026-07,37.4,96,577.8
212723,,,2026-07-19,2026,2026-07,3.4,29,581.2
212723,,,2026-07-22,2026,2026-07,0,24,581.2
212723,,,2026-07-23,2026,2026-07,26.2,56,607.4
212761,,,2025-05-16,2025,2025-05,0,3,0
212761,,,2025-05-17,2025,2025-05,35.6,96,35.6
212761,,,2025-05-18,2025,2025-05,40.8,96,76.4
212761,,,2025-05-19,2025,2025-05,26.2,96,102.6
212761,,,2025-05-20,2025,2025-05,9.8,96,112.4
212761,,,2025-05-21,2025,2025-05,32.6,96,145
212761,,,2025-05-22,2025,2025-05,1.4,96,146.4
212761,,,2025-05-23,2025,2025-05,15.2,96,161.6
212761,,,2025-05-24,2025,2025-05,6.8,96,168.4
212761,,,2025-05-25,2025,2025-05,10.2,96,178.6
212761,,,2025-05-26,2025,2025-05,38,96,216.6
212761,,,2025-05-27,2025,2025-05,23,96,239.6
212761,,,2025-05-28,2025,2025-05,0,96,239.6
212761,,,2025-05-29,2025,2025-05,0,96,239.6
212761,,,2025-05-30,2025,2025-05,4.6,96,244.2
212761,,,2025-05-31,2025,2025-05,7.2,96,251.4
212761,,,2025-06-01,2025,2025-06,29.2,96,280.6
212761,,,2025-06-02,2025,2025-06,84.8,96,365.4
212761,,,2025-06-03,2025,2025-06,0,96,365.4
212761,,,2025-06-04,2025,2025-06,1,96,366.4
212761,,,2025-06-05,2025,2025-06,0,96,366.4
212761,,,2025-06-06,2025,2025-06,0.2,96,366.6
212761,,,2025-06-07,2025,2025-06,17,96,383.6
212761,,,2025-06-08,2025,2025-06,0,96,383.6
212761,,,2025-06-09,2025,2025-06,24,96,407.6
212761,,,2025-06-10,2025,2025-06,0,96,407.6
212761,,,2025-06-11,2025,2025-06,59.2,96,466.8
212761,,,2025-06-12,2025,2025-06,25.4,96,492.2
212761,,,2025-06-13,2025,2025-06,0,96,492.2
212761,,,2025-06-14,2025,2025-06,3.2,96,495.4
212761,,,2025-06-15,2025,2025-06,0,96,495.4
212761,,,2025-06-16,2025,2025-06,0,96,495.4
212761,,,2025-06-17,2025,2025-06,27.8,96,523.2
212761,,,2025-06-18,2025,2025-06,2.6,96,525.8
212761,,,2025-06-19,2025,2025-06,0,96,525.8
212761,,,2025-06-20,2025,2025-06,10.2,96,536
212761,,,2025-06-21,2025,2025-06,76.8,96,612.8
212761,,,2025-06-22,2025,2025-06,3,96,615.8
212761,,,2025-06-23,2025,2025-06,0,96,615.8
212761,,,2025-06-24,2025,2025-06,8.6,96,624.4
212761,,,2025-06-25,2025,2025-06,31.2,96,655.6
212761,,,2025-06-26,2025,2025-06,0.2,96,655.8
212761,,,2025-06-27,2025,2025-06,0,96,655.8
212761,,,2025-06-28,2025,2025-06,4,96,659.8
212761,,,2025-06-29,2025,2025-06,19.6,95,679.4
212761,,,2025-06-30,2025,2025-06,1.2,96,680.6
212761,,,2025-07-01,2025,2025-07,2.6,96,683.2
212761,,,2025-07-02,2025,2025-07,20.4,96,703.6
212761,,,2025-07-03,2025,2025-07,25.6,96,729.2
212761,,,2025-07-04,2025,2025-07,5.4,96,734.6
212761,,,2025-07-05,2025,2025-07,0.4,95,735
212761,,,2025-07-06,2025,2025-07,0,96,735
212761,,,2025-07-07,2025,2025-07,0,96,735
212761,,,2025-07-08,2025,2025-07,0,96,735
212761,,,2025-07-09,2025,2025-07,82.4,96,817.4
212761,,,2025-07-10,2025,2025-07,0,96,817.4
212761,,,2025-07-11,2025,2025-07,9.2,96,826.6
212761,,,2025-07-12,2025,2025-07,15.8,96,842.4
212761,,,2025-07-13,2025,2025-07,0,96,842.4
212761,,,2025-07-14,2025,2025-07,0,96,842.4
212761,,,2025-07-15,2025,2025-07,32.4,96,874.8
212761,,,2025-07-16,2025,2025-07,0,96,874.8
212761,,,2025-07-17,2025,2025-07,8.4,96,883.2
212761,,,2025-07-18,2025,2025-07,3.8,96,887
212761,,,2025-07-19,2025,2025-07,7.6,96,894.6
212761,,,2025-07-20,2025,2025-07,0,96,894.6
212761,,,2025-07-21,2025,2025-07,0,96,894.6
212761,,,2025-07-22,2025,2025-07,14.6,96,909.2
212761,,,2025-07-23,2025,2025-07,47.8,96,957
212761,,,2025-07-24,2025,2025-07,0.4,96,957.4
212761,,,2025-07-25,2025,2025-07,18.8,96,976.2
212761,,,2025-07-26,2025,2025-07,2,96,978.2
212761,,,2025-07-27,2025,2025-07,2,96,980.2
212761,,,2025-07-28,2025,2025-07,0,96,980.2
212761,,,2025-07-29,2025,2025-07,1.8,96,982
212761,,,2025-07-30,2025,2025-07,0.4,96,982.4
212761,,,2025-07-31,2025,2025-07,3.6,96,986
212761,,,2025-08-01,2025,2025-08,10.4,96,996.4
212761,,,2025-08-02,2025,2025-08,23,96,1019.4
212761,,,2025-08-03,2025,2025-08,7,96,1026.4
212761,,,2025-08-04,2025,2025-08,25,96,1051.4
212761,,,2025-08-05,2025,2025-08,16.6,96,1068
212761,,,2025-08-06,2025,2025-08,0,96,1068
212761,,,2025-08-07,2025,2025-08,0,96,1068
212761,,,2025-08-08,2025,2025-08,0.4,96,1068.4
212761,,,2025-08-09,2025,2025-08,37.6,96,1106
212761,,,2025-08-10,2025,2025-08,10.6,96,1116.6
212761,,,2025-08-11,2025,2025-08,0,96,1116.6
212761,,,2025-08-12,2025,2025-08,5.2,96,1121.8
212761,,,2025-08-13,2025,2025-08,0.2,96,1122
212761,,,2025-08-14,2025,2025-08,0,96,1122
212761,,,2025-08-15,2025,2025-08,29.6,96,1151.6
212761,,,2025-08-16,2025,2025-08,0,96,1151.6
212761,,,2025-08-17,2025,2025-08,1.6,96,1153.2
212761,,,2025-08-18,2025,2025-08,0,96,1153.2
212761,,,2025-08-19,2025,2025-08,23.4,96,1176.6
212761,,,2025-08-20,2025,2025-08,0,96,1176.6
212761,,,2025-08-21,2025,2025-08,0,96,1176.6
212761,,,2025-08-22,2025,2025-08,48.8,96,1225.4
212761,,,2025-08-23,2025,2025-08,0,96,1225.4
212761,,,2025-08-24,2025,2025-08,0,96,1225.4
212761,,,2025-08-25,2025,2025-08,0.6,96,1226
212761,,,2025-08-26,2025,2025-08,0,96,1226
212761,,,2025-08-27,2025,2025-08,16.6,96,1242.6
212761,,,2025-08-28,2025,2025-08,0.2,96,1242.8
212761,,,2025-08-29,2025,2025-08,11.2,96,1254
212761,,,2025-08-30,2025,2025-08,0.8,96,1254.8
212761,,,2025-08-31,2025,2025-08,0.6,96,1255.4
212761,,,2025-09-01,2025,2025-09,1.6,96,1257
212761,,,2025-09-02,2025,2025-09,39.4,96,1296.4
212761,,,2025-09-03,2025,2025-09,1.4,96,1297.8
212761,,,2025-09-04,2025,2025-09,14.6,96,1312.4
212761,,,2025-09-05,2025,2025-09,3,96,1315.4
212761,,,2025-09-06,2025,2025-09,26.2,96,1341.6
212761,,,2025-09-07,2025,2025-09,0,96,1341.6
212761,,,2025-09-08,2025,2025-09,10.4,96,1352
212761,,,2025-09-09,2025,2025-09,0,96,1352
212761,,,2025-09-10,2025,2025-09,0,96,1352
212761,,,2025-09-11,2025,2025-09,0,96,1352
212761,,,2025-09-12,2025,2025-09,5.2,96,1357.2
212761,,,2025-09-13,2025,2025-09,0.2,96,1357.4
212761,,,2025-09-14,2025,2025-09,3.2,96,1360.6
212761,,,2025-09-15,2025,2025-09,0,96,1360.6
212761,,,2025-09-16,2025,2025-09,0,96,1360.6
212761,,,2025-09-17,2025,2025-09,0,96,1360.6
212761,,,2025-09-18,2025,2025-09,0,96,1360.6
212761,,,2025-09-19,2025,2025-09,0,96,1360.6
212761,,,2025-09-20,2025,2025-09,0,96,1360.6
212761,,,2025-09-21,2025,2025-09,0,96,1360.6
212761,,,2025-09-22,2025,2025-09,0,96,1360.6
212761,,,2025-09-23,2025,2025-09,0,96,1360.6
212761,,,2025-09-24,2025,2025-09,2.2,96,1362.8
212761,,,2025-09-25,2025,2025-09,0.8,96,1363.6
212761,,,2025-09-26,2025,2025-09,0,96,1363.6
212761,,,2025-09-27,2025,2025-09,1.4,96,1365
212761,,,2025-09-28,2025,2025-09,0,96,1365
212761,,,2025-09-29,2025,2025-09,0,96,1365
212761,,,2025-09-30,2025,2025-09,3,96,1368
212761,,,2025-10-01,2025,2025-10,0,96,1368
212761,,,2025-10-02,2025,2025-10,0,96,1368
212761,,,2025-10-03,2025,2025-10,9.4,96,1377.4
212761,,,2025-10-04,2025,2025-10,0,96,1377.4
212761,,,2025-10-05,2025,2025-10,0,96,1377.4
212761,,,2025-10-06,2025,2025-10,0,96,1377.4
212761,,,2025-10-07,2025,2025-10,1.4,96,1378.8
212761,,,2025-10-08,2025,2025-10,6.4,96,1385.2
212761,,,2025-10-09,2025,2025-10,0.6,96,1385.8
212761,,,2025-10-10,2025,2025-10,0.2,96,1386
212761,,,2025-10-11,2025,2025-10,0,96,1386
212761,,,2025-10-12,2025,2025-10,0,96,1386
212761,,,2025-10-13,2025,2025-10,0,96,1386
212761,,,2025-10-14,2025,2025-10,0,96,1386
212761,,,2025-10-15,2025,2025-10,49.8,96,1435.8
212761,,,2025-10-16,2025,2025-10,0.2,96,1436
212761,,,2025-10-17,2025,2025-10,0,96,1436
212761,,,2025-10-18,2025,2025-10,34.8,96,1470.8
212761,,,2025-10-19,2025,2025-10,0,96,1470.8
212761,,,2025-10-20,2025,2025-10,36,96,1506.8
212761,,,2025-10-21,2025,2025-10,0.4,96,1507.2
212761,,,2025-10-22,2025,2025-10,1.4,96,1508.6
212761,,,2025-10-23,2025,2025-10,4,96,1512.6
212761,,,2025-10-24,2025,2025-10,0.2,96,1512.8
212761,,,2025-10-25,2025,2025-10,17.8,96,1530.6
212761,,,2025-10-26,2025,2025-10,0,96,1530.6
212761,,,2025-10-27,2025,2025-10,0,96,1530.6
212761,,,2025-10-28,2025,2025-10,0,96,1530.6
212761,,,2025-10-29,2025,2025-10,0,96,1530.6
212761,,,2025-10-30,2025,2025-10,23.8,96,1554.4
212761,,,2025-10-31,2025,2025-10,3,96,1557.4
212761,,,2025-11-01,2025,2025-11,1.2,96,1558.6
212761,,,2025-11-02,2025,2025-11,0.2,96,1558.8
212761,,,2025-11-03,2025,2025-11,0,96,1558.8
212761,,,2025-11-04,2025,2025-11,0,96,1558.8
212761,,,2025-11-05,2025,2025-11,0,96,1558.8
212761,,,2025-11-06,2025,2025-11,0,96,1558.8
212761,,,2025-11-07,2025,2025-11,3.2,96,1562
212761,,,2025-11-08,2025,2025-11,0,96,1562
212761,,,2025-11-09,2025,2025-11,0.6,96,1562.6
212761,,,2025-11-10,2025,2025-11,0,96,1562.6
212761,,,2025-11-11,2025,2025-11,0.8,96,1563.4
212761,,,2025-11-12,2025,2025-11,0,96,1563.4
212761,,,2025-11-13,2025,2025-11,0,96,1563.4
212761,,,2025-11-14,2025,2025-11,0,96,1563.4
212761,,,2025-11-15,2025,2025-11,0,96,1563.4
212761,,,2025-11-16,2025,2025-11,0,96,1563.4
212761,,,2025-11-17,2025,2025-11,9.8,96,1573.2
212761,,,2025-11-18,2025,2025-11,0,96,1573.2
212761,,,2025-11-19,2025,2025-11,0,96,1573.2
212761,,,2025-11-20,2025,2025-11,0,96,1573.2
212761,,,2025-11-21,2025,2025-11,11.2,96,1584.4
212761,,,2025-11-22,2025,2025-11,0,96,1584.4
212761,,,2025-11-23,2025,2025-11,0,96,1584.4
212761,,,2025-11-24,2025,2025-11,0,96,1584.4
212761,,,2025-11-25,2025,2025-11,6.4,96,1590.8
212761,,,2025-11-26,2025,2025-11,0,96,1590.8
212761,,,2025-11-27,2025,2025-11,0.4,96,1591.2
212761,,,2025-11-28,2025,2025-11,0,96,1591.2
212761,,,2025-11-29,2025,2025-11,0,96,1591.2
212761,,,2025-11-30,2025,2025-11,0,96,1591.2
212761,,,2025-12-01,2025,2025-12,15.6,96,1606.8
212761,,,2025-12-02,2025,2025-12,0,96,1606.8
212761,,,2025-12-03,2025,2025-12,0,96,1606.8
212761,,,2025-12-04,2025,2025-12,0,96,1606.8
212761,,,2025-12-05,2025,2025-12,0,96,1606.8
212761,,,2025-12-06,2025,2025-12,2.4,96,1609.2
212761,,,2025-12-07,2025,2025-12,0,96,1609.2
212761,,,2025-12-08,2025,2025-12,0,96,1609.2
212761,,,2025-12-09,2025,2025-12,0.6,96,1609.8
212761,,,2025-12-10,2025,2025-12,0,96,1609.8
212761,,,2025-12-11,2025,2025-12,0.2,96,1610
212761,,,2025-12-12,2025,2025-12,0,96,1610
212761,,,2025-12-13,2025,2025-12,0,96,1610
212761,,,2025-12-14,2025,2025-12,0,96,1610
212761,,,2025-12-15,2025,2025-12,0,96,1610
212761,,,2025-12-16,2025,2025-12,0,96,1610
212761,,,2025-12-17,2025,2025-12,0,96,1610
212761,,,2025-12-18,2025,2025-12,0,96,1610
212761,,,2025-12-19,2025,2025-12,0,96,1610
212761,,,2025-12-20,2025,2025-12,0,96,1610
212761,,,2025-12-21,2025,2025-12,1,96,1611
212761,,,2025-12-22,2025,2025-12,0,96,1611
212761,,,2025-12-23,2025,2025-12,0,96,1611
212761,,,2025-12-24,2025,2025-12,0,96,1611
212761,,,2025-12-25,2025,2025-12,0,96,1611
212761,,,2025-12-26,2025,2025-12,0,96,1611
212761,,,2025-12-27,2025,2025-12,0,96,1611
212761,,,2025-12-28,2025,2025-12,0,96,1611
212761,,,2025-12-29,2025,2025-12,0,96,1611
212761,,,2025-12-30,2025,2025-12,0,96,1611
212761,,,2025-12-31,2025,2025-12,0,96,1611
212761,,,2026-01-01,2026,2026-01,0,96,0
212761,,,2026-01-02,2026,2026-01,0,96,0
212761,,,2026-01-03,2026,2026-01,0,96,0
212761,,,2026-01-04,2026,2026-01,0,96,0
212761,,,2026-01-05,2026,2026-01,0,96,0
212761,,,2026-01-06,2026,2026-01,0,96,0
212761,,,2026-01-07,2026,2026-01,0,96,0
212761,,,2026-01-08,2026,2026-01,0,96,0
212761,,,2026-01-09,2026,2026-01,0,96,0
212761,,,2026-01-10,2026,2026-01,0,96,0
212761,,,2026-01-11,2026,2026-01,0,96,0
212761,,,2026-01-12,2026,2026-01,0,96,0
212761,,,2026-01-13,2026,2026-01,0,96,0
212761,,,2026-01-14,2026,2026-01,1.4,96,1.4
212761,,,2026-01-15,2026,2026-01,0,96,1.4
212761,,,2026-01-16,2026,2026-01,0,96,1.4
212761,,,2026-01-17,2026,2026-01,0,96,1.4
212761,,,2026-01-18,2026,2026-01,0,96,1.4
212761,,,2026-01-19,2026,2026-01,0,96,1.4
212761,,,2026-01-20,2026,2026-01,0,96,1.4
212761,,,2026-01-21,2026,2026-01,0,96,1.4
212761,,,2026-01-22,2026,2026-01,0,96,1.4
212761,,,2026-01-23,2026,2026-01,0,96,1.4
212761,,,2026-01-24,2026,2026-01,0,96,1.4
212761,,,2026-01-25,2026,2026-01,0,96,1.4
212761,,,2026-01-26,2026,2026-01,0,96,1.4
212761,,,2026-01-27,2026,2026-01,0,96,1.4
212761,,,2026-01-28,2026,2026-01,0,96,1.4
212761,,,2026-01-29,2026,2026-01,0,96,1.4
212761,,,2026-01-30,2026,2026-01,0,96,1.4
212761,,,2026-01-31,2026,2026-01,1,96,2.4
212761,,,2026-02-01,2026,2026-02,0,96,2.4
212761,,,2026-02-02,2026,2026-02,0,96,2.4
212761,,,2026-02-03,2026,2026-02,0,96,2.4
212761,,,2026-02-04,2026,2026-02,0,96,2.4
212761,,,2026-02-05,2026,2026-02,0,96,2.4
212761,,,2026-02-06,2026,2026-02,0,96,2.4
212761,,,2026-02-07,2026,2026-02,0,96,2.4
212761,,,2026-02-08,2026,2026-02,0,96,2.4
212761,,,2026-02-09,2026,2026-02,0,95,2.4
212761,,,2026-02-10,2026,2026-02,0,96,2.4
212761,,,2026-02-11,2026,2026-02,0,96,2.4
212761,,,2026-02-12,2026,2026-02,0,96,2.4
212761,,,2026-02-13,2026,2026-02,0,96,2.4
212761,,,2026-02-14,2026,2026-02,0,96,2.4
212761,,,2026-02-15,2026,2026-02,0.4,96,2.8
212761,,,2026-02-16,2026,2026-02,0,96,2.8
212761,,,2026-02-17,2026,2026-02,0,96,2.8
212761,,,2026-02-18,2026,2026-02,0,96,2.8
212761,,,2026-02-19,2026,2026-02,0,96,2.8
212761,,,2026-02-20,2026,2026-02,0,96,2.8
212761,,,2026-02-21,2026,2026-02,0,96,2.8
212761,,,2026-02-22,2026,2026-02,0,96,2.8
212761,,,2026-02-23,2026,2026-02,0,96,2.8
212761,,,2026-02-24,2026,2026-02,0,96,2.8
212761,,,2026-02-25,2026,2026-02,0,96,2.8
212761,,,2026-02-26,2026,2026-02,0,96,2.8
212761,,,2026-02-27,2026,2026-02,0,96,2.8
212761,,,2026-02-28,2026,2026-02,0,96,2.8
212761,,,2026-03-01,2026,2026-03,0,96,2.8
212761,,,2026-03-02,2026,2026-03,0,96,2.8
212761,,,2026-03-03,2026,2026-03,0,96,2.8
212761,,,2026-03-04,2026,2026-03,0,96,2.8
212761,,,2026-03-05,2026,2026-03,0,96,2.8
212761,,,2026-03-06,2026,2026-03,0,96,2.8
212761,,,2026-03-07,2026,2026-03,0,96,2.8
212761,,,2026-03-08,2026,2026-03,0,96,2.8
212761,,,2026-03-09,2026,2026-03,0,96,2.8
212761,,,2026-03-10,2026,2026-03,0,96,2.8
212761,,,2026-03-11,2026,2026-03,0,96,2.8
212761,,,2026-03-12,2026,2026-03,0,96,2.8
212761,,,2026-03-13,2026,2026-03,30,96,32.8
212761,,,2026-03-14,2026,2026-03,0,96,32.8
212761,,,2026-03-15,2026,2026-03,0,96,32.8
212761,,,2026-03-16,2026,2026-03,0.2,96,33
212761,,,2026-03-17,2026,2026-03,0.6,96,33.6
212761,,,2026-03-18,2026,2026-03,0,96,33.6
212761,,,2026-03-19,2026,2026-03,0,96,33.6
212761,,,2026-03-20,2026,2026-03,1.8,96,35.4
212761,,,2026-03-21,2026,2026-03,0,96,35.4
212761,,,2026-03-22,2026,2026-03,0,96,35.4
212761,,,2026-03-23,2026,2026-03,0,96,35.4
212761,,,2026-03-24,2026,2026-03,0,96,35.4
212761,,,2026-03-25,2026,2026-03,0,96,35.4
212761,,,2026-03-26,2026,2026-03,0,96,35.4
212761,,,2026-03-27,2026,2026-03,0,96,35.4
212761,,,2026-03-28,2026,2026-03,0,96,35.4
212761,,,2026-03-29,2026,2026-03,0,96,35.4
212761,,,2026-03-30,2026,2026-03,7.2,96,42.6
212761,,,2026-03-31,2026,2026-03,1,96,43.6
212761,,,2026-04-01,2026,2026-04,0,96,43.6
212761,,,2026-04-02,2026,2026-04,1.8,96,45.4
212761,,,2026-04-03,2026,2026-04,0,96,45.4
212761,,,2026-04-04,2026,2026-04,0,96,45.4
212761,,,2026-04-05,2026,2026-04,0,96,45.4
212761,,,2026-04-06,2026,2026-04,0,96,45.4
212761,,,2026-04-07,2026,2026-04,4.8,96,50.2
212761,,,2026-04-08,2026,2026-04,0,96,50.2
212761,,,2026-04-09,2026,2026-04,0,96,50.2
212761,,,2026-04-10,2026,2026-04,0,96,50.2
212761,,,2026-04-11,2026,2026-04,0,95,50.2
212761,,,2026-04-12,2026,2026-04,0,96,50.2
212761,,,2026-04-13,2026,2026-04,0,96,50.2
212761,,,2026-04-14,2026,2026-04,0,96,50.2
212761,,,2026-04-15,2026,2026-04,0.2,96,50.4
212761,,,2026-04-16,2026,2026-04,22.4,96,72.8
212761,,,2026-04-17,2026,2026-04,0.4,96,73.2
212761,,,2026-04-18,2026,2026-04,0,96,73.2
212761,,,2026-04-19,2026,2026-04,0,96,73.2
212761,,,2026-04-20,2026,2026-04,0,96,73.2
212761,,,2026-04-21,2026,2026-04,0,96,73.2
212761,,,2026-04-22,2026,2026-04,0,96,73.2
212761,,,2026-04-23,2026,2026-04,0,96,73.2
212761,,,2026-04-24,2026,2026-04,0,96,73.2
212761,,,2026-04-25,2026,2026-04,18.4,96,91.6
212761,,,2026-04-26,2026,2026-04,18.2,96,109.8
212761,,,2026-04-27,2026,2026-04,8.4,96,118.2
212761,,,2026-04-28,2026,2026-04,0.2,96,118.4
212761,,,2026-04-29,2026,2026-04,0,96,118.4
212761,,,2026-04-30,2026,2026-04,0,96,118.4
212761,,,2026-05-01,2026,2026-05,0,96,118.4
212761,,,2026-05-02,2026,2026-05,0,96,118.4
212761,,,2026-05-03,2026,2026-05,0,96,118.4
212761,,,2026-05-04,2026,2026-05,0,96,118.4
212761,,,2026-05-05,2026,2026-05,0,96,118.4
212761,,,2026-05-06,2026,2026-05,0,96,118.4
212761,,,2026-05-07,2026,2026-05,0,96,118.4
212761,,,2026-05-08,2026,2026-05,0.6,96,119
212761,,,2026-05-09,2026,2026-05,0,96,119
212761,,,2026-05-10,2026,2026-05,0,96,119
212761,,,2026-05-11,2026,2026-05,0,96,119
212761,,,2026-05-12,2026,2026-05,5.4,96,124.4
212761,,,2026-05-13,2026,2026-05,0.4,96,124.8
212761,,,2026-05-14,2026,2026-05,0,96,124.8
212761,,,2026-05-15,2026,2026-05,0,96,124.8
212761,,,2026-05-16,2026,2026-05,3.2,96,128
212761,,,2026-05-17,2026,2026-05,52,96,180
212761,,,2026-05-18,2026,2026-05,1,96,181
212761,,,2026-05-19,2026,2026-05,0,96,181
212761,,,2026-05-20,2026,2026-05,0,96,181
212761,,,2026-05-21,2026,2026-05,0.2,96,181.2
212761,,,2026-05-22,2026,2026-05,3.4,96,184.6
212761,,,2026-05-23,2026,2026-05,5.6,96,190.2
212761,,,2026-05-24,2026,2026-05,4.8,96,195
212761,,,2026-05-25,2026,2026-05,2,96,197
212761,,,2026-05-26,2026,2026-05,2.4,96,199.4
212761,,,2026-05-27,2026,2026-05,2.4,96,201.8
212761,,,2026-05-28,2026,2026-05,2.6,96,204.4
212761,,,2026-05-29,2026,2026-05,1.6,96,206
212761,,,2026-05-30,2026,2026-05,0.6,96,206.6
212761,,,2026-05-31,2026,2026-05,4.8,96,211.4
212761,,,2026-06-01,2026,2026-06,8.8,96,220.2
212761,,,2026-06-02,2026,2026-06,4.4,96,224.6
212761,,,2026-06-03,2026,2026-06,2.4,96,227
212761,,,2026-06-04,2026,2026-06,1.6,96,228.6
212761,,,2026-06-05,2026,2026-06,1.6,96,230.2
212761,,,2026-06-06,2026,2026-06,1.4,96,231.6
212761,,,2026-06-07,2026,2026-06,0.6,96,232.2
212761,,,2026-06-08,2026,2026-06,0.4,96,232.6
212761,,,2026-06-09,2026,2026-06,0,96,232.6
212761,,,2026-06-10,2026,2026-06,0.2,96,232.8
212761,,,2026-06-11,2026,2026-06,0,96,232.8
212761,,,2026-06-12,2026,2026-06,0,96,232.8
212761,,,2026-06-13,2026,2026-06,0.2,96,233
212761,,,2026-06-14,2026,2026-06,0,96,233
212761,,,2026-06-15,2026,2026-06,0,96,233
212761,,,2026-06-16,2026,2026-06,0,96,233
212761,,,2026-06-17,2026,2026-06,0,96,233
212761,,,2026-06-18,2026,2026-06,28.4,96,261.4
212761,,,2026-06-19,2026,2026-06,25.6,96,287
212761,,,2026-06-20,2026,2026-06,7,96,294
212761,,,2026-06-21,2026,2026-06,13.4,96,307.4
212761,,,2026-06-22,2026,2026-06,15.4,96,322.8
212761,,,2026-06-23,2026,2026-06,0,96,322.8
212761,,,2026-06-24,2026,2026-06,19.4,96,342.2
212761,,,2026-06-25,2026,2026-06,2.8,96,345
212761,,,2026-06-26,2026,2026-06,0,96,345
212761,,,2026-06-27,2026,2026-06,0,96,345
212761,,,2026-06-28,2026,2026-06,19.6,96,364.6
212761,,,2026-06-29,2026,2026-06,0.2,96,364.8
212761,,,2026-06-30,2026,2026-06,0.2,96,365
212761,,,2026-07-01,2026,2026-07,0.8,96,365.8
212761,,,2026-07-02,2026,2026-07,3,96,368.8
212761,,,2026-07-03,2026,2026-07,75.8,96,444.6
212761,,,2026-07-04,2026,2026-07,0,96,444.6
212761,,,2026-07-05,2026,2026-07,0,96,444.6
212761,,,2026-07-06,2026,2026-07,10,96,454.6
212761,,,2026-07-07,2026,2026-07,2,96,456.6
212761,,,2026-07-08,2026,2026-07,23.4,96,480
212761,,,2026-07-09,2026,2026-07,1,96,481
212761,,,2026-07-10,2026,2026-07,31.8,96,512.8
212761,,,2026-07-11,2026,2026-07,12.4,96,525.2
212761,,,2026-07-12,2026,2026-07,0.6,96,525.8
212761,,,2026-07-13,2026,2026-07,36.2,96,562
212761,,,2026-07-14,2026,2026-07,0,96,562
212761,,,2026-07-15,2026,2026-07,0.2,96,562.2
212761,,,2026-07-16,2026,2026-07,0,96,562.2
212761,,,2026-07-17,2026,2026-07,0,96,562.2
212761,,,2026-07-18,2026,2026-07,14.8,96,577
212761,,,2026-07-19,2026,2026-07,2,96,579
212761,,,2026-07-20,2026,2026-07,17,96,596
212761,,,2026-07-21,2026,2026-07,0,96,596
212761,,,2026-07-22,2026,2026-07,0,96,596
212761,,,2026-07-23,2026,2026-07,23.4,96,619.4
212761,,,2026-07-24,2026,2026-07,0,96,619.4
212761,,,2026-07-25,2026,2026-07,13.6,96,633
212761,,,2026-07-26,2026,2026-07,29.6,96,662.6
212761,,,2026-07-27,2026,2026-07,0.2,96,662.8
212761,,,2026-07-28,2026,2026-07,0,96,662.8
212761,,,2026-07-29,2026,2026-07,36.2,96,699
212761,,,2026-07-30,2026,2026-07,8,96,707
212761,,,2026-07-31,2026,2026-07,18.6,96,725.6
212761,,,2026-08-01,2026,2026-08,0,96,725.6
212761,,,2026-08-02,2026,2026-08,0,89,725.6
213450,,,2025-05-26,2025,2025-05,0,11,0
213450,,,2025-05-27,2025,2025-05,53,96,53
213450,,,2025-05-28,2025,2025-05,0,96,53
213450,,,2025-05-29,2025,2025-05,0,96,53
213450,,,2025-05-30,2025,2025-05,3.6,96,56.6
213450,,,2025-05-31,2025,2025-05,22.4,96,79
213450,,,2025-06-01,2025,2025-06,7.2,96,86.2
213450,,,2025-06-02,2025,2025-06,34.8,96,121
213450,,,2025-06-03,2025,2025-06,0,96,121
213450,,,2025-06-04,2025,2025-06,2.2,96,123.2
213450,,,2025-06-05,2025,2025-06,0.4,96,123.6
213450,,,2025-06-06,2025,2025-06,11.6,96,135.2
213450,,,2025-06-07,2025,2025-06,1.8,96,137
213450,,,2025-06-08,2025,2025-06,0,96,137
213450,,,2025-06-09,2025,2025-06,59.4,96,196.4
213450,,,2025-06-10,2025,2025-06,0,96,196.4
213450,,,2025-06-11,2025,2025-06,88.2,96,284.6
213450,,,2025-06-12,2025,2025-06,54.6,96,339.2
213450,,,2025-06-13,2025,2025-06,6,96,345.2
213450,,,2025-06-14,2025,2025-06,5.6,96,350.8
213450,,,2025-06-15,2025,2025-06,0,96,350.8
213450,,,2025-06-16,2025,2025-06,0,96,350.8
213450,,,2025-06-17,2025,2025-06,16.8,96,367.6
213450,,,2025-06-18,2025,2025-06,15.2,96,382.8
213450,,,2025-06-19,2025,2025-06,9.4,96,392.2
213450,,,2025-06-20,2025,2025-06,19.8,96,412
213450,,,2025-06-21,2025,2025-06,45.4,96,457.4
213450,,,2025-06-22,2025,2025-06,1.6,96,459
213450,,,2025-06-23,2025,2025-06,0,96,459
213450,,,2025-06-24,2025,2025-06,61.8,96,520.8
213450,,,2025-06-25,2025,2025-06,13,96,533.8
213450,,,2025-06-26,2025,2025-06,1,96,534.8
213450,,,2025-06-27,2025,2025-06,0,96,534.8
213450,,,2025-06-28,2025,2025-06,0,96,534.8
213450,,,2025-06-29,2025,2025-06,12.8,96,547.6
213450,,,2025-06-30,2025,2025-06,3.6,96,551.2
213450,,,2025-07-01,2025,2025-07,1,96,552.2
213450,,,2025-07-02,2025,2025-07,11.8,96,564
213450,,,2025-07-03,2025,2025-07,12,96,576
213450,,,2025-07-04,2025,2025-07,3,96,579
213450,,,2025-07-05,2025,2025-07,1.8,96,580.8
213450,,,2025-07-06,2025,2025-07,0,96,580.8
213450,,,2025-07-07,2025,2025-07,0,96,580.8
213450,,,2025-07-08,2025,2025-07,0,96,580.8
213450,,,2025-07-09,2025,2025-07,65.4,96,646.2
213450,,,2025-07-10,2025,2025-07,0,96,646.2
213450,,,2025-07-11,2025,2025-07,0,96,646.2
213450,,,2025-07-12,2025,2025-07,8,96,654.2
213450,,,2025-07-13,2025,2025-07,0,96,654.2
213450,,,2025-07-14,2025,2025-07,0,96,654.2
213450,,,2025-07-15,2025,2025-07,22.4,96,676.6
213450,,,2025-07-16,2025,2025-07,0,96,676.6
213450,,,2025-07-17,2025,2025-07,1.8,96,678.4
213450,,,2025-07-18,2025,2025-07,14.8,96,693.2
213450,,,2025-07-19,2025,2025-07,17.4,96,710.6
213450,,,2025-07-20,2025,2025-07,0,96,710.6
213450,,,2025-07-21,2025,2025-07,9.2,96,719.8
213450,,,2025-07-22,2025,2025-07,0,96,719.8
213450,,,2025-07-23,2025,2025-07,5.8,96,725.6
213450,,,2025-07-24,2025,2025-07,3.4,96,729
213450,,,2025-07-25,2025,2025-07,0,96,729
213450,,,2025-07-26,2025,2025-07,9.4,96,738.4
213450,,,2025-07-27,2025,2025-07,1,96,739.4
213450,,,2025-07-28,2025,2025-07,0,96,739.4
213450,,,2025-07-29,2025,2025-07,4.4,96,743.8
213450,,,2025-07-30,2025,2025-07,15.6,96,759.4
213450,,,2025-07-31,2025,2025-07,0,96,759.4
213450,,,2025-08-01,2025,2025-08,21.6,96,781
213450,,,2025-08-02,2025,2025-08,4.2,96,785.2
213450,,,2025-08-03,2025,2025-08,6.8,96,792
213450,,,2025-08-04,2025,2025-08,0.4,96,792.4
213450,,,2025-08-05,2025,2025-08,0.2,96,792.6
213450,,,2025-08-06,2025,2025-08,0.2,96,792.8
213450,,,2025-08-07,2025,2025-08,0,96,792.8
213450,,,2025-08-08,2025,2025-08,0,96,792.8
213450,,,2025-08-09,2025,2025-08,32.4,96,825.2
213450,,,2025-08-10,2025,2025-08,14.6,96,839.8
213450,,,2025-08-11,2025,2025-08,0,96,839.8
213450,,,2025-08-12,2025,2025-08,0,96,839.8
213450,,,2025-08-13,2025,2025-08,0,96,839.8
213450,,,2025-08-14,2025,2025-08,0,96,839.8
213450,,,2025-08-15,2025,2025-08,28.6,96,868.4
213450,,,2025-08-16,2025,2025-08,5.8,96,874.2
213450,,,2025-08-17,2025,2025-08,3.8,96,878
213450,,,2025-08-18,2025,2025-08,0,96,878
213450,,,2025-08-19,2025,2025-08,0.2,96,878.2
213450,,,2025-08-20,2025,2025-08,0,96,878.2
213450,,,2025-08-21,2025,2025-08,1.2,96,879.4
213450,,,2025-08-22,2025,2025-08,2.2,96,881.6
213450,,,2025-08-23,2025,2025-08,0,96,881.6
213450,,,2025-08-24,2025,2025-08,0,96,881.6
213450,,,2025-08-25,2025,2025-08,7.6,96,889.2
213450,,,2025-08-26,2025,2025-08,8.4,96,897.6
213450,,,2025-08-27,2025,2025-08,34.8,96,932.4
213450,,,2025-08-28,2025,2025-08,0.8,96,933.2
213450,,,2025-08-29,2025,2025-08,0,96,933.2
213450,,,2025-08-30,2025,2025-08,20.2,96,953.4
213450,,,2025-08-31,2025,2025-08,1.4,96,954.8
213450,,,2025-09-01,2025,2025-09,1.2,96,956
213450,,,2025-09-02,2025,2025-09,0.6,96,956.6
213450,,,2025-09-03,2025,2025-09,0,96,956.6
213450,,,2025-09-04,2025,2025-09,30.6,96,987.2
213450,,,2025-09-05,2025,2025-09,19.8,96,1007
213450,,,2025-09-06,2025,2025-09,4.2,96,1011.2
213450,,,2025-09-07,2025,2025-09,5,96,1016.2
213450,,,2025-09-08,2025,2025-09,17,96,1033.2
213450,,,2025-09-09,2025,2025-09,0,96,1033.2
213450,,,2025-09-10,2025,2025-09,0,96,1033.2
213450,,,2025-09-11,2025,2025-09,2,96,1035.2
213450,,,2025-09-12,2025,2025-09,0,96,1035.2
213450,,,2025-09-13,2025,2025-09,0,96,1035.2
213450,,,2025-09-14,2025,2025-09,1.8,96,1037
213450,,,2025-09-15,2025,2025-09,0,96,1037
213450,,,2025-09-16,2025,2025-09,0,96,1037
213450,,,2025-09-17,2025,2025-09,0,96,1037
213450,,,2025-09-18,2025,2025-09,1.4,96,1038.4
213450,,,2025-09-19,2025,2025-09,0,96,1038.4
213450,,,2025-09-20,2025,2025-09,1.6,96,1040
213450,,,2025-09-21,2025,2025-09,2,96,1042
213450,,,2025-09-22,2025,2025-09,0,96,1042
213450,,,2025-09-23,2025,2025-09,0,96,1042
213450,,,2025-09-24,2025,2025-09,13.6,96,1055.6
213450,,,2025-09-25,2025,2025-09,0,96,1055.6
213450,,,2025-09-26,2025,2025-09,0,96,1055.6
213450,,,2025-09-27,2025,2025-09,0,96,1055.6
213450,,,2025-09-28,2025,2025-09,0,96,1055.6
213450,,,2025-09-29,2025,2025-09,0,96,1055.6
213450,,,2025-09-30,2025,2025-09,18.2,96,1073.8
213450,,,2025-10-01,2025,2025-10,0,96,1073.8
213450,,,2025-10-02,2025,2025-10,0,96,1073.8
213450,,,2025-10-03,2025,2025-10,1,96,1074.8
213450,,,2025-10-04,2025,2025-10,12.4,96,1087.2
213450,,,2025-10-05,2025,2025-10,19.6,57,1106.8
213450,,,2025-10-06,2025,2025-10,0,79,1106.8
213450,,,2025-10-07,2025,2025-10,7,51,1113.8
213450,,,2025-10-08,2025,2025-10,0.2,96,1114
213450,,,2025-10-09,2025,2025-10,1.6,96,1115.6
213450,,,2025-10-10,2025,2025-10,8.4,96,1124
213450,,,2025-10-11,2025,2025-10,0,96,1124
213450,,,2025-10-12,2025,2025-10,0,96,1124
213450,,,2025-10-13,2025,2025-10,0,96,1124
213450,,,2025-10-14,2025,2025-10,0,96,1124
213450,,,2025-10-15,2025,2025-10,0,96,1124
213450,,,2025-10-16,2025,2025-10,0,96,1124
213450,,,2025-10-17,2025,2025-10,0,92,1124
213450,,,2025-10-18,2025,2025-10,12.2,57,1136.2
213450,,,2025-10-19,2025,2025-10,0,96,1136.2
213450,,,2025-10-20,2025,2025-10,1.4,96,1137.6
213450,,,2025-10-21,2025,2025-10,0.2,96,1137.8
213450,,,2025-10-22,2025,2025-10,0,96,1137.8
213450,,,2025-10-23,2025,2025-10,51.8,96,1189.6
213450,,,2025-10-24,2025,2025-10,1.2,96,1190.8
213450,,,2025-10-25,2025,2025-10,8.2,96,1199
213450,,,2025-10-26,2025,2025-10,0,96,1199
213450,,,2025-10-27,2025,2025-10,2.2,96,1201.2
213450,,,2025-10-28,2025,2025-10,1,96,1202.2
213450,,,2025-10-29,2025,2025-10,0,96,1202.2
213450,,,2025-10-30,2025,2025-10,0.2,78,1202.4
213450,,,2025-10-31,2025,2025-10,0,83,1202.4
213450,,,2025-11-01,2025,2025-11,0,96,1202.4
213450,,,2025-11-02,2025,2025-11,0,82,1202.4
213450,,,2025-11-03,2025,2025-11,0,42,1202.4
213450,,,2025-11-04,2025,2025-11,0,96,1202.4
213450,,,2025-11-05,2025,2025-11,0,96,1202.4
213450,,,2025-11-06,2025,2025-11,0,92,1202.4
213450,,,2025-11-07,2025,2025-11,37.6,96,1240
213450,,,2025-11-08,2025,2025-11,0,81,1240
213450,,,2025-11-09,2025,2025-11,18.6,96,1258.6
213450,,,2025-11-10,2025,2025-11,0.2,96,1258.8
213450,,,2025-11-11,2025,2025-11,0,84,1258.8
213450,,,2025-11-12,2025,2025-11,0.4,78,1259.2
213450,,,2025-11-13,2025,2025-11,0,96,1259.2
213450,,,2025-11-14,2025,2025-11,0,96,1259.2
213450,,,2025-11-15,2025,2025-11,0,96,1259.2
213450,,,2025-11-16,2025,2025-11,0,96,1259.2
213450,,,2025-11-17,2025,2025-11,22.4,92,1281.6
213450,,,2025-11-18,2025,2025-11,0,92,1281.6
213450,,,2025-11-19,2025,2025-11,0,96,1281.6
213450,,,2025-11-20,2025,2025-11,0,95,1281.6
213450,,,2025-11-21,2025,2025-11,0,96,1281.6
213450,,,2025-11-22,2025,2025-11,0,96,1281.6
213450,,,2025-11-23,2025,2025-11,0,96,1281.6
213450,,,2025-11-24,2025,2025-11,0,96,1281.6
213450,,,2025-11-25,2025,2025-11,6.2,96,1287.8
213450,,,2025-11-26,2025,2025-11,0.8,83,1288.6
213450,,,2025-11-27,2025,2025-11,1,96,1289.6
213450,,,2025-11-28,2025,2025-11,0,96,1289.6
213450,,,2025-11-29,2025,2025-11,0.6,96,1290.2
213450,,,2025-11-30,2025,2025-11,1.2,96,1291.4
213450,,,2025-12-01,2025,2025-12,0,96,1291.4
213450,,,2025-12-02,2025,2025-12,0,96,1291.4
213450,,,2025-12-03,2025,2025-12,0,88,1291.4
213450,,,2025-12-04,2025,2025-12,0,96,1291.4
213450,,,2025-12-05,2025,2025-12,0,93,1291.4
213450,,,2025-12-06,2025,2025-12,28.8,96,1320.2
213450,,,2025-12-07,2025,2025-12,0,96,1320.2
213450,,,2025-12-08,2025,2025-12,0,87,1320.2
213450,,,2025-12-09,2025,2025-12,0,96,1320.2
213450,,,2025-12-10,2025,2025-12,0,93,1320.2
213450,,,2025-12-11,2025,2025-12,0,94,1320.2
213450,,,2025-12-12,2025,2025-12,0,87,1320.2
213450,,,2025-12-13,2025,2025-12,0,92,1320.2
213450,,,2025-12-14,2025,2025-12,0,30,1320.2
213450,,,2025-12-15,2025,2025-12,0,96,1320.2
213450,,,2025-12-16,2025,2025-12,0,96,1320.2
213450,,,2025-12-17,2025,2025-12,0,96,1320.2
213450,,,2025-12-18,2025,2025-12,0,94,1320.2
213450,,,2025-12-19,2025,2025-12,0,95,1320.2
213450,,,2025-12-20,2025,2025-12,0,84,1320.2
213450,,,2025-12-21,2025,2025-12,5,96,1325.2
213450,,,2025-12-22,2025,2025-12,0,89,1325.2
213450,,,2025-12-23,2025,2025-12,0,91,1325.2
213450,,,2025-12-24,2025,2025-12,0,96,1325.2
213450,,,2025-12-25,2025,2025-12,0,96,1325.2
213450,,,2025-12-26,2025,2025-12,0,96,1325.2
213450,,,2025-12-27,2025,2025-12,0,96,1325.2
213450,,,2025-12-28,2025,2025-12,0,96,1325.2
213450,,,2025-12-29,2025,2025-12,0.2,87,1325.4
213450,,,2025-12-30,2025,2025-12,0,96,1325.4
213450,,,2025-12-31,2025,2025-12,0,95,1325.4
213450,,,2026-01-01,2026,2026-01,0,96,0
213450,,,2026-01-02,2026,2026-01,0,91,0
213450,,,2026-01-03,2026,2026-01,0,96,0
213450,,,2026-01-04,2026,2026-01,0,96,0
213450,,,2026-01-05,2026,2026-01,0,95,0
213450,,,2026-01-06,2026,2026-01,0,92,0
213450,,,2026-01-07,2026,2026-01,0,96,0
213450,,,2026-01-08,2026,2026-01,0,95,0
213450,,,2026-01-09,2026,2026-01,0,93,0
213450,,,2026-01-10,2026,2026-01,0,93,0
213450,,,2026-01-11,2026,2026-01,0,96,0
213450,,,2026-01-12,2026,2026-01,0,92,0
213450,,,2026-01-13,2026,2026-01,0,96,0
213450,,,2026-01-14,2026,2026-01,0.4,96,0.4
213450,,,2026-01-15,2026,2026-01,2,96,2.4
213450,,,2026-01-16,2026,2026-01,0,96,2.4
213450,,,2026-01-17,2026,2026-01,0,96,2.4
213450,,,2026-01-18,2026,2026-01,0,96,2.4
213450,,,2026-01-19,2026,2026-01,0,94,2.4
213450,,,2026-01-20,2026,2026-01,0,90,2.4
213450,,,2026-01-21,2026,2026-01,0,95,2.4
213450,,,2026-01-22,2026,2026-01,0,96,2.4
213450,,,2026-01-23,2026,2026-01,0,90,2.4
213450,,,2026-01-24,2026,2026-01,0,96,2.4
213450,,,2026-01-25,2026,2026-01,0,85,2.4
213450,,,2026-01-26,2026,2026-01,0,32,2.4
213450,,,2026-01-27,2026,2026-01,2.8,96,5.2
213450,,,2026-01-28,2026,2026-01,0,96,5.2
213450,,,2026-01-29,2026,2026-01,0,96,5.2
213450,,,2026-01-30,2026,2026-01,0,96,5.2
213450,,,2026-01-31,2026,2026-01,1.8,76,7
213450,,,2026-02-01,2026,2026-02,0,96,7
213450,,,2026-02-02,2026,2026-02,0,91,7
213450,,,2026-02-03,2026,2026-02,0,96,7
213450,,,2026-02-04,2026,2026-02,0,96,7
213450,,,2026-02-05,2026,2026-02,0,83,7
213450,,,2026-02-06,2026,2026-02,0,88,7
213450,,,2026-02-07,2026,2026-02,0,96,7
213450,,,2026-02-08,2026,2026-02,0,96,7
213450,,,2026-02-09,2026,2026-02,0,96,7
213450,,,2026-02-10,2026,2026-02,0,92,7
213450,,,2026-02-11,2026,2026-02,0,74,7
213450,,,2026-02-12,2026,2026-02,0,96,7
213450,,,2026-02-13,2026,2026-02,0,96,7
213450,,,2026-02-14,2026,2026-02,0,96,7
213450,,,2026-02-15,2026,2026-02,0,96,7
213450,,,2026-02-16,2026,2026-02,0,91,7
213450,,,2026-02-17,2026,2026-02,0,92,7
213450,,,2026-02-18,2026,2026-02,0,96,7
213450,,,2026-02-19,2026,2026-02,0,96,7
213450,,,2026-02-20,2026,2026-02,0,92,7
213450,,,2026-02-21,2026,2026-02,0,96,7
213450,,,2026-02-22,2026,2026-02,0,83,7
213450,,,2026-02-23,2026,2026-02,0,76,7
213450,,,2026-02-24,2026,2026-02,0,86,7
213450,,,2026-02-25,2026,2026-02,0,89,7
213450,,,2026-02-26,2026,2026-02,0,52,7
213450,,,2026-02-27,2026,2026-02,0,95,7
213450,,,2026-02-28,2026,2026-02,0,84,7
213450,,,2026-03-01,2026,2026-03,0,96,7
213450,,,2026-03-02,2026,2026-03,0,96,7
213450,,,2026-03-03,2026,2026-03,0,96,7
213450,,,2026-03-04,2026,2026-03,0,87,7
213450,,,2026-03-05,2026,2026-03,0,87,7
213450,,,2026-03-06,2026,2026-03,0,59,7
213450,,,2026-03-07,2026,2026-03,0,96,7
213450,,,2026-03-08,2026,2026-03,0,70,7
213450,,,2026-03-09,2026,2026-03,0,96,7
213450,,,2026-03-10,2026,2026-03,0,96,7
213450,,,2026-03-11,2026,2026-03,0,96,7
213450,,,2026-03-12,2026,2026-03,0,90,7
213450,,,2026-03-13,2026,2026-03,2.6,84,9.6
213450,,,2026-03-14,2026,2026-03,0,96,9.6
213450,,,2026-03-15,2026,2026-03,0,92,9.6
213450,,,2026-03-16,2026,2026-03,0,92,9.6
213450,,,2026-03-17,2026,2026-03,3.2,92,12.8
213450,,,2026-03-18,2026,2026-03,0,96,12.8
213450,,,2026-03-19,2026,2026-03,0,83,12.8
213450,,,2026-03-20,2026,2026-03,1.4,95,14.2
213450,,,2026-03-21,2026,2026-03,0,67,14.2
213450,,,2026-03-22,2026,2026-03,0,96,14.2
213450,,,2026-03-23,2026,2026-03,0,96,14.2
213450,,,2026-03-24,2026,2026-03,0,96,14.2
213450,,,2026-03-25,2026,2026-03,0,96,14.2
213450,,,2026-03-26,2026,2026-03,0,96,14.2
213450,,,2026-03-27,2026,2026-03,0,94,14.2
213450,,,2026-03-28,2026,2026-03,0,96,14.2
213450,,,2026-03-29,2026,2026-03,0,96,14.2
213450,,,2026-03-30,2026,2026-03,0,77,14.2
213450,,,2026-03-31,2026,2026-03,0,96,14.2
213450,,,2026-04-01,2026,2026-04,0.2,96,14.4
213450,,,2026-04-02,2026,2026-04,0.2,96,14.6
213450,,,2026-04-03,2026,2026-04,7,96,21.6
213450,,,2026-04-04,2026,2026-04,0,96,21.6
213450,,,2026-04-05,2026,2026-04,0,96,21.6
213450,,,2026-04-06,2026,2026-04,5,92,26.6
213450,,,2026-04-07,2026,2026-04,18.2,85,44.8
213450,,,2026-04-08,2026,2026-04,0,92,44.8
213450,,,2026-04-09,2026,2026-04,0,88,44.8
213450,,,2026-04-10,2026,2026-04,0,81,44.8
213450,,,2026-04-11,2026,2026-04,0,96,44.8
213450,,,2026-04-12,2026,2026-04,0,90,44.8
213450,,,2026-04-13,2026,2026-04,0,81,44.8
213450,,,2026-04-14,2026,2026-04,5.8,96,50.6
213450,,,2026-04-15,2026,2026-04,0.8,96,51.4
213450,,,2026-04-16,2026,2026-04,58.4,96,109.8
213450,,,2026-04-17,2026,2026-04,0.2,96,110
213450,,,2026-04-18,2026,2026-04,0,96,110
213450,,,2026-04-19,2026,2026-04,0,96,110
213450,,,2026-04-20,2026,2026-04,0,96,110
213450,,,2026-04-21,2026,2026-04,0,79,110
213450,,,2026-04-22,2026,2026-04,0,80,110
213450,,,2026-04-23,2026,2026-04,0,94,110
213450,,,2026-04-24,2026,2026-04,0,80,110
213450,,,2026-04-25,2026,2026-04,53.2,85,163.2
213450,,,2026-04-26,2026,2026-04,0,67,163.2
213450,,,2026-04-27,2026,2026-04,0.6,96,163.8
213450,,,2026-04-28,2026,2026-04,0,96,163.8
213450,,,2026-04-29,2026,2026-04,0,80,163.8
213450,,,2026-04-30,2026,2026-04,0,96,163.8
213450,,,2026-05-01,2026,2026-05,0.4,96,164.2
213450,,,2026-05-02,2026,2026-05,0.4,80,164.6
213450,,,2026-05-03,2026,2026-05,0,96,164.6
213450,,,2026-05-04,2026,2026-05,0,95,164.6
213450,,,2026-05-05,2026,2026-05,0,79,164.6
213450,,,2026-05-06,2026,2026-05,0,93,164.6
213450,,,2026-05-07,2026,2026-05,0,83,164.6
213450,,,2026-05-08,2026,2026-05,1.8,87,166.4
213450,,,2026-05-09,2026,2026-05,0,75,166.4
213450,,,2026-05-10,2026,2026-05,0,96,166.4
213450,,,2026-05-11,2026,2026-05,0,93,166.4
213450,,,2026-05-12,2026,2026-05,21.8,79,188.2
213450,,,2026-05-13,2026,2026-05,0.4,70,188.6
213450,,,2026-05-14,2026,2026-05,0,96,188.6
213450,,,2026-05-15,2026,2026-05,0,76,188.6
213450,,,2026-05-16,2026,2026-05,6.2,96,194.8
213450,,,2026-05-17,2026,2026-05,26,96,220.8
213450,,,2026-05-18,2026,2026-05,0,77,220.8
213450,,,2026-05-19,2026,2026-05,0,96,220.8
213450,,,2026-05-20,2026,2026-05,0.6,96,221.4
213450,,,2026-05-21,2026,2026-05,22.2,76,243.6
213450,,,2026-05-22,2026,2026-05,0,96,243.6
213450,,,2026-05-23,2026,2026-05,0.6,96,244.2
213450,,,2026-05-24,2026,2026-05,0,96,244.2
213450,,,2026-05-25,2026,2026-05,6.4,81,250.6
213450,,,2026-05-26,2026,2026-05,2.6,87,253.2
213450,,,2026-05-27,2026,2026-05,3.4,78,256.6
213450,,,2026-05-28,2026,2026-05,1,96,257.6
213450,,,2026-05-29,2026,2026-05,3.2,93,260.8
213450,,,2026-05-30,2026,2026-05,0,71,260.8
213450,,,2026-05-31,2026,2026-05,0,62,260.8
213450,,,2026-06-01,2026,2026-06,0,96,260.8
213450,,,2026-06-02,2026,2026-06,8.2,49,269
213450,,,2026-06-03,2026,2026-06,43.6,96,312.6
213450,,,2026-06-04,2026,2026-06,32.6,96,345.2
213450,,,2026-06-05,2026,2026-06,55.8,96,401
213450,,,2026-06-06,2026,2026-06,0,94,401
213450,,,2026-06-07,2026,2026-06,29.8,91,430.8
213450,,,2026-06-08,2026,2026-06,11.2,96,442
213450,,,2026-06-09,2026,2026-06,0,96,442
213450,,,2026-06-10,2026,2026-06,0,96,442
213450,,,2026-06-11,2026,2026-06,13,76,455
213450,,,2026-06-12,2026,2026-06,0,96,455
213450,,,2026-06-13,2026,2026-06,0,95,455
213450,,,2026-06-14,2026,2026-06,0,78,455
213450,,,2026-06-15,2026,2026-06,17.2,72,472.2
213450,,,2026-06-16,2026,2026-06,0.2,96,472.4
213450,,,2026-06-17,2026,2026-06,0,91,472.4
213450,,,2026-06-18,2026,2026-06,18.6,82,491
213450,,,2026-06-19,2026,2026-06,25.6,88,516.6
213450,,,2026-06-20,2026,2026-06,0,96,516.6
213450,,,2026-06-21,2026,2026-06,8.2,96,524.8
213450,,,2026-06-22,2026,2026-06,32.4,76,557.2
213450,,,2026-06-23,2026,2026-06,0,96,557.2
213450,,,2026-06-24,2026,2026-06,0,82,557.2
213450,,,2026-06-25,2026,2026-06,16,90,573.2
213450,,,2026-06-26,2026,2026-06,0,96,573.2
213450,,,2026-06-27,2026,2026-06,0,92,573.2
213450,,,2026-06-28,2026,2026-06,20.8,84,594
213450,,,2026-06-29,2026,2026-06,0,76,594
213450,,,2026-06-30,2026,2026-06,0.8,93,594.8
213450,,,2026-07-01,2026,2026-07,0.8,90,595.6
213450,,,2026-07-02,2026,2026-07,12,80,607.6
213450,,,2026-07-03,2026,2026-07,36.4,89,644
213450,,,2026-07-04,2026,2026-07,0.4,77,644.4
213450,,,2026-07-05,2026,2026-07,0,96,644.4
213450,,,2026-07-06,2026,2026-07,10.4,80,654.8
213450,,,2026-07-07,2026,2026-07,1.8,77,656.6
213450,,,2026-07-08,2026,2026-07,15.6,94,672.2
213450,,,2026-07-09,2026,2026-07,14.6,78,686.8
213450,,,2026-07-10,2026,2026-07,0.2,96,687
213450,,,2026-07-11,2026,2026-07,0,96,687
213450,,,2026-07-12,2026,2026-07,16.6,94,703.6
213450,,,2026-07-13,2026,2026-07,1.2,77,704.8
213450,,,2026-07-14,2026,2026-07,0,76,704.8
213450,,,2026-07-15,2026,2026-07,0.4,96,705.2
213450,,,2026-07-16,2026,2026-07,11.2,96,716.4
213450,,,2026-07-17,2026,2026-07,0,77,716.4
213450,,,2026-07-18,2026,2026-07,3.4,94,719.8
213450,,,2026-07-19,2026,2026-07,1,75,720.8
213450,,,2026-07-20,2026,2026-07,41,90,761.8
213450,,,2026-07-21,2026,2026-07,0.2,96,762
213450,,,2026-07-22,2026,2026-07,0,76,762
213450,,,2026-07-23,2026,2026-07,87,96,849
213450,,,2026-07-24,2026,2026-07,0,96,849
213450,,,2026-07-25,2026,2026-07,0.4,96,849.4
213450,,,2026-07-26,2026,2026-07,40,96,889.4
213450,,,2026-07-27,2026,2026-07,0.6,96,890
213450,,,2026-07-28,2026,2026-07,0,76,890
213450,,,2026-07-29,2026,2026-07,53.2,76,943.2
213450,,,2026-07-30,2026,2026-07,28,70,971.2
213450,,,2026-07-31,2026,2026-07,0.4,75,971.6
213450,,,2026-08-01,2026,2026-08,0,96,971.6
213450,,,2026-08-02,2026,2026-08,0,89,971.6
213617,G06,Oriente,2025-05-28,2025,2025-05,0.2,18,0.2
213617,G06,Oriente,2025-05-29,2025,2025-05,0,96,0.2
213617,G06,Oriente,2025-05-30,2025,2025-05,2.8,96,3
213617,G06,Oriente,2025-05-31,2025,2025-05,0.4,96,3.4
213617,G06,Oriente,2025-06-01,2025,2025-06,0.8,96,4.2
213617,G06,Oriente,2025-06-02,2025,2025-06,1,96,5.2
213617,G06,Oriente,2025-06-03,2025,2025-06,0,96,5.2
213617,G06,Oriente,2025-06-04,2025,2025-06,0,96,5.2
213617,G06,Oriente,2025-06-05,2025,2025-06,0,96,5.2
213617,G06,Oriente,2025-06-06,2025,2025-06,0,96,5.2
213617,G06,Oriente,2025-06-07,2025,2025-06,12,96,17.2
213617,G06,Oriente,2025-06-08,2025,2025-06,1.4,96,18.6
213617,G06,Oriente,2025-06-09,2025,2025-06,0,96,18.6
213617,G06,Oriente,2025-06-10,2025,2025-06,47,96,65.6
213617,G06,Oriente,2025-06-11,2025,2025-06,0.4,96,66
213617,G06,Oriente,2025-06-12,2025,2025-06,5.8,96,71.8
213617,G06,Oriente,2025-06-13,2025,2025-06,4.6,96,76.4
213617,G06,Oriente,2025-06-14,2025,2025-06,0,96,76.4
213617,G06,Oriente,2025-06-15,2025,2025-06,0,96,76.4
213617,G06,Oriente,2025-06-16,2025,2025-06,7.6,96,84
213617,G06,Oriente,2025-06-17,2025,2025-06,0,96,84
213617,G06,Oriente,2025-06-18,2025,2025-06,0,96,84
213617,G06,Oriente,2025-06-19,2025,2025-06,4.8,96,88.8
213617,G06,Oriente,2025-06-20,2025,2025-06,14,96,102.8
213617,G06,Oriente,2025-06-21,2025,2025-06,30.2,96,133
213617,G06,Oriente,2025-06-22,2025,2025-06,18,96,151
213617,G06,Oriente,2025-06-23,2025,2025-06,8.6,96,159.6
213617,G06,Oriente,2025-06-24,2025,2025-06,11.8,96,171.4
213617,G06,Oriente,2025-06-25,2025,2025-06,8.4,96,179.8
213617,G06,Oriente,2025-06-26,2025,2025-06,3.4,96,183.2
213617,G06,Oriente,2025-06-27,2025,2025-06,0.2,96,183.4
213617,G06,Oriente,2025-06-28,2025,2025-06,0,96,183.4
213617,G06,Oriente,2025-06-29,2025,2025-06,7.4,96,190.8
213617,G06,Oriente,2025-06-30,2025,2025-06,9.4,96,200.2
213617,G06,Oriente,2025-07-01,2025,2025-07,0,96,200.2
213617,G06,Oriente,2025-07-02,2025,2025-07,11.4,96,211.6
213617,G06,Oriente,2025-07-03,2025,2025-07,16.6,96,228.2
213617,G06,Oriente,2025-07-04,2025,2025-07,74,96,302.2
213617,G06,Oriente,2025-07-05,2025,2025-07,0,96,302.2
213617,G06,Oriente,2025-07-06,2025,2025-07,0.2,96,302.4
213617,G06,Oriente,2025-07-07,2025,2025-07,0,96,302.4
213617,G06,Oriente,2025-07-08,2025,2025-07,1.2,96,303.6
213617,G06,Oriente,2025-07-09,2025,2025-07,26,96,329.6
213617,G06,Oriente,2025-07-10,2025,2025-07,0,96,329.6
213617,G06,Oriente,2025-07-11,2025,2025-07,28,96,357.6
213617,G06,Oriente,2025-07-12,2025,2025-07,41,96,398.6
213617,G06,Oriente,2025-07-13,2025,2025-07,0,96,398.6
213617,G06,Oriente,2025-07-14,2025,2025-07,0,96,398.6
213617,G06,Oriente,2025-07-15,2025,2025-07,0,96,398.6
213617,G06,Oriente,2025-07-16,2025,2025-07,0,96,398.6
213617,G06,Oriente,2025-07-17,2025,2025-07,0.2,96,398.8
213617,G06,Oriente,2025-07-18,2025,2025-07,5.2,96,404
213617,G06,Oriente,2025-07-19,2025,2025-07,40,96,444
213617,G06,Oriente,2025-07-20,2025,2025-07,20.2,96,464.2
213617,G06,Oriente,2025-07-21,2025,2025-07,0,96,464.2
213617,G06,Oriente,2025-07-22,2025,2025-07,3.8,96,468
213617,G06,Oriente,2025-07-23,2025,2025-07,6,96,474
213617,G06,Oriente,2025-07-24,2025,2025-07,83.4,96,557.4
213617,G06,Oriente,2025-07-25,2025,2025-07,1,96,558.4
213617,G06,Oriente,2025-07-26,2025,2025-07,0,96,558.4
213617,G06,Oriente,2025-07-27,2025,2025-07,0,96,558.4
213617,G06,Oriente,2025-07-28,2025,2025-07,0,96,558.4
213617,G06,Oriente,2025-07-29,2025,2025-07,3.4,96,561.8
213617,G06,Oriente,2025-07-30,2025,2025-07,0.8,96,562.6
213617,G06,Oriente,2025-07-31,2025,2025-07,30.6,96,593.2
213617,G06,Oriente,2025-08-01,2025,2025-08,0,96,593.2
213617,G06,Oriente,2025-08-02,2025,2025-08,0.6,96,593.8
213617,G06,Oriente,2025-08-03,2025,2025-08,0,96,593.8
213617,G06,Oriente,2025-08-04,2025,2025-08,0,96,593.8
213617,G06,Oriente,2025-08-05,2025,2025-08,0,96,593.8
213617,G06,Oriente,2025-08-06,2025,2025-08,0,96,593.8
213617,G06,Oriente,2025-08-07,2025,2025-08,0,77,593.8
213617,G06,Oriente,2025-08-08,2025,2025-08,0,96,593.8
213617,G06,Oriente,2025-08-09,2025,2025-08,0,96,593.8
213617,G06,Oriente,2025-08-10,2025,2025-08,0,96,593.8
213617,G06,Oriente,2025-08-11,2025,2025-08,0,96,593.8
213617,G06,Oriente,2025-08-12,2025,2025-08,0,96,593.8
213617,G06,Oriente,2025-08-13,2025,2025-08,0,87,593.8
213617,G06,Oriente,2025-08-14,2025,2025-08,12,64,605.8
213617,G06,Oriente,2025-08-15,2025,2025-08,0.8,71,606.6
213617,G06,Oriente,2025-08-16,2025,2025-08,0,2,606.6
213617,G06,Oriente,2025-08-17,2025,2025-08,19.8,49,626.4
213617,G06,Oriente,2025-08-18,2025,2025-08,0,15,626.4
213617,G06,Oriente,2025-08-19,2025,2025-08,0,28,626.4
213617,G06,Oriente,2025-08-20,2025,2025-08,0,32,626.4
213617,G06,Oriente,2025-08-21,2025,2025-08,0,42,626.4
213617,G06,Oriente,2025-08-22,2025,2025-08,2,89,628.4
213617,G06,Oriente,2025-08-23,2025,2025-08,0,75,628.4
213617,G06,Oriente,2025-08-24,2025,2025-08,0,96,628.4
213617,G06,Oriente,2025-08-25,2025,2025-08,0.2,96,628.6
213617,G06,Oriente,2025-08-26,2025,2025-08,6,95,634.6
213617,G06,Oriente,2025-08-27,2025,2025-08,12.6,54,647.2
213617,G06,Oriente,2025-08-28,2025,2025-08,0,16,647.2
213617,G06,Oriente,2025-08-29,2025,2025-08,0,30,647.2
213617,G06,Oriente,2025-09-02,2025,2025-09,2,23,649.2
213617,G06,Oriente,2025-09-03,2025,2025-09,0.2,15,649.4
213617,G06,Oriente,2025-09-07,2025,2025-09,7,16,656.4
213617,G06,Oriente,2025-09-08,2025,2025-09,0,9,656.4
213617,G06,Oriente,2025-09-09,2025,2025-09,0,93,656.4
213617,G06,Oriente,2025-09-10,2025,2025-09,0,78,656.4
213617,G06,Oriente,2025-09-11,2025,2025-09,0,50,656.4
213617,G06,Oriente,2025-09-12,2025,2025-09,0,32,656.4
213617,G06,Oriente,2025-09-13,2025,2025-09,0,62,656.4
213617,G06,Oriente,2025-09-14,2025,2025-09,0,81,656.4
213617,G06,Oriente,2025-09-15,2025,2025-09,0.2,77,656.6
213617,G06,Oriente,2025-09-16,2025,2025-09,0,62,656.6
213617,G06,Oriente,2025-09-17,2025,2025-09,0,96,656.6
213617,G06,Oriente,2025-09-18,2025,2025-09,0,20,656.6
213617,G06,Oriente,2025-09-19,2025,2025-09,0,75,656.6
213617,G06,Oriente,2025-09-20,2025,2025-09,0,95,656.6
213617,G06,Oriente,2025-09-21,2025,2025-09,0.8,89,657.4
213617,G06,Oriente,2025-09-22,2025,2025-09,0,64,657.4
213617,G06,Oriente,2025-09-23,2025,2025-09,0,96,657.4
213617,G06,Oriente,2025-09-24,2025,2025-09,0,60,657.4
213617,G06,Oriente,2025-09-25,2025,2025-09,0,66,657.4
213617,G06,Oriente,2025-09-26,2025,2025-09,0,55,657.4
213617,G06,Oriente,2025-09-27,2025,2025-09,0.4,45,657.8
213617,G06,Oriente,2025-09-28,2025,2025-09,0,21,657.8
213617,G06,Oriente,2025-09-29,2025,2025-09,2.8,82,660.6
213617,G06,Oriente,2025-09-30,2025,2025-09,0.6,86,661.2
213617,G06,Oriente,2025-10-01,2025,2025-10,0,81,661.2
213617,G06,Oriente,2025-10-02,2025,2025-10,0,94,661.2
213617,G06,Oriente,2025-10-03,2025,2025-10,0,50,661.2
213617,G06,Oriente,2025-10-04,2025,2025-10,0,89,661.2
213617,G06,Oriente,2025-10-05,2025,2025-10,0,37,661.2
213617,G06,Oriente,2025-10-06,2025,2025-10,0,94,661.2
213617,G06,Oriente,2025-10-07,2025,2025-10,0,88,661.2
213617,G06,Oriente,2025-10-08,2025,2025-10,0,96,661.2
213617,G06,Oriente,2025-10-09,2025,2025-10,0,78,661.2
213617,G06,Oriente,2025-10-10,2025,2025-10,0,24,661.2
213617,G06,Oriente,2025-10-11,2025,2025-10,0,91,661.2
213617,G06,Oriente,2025-10-12,2025,2025-10,10.8,95,672
213617,G06,Oriente,2025-10-13,2025,2025-10,0.4,85,672.4
213617,G06,Oriente,2025-10-14,2025,2025-10,0,91,672.4
213617,G06,Oriente,2025-10-15,2025,2025-10,26.4,88,698.8
213617,G06,Oriente,2025-10-16,2025,2025-10,0,89,698.8
213617,G06,Oriente,2025-10-17,2025,2025-10,0,57,698.8
213617,G06,Oriente,2025-10-18,2025,2025-10,0,80,698.8
213617,G06,Oriente,2025-10-20,2025,2025-10,0,15,698.8
213617,G06,Oriente,2025-10-21,2025,2025-10,0,53,698.8
213617,G06,Oriente,2025-10-22,2025,2025-10,1.4,66,700.2
213617,G06,Oriente,2025-10-23,2025,2025-10,0.8,96,701
213617,G06,Oriente,2025-10-24,2025,2025-10,0,25,701
213617,G06,Oriente,2025-10-25,2025,2025-10,0,55,701
213617,G06,Oriente,2025-10-26,2025,2025-10,0,96,701
213617,G06,Oriente,2025-10-27,2025,2025-10,1.2,89,702.2
213617,G06,Oriente,2025-10-28,2025,2025-10,0,96,702.2
213617,G06,Oriente,2025-10-29,2025,2025-10,0,85,702.2
213617,G06,Oriente,2025-10-30,2025,2025-10,0,90,702.2
213617,G06,Oriente,2025-10-31,2025,2025-10,0,89,702.2
213617,G06,Oriente,2025-11-01,2025,2025-11,0.4,89,702.6
213617,G06,Oriente,2025-11-02,2025,2025-11,0,63,702.6
213617,G06,Oriente,2025-11-03,2025,2025-11,0,26,702.6
213617,G06,Oriente,2025-11-04,2025,2025-11,1.4,89,704
213617,G06,Oriente,2025-11-05,2025,2025-11,8.6,16,712.6
213617,G06,Oriente,2025-11-06,2025,2025-11,0,24,712.6
213617,G06,Oriente,2025-11-07,2025,2025-11,0,18,712.6
213617,G06,Oriente,2025-11-08,2025,2025-11,0.2,77,712.8
213617,G06,Oriente,2025-11-09,2025,2025-11,0,96,712.8
213617,G06,Oriente,2025-11-10,2025,2025-11,0,89,712.8
213617,G06,Oriente,2025-11-11,2025,2025-11,0.2,91,713
213617,G06,Oriente,2025-11-12,2025,2025-11,3.2,90,716.2
213617,G06,Oriente,2025-11-13,2025,2025-11,0,92,716.2
213617,G06,Oriente,2025-11-14,2025,2025-11,0,20,716.2
213617,G06,Oriente,2025-11-15,2025,2025-11,0,49,716.2
213617,G06,Oriente,2025-11-16,2025,2025-11,0.8,64,717
213617,G06,Oriente,2025-11-17,2025,2025-11,46.6,40,763.6
213617,G06,Oriente,2025-11-18,2025,2025-11,0,96,763.6
213617,G06,Oriente,2025-11-19,2025,2025-11,28,80,791.6
213617,G06,Oriente,2025-11-20,2025,2025-11,1.4,94,793
213617,G06,Oriente,2025-11-21,2025,2025-11,0,96,793
213617,G06,Oriente,2025-11-22,2025,2025-11,0,96,793
213617,G06,Oriente,2025-11-23,2025,2025-11,4.4,91,797.4
213617,G06,Oriente,2025-11-24,2025,2025-11,6.2,86,803.6
213617,G06,Oriente,2025-11-25,2025,2025-11,0.4,89,804
213617,G06,Oriente,2025-11-26,2025,2025-11,0.4,96,804.4
213617,G06,Oriente,2025-11-27,2025,2025-11,0.8,96,805.2
213617,G06,Oriente,2025-11-28,2025,2025-11,3.6,81,808.8
213617,G06,Oriente,2025-11-29,2025,2025-11,0,96,808.8
213617,G06,Oriente,2025-11-30,2025,2025-11,0,76,808.8
213617,G06,Oriente,2025-12-01,2025,2025-12,0,30,808.8
213617,G06,Oriente,2025-12-02,2025,2025-12,0,35,808.8
213617,G06,Oriente,2025-12-03,2025,2025-12,0,96,808.8
213617,G06,Oriente,2025-12-04,2025,2025-12,16.8,96,825.6
213617,G06,Oriente,2025-12-05,2025,2025-12,17.2,89,842.8
213617,G06,Oriente,2025-12-07,2025,2025-12,4.2,29,847
213617,G06,Oriente,2025-12-08,2025,2025-12,0,62,847
213617,G06,Oriente,2025-12-09,2025,2025-12,0,87,847
213617,G06,Oriente,2025-12-10,2025,2025-12,11,93,858
213617,G06,Oriente,2025-12-11,2025,2025-12,0,96,858
213617,G06,Oriente,2025-12-12,2025,2025-12,7.4,95,865.4
213617,G06,Oriente,2025-12-13,2025,2025-12,0,91,865.4
213617,G06,Oriente,2025-12-14,2025,2025-12,0,85,865.4
213617,G06,Oriente,2025-12-15,2025,2025-12,0,96,865.4
213617,G06,Oriente,2025-12-16,2025,2025-12,0,96,865.4
213617,G06,Oriente,2025-12-17,2025,2025-12,0,96,865.4
213617,G06,Oriente,2025-12-18,2025,2025-12,0,94,865.4
213617,G06,Oriente,2025-12-19,2025,2025-12,0,91,865.4
213617,G06,Oriente,2025-12-20,2025,2025-12,0,96,865.4
213617,G06,Oriente,2025-12-21,2025,2025-12,0,4,865.4
213617,G06,Oriente,2025-12-24,2025,2025-12,0,94,865.4
213617,G06,Oriente,2025-12-25,2025,2025-12,0,95,865.4
213617,G06,Oriente,2025-12-26,2025,2025-12,0,94,865.4
213617,G06,Oriente,2025-12-27,2025,2025-12,0,95,865.4
213617,G06,Oriente,2025-12-28,2025,2025-12,0,95,865.4
213617,G06,Oriente,2025-12-29,2025,2025-12,4,94,869.4
213617,G06,Oriente,2025-12-30,2025,2025-12,0,82,869.4
213617,G06,Oriente,2025-12-31,2025,2025-12,0,96,869.4
213617,G06,Oriente,2026-01-01,2026,2026-01,0,6,0
213617,G06,Oriente,2026-01-02,2026,2026-01,0,16,0
213617,G06,Oriente,2026-01-03,2026,2026-01,0,95,0
213617,G06,Oriente,2026-01-04,2026,2026-01,0,95,0
213617,G06,Oriente,2026-01-05,2026,2026-01,0,95,0
213617,G06,Oriente,2026-01-06,2026,2026-01,0,15,0
213617,G06,Oriente,2026-01-07,2026,2026-01,0,96,0
213617,G06,Oriente,2026-01-08,2026,2026-01,0,87,0
213617,G06,Oriente,2026-01-09,2026,2026-01,0.2,85,0.2
213617,G06,Oriente,2026-01-10,2026,2026-01,0.8,80,1
213617,G06,Oriente,2026-01-11,2026,2026-01,0,94,1
213617,G06,Oriente,2026-01-12,2026,2026-01,0,96,1
213617,G06,Oriente,2026-01-13,2026,2026-01,0.8,96,1.8
213617,G06,Oriente,2026-01-14,2026,2026-01,0,95,1.8
213617,G06,Oriente,2026-01-15,2026,2026-01,0,96,1.8
213617,G06,Oriente,2026-01-16,2026,2026-01,29.8,62,31.6
213617,G06,Oriente,2026-01-17,2026,2026-01,0,96,31.6
213617,G06,Oriente,2026-01-18,2026,2026-01,0,96,31.6
213617,G06,Oriente,2026-01-19,2026,2026-01,0,93,31.6
213617,G06,Oriente,2026-01-20,2026,2026-01,0,89,31.6
213617,G06,Oriente,2026-01-21,2026,2026-01,0,88,31.6
213617,G06,Oriente,2026-01-22,2026,2026-01,0,96,31.6
213617,G06,Oriente,2026-01-23,2026,2026-01,0,83,31.6
213617,G06,Oriente,2026-01-24,2026,2026-01,0,91,31.6
213617,G06,Oriente,2026-01-25,2026,2026-01,0,78,31.6
213617,G06,Oriente,2026-01-26,2026,2026-01,4.8,96,36.4
213617,G06,Oriente,2026-01-27,2026,2026-01,0,96,36.4
213617,G06,Oriente,2026-01-28,2026,2026-01,0,95,36.4
213617,G06,Oriente,2026-01-29,2026,2026-01,0,94,36.4
213617,G06,Oriente,2026-01-30,2026,2026-01,1.8,96,38.2
213617,G06,Oriente,2026-01-31,2026,2026-01,0,95,38.2
213617,G06,Oriente,2026-02-01,2026,2026-02,0,78,38.2
213617,G06,Oriente,2026-02-02,2026,2026-02,0,96,38.2
213617,G06,Oriente,2026-02-03,2026,2026-02,0,61,38.2
213617,G06,Oriente,2026-02-04,2026,2026-02,0,25,38.2
213617,G06,Oriente,2026-02-05,2026,2026-02,0,96,38.2
213617,G06,Oriente,2026-02-06,2026,2026-02,0,96,38.2
213617,G06,Oriente,2026-02-07,2026,2026-02,0,94,38.2
213617,G06,Oriente,2026-02-08,2026,2026-02,0,74,38.2
213617,G06,Oriente,2026-02-09,2026,2026-02,0,66,38.2
213617,G06,Oriente,2026-02-10,2026,2026-02,0,13,38.2
213617,G06,Oriente,2026-02-11,2026,2026-02,0,86,38.2
213617,G06,Oriente,2026-02-12,2026,2026-02,0,92,38.2
213617,G06,Oriente,2026-02-13,2026,2026-02,0,83,38.2
213617,G06,Oriente,2026-02-14,2026,2026-02,0,91,38.2
213617,G06,Oriente,2026-02-15,2026,2026-02,0,92,38.2
213617,G06,Oriente,2026-02-16,2026,2026-02,0,94,38.2
213617,G06,Oriente,2026-02-17,2026,2026-02,0,96,38.2
213617,G06,Oriente,2026-02-18,2026,2026-02,0,96,38.2
213617,G06,Oriente,2026-02-19,2026,2026-02,0,93,38.2
213617,G06,Oriente,2026-02-20,2026,2026-02,0,92,38.2
213617,G06,Oriente,2026-02-21,2026,2026-02,0,96,38.2
213617,G06,Oriente,2026-02-22,2026,2026-02,0,96,38.2
213617,G06,Oriente,2026-02-23,2026,2026-02,0,95,38.2
213617,G06,Oriente,2026-02-24,2026,2026-02,0,96,38.2
213617,G06,Oriente,2026-02-25,2026,2026-02,0,96,38.2
213617,G06,Oriente,2026-02-26,2026,2026-02,0,94,38.2
213617,G06,Oriente,2026-02-27,2026,2026-02,0,77,38.2
213617,G06,Oriente,2026-02-28,2026,2026-02,0,93,38.2
213617,G06,Oriente,2026-03-01,2026,2026-03,0,91,38.2
213617,G06,Oriente,2026-03-02,2026,2026-03,0,95,38.2
213617,G06,Oriente,2026-03-03,2026,2026-03,0,96,38.2
213617,G06,Oriente,2026-03-04,2026,2026-03,0,92,38.2
213617,G06,Oriente,2026-03-05,2026,2026-03,0,92,38.2
213617,G06,Oriente,2026-03-06,2026,2026-03,0,81,38.2
213617,G06,Oriente,2026-03-07,2026,2026-03,0,88,38.2
213617,G06,Oriente,2026-03-08,2026,2026-03,0,93,38.2
213617,G06,Oriente,2026-03-09,2026,2026-03,0,88,38.2
213617,G06,Oriente,2026-03-10,2026,2026-03,0,72,38.2
213617,G06,Oriente,2026-03-11,2026,2026-03,0,96,38.2
213617,G06,Oriente,2026-03-12,2026,2026-03,0,96,38.2
213617,G06,Oriente,2026-03-13,2026,2026-03,0,90,38.2
213617,G06,Oriente,2026-03-14,2026,2026-03,0,92,38.2
213617,G06,Oriente,2026-03-15,2026,2026-03,0,87,38.2
213617,G06,Oriente,2026-03-16,2026,2026-03,0,26,38.2
213617,G06,Oriente,2026-03-17,2026,2026-03,0,95,38.2
213617,G06,Oriente,2026-03-18,2026,2026-03,0,96,38.2
213617,G06,Oriente,2026-03-19,2026,2026-03,0,91,38.2
213617,G06,Oriente,2026-03-20,2026,2026-03,0,95,38.2
213617,G06,Oriente,2026-03-21,2026,2026-03,0,96,38.2
213617,G06,Oriente,2026-03-22,2026,2026-03,0,94,38.2
213617,G06,Oriente,2026-03-23,2026,2026-03,0,79,38.2
213617,G06,Oriente,2026-03-24,2026,2026-03,0,84,38.2
213617,G06,Oriente,2026-03-25,2026,2026-03,0,63,38.2
213617,G06,Oriente,2026-03-26,2026,2026-03,0,79,38.2
213617,G06,Oriente,2026-03-27,2026,2026-03,0,95,38.2
213617,G06,Oriente,2026-03-28,2026,2026-03,0,80,38.2
213617,G06,Oriente,2026-03-29,2026,2026-03,0,92,38.2
213617,G06,Oriente,2026-03-30,2026,2026-03,0,91,38.2
213617,G06,Oriente,2026-03-31,2026,2026-03,0,92,38.2
213617,G06,Oriente,2026-04-01,2026,2026-04,0,88,38.2
213617,G06,Oriente,2026-04-02,2026,2026-04,0,94,38.2
213617,G06,Oriente,2026-04-03,2026,2026-04,0,96,38.2
213617,G06,Oriente,2026-04-04,2026,2026-04,0,96,38.2
213617,G06,Oriente,2026-04-05,2026,2026-04,0,95,38.2
213617,G06,Oriente,2026-04-06,2026,2026-04,0,90,38.2
213617,G06,Oriente,2026-04-07,2026,2026-04,0,95,38.2
213617,G06,Oriente,2026-04-08,2026,2026-04,0,86,38.2
213617,G06,Oriente,2026-04-09,2026,2026-04,0,78,38.2
213617,G06,Oriente,2026-04-10,2026,2026-04,0,80,38.2
213617,G06,Oriente,2026-04-11,2026,2026-04,0,96,38.2
213617,G06,Oriente,2026-04-12,2026,2026-04,0,78,38.2
213617,G06,Oriente,2026-04-13,2026,2026-04,0,91,38.2
213617,G06,Oriente,2026-04-14,2026,2026-04,0,84,38.2
213617,G06,Oriente,2026-04-15,2026,2026-04,0,56,38.2
213617,G06,Oriente,2026-04-16,2026,2026-04,0,86,38.2
213617,G06,Oriente,2026-04-17,2026,2026-04,0,8,38.2
213617,G06,Oriente,2026-04-18,2026,2026-04,0,47,38.2
213617,G06,Oriente,2026-04-19,2026,2026-04,0,96,38.2
213617,G06,Oriente,2026-04-20,2026,2026-04,0,92,38.2
213617,G06,Oriente,2026-04-21,2026,2026-04,0,82,38.2
213617,G06,Oriente,2026-04-22,2026,2026-04,0,88,38.2
213617,G06,Oriente,2026-04-23,2026,2026-04,0,85,38.2
213617,G06,Oriente,2026-04-24,2026,2026-04,0,86,38.2
213617,G06,Oriente,2026-04-25,2026,2026-04,0,14,38.2
213617,G06,Oriente,2026-04-27,2026,2026-04,2.2,31,40.4
213617,G06,Oriente,2026-04-28,2026,2026-04,0,31,40.4
213617,G06,Oriente,2026-04-29,2026,2026-04,0,85,40.4
213617,G06,Oriente,2026-04-30,2026,2026-04,0,82,40.4
213617,G06,Oriente,2026-05-01,2026,2026-05,0,88,40.4
213617,G06,Oriente,2026-05-02,2026,2026-05,0,91,40.4
213617,G06,Oriente,2026-05-03,2026,2026-05,0,92,40.4
213617,G06,Oriente,2026-05-04,2026,2026-05,0,87,40.4
213617,G06,Oriente,2026-05-05,2026,2026-05,0,86,40.4
213617,G06,Oriente,2026-05-06,2026,2026-05,0,78,40.4
213617,G06,Oriente,2026-05-07,2026,2026-05,0,67,40.4
213617,G06,Oriente,2026-05-08,2026,2026-05,0,89,40.4
213617,G06,Oriente,2026-05-09,2026,2026-05,0,77,40.4
213617,G06,Oriente,2026-05-10,2026,2026-05,0,86,40.4
213617,G06,Oriente,2026-05-11,2026,2026-05,0,92,40.4
213617,G06,Oriente,2026-05-12,2026,2026-05,0,87,40.4
213617,G06,Oriente,2026-05-13,2026,2026-05,0,75,40.4
213617,G06,Oriente,2026-05-14,2026,2026-05,0,74,40.4
213617,G06,Oriente,2026-05-15,2026,2026-05,0,95,40.4
213617,G06,Oriente,2026-05-16,2026,2026-05,4.2,81,44.6
213617,G06,Oriente,2026-05-17,2026,2026-05,0,90,44.6
213617,G06,Oriente,2026-05-18,2026,2026-05,0,93,44.6
213617,G06,Oriente,2026-05-19,2026,2026-05,0,93,44.6
213617,G06,Oriente,2026-05-20,2026,2026-05,0,90,44.6
213617,G06,Oriente,2026-05-21,2026,2026-05,0,85,44.6
213617,G06,Oriente,2026-05-22,2026,2026-05,1,93,45.6
213617,G06,Oriente,2026-05-23,2026,2026-05,5.2,80,50.8
213617,G06,Oriente,2026-05-24,2026,2026-05,25.4,71,76.2
213617,G06,Oriente,2026-05-25,2026,2026-05,72,93,148.2
213617,G06,Oriente,2026-05-26,2026,2026-05,0,94,148.2
213617,G06,Oriente,2026-05-27,2026,2026-05,0,80,148.2
213617,G06,Oriente,2026-05-28,2026,2026-05,0,96,148.2
213617,G06,Oriente,2026-05-29,2026,2026-05,0,92,148.2
213617,G06,Oriente,2026-05-30,2026,2026-05,0,72,148.2
213617,G06,Oriente,2026-05-31,2026,2026-05,0.4,79,148.6
213617,G06,Oriente,2026-06-01,2026,2026-06,1,85,149.6
213617,G06,Oriente,2026-06-02,2026,2026-06,5.4,96,155
213617,G06,Oriente,2026-06-03,2026,2026-06,3.4,94,158.4
213617,G06,Oriente,2026-06-04,2026,2026-06,39.2,89,197.6
213617,G06,Oriente,2026-06-05,2026,2026-06,0.2,72,197.8
213617,G06,Oriente,2026-06-06,2026,2026-06,8,93,205.8
213617,G06,Oriente,2026-06-07,2026,2026-06,0.4,89,206.2
213617,G06,Oriente,2026-06-08,2026,2026-06,2.4,95,208.6
213617,G06,Oriente,2026-06-09,2026,2026-06,0,93,208.6
213617,G06,Oriente,2026-06-10,2026,2026-06,0,78,208.6
213617,G06,Oriente,2026-06-11,2026,2026-06,2.8,86,211.4
213617,G06,Oriente,2026-06-12,2026,2026-06,13.6,96,225
213617,G06,Oriente,2026-06-13,2026,2026-06,0,92,225
213617,G06,Oriente,2026-06-14,2026,2026-06,0.8,90,225.8
213617,G06,Oriente,2026-06-15,2026,2026-06,0.6,96,226.4
213617,G06,Oriente,2026-06-16,2026,2026-06,6.8,96,233.2
213617,G06,Oriente,2026-06-17,2026,2026-06,19.4,94,252.6
213617,G06,Oriente,2026-06-18,2026,2026-06,7.4,89,260
213617,G06,Oriente,2026-06-19,2026,2026-06,2.2,85,262.2
213617,G06,Oriente,2026-06-20,2026,2026-06,0,93,262.2
213617,G06,Oriente,2026-06-21,2026,2026-06,0,85,262.2
213617,G06,Oriente,2026-06-22,2026,2026-06,0,84,262.2
213617,G06,Oriente,2026-06-23,2026,2026-06,0,92,262.2
213617,G06,Oriente,2026-06-24,2026,2026-06,9.4,96,271.6
213617,G06,Oriente,2026-06-25,2026,2026-06,0.2,95,271.8
213617,G06,Oriente,2026-06-26,2026,2026-06,0,96,271.8
213617,G06,Oriente,2026-06-27,2026,2026-06,23.2,90,295
213617,G06,Oriente,2026-06-28,2026,2026-06,16.6,94,311.6
213617,G06,Oriente,2026-06-29,2026,2026-06,0,93,311.6
213617,G06,Oriente,2026-06-30,2026,2026-06,1,43,312.6
213617,G06,Oriente,2026-07-01,2026,2026-07,0.2,95,312.8
213617,G06,Oriente,2026-07-02,2026,2026-07,0,91,312.8
213617,G06,Oriente,2026-07-03,2026,2026-07,0,14,312.8
213617,G06,Oriente,2026-07-04,2026,2026-07,0,96,312.8
213617,G06,Oriente,2026-07-05,2026,2026-07,0,82,312.8
213617,G06,Oriente,2026-07-06,2026,2026-07,0,20,312.8
213617,G06,Oriente,2026-07-09,2026,2026-07,0,14,312.8
213617,G06,Oriente,2026-07-10,2026,2026-07,0,63,312.8
213617,G06,Oriente,2026-07-11,2026,2026-07,0,95,312.8
213617,G06,Oriente,2026-07-12,2026,2026-07,12.2,96,325
213617,G06,Oriente,2026-07-13,2026,2026-07,1,96,326
213617,G06,Oriente,2026-07-14,2026,2026-07,4.2,96,330.2
213617,G06,Oriente,2026-07-15,2026,2026-07,0.2,96,330.4
213617,G06,Oriente,2026-07-16,2026,2026-07,0,96,330.4
213617,G06,Oriente,2026-07-17,2026,2026-07,1.6,96,332
213617,G06,Oriente,2026-07-18,2026,2026-07,21.8,96,353.8
213617,G06,Oriente,2026-07-19,2026,2026-07,0,96,353.8
213617,G06,Oriente,2026-07-20,2026,2026-07,0,96,353.8
213617,G06,Oriente,2026-07-21,2026,2026-07,0,96,353.8
213617,G06,Oriente,2026-07-22,2026,2026-07,2.8,96,356.6
213617,G06,Oriente,2026-07-23,2026,2026-07,0,96,356.6
213617,G06,Oriente,2026-07-24,2026,2026-07,0,96,356.6
213617,G06,Oriente,2026-07-25,2026,2026-07,18.6,96,375.2
213617,G06,Oriente,2026-07-26,2026,2026-07,14,96,389.2
213617,G06,Oriente,2026-07-27,2026,2026-07,0,96,389.2
213617,G06,Oriente,2026-07-28,2026,2026-07,0.2,96,389.4
213617,G06,Oriente,2026-07-29,2026,2026-07,13.8,96,403.2
213617,G06,Oriente,2026-07-30,2026,2026-07,0.4,96,403.6
213617,G06,Oriente,2026-07-31,2026,2026-07,1.6,96,405.2
213617,G06,Oriente,2026-08-01,2026,2026-08,0,95,405.2
213617,G06,Oriente,2026-08-02,2026,2026-08,0,81,405.2
213735,G05,Oriente,2025-05-29,2025,2025-05,0,7,0
213735,G05,Oriente,2025-05-30,2025,2025-05,1.2,95,1.2
213735,G05,Oriente,2025-05-31,2025,2025-05,4.6,96,5.8
213735,G05,Oriente,2025-06-01,2025,2025-06,15,96,20.8
213735,G05,Oriente,2025-06-02,2025,2025-06,0.2,96,21
213735,G05,Oriente,2025-06-03,2025,2025-06,0,96,21
213735,G05,Oriente,2025-06-04,2025,2025-06,0,86,21
213735,G05,Oriente,2025-06-05,2025,2025-06,0,96,21
213735,G05,Oriente,2025-06-06,2025,2025-06,0,96,21
213735,G05,Oriente,2025-06-07,2025,2025-06,0,96,21
213735,G05,Oriente,2025-06-08,2025,2025-06,0,96,21
213735,G05,Oriente,2025-06-09,2025,2025-06,0,96,21
213735,G05,Oriente,2025-06-10,2025,2025-06,30.8,96,51.8
213735,G05,Oriente,2025-06-11,2025,2025-06,1.4,96,53.2
213735,G05,Oriente,2025-06-12,2025,2025-06,0,96,53.2
213735,G05,Oriente,2025-06-13,2025,2025-06,0,96,53.2
213735,G05,Oriente,2025-06-14,2025,2025-06,0,96,53.2
213735,G05,Oriente,2025-06-15,2025,2025-06,0,96,53.2
213735,G05,Oriente,2025-06-16,2025,2025-06,0,96,53.2
213735,G05,Oriente,2025-06-17,2025,2025-06,0,96,53.2
213735,G05,Oriente,2025-06-18,2025,2025-06,0,96,53.2
213735,G05,Oriente,2025-06-19,2025,2025-06,1.8,96,55
213735,G05,Oriente,2025-06-20,2025,2025-06,0.6,93,55.6
213735,G05,Oriente,2025-06-21,2025,2025-06,43.4,96,99
213735,G05,Oriente,2025-06-22,2025,2025-06,16.4,96,115.4
213735,G05,Oriente,2025-06-23,2025,2025-06,0.8,96,116.2
213735,G05,Oriente,2025-06-24,2025,2025-06,1.2,96,117.4
213735,G05,Oriente,2025-06-25,2025,2025-06,12.6,96,130
213735,G05,Oriente,2025-06-26,2025,2025-06,0,96,130
213735,G05,Oriente,2025-06-27,2025,2025-06,0,96,130
213735,G05,Oriente,2025-06-28,2025,2025-06,0,96,130
213735,G05,Oriente,2025-06-29,2025,2025-06,0,96,130
213735,G05,Oriente,2025-06-30,2025,2025-06,0,96,130
213735,G05,Oriente,2025-07-01,2025,2025-07,0,96,130
213735,G05,Oriente,2025-07-02,2025,2025-07,0,96,130
213735,G05,Oriente,2025-07-03,2025,2025-07,2.4,96,132.4
213735,G05,Oriente,2025-07-04,2025,2025-07,15.8,96,148.2
213735,G05,Oriente,2025-07-05,2025,2025-07,0,96,148.2
213735,G05,Oriente,2025-07-06,2025,2025-07,0,96,148.2
213735,G05,Oriente,2025-07-07,2025,2025-07,0,96,148.2
213735,G05,Oriente,2025-07-08,2025,2025-07,0,96,148.2
213735,G05,Oriente,2025-07-09,2025,2025-07,17.6,96,165.8
213735,G05,Oriente,2025-07-10,2025,2025-07,0.2,96,166
213735,G05,Oriente,2025-07-11,2025,2025-07,1,96,167
213735,G05,Oriente,2025-07-12,2025,2025-07,14.4,96,181.4
213735,G05,Oriente,2025-07-13,2025,2025-07,0.2,96,181.6
213735,G05,Oriente,2025-07-14,2025,2025-07,0,96,181.6
213735,G05,Oriente,2025-07-15,2025,2025-07,3.4,96,185
213735,G05,Oriente,2025-07-16,2025,2025-07,0,96,185
213735,G05,Oriente,2025-07-17,2025,2025-07,0.8,96,185.8
213735,G05,Oriente,2025-07-18,2025,2025-07,4.8,96,190.6
213735,G05,Oriente,2025-07-19,2025,2025-07,6.8,96,197.4
213735,G05,Oriente,2025-07-20,2025,2025-07,57.2,96,254.6
213735,G05,Oriente,2025-07-21,2025,2025-07,0,96,254.6
213735,G05,Oriente,2025-07-22,2025,2025-07,8.8,96,263.4
213735,G05,Oriente,2025-07-23,2025,2025-07,10.6,96,274
213735,G05,Oriente,2025-07-24,2025,2025-07,17.6,96,291.6
213735,G05,Oriente,2025-07-25,2025,2025-07,0.2,96,291.8
213735,G05,Oriente,2025-07-26,2025,2025-07,0,96,291.8
213735,G05,Oriente,2025-07-27,2025,2025-07,11.6,96,303.4
213735,G05,Oriente,2025-07-28,2025,2025-07,0,96,303.4
213735,G05,Oriente,2025-07-29,2025,2025-07,0.2,96,303.6
213735,G05,Oriente,2025-07-30,2025,2025-07,0.6,96,304.2
213735,G05,Oriente,2025-07-31,2025,2025-07,7.8,96,312
213735,G05,Oriente,2025-08-01,2025,2025-08,0,96,312
213735,G05,Oriente,2025-08-02,2025,2025-08,2,96,314
213735,G05,Oriente,2025-08-03,2025,2025-08,15.6,96,329.6
213735,G05,Oriente,2025-08-04,2025,2025-08,1.2,96,330.8
213735,G05,Oriente,2025-08-05,2025,2025-08,1.6,96,332.4
213735,G05,Oriente,2025-08-06,2025,2025-08,0,96,332.4
213735,G05,Oriente,2025-08-07,2025,2025-08,0,96,332.4
213735,G05,Oriente,2025-08-08,2025,2025-08,3.8,96,336.2
213735,G05,Oriente,2025-08-09,2025,2025-08,6.6,96,342.8
213735,G05,Oriente,2025-08-10,2025,2025-08,2.6,96,345.4
213735,G05,Oriente,2025-08-11,2025,2025-08,0,96,345.4
213735,G05,Oriente,2025-08-12,2025,2025-08,4.2,96,349.6
213735,G05,Oriente,2025-08-13,2025,2025-08,0.4,96,350
213735,G05,Oriente,2025-08-14,2025,2025-08,11.8,96,361.8
213735,G05,Oriente,2025-08-15,2025,2025-08,2.6,96,364.4
213735,G05,Oriente,2025-08-16,2025,2025-08,0,96,364.4
213735,G05,Oriente,2025-08-17,2025,2025-08,9.8,96,374.2
213735,G05,Oriente,2025-08-18,2025,2025-08,0.6,96,374.8
213735,G05,Oriente,2025-08-19,2025,2025-08,16.2,96,391
213735,G05,Oriente,2025-08-20,2025,2025-08,0,96,391
213735,G05,Oriente,2025-08-21,2025,2025-08,0,96,391
213735,G05,Oriente,2025-08-22,2025,2025-08,14.4,96,405.4
213735,G05,Oriente,2025-08-23,2025,2025-08,0,96,405.4
213735,G05,Oriente,2025-08-24,2025,2025-08,0,96,405.4
213735,G05,Oriente,2025-08-25,2025,2025-08,0,96,405.4
213735,G05,Oriente,2025-08-26,2025,2025-08,6.8,96,412.2
213735,G05,Oriente,2025-08-27,2025,2025-08,61.8,96,474
213735,G05,Oriente,2025-08-28,2025,2025-08,0,96,474
213735,G05,Oriente,2025-08-29,2025,2025-08,6,96,480
213735,G05,Oriente,2025-08-30,2025,2025-08,1,96,481
213735,G05,Oriente,2025-08-31,2025,2025-08,0,96,481
213735,G05,Oriente,2025-09-01,2025,2025-09,0,96,481
213735,G05,Oriente,2025-09-02,2025,2025-09,0,96,481
213735,G05,Oriente,2025-09-03,2025,2025-09,6.8,96,487.8
213735,G05,Oriente,2025-09-04,2025,2025-09,0.2,96,488
213735,G05,Oriente,2025-09-05,2025,2025-09,12.2,96,500.2
213735,G05,Oriente,2025-09-06,2025,2025-09,26.2,96,526.4
213735,G05,Oriente,2025-09-07,2025,2025-09,0.6,96,527
213735,G05,Oriente,2025-09-08,2025,2025-09,22.4,96,549.4
213735,G05,Oriente,2025-09-09,2025,2025-09,0,96,549.4
213735,G05,Oriente,2025-09-10,2025,2025-09,0,96,549.4
213735,G05,Oriente,2025-09-11,2025,2025-09,4.8,96,554.2
213735,G05,Oriente,2025-09-12,2025,2025-09,8.6,96,562.8
213735,G05,Oriente,2025-09-13,2025,2025-09,0,96,562.8
213735,G05,Oriente,2025-09-14,2025,2025-09,9.6,96,572.4
213735,G05,Oriente,2025-09-15,2025,2025-09,39.6,96,612
213735,G05,Oriente,2025-09-16,2025,2025-09,0,96,612
213735,G05,Oriente,2025-09-17,2025,2025-09,0,96,612
213735,G05,Oriente,2025-09-18,2025,2025-09,6,96,618
213735,G05,Oriente,2025-09-19,2025,2025-09,2,96,620
213735,G05,Oriente,2025-09-20,2025,2025-09,0.2,96,620.2
213735,G05,Oriente,2025-09-21,2025,2025-09,0,96,620.2
213735,G05,Oriente,2025-09-22,2025,2025-09,0,96,620.2
213735,G05,Oriente,2025-09-23,2025,2025-09,0,96,620.2
213735,G05,Oriente,2025-09-24,2025,2025-09,13,96,633.2
213735,G05,Oriente,2025-09-25,2025,2025-09,0,96,633.2
213735,G05,Oriente,2025-09-26,2025,2025-09,0,96,633.2
213735,G05,Oriente,2025-09-27,2025,2025-09,0,96,633.2
213735,G05,Oriente,2025-09-28,2025,2025-09,3.6,96,636.8
213735,G05,Oriente,2025-09-29,2025,2025-09,0,96,636.8
213735,G05,Oriente,2025-09-30,2025,2025-09,7,96,643.8
213735,G05,Oriente,2025-10-01,2025,2025-10,0,96,643.8
213735,G05,Oriente,2025-10-02,2025,2025-10,1,96,644.8
213735,G05,Oriente,2025-10-03,2025,2025-10,0,96,644.8
213735,G05,Oriente,2025-10-04,2025,2025-10,0,96,644.8
213735,G05,Oriente,2025-10-05,2025,2025-10,21.6,96,666.4
213735,G05,Oriente,2025-10-06,2025,2025-10,0,96,666.4
213735,G05,Oriente,2025-10-07,2025,2025-10,0,96,666.4
213735,G05,Oriente,2025-10-08,2025,2025-10,0,96,666.4
213735,G05,Oriente,2025-10-09,2025,2025-10,0,96,666.4
213735,G05,Oriente,2025-10-10,2025,2025-10,0,96,666.4
213735,G05,Oriente,2025-10-11,2025,2025-10,0,96,666.4
213735,G05,Oriente,2025-10-12,2025,2025-10,3.6,96,670
213735,G05,Oriente,2025-10-13,2025,2025-10,0,96,670
213735,G05,Oriente,2025-10-14,2025,2025-10,7.2,96,677.2
213735,G05,Oriente,2025-10-15,2025,2025-10,63.4,96,740.6
213735,G05,Oriente,2025-10-16,2025,2025-10,0,96,740.6
213735,G05,Oriente,2025-10-17,2025,2025-10,0,96,740.6
213735,G05,Oriente,2025-10-18,2025,2025-10,0,96,740.6
213735,G05,Oriente,2025-10-19,2025,2025-10,6.6,96,747.2
213735,G05,Oriente,2025-10-20,2025,2025-10,3.4,96,750.6
213735,G05,Oriente,2025-10-21,2025,2025-10,8.6,96,759.2
213735,G05,Oriente,2025-10-22,2025,2025-10,0,96,759.2
213735,G05,Oriente,2025-10-23,2025,2025-10,0.2,96,759.4
213735,G05,Oriente,2025-10-24,2025,2025-10,2.6,96,762
213735,G05,Oriente,2025-10-25,2025,2025-10,0,96,762
213735,G05,Oriente,2025-10-26,2025,2025-10,0,96,762
213735,G05,Oriente,2025-10-27,2025,2025-10,0,96,762
213735,G05,Oriente,2025-10-28,2025,2025-10,0,96,762
213735,G05,Oriente,2025-10-29,2025,2025-10,0,96,762
213735,G05,Oriente,2025-10-30,2025,2025-10,0,96,762
213735,G05,Oriente,2025-10-31,2025,2025-10,0,96,762
213735,G05,Oriente,2025-11-01,2025,2025-11,0,96,762
213735,G05,Oriente,2025-11-02,2025,2025-11,0,96,762
213735,G05,Oriente,2025-11-03,2025,2025-11,0,96,762
213735,G05,Oriente,2025-11-04,2025,2025-11,0,96,762
213735,G05,Oriente,2025-11-05,2025,2025-11,0,96,762
213735,G05,Oriente,2025-11-06,2025,2025-11,0,96,762
213735,G05,Oriente,2025-11-07,2025,2025-11,6.6,96,768.6
213735,G05,Oriente,2025-11-08,2025,2025-11,0,96,768.6
213735,G05,Oriente,2025-11-09,2025,2025-11,0,96,768.6
213735,G05,Oriente,2025-11-10,2025,2025-11,0,96,768.6
213735,G05,Oriente,2025-11-11,2025,2025-11,0,96,768.6
213735,G05,Oriente,2025-11-12,2025,2025-11,1.4,96,770
213735,G05,Oriente,2025-11-13,2025,2025-11,0,96,770
213735,G05,Oriente,2025-11-14,2025,2025-11,0.6,96,770.6
213735,G05,Oriente,2025-11-15,2025,2025-11,0,96,770.6
213735,G05,Oriente,2025-11-16,2025,2025-11,0.2,96,770.8
213735,G05,Oriente,2025-11-17,2025,2025-11,0,96,770.8
213735,G05,Oriente,2025-11-18,2025,2025-11,0,96,770.8
213735,G05,Oriente,2025-11-19,2025,2025-11,0,96,770.8
213735,G05,Oriente,2025-11-20,2025,2025-11,0.8,96,771.6
213735,G05,Oriente,2025-11-21,2025,2025-11,0,96,771.6
213735,G05,Oriente,2025-11-22,2025,2025-11,0,96,771.6
213735,G05,Oriente,2025-11-23,2025,2025-11,0,96,771.6
213735,G05,Oriente,2025-11-24,2025,2025-11,0,96,771.6
213735,G05,Oriente,2025-11-25,2025,2025-11,0,96,771.6
213735,G05,Oriente,2025-11-26,2025,2025-11,1.8,96,773.4
213735,G05,Oriente,2025-11-27,2025,2025-11,0,96,773.4
213735,G05,Oriente,2025-11-28,2025,2025-11,0,96,773.4
213735,G05,Oriente,2025-11-29,2025,2025-11,0,96,773.4
213735,G05,Oriente,2025-11-30,2025,2025-11,0,96,773.4
213735,G05,Oriente,2025-12-01,2025,2025-12,0,96,773.4
213735,G05,Oriente,2025-12-02,2025,2025-12,0,96,773.4
213735,G05,Oriente,2025-12-03,2025,2025-12,0,96,773.4
213735,G05,Oriente,2025-12-04,2025,2025-12,0.2,96,773.6
213735,G05,Oriente,2025-12-05,2025,2025-12,0,96,773.6
213735,G05,Oriente,2025-12-06,2025,2025-12,0.2,96,773.8
213735,G05,Oriente,2025-12-07,2025,2025-12,2,96,775.8
213735,G05,Oriente,2025-12-08,2025,2025-12,2.8,96,778.6
213735,G05,Oriente,2025-12-09,2025,2025-12,0,96,778.6
213735,G05,Oriente,2025-12-10,2025,2025-12,0,96,778.6
213735,G05,Oriente,2025-12-11,2025,2025-12,0,96,778.6
213735,G05,Oriente,2025-12-12,2025,2025-12,0,96,778.6
213735,G05,Oriente,2025-12-13,2025,2025-12,0,96,778.6
213735,G05,Oriente,2025-12-14,2025,2025-12,0,96,778.6
213735,G05,Oriente,2025-12-15,2025,2025-12,0,96,778.6
213735,G05,Oriente,2025-12-16,2025,2025-12,0,96,778.6
213735,G05,Oriente,2025-12-17,2025,2025-12,0,96,778.6
213735,G05,Oriente,2025-12-18,2025,2025-12,1.6,96,780.2
213735,G05,Oriente,2025-12-19,2025,2025-12,0,96,780.2
213735,G05,Oriente,2025-12-20,2025,2025-12,0,96,780.2
213735,G05,Oriente,2025-12-21,2025,2025-12,0,96,780.2
213735,G05,Oriente,2025-12-22,2025,2025-12,0,96,780.2
213735,G05,Oriente,2025-12-23,2025,2025-12,0,96,780.2
213735,G05,Oriente,2025-12-24,2025,2025-12,0,96,780.2
213735,G05,Oriente,2025-12-25,2025,2025-12,0,96,780.2
213735,G05,Oriente,2025-12-26,2025,2025-12,0,96,780.2
213735,G05,Oriente,2025-12-27,2025,2025-12,0,96,780.2
213735,G05,Oriente,2025-12-28,2025,2025-12,0,96,780.2
213735,G05,Oriente,2025-12-29,2025,2025-12,0.4,96,780.6
213735,G05,Oriente,2025-12-30,2025,2025-12,0,96,780.6
213735,G05,Oriente,2025-12-31,2025,2025-12,0,96,780.6
213735,G05,Oriente,2026-01-01,2026,2026-01,0,96,0
213735,G05,Oriente,2026-01-02,2026,2026-01,0,96,0
213735,G05,Oriente,2026-01-03,2026,2026-01,0,96,0
213735,G05,Oriente,2026-01-04,2026,2026-01,0,96,0
213735,G05,Oriente,2026-01-05,2026,2026-01,0,96,0
213735,G05,Oriente,2026-01-06,2026,2026-01,0,96,0
213735,G05,Oriente,2026-01-07,2026,2026-01,0,96,0
213735,G05,Oriente,2026-01-08,2026,2026-01,0,96,0
213735,G05,Oriente,2026-01-09,2026,2026-01,0,96,0
213735,G05,Oriente,2026-01-10,2026,2026-01,0,96,0
213735,G05,Oriente,2026-01-11,2026,2026-01,0,96,0
213735,G05,Oriente,2026-01-12,2026,2026-01,0,96,0
213735,G05,Oriente,2026-01-13,2026,2026-01,0,96,0
213735,G05,Oriente,2026-01-14,2026,2026-01,0.4,96,0.4
213735,G05,Oriente,2026-01-15,2026,2026-01,0,96,0.4
213735,G05,Oriente,2026-01-16,2026,2026-01,0,96,0.4
213735,G05,Oriente,2026-01-17,2026,2026-01,0,96,0.4
213735,G05,Oriente,2026-01-18,2026,2026-01,0,96,0.4
213735,G05,Oriente,2026-01-19,2026,2026-01,0,96,0.4
213735,G05,Oriente,2026-01-20,2026,2026-01,0,96,0.4
213735,G05,Oriente,2026-01-21,2026,2026-01,0,96,0.4
213735,G05,Oriente,2026-01-22,2026,2026-01,0,96,0.4
213735,G05,Oriente,2026-01-23,2026,2026-01,0,96,0.4
213735,G05,Oriente,2026-01-24,2026,2026-01,0,96,0.4
213735,G05,Oriente,2026-01-25,2026,2026-01,0,96,0.4
213735,G05,Oriente,2026-01-26,2026,2026-01,0,96,0.4
213735,G05,Oriente,2026-01-27,2026,2026-01,0,96,0.4
213735,G05,Oriente,2026-01-28,2026,2026-01,0,96,0.4
213735,G05,Oriente,2026-01-29,2026,2026-01,0,96,0.4
213735,G05,Oriente,2026-01-30,2026,2026-01,0,96,0.4
213735,G05,Oriente,2026-01-31,2026,2026-01,0,96,0.4
213735,G05,Oriente,2026-02-01,2026,2026-02,0,96,0.4
213735,G05,Oriente,2026-02-02,2026,2026-02,0,96,0.4
213735,G05,Oriente,2026-02-03,2026,2026-02,0,96,0.4
213735,G05,Oriente,2026-02-04,2026,2026-02,0,96,0.4
213735,G05,Oriente,2026-02-05,2026,2026-02,0,96,0.4
213735,G05,Oriente,2026-02-06,2026,2026-02,0,96,0.4
213735,G05,Oriente,2026-02-07,2026,2026-02,0,96,0.4
213735,G05,Oriente,2026-02-08,2026,2026-02,0,96,0.4
213735,G05,Oriente,2026-02-09,2026,2026-02,0,96,0.4
213735,G05,Oriente,2026-02-10,2026,2026-02,0,96,0.4
213735,G05,Oriente,2026-02-11,2026,2026-02,0,96,0.4
213735,G05,Oriente,2026-02-12,2026,2026-02,0,96,0.4
213735,G05,Oriente,2026-02-13,2026,2026-02,0,96,0.4
213735,G05,Oriente,2026-02-14,2026,2026-02,0,96,0.4
213735,G05,Oriente,2026-02-15,2026,2026-02,0,96,0.4
213735,G05,Oriente,2026-02-16,2026,2026-02,0,96,0.4
213735,G05,Oriente,2026-02-17,2026,2026-02,0,96,0.4
213735,G05,Oriente,2026-02-18,2026,2026-02,0,96,0.4
213735,G05,Oriente,2026-02-19,2026,2026-02,0,96,0.4
213735,G05,Oriente,2026-02-20,2026,2026-02,0,96,0.4
213735,G05,Oriente,2026-02-21,2026,2026-02,0,96,0.4
213735,G05,Oriente,2026-02-22,2026,2026-02,0,96,0.4
213735,G05,Oriente,2026-02-23,2026,2026-02,0,96,0.4
213735,G05,Oriente,2026-02-24,2026,2026-02,0,96,0.4
213735,G05,Oriente,2026-02-25,2026,2026-02,0,96,0.4
213735,G05,Oriente,2026-02-26,2026,2026-02,0,96,0.4
213735,G05,Oriente,2026-02-27,2026,2026-02,0,96,0.4
213735,G05,Oriente,2026-02-28,2026,2026-02,0,96,0.4
213735,G05,Oriente,2026-03-01,2026,2026-03,0,96,0.4
213735,G05,Oriente,2026-03-02,2026,2026-03,0,96,0.4
213735,G05,Oriente,2026-03-03,2026,2026-03,0,96,0.4
213735,G05,Oriente,2026-03-04,2026,2026-03,0,96,0.4
213735,G05,Oriente,2026-03-05,2026,2026-03,0,96,0.4
213735,G05,Oriente,2026-03-06,2026,2026-03,0,96,0.4
213735,G05,Oriente,2026-03-07,2026,2026-03,0,96,0.4
213735,G05,Oriente,2026-03-08,2026,2026-03,0,96,0.4
213735,G05,Oriente,2026-03-09,2026,2026-03,0,96,0.4
213735,G05,Oriente,2026-03-10,2026,2026-03,0,96,0.4
213735,G05,Oriente,2026-03-11,2026,2026-03,0,96,0.4
213735,G05,Oriente,2026-03-12,2026,2026-03,0,96,0.4
213735,G05,Oriente,2026-03-13,2026,2026-03,0,96,0.4
213735,G05,Oriente,2026-03-14,2026,2026-03,0,96,0.4
213735,G05,Oriente,2026-03-15,2026,2026-03,0,96,0.4
213735,G05,Oriente,2026-03-16,2026,2026-03,15.6,96,16
213735,G05,Oriente,2026-03-17,2026,2026-03,0,96,16
213735,G05,Oriente,2026-03-18,2026,2026-03,0,96,16
213735,G05,Oriente,2026-03-19,2026,2026-03,0,96,16
213735,G05,Oriente,2026-03-20,2026,2026-03,0,96,16
213735,G05,Oriente,2026-03-21,2026,2026-03,0,96,16
213735,G05,Oriente,2026-03-22,2026,2026-03,0,96,16
213735,G05,Oriente,2026-03-23,2026,2026-03,0,96,16
213735,G05,Oriente,2026-03-24,2026,2026-03,0,96,16
213735,G05,Oriente,2026-03-25,2026,2026-03,0,96,16
213735,G05,Oriente,2026-03-26,2026,2026-03,0,96,16
213735,G05,Oriente,2026-03-27,2026,2026-03,0.4,96,16.4
213735,G05,Oriente,2026-03-28,2026,2026-03,0,96,16.4
213735,G05,Oriente,2026-03-29,2026,2026-03,0,96,16.4
213735,G05,Oriente,2026-03-30,2026,2026-03,0.4,96,16.8
213735,G05,Oriente,2026-03-31,2026,2026-03,0,96,16.8
213735,G05,Oriente,2026-04-01,2026,2026-04,0,96,16.8
213735,G05,Oriente,2026-04-02,2026,2026-04,0,96,16.8
213735,G05,Oriente,2026-04-03,2026,2026-04,0,96,16.8
213735,G05,Oriente,2026-04-04,2026,2026-04,0,96,16.8
213735,G05,Oriente,2026-04-05,2026,2026-04,0,96,16.8
213735,G05,Oriente,2026-04-06,2026,2026-04,0,96,16.8
213735,G05,Oriente,2026-04-07,2026,2026-04,0,96,16.8
213735,G05,Oriente,2026-04-08,2026,2026-04,0,96,16.8
213735,G05,Oriente,2026-04-09,2026,2026-04,0,96,16.8
213735,G05,Oriente,2026-04-10,2026,2026-04,0,96,16.8
213735,G05,Oriente,2026-04-11,2026,2026-04,0,96,16.8
213735,G05,Oriente,2026-04-12,2026,2026-04,0,96,16.8
213735,G05,Oriente,2026-04-13,2026,2026-04,0,96,16.8
213735,G05,Oriente,2026-04-14,2026,2026-04,0,96,16.8
213735,G05,Oriente,2026-04-15,2026,2026-04,0,96,16.8
213735,G05,Oriente,2026-04-16,2026,2026-04,0,96,16.8
213735,G05,Oriente,2026-04-17,2026,2026-04,0,96,16.8
213735,G05,Oriente,2026-04-18,2026,2026-04,3,96,19.8
213735,G05,Oriente,2026-04-19,2026,2026-04,0,96,19.8
213735,G05,Oriente,2026-04-20,2026,2026-04,0,96,19.8
213735,G05,Oriente,2026-04-21,2026,2026-04,0,96,19.8
213735,G05,Oriente,2026-04-22,2026,2026-04,0,96,19.8
213735,G05,Oriente,2026-04-23,2026,2026-04,0,96,19.8
213735,G05,Oriente,2026-04-24,2026,2026-04,0,96,19.8
213735,G05,Oriente,2026-04-25,2026,2026-04,0,96,19.8
213735,G05,Oriente,2026-04-26,2026,2026-04,18,96,37.8
213735,G05,Oriente,2026-04-27,2026,2026-04,16.6,96,54.4
213735,G05,Oriente,2026-04-28,2026,2026-04,0.2,96,54.6
213735,G05,Oriente,2026-04-29,2026,2026-04,0,96,54.6
213735,G05,Oriente,2026-04-30,2026,2026-04,0,96,54.6
213735,G05,Oriente,2026-05-01,2026,2026-05,0,96,54.6
213735,G05,Oriente,2026-05-02,2026,2026-05,0,96,54.6
213735,G05,Oriente,2026-05-03,2026,2026-05,0,96,54.6
213735,G05,Oriente,2026-05-04,2026,2026-05,0,96,54.6
213735,G05,Oriente,2026-05-05,2026,2026-05,0,96,54.6
213735,G05,Oriente,2026-05-06,2026,2026-05,0,96,54.6
213735,G05,Oriente,2026-05-07,2026,2026-05,0,96,54.6
213735,G05,Oriente,2026-05-08,2026,2026-05,0,96,54.6
213735,G05,Oriente,2026-05-09,2026,2026-05,0,96,54.6
213735,G05,Oriente,2026-05-10,2026,2026-05,0,96,54.6
213735,G05,Oriente,2026-05-11,2026,2026-05,0,96,54.6
213735,G05,Oriente,2026-05-12,2026,2026-05,0,96,54.6
213735,G05,Oriente,2026-05-13,2026,2026-05,42.6,96,97.2
213735,G05,Oriente,2026-05-14,2026,2026-05,0,96,97.2
213735,G05,Oriente,2026-05-15,2026,2026-05,0,96,97.2
213735,G05,Oriente,2026-05-16,2026,2026-05,13,96,110.2
213735,G05,Oriente,2026-05-17,2026,2026-05,0.4,96,110.6
213735,G05,Oriente,2026-05-18,2026,2026-05,0,96,110.6
213735,G05,Oriente,2026-05-19,2026,2026-05,0,96,110.6
213735,G05,Oriente,2026-05-20,2026,2026-05,0,96,110.6
213735,G05,Oriente,2026-05-21,2026,2026-05,0.8,96,111.4
213735,G05,Oriente,2026-05-22,2026,2026-05,4.8,96,116.2
213735,G05,Oriente,2026-05-23,2026,2026-05,20.6,96,136.8
213735,G05,Oriente,2026-05-24,2026,2026-05,7,96,143.8
213735,G05,Oriente,2026-05-25,2026,2026-05,24,96,167.8
213735,G05,Oriente,2026-05-26,2026,2026-05,0,96,167.8
213735,G05,Oriente,2026-05-27,2026,2026-05,0,96,167.8
213735,G05,Oriente,2026-05-28,2026,2026-05,0,96,167.8
213735,G05,Oriente,2026-05-29,2026,2026-05,0,96,167.8
213735,G05,Oriente,2026-05-30,2026,2026-05,0.6,96,168.4
213735,G05,Oriente,2026-05-31,2026,2026-05,49.6,90,218
213735,G05,Oriente,2026-06-01,2026,2026-06,13,91,231
213735,G05,Oriente,2026-06-02,2026,2026-06,0.2,96,231.2
213735,G05,Oriente,2026-06-03,2026,2026-06,0,96,231.2
213735,G05,Oriente,2026-06-04,2026,2026-06,34.2,96,265.4
213735,G05,Oriente,2026-06-05,2026,2026-06,11,96,276.4
213735,G05,Oriente,2026-06-06,2026,2026-06,3.4,96,279.8
213735,G05,Oriente,2026-06-07,2026,2026-06,13.6,96,293.4
213735,G05,Oriente,2026-06-08,2026,2026-06,1.8,96,295.2
213735,G05,Oriente,2026-06-09,2026,2026-06,0,96,295.2
213735,G05,Oriente,2026-06-10,2026,2026-06,0,96,295.2
213735,G05,Oriente,2026-06-11,2026,2026-06,33.6,96,328.8
213735,G05,Oriente,2026-06-12,2026,2026-06,0,77,328.8
213735,G05,Oriente,2026-06-13,2026,2026-06,0,96,328.8
213735,G05,Oriente,2026-06-14,2026,2026-06,0.2,96,329
213735,G05,Oriente,2026-06-15,2026,2026-06,12.4,96,341.4
213735,G05,Oriente,2026-06-16,2026,2026-06,7.4,96,348.8
213735,G05,Oriente,2026-06-17,2026,2026-06,0,96,348.8
213735,G05,Oriente,2026-06-18,2026,2026-06,17.8,96,366.6
213735,G05,Oriente,2026-06-19,2026,2026-06,0,96,366.6
213735,G05,Oriente,2026-06-20,2026,2026-06,0,96,366.6
213735,G05,Oriente,2026-06-21,2026,2026-06,0,96,366.6
213735,G05,Oriente,2026-06-22,2026,2026-06,0,96,366.6
213735,G05,Oriente,2026-06-23,2026,2026-06,0,96,366.6
213735,G05,Oriente,2026-06-24,2026,2026-06,3.2,96,369.8
213735,G05,Oriente,2026-06-25,2026,2026-06,0.2,96,370
213735,G05,Oriente,2026-06-26,2026,2026-06,0,96,370
213735,G05,Oriente,2026-06-27,2026,2026-06,0,96,370
213735,G05,Oriente,2026-06-28,2026,2026-06,3.2,96,373.2
213735,G05,Oriente,2026-06-29,2026,2026-06,0,96,373.2
213735,G05,Oriente,2026-06-30,2026,2026-06,0,96,373.2
213735,G05,Oriente,2026-07-01,2026,2026-07,0,96,373.2
213735,G05,Oriente,2026-07-02,2026,2026-07,7.6,96,380.8
213735,G05,Oriente,2026-07-03,2026,2026-07,3.6,96,384.4
213735,G05,Oriente,2026-07-04,2026,2026-07,0,96,384.4
213735,G05,Oriente,2026-07-05,2026,2026-07,10.2,96,394.6
213735,G05,Oriente,2026-07-06,2026,2026-07,1,96,395.6
213735,G05,Oriente,2026-07-07,2026,2026-07,2.2,96,397.8
213735,G05,Oriente,2026-07-08,2026,2026-07,0.6,96,398.4
213735,G05,Oriente,2026-07-09,2026,2026-07,1.2,96,399.6
213735,G05,Oriente,2026-07-10,2026,2026-07,0,96,399.6
213735,G05,Oriente,2026-07-11,2026,2026-07,4.8,96,404.4
213735,G05,Oriente,2026-07-12,2026,2026-07,0,96,404.4
213735,G05,Oriente,2026-07-13,2026,2026-07,1.6,96,406
213735,G05,Oriente,2026-07-14,2026,2026-07,0,96,406
213735,G05,Oriente,2026-07-15,2026,2026-07,0,96,406
213735,G05,Oriente,2026-07-16,2026,2026-07,0,96,406
213735,G05,Oriente,2026-07-17,2026,2026-07,0,96,406
213735,G05,Oriente,2026-07-18,2026,2026-07,4.6,96,410.6
213735,G05,Oriente,2026-07-19,2026,2026-07,9.8,96,420.4
213735,G05,Oriente,2026-07-20,2026,2026-07,0,96,420.4
213735,G05,Oriente,2026-07-21,2026,2026-07,0,96,420.4
213735,G05,Oriente,2026-07-22,2026,2026-07,0.2,96,420.6
213735,G05,Oriente,2026-07-23,2026,2026-07,0,96,420.6
213735,G05,Oriente,2026-07-24,2026,2026-07,1,96,421.6
213735,G05,Oriente,2026-07-25,2026,2026-07,3,96,424.6
213735,G05,Oriente,2026-07-26,2026,2026-07,0.2,96,424.8
213735,G05,Oriente,2026-07-27,2026,2026-07,0,96,424.8
213735,G05,Oriente,2026-07-28,2026,2026-07,0,96,424.8
213735,G05,Oriente,2026-07-29,2026,2026-07,0.2,96,425
213735,G05,Oriente,2026-07-30,2026,2026-07,0,96,425
213735,G05,Oriente,2026-07-31,2026,2026-07,3.2,96,428.2
213735,G05,Oriente,2026-08-01,2026,2026-08,0,96,428.2
213735,G05,Oriente,2026-08-02,2026,2026-08,0,89,428.2
215150,,,2025-06-17,2025,2025-06,0.2,18,0.2
215150,,,2025-06-18,2025,2025-06,1,96,1.2
215150,,,2025-06-19,2025,2025-06,1.6,96,2.8
215150,,,2025-06-20,2025,2025-06,7.2,96,10
215150,,,2025-06-21,2025,2025-06,25.2,96,35.2
215150,,,2025-06-22,2025,2025-06,8.4,96,43.6
215150,,,2025-06-23,2025,2025-06,0,96,43.6
215150,,,2025-06-24,2025,2025-06,6.8,96,50.4
215150,,,2025-06-25,2025,2025-06,18.4,96,68.8
215150,,,2025-06-26,2025,2025-06,1.4,96,70.2
215150,,,2025-06-27,2025,2025-06,1.2,96,71.4
215150,,,2025-06-28,2025,2025-06,0,96,71.4
215150,,,2025-06-29,2025,2025-06,29.8,96,101.2
215150,,,2025-06-30,2025,2025-06,15,96,116.2
215150,,,2025-07-01,2025,2025-07,0,96,116.2
215150,,,2025-07-02,2025,2025-07,23,96,139.2
215150,,,2025-07-03,2025,2025-07,13.8,96,153
215150,,,2025-07-04,2025,2025-07,5,96,158
215150,,,2025-07-05,2025,2025-07,4.8,96,162.8
215150,,,2025-07-06,2025,2025-07,0,96,162.8
215150,,,2025-07-07,2025,2025-07,3.8,96,166.6
215150,,,2025-07-08,2025,2025-07,0.2,96,166.8
215150,,,2025-07-09,2025,2025-07,45.8,96,212.6
215150,,,2025-07-10,2025,2025-07,0,96,212.6
215150,,,2025-07-11,2025,2025-07,85.2,96,297.8
215150,,,2025-07-12,2025,2025-07,18.8,96,316.6
215150,,,2025-07-13,2025,2025-07,3.4,96,320
215150,,,2025-07-14,2025,2025-07,0,96,320
215150,,,2025-07-15,2025,2025-07,36.4,96,356.4
215150,,,2025-07-16,2025,2025-07,0,96,356.4
215150,,,2025-07-17,2025,2025-07,14.8,96,371.2
215150,,,2025-07-18,2025,2025-07,17.2,96,388.4
215150,,,2025-07-19,2025,2025-07,11.4,96,399.8
215150,,,2025-07-20,2025,2025-07,0,96,399.8
215150,,,2025-07-21,2025,2025-07,26.4,96,426.2
215150,,,2025-07-22,2025,2025-07,36.4,96,462.6
215150,,,2025-07-23,2025,2025-07,40.6,96,503.2
215150,,,2025-07-24,2025,2025-07,1,96,504.2
215150,,,2025-07-25,2025,2025-07,2.2,96,506.4
215150,,,2025-07-26,2025,2025-07,1.6,96,508
215150,,,2025-07-27,2025,2025-07,2.6,96,510.6
215150,,,2025-07-28,2025,2025-07,4.6,96,515.2
215150,,,2025-07-29,2025,2025-07,1,96,516.2
215150,,,2025-07-30,2025,2025-07,0,96,516.2
215150,,,2025-07-31,2025,2025-07,0,96,516.2
215150,,,2025-08-01,2025,2025-08,7.6,96,523.8
215150,,,2025-08-02,2025,2025-08,14,96,537.8
215150,,,2025-08-03,2025,2025-08,8,96,545.8
215150,,,2025-08-04,2025,2025-08,0.4,96,546.2
215150,,,2025-08-05,2025,2025-08,2.6,96,548.8
215150,,,2025-08-06,2025,2025-08,12.4,96,561.2
215150,,,2025-08-07,2025,2025-08,0,96,561.2
215150,,,2025-08-08,2025,2025-08,32.2,96,593.4
215150,,,2025-08-09,2025,2025-08,36.8,96,630.2
215150,,,2025-08-10,2025,2025-08,6.8,96,637
215150,,,2025-08-11,2025,2025-08,0,96,637
215150,,,2025-08-12,2025,2025-08,0,96,637
215150,,,2025-08-13,2025,2025-08,4.4,96,641.4
215150,,,2025-08-14,2025,2025-08,2.6,96,644
215150,,,2025-08-15,2025,2025-08,18.8,96,662.8
215150,,,2025-08-16,2025,2025-08,0,96,662.8
215150,,,2025-08-17,2025,2025-08,4,96,666.8
215150,,,2025-08-18,2025,2025-08,0,96,666.8
215150,,,2025-08-19,2025,2025-08,0,96,666.8
215150,,,2025-08-20,2025,2025-08,0,96,666.8
215150,,,2025-08-21,2025,2025-08,0,96,666.8
215150,,,2025-08-22,2025,2025-08,4,96,670.8
215150,,,2025-08-23,2025,2025-08,0,96,670.8
215150,,,2025-08-24,2025,2025-08,0,96,670.8
215150,,,2025-08-25,2025,2025-08,3.4,96,674.2
215150,,,2025-08-26,2025,2025-08,15.4,96,689.6
215150,,,2025-08-27,2025,2025-08,13.2,96,702.8
215150,,,2025-08-28,2025,2025-08,0,96,702.8
215150,,,2025-08-29,2025,2025-08,0.8,96,703.6
215150,,,2025-08-30,2025,2025-08,2.8,96,706.4
215150,,,2025-08-31,2025,2025-08,25.8,96,732.2
215150,,,2025-09-01,2025,2025-09,0.6,96,732.8
215150,,,2025-09-02,2025,2025-09,10.8,96,743.6
215150,,,2025-09-03,2025,2025-09,5,96,748.6
215150,,,2025-09-04,2025,2025-09,0.8,96,749.4
215150,,,2025-09-05,2025,2025-09,5.4,96,754.8
215150,,,2025-09-06,2025,2025-09,1.4,96,756.2
215150,,,2025-09-07,2025,2025-09,0.4,96,756.6
215150,,,2025-09-08,2025,2025-09,2.8,96,759.4
215150,,,2025-09-09,2025,2025-09,0,96,759.4
215150,,,2025-09-10,2025,2025-09,0,96,759.4
215150,,,2025-09-11,2025,2025-09,25.4,96,784.8
215150,,,2025-09-12,2025,2025-09,20.8,96,805.6
215150,,,2025-09-13,2025,2025-09,0,96,805.6
215150,,,2025-09-14,2025,2025-09,0.6,96,806.2
215150,,,2025-09-15,2025,2025-09,0.2,96,806.4
215150,,,2025-09-16,2025,2025-09,0,96,806.4
215150,,,2025-09-17,2025,2025-09,10.8,96,817.2
215150,,,2025-09-18,2025,2025-09,13.8,96,831
215150,,,2025-09-19,2025,2025-09,0.2,96,831.2
215150,,,2025-09-20,2025,2025-09,0.2,96,831.4
215150,,,2025-09-21,2025,2025-09,0,96,831.4
215150,,,2025-09-22,2025,2025-09,0,96,831.4
215150,,,2025-09-23,2025,2025-09,0,96,831.4
215150,,,2025-09-24,2025,2025-09,35,96,866.4
215150,,,2025-09-25,2025,2025-09,0,96,866.4
215150,,,2025-09-26,2025,2025-09,0,96,866.4
215150,,,2025-09-27,2025,2025-09,9,96,875.4
215150,,,2025-09-28,2025,2025-09,0,96,875.4
215150,,,2025-09-29,2025,2025-09,1,96,876.4
215150,,,2025-09-30,2025,2025-09,5,96,881.4
215150,,,2025-10-01,2025,2025-10,0,96,881.4
215150,,,2025-10-02,2025,2025-10,4.8,96,886.2
215150,,,2025-10-03,2025,2025-10,0.4,96,886.6
215150,,,2025-10-04,2025,2025-10,0,96,886.6
215150,,,2025-10-05,2025,2025-10,19.8,96,906.4
215150,,,2025-10-06,2025,2025-10,0,96,906.4
215150,,,2025-10-07,2025,2025-10,0,96,906.4
215150,,,2025-10-08,2025,2025-10,0.4,96,906.8
215150,,,2025-10-09,2025,2025-10,1.2,96,908
215150,,,2025-10-10,2025,2025-10,0,96,908
215150,,,2025-10-11,2025,2025-10,4.4,96,912.4
215150,,,2025-10-12,2025,2025-10,0.4,96,912.8
215150,,,2025-10-13,2025,2025-10,0,96,912.8
215150,,,2025-10-14,2025,2025-10,0,96,912.8
215150,,,2025-10-15,2025,2025-10,0.4,96,913.2
215150,,,2025-10-16,2025,2025-10,0,96,913.2
215150,,,2025-10-17,2025,2025-10,0,96,913.2
215150,,,2025-10-18,2025,2025-10,8.2,96,921.4
215150,,,2025-10-19,2025,2025-10,21,96,942.4
215150,,,2025-10-20,2025,2025-10,16.6,96,959
215150,,,2025-10-21,2025,2025-10,0.2,96,959.2
215150,,,2025-10-22,2025,2025-10,0,96,959.2
215150,,,2025-10-23,2025,2025-10,1.6,96,960.8
215150,,,2025-10-24,2025,2025-10,0,96,960.8
215150,,,2025-10-25,2025,2025-10,31.4,96,992.2
215150,,,2025-10-26,2025,2025-10,0,96,992.2
215150,,,2025-10-27,2025,2025-10,0,96,992.2
215150,,,2025-10-28,2025,2025-10,0,96,992.2
215150,,,2025-10-29,2025,2025-10,0,96,992.2
215150,,,2025-10-30,2025,2025-10,32.2,96,1024.4
215150,,,2025-10-31,2025,2025-10,0,96,1024.4
215150,,,2025-11-01,2025,2025-11,0.2,96,1024.6
215150,,,2025-11-02,2025,2025-11,0.2,96,1024.8
215150,,,2025-11-03,2025,2025-11,0.2,96,1025
215150,,,2025-11-04,2025,2025-11,0,96,1025
215150,,,2025-11-05,2025,2025-11,0,96,1025
215150,,,2025-11-06,2025,2025-11,0,96,1025
215150,,,2025-11-07,2025,2025-11,0,96,1025
215150,,,2025-11-08,2025,2025-11,0,96,1025
215150,,,2025-11-09,2025,2025-11,0,96,1025
215150,,,2025-11-10,2025,2025-11,0,96,1025
215150,,,2025-11-11,2025,2025-11,0,96,1025
215150,,,2025-11-12,2025,2025-11,0,96,1025
215150,,,2025-11-13,2025,2025-11,0,96,1025
215150,,,2025-11-14,2025,2025-11,0,96,1025
215150,,,2025-11-15,2025,2025-11,0,96,1025
215150,,,2025-11-16,2025,2025-11,0,96,1025
215150,,,2025-11-17,2025,2025-11,0,96,1025
215150,,,2025-11-18,2025,2025-11,0,96,1025
215150,,,2025-11-19,2025,2025-11,0,96,1025
215150,,,2025-11-20,2025,2025-11,2.2,96,1027.2
215150,,,2025-11-21,2025,2025-11,27.4,96,1054.6
215150,,,2025-11-22,2025,2025-11,0,96,1054.6
215150,,,2025-11-23,2025,2025-11,0,96,1054.6
215150,,,2025-11-24,2025,2025-11,0,96,1054.6
215150,,,2025-11-25,2025,2025-11,0,96,1054.6
215150,,,2025-11-26,2025,2025-11,0,96,1054.6
215150,,,2025-11-27,2025,2025-11,0,96,1054.6
215150,,,2025-11-28,2025,2025-11,0,96,1054.6
215150,,,2025-11-29,2025,2025-11,8,96,1062.6
215150,,,2025-11-30,2025,2025-11,0,96,1062.6
215150,,,2025-12-01,2025,2025-12,0,96,1062.6
215150,,,2025-12-02,2025,2025-12,0,96,1062.6
215150,,,2025-12-03,2025,2025-12,0,96,1062.6
215150,,,2025-12-04,2025,2025-12,0,96,1062.6
215150,,,2025-12-05,2025,2025-12,9.6,96,1072.2
215150,,,2025-12-06,2025,2025-12,35.6,96,1107.8
215150,,,2025-12-07,2025,2025-12,0,96,1107.8
215150,,,2025-12-08,2025,2025-12,0,96,1107.8
215150,,,2025-12-09,2025,2025-12,0,96,1107.8
215150,,,2025-12-10,2025,2025-12,0,96,1107.8
215150,,,2025-12-11,2025,2025-12,0.6,96,1108.4
215150,,,2025-12-12,2025,2025-12,0,96,1108.4
215150,,,2025-12-13,2025,2025-12,0,96,1108.4
215150,,,2025-12-14,2025,2025-12,0,96,1108.4
215150,,,2025-12-15,2025,2025-12,0,96,1108.4
215150,,,2025-12-16,2025,2025-12,0,96,1108.4
215150,,,2025-12-17,2025,2025-12,0,96,1108.4
215150,,,2025-12-18,2025,2025-12,0,96,1108.4
215150,,,2025-12-19,2025,2025-12,0,96,1108.4
215150,,,2025-12-20,2025,2025-12,0,96,1108.4
215150,,,2025-12-21,2025,2025-12,3.6,96,1112
215150,,,2025-12-22,2025,2025-12,0,96,1112
215150,,,2025-12-23,2025,2025-12,0,96,1112
215150,,,2025-12-24,2025,2025-12,0,96,1112
215150,,,2025-12-25,2025,2025-12,0,96,1112
215150,,,2025-12-26,2025,2025-12,0,96,1112
215150,,,2025-12-27,2025,2025-12,0,96,1112
215150,,,2025-12-28,2025,2025-12,0,96,1112
215150,,,2025-12-29,2025,2025-12,0,96,1112
215150,,,2025-12-30,2025,2025-12,0,96,1112
215150,,,2025-12-31,2025,2025-12,0,96,1112
215150,,,2026-01-01,2026,2026-01,0,96,0
215150,,,2026-01-02,2026,2026-01,0,96,0
215150,,,2026-01-03,2026,2026-01,0,96,0
215150,,,2026-01-04,2026,2026-01,0,96,0
215150,,,2026-01-05,2026,2026-01,0,96,0
215150,,,2026-01-06,2026,2026-01,0,96,0
215150,,,2026-01-07,2026,2026-01,0,96,0
215150,,,2026-01-08,2026,2026-01,0,96,0
215150,,,2026-01-09,2026,2026-01,0,96,0
215150,,,2026-01-10,2026,2026-01,0,96,0
215150,,,2026-01-11,2026,2026-01,0,96,0
215150,,,2026-01-12,2026,2026-01,0,96,0
215150,,,2026-01-13,2026,2026-01,0,96,0
215150,,,2026-01-14,2026,2026-01,0,96,0
215150,,,2026-01-15,2026,2026-01,0,96,0
215150,,,2026-01-16,2026,2026-01,0,96,0
215150,,,2026-01-17,2026,2026-01,0,96,0
215150,,,2026-01-18,2026,2026-01,0,96,0
215150,,,2026-01-19,2026,2026-01,0,96,0
215150,,,2026-01-20,2026,2026-01,0,96,0
215150,,,2026-01-21,2026,2026-01,0,96,0
215150,,,2026-01-22,2026,2026-01,0,96,0
215150,,,2026-01-23,2026,2026-01,0,96,0
215150,,,2026-01-24,2026,2026-01,0,96,0
215150,,,2026-01-25,2026,2026-01,0,96,0
215150,,,2026-01-26,2026,2026-01,0,96,0
215150,,,2026-01-27,2026,2026-01,0,96,0
215150,,,2026-01-28,2026,2026-01,0,96,0
215150,,,2026-01-29,2026,2026-01,0,96,0
215150,,,2026-01-30,2026,2026-01,0,96,0
215150,,,2026-01-31,2026,2026-01,2.6,96,2.6
215150,,,2026-02-01,2026,2026-02,0,96,2.6
215150,,,2026-02-02,2026,2026-02,0,96,2.6
215150,,,2026-02-03,2026,2026-02,0,96,2.6
215150,,,2026-02-04,2026,2026-02,0,96,2.6
215150,,,2026-02-05,2026,2026-02,0,96,2.6
215150,,,2026-02-06,2026,2026-02,0,96,2.6
215150,,,2026-02-07,2026,2026-02,0,96,2.6
215150,,,2026-02-08,2026,2026-02,0,96,2.6
215150,,,2026-02-09,2026,2026-02,0,96,2.6
215150,,,2026-02-10,2026,2026-02,0,96,2.6
215150,,,2026-02-11,2026,2026-02,0,96,2.6
215150,,,2026-02-12,2026,2026-02,0,96,2.6
215150,,,2026-02-13,2026,2026-02,0,96,2.6
215150,,,2026-02-14,2026,2026-02,0,96,2.6
215150,,,2026-02-15,2026,2026-02,1.4,96,4
215150,,,2026-02-16,2026,2026-02,0,96,4
215150,,,2026-02-17,2026,2026-02,0,96,4
215150,,,2026-02-18,2026,2026-02,0,96,4
215150,,,2026-02-19,2026,2026-02,0,96,4
215150,,,2026-02-20,2026,2026-02,0,96,4
215150,,,2026-02-21,2026,2026-02,0,96,4
215150,,,2026-02-22,2026,2026-02,0,96,4
215150,,,2026-02-23,2026,2026-02,0,64,4
215150,,,2026-02-24,2026,2026-02,0,96,4
215150,,,2026-02-25,2026,2026-02,0,96,4
215150,,,2026-02-26,2026,2026-02,0,96,4
215150,,,2026-02-27,2026,2026-02,0,96,4
215150,,,2026-02-28,2026,2026-02,0,96,4
215150,,,2026-03-01,2026,2026-03,0,96,4
215150,,,2026-03-02,2026,2026-03,0,96,4
215150,,,2026-03-03,2026,2026-03,0,96,4
215150,,,2026-03-04,2026,2026-03,0,96,4
215150,,,2026-03-05,2026,2026-03,0,96,4
215150,,,2026-03-06,2026,2026-03,0,96,4
215150,,,2026-03-07,2026,2026-03,0,96,4
215150,,,2026-03-08,2026,2026-03,0,96,4
215150,,,2026-03-09,2026,2026-03,0,96,4
215150,,,2026-03-10,2026,2026-03,0,96,4
215150,,,2026-03-11,2026,2026-03,0,96,4
215150,,,2026-03-12,2026,2026-03,0,96,4
215150,,,2026-03-13,2026,2026-03,6.4,96,10.4
215150,,,2026-03-14,2026,2026-03,0,96,10.4
215150,,,2026-03-15,2026,2026-03,0,96,10.4
215150,,,2026-03-16,2026,2026-03,0,96,10.4
215150,,,2026-03-17,2026,2026-03,0,96,10.4
215150,,,2026-03-18,2026,2026-03,0,96,10.4
215150,,,2026-03-19,2026,2026-03,0,96,10.4
215150,,,2026-03-20,2026,2026-03,0,96,10.4
215150,,,2026-03-21,2026,2026-03,0,96,10.4
215150,,,2026-03-22,2026,2026-03,0,96,10.4
215150,,,2026-03-23,2026,2026-03,0,96,10.4
215150,,,2026-03-24,2026,2026-03,0,96,10.4
215150,,,2026-03-25,2026,2026-03,0,96,10.4
215150,,,2026-03-26,2026,2026-03,0,96,10.4
215150,,,2026-03-27,2026,2026-03,0,96,10.4
215150,,,2026-03-28,2026,2026-03,0.2,96,10.6
215150,,,2026-03-29,2026,2026-03,0,96,10.6
215150,,,2026-03-30,2026,2026-03,0,96,10.6
215150,,,2026-03-31,2026,2026-03,0,96,10.6
215150,,,2026-04-01,2026,2026-04,0,96,10.6
215150,,,2026-04-02,2026,2026-04,2.2,96,12.8
215150,,,2026-04-03,2026,2026-04,0,96,12.8
215150,,,2026-04-04,2026,2026-04,1.8,96,14.6
215150,,,2026-04-05,2026,2026-04,0,96,14.6
215150,,,2026-04-06,2026,2026-04,0,96,14.6
215150,,,2026-04-07,2026,2026-04,37.6,96,52.2
215150,,,2026-04-08,2026,2026-04,0,86,52.2
215150,,,2026-04-09,2026,2026-04,0,96,52.2
215150,,,2026-04-10,2026,2026-04,3.2,96,55.4
215150,,,2026-04-11,2026,2026-04,0,96,55.4
215150,,,2026-04-12,2026,2026-04,0,96,55.4
215150,,,2026-04-13,2026,2026-04,0,96,55.4
215150,,,2026-04-14,2026,2026-04,0,96,55.4
215150,,,2026-04-15,2026,2026-04,0,96,55.4
215150,,,2026-04-16,2026,2026-04,34.2,96,89.6
215150,,,2026-04-17,2026,2026-04,4.2,96,93.8
215150,,,2026-04-18,2026,2026-04,0,96,93.8
215150,,,2026-04-19,2026,2026-04,0,96,93.8
215150,,,2026-04-20,2026,2026-04,0,96,93.8
215150,,,2026-04-21,2026,2026-04,0,96,93.8
215150,,,2026-04-22,2026,2026-04,0,96,93.8
215150,,,2026-04-23,2026,2026-04,0,76,93.8
215150,,,2026-04-24,2026,2026-04,0,96,93.8
215150,,,2026-04-25,2026,2026-04,0,96,93.8
215150,,,2026-04-26,2026,2026-04,1.4,96,95.2
215150,,,2026-04-27,2026,2026-04,3.8,96,99
215150,,,2026-04-28,2026,2026-04,0,96,99
215150,,,2026-04-29,2026,2026-04,0,96,99
215150,,,2026-04-30,2026,2026-04,0,96,99
215150,,,2026-05-01,2026,2026-05,0,96,99
215150,,,2026-05-02,2026,2026-05,0,96,99
215150,,,2026-05-03,2026,2026-05,0,96,99
215150,,,2026-05-04,2026,2026-05,0,96,99
215150,,,2026-05-05,2026,2026-05,0,95,99
215150,,,2026-05-06,2026,2026-05,0,96,99
215150,,,2026-05-07,2026,2026-05,0,96,99
215150,,,2026-05-08,2026,2026-05,0,96,99
215150,,,2026-05-09,2026,2026-05,0,96,99
215150,,,2026-05-10,2026,2026-05,0,96,99
215150,,,2026-05-11,2026,2026-05,0,96,99
215150,,,2026-05-12,2026,2026-05,0.2,96,99.2
215150,,,2026-05-13,2026,2026-05,1,96,100.2
215150,,,2026-05-14,2026,2026-05,0,96,100.2
215150,,,2026-05-15,2026,2026-05,0,96,100.2
215150,,,2026-05-16,2026,2026-05,1.6,96,101.8
215150,,,2026-05-17,2026,2026-05,57.2,92,159
215150,,,2026-05-18,2026,2026-05,0,96,159
215150,,,2026-05-19,2026,2026-05,1,96,160
215150,,,2026-05-20,2026,2026-05,2.2,96,162.2
215150,,,2026-05-21,2026,2026-05,26.8,96,189
215150,,,2026-05-22,2026,2026-05,0.2,96,189.2
215150,,,2026-05-23,2026,2026-05,9.8,96,199
215150,,,2026-05-24,2026,2026-05,0,96,199
215150,,,2026-05-25,2026,2026-05,11,96,210
215150,,,2026-05-26,2026,2026-05,3.2,96,213.2
215150,,,2026-05-27,2026,2026-05,11,96,224.2
215150,,,2026-05-28,2026,2026-05,0.8,96,225
215150,,,2026-05-29,2026,2026-05,0.8,96,225.8
215150,,,2026-05-30,2026,2026-05,0,96,225.8
215150,,,2026-05-31,2026,2026-05,49,96,274.8
215150,,,2026-06-01,2026,2026-06,0,96,274.8
215150,,,2026-06-02,2026,2026-06,16.4,96,291.2
215150,,,2026-06-03,2026,2026-06,33,96,324.2
215150,,,2026-06-04,2026,2026-06,17.2,96,341.4
215150,,,2026-06-05,2026,2026-06,21.6,96,363
215150,,,2026-06-06,2026,2026-06,0.4,96,363.4
215150,,,2026-06-07,2026,2026-06,13.4,96,376.8
215150,,,2026-06-08,2026,2026-06,3.8,96,380.6
215150,,,2026-06-09,2026,2026-06,0,96,380.6
215150,,,2026-06-10,2026,2026-06,0,96,380.6
215150,,,2026-06-11,2026,2026-06,12,96,392.6
215150,,,2026-06-12,2026,2026-06,0,96,392.6
215150,,,2026-06-13,2026,2026-06,0,96,392.6
215150,,,2026-06-14,2026,2026-06,0,96,392.6
215150,,,2026-06-15,2026,2026-06,0.4,96,393
215150,,,2026-06-16,2026,2026-06,2.6,96,395.6
215150,,,2026-06-17,2026,2026-06,0,96,395.6
215150,,,2026-06-18,2026,2026-06,12,96,407.6
215150,,,2026-06-19,2026,2026-06,31.2,96,438.8
215150,,,2026-06-20,2026,2026-06,0,96,438.8
215150,,,2026-06-21,2026,2026-06,0,96,438.8
215150,,,2026-06-22,2026,2026-06,0,96,438.8
215150,,,2026-06-23,2026,2026-06,0,96,438.8
215150,,,2026-06-24,2026,2026-06,4.4,96,443.2
215150,,,2026-06-25,2026,2026-06,35.6,96,478.8
215150,,,2026-06-26,2026,2026-06,0,96,478.8
215150,,,2026-06-27,2026,2026-06,0,96,478.8
215150,,,2026-06-28,2026,2026-06,1.8,96,480.6
215150,,,2026-06-29,2026,2026-06,0,96,480.6
215150,,,2026-06-30,2026,2026-06,0,96,480.6
215150,,,2026-07-01,2026,2026-07,3.2,96,483.8
215150,,,2026-07-02,2026,2026-07,22,96,505.8
215150,,,2026-07-03,2026,2026-07,45,96,550.8
215150,,,2026-07-04,2026,2026-07,1.8,96,552.6
215150,,,2026-07-05,2026,2026-07,0,96,552.6
215150,,,2026-07-06,2026,2026-07,0,96,552.6
215150,,,2026-07-07,2026,2026-07,0,96,552.6
215150,,,2026-07-08,2026,2026-07,41,96,593.6
215150,,,2026-07-09,2026,2026-07,0.6,96,594.2
215150,,,2026-07-10,2026,2026-07,0,96,594.2
215150,,,2026-07-11,2026,2026-07,0,96,594.2
215150,,,2026-07-12,2026,2026-07,0.2,96,594.4
215150,,,2026-07-13,2026,2026-07,2.2,96,596.6
215150,,,2026-07-14,2026,2026-07,0,96,596.6
215150,,,2026-07-15,2026,2026-07,0,96,596.6
215150,,,2026-07-16,2026,2026-07,0,96,596.6
215150,,,2026-07-17,2026,2026-07,0,96,596.6
215150,,,2026-07-18,2026,2026-07,30,96,626.6
215150,,,2026-07-19,2026,2026-07,1.8,96,628.4
215150,,,2026-07-20,2026,2026-07,37.8,96,666.2
215150,,,2026-07-21,2026,2026-07,0,96,666.2
215150,,,2026-07-22,2026,2026-07,0.6,96,666.8
215150,,,2026-07-23,2026,2026-07,23.2,96,690
215150,,,2026-07-24,2026,2026-07,0,96,690
215150,,,2026-07-25,2026,2026-07,0.6,96,690.6
215150,,,2026-07-26,2026,2026-07,30.2,96,720.8
215150,,,2026-07-27,2026,2026-07,0.2,96,721
215150,,,2026-07-28,2026,2026-07,0,96,721
215150,,,2026-07-29,2026,2026-07,0,52,721
215150,,,2026-07-30,2026,2026-07,0.6,96,721.6
215150,,,2026-07-31,2026,2026-07,12.6,48,734.2
215150,,,2026-08-02,2026,2026-08,0,24,734.2
216784,,,2025-07-09,2025,2025-07,5.4,41,5.4
216784,,,2025-07-10,2025,2025-07,0,96,5.4
216784,,,2025-07-11,2025,2025-07,8.8,96,14.2
216784,,,2025-07-12,2025,2025-07,39,96,53.2
216784,,,2025-07-13,2025,2025-07,0,96,53.2
216784,,,2025-07-14,2025,2025-07,0,96,53.2
216784,,,2025-07-15,2025,2025-07,15.2,96,68.4
216784,,,2025-07-16,2025,2025-07,0,96,68.4
216784,,,2025-07-17,2025,2025-07,49.8,96,118.2
216784,,,2025-07-18,2025,2025-07,11.2,96,129.4
216784,,,2025-07-19,2025,2025-07,9.4,96,138.8
216784,,,2025-07-20,2025,2025-07,0.6,96,139.4
216784,,,2025-07-21,2025,2025-07,3.8,96,143.2
216784,,,2025-07-22,2025,2025-07,10.4,96,153.6
216784,,,2025-07-23,2025,2025-07,13,96,166.6
216784,,,2025-07-24,2025,2025-07,1,96,167.6
216784,,,2025-07-25,2025,2025-07,0.4,96,168
216784,,,2025-07-26,2025,2025-07,5,96,173
216784,,,2025-07-27,2025,2025-07,0.2,96,173.2
216784,,,2025-07-28,2025,2025-07,0.2,96,173.4
216784,,,2025-07-29,2025,2025-07,0,96,173.4
216784,,,2025-07-30,2025,2025-07,7.6,96,181
216784,,,2025-07-31,2025,2025-07,1,96,182
216784,,,2025-08-01,2025,2025-08,7.2,96,189.2
216784,,,2025-08-02,2025,2025-08,30.8,96,220
216784,,,2025-08-03,2025,2025-08,11.2,96,231.2
216784,,,2025-08-04,2025,2025-08,1,96,232.2
216784,,,2025-08-05,2025,2025-08,12.2,96,244.4
216784,,,2025-08-06,2025,2025-08,0,96,244.4
216784,,,2025-08-07,2025,2025-08,0,96,244.4
216784,,,2025-08-08,2025,2025-08,0,96,244.4
216784,,,2025-08-09,2025,2025-08,32.6,96,277
216784,,,2025-08-10,2025,2025-08,7,96,284
216784,,,2025-08-11,2025,2025-08,0,96,284
216784,,,2025-08-12,2025,2025-08,0,96,284
216784,,,2025-08-13,2025,2025-08,0,96,284
216784,,,2025-08-14,2025,2025-08,0,96,284
216784,,,2025-08-15,2025,2025-08,5.4,96,289.4
216784,,,2025-08-16,2025,2025-08,0.2,96,289.6
216784,,,2025-08-17,2025,2025-08,6.4,96,296
216784,,,2025-08-18,2025,2025-08,0,96,296
216784,,,2025-08-19,2025,2025-08,1.8,96,297.8
216784,,,2025-08-20,2025,2025-08,0,96,297.8
216784,,,2025-08-21,2025,2025-08,0,96,297.8
216784,,,2025-08-22,2025,2025-08,4.4,95,302.2
216784,,,2025-08-23,2025,2025-08,0,95,302.2
216784,,,2025-08-24,2025,2025-08,0.2,96,302.4
216784,,,2025-08-25,2025,2025-08,9.2,92,311.6
216784,,,2025-08-26,2025,2025-08,10.6,96,322.2
216784,,,2025-08-27,2025,2025-08,3.2,65,325.4
216784,,,2025-08-28,2025,2025-08,2.4,92,327.8
216784,,,2025-08-29,2025,2025-08,0,95,327.8
216784,,,2025-08-30,2025,2025-08,2.2,88,330
216784,,,2025-08-31,2025,2025-08,5.6,96,335.6
216784,,,2025-09-01,2025,2025-09,0.2,95,335.8
216784,,,2025-09-02,2025,2025-09,0,96,335.8
216784,,,2025-09-03,2025,2025-09,0,96,335.8
216784,,,2025-09-04,2025,2025-09,8.8,95,344.6
216784,,,2025-09-05,2025,2025-09,12.4,96,357
216784,,,2025-09-06,2025,2025-09,5.2,96,362.2
216784,,,2025-09-07,2025,2025-09,0.2,95,362.4
216784,,,2025-09-08,2025,2025-09,1.4,94,363.8
216784,,,2025-09-09,2025,2025-09,0,96,363.8
216784,,,2025-09-10,2025,2025-09,0.8,93,364.6
216784,,,2025-09-11,2025,2025-09,4.2,61,368.8
216784,,,2025-09-12,2025,2025-09,0,35,368.8
216784,,,2025-09-13,2025,2025-09,0,96,368.8
216784,,,2025-09-14,2025,2025-09,0.4,95,369.2
216784,,,2025-09-15,2025,2025-09,0,90,369.2
216784,,,2025-09-16,2025,2025-09,0,71,369.2
216784,,,2025-09-17,2025,2025-09,0,89,369.2
216784,,,2025-09-18,2025,2025-09,0,79,369.2
216784,,,2025-09-19,2025,2025-09,0,96,369.2
216784,,,2025-09-20,2025,2025-09,0,95,369.2
216784,,,2025-09-21,2025,2025-09,0,96,369.2
216784,,,2025-09-22,2025,2025-09,0,86,369.2
216784,,,2025-09-23,2025,2025-09,0,94,369.2
216784,,,2025-09-24,2025,2025-09,18.4,89,387.6
216784,,,2025-09-25,2025,2025-09,0,95,387.6
216784,,,2025-09-26,2025,2025-09,0,64,387.6
216784,,,2025-09-29,2025,2025-09,0,31,387.6
216784,,,2025-09-30,2025,2025-09,0.6,92,388.2
216784,,,2025-10-01,2025,2025-10,0,91,388.2
216784,,,2025-10-02,2025,2025-10,0,83,388.2
216784,,,2025-10-03,2025,2025-10,0,89,388.2
216784,,,2025-10-04,2025,2025-10,0,96,388.2
216784,,,2025-10-05,2025,2025-10,11.2,94,399.4
216784,,,2025-10-06,2025,2025-10,15.6,82,415
216784,,,2025-10-07,2025,2025-10,0.4,90,415.4
216784,,,2025-10-08,2025,2025-10,0,96,415.4
216784,,,2025-10-09,2025,2025-10,0,80,415.4
216784,,,2025-10-10,2025,2025-10,2,96,417.4
216784,,,2025-10-11,2025,2025-10,0,80,417.4
216784,,,2025-10-12,2025,2025-10,0,96,417.4
216784,,,2025-10-13,2025,2025-10,0,78,417.4
216784,,,2025-10-14,2025,2025-10,0,80,417.4
216784,,,2025-10-15,2025,2025-10,0.4,91,417.8
216784,,,2025-10-16,2025,2025-10,2,91,419.8
216784,,,2025-10-17,2025,2025-10,0.2,96,420
216784,,,2025-10-18,2025,2025-10,2.2,96,422.2
216784,,,2025-10-19,2025,2025-10,0,67,422.2
216784,,,2025-10-21,2025,2025-10,3.8,37,426
216784,,,2025-10-22,2025,2025-10,0,96,426
216784,,,2025-10-23,2025,2025-10,17.2,96,443.2
216784,,,2025-10-24,2025,2025-10,1.2,94,444.4
216784,,,2025-10-25,2025,2025-10,2.6,95,447
216784,,,2025-10-26,2025,2025-10,0,96,447
216784,,,2025-10-27,2025,2025-10,0,79,447
216784,,,2025-10-28,2025,2025-10,0,56,447
216784,,,2026-05-21,2026,2026-05,0,17,0
216784,,,2026-05-22,2026,2026-05,0,96,0
216784,,,2026-05-23,2026,2026-05,2,96,2
216784,,,2026-05-24,2026,2026-05,0,96,2
216784,,,2026-05-25,2026,2026-05,4.8,96,6.8
216784,,,2026-05-26,2026,2026-05,2.4,96,9.2
216784,,,2026-05-27,2026,2026-05,10.8,96,20
216784,,,2026-05-28,2026,2026-05,5,96,25
216784,,,2026-05-29,2026,2026-05,4.4,96,29.4
216784,,,2026-05-30,2026,2026-05,0,96,29.4
216784,,,2026-05-31,2026,2026-05,76.8,96,106.2
216784,,,2026-06-01,2026,2026-06,0.2,96,106.4
216784,,,2026-06-02,2026,2026-06,42,96,148.4
216784,,,2026-06-03,2026,2026-06,0,18,148.4
216784,,,2026-06-04,2026,2026-06,20.6,39,169
216784,,,2026-06-05,2026,2026-06,65.2,96,234.2
216784,,,2026-06-06,2026,2026-06,1,96,235.2
216784,,,2026-06-07,2026,2026-06,23.8,96,259
216784,,,2026-06-08,2026,2026-06,4.8,96,263.8
216784,,,2026-06-09,2026,2026-06,0,96,263.8
216784,,,2026-06-10,2026,2026-06,0,96,263.8
216784,,,2026-06-11,2026,2026-06,7.4,96,271.2
216784,,,2026-06-12,2026,2026-06,0,96,271.2
216784,,,2026-06-13,2026,2026-06,0,96,271.2
216784,,,2026-06-14,2026,2026-06,0,96,271.2
216784,,,2026-06-15,2026,2026-06,8.8,96,280
216784,,,2026-06-16,2026,2026-06,1.2,96,281.2
216784,,,2026-06-17,2026,2026-06,0,96,281.2
216784,,,2026-06-18,2026,2026-06,31.8,96,313
216784,,,2026-06-19,2026,2026-06,13.4,96,326.4
216784,,,2026-06-20,2026,2026-06,0.6,96,327
216784,,,2026-06-21,2026,2026-06,0,96,327
216784,,,2026-06-22,2026,2026-06,11.8,96,338.8
216784,,,2026-06-23,2026,2026-06,0,96,338.8
216784,,,2026-06-24,2026,2026-06,8.2,96,347
216784,,,2026-06-25,2026,2026-06,16.4,96,363.4
216784,,,2026-06-26,2026,2026-06,0,52,363.4
216784,,,2026-06-28,2026,2026-06,0,13,363.4
216784,,,2026-06-29,2026,2026-06,0,84,363.4
216784,,,2026-06-30,2026,2026-06,1,76,364.4
216784,,,2026-07-01,2026,2026-07,21.8,96,386.2
216784,,,2026-07-02,2026,2026-07,7,79,393.2
216784,,,2026-07-03,2026,2026-07,46.6,95,439.8
216784,,,2026-07-04,2026,2026-07,0.8,92,440.6
216784,,,2026-07-05,2026,2026-07,0,82,440.6
216784,,,2026-07-06,2026,2026-07,0.8,96,441.4
216784,,,2026-07-07,2026,2026-07,0,85,441.4
216784,,,2026-07-08,2026,2026-07,55,96,496.4
216784,,,2026-07-09,2026,2026-07,4.6,74,501
216784,,,2026-07-10,2026,2026-07,2.8,96,503.8
216784,,,2026-07-11,2026,2026-07,0,73,503.8
216784,,,2026-07-12,2026,2026-07,13.2,96,517
216784,,,2026-07-13,2026,2026-07,2.8,91,519.8
216784,,,2026-07-14,2026,2026-07,7.8,85,527.6
216784,,,2026-07-15,2026,2026-07,0,76,527.6
216784,,,2026-07-16,2026,2026-07,0,96,527.6
216784,,,2026-07-17,2026,2026-07,0,68,527.6
216784,,,2026-07-18,2026,2026-07,34.2,96,561.8
216784,,,2026-07-19,2026,2026-07,15.4,71,577.2
216784,,,2026-07-20,2026,2026-07,59.4,96,636.6
216784,,,2026-07-21,2026,2026-07,0,96,636.6
216784,,,2026-07-22,2026,2026-07,0,80,636.6
216784,,,2026-07-23,2026,2026-07,53.2,96,689.8
216784,,,2026-07-24,2026,2026-07,0,93,689.8
216784,,,2026-07-25,2026,2026-07,0,79,689.8
216784,,,2026-07-26,2026,2026-07,30.2,95,720
216784,,,2026-07-27,2026,2026-07,0.2,78,720.2
216784,,,2026-07-28,2026,2026-07,0,93,720.2
216784,,,2026-07-29,2026,2026-07,13.2,60,733.4
216784,,,2026-07-30,2026,2026-07,1.8,69,735.2
216784,,,2026-07-31,2026,2026-07,18,93,753.2
216784,,,2026-08-01,2026,2026-08,0.2,80,753.4
216784,,,2026-08-02,2026,2026-08,0,89,753.4
217402,,,2025-07-17,2025,2025-07,0,25,0
217402,,,2025-07-18,2025,2025-07,2.2,96,2.2
217402,,,2025-07-19,2025,2025-07,41.4,96,43.6
217402,,,2025-07-20,2025,2025-07,26.2,96,69.8
217402,,,2025-07-21,2025,2025-07,4.8,96,74.6
217402,,,2025-07-22,2025,2025-07,6.6,96,81.2
217402,,,2025-07-23,2025,2025-07,1.8,96,83
217402,,,2025-07-24,2025,2025-07,89.2,96,172.2
217402,,,2025-07-25,2025,2025-07,6.2,96,178.4
217402,,,2025-07-26,2025,2025-07,0,96,178.4
217402,,,2025-07-27,2025,2025-07,0.8,96,179.2
217402,,,2025-07-28,2025,2025-07,0,96,179.2
217402,,,2025-07-29,2025,2025-07,2.6,96,181.8
217402,,,2025-07-30,2025,2025-07,4.4,96,186.2
217402,,,2025-07-31,2025,2025-07,8.6,96,194.8
217402,,,2025-08-01,2025,2025-08,0,96,194.8
217402,,,2025-08-02,2025,2025-08,4.6,96,199.4
217402,,,2025-08-03,2025,2025-08,14.2,96,213.6
217402,,,2025-08-04,2025,2025-08,0.8,96,214.4
217402,,,2025-08-05,2025,2025-08,3.2,96,217.6
217402,,,2025-08-06,2025,2025-08,3.4,96,221
217402,,,2025-08-07,2025,2025-08,2,96,223
217402,,,2025-08-08,2025,2025-08,0.6,96,223.6
217402,,,2025-08-09,2025,2025-08,0.4,96,224
217402,,,2025-08-10,2025,2025-08,0.6,96,224.6
217402,,,2025-08-11,2025,2025-08,0,37,224.6
217402,,,2025-08-12,2025,2025-08,0,35,224.6
217402,,,2025-08-13,2025,2025-08,0,96,224.6
217402,,,2025-08-14,2025,2025-08,0.2,59,224.8
217402,,,2025-08-15,2025,2025-08,0,17,224.8
217402,,,2025-08-16,2025,2025-08,0.4,83,225.2
217402,,,2025-08-17,2025,2025-08,2.6,90,227.8
217402,,,2025-08-18,2025,2025-08,15.2,20,243
217402,,,2025-08-19,2025,2025-08,9.2,16,252.2
217402,,,2025-08-21,2025,2025-08,0,95,252.2
217402,,,2025-08-22,2025,2025-08,0.8,69,253
217402,,,2025-08-23,2025,2025-08,0,85,253
217402,,,2025-08-24,2025,2025-08,5.4,96,258.4
217402,,,2025-08-25,2025,2025-08,0.6,74,259
217402,,,2025-08-26,2025,2025-08,1.2,68,260.2
217402,,,2025-08-27,2025,2025-08,0.4,16,260.6
217402,,,2025-08-28,2025,2025-08,0,51,260.6
217402,,,2025-08-29,2025,2025-08,0,31,260.6
217402,,,2025-08-30,2025,2025-08,0.4,90,261
217402,,,2025-08-31,2025,2025-08,0,70,261
217402,,,2025-09-01,2025,2025-09,0,90,261
217402,,,2025-09-02,2025,2025-09,0,80,261
217402,,,2025-09-03,2025,2025-09,0,61,261
217402,,,2025-09-04,2025,2025-09,0,60,261
217402,,,2025-09-05,2025,2025-09,10.6,52,271.6
217402,,,2025-09-06,2025,2025-09,11.2,83,282.8
217402,,,2025-09-07,2025,2025-09,0.4,96,283.2
217402,,,2025-09-08,2025,2025-09,10.4,85,293.6
217402,,,2025-09-09,2025,2025-09,0,85,293.6
217402,,,2025-09-10,2025,2025-09,0,85,293.6
217402,,,2025-09-11,2025,2025-09,0,89,293.6
217402,,,2025-09-12,2025,2025-09,0,88,293.6
217402,,,2025-09-13,2025,2025-09,0,96,293.6
217402,,,2025-09-14,2025,2025-09,18.2,91,311.8
217402,,,2025-09-15,2025,2025-09,0.2,84,312
217402,,,2025-09-16,2025,2025-09,0,59,312
217402,,,2025-09-17,2025,2025-09,0,94,312
217402,,,2025-09-18,2025,2025-09,0.2,69,312.2
217402,,,2025-09-19,2025,2025-09,0,68,312.2
217402,,,2025-09-20,2025,2025-09,0,91,312.2
217402,,,2025-09-21,2025,2025-09,0,85,312.2
217402,,,2025-09-22,2025,2025-09,0,87,312.2
217402,,,2025-09-23,2025,2025-09,0,81,312.2
217402,,,2025-09-24,2025,2025-09,0,81,312.2
217402,,,2025-09-25,2025,2025-09,0,88,312.2
217402,,,2025-09-26,2025,2025-09,0,64,312.2
217402,,,2025-09-27,2025,2025-09,7.6,79,319.8
217402,,,2025-09-28,2025,2025-09,0.4,95,320.2
217402,,,2025-09-29,2025,2025-09,0.4,32,320.6
217402,,,2025-10-04,2025,2025-10,0,35,320.6
217402,,,2025-10-05,2025,2025-10,0,46,320.6
217402,,,2025-10-06,2025,2025-10,0,95,320.6
217402,,,2025-10-07,2025,2025-10,0,91,320.6
217402,,,2025-10-08,2025,2025-10,0,95,320.6
217402,,,2025-10-09,2025,2025-10,0,72,320.6
217402,,,2025-10-10,2025,2025-10,3.6,88,324.2
217402,,,2025-10-11,2025,2025-10,0,96,324.2
217402,,,2025-10-12,2025,2025-10,0,93,324.2
217402,,,2025-10-13,2025,2025-10,3.4,96,327.6
217402,,,2025-10-14,2025,2025-10,0,80,327.6
217402,,,2025-10-15,2025,2025-10,3.8,14,331.4
217402,,,2025-10-19,2025,2025-10,0,51,331.4
217402,,,2025-10-20,2025,2025-10,15.4,84,346.8
217402,,,2025-10-21,2025,2025-10,0,76,346.8
217402,,,2025-10-22,2025,2025-10,0,63,346.8
217402,,,2025-10-23,2025,2025-10,0,40,346.8
217402,,,2025-10-24,2025,2025-10,0,75,346.8
217402,,,2025-10-25,2025,2025-10,0,90,346.8
217402,,,2025-10-26,2025,2025-10,0,87,346.8
217402,,,2025-10-27,2025,2025-10,0,83,346.8
217402,,,2025-10-28,2025,2025-10,0,88,346.8
217402,,,2025-10-29,2025,2025-10,0,93,346.8
217402,,,2025-10-30,2025,2025-10,0,89,346.8
217402,,,2025-10-31,2025,2025-10,0,95,346.8
217402,,,2025-11-01,2025,2025-11,0,16,346.8
217402,,,2025-11-02,2025,2025-11,0,15,346.8
217402,,,2025-11-03,2025,2025-11,0,79,346.8
217402,,,2025-11-04,2025,2025-11,0,94,346.8
217402,,,2025-11-05,2025,2025-11,0,95,346.8
217402,,,2025-11-06,2025,2025-11,0,85,346.8
217402,,,2025-11-07,2025,2025-11,1.2,65,348
217402,,,2025-11-08,2025,2025-11,0,89,348
217402,,,2025-11-09,2025,2025-11,0,94,348
217402,,,2025-11-10,2025,2025-11,0,81,348
217402,,,2025-11-11,2025,2025-11,0,94,348
217402,,,2025-11-12,2025,2025-11,3.2,95,351.2
217402,,,2025-11-13,2025,2025-11,0,51,351.2
217402,,,2025-11-14,2025,2025-11,0,21,351.2
217402,,,2025-11-15,2025,2025-11,0,92,351.2
217402,,,2025-11-16,2025,2025-11,5.6,40,356.8
217402,,,2025-11-17,2025,2025-11,30.2,94,387
217402,,,2025-11-18,2025,2025-11,0,76,387
217402,,,2025-11-19,2025,2025-11,5.6,61,392.6
217402,,,2025-11-20,2025,2025-11,0,41,392.6
217402,,,2025-11-21,2025,2025-11,0,89,392.6
217402,,,2025-11-22,2025,2025-11,0,74,392.6
217402,,,2025-11-23,2025,2025-11,0,92,392.6
217402,,,2025-11-24,2025,2025-11,9.6,82,402.2
217402,,,2025-11-25,2025,2025-11,1.6,90,403.8
217402,,,2025-11-26,2025,2025-11,6.6,58,410.4
217402,,,2026-05-29,2026,2026-05,0,23,0
217402,,,2026-05-30,2026,2026-05,27.4,96,27.4
217402,,,2026-05-31,2026,2026-05,12.4,96,39.8
217402,,,2026-06-01,2026,2026-06,1,96,40.8
217402,,,2026-06-02,2026,2026-06,2.8,96,43.6
217402,,,2026-06-03,2026,2026-06,8.4,96,52
217402,,,2026-06-04,2026,2026-06,23.4,96,75.4
217402,,,2026-06-05,2026,2026-06,0.4,96,75.8
217402,,,2026-06-06,2026,2026-06,2.6,96,78.4
217402,,,2026-06-07,2026,2026-06,6.6,96,85
217402,,,2026-06-08,2026,2026-06,8.6,96,93.6
217402,,,2026-06-09,2026,2026-06,0,96,93.6
217402,,,2026-06-10,2026,2026-06,0,96,93.6
217402,,,2026-06-11,2026,2026-06,18.8,96,112.4
217402,,,2026-06-12,2026,2026-06,5,96,117.4
217402,,,2026-06-13,2026,2026-06,0,96,117.4
217402,,,2026-06-14,2026,2026-06,8.6,96,126
217402,,,2026-06-15,2026,2026-06,2.2,96,128.2
217402,,,2026-06-16,2026,2026-06,11.2,96,139.4
217402,,,2026-06-17,2026,2026-06,3.2,96,142.6
217402,,,2026-06-18,2026,2026-06,9.8,96,152.4
217402,,,2026-06-19,2026,2026-06,0.6,96,153
217402,,,2026-06-20,2026,2026-06,20.6,96,173.6
217402,,,2026-06-21,2026,2026-06,3.6,96,177.2
217402,,,2026-06-22,2026,2026-06,0,96,177.2
217402,,,2026-06-23,2026,2026-06,0,96,177.2
217402,,,2026-06-24,2026,2026-06,18.2,96,195.4
217402,,,2026-06-25,2026,2026-06,0.2,96,195.6
217402,,,2026-06-26,2026,2026-06,0,96,195.6
217402,,,2026-06-27,2026,2026-06,0,96,195.6
217402,,,2026-06-28,2026,2026-06,15.4,96,211
217402,,,2026-06-29,2026,2026-06,26.8,96,237.8
217402,,,2026-06-30,2026,2026-06,3.4,96,241.2
217402,,,2026-07-01,2026,2026-07,4.2,96,245.4
217402,,,2026-07-02,2026,2026-07,2.2,96,247.6
217402,,,2026-07-03,2026,2026-07,11,96,258.6
217402,,,2026-07-04,2026,2026-07,3.2,96,261.8
217402,,,2026-07-05,2026,2026-07,48.2,96,310
217402,,,2026-07-06,2026,2026-07,12.2,96,322.2
217402,,,2026-07-07,2026,2026-07,3.2,96,325.4
217402,,,2026-07-08,2026,2026-07,19.2,96,344.6
217402,,,2026-07-09,2026,2026-07,0,96,344.6
217402,,,2026-07-10,2026,2026-07,3.6,96,348.2
217402,,,2026-07-11,2026,2026-07,0,96,348.2
217402,,,2026-07-12,2026,2026-07,31.6,96,379.8
217402,,,2026-07-13,2026,2026-07,0.2,96,380
217402,,,2026-07-14,2026,2026-07,0,96,380
217402,,,2026-07-15,2026,2026-07,2,96,382
217402,,,2026-07-16,2026,2026-07,0,96,382
217402,,,2026-07-17,2026,2026-07,3.8,96,385.8
217402,,,2026-07-18,2026,2026-07,6.2,96,392
217402,,,2026-07-19,2026,2026-07,0,96,392
217402,,,2026-07-20,2026,2026-07,4.2,96,396.2
217402,,,2026-07-21,2026,2026-07,0,96,396.2
217402,,,2026-07-22,2026,2026-07,3.2,96,399.4
217402,,,2026-07-23,2026,2026-07,0,96,399.4
217402,,,2026-07-24,2026,2026-07,0,96,399.4
217402,,,2026-07-25,2026,2026-07,14.6,96,414
217402,,,2026-07-26,2026,2026-07,0.8,96,414.8
217402,,,2026-07-27,2026,2026-07,0,96,414.8
217402,,,2026-07-28,2026,2026-07,9.6,96,424.4
217402,,,2026-07-29,2026,2026-07,33.6,96,458
217402,,,2026-07-30,2026,2026-07,4,96,462
217402,,,2026-07-31,2026,2026-07,4,92,466
217402,,,2026-08-01,2026,2026-08,0,96,466
217402,,,2026-08-02,2026,2026-08,0,85,466
217861,,,2025-07-23,2025,2025-07,0.4,32,0.4
217861,,,2025-07-24,2025,2025-07,1.6,96,2
217861,,,2025-07-25,2025,2025-07,0.8,96,2.8
217861,,,2025-07-26,2025,2025-07,0.6,96,3.4
217861,,,2025-07-27,2025,2025-07,0.2,96,3.6
217861,,,2025-07-28,2025,2025-07,4.6,96,8.2
217861,,,2025-07-29,2025,2025-07,18.8,96,27
217861,,,2025-07-30,2025,2025-07,3.4,96,30.4
217861,,,2025-07-31,2025,2025-07,0.2,96,30.6
217861,,,2025-08-01,2025,2025-08,28.2,96,58.8
217861,,,2025-08-02,2025,2025-08,3,96,61.8
217861,,,2025-08-03,2025,2025-08,4.4,96,66.2
217861,,,2025-08-04,2025,2025-08,12.4,94,78.6
217861,,,2025-08-05,2025,2025-08,9.2,64,87.8
217861,,,2025-08-06,2025,2025-08,5.4,32,93.2
217861,,,2025-08-07,2025,2025-08,3.2,96,96.4
217861,,,2025-08-08,2025,2025-08,13,96,109.4
217861,,,2025-08-09,2025,2025-08,29.6,65,139
217861,,,2025-08-10,2025,2025-08,3,96,142
217861,,,2025-08-11,2025,2025-08,0,81,142
217861,,,2025-08-12,2025,2025-08,0,96,142
217861,,,2025-08-13,2025,2025-08,0,89,142
217861,,,2025-08-14,2025,2025-08,5.6,96,147.6
217861,,,2025-08-15,2025,2025-08,19.2,96,166.8
217861,,,2025-08-16,2025,2025-08,0,63,166.8
217861,,,2025-08-17,2025,2025-08,0,96,166.8
217861,,,2025-08-18,2025,2025-08,0,78,166.8
217861,,,2025-08-19,2025,2025-08,0.6,92,167.4
217861,,,2025-08-20,2025,2025-08,0,76,167.4
217861,,,2025-08-21,2025,2025-08,9.2,77,176.6
217861,,,2025-08-22,2025,2025-08,7.2,77,183.8
217861,,,2025-08-23,2025,2025-08,0,96,183.8
217861,,,2025-08-24,2025,2025-08,0,92,183.8
217861,,,2025-08-25,2025,2025-08,4.6,80,188.4
217861,,,2025-08-26,2025,2025-08,1.2,93,189.6
217861,,,2025-08-27,2025,2025-08,24,85,213.6
217861,,,2025-08-28,2025,2025-08,0,95,213.6
217861,,,2025-08-29,2025,2025-08,3.2,96,216.8
217861,,,2025-08-30,2025,2025-08,2.4,95,219.2
217861,,,2025-08-31,2025,2025-08,0,94,219.2
217861,,,2025-09-01,2025,2025-09,0.4,96,219.6
217861,,,2025-09-02,2025,2025-09,3.8,96,223.4
217861,,,2025-09-03,2025,2025-09,0,92,223.4
217861,,,2025-09-04,2025,2025-09,0,14,223.4
217861,,,2025-09-05,2025,2025-09,7.6,96,231
217861,,,2025-09-06,2025,2025-09,2.8,87,233.8
217861,,,2025-09-08,2025,2025-09,0,27,233.8
217861,,,2025-09-09,2025,2025-09,0,28,233.8
217861,,,2025-09-10,2025,2025-09,0,74,233.8
217861,,,2025-09-11,2025,2025-09,0,96,233.8
217861,,,2025-09-12,2025,2025-09,0.6,96,234.4
217861,,,2025-09-13,2025,2025-09,0,84,234.4
217861,,,2025-09-14,2025,2025-09,1,79,235.4
217861,,,2025-09-15,2025,2025-09,0,44,235.4
217861,,,2025-09-16,2025,2025-09,0,89,235.4
217861,,,2025-09-17,2025,2025-09,0,52,235.4
217861,,,2025-09-18,2025,2025-09,0,1,235.4
217861,,,2025-09-19,2025,2025-09,0.2,79,235.6
217861,,,2025-09-20,2025,2025-09,0,48,235.6
217861,,,2025-09-21,2025,2025-09,0,96,235.6
217861,,,2025-09-22,2025,2025-09,0,95,235.6
217861,,,2025-09-23,2025,2025-09,0,96,235.6
217861,,,2025-09-24,2025,2025-09,36.2,96,271.8
217861,,,2025-09-25,2025,2025-09,0,93,271.8
217861,,,2025-09-26,2025,2025-09,0,95,271.8
217861,,,2025-09-27,2025,2025-09,4,92,275.8
217861,,,2025-09-28,2025,2025-09,0,96,275.8
217861,,,2025-09-29,2025,2025-09,1.2,96,277
217861,,,2025-09-30,2025,2025-09,2,83,279
217861,,,2025-10-01,2025,2025-10,0,96,279
217861,,,2025-10-02,2025,2025-10,19.6,96,298.6
217861,,,2025-10-03,2025,2025-10,0,72,298.6
217861,,,2025-10-04,2025,2025-10,0,96,298.6
217861,,,2025-10-05,2025,2025-10,0,81,298.6
217861,,,2025-10-06,2025,2025-10,0.2,72,298.8
217861,,,2025-10-07,2025,2025-10,0,84,298.8
217861,,,2025-10-08,2025,2025-10,1.4,96,300.2
217861,,,2025-10-09,2025,2025-10,4.4,94,304.6
217861,,,2025-10-10,2025,2025-10,0.4,93,305
217861,,,2025-10-11,2025,2025-10,0,96,305
217861,,,2025-10-12,2025,2025-10,0,82,305
217861,,,2025-10-13,2025,2025-10,0,96,305
217861,,,2025-10-14,2025,2025-10,2.8,58,307.8
217861,,,2025-10-15,2025,2025-10,0,85,307.8
217861,,,2025-10-16,2025,2025-10,16.8,94,324.6
217861,,,2025-10-17,2025,2025-10,0,96,324.6
217861,,,2025-10-18,2025,2025-10,2.6,96,327.2
217861,,,2025-10-19,2025,2025-10,7.8,82,335
217861,,,2025-10-20,2025,2025-10,21.4,49,356.4
217861,,,2025-10-21,2025,2025-10,0,96,356.4
217861,,,2025-10-22,2025,2025-10,0.6,96,357
217861,,,2025-10-23,2025,2025-10,5,72,362
217861,,,2025-10-24,2025,2025-10,0,43,362
217861,,,2025-10-25,2025,2025-10,0,96,362
217861,,,2025-10-26,2025,2025-10,0,82,362
217861,,,2025-10-27,2025,2025-10,0,96,362
217861,,,2025-10-28,2025,2025-10,0,90,362
217861,,,2025-10-29,2025,2025-10,0,44,362
217861,,,2025-10-30,2025,2025-10,22.6,49,384.6
217861,,,2025-10-31,2025,2025-10,0,88,384.6
217861,,,2025-11-01,2025,2025-11,0,95,384.6
217861,,,2025-11-02,2025,2025-11,0.6,74,385.2
217861,,,2025-11-03,2025,2025-11,0,96,385.2
217861,,,2025-11-04,2025,2025-11,0,96,385.2
217861,,,2025-11-05,2025,2025-11,0,80,385.2
217861,,,2025-11-06,2025,2025-11,0,96,385.2
217861,,,2025-11-07,2025,2025-11,0,86,385.2
217861,,,2025-11-08,2025,2025-11,0,91,385.2
217861,,,2025-11-09,2025,2025-11,0,76,385.2
217861,,,2025-11-10,2025,2025-11,0,95,385.2
217861,,,2025-11-11,2025,2025-11,0,95,385.2
217861,,,2025-11-12,2025,2025-11,3.4,96,388.6
217861,,,2025-11-13,2025,2025-11,0,90,388.6
217861,,,2025-11-14,2025,2025-11,0,87,388.6
217861,,,2025-11-15,2025,2025-11,0,96,388.6
217861,,,2025-11-16,2025,2025-11,0.2,96,388.8
217861,,,2025-11-17,2025,2025-11,0,96,388.8
217861,,,2025-11-18,2025,2025-11,0,91,388.8
217861,,,2025-11-19,2025,2025-11,0,37,388.8
217861,,,2025-11-20,2025,2025-11,9.2,27,398
217861,,,2025-11-27,2025,2025-11,0,48,398
217861,,,2025-11-28,2025,2025-11,0,96,398
217861,,,2025-11-29,2025,2025-11,3.8,96,401.8
217861,,,2025-11-30,2025,2025-11,0,95,401.8
217861,,,2025-12-01,2025,2025-12,0,96,401.8
217861,,,2025-12-02,2025,2025-12,0,64,401.8
217861,,,2025-12-03,2025,2025-12,0,95,401.8
217861,,,2025-12-04,2025,2025-12,0,96,401.8
217861,,,2025-12-05,2025,2025-12,0,96,401.8
217861,,,2025-12-06,2025,2025-12,29.4,96,431.2
217861,,,2025-12-07,2025,2025-12,0,96,431.2
217861,,,2025-12-08,2025,2025-12,0,95,431.2
217861,,,2025-12-09,2025,2025-12,0,79,431.2
217861,,,2025-12-10,2025,2025-12,0,91,431.2
217861,,,2025-12-11,2025,2025-12,0.2,96,431.4
217861,,,2025-12-12,2025,2025-12,0,50,431.4
217861,,,2025-12-13,2025,2025-12,0,96,431.4
217861,,,2025-12-14,2025,2025-12,0,91,431.4
217861,,,2025-12-15,2025,2025-12,0,95,431.4
217861,,,2025-12-16,2025,2025-12,0,96,431.4
217861,,,2025-12-17,2025,2025-12,0,96,431.4
217861,,,2025-12-18,2025,2025-12,0,95,431.4
217861,,,2025-12-19,2025,2025-12,0,74,431.4
217861,,,2025-12-20,2025,2025-12,0,96,431.4
217861,,,2025-12-21,2025,2025-12,0.4,93,431.8
217861,,,2025-12-22,2025,2025-12,0,92,431.8
217861,,,2025-12-23,2025,2025-12,0,96,431.8
217861,,,2025-12-24,2025,2025-12,0,95,431.8
217861,,,2025-12-25,2025,2025-12,0,96,431.8
217861,,,2025-12-26,2025,2025-12,0,96,431.8
217861,,,2025-12-27,2025,2025-12,0,96,431.8
217861,,,2025-12-28,2025,2025-12,0,94,431.8
217861,,,2025-12-29,2025,2025-12,0,96,431.8
217861,,,2025-12-30,2025,2025-12,0,93,431.8
217861,,,2025-12-31,2025,2025-12,0,92,431.8
217861,,,2026-01-01,2026,2026-01,0,96,0
217861,,,2026-01-02,2026,2026-01,0,81,0
217861,,,2026-01-03,2026,2026-01,0,96,0
217861,,,2026-01-04,2026,2026-01,0,90,0
217861,,,2026-01-05,2026,2026-01,0,96,0
217861,,,2026-01-06,2026,2026-01,0,60,0
217861,,,2026-01-07,2026,2026-01,0,96,0
217861,,,2026-01-08,2026,2026-01,0,96,0
217861,,,2026-01-09,2026,2026-01,0,90,0
217861,,,2026-01-10,2026,2026-01,0,96,0
217861,,,2026-01-11,2026,2026-01,0,96,0
217861,,,2026-01-12,2026,2026-01,0,96,0
217861,,,2026-01-13,2026,2026-01,0,96,0
217861,,,2026-01-14,2026,2026-01,0,96,0
217861,,,2026-01-15,2026,2026-01,0,96,0
217861,,,2026-01-16,2026,2026-01,0,89,0
217861,,,2026-01-17,2026,2026-01,0,93,0
217861,,,2026-01-18,2026,2026-01,0,96,0
217861,,,2026-01-19,2026,2026-01,0,90,0
217861,,,2026-01-20,2026,2026-01,0,65,0
217861,,,2026-01-21,2026,2026-01,0,90,0
217861,,,2026-01-22,2026,2026-01,0,96,0
217861,,,2026-01-23,2026,2026-01,0,79,0
217861,,,2026-01-24,2026,2026-01,0,89,0
217861,,,2026-01-25,2026,2026-01,0,96,0
217861,,,2026-01-26,2026,2026-01,0,96,0
217861,,,2026-01-27,2026,2026-01,0,37,0
217861,,,2026-01-28,2026,2026-01,0,96,0
217861,,,2026-01-29,2026,2026-01,0,95,0
217861,,,2026-01-30,2026,2026-01,0,96,0
217861,,,2026-01-31,2026,2026-01,0.6,96,0.6
217861,,,2026-02-01,2026,2026-02,0,95,0.6
217861,,,2026-02-02,2026,2026-02,0,96,0.6
217861,,,2026-02-03,2026,2026-02,0,77,0.6
217861,,,2026-02-04,2026,2026-02,0,96,0.6
217861,,,2026-02-05,2026,2026-02,0,96,0.6
217861,,,2026-02-06,2026,2026-02,0,86,0.6
217861,,,2026-02-07,2026,2026-02,0,96,0.6
217861,,,2026-02-08,2026,2026-02,0,96,0.6
217861,,,2026-02-09,2026,2026-02,0,73,0.6
217861,,,2026-02-10,2026,2026-02,0,90,0.6
217861,,,2026-02-11,2026,2026-02,0,78,0.6
217861,,,2026-02-12,2026,2026-02,0,96,0.6
217861,,,2026-02-13,2026,2026-02,0,96,0.6
217861,,,2026-02-14,2026,2026-02,0,92,0.6
217861,,,2026-02-15,2026,2026-02,0,87,0.6
217861,,,2026-02-16,2026,2026-02,0,95,0.6
217861,,,2026-02-17,2026,2026-02,0,93,0.6
217861,,,2026-02-18,2026,2026-02,0,96,0.6
217861,,,2026-02-19,2026,2026-02,0,96,0.6
217861,,,2026-02-20,2026,2026-02,0,83,0.6
217861,,,2026-02-21,2026,2026-02,0,96,0.6
217861,,,2026-02-22,2026,2026-02,0,91,0.6
217861,,,2026-02-23,2026,2026-02,0,90,0.6
217861,,,2026-02-24,2026,2026-02,0,84,0.6
217861,,,2026-02-25,2026,2026-02,0,96,0.6
217861,,,2026-02-26,2026,2026-02,0,96,0.6
217861,,,2026-02-27,2026,2026-02,0,91,0.6
217861,,,2026-02-28,2026,2026-02,0,96,0.6
217861,,,2026-03-01,2026,2026-03,0,94,0.6
217861,,,2026-03-02,2026,2026-03,0,75,0.6
217861,,,2026-03-03,2026,2026-03,0,89,0.6
217861,,,2026-03-04,2026,2026-03,0,96,0.6
217861,,,2026-03-05,2026,2026-03,0,74,0.6
217861,,,2026-03-06,2026,2026-03,0,96,0.6
217861,,,2026-03-07,2026,2026-03,0,79,0.6
217861,,,2026-03-08,2026,2026-03,0,83,0.6
217861,,,2026-03-09,2026,2026-03,0,87,0.6
217861,,,2026-03-10,2026,2026-03,0,77,0.6
217861,,,2026-03-11,2026,2026-03,0,88,0.6
217861,,,2026-03-12,2026,2026-03,0,96,0.6
217861,,,2026-03-13,2026,2026-03,0.6,96,1.2
217861,,,2026-03-14,2026,2026-03,0,93,1.2
217861,,,2026-03-15,2026,2026-03,0,82,1.2
217861,,,2026-03-16,2026,2026-03,0,31,1.2
217861,,,2026-03-17,2026,2026-03,0.2,45,1.4
217861,,,2026-03-18,2026,2026-03,0,93,1.4
217861,,,2026-03-19,2026,2026-03,0,81,1.4
217861,,,2026-03-20,2026,2026-03,0,96,1.4
217861,,,2026-03-21,2026,2026-03,0,83,1.4
217861,,,2026-03-22,2026,2026-03,0,90,1.4
217861,,,2026-03-23,2026,2026-03,0,96,1.4
217861,,,2026-03-24,2026,2026-03,0,89,1.4
217861,,,2026-03-25,2026,2026-03,0,87,1.4
217861,,,2026-03-26,2026,2026-03,0,85,1.4
217861,,,2026-03-27,2026,2026-03,0,91,1.4
217861,,,2026-03-28,2026,2026-03,0,96,1.4
217861,,,2026-03-29,2026,2026-03,0.2,93,1.6
217861,,,2026-03-30,2026,2026-03,0,85,1.6
217861,,,2026-03-31,2026,2026-03,0,87,1.6
217861,,,2026-04-01,2026,2026-04,0,92,1.6
217861,,,2026-04-02,2026,2026-04,0.4,67,2
217861,,,2026-04-03,2026,2026-04,0,96,2
217861,,,2026-04-04,2026,2026-04,0,85,2
217861,,,2026-04-05,2026,2026-04,0,62,2
217861,,,2026-04-06,2026,2026-04,0,96,2
217861,,,2026-04-07,2026,2026-04,1.2,21,3.2
217861,,,2026-04-08,2026,2026-04,1.4,93,4.6
217861,,,2026-04-09,2026,2026-04,0.8,74,5.4
217861,,,2026-04-10,2026,2026-04,0.4,91,5.8
217861,,,2026-04-11,2026,2026-04,0.2,73,6
217861,,,2026-04-12,2026,2026-04,0.2,90,6.2
217861,,,2026-04-13,2026,2026-04,0.2,96,6.4
217861,,,2026-04-14,2026,2026-04,0,65,6.4
217861,,,2026-04-15,2026,2026-04,0,90,6.4
217861,,,2026-04-16,2026,2026-04,0,44,6.4
217861,,,2026-04-17,2026,2026-04,0.4,67,6.8
217861,,,2026-04-18,2026,2026-04,0.4,96,7.2
217861,,,2026-04-19,2026,2026-04,0.2,92,7.4
217861,,,2026-04-20,2026,2026-04,0.2,96,7.6
217861,,,2026-04-21,2026,2026-04,0,80,7.6
217861,,,2026-04-22,2026,2026-04,0,96,7.6
217861,,,2026-04-23,2026,2026-04,0,78,7.6
217861,,,2026-04-24,2026,2026-04,0,93,7.6
217861,,,2026-04-25,2026,2026-04,0,77,7.6
217861,,,2026-04-26,2026,2026-04,0.8,75,8.4
217861,,,2026-04-27,2026,2026-04,0.6,83,9
217861,,,2026-04-28,2026,2026-04,0.2,96,9.2
217861,,,2026-04-29,2026,2026-04,0,78,9.2
217861,,,2026-04-30,2026,2026-04,0,88,9.2
217861,,,2026-05-01,2026,2026-05,0,96,9.2
217861,,,2026-05-02,2026,2026-05,0.2,96,9.4
217861,,,2026-05-03,2026,2026-05,0,83,9.4
217861,,,2026-05-04,2026,2026-05,0,96,9.4
217861,,,2026-05-05,2026,2026-05,0,6,9.4
217861,,,2026-05-06,2026,2026-05,0,21,9.4
217861,,,2026-05-07,2026,2026-05,0,75,9.4
217861,,,2026-05-08,2026,2026-05,0,62,9.4
217861,,,2026-05-09,2026,2026-05,0,72,9.4
217861,,,2026-05-10,2026,2026-05,0,71,9.4
217861,,,2026-05-11,2026,2026-05,0,88,9.4
217861,,,2026-05-12,2026,2026-05,0,28,9.4
217861,,,2026-05-13,2026,2026-05,1,18,10.4
217861,,,2026-05-14,2026,2026-05,2.2,96,12.6
217861,,,2026-05-15,2026,2026-05,1,92,13.6
217861,,,2026-05-16,2026,2026-05,0,65,13.6
217861,,,2026-05-17,2026,2026-05,0,13,13.6
217861,,,2026-05-18,2026,2026-05,0.2,81,13.8
217861,,,2026-05-19,2026,2026-05,0,75,13.8
217861,,,2026-05-20,2026,2026-05,0,86,13.8
217861,,,2026-05-21,2026,2026-05,0,34,13.8
217861,,,2026-05-22,2026,2026-05,0,38,13.8
217861,,,2026-05-23,2026,2026-05,0,58,13.8
217861,,,2026-05-24,2026,2026-05,0,95,13.8
217861,,,2026-05-25,2026,2026-05,0,90,13.8
217861,,,2026-05-26,2026,2026-05,0,41,13.8
217861,,,2026-05-27,2026,2026-05,0,80,13.8
217861,,,2026-05-28,2026,2026-05,0,88,13.8
217861,,,2026-05-29,2026,2026-05,0.2,62,14
217861,,,2026-05-30,2026,2026-05,0,91,14
217861,,,2026-05-31,2026,2026-05,0,37,14
217861,,,2026-06-01,2026,2026-06,0,91,14
217861,,,2026-06-02,2026,2026-06,0.2,76,14.2
217861,,,2026-06-03,2026,2026-06,0,60,14.2
217861,,,2026-06-15,2026,2026-06,0,32,14.2
217861,,,2026-06-16,2026,2026-06,0,81,14.2
217861,,,2026-06-17,2026,2026-06,0,22,14.2
217861,,,2026-06-18,2026,2026-06,0,86,14.2
217861,,,2026-06-19,2026,2026-06,0,94,14.2
217861,,,2026-06-20,2026,2026-06,0,51,14.2
217861,,,2026-06-21,2026,2026-06,0,96,14.2
217861,,,2026-06-22,2026,2026-06,0,75,14.2
217861,,,2026-06-23,2026,2026-06,0,71,14.2
217861,,,2026-06-24,2026,2026-06,0,91,14.2
217861,,,2026-06-25,2026,2026-06,0,64,14.2
217861,,,2026-06-26,2026,2026-06,0,60,14.2
217861,,,2026-06-27,2026,2026-06,0,96,14.2
217861,,,2026-06-28,2026,2026-06,0,81,14.2
217861,,,2026-06-29,2026,2026-06,0,80,14.2
217861,,,2026-06-30,2026,2026-06,0,72,14.2
217861,,,2026-07-01,2026,2026-07,0,93,14.2
217861,,,2026-07-02,2026,2026-07,0.2,85,14.4
217861,,,2026-07-03,2026,2026-07,0,77,14.4
217861,,,2026-07-04,2026,2026-07,0,78,14.4
217861,,,2026-07-05,2026,2026-07,0,53,14.4
217861,,,2026-07-06,2026,2026-07,0,94,14.4
217861,,,2026-07-07,2026,2026-07,0,85,14.4
217861,,,2026-07-08,2026,2026-07,0.2,59,14.6
217861,,,2026-07-09,2026,2026-07,0.8,87,15.4
217861,,,2026-07-10,2026,2026-07,2.6,96,18
217861,,,2026-07-11,2026,2026-07,5,76,23
217861,,,2026-07-12,2026,2026-07,0.8,84,23.8
217861,,,2026-07-13,2026,2026-07,1,58,24.8
217861,,,2026-07-14,2026,2026-07,1.4,96,26.2
217861,,,2026-07-15,2026,2026-07,1.4,71,27.6
217861,,,2026-07-16,2026,2026-07,0.2,60,27.8
217861,,,2026-07-17,2026,2026-07,0,52,27.8
217861,,,2026-07-20,2026,2026-07,13.4,16,41.2
217861,,,2026-07-21,2026,2026-07,18.8,85,60
217861,,,2026-07-22,2026,2026-07,1.2,80,61.2
217861,,,2026-07-23,2026,2026-07,1,79,62.2
217861,,,2026-07-24,2026,2026-07,0.4,67,62.6
217861,,,2026-07-25,2026,2026-07,0.4,65,63
217861,,,2026-07-26,2026,2026-07,0,82,63
217861,,,2026-07-27,2026,2026-07,0.2,46,63.2
217861,,,2026-07-28,2026,2026-07,0.2,85,63.4
217861,,,2026-07-29,2026,2026-07,0,57,63.4
217861,,,2026-07-30,2026,2026-07,0,59,63.4
217861,,,2026-07-31,2026,2026-07,0.6,84,64
217861,,,2026-08-01,2026,2026-08,2.8,94,66.8
217861,,,2026-08-02,2026,2026-08,1.6,84,68.4
218046,,,2025-07-25,2025,2025-07,0.8,35,0.8
218046,,,2025-07-26,2025,2025-07,6.4,96,7.2
218046,,,2025-07-27,2025,2025-07,2.6,96,9.8
218046,,,2025-07-28,2025,2025-07,0,96,9.8
218046,,,2025-07-29,2025,2025-07,24.8,96,34.6
218046,,,2025-07-30,2025,2025-07,3.8,96,38.4
218046,,,2025-07-31,2025,2025-07,0.8,96,39.2
218046,,,2025-08-01,2025,2025-08,8.4,96,47.6
218046,,,2025-08-02,2025,2025-08,8.8,96,56.4
218046,,,2025-08-03,2025,2025-08,5,96,61.4
218046,,,2025-08-04,2025,2025-08,0,96,61.4
218046,,,2025-08-05,2025,2025-08,52.2,96,113.6
218046,,,2025-08-06,2025,2025-08,0,96,113.6
218046,,,2025-08-07,2025,2025-08,0,96,113.6
218046,,,2025-08-08,2025,2025-08,7.4,96,121
218046,,,2025-08-09,2025,2025-08,13.8,96,134.8
218046,,,2025-08-10,2025,2025-08,1.8,96,136.6
218046,,,2025-08-11,2025,2025-08,0,96,136.6
218046,,,2025-08-12,2025,2025-08,15.4,96,152
218046,,,2025-08-13,2025,2025-08,17.8,96,169.8
218046,,,2025-08-14,2025,2025-08,0,96,169.8
218046,,,2025-08-15,2025,2025-08,72,96,241.8
218046,,,2025-08-16,2025,2025-08,2.4,96,244.2
218046,,,2025-08-17,2025,2025-08,3,96,247.2
218046,,,2025-08-18,2025,2025-08,0.2,96,247.4
218046,,,2025-08-19,2025,2025-08,1,96,248.4
218046,,,2025-08-20,2025,2025-08,0,96,248.4
218046,,,2025-08-21,2025,2025-08,16.8,96,265.2
218046,,,2025-08-22,2025,2025-08,10,96,275.2
218046,,,2025-08-23,2025,2025-08,0.2,96,275.4
218046,,,2025-08-24,2025,2025-08,32.4,96,307.8
218046,,,2025-08-25,2025,2025-08,2.6,96,310.4
218046,,,2025-08-26,2025,2025-08,8,96,318.4
218046,,,2025-08-27,2025,2025-08,15.6,96,334
218046,,,2025-08-28,2025,2025-08,0,96,334
218046,,,2025-08-29,2025,2025-08,19.4,96,353.4
218046,,,2025-08-30,2025,2025-08,0,96,353.4
218046,,,2025-08-31,2025,2025-08,0.2,96,353.6
218046,,,2025-09-01,2025,2025-09,0,96,353.6
218046,,,2025-09-02,2025,2025-09,0,96,353.6
218046,,,2025-09-03,2025,2025-09,0.6,96,354.2
218046,,,2025-09-04,2025,2025-09,0,96,354.2
218046,,,2025-09-05,2025,2025-09,14.8,96,369
218046,,,2025-09-06,2025,2025-09,0,96,369
218046,,,2025-09-07,2025,2025-09,0,96,369
218046,,,2025-09-08,2025,2025-09,0.4,96,369.4
218046,,,2025-09-09,2025,2025-09,0,96,369.4
218046,,,2025-09-10,2025,2025-09,0,96,369.4
218046,,,2025-09-11,2025,2025-09,5.6,96,375
218046,,,2025-09-12,2025,2025-09,1.2,96,376.2
218046,,,2025-09-13,2025,2025-09,0,96,376.2
218046,,,2025-09-14,2025,2025-09,9.4,96,385.6
218046,,,2025-09-15,2025,2025-09,0,96,385.6
218046,,,2025-09-16,2025,2025-09,0,96,385.6
218046,,,2025-09-17,2025,2025-09,10.4,96,396
218046,,,2025-09-18,2025,2025-09,0.2,96,396.2
218046,,,2025-09-19,2025,2025-09,0,96,396.2
218046,,,2025-09-20,2025,2025-09,0,96,396.2
218046,,,2025-09-21,2025,2025-09,0,96,396.2
218046,,,2025-09-22,2025,2025-09,0,96,396.2
218046,,,2025-09-23,2025,2025-09,0,96,396.2
218046,,,2025-09-24,2025,2025-09,2.6,96,398.8
218046,,,2025-09-25,2025,2025-09,0,96,398.8
218046,,,2025-09-26,2025,2025-09,0,96,398.8
218046,,,2025-09-27,2025,2025-09,0,96,398.8
218046,,,2025-09-28,2025,2025-09,0,96,398.8
218046,,,2025-09-29,2025,2025-09,0,96,398.8
218046,,,2025-09-30,2025,2025-09,0,96,398.8
218046,,,2025-10-01,2025,2025-10,0,96,398.8
218046,,,2025-10-02,2025,2025-10,0,96,398.8
218046,,,2025-10-03,2025,2025-10,5.8,96,404.6
218046,,,2025-10-04,2025,2025-10,0,96,404.6
218046,,,2025-10-05,2025,2025-10,0,96,404.6
218046,,,2025-10-06,2025,2025-10,0,96,404.6
218046,,,2025-10-07,2025,2025-10,0,96,404.6
218046,,,2025-10-08,2025,2025-10,16,96,420.6
218046,,,2025-10-09,2025,2025-10,0,96,420.6
218046,,,2025-10-10,2025,2025-10,0,96,420.6
218046,,,2025-10-11,2025,2025-10,0,96,420.6
218046,,,2025-10-12,2025,2025-10,0.2,96,420.8
218046,,,2025-10-13,2025,2025-10,0,96,420.8
218046,,,2025-10-14,2025,2025-10,0,96,420.8
218046,,,2025-10-15,2025,2025-10,0.4,96,421.2
218046,,,2025-10-16,2025,2025-10,0,96,421.2
218046,,,2025-10-17,2025,2025-10,0,96,421.2
218046,,,2025-10-18,2025,2025-10,5.4,96,426.6
218046,,,2025-10-19,2025,2025-10,0,96,426.6
218046,,,2025-10-20,2025,2025-10,21.4,96,448
218046,,,2025-10-21,2025,2025-10,1.2,96,449.2
218046,,,2025-10-22,2025,2025-10,0,96,449.2
218046,,,2025-10-23,2025,2025-10,0,96,449.2
218046,,,2025-10-24,2025,2025-10,0,96,449.2
218046,,,2025-10-25,2025,2025-10,11,96,460.2
218046,,,2025-10-26,2025,2025-10,0,96,460.2
218046,,,2025-10-27,2025,2025-10,0.4,96,460.6
218046,,,2025-10-28,2025,2025-10,0,96,460.6
218046,,,2025-10-29,2025,2025-10,0,96,460.6
218046,,,2025-10-30,2025,2025-10,0,96,460.6
218046,,,2025-10-31,2025,2025-10,37.2,96,497.8
218046,,,2025-11-01,2025,2025-11,0,96,497.8
218046,,,2025-11-02,2025,2025-11,0,96,497.8
218046,,,2025-11-03,2025,2025-11,0,96,497.8
218046,,,2025-11-04,2025,2025-11,0,96,497.8
218046,,,2025-11-05,2025,2025-11,0,96,497.8
218046,,,2025-11-06,2025,2025-11,0,96,497.8
218046,,,2025-11-07,2025,2025-11,0,96,497.8
218046,,,2025-11-08,2025,2025-11,6.6,96,504.4
218046,,,2025-11-09,2025,2025-11,0.6,96,505
218046,,,2025-11-10,2025,2025-11,0,96,505
218046,,,2025-11-11,2025,2025-11,0,96,505
218046,,,2025-11-12,2025,2025-11,0,96,505
218046,,,2025-11-13,2025,2025-11,0,79,505
218046,,,2025-11-14,2025,2025-11,0,96,505
218046,,,2025-11-15,2025,2025-11,0,96,505
218046,,,2025-11-16,2025,2025-11,0,96,505
218046,,,2025-11-17,2025,2025-11,60,79,565
218046,,,2025-11-18,2025,2025-11,3.4,96,568.4
218046,,,2025-11-19,2025,2025-11,0,96,568.4
218046,,,2025-11-20,2025,2025-11,8.8,88,577.2
218046,,,2025-11-21,2025,2025-11,0,96,577.2
218046,,,2025-11-22,2025,2025-11,0,80,577.2
218046,,,2025-11-23,2025,2025-11,0,96,577.2
218046,,,2025-11-24,2025,2025-11,0,96,577.2
218046,,,2025-11-25,2025,2025-11,0,96,577.2
218046,,,2025-11-26,2025,2025-11,14.6,96,591.8
218046,,,2025-11-27,2025,2025-11,0,96,591.8
218046,,,2025-11-28,2025,2025-11,0,82,591.8
218046,,,2025-11-29,2025,2025-11,0,96,591.8
218046,,,2025-11-30,2025,2025-11,0,96,591.8
218046,,,2025-12-01,2025,2025-12,0,96,591.8
218046,,,2025-12-02,2025,2025-12,0,96,591.8
218046,,,2025-12-03,2025,2025-12,0,96,591.8
218046,,,2025-12-04,2025,2025-12,0,96,591.8
218046,,,2025-12-05,2025,2025-12,0,96,591.8
218046,,,2025-12-06,2025,2025-12,0,96,591.8
218046,,,2025-12-07,2025,2025-12,0,93,591.8
218046,,,2025-12-08,2025,2025-12,7.4,81,599.2
218046,,,2025-12-09,2025,2025-12,0,95,599.2
218046,,,2025-12-10,2025,2025-12,0.2,96,599.4
218046,,,2025-12-11,2025,2025-12,13.8,96,613.2
218046,,,2025-12-12,2025,2025-12,0,85,613.2
218046,,,2025-12-13,2025,2025-12,0,96,613.2
218046,,,2025-12-14,2025,2025-12,0,87,613.2
218046,,,2025-12-15,2025,2025-12,0,96,613.2
218046,,,2025-12-16,2025,2025-12,0,96,613.2
218046,,,2025-12-17,2025,2025-12,0,90,613.2
218046,,,2025-12-18,2025,2025-12,0,94,613.2
218046,,,2025-12-19,2025,2025-12,0,83,613.2
218046,,,2025-12-20,2025,2025-12,0,96,613.2
218046,,,2025-12-21,2025,2025-12,0,96,613.2
218046,,,2025-12-22,2025,2025-12,0,96,613.2
218046,,,2025-12-23,2025,2025-12,0,96,613.2
218046,,,2025-12-24,2025,2025-12,0,96,613.2
218046,,,2025-12-25,2025,2025-12,0,96,613.2
218046,,,2025-12-26,2025,2025-12,0,96,613.2
218046,,,2025-12-27,2025,2025-12,0,96,613.2
218046,,,2025-12-28,2025,2025-12,0,96,613.2
218046,,,2025-12-29,2025,2025-12,0,96,613.2
218046,,,2025-12-30,2025,2025-12,12.4,94,625.6
218046,,,2025-12-31,2025,2025-12,0,96,625.6
218046,,,2026-01-01,2026,2026-01,0,92,0
218046,,,2026-01-02,2026,2026-01,0,82,0
218046,,,2026-01-03,2026,2026-01,0,95,0
218046,,,2026-01-04,2026,2026-01,0,96,0
218046,,,2026-01-05,2026,2026-01,0,95,0
218046,,,2026-01-06,2026,2026-01,0,75,0
218046,,,2026-01-07,2026,2026-01,0,96,0
218046,,,2026-01-08,2026,2026-01,0,96,0
218046,,,2026-01-09,2026,2026-01,0,96,0
218046,,,2026-01-10,2026,2026-01,0,96,0
218046,,,2026-01-11,2026,2026-01,0,96,0
218046,,,2026-01-12,2026,2026-01,0,96,0
218046,,,2026-01-13,2026,2026-01,0,96,0
218046,,,2026-01-14,2026,2026-01,0,79,0
218046,,,2026-01-15,2026,2026-01,0,90,0
218046,,,2026-01-16,2026,2026-01,5.4,91,5.4
218046,,,2026-01-17,2026,2026-01,0,96,5.4
218046,,,2026-01-18,2026,2026-01,0,96,5.4
218046,,,2026-01-19,2026,2026-01,0,96,5.4
218046,,,2026-01-20,2026,2026-01,0,96,5.4
218046,,,2026-01-21,2026,2026-01,0,79,5.4
218046,,,2026-01-22,2026,2026-01,0,96,5.4
218046,,,2026-01-23,2026,2026-01,0,96,5.4
218046,,,2026-01-24,2026,2026-01,0,96,5.4
218046,,,2026-01-25,2026,2026-01,0,96,5.4
218046,,,2026-01-26,2026,2026-01,0,88,5.4
218046,,,2026-01-27,2026,2026-01,0,96,5.4
218046,,,2026-01-28,2026,2026-01,0,83,5.4
218046,,,2026-01-29,2026,2026-01,0,95,5.4
218046,,,2026-01-30,2026,2026-01,0,96,5.4
218046,,,2026-01-31,2026,2026-01,0.2,94,5.6
218046,,,2026-02-01,2026,2026-02,0,96,5.6
218046,,,2026-02-02,2026,2026-02,0,64,5.6
218046,,,2026-03-18,2026,2026-03,0,4,5.6
218046,,,2026-03-19,2026,2026-03,0,95,5.6
218046,,,2026-03-20,2026,2026-03,0,76,5.6
218046,,,2026-03-21,2026,2026-03,0,95,5.6
218046,,,2026-03-22,2026,2026-03,0,77,5.6
218046,,,2026-03-23,2026,2026-03,0,95,5.6
218046,,,2026-03-24,2026,2026-03,0,95,5.6
218046,,,2026-03-25,2026,2026-03,0,90,5.6
218046,,,2026-03-26,2026,2026-03,0,77,5.6
218046,,,2026-03-31,2026,2026-03,0,28,5.6
218046,,,2026-04-01,2026,2026-04,0,96,5.6
218046,,,2026-04-02,2026,2026-04,0,96,5.6
218046,,,2026-04-03,2026,2026-04,0,96,5.6
218046,,,2026-04-04,2026,2026-04,0,95,5.6
218046,,,2026-04-05,2026,2026-04,0,96,5.6
218046,,,2026-04-06,2026,2026-04,0,80,5.6
218046,,,2026-04-07,2026,2026-04,0,73,5.6
218046,,,2026-04-08,2026,2026-04,0,91,5.6
218046,,,2026-04-09,2026,2026-04,0,72,5.6
218046,,,2026-04-10,2026,2026-04,0,96,5.6
218046,,,2026-04-11,2026,2026-04,0,77,5.6
218046,,,2026-04-12,2026,2026-04,0,96,5.6
218046,,,2026-04-13,2026,2026-04,0,79,5.6
218046,,,2026-04-14,2026,2026-04,25,96,30.6
218046,,,2026-04-15,2026,2026-04,1.6,96,32.2
218046,,,2026-04-16,2026,2026-04,4.4,95,36.6
218046,,,2026-04-17,2026,2026-04,0,25,36.6
218046,,,2026-04-18,2026,2026-04,0,80,36.6
218046,,,2026-04-19,2026,2026-04,0,96,36.6
218046,,,2026-04-20,2026,2026-04,0,89,36.6
218046,,,2026-04-21,2026,2026-04,0,85,36.6
218046,,,2026-04-22,2026,2026-04,0,79,36.6
218046,,,2026-04-23,2026,2026-04,0,86,36.6
218046,,,2026-04-24,2026,2026-04,0,86,36.6
218046,,,2026-04-25,2026,2026-04,0,95,36.6
218046,,,2026-04-26,2026,2026-04,0,96,36.6
218046,,,2026-04-27,2026,2026-04,2.2,92,38.8
218046,,,2026-04-28,2026,2026-04,0,73,38.8
218046,,,2026-04-29,2026,2026-04,0,91,38.8
218046,,,2026-04-30,2026,2026-04,0,70,38.8
218046,,,2026-05-01,2026,2026-05,0,94,38.8
218046,,,2026-05-02,2026,2026-05,4.2,87,43
218046,,,2026-05-03,2026,2026-05,0,89,43
218046,,,2026-05-04,2026,2026-05,0,79,43
218046,,,2026-05-05,2026,2026-05,0,90,43
218046,,,2026-05-06,2026,2026-05,0,67,43
218046,,,2026-05-07,2026,2026-05,0,79,43
218046,,,2026-05-08,2026,2026-05,0,61,43
218046,,,2026-05-09,2026,2026-05,0,27,43
218046,,,2026-05-10,2026,2026-05,0,79,43
218046,,,2026-05-11,2026,2026-05,0,80,43
218046,,,2026-05-12,2026,2026-05,0,50,43
218046,,,2026-05-13,2026,2026-05,0,16,43
218046,,,2026-05-14,2026,2026-05,0,76,43
218046,,,2026-05-15,2026,2026-05,0,94,43
218046,,,2026-05-16,2026,2026-05,0.6,76,43.6
218046,,,2026-05-17,2026,2026-05,1.2,75,44.8
218046,,,2026-05-18,2026,2026-05,0,96,44.8
218046,,,2026-05-19,2026,2026-05,0,96,44.8
218046,,,2026-05-20,2026,2026-05,0,79,44.8
218046,,,2026-05-21,2026,2026-05,2,95,46.8
218046,,,2026-05-22,2026,2026-05,0,96,46.8
218046,,,2026-05-23,2026,2026-05,2.6,84,49.4
218046,,,2026-05-24,2026,2026-05,1,89,50.4
218046,,,2026-05-25,2026,2026-05,4.2,96,54.6
218046,,,2026-05-26,2026,2026-05,6.2,79,60.8
218046,,,2026-05-27,2026,2026-05,14.4,96,75.2
218046,,,2026-05-28,2026,2026-05,0,96,75.2
218046,,,2026-05-29,2026,2026-05,0,84,75.2
218046,,,2026-05-30,2026,2026-05,0,87,75.2
218046,,,2026-05-31,2026,2026-05,5.8,96,81
218046,,,2026-06-01,2026,2026-06,0.6,96,81.6
218046,,,2026-06-02,2026,2026-06,29,96,110.6
218046,,,2026-06-03,2026,2026-06,8,96,118.6
218046,,,2026-06-04,2026,2026-06,0.2,95,118.8
218046,,,2026-06-05,2026,2026-06,2.2,96,121
218046,,,2026-06-06,2026,2026-06,2.8,92,123.8
218046,,,2026-06-07,2026,2026-06,1.6,95,125.4
218046,,,2026-06-08,2026,2026-06,6.4,94,131.8
218046,,,2026-06-09,2026,2026-06,0,96,131.8
218046,,,2026-06-10,2026,2026-06,0,77,131.8
218046,,,2026-06-11,2026,2026-06,5.8,96,137.6
218046,,,2026-06-12,2026,2026-06,0,93,137.6
218046,,,2026-06-13,2026,2026-06,0,85,137.6
218046,,,2026-06-14,2026,2026-06,0,88,137.6
218046,,,2026-06-15,2026,2026-06,0,96,137.6
218046,,,2026-06-16,2026,2026-06,0,79,137.6
218046,,,2026-06-17,2026,2026-06,0,96,137.6
218046,,,2026-06-18,2026,2026-06,0.2,96,137.8
218046,,,2026-06-19,2026,2026-06,4.8,96,142.6
218046,,,2026-06-20,2026,2026-06,1.2,96,143.8
218046,,,2026-06-21,2026,2026-06,0,96,143.8
218046,,,2026-06-22,2026,2026-06,4.6,96,148.4
218046,,,2026-06-23,2026,2026-06,0,96,148.4
218046,,,2026-06-24,2026,2026-06,0.4,96,148.8
218046,,,2026-06-25,2026,2026-06,2.6,96,151.4
218046,,,2026-06-26,2026,2026-06,0,96,151.4
218046,,,2026-06-27,2026,2026-06,0.2,96,151.6
218046,,,2026-06-28,2026,2026-06,0.6,96,152.2
218046,,,2026-06-29,2026,2026-06,0,96,152.2
218046,,,2026-06-30,2026,2026-06,0,96,152.2
218046,,,2026-07-01,2026,2026-07,0,96,152.2
218046,,,2026-07-02,2026,2026-07,6.2,96,158.4
218046,,,2026-07-03,2026,2026-07,24.2,96,182.6
218046,,,2026-07-04,2026,2026-07,0,96,182.6
218046,,,2026-07-05,2026,2026-07,0,96,182.6
218046,,,2026-07-06,2026,2026-07,0.6,96,183.2
218046,,,2026-07-07,2026,2026-07,0,96,183.2
218046,,,2026-07-08,2026,2026-07,0,96,183.2
218046,,,2026-07-09,2026,2026-07,0,96,183.2
218046,,,2026-07-10,2026,2026-07,0,96,183.2
218046,,,2026-07-11,2026,2026-07,1.6,96,184.8
218046,,,2026-07-12,2026,2026-07,0,96,184.8
218046,,,2026-07-13,2026,2026-07,0,96,184.8
218046,,,2026-07-14,2026,2026-07,1,96,185.8
218046,,,2026-07-15,2026,2026-07,0,96,185.8
218046,,,2026-07-16,2026,2026-07,6,96,191.8
218046,,,2026-07-17,2026,2026-07,0,96,191.8
218046,,,2026-07-18,2026,2026-07,4,96,195.8
218046,,,2026-07-19,2026,2026-07,0,96,195.8
218046,,,2026-07-20,2026,2026-07,0,96,195.8
218046,,,2026-07-21,2026,2026-07,0,96,195.8
218046,,,2026-07-22,2026,2026-07,0,96,195.8
218046,,,2026-07-23,2026,2026-07,0.8,96,196.6
218046,,,2026-07-24,2026,2026-07,0,96,196.6
218046,,,2026-07-25,2026,2026-07,0,96,196.6
218046,,,2026-07-26,2026,2026-07,0,96,196.6
218046,,,2026-07-27,2026,2026-07,0,96,196.6
218046,,,2026-07-28,2026,2026-07,0,96,196.6
218046,,,2026-07-29,2026,2026-07,0,96,196.6
218046,,,2026-07-30,2026,2026-07,0,96,196.6
218046,,,2026-07-31,2026,2026-07,0,96,196.6
218046,,,2026-08-01,2026,2026-08,0,96,196.6
218046,,,2026-08-02,2026,2026-08,0,89,196.6
218876,,,2025-07-16,2025,2025-07,0,1,0
218876,,,2025-09-01,2025,2025-09,2.8,95,2.8
218876,,,2025-09-02,2025,2025-09,0.2,96,3
218876,,,2025-09-03,2025,2025-09,3.2,96,6.2
218876,,,2025-09-04,2025,2025-09,0,96,6.2
218876,,,2025-09-05,2025,2025-09,2.8,96,9
218876,,,2025-09-06,2025,2025-09,39.8,96,48.8
218876,,,2025-09-07,2025,2025-09,0,96,48.8
218876,,,2025-09-08,2025,2025-09,4.6,96,53.4
218876,,,2025-09-09,2025,2025-09,0,96,53.4
218876,,,2025-09-10,2025,2025-09,0,96,53.4
218876,,,2025-09-11,2025,2025-09,0,96,53.4
218876,,,2025-09-12,2025,2025-09,0.8,96,54.2
218876,,,2025-09-13,2025,2025-09,0,96,54.2
218876,,,2025-09-14,2025,2025-09,6.2,96,60.4
218876,,,2025-09-15,2025,2025-09,4.8,71,65.2
218876,,,2025-09-16,2025,2025-09,0,65,65.2
218876,,,2025-09-17,2025,2025-09,0,61,65.2
218876,,,2025-09-18,2025,2025-09,2.6,60,67.8
218876,,,2025-09-19,2025,2025-09,0,23,67.8
218876,,,2025-09-20,2025,2025-09,0,71,67.8
218876,,,2025-09-21,2025,2025-09,0,82,67.8
218876,,,2025-09-22,2025,2025-09,0,61,67.8
218876,,,2025-09-23,2025,2025-09,0,26,67.8
218876,,,2025-09-24,2025,2025-09,0,71,67.8
218876,,,2025-09-25,2025,2025-09,0,53,67.8
218876,,,2025-09-26,2025,2025-09,0,39,67.8
218876,,,2025-09-27,2025,2025-09,5.4,72,73.2
218876,,,2025-09-28,2025,2025-09,0,66,73.2
218876,,,2025-09-29,2025,2025-09,0,90,73.2
218876,,,2025-09-30,2025,2025-09,0,96,73.2
218876,,,2025-10-01,2025,2025-10,0,95,73.2
218876,,,2025-10-02,2025,2025-10,0,96,73.2
218876,,,2025-10-03,2025,2025-10,0,93,73.2
218876,,,2025-10-04,2025,2025-10,0,82,73.2
218876,,,2025-10-05,2025,2025-10,0,84,73.2
218876,,,2025-10-06,2025,2025-10,0,62,73.2
218876,,,2025-10-07,2025,2025-10,0,54,73.2
218876,,,2025-10-08,2025,2025-10,0,53,73.2
218876,,,2025-10-09,2025,2025-10,0,82,73.2
218876,,,2025-10-10,2025,2025-10,0,82,73.2
218876,,,2025-10-11,2025,2025-10,0,72,73.2
218876,,,2025-10-12,2025,2025-10,0,66,73.2
218876,,,2025-10-13,2025,2025-10,0,39,73.2
218876,,,2025-10-14,2025,2025-10,0,62,73.2
218876,,,2025-10-15,2025,2025-10,0,43,73.2
218876,,,2025-10-16,2025,2025-10,0,64,73.2
218876,,,2025-10-17,2025,2025-10,0,30,73.2
218876,,,2025-10-18,2025,2025-10,0,36,73.2
218876,,,2025-10-19,2025,2025-10,0,96,73.2
218876,,,2025-10-20,2025,2025-10,0,96,73.2
218876,,,2025-10-21,2025,2025-10,0,96,73.2
218876,,,2025-10-22,2025,2025-10,0,96,73.2
218876,,,2025-10-23,2025,2025-10,0,96,73.2
218876,,,2025-10-24,2025,2025-10,0,95,73.2
218876,,,2025-10-25,2025,2025-10,0,76,73.2
218876,,,2025-10-26,2025,2025-10,0,96,73.2
218876,,,2025-10-27,2025,2025-10,0,82,73.2
218876,,,2025-10-28,2025,2025-10,0,78,73.2
218876,,,2025-10-29,2025,2025-10,0,79,73.2
218876,,,2025-10-30,2025,2025-10,0,80,73.2
218876,,,2025-10-31,2025,2025-10,0,66,73.2
218876,,,2025-11-01,2025,2025-11,0,96,73.2
218876,,,2025-11-02,2025,2025-11,0,92,73.2
218876,,,2025-11-03,2025,2025-11,0,89,73.2
218876,,,2025-11-04,2025,2025-11,0.8,80,74
218876,,,2025-11-05,2025,2025-11,0,71,74
218876,,,2025-11-06,2025,2025-11,0,8,74
218876,,,2025-11-07,2025,2025-11,0,74,74
218876,,,2025-11-08,2025,2025-11,0,36,74
218876,,,2025-11-09,2025,2025-11,0,96,74
218876,,,2025-11-10,2025,2025-11,0,81,74
218876,,,2025-11-11,2025,2025-11,0,79,74
218876,,,2025-11-12,2025,2025-11,0,76,74
218876,,,2025-11-13,2025,2025-11,0,96,74
218876,,,2025-11-14,2025,2025-11,0,86,74
218876,,,2025-11-15,2025,2025-11,0,96,74
218876,,,2025-11-16,2025,2025-11,0,96,74
218876,,,2025-11-17,2025,2025-11,0,82,74
218876,,,2025-11-18,2025,2025-11,0,92,74
218876,,,2025-11-19,2025,2025-11,0,73,74
218876,,,2025-11-20,2025,2025-11,0,84,74
218876,,,2025-11-21,2025,2025-11,0,67,74
218876,,,2025-11-22,2025,2025-11,0,86,74
218876,,,2025-11-23,2025,2025-11,0,96,74
218876,,,2025-11-24,2025,2025-11,5,78,79
218876,,,2025-11-25,2025,2025-11,0,2,79
220773,,,2025-09-06,2025,2025-09,25.4,42,25.4
220773,,,2025-09-07,2025,2025-09,1.2,96,26.6
220773,,,2025-09-08,2025,2025-09,45.4,96,72
220773,,,2025-09-09,2025,2025-09,0,96,72
220773,,,2025-09-10,2025,2025-09,0,96,72
220773,,,2025-09-11,2025,2025-09,0,96,72
220773,,,2025-09-12,2025,2025-09,0.4,96,72.4
220773,,,2025-09-13,2025,2025-09,0,96,72.4
220773,,,2025-09-14,2025,2025-09,5.2,96,77.6
220773,,,2025-09-15,2025,2025-09,0,96,77.6
220773,,,2025-09-16,2025,2025-09,0,96,77.6
220773,,,2025-09-17,2025,2025-09,0,96,77.6
220773,,,2025-09-18,2025,2025-09,10.4,96,88
220773,,,2025-09-19,2025,2025-09,0,96,88
220773,,,2025-09-20,2025,2025-09,0,96,88
220773,,,2025-09-21,2025,2025-09,0,96,88
220773,,,2025-09-22,2025,2025-09,0,96,88
220773,,,2025-09-23,2025,2025-09,0,96,88
220773,,,2025-09-24,2025,2025-09,3.4,96,91.4
220773,,,2025-09-25,2025,2025-09,3.4,96,94.8
220773,,,2025-09-26,2025,2025-09,0,96,94.8
220773,,,2025-09-27,2025,2025-09,17.4,96,112.2
220773,,,2025-09-28,2025,2025-09,0.2,96,112.4
220773,,,2025-09-29,2025,2025-09,0,96,112.4
220773,,,2025-09-30,2025,2025-09,4.8,96,117.2
220773,,,2025-10-01,2025,2025-10,0,96,117.2
220773,,,2025-10-02,2025,2025-10,3.8,96,121
220773,,,2025-10-03,2025,2025-10,8.2,96,129.2
220773,,,2025-10-04,2025,2025-10,10.8,96,140
220773,,,2025-10-05,2025,2025-10,11.4,96,151.4
220773,,,2025-10-06,2025,2025-10,0,96,151.4
220773,,,2025-10-07,2025,2025-10,0,96,151.4
220773,,,2025-10-08,2025,2025-10,0,96,151.4
220773,,,2025-10-09,2025,2025-10,12.2,96,163.6
220773,,,2025-10-10,2025,2025-10,0.6,96,164.2
220773,,,2025-10-11,2025,2025-10,14.8,96,179
220773,,,2025-10-12,2025,2025-10,9,92,188
220773,,,2025-10-13,2025,2025-10,0.2,89,188.2
220773,,,2025-10-14,2025,2025-10,0,96,188.2
220773,,,2025-10-15,2025,2025-10,0,95,188.2
220773,,,2025-10-16,2025,2025-10,0,90,188.2
220773,,,2025-10-17,2025,2025-10,6.4,87,194.6
220773,,,2025-10-18,2025,2025-10,1.2,83,195.8
220773,,,2025-10-19,2025,2025-10,8,95,203.8
220773,,,2025-10-20,2025,2025-10,3.8,93,207.6
220773,,,2025-10-21,2025,2025-10,1,96,208.6
220773,,,2025-10-22,2025,2025-10,2.8,96,211.4
220773,,,2025-10-23,2025,2025-10,0,95,211.4
220773,,,2025-10-24,2025,2025-10,0,91,211.4
220773,,,2025-10-25,2025,2025-10,0,86,211.4
220773,,,2025-10-26,2025,2025-10,0,91,211.4
220773,,,2025-10-27,2025,2025-10,0.6,86,212
220773,,,2025-10-28,2025,2025-10,0,80,212
220773,,,2025-10-29,2025,2025-10,0,58,212
220773,,,2025-10-30,2025,2025-10,0,80,212
220773,,,2025-10-31,2025,2025-10,0,32,212
220773,,,2025-11-01,2025,2025-11,0.8,10,212.8
220773,,,2025-11-02,2025,2025-11,0,47,212.8
220773,,,2025-11-03,2025,2025-11,0,74,212.8
220773,,,2025-11-04,2025,2025-11,1,90,213.8
220773,,,2025-11-05,2025,2025-11,0,18,213.8
220773,,,2025-12-19,2025,2025-12,0,27,213.8
220773,,,2025-12-20,2025,2025-12,0,96,213.8
220773,,,2025-12-21,2025,2025-12,0,96,213.8
220773,,,2025-12-22,2025,2025-12,0,96,213.8
220773,,,2025-12-23,2025,2025-12,0,96,213.8
220773,,,2025-12-24,2025,2025-12,0,96,213.8
220773,,,2025-12-25,2025,2025-12,0,96,213.8
220773,,,2025-12-26,2025,2025-12,0,96,213.8
220773,,,2025-12-27,2025,2025-12,0,96,213.8
220773,,,2025-12-28,2025,2025-12,0,96,213.8
220773,,,2025-12-29,2025,2025-12,0,96,213.8
220773,,,2025-12-30,2025,2025-12,0,96,213.8
220773,,,2025-12-31,2025,2025-12,0,96,213.8
220773,,,2026-01-01,2026,2026-01,0,96,0
220773,,,2026-01-02,2026,2026-01,0,96,0
220773,,,2026-01-03,2026,2026-01,0,96,0
220773,,,2026-01-04,2026,2026-01,0,96,0
220773,,,2026-01-05,2026,2026-01,0,96,0
220773,,,2026-01-06,2026,2026-01,0,96,0
220773,,,2026-01-07,2026,2026-01,0,96,0
220773,,,2026-01-08,2026,2026-01,0,96,0
220773,,,2026-01-09,2026,2026-01,0,96,0
220773,,,2026-01-10,2026,2026-01,1,96,1
220773,,,2026-01-11,2026,2026-01,0,96,1
220773,,,2026-01-12,2026,2026-01,0,96,1
220773,,,2026-01-13,2026,2026-01,0,96,1
220773,,,2026-01-14,2026,2026-01,0,96,1
220773,,,2026-01-15,2026,2026-01,0,96,1
220773,,,2026-01-16,2026,2026-01,0,96,1
220773,,,2026-01-17,2026,2026-01,0,96,1
220773,,,2026-01-18,2026,2026-01,0,96,1
220773,,,2026-01-19,2026,2026-01,0,96,1
220773,,,2026-01-20,2026,2026-01,0,96,1
220773,,,2026-01-21,2026,2026-01,0,96,1
220773,,,2026-01-22,2026,2026-01,0,96,1
220773,,,2026-01-23,2026,2026-01,0,96,1
220773,,,2026-01-24,2026,2026-01,0,96,1
220773,,,2026-01-25,2026,2026-01,0,96,1
220773,,,2026-01-26,2026,2026-01,0,96,1
220773,,,2026-01-27,2026,2026-01,0,96,1
220773,,,2026-01-28,2026,2026-01,0,96,1
220773,,,2026-01-29,2026,2026-01,0,96,1
220773,,,2026-01-30,2026,2026-01,0,96,1
220773,,,2026-01-31,2026,2026-01,0,96,1
220773,,,2026-02-01,2026,2026-02,0,96,1
220773,,,2026-02-02,2026,2026-02,0,96,1
220773,,,2026-02-03,2026,2026-02,0,96,1
220773,,,2026-02-04,2026,2026-02,0,96,1
220773,,,2026-02-05,2026,2026-02,0,96,1
220773,,,2026-02-06,2026,2026-02,0,96,1
220773,,,2026-02-07,2026,2026-02,0,96,1
220773,,,2026-02-08,2026,2026-02,0,96,1
220773,,,2026-02-09,2026,2026-02,0,96,1
220773,,,2026-02-10,2026,2026-02,0,96,1
220773,,,2026-02-11,2026,2026-02,0,96,1
220773,,,2026-02-12,2026,2026-02,0,96,1
220773,,,2026-02-13,2026,2026-02,0,96,1
220773,,,2026-02-14,2026,2026-02,0,96,1
220773,,,2026-02-15,2026,2026-02,0,96,1
220773,,,2026-02-16,2026,2026-02,0,96,1
220773,,,2026-02-17,2026,2026-02,0,96,1
220773,,,2026-02-18,2026,2026-02,0,96,1
220773,,,2026-02-19,2026,2026-02,0,96,1
220773,,,2026-02-20,2026,2026-02,0,96,1
220773,,,2026-02-21,2026,2026-02,0,96,1
220773,,,2026-02-22,2026,2026-02,0,96,1
220773,,,2026-02-23,2026,2026-02,0,96,1
220773,,,2026-02-24,2026,2026-02,0,96,1
220773,,,2026-02-25,2026,2026-02,0,96,1
220773,,,2026-02-26,2026,2026-02,0,96,1
220773,,,2026-02-27,2026,2026-02,0,96,1
220773,,,2026-02-28,2026,2026-02,0,96,1
220773,,,2026-03-01,2026,2026-03,0,96,1
220773,,,2026-03-02,2026,2026-03,0,96,1
220773,,,2026-03-03,2026,2026-03,0,96,1
220773,,,2026-03-04,2026,2026-03,0,96,1
220773,,,2026-03-05,2026,2026-03,0,96,1
220773,,,2026-03-06,2026,2026-03,0,96,1
220773,,,2026-03-07,2026,2026-03,0,96,1
220773,,,2026-03-08,2026,2026-03,0,96,1
220773,,,2026-03-09,2026,2026-03,0,96,1
220773,,,2026-03-10,2026,2026-03,0,96,1
220773,,,2026-03-11,2026,2026-03,0,96,1
220773,,,2026-03-12,2026,2026-03,0,96,1
220773,,,2026-03-13,2026,2026-03,0,96,1
220773,,,2026-03-14,2026,2026-03,0,96,1
220773,,,2026-03-15,2026,2026-03,0,96,1
220773,,,2026-03-16,2026,2026-03,0.2,96,1.2
220773,,,2026-03-17,2026,2026-03,0,96,1.2
220773,,,2026-03-18,2026,2026-03,0,96,1.2
220773,,,2026-03-19,2026,2026-03,0,96,1.2
220773,,,2026-03-20,2026,2026-03,0,96,1.2
220773,,,2026-03-21,2026,2026-03,0,96,1.2
220773,,,2026-03-22,2026,2026-03,0,96,1.2
220773,,,2026-03-23,2026,2026-03,0,96,1.2
220773,,,2026-03-24,2026,2026-03,0,96,1.2
220773,,,2026-03-25,2026,2026-03,0,96,1.2
220773,,,2026-03-26,2026,2026-03,0,96,1.2
220773,,,2026-03-27,2026,2026-03,0,96,1.2
220773,,,2026-03-28,2026,2026-03,0,96,1.2
220773,,,2026-03-29,2026,2026-03,0,96,1.2
220773,,,2026-03-30,2026,2026-03,0,96,1.2
220773,,,2026-03-31,2026,2026-03,0,96,1.2
220773,,,2026-04-01,2026,2026-04,0,96,1.2
220773,,,2026-04-02,2026,2026-04,0,96,1.2
220773,,,2026-04-03,2026,2026-04,0,96,1.2
220773,,,2026-04-04,2026,2026-04,0,96,1.2
220773,,,2026-04-05,2026,2026-04,0,93,1.2
220773,,,2026-04-06,2026,2026-04,0,85,1.2
220773,,,2026-04-07,2026,2026-04,0,71,1.2
220773,,,2026-04-08,2026,2026-04,0,85,1.2
220773,,,2026-04-09,2026,2026-04,0,85,1.2
220773,,,2026-04-10,2026,2026-04,0,67,1.2
220773,,,2026-04-11,2026,2026-04,0,75,1.2
220773,,,2026-04-12,2026,2026-04,0,95,1.2
220773,,,2026-04-13,2026,2026-04,0,92,1.2
220773,,,2026-04-14,2026,2026-04,0,79,1.2
220773,,,2026-04-15,2026,2026-04,0,95,1.2
220773,,,2026-04-16,2026,2026-04,0,82,1.2
220773,,,2026-04-17,2026,2026-04,0,32,1.2
220773,,,2026-04-18,2026,2026-04,0,94,1.2
220773,,,2026-04-19,2026,2026-04,0,96,1.2
220773,,,2026-04-20,2026,2026-04,0,89,1.2
220773,,,2026-04-21,2026,2026-04,0,84,1.2
220773,,,2026-04-22,2026,2026-04,0,66,1.2
220773,,,2026-04-23,2026,2026-04,0,90,1.2
220773,,,2026-04-24,2026,2026-04,0.2,73,1.4
220773,,,2026-04-25,2026,2026-04,0,32,1.4
220773,,,2026-04-26,2026,2026-04,0,18,1.4
220773,,,2026-04-27,2026,2026-04,26.2,95,27.6
220773,,,2026-04-28,2026,2026-04,0,91,27.6
220773,,,2026-04-29,2026,2026-04,0,75,27.6
220773,,,2026-04-30,2026,2026-04,0,87,27.6
220773,,,2026-05-01,2026,2026-05,0,76,27.6
220773,,,2026-05-02,2026,2026-05,0,94,27.6
220773,,,2026-05-03,2026,2026-05,0,82,27.6
220773,,,2026-05-04,2026,2026-05,0,91,27.6
220773,,,2026-05-05,2026,2026-05,0,58,27.6
220773,,,2026-06-07,2026,2026-06,33.2,32,60.8
220773,,,2026-06-08,2026,2026-06,12.4,96,73.2
220773,,,2026-06-09,2026,2026-06,0,96,73.2
220773,,,2026-06-10,2026,2026-06,0,93,73.2
220773,,,2026-06-11,2026,2026-06,2.6,80,75.8
220773,,,2026-06-12,2026,2026-06,0,79,75.8
220773,,,2026-07-10,2026,2026-07,0,25,75.8
220773,,,2026-07-11,2026,2026-07,0.4,71,76.2
220773,,,2026-07-12,2026,2026-07,0,73,76.2
220773,,,2026-07-14,2026,2026-07,0,13,76.2
220773,,,2026-07-15,2026,2026-07,0,83,76.2
220773,,,2026-07-16,2026,2026-07,0,90,76.2
220773,,,2026-07-17,2026,2026-07,0,64,76.2
220773,,,2026-07-18,2026,2026-07,29.8,95,106
220773,,,2026-07-19,2026,2026-07,0,96,106
220773,,,2026-07-20,2026,2026-07,0,89,106
220773,,,2026-07-21,2026,2026-07,0,90,106
220773,,,2026-07-22,2026,2026-07,17.4,89,123.4
220773,,,2026-07-23,2026,2026-07,0,82,123.4
220773,,,2026-07-24,2026,2026-07,0,96,123.4
220773,,,2026-07-25,2026,2026-07,11.6,94,135
220773,,,2026-07-26,2026,2026-07,0.4,96,135.4
220773,,,2026-07-27,2026,2026-07,0,76,135.4
220773,,,2026-07-28,2026,2026-07,0,68,135.4
220773,,,2026-07-29,2026,2026-07,0,74,135.4
220773,,,2026-07-30,2026,2026-07,1.8,72,137.2
220773,,,2026-07-31,2026,2026-07,0,76,137.2
220773,,,2026-08-01,2026,2026-08,0.2,96,137.4
220773,,,2026-08-02,2026,2026-08,0,88,137.4
235225,P15,Occidente,2026-05-26,2026,2026-05,0,95,0
235225,P15,Occidente,2026-05-27,2026,2026-05,1.4,96,1.4
235225,P15,Occidente,2026-05-28,2026,2026-05,0.4,96,1.8
235225,P15,Occidente,2026-05-29,2026,2026-05,0,96,1.8
235225,P15,Occidente,2026-05-30,2026,2026-05,0,96,1.8
235225,P15,Occidente,2026-05-31,2026,2026-05,41,96,42.8
235225,P15,Occidente,2026-06-01,2026,2026-06,8,96,50.8
235225,P15,Occidente,2026-06-02,2026,2026-06,9.2,96,60
235225,P15,Occidente,2026-06-03,2026,2026-06,20.4,96,80.4
235225,P15,Occidente,2026-06-04,2026,2026-06,21.2,96,101.6
235225,P15,Occidente,2026-06-05,2026,2026-06,61.4,96,163
235225,P15,Occidente,2026-06-06,2026,2026-06,0,96,163
235225,P15,Occidente,2026-06-07,2026,2026-06,22.4,96,185.4
235225,P15,Occidente,2026-06-08,2026,2026-06,13,96,198.4
235225,P15,Occidente,2026-06-09,2026,2026-06,0,96,198.4
235225,P15,Occidente,2026-06-10,2026,2026-06,0,96,198.4
235225,P15,Occidente,2026-06-11,2026,2026-06,1.2,88,199.6
235225,P15,Occidente,2026-06-12,2026,2026-06,2.8,96,202.4
235225,P15,Occidente,2026-06-13,2026,2026-06,0,96,202.4
235225,P15,Occidente,2026-06-14,2026,2026-06,0,96,202.4
235225,P15,Occidente,2026-06-15,2026,2026-06,1.8,96,204.2
235225,P15,Occidente,2026-06-16,2026,2026-06,0.2,96,204.4
235225,P15,Occidente,2026-06-17,2026,2026-06,0,82,204.4
235225,P15,Occidente,2026-06-18,2026,2026-06,12.8,96,217.2
235225,P15,Occidente,2026-06-19,2026,2026-06,25,96,242.2
235225,P15,Occidente,2026-06-20,2026,2026-06,0,95,242.2
235225,P15,Occidente,2026-06-21,2026,2026-06,0.2,96,242.4
235225,P15,Occidente,2026-06-22,2026,2026-06,24.8,96,267.2
235225,P15,Occidente,2026-06-23,2026,2026-06,0,96,267.2
235225,P15,Occidente,2026-06-24,2026,2026-06,0.4,96,267.6
235225,P15,Occidente,2026-06-25,2026,2026-06,17,64,284.6
235225,P15,Occidente,2026-06-26,2026,2026-06,0,96,284.6
235225,P15,Occidente,2026-06-27,2026,2026-06,0,96,284.6
235225,P15,Occidente,2026-06-28,2026,2026-06,20.6,96,305.2
235225,P15,Occidente,2026-06-29,2026,2026-06,0,96,305.2
235225,P15,Occidente,2026-06-30,2026,2026-06,0.2,96,305.4
235225,P15,Occidente,2026-07-01,2026,2026-07,2.4,96,307.8
235225,P15,Occidente,2026-07-02,2026,2026-07,8.4,96,316.2
235225,P15,Occidente,2026-07-03,2026,2026-07,48.4,96,364.6
235225,P15,Occidente,2026-07-04,2026,2026-07,0.4,96,365
235225,P15,Occidente,2026-07-05,2026,2026-07,0,96,365
235225,P15,Occidente,2026-07-06,2026,2026-07,3.6,96,368.6
235225,P15,Occidente,2026-07-07,2026,2026-07,0,96,368.6
235225,P15,Occidente,2026-07-08,2026,2026-07,10,96,378.6
235225,P15,Occidente,2026-07-09,2026,2026-07,0.6,95,379.2
235225,P15,Occidente,2026-07-10,2026,2026-07,0,75,379.2
235225,P15,Occidente,2026-07-11,2026,2026-07,0,96,379.2
235225,P15,Occidente,2026-07-12,2026,2026-07,1.8,96,381
235225,P15,Occidente,2026-07-13,2026,2026-07,29.4,96,410.4
235225,P15,Occidente,2026-07-14,2026,2026-07,0,96,410.4
235225,P15,Occidente,2026-07-15,2026,2026-07,0.6,96,411
235225,P15,Occidente,2026-07-16,2026,2026-07,0.2,96,411.2
235225,P15,Occidente,2026-07-17,2026,2026-07,0,96,411.2
235225,P15,Occidente,2026-07-18,2026,2026-07,8,96,419.2
235225,P15,Occidente,2026-07-19,2026,2026-07,2.4,96,421.6
235225,P15,Occidente,2026-07-20,2026,2026-07,27.2,96,448.8
235225,P15,Occidente,2026-07-21,2026,2026-07,0,94,448.8
235225,P15,Occidente,2026-07-22,2026,2026-07,0,96,448.8
235225,P15,Occidente,2026-07-23,2026,2026-07,63,96,511.8
235225,P15,Occidente,2026-07-24,2026,2026-07,0,96,511.8
235225,P15,Occidente,2026-07-25,2026,2026-07,10.6,96,522.4
235225,P15,Occidente,2026-07-26,2026,2026-07,24.8,96,547.2
235225,P15,Occidente,2026-07-27,2026,2026-07,0.4,96,547.6
235225,P15,Occidente,2026-07-28,2026,2026-07,0,96,547.6
235225,P15,Occidente,2026-07-29,2026,2026-07,32.2,96,579.8
235225,P15,Occidente,2026-07-30,2026,2026-07,28.4,96,608.2
235225,P15,Occidente,2026-07-31,2026,2026-07,8.4,96,616.6
235225,P15,Occidente,2026-08-01,2026,2026-08,0,96,616.6
235225,P15,Occidente,2026-08-02,2026,2026-08,0,89,616.6
235240,P16,Occidente,2026-05-26,2026,2026-05,1.8,95,1.8
235240,P16,Occidente,2026-05-27,2026,2026-05,3.2,96,5
235240,P16,Occidente,2026-05-28,2026,2026-05,0.4,96,5.4
235240,P16,Occidente,2026-05-29,2026,2026-05,0,96,5.4
235240,P16,Occidente,2026-05-30,2026,2026-05,0,96,5.4
235240,P16,Occidente,2026-05-31,2026,2026-05,37.8,96,43.2
235240,P16,Occidente,2026-06-01,2026,2026-06,0,96,43.2
235240,P16,Occidente,2026-06-02,2026,2026-06,9.8,96,53
235240,P16,Occidente,2026-06-03,2026,2026-06,29.8,96,82.8
235240,P16,Occidente,2026-06-04,2026,2026-06,32.2,96,115
235240,P16,Occidente,2026-06-05,2026,2026-06,48.4,96,163.4
235240,P16,Occidente,2026-06-06,2026,2026-06,0,96,163.4
235240,P16,Occidente,2026-06-07,2026,2026-06,15,95,178.4
235240,P16,Occidente,2026-06-08,2026,2026-06,3.6,87,182
235240,P16,Occidente,2026-06-09,2026,2026-06,0,80,182
235240,P16,Occidente,2026-06-10,2026,2026-06,0,95,182
235240,P16,Occidente,2026-06-11,2026,2026-06,1,72,183
235240,P16,Occidente,2026-06-12,2026,2026-06,0,96,183
235240,P16,Occidente,2026-06-13,2026,2026-06,0,96,183
235240,P16,Occidente,2026-06-14,2026,2026-06,0,83,183
235240,P16,Occidente,2026-06-15,2026,2026-06,7.8,87,190.8
235240,P16,Occidente,2026-06-16,2026,2026-06,0.2,96,191
235240,P16,Occidente,2026-06-17,2026,2026-06,0,77,191
235240,P16,Occidente,2026-06-18,2026,2026-06,6.4,96,197.4
235240,P16,Occidente,2026-06-19,2026,2026-06,14.6,93,212
235240,P16,Occidente,2026-06-20,2026,2026-06,0,96,212
235240,P16,Occidente,2026-06-21,2026,2026-06,0,96,212
235240,P16,Occidente,2026-06-22,2026,2026-06,21.6,87,233.6
235240,P16,Occidente,2026-06-23,2026,2026-06,0,77,233.6
235240,P16,Occidente,2026-06-24,2026,2026-06,0,95,233.6
235240,P16,Occidente,2026-06-25,2026,2026-06,0,19,233.6
235240,P16,Occidente,2026-06-26,2026,2026-06,0,96,233.6
235240,P16,Occidente,2026-06-27,2026,2026-06,0,74,233.6
235240,P16,Occidente,2026-06-28,2026,2026-06,27.8,96,261.4
235240,P16,Occidente,2026-06-29,2026,2026-06,0,93,261.4
235240,P16,Occidente,2026-06-30,2026,2026-06,0,94,261.4
235240,P16,Occidente,2026-07-01,2026,2026-07,1.4,76,262.8
235240,P16,Occidente,2026-07-02,2026,2026-07,6.4,77,269.2
235240,P16,Occidente,2026-07-03,2026,2026-07,32.4,96,301.6
235240,P16,Occidente,2026-07-04,2026,2026-07,0.2,90,301.8
235240,P16,Occidente,2026-07-05,2026,2026-07,0,96,301.8
235240,P16,Occidente,2026-07-06,2026,2026-07,11.4,81,313.2
235240,P16,Occidente,2026-07-07,2026,2026-07,0,81,313.2
235240,P16,Occidente,2026-07-08,2026,2026-07,10.4,87,323.6
235240,P16,Occidente,2026-07-09,2026,2026-07,2.2,95,325.8
235240,P16,Occidente,2026-07-10,2026,2026-07,0.6,77,326.4
235240,P16,Occidente,2026-07-11,2026,2026-07,0,91,326.4
235240,P16,Occidente,2026-07-12,2026,2026-07,10.6,72,337
235240,P16,Occidente,2026-07-13,2026,2026-07,23.8,89,360.8
235240,P16,Occidente,2026-07-14,2026,2026-07,0,77,360.8
235240,P16,Occidente,2026-07-15,2026,2026-07,3.4,96,364.2
235240,P16,Occidente,2026-07-16,2026,2026-07,0.4,96,364.6
235240,P16,Occidente,2026-07-17,2026,2026-07,0,78,364.6
235240,P16,Occidente,2026-07-18,2026,2026-07,4.6,92,369.2
235240,P16,Occidente,2026-07-19,2026,2026-07,3.8,96,373
235240,P16,Occidente,2026-07-20,2026,2026-07,29.6,96,402.6
235240,P16,Occidente,2026-07-21,2026,2026-07,0.2,76,402.8
235240,P16,Occidente,2026-07-22,2026,2026-07,0,89,402.8
235240,P16,Occidente,2026-07-23,2026,2026-07,22.6,38,425.4
235240,P16,Occidente,2026-07-24,2026,2026-07,0,96,425.4
235240,P16,Occidente,2026-07-25,2026,2026-07,8.2,76,433.6
235240,P16,Occidente,2026-07-26,2026,2026-07,29.2,87,462.8
235240,P16,Occidente,2026-07-27,2026,2026-07,0.6,77,463.4
235240,P16,Occidente,2026-07-28,2026,2026-07,0,90,463.4
235240,P16,Occidente,2026-07-29,2026,2026-07,35.4,75,498.8
235240,P16,Occidente,2026-07-30,2026,2026-07,19.8,45,518.6
235240,P16,Occidente,2026-07-31,2026,2026-07,4.8,79,523.4
235240,P16,Occidente,2026-08-01,2026,2026-08,0,96,523.4
235240,P16,Occidente,2026-08-02,2026,2026-08,0,87,523.4
235263,B01,Occidente,2026-05-26,2026,2026-05,22,95,22
235263,B01,Occidente,2026-05-27,2026,2026-05,94.2,96,116.2
235263,B01,Occidente,2026-05-28,2026,2026-05,0.6,96,116.8
235263,B01,Occidente,2026-05-29,2026,2026-05,3.8,96,120.6
235263,B01,Occidente,2026-05-30,2026,2026-05,0,96,120.6
235263,B01,Occidente,2026-05-31,2026,2026-05,6.4,96,127
235263,B01,Occidente,2026-06-01,2026,2026-06,0,96,127
235263,B01,Occidente,2026-06-02,2026,2026-06,14,96,141
235263,B01,Occidente,2026-06-03,2026,2026-06,19.6,96,160.6
235263,B01,Occidente,2026-06-04,2026,2026-06,0.2,96,160.8
235263,B01,Occidente,2026-06-05,2026,2026-06,6.6,96,167.4
235263,B01,Occidente,2026-06-06,2026,2026-06,24.4,96,191.8
235263,B01,Occidente,2026-06-07,2026,2026-06,31,96,222.8
235263,B01,Occidente,2026-06-08,2026,2026-06,2,96,224.8
235263,B01,Occidente,2026-06-09,2026,2026-06,0,96,224.8
235263,B01,Occidente,2026-06-10,2026,2026-06,0,96,224.8
235263,B01,Occidente,2026-06-11,2026,2026-06,0.6,96,225.4
235263,B01,Occidente,2026-06-12,2026,2026-06,0,96,225.4
235263,B01,Occidente,2026-06-13,2026,2026-06,0,96,225.4
235263,B01,Occidente,2026-06-14,2026,2026-06,0,96,225.4
235263,B01,Occidente,2026-06-15,2026,2026-06,55,96,280.4
235263,B01,Occidente,2026-06-16,2026,2026-06,4.8,96,285.2
235263,B01,Occidente,2026-06-17,2026,2026-06,0,96,285.2
235263,B01,Occidente,2026-06-18,2026,2026-06,16.8,96,302
235263,B01,Occidente,2026-06-19,2026,2026-06,7.4,80,309.4
235263,B01,Occidente,2026-06-20,2026,2026-06,0.2,80,309.6
235263,B01,Occidente,2026-06-21,2026,2026-06,0,96,309.6
235263,B01,Occidente,2026-06-22,2026,2026-06,26,96,335.6
235263,B01,Occidente,2026-06-23,2026,2026-06,0,96,335.6
235263,B01,Occidente,2026-06-24,2026,2026-06,7.4,91,343
235263,B01,Occidente,2026-06-25,2026,2026-06,39.6,96,382.6
235263,B01,Occidente,2026-06-26,2026,2026-06,0,95,382.6
235263,B01,Occidente,2026-06-27,2026,2026-06,0,95,382.6
235263,B01,Occidente,2026-06-28,2026,2026-06,37,96,419.6
235263,B01,Occidente,2026-06-29,2026,2026-06,0,96,419.6
235263,B01,Occidente,2026-06-30,2026,2026-06,46.8,96,466.4
235263,B01,Occidente,2026-07-01,2026,2026-07,0,96,466.4
235263,B01,Occidente,2026-07-02,2026,2026-07,62,96,528.4
235263,B01,Occidente,2026-07-03,2026,2026-07,11,96,539.4
235263,B01,Occidente,2026-07-04,2026,2026-07,0.8,88,540.2
235263,B01,Occidente,2026-07-05,2026,2026-07,0,96,540.2
235263,B01,Occidente,2026-07-06,2026,2026-07,15.6,96,555.8
235263,B01,Occidente,2026-07-07,2026,2026-07,0,96,555.8
235263,B01,Occidente,2026-07-08,2026,2026-07,6.2,96,562
235263,B01,Occidente,2026-07-09,2026,2026-07,55.6,96,617.6
235263,B01,Occidente,2026-07-10,2026,2026-07,14.8,96,632.4
235263,B01,Occidente,2026-07-11,2026,2026-07,0,96,632.4
235263,B01,Occidente,2026-07-12,2026,2026-07,0,96,632.4
235263,B01,Occidente,2026-07-13,2026,2026-07,0,96,632.4
235263,B01,Occidente,2026-07-14,2026,2026-07,3.6,96,636
235263,B01,Occidente,2026-07-15,2026,2026-07,12.6,96,648.6
235263,B01,Occidente,2026-07-16,2026,2026-07,0,96,648.6
235263,B01,Occidente,2026-07-17,2026,2026-07,0,96,648.6
235263,B01,Occidente,2026-07-18,2026,2026-07,8.6,96,657.2
235263,B01,Occidente,2026-07-19,2026,2026-07,4.4,96,661.6
235263,B01,Occidente,2026-07-20,2026,2026-07,20,96,681.6
235263,B01,Occidente,2026-07-21,2026,2026-07,15.8,96,697.4
235263,B01,Occidente,2026-07-22,2026,2026-07,0,96,697.4
235263,B01,Occidente,2026-07-23,2026,2026-07,3.6,96,701
235263,B01,Occidente,2026-07-24,2026,2026-07,0,96,701
235263,B01,Occidente,2026-07-25,2026,2026-07,0,96,701
235263,B01,Occidente,2026-07-26,2026,2026-07,12.4,96,713.4
235263,B01,Occidente,2026-07-27,2026,2026-07,0,96,713.4
235263,B01,Occidente,2026-07-28,2026,2026-07,0,96,713.4
235263,B01,Occidente,2026-07-29,2026,2026-07,2.2,96,715.6
235263,B01,Occidente,2026-07-30,2026,2026-07,0,96,715.6
235263,B01,Occidente,2026-07-31,2026,2026-07,38.6,96,754.2
235263,B01,Occidente,2026-08-01,2026,2026-08,0,96,754.2
235263,B01,Occidente,2026-08-02,2026,2026-08,0,89,754.2
235347,P17,Occidente,2026-05-26,2026,2026-05,2.6,95,2.6
235347,P17,Occidente,2026-05-27,2026,2026-05,7.2,96,9.8
235347,P17,Occidente,2026-05-28,2026,2026-05,0.8,96,10.6
235347,P17,Occidente,2026-05-29,2026,2026-05,0,96,10.6
235347,P17,Occidente,2026-05-30,2026,2026-05,0,96,10.6
235347,P17,Occidente,2026-05-31,2026,2026-05,15.6,96,26.2
235347,P17,Occidente,2026-06-01,2026,2026-06,0,96,26.2
235347,P17,Occidente,2026-06-02,2026,2026-06,8,96,34.2
235347,P17,Occidente,2026-06-03,2026,2026-06,23.2,96,57.4
235347,P17,Occidente,2026-06-04,2026,2026-06,29,96,86.4
235347,P17,Occidente,2026-06-05,2026,2026-06,17.8,96,104.2
235347,P17,Occidente,2026-06-06,2026,2026-06,0,96,104.2
235347,P17,Occidente,2026-06-07,2026,2026-06,19.8,96,124
235347,P17,Occidente,2026-06-08,2026,2026-06,2.8,96,126.8
235347,P17,Occidente,2026-06-09,2026,2026-06,0,96,126.8
235347,P17,Occidente,2026-06-10,2026,2026-06,0,96,126.8
235347,P17,Occidente,2026-06-11,2026,2026-06,0,96,126.8
235347,P17,Occidente,2026-06-12,2026,2026-06,0,96,126.8
235347,P17,Occidente,2026-06-13,2026,2026-06,0,96,126.8
235347,P17,Occidente,2026-06-14,2026,2026-06,0,96,126.8
235347,P17,Occidente,2026-06-15,2026,2026-06,4.4,96,131.2
235347,P17,Occidente,2026-06-16,2026,2026-06,3.8,96,135
235347,P17,Occidente,2026-06-17,2026,2026-06,0,96,135
235347,P17,Occidente,2026-06-18,2026,2026-06,15.6,96,150.6
235347,P17,Occidente,2026-06-19,2026,2026-06,24,96,174.6
235347,P17,Occidente,2026-06-20,2026,2026-06,5,96,179.6
235347,P17,Occidente,2026-06-21,2026,2026-06,0,96,179.6
235347,P17,Occidente,2026-06-22,2026,2026-06,0,96,179.6
235347,P17,Occidente,2026-06-23,2026,2026-06,0,96,179.6
235347,P17,Occidente,2026-06-24,2026,2026-06,6.2,96,185.8
235347,P17,Occidente,2026-06-25,2026,2026-06,11.4,96,197.2
235347,P17,Occidente,2026-06-26,2026,2026-06,0,96,197.2
235347,P17,Occidente,2026-06-27,2026,2026-06,0,95,197.2
235347,P17,Occidente,2026-06-28,2026,2026-06,6,96,203.2
235347,P17,Occidente,2026-06-29,2026,2026-06,0,96,203.2
235347,P17,Occidente,2026-06-30,2026,2026-06,2.4,96,205.6
235347,P17,Occidente,2026-07-01,2026,2026-07,1.2,96,206.8
235347,P17,Occidente,2026-07-02,2026,2026-07,0,96,206.8
235347,P17,Occidente,2026-07-03,2026,2026-07,28.2,80,235
235347,P17,Occidente,2026-07-04,2026,2026-07,1.6,96,236.6
235347,P17,Occidente,2026-07-05,2026,2026-07,0.8,96,237.4
235347,P17,Occidente,2026-07-06,2026,2026-07,0.2,78,237.6
235347,P17,Occidente,2026-07-07,2026,2026-07,0.4,96,238
235347,P17,Occidente,2026-07-08,2026,2026-07,0.8,92,238.8
235347,P17,Occidente,2026-07-09,2026,2026-07,0.8,96,239.6
235347,P17,Occidente,2026-07-10,2026,2026-07,0.6,96,240.2
235347,P17,Occidente,2026-07-11,2026,2026-07,0.4,96,240.6
235347,P17,Occidente,2026-07-12,2026,2026-07,0.4,92,241
235347,P17,Occidente,2026-07-13,2026,2026-07,0.4,79,241.4
235347,P17,Occidente,2026-07-14,2026,2026-07,0.4,92,241.8
235347,P17,Occidente,2026-07-15,2026,2026-07,0,89,241.8
235347,P17,Occidente,2026-07-16,2026,2026-07,0,95,241.8
235347,P17,Occidente,2026-07-17,2026,2026-07,0,96,241.8
235347,P17,Occidente,2026-07-18,2026,2026-07,13.8,87,255.6
235347,P17,Occidente,2026-07-19,2026,2026-07,2.4,96,258
235347,P17,Occidente,2026-07-20,2026,2026-07,13.6,86,271.6
235347,P17,Occidente,2026-07-21,2026,2026-07,1,51,272.6
235347,P17,Occidente,2026-07-22,2026,2026-07,0.2,51,272.8
235347,P17,Occidente,2026-07-23,2026,2026-07,0.8,74,273.6
235347,P17,Occidente,2026-07-24,2026,2026-07,0.8,90,274.4
235347,P17,Occidente,2026-07-25,2026,2026-07,1,95,275.4
235347,P17,Occidente,2026-07-26,2026,2026-07,0.8,95,276.2
235347,P17,Occidente,2026-07-27,2026,2026-07,1.2,96,277.4
235347,P17,Occidente,2026-07-28,2026,2026-07,0.6,96,278
235347,P17,Occidente,2026-07-29,2026,2026-07,1,96,279
235347,P17,Occidente,2026-07-30,2026,2026-07,7.2,88,286.2
235347,P17,Occidente,2026-07-31,2026,2026-07,0.4,90,286.6
235347,P17,Occidente,2026-08-01,2026,2026-08,0.4,92,287
235347,P17,Occidente,2026-08-02,2026,2026-08,0.6,63,287.6
235411,Y02,Occidente,2026-05-26,2026,2026-05,3,95,3
235411,Y02,Occidente,2026-05-27,2026,2026-05,7.2,96,10.2
235411,Y02,Occidente,2026-05-28,2026,2026-05,0,96,10.2
235411,Y02,Occidente,2026-05-29,2026,2026-05,0,96,10.2
235411,Y02,Occidente,2026-05-30,2026,2026-05,0,96,10.2
235411,Y02,Occidente,2026-05-31,2026,2026-05,11.4,96,21.6
235411,Y02,Occidente,2026-06-01,2026,2026-06,0.2,96,21.8
235411,Y02,Occidente,2026-06-02,2026,2026-06,0.6,96,22.4
235411,Y02,Occidente,2026-06-03,2026,2026-06,9.6,96,32
235411,Y02,Occidente,2026-06-04,2026,2026-06,4,96,36
235411,Y02,Occidente,2026-06-05,2026,2026-06,1.2,96,37.2
235411,Y02,Occidente,2026-06-06,2026,2026-06,0,96,37.2
235411,Y02,Occidente,2026-06-07,2026,2026-06,1,96,38.2
235411,Y02,Occidente,2026-06-08,2026,2026-06,7.4,96,45.6
235411,Y02,Occidente,2026-06-09,2026,2026-06,0,96,45.6
235411,Y02,Occidente,2026-06-10,2026,2026-06,0,96,45.6
235411,Y02,Occidente,2026-06-11,2026,2026-06,2.6,96,48.2
235411,Y02,Occidente,2026-06-12,2026,2026-06,0,96,48.2
235411,Y02,Occidente,2026-06-13,2026,2026-06,0,96,48.2
235411,Y02,Occidente,2026-06-14,2026,2026-06,0,96,48.2
235411,Y02,Occidente,2026-06-15,2026,2026-06,0,95,48.2
235411,Y02,Occidente,2026-06-16,2026,2026-06,0,96,48.2
235411,Y02,Occidente,2026-06-17,2026,2026-06,0,96,48.2
235411,Y02,Occidente,2026-06-18,2026,2026-06,13.6,93,61.8
235411,Y02,Occidente,2026-06-19,2026,2026-06,12.8,96,74.6
235411,Y02,Occidente,2026-06-20,2026,2026-06,0,96,74.6
235411,Y02,Occidente,2026-06-21,2026,2026-06,3.8,96,78.4
235411,Y02,Occidente,2026-06-22,2026,2026-06,16.4,96,94.8
235411,Y02,Occidente,2026-06-23,2026,2026-06,0,96,94.8
235411,Y02,Occidente,2026-06-24,2026,2026-06,7,92,101.8
235411,Y02,Occidente,2026-06-25,2026,2026-06,0,87,101.8
235411,Y02,Occidente,2026-06-26,2026,2026-06,0,82,101.8
235411,Y02,Occidente,2026-06-27,2026,2026-06,0,91,101.8
235411,Y02,Occidente,2026-06-28,2026,2026-06,2,96,103.8
235411,Y02,Occidente,2026-06-29,2026,2026-06,0,96,103.8
235411,Y02,Occidente,2026-06-30,2026,2026-06,0,90,103.8
235411,Y02,Occidente,2026-07-01,2026,2026-07,5.2,96,109
235411,Y02,Occidente,2026-07-02,2026,2026-07,5.6,89,114.6
235411,Y02,Occidente,2026-07-03,2026,2026-07,29.8,96,144.4
235411,Y02,Occidente,2026-07-04,2026,2026-07,0.6,92,145
235411,Y02,Occidente,2026-07-05,2026,2026-07,0,93,145
235411,Y02,Occidente,2026-07-06,2026,2026-07,53.6,96,198.6
235411,Y02,Occidente,2026-07-07,2026,2026-07,4.4,96,203
235411,Y02,Occidente,2026-07-08,2026,2026-07,5.6,96,208.6
235411,Y02,Occidente,2026-07-09,2026,2026-07,11.6,96,220.2
235411,Y02,Occidente,2026-07-10,2026,2026-07,14.6,96,234.8
235411,Y02,Occidente,2026-07-11,2026,2026-07,9.8,94,244.6
235411,Y02,Occidente,2026-07-12,2026,2026-07,0.8,96,245.4
235411,Y02,Occidente,2026-07-13,2026,2026-07,8.6,96,254
235411,Y02,Occidente,2026-07-14,2026,2026-07,1.2,96,255.2
235411,Y02,Occidente,2026-07-15,2026,2026-07,1.6,96,256.8
235411,Y02,Occidente,2026-07-16,2026,2026-07,0,96,256.8
235411,Y02,Occidente,2026-07-17,2026,2026-07,0,94,256.8
235411,Y02,Occidente,2026-07-18,2026,2026-07,1.8,96,258.6
235411,Y02,Occidente,2026-07-19,2026,2026-07,7.4,96,266
235411,Y02,Occidente,2026-07-20,2026,2026-07,29.2,96,295.2
235411,Y02,Occidente,2026-07-21,2026,2026-07,0,96,295.2
235411,Y02,Occidente,2026-07-22,2026,2026-07,0,96,295.2
235411,Y02,Occidente,2026-07-23,2026,2026-07,33.4,96,328.6
235411,Y02,Occidente,2026-07-24,2026,2026-07,3.2,96,331.8
235411,Y02,Occidente,2026-07-25,2026,2026-07,11.2,96,343
235411,Y02,Occidente,2026-07-26,2026,2026-07,0.2,83,343.2
235411,Y02,Occidente,2026-07-27,2026,2026-07,0.2,96,343.4
235411,Y02,Occidente,2026-07-28,2026,2026-07,0.2,96,343.6
235411,Y02,Occidente,2026-07-29,2026,2026-07,0.2,96,343.8
235411,Y02,Occidente,2026-07-30,2026,2026-07,16,96,359.8
235411,Y02,Occidente,2026-07-31,2026,2026-07,28.6,96,388.4
235411,Y02,Occidente,2026-08-01,2026,2026-08,0,96,388.4
235411,Y02,Occidente,2026-08-02,2026,2026-08,0,89,388.4
235418,P18,Occidente,2026-05-28,2026,2026-05,66.6,14,66.6
235418,P18,Occidente,2026-05-29,2026,2026-05,0,96,66.6
235418,P18,Occidente,2026-05-30,2026,2026-05,0,93,66.6
235418,P18,Occidente,2026-05-31,2026,2026-05,0,34,66.6
235418,P18,Occidente,2026-06-01,2026,2026-06,10.2,95,76.8
235418,P18,Occidente,2026-06-02,2026,2026-06,11.6,93,88.4
235418,P18,Occidente,2026-06-03,2026,2026-06,15.8,83,104.2
235418,P18,Occidente,2026-06-04,2026,2026-06,0.2,51,104.4
235418,P18,Occidente,2026-06-05,2026,2026-06,1.8,96,106.2
235418,P18,Occidente,2026-06-06,2026,2026-06,57.8,96,164
235418,P18,Occidente,2026-06-07,2026,2026-06,40.6,57,204.6
235418,P18,Occidente,2026-06-12,2026,2026-06,0,42,204.6
235418,P18,Occidente,2026-06-13,2026,2026-06,0,95,204.6
235418,P18,Occidente,2026-06-14,2026,2026-06,0,95,204.6
235418,P18,Occidente,2026-06-15,2026,2026-06,13.2,96,217.8
235418,P18,Occidente,2026-06-16,2026,2026-06,0,67,217.8
235418,P18,Occidente,2026-06-17,2026,2026-06,10.2,96,228
235418,P18,Occidente,2026-06-18,2026,2026-06,10.6,94,238.6
235418,P18,Occidente,2026-06-19,2026,2026-06,11.2,78,249.8
235418,P18,Occidente,2026-06-20,2026,2026-06,3,43,252.8
235418,P18,Occidente,2026-06-21,2026,2026-06,6.6,96,259.4
235418,P18,Occidente,2026-06-22,2026,2026-06,17.6,64,277
235418,P18,Occidente,2026-06-23,2026,2026-06,0,90,277
235418,P18,Occidente,2026-06-24,2026,2026-06,0,78,277
235418,P18,Occidente,2026-06-25,2026,2026-06,3.2,39,280.2
235418,P18,Occidente,2026-06-26,2026,2026-06,0,96,280.2
235418,P18,Occidente,2026-06-27,2026,2026-06,0,92,280.2
235418,P18,Occidente,2026-06-28,2026,2026-06,31.6,91,311.8
235418,P18,Occidente,2026-06-29,2026,2026-06,0,96,311.8
235418,P18,Occidente,2026-06-30,2026,2026-06,17.2,96,329
235418,P18,Occidente,2026-07-01,2026,2026-07,0,96,329
235418,P18,Occidente,2026-07-02,2026,2026-07,32.4,93,361.4
235418,P18,Occidente,2026-07-03,2026,2026-07,7.8,50,369.2
235418,P18,Occidente,2026-07-04,2026,2026-07,0.2,80,369.4
235418,P18,Occidente,2026-07-05,2026,2026-07,0,78,369.4
235418,P18,Occidente,2026-07-06,2026,2026-07,5.2,90,374.6
235418,P18,Occidente,2026-07-07,2026,2026-07,0,96,374.6
235418,P18,Occidente,2026-07-08,2026,2026-07,4.8,86,379.4
235418,P18,Occidente,2026-07-09,2026,2026-07,45,96,424.4
235418,P18,Occidente,2026-07-10,2026,2026-07,12.2,96,436.6
235418,P18,Occidente,2026-07-11,2026,2026-07,0,96,436.6
235418,P18,Occidente,2026-07-12,2026,2026-07,0,85,436.6
235418,P18,Occidente,2026-07-13,2026,2026-07,3.8,96,440.4
235418,P18,Occidente,2026-07-14,2026,2026-07,0,94,440.4
235418,P18,Occidente,2026-07-15,2026,2026-07,16.4,96,456.8
235418,P18,Occidente,2026-07-16,2026,2026-07,1.6,84,458.4
235418,P18,Occidente,2026-07-17,2026,2026-07,0,96,458.4
235418,P18,Occidente,2026-07-18,2026,2026-07,1.4,88,459.8
235418,P18,Occidente,2026-07-19,2026,2026-07,0,34,459.8
235418,P18,Occidente,2026-07-20,2026,2026-07,12.4,84,472.2
235418,P18,Occidente,2026-07-21,2026,2026-07,0.2,96,472.4
235418,P18,Occidente,2026-07-22,2026,2026-07,0,95,472.4
235418,P18,Occidente,2026-07-23,2026,2026-07,26.2,96,498.6
235418,P18,Occidente,2026-07-24,2026,2026-07,2.6,93,501.2
235418,P18,Occidente,2026-07-25,2026,2026-07,0,60,501.2
235418,P18,Occidente,2026-07-26,2026,2026-07,0.4,69,501.6
235418,P18,Occidente,2026-07-27,2026,2026-07,0,84,501.6
235418,P18,Occidente,2026-07-28,2026,2026-07,0.8,96,502.4
235418,P18,Occidente,2026-07-29,2026,2026-07,5.6,75,508
235418,P18,Occidente,2026-07-30,2026,2026-07,0,57,508
235418,P18,Occidente,2026-07-31,2026,2026-07,5.8,87,513.8
235418,P18,Occidente,2026-08-01,2026,2026-08,0,81,513.8
235418,P18,Occidente,2026-08-02,2026,2026-08,0,66,513.8
235420,Y03,Occidente,2026-05-26,2026,2026-05,5.8,84,5.8
235420,Y03,Occidente,2026-05-27,2026,2026-05,15.8,91,21.6
235420,Y03,Occidente,2026-05-28,2026,2026-05,0,96,21.6
235420,Y03,Occidente,2026-05-29,2026,2026-05,0,96,21.6
235420,Y03,Occidente,2026-05-30,2026,2026-05,0,92,21.6
235420,Y03,Occidente,2026-05-31,2026,2026-05,2.2,96,23.8
235420,Y03,Occidente,2026-06-01,2026,2026-06,0.6,96,24.4
235420,Y03,Occidente,2026-06-02,2026,2026-06,2.4,96,26.8
235420,Y03,Occidente,2026-06-03,2026,2026-06,13.4,96,40.2
235420,Y03,Occidente,2026-06-04,2026,2026-06,2.4,96,42.6
235420,Y03,Occidente,2026-06-05,2026,2026-06,1.6,94,44.2
235420,Y03,Occidente,2026-06-06,2026,2026-06,0,84,44.2
235420,Y03,Occidente,2026-06-07,2026,2026-06,0.2,90,44.4
235420,Y03,Occidente,2026-06-08,2026,2026-06,4.8,84,49.2
235420,Y03,Occidente,2026-06-09,2026,2026-06,0.4,84,49.6
235420,Y03,Occidente,2026-06-10,2026,2026-06,0,84,49.6
235420,Y03,Occidente,2026-06-11,2026,2026-06,5.8,67,55.4
235420,Y03,Occidente,2026-06-12,2026,2026-06,0,75,55.4
235420,Y03,Occidente,2026-06-13,2026,2026-06,0,76,55.4
235420,Y03,Occidente,2026-06-14,2026,2026-06,0,83,55.4
235420,Y03,Occidente,2026-06-15,2026,2026-06,0.2,85,55.6
235420,Y03,Occidente,2026-06-16,2026,2026-06,0,89,55.6
235420,Y03,Occidente,2026-06-17,2026,2026-06,0.2,86,55.8
235420,Y03,Occidente,2026-06-18,2026,2026-06,13,69,68.8
235420,Y03,Occidente,2026-06-19,2026,2026-06,4,69,72.8
235420,Y03,Occidente,2026-06-20,2026,2026-06,0.6,87,73.4
235420,Y03,Occidente,2026-06-21,2026,2026-06,1.2,85,74.6
235420,Y03,Occidente,2026-06-22,2026,2026-06,14.6,89,89.2
235420,Y03,Occidente,2026-06-23,2026,2026-06,0,71,89.2
235420,Y03,Occidente,2026-06-24,2026,2026-06,4,96,93.2
235420,Y03,Occidente,2026-06-25,2026,2026-06,1,67,94.2
235420,Y03,Occidente,2026-06-26,2026,2026-06,0,59,94.2
235420,Y03,Occidente,2026-06-27,2026,2026-06,0,74,94.2
235420,Y03,Occidente,2026-06-28,2026,2026-06,4.2,90,98.4
235420,Y03,Occidente,2026-06-29,2026,2026-06,0,62,98.4
235420,Y03,Occidente,2026-06-30,2026,2026-06,0,72,98.4
235420,Y03,Occidente,2026-07-01,2026,2026-07,3,77,101.4
235420,Y03,Occidente,2026-07-02,2026,2026-07,8.8,92,110.2
235420,Y03,Occidente,2026-07-03,2026,2026-07,53,88,163.2
235420,Y03,Occidente,2026-07-04,2026,2026-07,3.8,79,167
235420,Y03,Occidente,2026-07-05,2026,2026-07,0,87,167
235420,Y03,Occidente,2026-07-06,2026,2026-07,40,82,207
235420,Y03,Occidente,2026-07-07,2026,2026-07,2.6,74,209.6
235420,Y03,Occidente,2026-07-08,2026,2026-07,4.6,86,214.2
235420,Y03,Occidente,2026-07-09,2026,2026-07,14.4,86,228.6
235420,Y03,Occidente,2026-07-10,2026,2026-07,24.6,95,253.2
235420,Y03,Occidente,2026-07-11,2026,2026-07,8.6,96,261.8
235420,Y03,Occidente,2026-07-12,2026,2026-07,2.6,96,264.4
235420,Y03,Occidente,2026-07-13,2026,2026-07,11.8,79,276.2
235420,Y03,Occidente,2026-07-14,2026,2026-07,5.4,96,281.6
235420,Y03,Occidente,2026-07-15,2026,2026-07,0.6,96,282.2
235420,Y03,Occidente,2026-07-16,2026,2026-07,0,96,282.2
235420,Y03,Occidente,2026-07-17,2026,2026-07,0,96,282.2
235420,Y03,Occidente,2026-07-18,2026,2026-07,5.4,96,287.6
235420,Y03,Occidente,2026-07-19,2026,2026-07,20.2,96,307.8
235420,Y03,Occidente,2026-07-20,2026,2026-07,35,96,342.8
235420,Y03,Occidente,2026-07-21,2026,2026-07,2.8,96,345.6
235420,Y03,Occidente,2026-07-22,2026,2026-07,0,95,345.6
235420,Y03,Occidente,2026-07-23,2026,2026-07,0,96,345.6
235420,Y03,Occidente,2026-07-24,2026,2026-07,10,96,355.6
235420,Y03,Occidente,2026-07-25,2026,2026-07,31.2,96,386.8
235420,Y03,Occidente,2026-07-26,2026,2026-07,1.2,83,388
235420,Y03,Occidente,2026-07-27,2026,2026-07,0.2,95,388.2
235420,Y03,Occidente,2026-07-28,2026,2026-07,0,96,388.2
235420,Y03,Occidente,2026-07-29,2026,2026-07,0,96,388.2
235420,Y03,Occidente,2026-07-30,2026,2026-07,4.6,96,392.8
235420,Y03,Occidente,2026-07-31,2026,2026-07,20,95,412.8
235420,Y03,Occidente,2026-08-01,2026,2026-08,0,89,412.8
235420,Y03,Occidente,2026-08-02,2026,2026-08,0,89,412.8
235597,Y04,Occidente,2026-04-23,2026,2026-04,0,44,0
235597,Y04,Occidente,2026-04-24,2026,2026-04,0,96,0
235597,Y04,Occidente,2026-04-25,2026,2026-04,0,96,0
235597,Y04,Occidente,2026-04-26,2026,2026-04,0,96,0
235597,Y04,Occidente,2026-04-27,2026,2026-04,11.4,96,11.4
235597,Y04,Occidente,2026-04-28,2026,2026-04,0.2,96,11.6
235597,Y04,Occidente,2026-04-29,2026,2026-04,0,96,11.6
235597,Y04,Occidente,2026-04-30,2026,2026-04,0,96,11.6
235597,Y04,Occidente,2026-05-01,2026,2026-05,0,96,11.6
235597,Y04,Occidente,2026-05-02,2026,2026-05,45.8,96,57.4
235597,Y04,Occidente,2026-05-03,2026,2026-05,0,96,57.4
235597,Y04,Occidente,2026-05-04,2026,2026-05,0,96,57.4
235597,Y04,Occidente,2026-05-05,2026,2026-05,0,96,57.4
235597,Y04,Occidente,2026-05-06,2026,2026-05,0,96,57.4
235597,Y04,Occidente,2026-05-07,2026,2026-05,0,96,57.4
235597,Y04,Occidente,2026-05-08,2026,2026-05,0,96,57.4
235597,Y04,Occidente,2026-05-09,2026,2026-05,0,96,57.4
235597,Y04,Occidente,2026-05-10,2026,2026-05,0.2,96,57.6
235597,Y04,Occidente,2026-05-11,2026,2026-05,0,96,57.6
235597,Y04,Occidente,2026-05-12,2026,2026-05,2.2,96,59.8
235597,Y04,Occidente,2026-05-13,2026,2026-05,0,96,59.8
235597,Y04,Occidente,2026-05-14,2026,2026-05,0,96,59.8
235597,Y04,Occidente,2026-05-15,2026,2026-05,0,96,59.8
235597,Y04,Occidente,2026-05-16,2026,2026-05,6.6,96,66.4
235597,Y04,Occidente,2026-05-17,2026,2026-05,1,96,67.4
235597,Y04,Occidente,2026-05-18,2026,2026-05,0,96,67.4
235597,Y04,Occidente,2026-05-19,2026,2026-05,0,96,67.4
235597,Y04,Occidente,2026-05-20,2026,2026-05,0,96,67.4
235597,Y04,Occidente,2026-05-21,2026,2026-05,1.4,96,68.8
235597,Y04,Occidente,2026-05-22,2026,2026-05,0.2,96,69
235597,Y04,Occidente,2026-05-23,2026,2026-05,0.4,96,69.4
235597,Y04,Occidente,2026-05-24,2026,2026-05,9.8,96,79.2
235597,Y04,Occidente,2026-05-25,2026,2026-05,63,96,142.2
235597,Y04,Occidente,2026-05-26,2026,2026-05,3.8,96,146
235597,Y04,Occidente,2026-05-27,2026,2026-05,0.6,96,146.6
235597,Y04,Occidente,2026-05-28,2026,2026-05,0,96,146.6
235597,Y04,Occidente,2026-05-29,2026,2026-05,0,96,146.6
235597,Y04,Occidente,2026-05-30,2026,2026-05,0,96,146.6
235597,Y04,Occidente,2026-05-31,2026,2026-05,0.4,96,147
235597,Y04,Occidente,2026-06-01,2026,2026-06,0,96,147
235597,Y04,Occidente,2026-06-02,2026,2026-06,2.6,96,149.6
235597,Y04,Occidente,2026-06-03,2026,2026-06,5.2,96,154.8
235597,Y04,Occidente,2026-06-04,2026,2026-06,0,51,154.8
235597,Y04,Occidente,2026-06-05,2026,2026-06,0.6,73,155.4
235597,Y04,Occidente,2026-06-07,2026,2026-06,22,67,177.4
235597,Y04,Occidente,2026-06-08,2026,2026-06,28.6,96,206
235597,Y04,Occidente,2026-06-09,2026,2026-06,0,96,206
235597,Y04,Occidente,2026-06-10,2026,2026-06,0,96,206
235597,Y04,Occidente,2026-06-11,2026,2026-06,16.6,96,222.6
235597,Y04,Occidente,2026-06-12,2026,2026-06,0,92,222.6
235597,Y04,Occidente,2026-06-13,2026,2026-06,0,96,222.6
235597,Y04,Occidente,2026-06-14,2026,2026-06,0,96,222.6
235597,Y04,Occidente,2026-06-15,2026,2026-06,2.2,96,224.8
235597,Y04,Occidente,2026-06-16,2026,2026-06,5,96,229.8
235597,Y04,Occidente,2026-06-17,2026,2026-06,4.8,96,234.6
235597,Y04,Occidente,2026-06-18,2026,2026-06,0.2,70,234.8
235597,Y04,Occidente,2026-06-19,2026,2026-06,24,96,258.8
235597,Y04,Occidente,2026-06-20,2026,2026-06,3,96,261.8
235597,Y04,Occidente,2026-06-21,2026,2026-06,1.2,96,263
235597,Y04,Occidente,2026-06-22,2026,2026-06,2.4,40,265.4
235597,Y04,Occidente,2026-06-23,2026,2026-06,0,96,265.4
235597,Y04,Occidente,2026-06-24,2026,2026-06,0.4,89,265.8
235597,Y04,Occidente,2026-06-25,2026,2026-06,0.2,52,266
235597,Y04,Occidente,2026-06-26,2026,2026-06,0,37,266
235597,Y04,Occidente,2026-06-27,2026,2026-06,1,82,267
235597,Y04,Occidente,2026-06-28,2026,2026-06,2.2,95,269.2
235597,Y04,Occidente,2026-06-29,2026,2026-06,2.2,79,271.4
235597,Y04,Occidente,2026-06-30,2026,2026-06,0.6,73,272
235597,Y04,Occidente,2026-07-01,2026,2026-07,1,90,273
235597,Y04,Occidente,2026-07-02,2026,2026-07,0.8,86,273.8
235597,Y04,Occidente,2026-07-03,2026,2026-07,0.2,96,274
235597,Y04,Occidente,2026-07-04,2026,2026-07,0,96,274
235597,Y04,Occidente,2026-07-05,2026,2026-07,0,96,274
235597,Y04,Occidente,2026-07-06,2026,2026-07,5.6,78,279.6
235597,Y04,Occidente,2026-07-07,2026,2026-07,0.2,96,279.8
235597,Y04,Occidente,2026-07-08,2026,2026-07,1,96,280.8
235597,Y04,Occidente,2026-07-09,2026,2026-07,4.2,96,285
235597,Y04,Occidente,2026-07-10,2026,2026-07,0,88,285
235597,Y04,Occidente,2026-07-11,2026,2026-07,16.2,96,301.2
235597,Y04,Occidente,2026-07-12,2026,2026-07,9.8,96,311
235597,Y04,Occidente,2026-07-13,2026,2026-07,0.8,73,311.8
235597,Y04,Occidente,2026-07-14,2026,2026-07,5.2,64,317
235597,Y04,Occidente,2026-07-15,2026,2026-07,1,89,318
235597,Y04,Occidente,2026-07-16,2026,2026-07,6.8,96,324.8
235597,Y04,Occidente,2026-07-17,2026,2026-07,0,96,324.8
235597,Y04,Occidente,2026-07-18,2026,2026-07,0.6,92,325.4
235597,Y04,Occidente,2026-07-19,2026,2026-07,0.4,90,325.8
235597,Y04,Occidente,2026-07-20,2026,2026-07,50,96,375.8
235597,Y04,Occidente,2026-07-21,2026,2026-07,0,78,375.8
235597,Y04,Occidente,2026-07-22,2026,2026-07,0,96,375.8
235597,Y04,Occidente,2026-07-23,2026,2026-07,5.8,44,381.6
235597,Y04,Occidente,2026-07-24,2026,2026-07,0,45,381.6
235597,Y04,Occidente,2026-07-25,2026,2026-07,0,59,381.6
235597,Y04,Occidente,2026-07-26,2026,2026-07,8.8,94,390.4
235597,Y04,Occidente,2026-07-27,2026,2026-07,0,54,390.4
235597,Y04,Occidente,2026-07-28,2026,2026-07,0.2,76,390.6
235597,Y04,Occidente,2026-07-29,2026,2026-07,5.4,95,396
235597,Y04,Occidente,2026-07-30,2026,2026-07,1.8,92,397.8
235597,Y04,Occidente,2026-07-31,2026,2026-07,45.2,96,443
235597,Y04,Occidente,2026-08-01,2026,2026-08,0,96,443
235597,Y04,Occidente,2026-08-02,2026,2026-08,0,85,443
236176,P19,Occidente,2026-05-26,2026,2026-05,3.2,95,3.2
236176,P19,Occidente,2026-05-27,2026,2026-05,0.2,96,3.4
236176,P19,Occidente,2026-05-28,2026,2026-05,0,96,3.4
236176,P19,Occidente,2026-05-29,2026,2026-05,1.4,96,4.8
236176,P19,Occidente,2026-05-30,2026,2026-05,0.2,96,5
236176,P19,Occidente,2026-05-31,2026,2026-05,26.2,96,31.2
236176,P19,Occidente,2026-06-01,2026,2026-06,8.2,96,39.4
236176,P19,Occidente,2026-06-02,2026,2026-06,7.2,96,46.6
236176,P19,Occidente,2026-06-03,2026,2026-06,66.2,96,112.8
236176,P19,Occidente,2026-06-04,2026,2026-06,20.4,96,133.2
236176,P19,Occidente,2026-06-05,2026,2026-06,0.2,96,133.4
236176,P19,Occidente,2026-06-06,2026,2026-06,0.2,96,133.6
236176,P19,Occidente,2026-06-07,2026,2026-06,23,96,156.6
236176,P19,Occidente,2026-06-08,2026,2026-06,2.8,96,159.4
236176,P19,Occidente,2026-06-09,2026,2026-06,0,96,159.4
236176,P19,Occidente,2026-06-10,2026,2026-06,0,96,159.4
236176,P19,Occidente,2026-06-11,2026,2026-06,4,96,163.4
236176,P19,Occidente,2026-06-12,2026,2026-06,0,96,163.4
236176,P19,Occidente,2026-06-13,2026,2026-06,0,96,163.4
236176,P19,Occidente,2026-06-14,2026,2026-06,0,96,163.4
236176,P19,Occidente,2026-06-15,2026,2026-06,3,93,166.4
236176,P19,Occidente,2026-06-16,2026,2026-06,0,96,166.4
236176,P19,Occidente,2026-06-17,2026,2026-06,0,96,166.4
236176,P19,Occidente,2026-06-18,2026,2026-06,4.8,96,171.2
236176,P19,Occidente,2026-06-19,2026,2026-06,15.2,86,186.4
236176,P19,Occidente,2026-06-20,2026,2026-06,0,95,186.4
236176,P19,Occidente,2026-06-21,2026,2026-06,0,96,186.4
236176,P19,Occidente,2026-06-22,2026,2026-06,20.8,96,207.2
236176,P19,Occidente,2026-06-23,2026,2026-06,0,96,207.2
236176,P19,Occidente,2026-06-24,2026,2026-06,7.2,96,214.4
236176,P19,Occidente,2026-06-25,2026,2026-06,9,96,223.4
236176,P19,Occidente,2026-06-26,2026,2026-06,0,96,223.4
236176,P19,Occidente,2026-06-27,2026,2026-06,0,96,223.4
236176,P19,Occidente,2026-06-28,2026,2026-06,19.4,96,242.8
236176,P19,Occidente,2026-06-29,2026,2026-06,0,96,242.8
236176,P19,Occidente,2026-06-30,2026,2026-06,4.2,96,247
236176,P19,Occidente,2026-07-01,2026,2026-07,7.6,96,254.6
236176,P19,Occidente,2026-07-02,2026,2026-07,11.8,96,266.4
236176,P19,Occidente,2026-07-03,2026,2026-07,13.6,96,280
236176,P19,Occidente,2026-07-04,2026,2026-07,2.8,96,282.8
236176,P19,Occidente,2026-07-05,2026,2026-07,0,96,282.8
236176,P19,Occidente,2026-07-06,2026,2026-07,14.4,96,297.2
236176,P19,Occidente,2026-07-07,2026,2026-07,0.2,96,297.4
236176,P19,Occidente,2026-07-08,2026,2026-07,11,94,308.4
236176,P19,Occidente,2026-07-09,2026,2026-07,1.6,93,310
236176,P19,Occidente,2026-07-10,2026,2026-07,20.8,96,330.8
236176,P19,Occidente,2026-07-11,2026,2026-07,0,96,330.8
236176,P19,Occidente,2026-07-12,2026,2026-07,2.4,96,333.2
236176,P19,Occidente,2026-07-13,2026,2026-07,22.8,96,356
236176,P19,Occidente,2026-07-14,2026,2026-07,0,96,356
236176,P19,Occidente,2026-07-15,2026,2026-07,0,96,356
236176,P19,Occidente,2026-07-16,2026,2026-07,0,96,356
236176,P19,Occidente,2026-07-17,2026,2026-07,0,96,356
236176,P19,Occidente,2026-07-18,2026,2026-07,8.6,96,364.6
236176,P19,Occidente,2026-07-19,2026,2026-07,0,96,364.6
236176,P19,Occidente,2026-07-20,2026,2026-07,3,96,367.6
236176,P19,Occidente,2026-07-21,2026,2026-07,0,92,367.6
236176,P19,Occidente,2026-07-22,2026,2026-07,0,88,367.6
236176,P19,Occidente,2026-07-23,2026,2026-07,1,96,368.6
236176,P19,Occidente,2026-07-24,2026,2026-07,0,96,368.6
236176,P19,Occidente,2026-07-25,2026,2026-07,0,96,368.6
236176,P19,Occidente,2026-07-26,2026,2026-07,25,96,393.6
236176,P19,Occidente,2026-07-27,2026,2026-07,0.2,96,393.8
236176,P19,Occidente,2026-07-28,2026,2026-07,0,96,393.8
236176,P19,Occidente,2026-07-29,2026,2026-07,6,96,399.8
236176,P19,Occidente,2026-07-30,2026,2026-07,0,96,399.8
236176,P19,Occidente,2026-07-31,2026,2026-07,4,96,403.8
236176,P19,Occidente,2026-08-01,2026,2026-08,0,96,403.8
236176,P19,Occidente,2026-08-02,2026,2026-08,0,89,403.8
237976,Y05,Occidente,2026-05-26,2026,2026-05,7,95,7
237976,Y05,Occidente,2026-05-27,2026,2026-05,11.4,96,18.4
237976,Y05,Occidente,2026-05-28,2026,2026-05,0,96,18.4
237976,Y05,Occidente,2026-05-29,2026,2026-05,0,96,18.4
237976,Y05,Occidente,2026-05-30,2026,2026-05,0,96,18.4
237976,Y05,Occidente,2026-05-31,2026,2026-05,1.6,96,20
237976,Y05,Occidente,2026-06-01,2026,2026-06,1.2,96,21.2
237976,Y05,Occidente,2026-06-02,2026,2026-06,18.2,96,39.4
237976,Y05,Occidente,2026-06-03,2026,2026-06,10,96,49.4
237976,Y05,Occidente,2026-06-04,2026,2026-06,0,96,49.4
237976,Y05,Occidente,2026-06-05,2026,2026-06,1.8,96,51.2
237976,Y05,Occidente,2026-06-06,2026,2026-06,3,72,54.2
237976,Y05,Occidente,2026-06-07,2026,2026-06,1,96,55.2
237976,Y05,Occidente,2026-06-08,2026,2026-06,3.4,79,58.6
237976,Y05,Occidente,2026-06-09,2026,2026-06,0,79,58.6
237976,Y05,Occidente,2026-06-10,2026,2026-06,0.6,96,59.2
237976,Y05,Occidente,2026-06-11,2026,2026-06,6,96,65.2
237976,Y05,Occidente,2026-06-12,2026,2026-06,0,69,65.2
237976,Y05,Occidente,2026-06-13,2026,2026-06,0,96,65.2
237976,Y05,Occidente,2026-06-14,2026,2026-06,0,96,65.2
237976,Y05,Occidente,2026-06-15,2026,2026-06,0,89,65.2
237976,Y05,Occidente,2026-06-16,2026,2026-06,0,70,65.2
237976,Y05,Occidente,2026-06-17,2026,2026-06,0.4,77,65.6
237976,Y05,Occidente,2026-06-18,2026,2026-06,1.8,96,67.4
237976,Y05,Occidente,2026-06-19,2026,2026-06,17,96,84.4
237976,Y05,Occidente,2026-06-20,2026,2026-06,0,56,84.4
237976,Y05,Occidente,2026-06-21,2026,2026-06,0,90,84.4
237976,Y05,Occidente,2026-06-22,2026,2026-06,9.6,96,94
237976,Y05,Occidente,2026-06-23,2026,2026-06,0,93,94
237976,Y05,Occidente,2026-06-24,2026,2026-06,0.8,95,94.8
237976,Y05,Occidente,2026-06-25,2026,2026-06,1,86,95.8
237976,Y05,Occidente,2026-06-26,2026,2026-06,0,87,95.8
237976,Y05,Occidente,2026-06-27,2026,2026-06,0,96,95.8
237976,Y05,Occidente,2026-06-28,2026,2026-06,0.4,89,96.2
237976,Y05,Occidente,2026-06-29,2026,2026-06,0,96,96.2
237976,Y05,Occidente,2026-06-30,2026,2026-06,2.2,94,98.4
237976,Y05,Occidente,2026-07-01,2026,2026-07,40.6,73,139
237976,Y05,Occidente,2026-07-02,2026,2026-07,11.4,76,150.4
237976,Y05,Occidente,2026-07-03,2026,2026-07,54.4,96,204.8
237976,Y05,Occidente,2026-07-04,2026,2026-07,0,96,204.8
237976,Y05,Occidente,2026-07-05,2026,2026-07,17.2,85,222
237976,Y05,Occidente,2026-07-06,2026,2026-07,9.2,96,231.2
237976,Y05,Occidente,2026-07-07,2026,2026-07,7,96,238.2
237976,Y05,Occidente,2026-07-08,2026,2026-07,5.8,96,244
237976,Y05,Occidente,2026-07-09,2026,2026-07,3.4,96,247.4
237976,Y05,Occidente,2026-07-10,2026,2026-07,1,96,248.4
237976,Y05,Occidente,2026-07-11,2026,2026-07,10.6,96,259
237976,Y05,Occidente,2026-07-12,2026,2026-07,2,79,261
237976,Y05,Occidente,2026-07-13,2026,2026-07,3,96,264
237976,Y05,Occidente,2026-07-14,2026,2026-07,1.6,95,265.6
237976,Y05,Occidente,2026-07-15,2026,2026-07,1.8,80,267.4
237976,Y05,Occidente,2026-07-16,2026,2026-07,4.2,96,271.6
237976,Y05,Occidente,2026-07-17,2026,2026-07,2,96,273.6
237976,Y05,Occidente,2026-07-18,2026,2026-07,1.4,93,275
237976,Y05,Occidente,2026-07-19,2026,2026-07,22,96,297
237976,Y05,Occidente,2026-07-20,2026,2026-07,30,93,327
237976,Y05,Occidente,2026-07-21,2026,2026-07,0.4,96,327.4
237976,Y05,Occidente,2026-07-22,2026,2026-07,0,96,327.4
237976,Y05,Occidente,2026-07-23,2026,2026-07,20.8,91,348.2
237976,Y05,Occidente,2026-07-24,2026,2026-07,2.4,96,350.6
237976,Y05,Occidente,2026-07-25,2026,2026-07,15.8,92,366.4
237976,Y05,Occidente,2026-07-26,2026,2026-07,18.6,96,385
237976,Y05,Occidente,2026-07-27,2026,2026-07,0,94,385
237976,Y05,Occidente,2026-07-28,2026,2026-07,3.4,86,388.4
237976,Y05,Occidente,2026-07-29,2026,2026-07,4.6,82,393
237976,Y05,Occidente,2026-07-30,2026,2026-07,8.4,76,401.4
237976,Y05,Occidente,2026-07-31,2026,2026-07,23,96,424.4
237976,Y05,Occidente,2026-08-01,2026,2026-08,0,96,424.4
237976,Y05,Occidente,2026-08-02,2026,2026-08,0,46,424.4
238060,Y06,Occidente,2026-05-26,2026,2026-05,8,95,8
238060,Y06,Occidente,2026-05-27,2026,2026-05,13.8,96,21.8
238060,Y06,Occidente,2026-05-28,2026,2026-05,0,96,21.8
238060,Y06,Occidente,2026-05-29,2026,2026-05,0,96,21.8
238060,Y06,Occidente,2026-05-30,2026,2026-05,0,96,21.8
238060,Y06,Occidente,2026-05-31,2026,2026-05,0.6,96,22.4
238060,Y06,Occidente,2026-06-01,2026,2026-06,0.6,96,23
238060,Y06,Occidente,2026-06-02,2026,2026-06,6,96,29
238060,Y06,Occidente,2026-06-03,2026,2026-06,14.8,96,43.8
238060,Y06,Occidente,2026-06-04,2026,2026-06,2.2,96,46
238060,Y06,Occidente,2026-06-05,2026,2026-06,1,96,47
238060,Y06,Occidente,2026-06-06,2026,2026-06,0,96,47
238060,Y06,Occidente,2026-06-07,2026,2026-06,1.2,96,48.2
238060,Y06,Occidente,2026-06-08,2026,2026-06,4,96,52.2
238060,Y06,Occidente,2026-06-09,2026,2026-06,4.6,96,56.8
238060,Y06,Occidente,2026-06-10,2026,2026-06,0,96,56.8
238060,Y06,Occidente,2026-06-11,2026,2026-06,7.8,96,64.6
238060,Y06,Occidente,2026-06-12,2026,2026-06,0.2,83,64.8
238060,Y06,Occidente,2026-06-13,2026,2026-06,0,96,64.8
238060,Y06,Occidente,2026-06-14,2026,2026-06,0,96,64.8
238060,Y06,Occidente,2026-06-15,2026,2026-06,1.6,96,66.4
238060,Y06,Occidente,2026-06-16,2026,2026-06,0,96,66.4
238060,Y06,Occidente,2026-06-17,2026,2026-06,0.4,96,66.8
238060,Y06,Occidente,2026-06-18,2026,2026-06,4.2,76,71
238060,Y06,Occidente,2026-06-19,2026,2026-06,9.8,96,80.8
238060,Y06,Occidente,2026-06-20,2026,2026-06,1.4,96,82.2
238060,Y06,Occidente,2026-06-21,2026,2026-06,2,96,84.2
238060,Y06,Occidente,2026-06-22,2026,2026-06,12.8,96,97
238060,Y06,Occidente,2026-06-23,2026,2026-06,0,96,97
238060,Y06,Occidente,2026-06-24,2026,2026-06,0.4,95,97.4
238060,Y06,Occidente,2026-06-25,2026,2026-06,0.2,51,97.6
238060,Y06,Occidente,2026-06-26,2026,2026-06,0,63,97.6
238060,Y06,Occidente,2026-06-27,2026,2026-06,0,95,97.6
238060,Y06,Occidente,2026-06-28,2026,2026-06,2,80,99.6
238060,Y06,Occidente,2026-06-29,2026,2026-06,0,79,99.6
238060,Y06,Occidente,2026-06-30,2026,2026-06,0,89,99.6
238060,Y06,Occidente,2026-07-01,2026,2026-07,32.6,93,132.2
238060,Y06,Occidente,2026-07-02,2026,2026-07,33,96,165.2
238060,Y06,Occidente,2026-07-03,2026,2026-07,54.4,90,219.6
238060,Y06,Occidente,2026-07-04,2026,2026-07,2.8,96,222.4
238060,Y06,Occidente,2026-07-05,2026,2026-07,0,90,222.4
238060,Y06,Occidente,2026-07-06,2026,2026-07,41.2,94,263.6
238060,Y06,Occidente,2026-07-07,2026,2026-07,0.6,96,264.2
238060,Y06,Occidente,2026-07-08,2026,2026-07,6.8,96,271
238060,Y06,Occidente,2026-07-09,2026,2026-07,4,86,275
238060,Y06,Occidente,2026-07-10,2026,2026-07,1.4,77,276.4
238060,Y06,Occidente,2026-07-11,2026,2026-07,9,96,285.4
238060,Y06,Occidente,2026-07-12,2026,2026-07,0.2,96,285.6
238060,Y06,Occidente,2026-07-13,2026,2026-07,4.8,96,290.4
238060,Y06,Occidente,2026-07-14,2026,2026-07,24,96,314.4
238060,Y06,Occidente,2026-07-15,2026,2026-07,0.4,96,314.8
238060,Y06,Occidente,2026-07-16,2026,2026-07,1,96,315.8
238060,Y06,Occidente,2026-07-17,2026,2026-07,0,82,315.8
238060,Y06,Occidente,2026-07-18,2026,2026-07,6.4,88,322.2
238060,Y06,Occidente,2026-07-19,2026,2026-07,16.8,96,339
238060,Y06,Occidente,2026-07-20,2026,2026-07,33.2,95,372.2
238060,Y06,Occidente,2026-07-21,2026,2026-07,0,96,372.2
238060,Y06,Occidente,2026-07-22,2026,2026-07,0,96,372.2
238060,Y06,Occidente,2026-07-23,2026,2026-07,16.2,96,388.4
238060,Y06,Occidente,2026-07-24,2026,2026-07,0,82,388.4
238060,Y06,Occidente,2026-07-25,2026,2026-07,23,95,411.4
238060,Y06,Occidente,2026-07-26,2026,2026-07,5,96,416.4
238060,Y06,Occidente,2026-07-27,2026,2026-07,0,96,416.4
238060,Y06,Occidente,2026-07-28,2026,2026-07,0,94,416.4
238060,Y06,Occidente,2026-07-29,2026,2026-07,0,95,416.4
238060,Y06,Occidente,2026-07-30,2026,2026-07,23.8,96,440.2
238060,Y06,Occidente,2026-07-31,2026,2026-07,29.4,77,469.6
238060,Y06,Occidente,2026-08-01,2026,2026-08,2,96,471.6
238060,Y06,Occidente,2026-08-02,2026,2026-08,0,89,471.6
238308,G09,Oriente,2026-05-27,2026,2026-05,0,29,0
238308,G09,Oriente,2026-05-28,2026,2026-05,0,96,0
238308,G09,Oriente,2026-05-29,2026,2026-05,0,96,0
238308,G09,Oriente,2026-05-30,2026,2026-05,0.6,96,0.6
238308,G09,Oriente,2026-05-31,2026,2026-05,10.8,96,11.4
238308,G09,Oriente,2026-06-01,2026,2026-06,0.2,96,11.6
238308,G09,Oriente,2026-06-02,2026,2026-06,5.4,96,17
238308,G09,Oriente,2026-06-03,2026,2026-06,1,96,18
238308,G09,Oriente,2026-06-04,2026,2026-06,28.8,96,46.8
238308,G09,Oriente,2026-06-05,2026,2026-06,1.8,95,48.6
238308,G09,Oriente,2026-06-06,2026,2026-06,4,96,52.6
238308,G09,Oriente,2026-06-07,2026,2026-06,16.4,96,69
238308,G09,Oriente,2026-06-08,2026,2026-06,9.2,96,78.2
238308,G09,Oriente,2026-06-09,2026,2026-06,7.2,92,85.4
238308,G09,Oriente,2026-06-10,2026,2026-06,0,95,85.4
238308,G09,Oriente,2026-06-11,2026,2026-06,11,95,96.4
238308,G09,Oriente,2026-06-12,2026,2026-06,0.6,92,97
238308,G09,Oriente,2026-06-13,2026,2026-06,0,87,97
238308,G09,Oriente,2026-06-14,2026,2026-06,4.4,91,101.4
238308,G09,Oriente,2026-06-15,2026,2026-06,0.8,96,102.2
238308,G09,Oriente,2026-06-16,2026,2026-06,0,80,102.2
238308,G09,Oriente,2026-06-17,2026,2026-06,3,94,105.2
238308,G09,Oriente,2026-06-18,2026,2026-06,3.6,96,108.8
238308,G09,Oriente,2026-06-19,2026,2026-06,8.4,96,117.2
238308,G09,Oriente,2026-06-20,2026,2026-06,0,96,117.2
238308,G09,Oriente,2026-06-21,2026,2026-06,0,89,117.2
238308,G09,Oriente,2026-06-22,2026,2026-06,0,91,117.2
238308,G09,Oriente,2026-06-23,2026,2026-06,0,92,117.2
238308,G09,Oriente,2026-06-24,2026,2026-06,32.4,88,149.6
238308,G09,Oriente,2026-06-25,2026,2026-06,0,95,149.6
238308,G09,Oriente,2026-06-26,2026,2026-06,0,93,149.6
238308,G09,Oriente,2026-06-27,2026,2026-06,0,92,149.6
238308,G09,Oriente,2026-06-28,2026,2026-06,3,91,152.6
238308,G09,Oriente,2026-06-29,2026,2026-06,0,90,152.6
238308,G09,Oriente,2026-06-30,2026,2026-06,0.2,59,152.8
238308,G09,Oriente,2026-07-01,2026,2026-07,0,91,152.8
238308,G09,Oriente,2026-07-02,2026,2026-07,5.2,83,158
238308,G09,Oriente,2026-07-03,2026,2026-07,1,94,159
238308,G09,Oriente,2026-07-04,2026,2026-07,0,95,159
238308,G09,Oriente,2026-07-05,2026,2026-07,11.6,90,170.6
238308,G09,Oriente,2026-07-06,2026,2026-07,6,68,176.6
238308,G09,Oriente,2026-07-07,2026,2026-07,5.8,89,182.4
238308,G09,Oriente,2026-07-08,2026,2026-07,0,68,182.4
238308,G09,Oriente,2026-07-09,2026,2026-07,0,80,182.4
238308,G09,Oriente,2026-07-10,2026,2026-07,0,91,182.4
238308,G09,Oriente,2026-07-11,2026,2026-07,4,96,186.4
238308,G09,Oriente,2026-07-12,2026,2026-07,5,89,191.4
238308,G09,Oriente,2026-07-13,2026,2026-07,0.2,73,191.6
238308,G09,Oriente,2026-07-14,2026,2026-07,0,87,191.6
238308,G09,Oriente,2026-07-15,2026,2026-07,0,85,191.6
238308,G09,Oriente,2026-07-16,2026,2026-07,0.2,78,191.8
238308,G09,Oriente,2026-07-17,2026,2026-07,0,90,191.8
238308,G09,Oriente,2026-07-18,2026,2026-07,7.4,81,199.2
238308,G09,Oriente,2026-07-19,2026,2026-07,0,91,199.2
238308,G09,Oriente,2026-07-20,2026,2026-07,5.6,83,204.8
238308,G09,Oriente,2026-07-21,2026,2026-07,7.6,87,212.4
238308,G09,Oriente,2026-07-22,2026,2026-07,0.4,86,212.8
238308,G09,Oriente,2026-07-23,2026,2026-07,0,91,212.8
238308,G09,Oriente,2026-07-24,2026,2026-07,0,95,212.8
238308,G09,Oriente,2026-07-25,2026,2026-07,3.6,90,216.4
238308,G09,Oriente,2026-07-26,2026,2026-07,0.2,91,216.6
238308,G09,Oriente,2026-07-27,2026,2026-07,0,85,216.6
238339,G10,Oriente,2026-05-27,2026,2026-05,0,13,0
238339,G10,Oriente,2026-05-28,2026,2026-05,0,96,0
238339,G10,Oriente,2026-05-29,2026,2026-05,0,96,0
238339,G10,Oriente,2026-05-30,2026,2026-05,12.2,96,12.2
238339,G10,Oriente,2026-05-31,2026,2026-05,11,96,23.2
238339,G10,Oriente,2026-06-01,2026,2026-06,5.8,96,29
238339,G10,Oriente,2026-06-02,2026,2026-06,6.6,96,35.6
238339,G10,Oriente,2026-06-03,2026,2026-06,0,96,35.6
238339,G10,Oriente,2026-06-04,2026,2026-06,24.8,96,60.4
238339,G10,Oriente,2026-06-05,2026,2026-06,0.8,96,61.2
238339,G10,Oriente,2026-06-06,2026,2026-06,0,96,61.2
238339,G10,Oriente,2026-06-07,2026,2026-06,0.6,95,61.8
238339,G10,Oriente,2026-06-08,2026,2026-06,0.4,47,62.2
238339,G10,Oriente,2026-06-09,2026,2026-06,5.8,96,68
238339,G10,Oriente,2026-06-10,2026,2026-06,0,96,68
238339,G10,Oriente,2026-06-11,2026,2026-06,8.8,93,76.8
238339,G10,Oriente,2026-06-12,2026,2026-06,1.4,96,78.2
238339,G10,Oriente,2026-06-13,2026,2026-06,0,96,78.2
238339,G10,Oriente,2026-06-14,2026,2026-06,11,90,89.2
238339,G10,Oriente,2026-06-15,2026,2026-06,0.6,96,89.8
238339,G10,Oriente,2026-06-16,2026,2026-06,1,91,90.8
238339,G10,Oriente,2026-06-17,2026,2026-06,24.6,96,115.4
238339,G10,Oriente,2026-06-18,2026,2026-06,13.6,80,129
238339,G10,Oriente,2026-06-19,2026,2026-06,0.2,80,129.2
238339,G10,Oriente,2026-06-20,2026,2026-06,2,91,131.2
238339,G10,Oriente,2026-06-21,2026,2026-06,0.2,87,131.4
238339,G10,Oriente,2026-06-22,2026,2026-06,0,48,131.4
238339,G10,Oriente,2026-06-23,2026,2026-06,0,92,131.4
238339,G10,Oriente,2026-06-24,2026,2026-06,22.2,96,153.6
238339,G10,Oriente,2026-06-25,2026,2026-06,0,91,153.6
238339,G10,Oriente,2026-06-26,2026,2026-06,0,96,153.6
238339,G10,Oriente,2026-06-27,2026,2026-06,0,86,153.6
238339,G10,Oriente,2026-06-28,2026,2026-06,0,31,153.6
238339,G10,Oriente,2026-06-29,2026,2026-06,0,87,153.6
238339,G10,Oriente,2026-06-30,2026,2026-06,1,37,154.6
238339,G10,Oriente,2026-07-01,2026,2026-07,0,95,154.6
238339,G10,Oriente,2026-07-02,2026,2026-07,0,10,154.6
238339,G10,Oriente,2026-07-04,2026,2026-07,2.2,51,156.8
238339,G10,Oriente,2026-07-05,2026,2026-07,11.6,92,168.4
238339,G10,Oriente,2026-07-06,2026,2026-07,14.6,92,183
238339,G10,Oriente,2026-07-07,2026,2026-07,3.4,92,186.4
238339,G10,Oriente,2026-07-08,2026,2026-07,0.4,93,186.8
238339,G10,Oriente,2026-07-09,2026,2026-07,2,95,188.8
238339,G10,Oriente,2026-07-10,2026,2026-07,3.6,45,192.4
238339,G10,Oriente,2026-07-11,2026,2026-07,15,96,207.4
238339,G10,Oriente,2026-07-12,2026,2026-07,39.4,96,246.8
238339,G10,Oriente,2026-07-13,2026,2026-07,0.4,96,247.2
238339,G10,Oriente,2026-07-14,2026,2026-07,0,96,247.2
238339,G10,Oriente,2026-07-15,2026,2026-07,7.2,96,254.4
238339,G10,Oriente,2026-07-16,2026,2026-07,0.6,95,255
238339,G10,Oriente,2026-07-17,2026,2026-07,13.6,96,268.6
238339,G10,Oriente,2026-07-18,2026,2026-07,12.2,95,280.8
238339,G10,Oriente,2026-07-19,2026,2026-07,0,94,280.8
238339,G10,Oriente,2026-07-20,2026,2026-07,4.6,81,285.4
238339,G10,Oriente,2026-07-21,2026,2026-07,0,56,285.4
238339,G10,Oriente,2026-07-22,2026,2026-07,1.2,89,286.6
238339,G10,Oriente,2026-07-23,2026,2026-07,0.2,87,286.8
238339,G10,Oriente,2026-07-24,2026,2026-07,0,94,286.8
238339,G10,Oriente,2026-07-25,2026,2026-07,18.2,84,305
238339,G10,Oriente,2026-07-26,2026,2026-07,0.2,96,305.2
238339,G10,Oriente,2026-07-27,2026,2026-07,0.2,83,305.4
238339,G10,Oriente,2026-07-28,2026,2026-07,5.2,85,310.6
238339,G10,Oriente,2026-07-29,2026,2026-07,9.4,95,320
238339,G10,Oriente,2026-07-30,2026,2026-07,6,96,326
238339,G10,Oriente,2026-07-31,2026,2026-07,0,90,326
238339,G10,Oriente,2026-08-01,2026,2026-08,0,95,326
238339,G10,Oriente,2026-08-02,2026,2026-08,0,8,326
238350,G11,Oriente,2026-05-27,2026,2026-05,0,5,0
238350,G11,Oriente,2026-05-28,2026,2026-05,0,96,0
238350,G11,Oriente,2026-05-29,2026,2026-05,0,96,0
238350,G11,Oriente,2026-05-30,2026,2026-05,20.8,96,20.8
238350,G11,Oriente,2026-05-31,2026,2026-05,10.6,96,31.4
238350,G11,Oriente,2026-06-01,2026,2026-06,0,96,31.4
238350,G11,Oriente,2026-06-02,2026,2026-06,6.4,96,37.8
238350,G11,Oriente,2026-06-03,2026,2026-06,0,96,37.8
238350,G11,Oriente,2026-06-04,2026,2026-06,7.2,96,45
238350,G11,Oriente,2026-06-05,2026,2026-06,1,79,46
238350,G11,Oriente,2026-06-06,2026,2026-06,1.4,61,47.4
238350,G11,Oriente,2026-06-07,2026,2026-06,16.2,54,63.6
238350,G11,Oriente,2026-06-08,2026,2026-06,6.2,72,69.8
238350,G11,Oriente,2026-06-09,2026,2026-06,0,70,69.8
238350,G11,Oriente,2026-06-10,2026,2026-06,0,69,69.8
238350,G11,Oriente,2026-06-11,2026,2026-06,0.8,35,70.6
238350,G11,Oriente,2026-06-12,2026,2026-06,2,95,72.6
238350,G11,Oriente,2026-06-13,2026,2026-06,0,95,72.6
238350,G11,Oriente,2026-06-14,2026,2026-06,9.4,87,82
238350,G11,Oriente,2026-06-15,2026,2026-06,1.4,86,83.4
238350,G11,Oriente,2026-06-16,2026,2026-06,0.4,82,83.8
238350,G11,Oriente,2026-06-17,2026,2026-06,3.6,81,87.4
238350,G11,Oriente,2026-06-18,2026,2026-06,1.2,72,88.6
238350,G11,Oriente,2026-06-19,2026,2026-06,1.4,77,90
238350,G11,Oriente,2026-06-20,2026,2026-06,0,78,90
238350,G11,Oriente,2026-06-21,2026,2026-06,0.8,47,90.8
238350,G11,Oriente,2026-06-22,2026,2026-06,0,40,90.8
238350,G11,Oriente,2026-06-23,2026,2026-06,0,63,90.8
238350,G11,Oriente,2026-06-24,2026,2026-06,0.2,85,91
238383,G12,Oriente,2026-05-31,2026,2026-05,8.4,95,8.4
238383,G12,Oriente,2026-06-01,2026,2026-06,0,96,8.4
238383,G12,Oriente,2026-06-02,2026,2026-06,5,96,13.4
238383,G12,Oriente,2026-06-03,2026,2026-06,7,96,20.4
238383,G12,Oriente,2026-06-04,2026,2026-06,23,96,43.4
238383,G12,Oriente,2026-06-05,2026,2026-06,1.6,96,45
238383,G12,Oriente,2026-06-06,2026,2026-06,5.6,96,50.6
238383,G12,Oriente,2026-06-07,2026,2026-06,0,96,50.6
238383,G12,Oriente,2026-06-08,2026,2026-06,13.2,96,63.8
238383,G12,Oriente,2026-06-09,2026,2026-06,0,92,63.8
238383,G12,Oriente,2026-06-10,2026,2026-06,0,95,63.8
238383,G12,Oriente,2026-06-11,2026,2026-06,33.6,95,97.4
238383,G12,Oriente,2026-06-12,2026,2026-06,1.8,92,99.2
238383,G12,Oriente,2026-06-13,2026,2026-06,0,87,99.2
238383,G12,Oriente,2026-06-14,2026,2026-06,5.4,95,104.6
238383,G12,Oriente,2026-06-15,2026,2026-06,3.4,96,108
238383,G12,Oriente,2026-06-16,2026,2026-06,0.6,80,108.6
238383,G12,Oriente,2026-06-17,2026,2026-06,0,95,108.6
238383,G12,Oriente,2026-06-18,2026,2026-06,7.2,96,115.8
238383,G12,Oriente,2026-06-19,2026,2026-06,0,96,115.8
238383,G12,Oriente,2026-06-20,2026,2026-06,8.8,79,124.6
238383,G12,Oriente,2026-06-21,2026,2026-06,0,89,124.6
238383,G12,Oriente,2026-06-22,2026,2026-06,0,91,124.6
238383,G12,Oriente,2026-06-23,2026,2026-06,0,92,124.6
238383,G12,Oriente,2026-06-24,2026,2026-06,10.4,88,135
238383,G12,Oriente,2026-06-25,2026,2026-06,0,95,135
238383,G12,Oriente,2026-06-26,2026,2026-06,0,77,135
238383,G12,Oriente,2026-06-27,2026,2026-06,0,60,135
238383,G12,Oriente,2026-06-28,2026,2026-06,13,91,148
238383,G12,Oriente,2026-06-29,2026,2026-06,0,90,148
238383,G12,Oriente,2026-06-30,2026,2026-06,0,63,148
238383,G12,Oriente,2026-07-01,2026,2026-07,5,91,153
238383,G12,Oriente,2026-07-02,2026,2026-07,0,83,153
238383,G12,Oriente,2026-07-03,2026,2026-07,4.8,94,157.8
238383,G12,Oriente,2026-07-04,2026,2026-07,0,86,157.8
238383,G12,Oriente,2026-07-05,2026,2026-07,5.4,84,163.2
238383,G12,Oriente,2026-07-06,2026,2026-07,0,24,163.2
238383,G12,Oriente,2026-07-07,2026,2026-07,0,89,163.2
238383,G12,Oriente,2026-07-08,2026,2026-07,0,68,163.2
238383,G12,Oriente,2026-07-09,2026,2026-07,0,80,163.2
238383,G12,Oriente,2026-07-10,2026,2026-07,1.6,91,164.8
238383,G12,Oriente,2026-07-11,2026,2026-07,0.2,96,165
238383,G12,Oriente,2026-07-12,2026,2026-07,4.2,89,169.2
238383,G12,Oriente,2026-07-13,2026,2026-07,3,85,172.2
238383,G12,Oriente,2026-07-14,2026,2026-07,0,87,172.2
238383,G12,Oriente,2026-07-15,2026,2026-07,0,85,172.2
238383,G12,Oriente,2026-07-16,2026,2026-07,0,78,172.2
238383,G12,Oriente,2026-07-17,2026,2026-07,0,86,172.2
238383,G12,Oriente,2026-07-18,2026,2026-07,11.2,81,183.4
238383,G12,Oriente,2026-07-19,2026,2026-07,0,91,183.4
238383,G12,Oriente,2026-07-20,2026,2026-07,4.4,90,187.8
238383,G12,Oriente,2026-07-21,2026,2026-07,0,87,187.8
238383,G12,Oriente,2026-07-22,2026,2026-07,4.4,91,192.2
238383,G12,Oriente,2026-07-23,2026,2026-07,0,90,192.2
238383,G12,Oriente,2026-07-24,2026,2026-07,0.2,91,192.4
238383,G12,Oriente,2026-07-25,2026,2026-07,3.4,90,195.8
238383,G12,Oriente,2026-07-26,2026,2026-07,0,91,195.8
238383,G12,Oriente,2026-07-27,2026,2026-07,0,96,195.8
238383,G12,Oriente,2026-07-28,2026,2026-07,0,96,195.8
238383,G12,Oriente,2026-07-29,2026,2026-07,20.4,96,216.2
238383,G12,Oriente,2026-07-30,2026,2026-07,0.4,78,216.6
238383,G12,Oriente,2026-07-31,2026,2026-07,0,81,216.6
238383,G12,Oriente,2026-08-01,2026,2026-08,0,96,216.6
238383,G12,Oriente,2026-08-02,2026,2026-08,0,64,216.6
238407,G13,Oriente,2026-05-28,2026,2026-05,0,13,0
238407,G13,Oriente,2026-05-29,2026,2026-05,0,96,0
238407,G13,Oriente,2026-05-30,2026,2026-05,37.6,96,37.6
238407,G13,Oriente,2026-05-31,2026,2026-05,7,96,44.6
238407,G13,Oriente,2026-06-01,2026,2026-06,0,96,44.6
238407,G13,Oriente,2026-06-02,2026,2026-06,1.6,96,46.2
238407,G13,Oriente,2026-06-03,2026,2026-06,2.2,96,48.4
238407,G13,Oriente,2026-06-04,2026,2026-06,7.4,96,55.8
238407,G13,Oriente,2026-06-05,2026,2026-06,3.6,96,59.4
238407,G13,Oriente,2026-06-06,2026,2026-06,0.6,94,60
238407,G13,Oriente,2026-06-07,2026,2026-06,0.8,89,60.8
238407,G13,Oriente,2026-06-08,2026,2026-06,4.4,96,65.2
238407,G13,Oriente,2026-06-09,2026,2026-06,0,96,65.2
238407,G13,Oriente,2026-06-10,2026,2026-06,0,81,65.2
238407,G13,Oriente,2026-06-11,2026,2026-06,49,92,114.2
238407,G13,Oriente,2026-06-12,2026,2026-06,6.6,96,120.8
238407,G13,Oriente,2026-06-13,2026,2026-06,0,92,120.8
238407,G13,Oriente,2026-06-14,2026,2026-06,4.6,95,125.4
238407,G13,Oriente,2026-06-15,2026,2026-06,0.8,96,126.2
238407,G13,Oriente,2026-06-16,2026,2026-06,1.8,96,128
238407,G13,Oriente,2026-06-17,2026,2026-06,12.6,96,140.6
238407,G13,Oriente,2026-06-18,2026,2026-06,7.8,90,148.4
238407,G13,Oriente,2026-06-19,2026,2026-06,7,87,155.4
238407,G13,Oriente,2026-06-20,2026,2026-06,37.6,96,193
238407,G13,Oriente,2026-06-21,2026,2026-06,0,88,193
238407,G13,Oriente,2026-06-22,2026,2026-06,0,88,193
238407,G13,Oriente,2026-06-23,2026,2026-06,0,94,193
238407,G13,Oriente,2026-06-24,2026,2026-06,28.6,96,221.6
238407,G13,Oriente,2026-06-25,2026,2026-06,0.2,96,221.8
238407,G13,Oriente,2026-06-26,2026,2026-06,0,96,221.8
238407,G13,Oriente,2026-06-27,2026,2026-06,0,96,221.8
238407,G13,Oriente,2026-06-28,2026,2026-06,7,96,228.8
238407,G13,Oriente,2026-06-29,2026,2026-06,0,94,228.8
238407,G13,Oriente,2026-06-30,2026,2026-06,9.4,47,238.2
238407,G13,Oriente,2026-07-01,2026,2026-07,0,96,238.2
238407,G13,Oriente,2026-07-02,2026,2026-07,5.4,93,243.6
238407,G13,Oriente,2026-07-03,2026,2026-07,21.4,39,265
238407,G13,Oriente,2026-07-04,2026,2026-07,0.4,96,265.4
238407,G13,Oriente,2026-07-05,2026,2026-07,5,82,270.4
238407,G13,Oriente,2026-07-06,2026,2026-07,0.4,15,270.8
238407,G13,Oriente,2026-07-07,2026,2026-07,2.8,62,273.6
238407,G13,Oriente,2026-07-08,2026,2026-07,1.4,91,275
238407,G13,Oriente,2026-07-09,2026,2026-07,0,95,275
238407,G13,Oriente,2026-07-10,2026,2026-07,0.2,96,275.2
238407,G13,Oriente,2026-07-11,2026,2026-07,2.2,94,277.4
238407,G13,Oriente,2026-07-12,2026,2026-07,25,85,302.4
238407,G13,Oriente,2026-07-13,2026,2026-07,1.2,92,303.6
238407,G13,Oriente,2026-07-17,2026,2026-07,0,81,303.6
238407,G13,Oriente,2026-07-18,2026,2026-07,24.4,84,328
238407,G13,Oriente,2026-07-19,2026,2026-07,0,87,328
238407,G13,Oriente,2026-07-20,2026,2026-07,2.4,77,330.4
238407,G13,Oriente,2026-07-21,2026,2026-07,0,86,330.4
238407,G13,Oriente,2026-07-22,2026,2026-07,3.8,90,334.2
238407,G13,Oriente,2026-07-23,2026,2026-07,0,84,334.2
238407,G13,Oriente,2026-07-24,2026,2026-07,0,95,334.2
238407,G13,Oriente,2026-07-25,2026,2026-07,6.4,83,340.6
238407,G13,Oriente,2026-07-26,2026,2026-07,0.2,93,340.8
238407,G13,Oriente,2026-07-27,2026,2026-07,0,91,340.8
238407,G13,Oriente,2026-07-28,2026,2026-07,0,87,340.8
238407,G13,Oriente,2026-07-29,2026,2026-07,0,76,340.8
238407,G13,Oriente,2026-07-30,2026,2026-07,3.6,60,344.4
238407,G13,Oriente,2026-07-31,2026,2026-07,5.2,92,349.6
238407,G13,Oriente,2026-08-01,2026,2026-08,0,95,349.6
238407,G13,Oriente,2026-08-02,2026,2026-08,0,78,349.6
238570,Y07,Occidente,2026-05-31,2026,2026-05,0,26,0
238570,Y07,Occidente,2026-06-01,2026,2026-06,9.8,96,9.8
238570,Y07,Occidente,2026-06-02,2026,2026-06,8.2,96,18
238570,Y07,Occidente,2026-06-03,2026,2026-06,2.8,96,20.8
238570,Y07,Occidente,2026-06-04,2026,2026-06,0.8,96,21.6
238570,Y07,Occidente,2026-06-05,2026,2026-06,0.2,96,21.8
238570,Y07,Occidente,2026-06-06,2026,2026-06,14.6,96,36.4
238570,Y07,Occidente,2026-06-07,2026,2026-06,3.6,96,40
238570,Y07,Occidente,2026-06-08,2026,2026-06,8.6,96,48.6
238570,Y07,Occidente,2026-06-09,2026,2026-06,0,96,48.6
238570,Y07,Occidente,2026-06-10,2026,2026-06,0,79,48.6
238570,Y07,Occidente,2026-06-11,2026,2026-06,36.6,88,85.2
238570,Y07,Occidente,2026-06-12,2026,2026-06,0.2,73,85.4
238570,Y07,Occidente,2026-06-13,2026,2026-06,0,90,85.4
238570,Y07,Occidente,2026-06-14,2026,2026-06,0,96,85.4
238570,Y07,Occidente,2026-06-15,2026,2026-06,1.2,74,86.6
238570,Y07,Occidente,2026-06-16,2026,2026-06,3.2,95,89.8
238570,Y07,Occidente,2026-06-17,2026,2026-06,8.4,96,98.2
238570,Y07,Occidente,2026-06-18,2026,2026-06,1.4,93,99.6
238570,Y07,Occidente,2026-06-19,2026,2026-06,3.2,79,102.8
238570,Y07,Occidente,2026-06-20,2026,2026-06,0,84,102.8
238570,Y07,Occidente,2026-06-21,2026,2026-06,3.4,91,106.2
238570,Y07,Occidente,2026-06-22,2026,2026-06,1.8,95,108
238570,Y07,Occidente,2026-06-23,2026,2026-06,0,89,108
238570,Y07,Occidente,2026-06-24,2026,2026-06,2.4,96,110.4
238570,Y07,Occidente,2026-06-25,2026,2026-06,0,56,110.4
238570,Y07,Occidente,2026-06-26,2026,2026-06,0,52,110.4
238570,Y07,Occidente,2026-06-27,2026,2026-06,0,81,110.4
238570,Y07,Occidente,2026-06-28,2026,2026-06,0.2,96,110.6
238570,Y07,Occidente,2026-06-29,2026,2026-06,0,52,110.6
238570,Y07,Occidente,2026-06-30,2026,2026-06,0.4,58,111
238570,Y07,Occidente,2026-07-01,2026,2026-07,0.4,96,111.4
238570,Y07,Occidente,2026-07-02,2026,2026-07,0,96,111.4
238570,Y07,Occidente,2026-07-03,2026,2026-07,13.2,96,124.6
238570,Y07,Occidente,2026-07-04,2026,2026-07,0,96,124.6
238570,Y07,Occidente,2026-07-05,2026,2026-07,0,82,124.6
238570,Y07,Occidente,2026-07-06,2026,2026-07,0,25,124.6
238570,Y07,Occidente,2026-07-12,2026,2026-07,0,26,124.6
238570,Y07,Occidente,2026-07-13,2026,2026-07,0.4,79,125
238570,Y07,Occidente,2026-07-14,2026,2026-07,0.2,96,125.2
238570,Y07,Occidente,2026-07-15,2026,2026-07,0,96,125.2
238570,Y07,Occidente,2026-07-16,2026,2026-07,0,95,125.2
238570,Y07,Occidente,2026-07-17,2026,2026-07,0,76,125.2
238570,Y07,Occidente,2026-07-18,2026,2026-07,5.6,96,130.8
238570,Y07,Occidente,2026-07-19,2026,2026-07,0.4,73,131.2
238570,Y07,Occidente,2026-07-20,2026,2026-07,8,93,139.2
238570,Y07,Occidente,2026-07-21,2026,2026-07,0.2,96,139.4
238570,Y07,Occidente,2026-07-22,2026,2026-07,0,70,139.4
238570,Y07,Occidente,2026-07-23,2026,2026-07,31.4,96,170.8
238570,Y07,Occidente,2026-07-24,2026,2026-07,0,81,170.8
238570,Y07,Occidente,2026-07-25,2026,2026-07,0,96,170.8
238570,Y07,Occidente,2026-07-26,2026,2026-07,15.4,96,186.2
238570,Y07,Occidente,2026-07-27,2026,2026-07,0.2,96,186.4
238570,Y07,Occidente,2026-07-28,2026,2026-07,6,96,192.4
238570,Y07,Occidente,2026-07-29,2026,2026-07,5.2,95,197.6
238570,Y07,Occidente,2026-07-30,2026,2026-07,0.6,96,198.2
238570,Y07,Occidente,2026-07-31,2026,2026-07,22.6,96,220.8
238570,Y07,Occidente,2026-08-01,2026,2026-08,0,96,220.8
238570,Y07,Occidente,2026-08-02,2026,2026-08,0,51,220.8
241484,G14,Oriente,2026-07-06,2026,2026-07,0,7,0
241484,G14,Oriente,2026-07-07,2026,2026-07,6.6,96,6.6
241484,G14,Oriente,2026-07-08,2026,2026-07,10.92,96,17.52
241484,G14,Oriente,2026-07-09,2026,2026-07,0,96,17.52
241484,G14,Oriente,2026-07-10,2026,2026-07,0,96,17.52
241484,G14,Oriente,2026-07-11,2026,2026-07,36.81,96,54.33
241484,G14,Oriente,2026-07-12,2026,2026-07,0.76,96,55.09
241484,G14,Oriente,2026-07-13,2026,2026-07,11.68,96,66.77
241484,G14,Oriente,2026-07-14,2026,2026-07,0,96,66.77
241484,G14,Oriente,2026-07-15,2026,2026-07,0,96,66.77
241484,G14,Oriente,2026-07-16,2026,2026-07,0,96,66.77
241484,G14,Oriente,2026-07-17,2026,2026-07,0,96,66.77
241484,G14,Oriente,2026-07-18,2026,2026-07,9.63,96,76.4
241484,G14,Oriente,2026-07-19,2026,2026-07,0.25,96,76.65
241484,G14,Oriente,2026-07-20,2026,2026-07,0,96,76.65
241484,G14,Oriente,2026-07-21,2026,2026-07,0,96,76.65
241484,G14,Oriente,2026-07-22,2026,2026-07,0,96,76.65
241484,G14,Oriente,2026-07-23,2026,2026-07,0,96,76.65
241484,G14,Oriente,2026-07-24,2026,2026-07,0,96,76.65
241484,G14,Oriente,2026-07-25,2026,2026-07,2.78,96,79.43
241484,G14,Oriente,2026-07-26,2026,2026-07,0.76,96,80.19
241484,G14,Oriente,2026-07-27,2026,2026-07,0,94,80.19
241484,G14,Oriente,2026-07-28,2026,2026-07,0,72,80.19
241484,G14,Oriente,2026-07-29,2026,2026-07,5.33,69,85.52
241484,G14,Oriente,2026-07-30,2026,2026-07,1.52,69,87.04
241484,G14,Oriente,2026-07-31,2026,2026-07,0.5,96,87.54
241484,G14,Oriente,2026-08-01,2026,2026-08,0,96,87.54
241484,G14,Oriente,2026-08-02,2026,2026-08,0,60,87.54
