station_id,fecha_hora_dia,temp_c,temp_max_c,temp_min_c,hum_pct,hum_max_pct,hum_min_pct,lluvia_mm,tasa_lluvia_mm_h,radiacion_w_m2,radiacion_max_w_m2,viento_avg_kmh,viento_max_kmh,dir_viento,punto_rocio_c,barometro_inhg,et_mm,ts,fecha_hora,n_lecturas
184921,2026-06-10,,,,,,,0.0,0.0,,,0.0,0.0,,,,0.0,1781123400,2026-06-10 20:30:00,3
184921,2026-06-19,,,,,,,0.0,0.0,397.43,879.0,4.91,14.5,12.71,,,1.29,1781902800,2026-06-19 21:00:00,14
184921,2026-07-05,30.09,30.9,28.4,75.31,,,0.0,0.0,466.18,1009.0,4.0,17.7,3.71,25.29,29.94,3.48,1783295100,2026-07-05 23:45:00,34
184921,2026-07-06,27.44,29.4,25.3,82.91,,,9.2,2.96,333.86,1072.0,6.47,25.7,2.95,24.27,29.94,3.0,1783381500,2026-07-06 23:45:00,43
184921,2026-07-07,25.94,29.1,24.5,84.94,,,5.6,1.34,141.03,1049.0,1.95,22.5,8.29,23.2,29.97,2.64,1783467900,2026-07-07 23:45:00,96
184921,2026-07-08,26.1,28.3,24.7,85.96,,,13.6,1.97,100.58,629.0,1.7,20.9,4.75,23.55,29.94,1.91,1783554300,2026-07-08 23:45:00,96
184921,2026-07-09,26.22,28.3,24.6,85.29,,,10.0,1.83,157.67,1051.0,3.13,20.9,6.89,23.55,29.94,2.92,1783640700,2026-07-09 23:45:00,95
184921,2026-07-10,26.68,30.8,23.9,82.94,,,0.0,0.0,162.76,1013.0,1.55,16.1,7.71,23.52,29.93,3.18,1783727100,2026-07-10 23:45:00,96
184921,2026-07-11,27.33,32.8,23.8,79.8,,,19.8,3.21,207.94,886.0,2.02,29.0,8.18,23.47,29.91,3.83,1783813500,2026-07-11 23:45:00,96
184921,2026-07-12,27.01,31.0,24.0,80.92,,,0.2,0.07,178.94,932.0,1.69,16.1,7.77,23.4,29.94,3.08,1783899900,2026-07-12 23:45:00,87
184921,2026-07-13,27.71,30.2,22.8,77.88,,,30.4,6.42,263.06,1176.0,3.3,43.5,6.57,23.47,29.96,2.75,1783986300,2026-07-13 23:45:00,51
184921,2026-07-14,27.63,31.2,24.3,80.17,,,0.0,0.0,252.62,1016.0,2.79,17.7,5.8,23.87,29.95,4.1,1784072700,2026-07-14 23:45:00,81
184921,2026-07-15,29.07,31.7,25.6,75.97,,,0.0,0.0,310.9,1020.0,2.47,22.5,4.79,24.37,29.93,4.34,1784159100,2026-07-15 23:45:00,68
184921,2026-07-16,29.67,31.3,26.6,74.35,,,0.0,0.0,351.59,1076.0,3.85,17.7,3.6,24.6,29.93,3.9,1784245500,2026-07-16 23:45:00,54
184921,2026-07-17,30.42,32.4,27.1,72.64,,,0.0,0.0,221.87,956.0,1.31,12.9,4.67,24.92,29.9,2.14,1784331900,2026-07-17 23:45:00,39
184921,2026-07-18,30.6,30.8,30.3,69.0,,,0.0,0.0,0.0,0.0,0.0,0.0,,24.2,29.87,0.0,1784332800,2026-07-18 00:00:00,1
184921,2026-07-21,29.5,30.7,26.7,78.71,,,0.0,0.0,432.45,1020.0,2.59,14.5,4.86,25.38,29.88,3.68,1784677500,2026-07-21 23:45:00,42
184921,2026-07-22,27.18,30.8,23.9,79.38,,,0.0,0.0,219.86,944.0,2.23,16.1,6.35,23.25,29.86,4.21,1784763900,2026-07-22 23:45:00,96
184921,2026-07-23,26.43,29.6,23.1,81.94,,,20.6,3.29,146.44,854.0,2.39,22.5,7.17,23.07,29.91,2.76,1784850300,2026-07-23 23:45:00,96
184921,2026-07-24,27.73,32.9,24.3,79.42,,,0.0,0.0,229.33,1102.0,2.05,17.7,7.56,23.78,29.91,4.43,1784936700,2026-07-24 23:45:00,96
184921,2026-07-25,27.19,31.7,24.4,79.56,,,6.0,1.13,200.77,1037.0,3.17,24.1,9.33,23.33,29.94,3.88,1785023100,2026-07-25 23:45:00,96
184921,2026-07-26,25.65,29.8,22.0,83.94,,,49.0,4.8,128.32,1114.0,3.34,41.8,6.35,22.73,29.96,2.59,1785109500,2026-07-26 23:45:00,96
184921,2026-07-27,24.83,30.7,21.8,84.64,,,0.4,0.0,200.57,963.0,1.47,12.9,7.39,22.01,29.94,3.2,1785195900,2026-07-27 23:45:00,89
184921,2026-07-28,27.75,32.4,24.2,78.59,,,0.0,0.0,219.32,1016.0,1.35,14.5,6.47,23.63,29.91,4.17,1785282300,2026-07-28 23:45:00,96
184921,2026-07-29,26.39,31.1,24.3,82.73,,,44.6,5.55,108.03,622.0,2.83,29.0,8.82,23.19,29.91,1.95,1785368700,2026-07-29 23:45:00,96
184921,2026-07-30,27.28,31.8,23.7,81.75,,,12.2,2.21,251.41,1056.0,1.92,25.7,7.57,23.81,29.92,4.64,1785455100,2026-07-30 23:45:00,96
184921,2026-07-31,25.7,30.1,23.4,83.21,,,40.2,6.38,137.51,979.0,4.31,27.4,7.89,22.62,29.94,2.65,1785541500,2026-07-31 23:45:00,96
184921,2026-08-01,25.0,25.1,24.9,84.0,,,0.2,0.0,247.15,1013.0,2.22,19.3,5.74,22.1,29.93,4.65,1785627900,2026-08-01 23:45:00,96
184921,2026-08-02,28.18,32.2,24.4,77.43,,,0.0,0.0,307.72,921.0,2.65,19.3,6.84,23.8,29.92,4.78,1785708000,2026-08-02 22:00:00,78
184965,2026-05-05,,,,,,,0.0,0.0,123.27,513.0,3.31,17.7,4.77,,,0.56,1778024700,2026-05-05 23:45:00,15
184965,2026-05-06,,,,,,,0.0,0.0,319.76,951.0,5.35,29.0,6.63,,,5.01,1778111100,2026-05-06 23:45:00,64
184965,2026-05-07,,,,,,,0.0,0.0,338.6,918.0,5.77,33.8,5.03,,,4.67,1778197500,2026-05-07 23:45:00,58
184965,2026-05-08,,,,,,,0.0,0.0,258.39,884.0,2.08,17.7,10.29,,,3.44,1778269500,2026-05-08 19:45:00,80
184965,2026-05-09,,,,,,,0.0,0.0,401.92,742.0,4.8,19.3,4.85,,,1.16,1778361300,2026-05-09 21:15:00,13
184965,2026-05-10,,,,,,,0.0,0.0,298.58,886.0,5.58,29.0,3.77,,,3.4,1778454000,2026-05-10 23:00:00,44
184965,2026-05-11,,,,,,,0.0,0.0,426.29,905.0,4.68,27.4,7.04,,,4.84,1778543100,2026-05-11 23:45:00,49
184965,2026-05-12,,,,,,,0.0,0.0,0.0,0.0,0.64,8.0,10.2,,,0.06,1778547600,2026-05-12 01:00:00,5
184965,2026-05-14,,,,,,,0.2,0.0,286.23,1072.0,8.04,25.7,4.07,,,3.25,1778802300,2026-05-14 23:45:00,47
184965,2026-05-15,,,,,,,0.0,0.0,254.46,956.0,4.31,32.2,4.17,,,4.92,1778888700,2026-05-15 23:45:00,96
184965,2026-05-16,,,,,,,0.0,0.0,236.08,1023.0,3.02,25.7,7.77,,,4.18,1778975100,2026-05-16 23:45:00,96
184965,2026-05-17,,,,,,,58.6,6.7,148.37,698.0,2.99,49.9,8.0,,,2.43,1779061500,2026-05-17 23:45:00,96
184965,2026-05-18,,,,,,,0.0,0.0,237.25,895.0,2.08,17.7,8.3,,,3.87,1779147900,2026-05-18 23:45:00,96
184965,2026-05-19,,,,,,,0.0,0.0,173.97,786.0,2.69,22.5,7.7,,,3.13,1779234300,2026-05-19 23:45:00,96
184965,2026-05-20,,,,,,,0.0,0.0,167.3,919.0,3.93,22.5,7.17,,,3.02,1779320700,2026-05-20 23:45:00,96
184965,2026-05-21,,,,,,,0.0,0.0,148.35,983.0,3.01,25.7,6.72,,,2.44,1779407100,2026-05-21 23:45:00,96
184965,2026-05-22,,,,,,,2.8,0.47,144.66,1065.0,2.24,20.9,4.37,,,2.18,1779493500,2026-05-22 23:45:00,96
184965,2026-05-23,,,,,,,0.0,0.0,40.66,353.0,0.83,14.5,7.33,,,0.18,1779564600,2026-05-23 19:30:00,29
184965,2026-05-24,,,,,,,0.0,0.0,390.67,1028.0,5.44,32.2,4.1,,,3.95,1779666300,2026-05-24 23:45:00,52
184965,2026-05-25,,,,,,,3.4,0.55,138.32,907.0,1.3,19.3,9.32,,,2.09,1779752700,2026-05-25 23:45:00,96
184965,2026-05-26,,,,,,,1.4,0.12,273.2,993.0,4.44,30.6,5.33,,,4.41,1779839100,2026-05-26 23:45:00,96
184965,2026-05-27,,,,,,,1.0,0.09,174.65,856.0,2.47,32.2,8.84,,,2.92,1779925500,2026-05-27 23:45:00,96
184965,2026-05-28,,,,,,,0.0,0.0,130.38,603.0,2.47,19.3,8.96,,,2.07,1780011900,2026-05-28 23:45:00,96
184965,2026-05-29,,,,,,,0.6,0.12,247.9,898.0,3.24,24.1,6.94,,,4.17,1780098300,2026-05-29 23:45:00,96
184965,2026-05-30,,,,,,,0.2,0.0,208.14,1053.0,1.72,24.1,6.95,,,3.58,1780184700,2026-05-30 23:45:00,96
184965,2026-05-31,,,,,,,23.0,2.64,223.63,912.0,2.37,59.5,6.16,,,3.57,1780271100,2026-05-31 23:45:00,96
184965,2026-06-01,,,,,,,0.0,0.0,212.89,1035.0,2.35,22.5,6.02,,,3.54,1780357500,2026-06-01 23:45:00,96
184965,2026-06-02,,,,,,,10.6,2.26,160.67,967.0,3.75,37.0,5.13,,,2.6,1780443900,2026-06-02 23:45:00,96
184965,2026-06-03,,,,,,,4.2,0.23,116.49,538.0,2.26,25.7,5.48,,,1.79,1780530300,2026-06-03 23:45:00,96
184965,2026-06-04,,,,,,,5.2,0.59,173.0,552.0,4.55,24.1,5.24,,,1.62,1780616700,2026-06-04 23:45:00,48
184965,2026-06-05,,,,,,,23.4,2.36,119.44,638.0,1.68,16.1,4.19,,,1.78,1780703100,2026-06-05 23:45:00,96
184965,2026-06-06,,,,,,,0.0,0.0,240.32,1069.0,1.33,12.9,7.7,,,3.82,1780789500,2026-06-06 23:45:00,96
184965,2026-06-07,,,,,,,15.2,1.91,112.68,624.0,1.45,41.8,8.37,,,1.6,1780875900,2026-06-07 23:45:00,96
184965,2026-06-08,,,,,,,7.8,2.81,199.6,963.0,2.17,19.3,6.04,,,3.13,1780962300,2026-06-08 23:45:00,96
184965,2026-06-09,,,,,,,0.0,0.0,273.67,983.0,1.68,14.5,7.62,,,4.42,1781048700,2026-06-09 23:45:00,96
184965,2026-06-10,,,,,,,0.0,0.0,242.73,1005.0,2.25,19.3,7.78,,,3.93,1781135100,2026-06-10 23:45:00,96
184965,2026-06-11,,,,,,,5.2,1.2,110.63,860.0,1.37,16.1,8.21,,,1.71,1781221500,2026-06-11 23:45:00,96
184965,2026-06-12,,,,,,,0.0,0.0,197.36,1223.0,2.29,24.1,5.42,,,3.25,1781307900,2026-06-12 23:45:00,96
184965,2026-06-13,,,,,,,0.0,0.0,290.16,875.0,3.16,24.1,3.36,,,4.83,1781394300,2026-06-13 23:45:00,96
184965,2026-06-14,,,,,,,0.0,0.0,268.26,937.0,1.78,17.7,8.23,,,4.4,1781480700,2026-06-14 23:45:00,96
184965,2026-06-15,,,,,,,0.0,0.0,189.95,1042.0,3.21,25.7,6.07,,,3.05,1781567100,2026-06-15 23:45:00,96
184965,2026-06-16,,,,,,,1.0,0.09,172.48,954.0,1.72,22.5,7.07,,,2.64,1781653500,2026-06-16 23:45:00,96
184965,2026-06-17,,,,,,,0.0,0.0,197.65,977.0,1.52,16.1,3.8,,,3.13,1781739900,2026-06-17 23:45:00,96
184965,2026-06-18,,,,,,,39.6,7.52,204.24,997.0,1.57,33.8,6.56,,,3.29,1781826300,2026-06-18 23:45:00,96
184965,2026-06-19,,,,,,,11.8,3.28,186.67,988.0,1.97,20.9,7.98,,,2.62,1781912700,2026-06-19 23:45:00,96
184965,2026-06-20,,,,,,,7.8,1.1,274.03,1018.0,1.38,14.5,8.5,,,4.1,1781999100,2026-06-20 23:45:00,96
184965,2026-06-21,,,,,,,0.0,0.0,291.8,960.0,1.72,17.7,8.1,,,4.57,1782085500,2026-06-21 23:45:00,96
184965,2026-06-22,,,,,,,0.4,0.0,238.7,1092.0,1.78,20.9,7.4,,,3.79,1782171900,2026-06-22 23:45:00,96
184965,2026-06-23,,,,,,,0.0,0.0,293.28,919.0,2.23,12.9,10.59,,,4.76,1782258300,2026-06-23 23:45:00,96
184965,2026-06-24,,,,,,,3.6,0.56,227.62,1014.0,2.2,17.7,10.81,,,3.82,1782344700,2026-06-24 23:45:00,96
184965,2026-06-25,,,,,,,2.8,0.13,233.86,939.0,1.48,14.5,7.61,,,3.36,1782431100,2026-06-25 23:45:00,96
184965,2026-06-26,,,,,,,0.0,0.0,284.14,940.0,1.4,14.5,4.67,,,4.5,1782517500,2026-06-26 23:45:00,96
184965,2026-06-27,,,,,,,0.0,0.0,251.11,1107.0,1.38,12.9,8.53,,,4.13,1782603900,2026-06-27 23:45:00,96
184965,2026-06-28,,,,,,,7.6,1.36,122.95,740.0,1.67,17.7,8.07,,,1.94,1782690300,2026-06-28 23:45:00,96
184965,2026-06-29,,,,,,,0.0,0.0,258.94,1034.0,1.57,19.3,5.2,,,4.14,1782776700,2026-06-29 23:45:00,96
184965,2026-06-30,,,,,,,0.0,0.0,158.74,745.0,2.21,19.3,7.7,,,2.56,1782863100,2026-06-30 23:45:00,96
184965,2026-07-01,,,,,,,6.8,1.6,184.55,997.0,0.9,14.5,8.91,,,2.75,1782949500,2026-07-01 23:45:00,96
184965,2026-07-02,,,,,,,3.0,0.44,227.24,1046.0,1.95,20.9,5.95,,,3.61,1783035900,2026-07-02 23:45:00,96
184965,2026-07-03,,,,,,,26.6,5.98,105.63,536.0,1.0,17.7,8.21,,,1.42,1783122300,2026-07-03 23:45:00,96
184965,2026-07-04,,,,,,,0.0,0.0,149.35,566.0,0.87,11.3,8.06,,,2.21,1783208700,2026-07-04 23:45:00,96
184965,2026-07-05,,,,,,,0.0,0.0,266.13,956.0,1.52,14.5,7.02,,,4.12,1783295100,2026-07-05 23:45:00,96
184965,2026-07-06,,,,,,,9.6,1.83,197.82,1041.0,2.4,22.5,4.88,,,3.15,1783381500,2026-07-06 23:45:00,96
184965,2026-07-07,,,,,,,3.4,0.58,169.24,1093.0,1.07,17.7,6.86,,,2.4,1783467900,2026-07-07 23:45:00,96
184965,2026-07-08,,,,,,,0.2,0.0,115.37,621.0,0.95,12.9,6.24,,,1.76,1783554300,2026-07-08 23:45:00,96
184965,2026-07-09,,,,,,,5.8,2.14,174.86,1011.0,2.05,20.9,8.28,,,2.75,1783640700,2026-07-09 23:45:00,96
184965,2026-07-10,,,,,,,0.0,0.0,168.31,1005.0,0.88,16.1,9.86,,,2.63,1783727100,2026-07-10 23:45:00,96
184965,2026-07-11,,,,,,,18.2,2.35,235.49,888.0,1.03,20.9,9.14,,,3.74,1783813500,2026-07-11 23:45:00,96
184965,2026-07-12,,,,,,,0.6,0.04,197.77,837.0,0.67,9.7,8.3,,,3.11,1783899900,2026-07-12 23:45:00,96
184965,2026-07-13,,,,,,,26.0,2.13,233.95,1085.0,1.2,24.1,8.06,,,3.61,1783986300,2026-07-13 23:45:00,96
184965,2026-07-14,,,,,,,0.0,0.0,273.34,991.0,1.7,17.7,7.3,,,4.43,1784072700,2026-07-14 23:45:00,96
184965,2026-07-15,,,,,,,0.0,0.0,255.43,1027.0,0.9,16.1,5.5,,,4.09,1784159100,2026-07-15 23:45:00,96
184965,2026-07-16,,,,,,,0.0,0.0,259.91,1009.0,1.7,17.7,5.64,,,4.24,1784245500,2026-07-16 23:45:00,96
184965,2026-07-17,,,,,,,0.0,0.0,305.15,1011.0,0.93,19.3,6.65,,,4.87,1784331900,2026-07-17 23:45:00,96
184965,2026-07-18,,,,,,,16.0,2.06,222.05,1025.0,2.22,24.1,9.81,,,3.82,1784418300,2026-07-18 23:45:00,96
184965,2026-07-19,,,,,,,4.6,1.29,274.66,1213.0,1.32,17.7,9.44,,,4.11,1784504700,2026-07-19 23:45:00,96
184965,2026-07-20,,,,,,,4.8,1.69,129.82,851.0,1.03,24.1,10.28,,,1.73,1784591100,2026-07-20 23:45:00,96
184965,2026-07-21,,,,,,,0.0,0.0,238.83,928.0,0.77,12.9,9.4,,,3.79,1784677500,2026-07-21 23:45:00,96
184965,2026-07-22,,,,,,,0.0,0.0,256.2,958.0,0.77,16.1,6.84,,,3.94,1784763900,2026-07-22 23:45:00,96
184965,2026-07-23,,,,,,,0.0,0.0,173.45,884.0,0.27,9.7,10.12,,,2.47,1784850300,2026-07-23 23:45:00,96
184965,2026-07-24,,,,,,,0.0,0.0,258.91,1060.0,0.92,12.9,7.69,,,4.08,1784936700,2026-07-24 23:45:00,96
184965,2026-07-25,,,,,,,14.4,2.02,251.53,1069.0,0.97,14.5,9.58,,,3.65,1785023100,2026-07-25 23:45:00,96
184965,2026-07-26,,,,,,,22.2,2.56,134.32,1127.0,1.05,30.6,7.2,,,2.06,1785109500,2026-07-26 23:45:00,96
184965,2026-07-27,,,,,,,0.2,0.0,330.94,882.0,0.28,9.7,7.65,,,4.3,1785195900,2026-07-27 23:45:00,96
184965,2026-07-28,,,,,,,0.0,0.0,269.38,998.0,0.15,11.3,6.58,,,4.2,1785282300,2026-07-28 23:45:00,96
184965,2026-07-29,,,,,,,12.6,3.62,136.61,1039.0,0.62,8.0,11.04,,,1.87,1785368700,2026-07-29 23:45:00,96
184965,2026-07-30,,,,,,,0.0,0.0,283.05,1100.0,0.05,6.4,8.8,,,4.31,1785455100,2026-07-30 23:45:00,96
184965,2026-07-31,,,,,,,41.8,5.78,163.75,1058.0,0.7,14.5,9.74,,,2.38,1785541500,2026-07-31 23:45:00,96
184965,2026-08-01,,,,,,,0.0,0.0,293.41,1030.0,0.57,12.9,6.25,,,4.45,1785627900,2026-08-01 23:45:00,96
184965,2026-08-02,30.05,34.4,25.0,80.75,,,0.0,0.0,314.38,874.0,0.37,12.9,5.1,26.35,29.92,4.24,1785708000,2026-08-02 22:00:00,82
185450,2026-05-05,,,,,,,0.0,0.0,147.87,513.0,7.61,22.5,4.93,,,0.76,1778024700,2026-05-05 23:45:00,15
185450,2026-05-06,,,,,,,0.0,0.0,255.65,1039.0,9.49,33.8,4.3,,,5.85,1778111100,2026-05-06 23:45:00,96
185450,2026-05-07,,,,,,,0.0,0.0,265.35,956.0,8.3,29.0,4.62,,,5.79,1778197500,2026-05-07 23:45:00,96
185450,2026-05-08,,,,,,,0.0,0.0,284.36,981.0,8.44,37.0,4.16,,,6.05,1778283900,2026-05-08 23:45:00,96
185450,2026-05-09,,,,,,,0.0,0.0,307.74,896.0,9.15,32.2,3.72,,,6.5,1778370300,2026-05-09 23:45:00,96
185450,2026-05-10,,,,,,,0.0,0.0,300.1,990.0,9.97,30.6,4.35,,,6.46,1778456700,2026-05-10 23:45:00,96
185450,2026-05-11,,,,,,,0.0,0.0,296.71,1081.0,10.44,33.8,4.0,,,6.65,1778543100,2026-05-11 23:45:00,96
185450,2026-05-12,,,,,,,0.0,0.0,242.93,1111.0,7.25,27.4,5.01,,,5.39,1778629500,2026-05-12 23:45:00,96
185450,2026-05-13,,,,,,,0.0,0.0,249.44,1130.0,5.34,24.1,6.18,,,4.97,1778715900,2026-05-13 23:45:00,96
185450,2026-05-14,,,,,,,0.0,0.0,234.12,1039.0,6.61,30.6,5.61,,,5.21,1778802300,2026-05-14 23:45:00,96
185450,2026-05-15,,,,,,,0.0,0.0,291.74,972.0,9.69,40.2,4.44,,,6.49,1778888700,2026-05-15 23:45:00,96
185450,2026-05-16,,,,,,,7.6,1.48,218.79,1062.0,8.96,57.9,4.56,,,4.82,1778975100,2026-05-16 23:45:00,96
185450,2026-05-17,,,,,,,0.0,0.0,245.7,1025.0,8.7,35.4,4.77,,,5.26,1779061500,2026-05-17 23:45:00,96
185450,2026-05-18,,,,,,,0.0,0.0,299.02,1085.0,7.16,30.6,3.99,,,6.03,1779147900,2026-05-18 23:45:00,96
185450,2026-05-19,,,,,,,0.0,0.0,229.66,958.0,7.33,29.0,4.46,,,5.15,1779234300,2026-05-19 23:45:00,96
185450,2026-05-20,,,,,,,0.0,0.0,183.28,1178.0,6.57,25.7,4.83,,,4.24,1779320700,2026-05-20 23:45:00,96
185450,2026-05-21,,,,,,,1.0,0.24,278.91,1107.0,8.03,33.8,5.12,,,5.88,1779407100,2026-05-21 23:45:00,96
185450,2026-05-22,,,,,,,1.6,0.41,210.61,1132.0,3.86,27.4,5.18,,,3.89,1779493500,2026-05-22 23:45:00,96
185450,2026-05-23,,,,,,,14.4,3.68,149.07,1085.0,2.58,25.7,10.19,,,2.32,1779579900,2026-05-23 23:45:00,96
185450,2026-05-24,,,,,,,0.0,0.0,172.4,939.0,2.22,16.1,9.69,,,2.63,1779666300,2026-05-24 23:45:00,96
185450,2026-05-25,,,,,,,39.8,3.69,162.25,1049.0,4.42,25.7,4.62,,,2.69,1779752700,2026-05-25 23:45:00,95
185450,2026-05-26,,,,,,,0.0,0.0,280.43,1171.0,8.73,33.8,4.42,,,5.5,1779839100,2026-05-26 23:45:00,96
185450,2026-05-27,,,,,,,0.0,0.0,278.09,1032.0,7.83,35.4,4.53,,,5.31,1779925500,2026-05-27 23:45:00,95
185450,2026-05-28,,,,,,,0.0,0.0,234.69,1129.0,7.11,32.2,4.51,,,4.87,1780011900,2026-05-28 23:45:00,96
185450,2026-05-29,,,,,,,0.0,0.0,263.18,933.0,7.46,29.0,4.54,,,5.18,1780098300,2026-05-29 23:45:00,96
185450,2026-05-30,,,,,,,0.0,0.0,301.81,1035.0,7.98,53.1,4.73,,,5.74,1780184700,2026-05-30 23:45:00,96
185450,2026-05-31,,,,,,,0.0,0.0,150.15,854.0,2.7,24.1,5.41,,,2.3,1780271100,2026-05-31 23:45:00,96
185450,2026-06-01,,,,,,,0.0,0.0,257.78,1092.0,5.06,35.4,4.78,,,4.36,1780357500,2026-06-01 23:45:00,96
185450,2026-06-02,,,,,,,0.0,0.0,190.2,981.0,5.79,32.2,5.46,,,3.38,1780443900,2026-06-02 23:45:00,96
185450,2026-06-03,,,,,,,0.0,0.0,230.15,1174.0,4.96,29.0,5.61,,,4.05,1780530300,2026-06-03 23:45:00,96
185450,2026-06-04,,,,,,,0.0,0.0,181.13,1079.0,4.14,22.5,5.85,,,2.99,1780616700,2026-06-04 23:45:00,96
185450,2026-06-05,,,,,,,0.0,0.0,176.68,814.0,3.0,22.5,3.72,,,2.4,1780703100,2026-06-05 23:45:00,95
185450,2026-06-06,,,,,,,0.0,0.0,217.43,1158.0,4.58,27.4,3.61,,,3.71,1780789500,2026-06-06 23:45:00,96
185450,2026-06-07,,,,,,,0.0,0.0,208.58,1136.0,4.51,25.7,5.01,,,3.51,1780875900,2026-06-07 23:45:00,96
185450,2026-06-08,,,,,,,0.0,0.0,221.12,974.0,5.19,30.6,4.1,,,3.62,1780962300,2026-06-08 23:45:00,96
185450,2026-06-09,,,,,,,0.0,0.0,279.38,1058.0,6.65,29.0,3.68,,,4.77,1781048700,2026-06-09 23:45:00,96
185450,2026-06-10,,,,,,,0.0,0.0,255.41,1088.0,5.12,22.5,3.59,,,4.42,1781135100,2026-06-10 23:45:00,96
185450,2026-06-11,,,,,,,0.0,0.0,184.72,923.0,5.37,35.4,5.22,,,3.26,1781221500,2026-06-11 23:45:00,96
185450,2026-06-12,,,,,,,0.0,0.0,219.53,1204.0,4.42,24.1,5.25,,,3.49,1781307900,2026-06-12 23:45:00,96
185450,2026-06-13,,,,,,,0.0,0.0,307.43,1063.0,6.89,33.8,3.77,,,5.3,1781394300,2026-06-13 23:45:00,96
185450,2026-06-14,,,,,,,0.0,0.0,247.07,821.0,5.59,29.0,3.32,,,4.49,1781480700,2026-06-14 23:45:00,96
185450,2026-06-15,,,,,,,0.0,0.0,241.42,1081.0,4.16,20.9,4.49,,,3.76,1781567100,2026-06-15 23:45:00,96
185450,2026-06-16,,,,,,,0.0,0.0,268.82,1155.0,2.2,16.1,7.06,,,4.16,1781653500,2026-06-16 23:45:00,96
185450,2026-06-17,,,,,,,0.0,0.0,212.05,1202.0,3.64,19.3,5.04,,,3.43,1781739900,2026-06-17 23:45:00,96
185450,2026-06-18,,,,,,,0.0,0.0,185.3,1139.0,4.07,25.7,4.28,,,2.99,1781826300,2026-06-18 23:45:00,96
185450,2026-06-19,,,,,,,0.0,0.0,249.58,1081.0,3.3,41.8,4.62,,,3.98,1781912700,2026-06-19 23:45:00,96
185450,2026-06-20,,,,,,,12.2,1.57,254.95,1063.0,2.79,45.1,3.88,,,4.15,1781999100,2026-06-20 23:45:00,96
185450,2026-06-21,,,,,,,4.4,0.99,230.31,1164.0,4.49,49.9,3.95,,,4.5,1782085500,2026-06-21 23:45:00,95
185450,2026-06-22,,,,,,,0.0,0.0,232.82,1129.0,5.71,24.1,3.72,,,4.57,1782171900,2026-06-22 23:45:00,96
185450,2026-06-23,,,,,,,0.0,0.0,231.23,1190.0,8.6,29.0,2.74,,,5.07,1782258300,2026-06-23 23:45:00,96
185450,2026-06-24,,,,,,,14.0,2.64,160.69,1058.0,5.73,38.6,3.79,,,3.44,1782344700,2026-06-24 23:45:00,96
185450,2026-06-25,,,,,,,0.2,0.01,141.03,993.0,3.37,25.7,3.95,,,2.79,1782431100,2026-06-25 23:45:00,96
185450,2026-06-26,,,,,,,0.0,0.0,243.1,991.0,5.52,24.1,3.69,,,4.89,1782517500,2026-06-26 23:45:00,96
185450,2026-06-27,,,,,,,0.0,0.0,239.72,1085.0,5.51,22.5,3.25,,,4.89,1782603900,2026-06-27 23:45:00,96
185450,2026-06-28,,,,,,,21.0,2.01,219.7,969.0,3.7,20.9,5.56,,,4.24,1782690300,2026-06-28 23:45:00,96
185450,2026-06-29,,,,,,,8.2,2.45,228.82,1067.0,4.04,37.0,3.98,,,4.55,1782776700,2026-06-29 23:45:00,96
185450,2026-06-30,,,,,,,15.8,2.99,222.29,1032.0,5.52,29.0,4.68,,,4.34,1782863100,2026-06-30 23:45:00,96
185450,2026-07-01,,,,,,,6.4,1.12,230.43,1083.0,3.97,22.5,3.74,,,4.57,1782949500,2026-07-01 23:45:00,96
185450,2026-07-02,,,,,,,0.0,0.0,202.35,1223.0,5.27,22.5,3.81,,,4.31,1783035900,2026-07-02 23:45:00,96
185450,2026-07-03,,,,,,,3.0,0.22,145.36,1113.0,3.48,25.7,5.81,,,2.93,1783122300,2026-07-03 23:45:00,96
185450,2026-07-04,,,,,,,1.8,0.32,186.04,1157.0,3.04,19.3,3.72,,,3.7,1783208700,2026-07-04 23:45:00,96
185450,2026-07-05,,,,,,,34.8,4.44,182.9,984.0,4.69,38.6,3.77,,,3.62,1783295100,2026-07-05 23:45:00,96
185450,2026-07-06,,,,,,,1.8,0.08,174.97,1048.0,2.45,20.9,5.04,,,3.28,1783381500,2026-07-06 23:45:00,96
185450,2026-07-07,,,,,,,0.4,0.0,198.88,1081.0,3.37,20.9,4.7,,,3.81,1783467900,2026-07-07 23:45:00,96
185450,2026-07-08,,,,,,,5.4,0.93,224.6,960.0,4.08,27.4,4.19,,,4.42,1783554300,2026-07-08 23:45:00,96
185450,2026-07-09,,,,,,,0.0,0.0,223.06,798.0,4.28,24.1,3.94,,,4.37,1783640700,2026-07-09 23:45:00,96
185450,2026-07-10,,,,,,,7.4,1.89,228.93,909.0,5.22,25.7,3.51,,,4.03,1783727100,2026-07-10 23:45:00,95
185450,2026-07-11,,,,,,,0.0,0.0,209.86,1113.0,5.88,27.4,3.25,,,4.31,1783813500,2026-07-11 23:45:00,96
185450,2026-07-12,,,,,,,18.2,2.68,156.44,967.0,2.97,22.5,3.8,,,3.01,1783899900,2026-07-12 23:45:00,96
185450,2026-07-13,,,,,,,0.4,0.0,186.0,1106.0,3.54,22.5,4.01,,,3.75,1783986300,2026-07-13 23:45:00,95
185450,2026-07-14,,,,,,,0.0,0.0,233.31,990.0,3.85,22.5,3.91,,,4.48,1784072700,2026-07-14 23:45:00,96
185450,2026-07-15,,,,,,,2.2,0.41,204.02,1063.0,3.74,30.6,3.64,,,4.07,1784159100,2026-07-15 23:45:00,96
185450,2026-07-16,,,,,,,0.8,0.12,226.21,1118.0,5.07,22.5,3.94,,,4.64,1784245500,2026-07-16 23:45:00,96
185450,2026-07-17,,,,,,,1.6,0.19,199.25,1174.0,5.19,25.7,4.08,,,4.25,1784331900,2026-07-17 23:45:00,96
185450,2026-07-18,,,,,,,12.0,1.27,104.45,594.0,4.93,25.7,3.17,,,2.01,1784418300,2026-07-18 23:45:00,96
185450,2026-07-19,,,,,,,0.0,0.0,237.27,1037.0,7.18,27.4,2.68,,,4.65,1784504700,2026-07-19 23:45:00,96
185450,2026-07-20,,,,,,,2.6,0.61,137.77,728.0,3.07,22.5,3.83,,,2.74,1784591100,2026-07-20 23:45:00,96
185450,2026-07-21,,,,,,,0.0,0.0,172.34,928.0,3.13,17.7,3.17,,,3.36,1784677500,2026-07-21 23:45:00,96
185450,2026-07-22,,,,,,,0.4,0.15,197.52,1111.0,3.1,25.7,3.94,,,4.01,1784763900,2026-07-22 23:45:00,96
185450,2026-07-23,,,,,,,0.0,0.0,209.73,1146.0,2.96,22.5,4.04,,,4.06,1784850300,2026-07-23 23:45:00,96
185450,2026-07-24,,,,,,,0.0,0.0,217.01,1266.0,5.19,22.5,3.16,,,4.58,1784936700,2026-07-24 23:45:00,96
185450,2026-07-25,,,,,,,6.4,0.63,139.6,949.0,3.99,32.2,3.82,,,2.9,1785023100,2026-07-25 23:45:00,96
185450,2026-07-26,,,,,,,0.2,0.0,216.05,1123.0,3.62,19.3,5.79,,,4.23,1785109500,2026-07-26 23:45:00,96
185450,2026-07-27,,,,,,,0.0,0.0,246.89,1030.0,1.92,19.3,8.45,,,4.73,1785195900,2026-07-27 23:45:00,96
185450,2026-07-28,,,,,,,3.6,0.36,227.5,1088.0,2.5,37.0,4.27,,,4.53,1785282300,2026-07-28 23:45:00,96
185450,2026-07-29,,,,,,,26.8,4.16,236.81,1136.0,3.57,32.2,4.61,,,4.56,1785368700,2026-07-29 23:45:00,96
185450,2026-07-30,,,,,,,2.2,0.59,234.95,1100.0,3.35,32.2,4.04,,,4.42,1785455100,2026-07-30 23:45:00,96
185450,2026-07-31,,,,,,,6.8,0.97,194.74,1093.0,2.88,24.1,5.09,,,3.82,1785541500,2026-07-31 23:45:00,96
185450,2026-08-01,,,,,,,0.0,0.0,254.1,998.0,2.7,22.5,5.16,,,4.86,1785627900,2026-08-01 23:45:00,96
185450,2026-08-02,27.02,32.1,23.1,76.57,,,0.0,0.0,252.74,1060.0,2.75,19.3,4.12,22.44,29.95,4.44,1785704400,2026-08-02 21:00:00,85
186361,2026-05-30,32.02,33.4,28.8,66.69,75.9,61.5,0.0,0.0,447.36,1032.0,3.11,17.7,133.0,25.03,29.9,3.36,1780184700,2026-05-30 23:45:00,33
186361,2026-05-31,25.26,30.3,22.2,84.93,91.2,74.8,43.4,2.91,200.7,1055.0,3.11,43.7,164.05,22.52,29.99,3.69,1780271100,2026-05-31 23:45:00,96
186361,2026-06-01,27.1,31.9,24.4,82.76,89.3,69.2,8.0,1.14,214.82,1067.0,2.88,18.7,82.81,23.87,29.96,4.14,1780357500,2026-06-01 23:45:00,96
186361,2026-06-02,25.82,30.9,23.3,85.17,91.1,72.5,0.0,0.0,200.59,1013.0,2.81,24.2,69.03,23.11,29.96,3.89,1780443900,2026-06-02 23:45:00,96
186361,2026-06-03,26.06,29.8,23.9,85.47,89.7,78.6,2.2,0.73,153.11,1071.0,2.0,17.6,112.16,23.43,29.95,2.77,1780530300,2026-06-03 23:45:00,96
186361,2026-06-04,24.97,27.5,23.2,89.23,91.8,84.5,27.8,2.7,100.2,527.0,1.74,15.8,96.77,23.08,29.98,1.7,1780616700,2026-06-04 23:45:00,96
186361,2026-06-05,24.31,26.8,22.9,90.68,93.3,86.7,8.4,1.66,100.4,661.0,1.86,14.9,117.19,22.71,30.0,1.79,1780703100,2026-06-05 23:45:00,96
186361,2026-06-06,26.02,30.9,22.8,87.08,92.8,77.0,3.4,0.98,199.19,1083.0,1.32,12.9,150.18,23.7,29.94,3.68,1780789500,2026-06-06 23:45:00,96
186361,2026-06-07,25.21,30.3,23.4,87.97,91.7,78.0,18.2,3.93,152.27,1118.0,1.03,26.6,61.12,23.08,29.93,2.84,1780875900,2026-06-07 23:45:00,96
186361,2026-06-08,25.49,29.8,22.9,87.64,92.7,76.4,4.2,0.72,172.66,1232.0,2.18,14.5,79.32,23.28,29.99,3.22,1780962300,2026-06-08 23:45:00,96
186361,2026-06-09,26.77,31.8,22.8,82.57,90.9,69.7,0.0,0.0,232.3,983.0,1.41,10.6,83.14,23.53,30.0,4.39,1781048700,2026-06-09 23:45:00,96
186361,2026-06-10,26.58,31.4,21.8,80.79,89.2,70.3,0.0,0.0,198.88,1062.0,1.68,11.9,75.52,22.98,29.95,3.78,1781135100,2026-06-10 23:45:00,96
186361,2026-06-11,26.28,29.9,23.9,85.23,89.8,77.5,6.4,1.54,171.68,993.0,2.51,22.9,130.16,23.59,29.93,3.23,1781221500,2026-06-11 23:45:00,96
186361,2026-06-12,26.1,30.8,23.5,87.09,92.2,77.0,0.0,0.0,171.11,1201.0,2.44,16.4,83.97,23.77,29.96,3.3,1781307900,2026-06-12 23:45:00,96
186361,2026-06-13,26.34,30.7,22.1,80.52,90.0,64.6,0.0,0.0,239.66,998.0,2.48,16.2,73.1,22.63,29.96,4.6,1781394300,2026-06-13 23:45:00,96
186361,2026-06-14,26.58,32.3,21.6,79.16,88.9,66.8,1.6,0.24,235.78,835.0,1.72,19.6,75.08,22.61,29.94,4.49,1781480700,2026-06-14 23:45:00,96
186361,2026-06-15,25.28,29.4,23.8,85.89,90.5,76.3,0.0,0.04,108.62,976.0,2.05,15.2,67.28,22.76,29.99,1.45,1781567100,2026-06-15 23:45:00,74
186361,2026-06-16,25.57,30.7,22.3,84.4,91.7,71.0,6.6,0.49,192.84,1088.0,2.45,16.6,182.29,22.73,30.0,3.59,1781653500,2026-06-16 23:45:00,96
186361,2026-06-17,26.59,31.8,23.7,83.26,90.4,71.2,12.6,2.39,194.29,1071.0,1.37,15.7,129.07,23.5,29.99,3.42,1781735400,2026-06-17 22:30:00,91
186361,2026-06-18,25.06,30.1,22.7,87.42,91.6,78.2,10.6,1.08,198.74,1102.0,1.52,20.7,58.33,22.83,30.0,3.17,1781826300,2026-06-18 23:45:00,86
186361,2026-06-19,25.43,30.9,23.1,87.96,92.4,74.4,0.2,0.01,172.47,1241.0,0.84,17.8,62.03,23.29,29.99,3.18,1781912700,2026-06-19 23:45:00,96
186361,2026-06-20,26.06,32.1,22.2,84.12,91.2,72.3,0.0,0.0,221.58,997.0,0.85,13.8,43.16,23.16,29.95,4.12,1781999100,2026-06-20 23:45:00,96
186361,2026-06-21,26.36,31.9,22.2,83.52,90.8,71.7,0.0,0.0,227.91,1025.0,1.4,12.5,60.24,23.32,29.93,4.41,1782085500,2026-06-21 23:45:00,96
186361,2026-06-22,26.9,31.6,23.0,81.91,91.0,68.3,0.0,0.0,229.51,944.0,2.01,16.8,76.9,23.49,29.96,4.42,1782171900,2026-06-22 23:45:00,96
186361,2026-06-23,26.64,32.1,22.8,77.94,88.0,65.1,0.0,0.0,246.34,926.0,2.06,14.8,69.62,22.4,29.95,4.81,1782258300,2026-06-23 23:45:00,96
186361,2026-06-24,26.04,31.4,22.8,81.86,89.3,72.7,7.4,2.12,178.16,995.0,1.43,17.8,60.22,22.68,29.93,3.41,1782344700,2026-06-24 23:45:00,96
186361,2026-06-25,25.57,29.9,22.7,86.16,92.0,76.8,1.4,0.1,181.44,898.0,0.75,7.5,58.35,23.08,29.97,3.33,1782431100,2026-06-25 23:45:00,96
186361,2026-06-26,26.41,31.6,22.1,79.82,90.5,63.9,0.0,0.0,239.55,981.0,1.67,13.9,55.16,22.53,29.98,4.62,1782517500,2026-06-26 23:45:00,96
186361,2026-06-27,27.17,33.2,21.6,77.07,88.6,63.0,0.0,0.0,207.26,1078.0,0.96,14.2,44.97,22.71,29.96,3.93,1782603900,2026-06-27 23:45:00,96
186361,2026-06-28,26.34,29.9,23.2,82.23,89.6,72.3,1.2,0.08,122.67,629.0,1.6,28.4,87.57,23.06,29.95,2.29,1782690300,2026-06-28 23:45:00,96
186361,2026-06-29,27.45,33.4,22.7,79.89,89.9,62.8,0.0,0.0,234.57,1055.0,1.64,15.1,73.87,23.57,29.92,4.3,1782776700,2026-06-29 23:45:00,91
186361,2026-06-30,26.08,29.3,23.7,83.61,89.4,69.4,0.8,1.11,64.56,591.0,1.66,14.5,121.52,23.08,29.91,0.89,1782863100,2026-06-30 23:45:00,77
186361,2026-07-01,27.17,33.4,22.7,81.39,90.8,63.6,1.4,0.5,242.56,1027.0,1.46,21.2,83.69,23.59,29.89,4.68,1782949500,2026-07-01 23:45:00,95
186361,2026-07-02,27.03,32.5,23.7,80.39,88.6,68.4,0.0,0.0,165.14,1071.0,1.91,16.1,71.18,23.32,29.91,3.16,1783035900,2026-07-02 23:45:00,92
186361,2026-07-03,25.43,29.9,21.8,84.78,90.2,77.5,20.0,2.54,122.03,1021.0,1.02,15.0,104.52,22.68,29.96,2.1,1783119600,2026-07-03 23:00:00,93
186361,2026-07-04,31.01,32.8,23.5,73.96,91.3,69.3,0.0,0.0,339.03,1072.0,1.32,8.3,100.48,25.92,29.92,2.05,1783208700,2026-07-04 23:45:00,31
186361,2026-07-05,26.74,31.7,23.5,79.89,88.0,67.9,21.6,2.34,145.33,1056.0,0.9,25.3,58.05,22.92,29.97,2.73,1783295100,2026-07-05 23:45:00,96
186361,2026-07-06,26.28,32.4,24.1,85.82,92.1,67.8,1.6,0.08,192.88,1044.0,1.82,26.7,90.09,23.67,29.98,3.81,1783381500,2026-07-06 23:45:00,95
186361,2026-07-07,27.09,33.2,24.4,83.99,91.3,65.6,1.0,0.21,224.36,1125.0,2.43,15.4,83.58,24.09,29.99,4.01,1783462500,2026-07-07 22:15:00,90
186361,2026-07-08,27.06,31.3,24.3,82.02,90.1,68.5,0.0,0.0,171.88,1002.0,4.05,21.3,111.39,23.67,29.98,2.19,1783554300,2026-07-08 23:45:00,64
186361,2026-07-09,27.65,32.6,23.9,78.48,89.3,62.7,0.0,0.0,183.39,802.0,4.59,19.6,82.09,23.46,29.95,3.82,1783640700,2026-07-09 23:45:00,96
186361,2026-07-10,27.18,31.7,23.8,79.97,90.4,63.2,40.4,6.46,221.51,865.0,3.33,28.0,66.19,23.32,29.95,4.45,1783727100,2026-07-10 23:45:00,96
186361,2026-07-11,26.44,32.1,23.3,80.14,87.9,67.0,0.0,0.0,183.3,884.0,3.72,25.3,73.07,22.69,29.94,3.72,1783811700,2026-07-11 23:15:00,94
186361,2026-07-12,26.76,32.4,23.2,80.97,89.7,65.5,5.0,0.59,218.45,935.0,2.63,19.9,82.03,23.11,29.96,4.01,1783897200,2026-07-12 23:00:00,88
186361,2026-07-13,25.98,29.6,23.4,85.61,91.4,77.4,0.2,0.01,169.76,1007.0,2.03,13.4,57.31,23.39,29.99,2.88,1783986300,2026-07-13 23:45:00,90
186361,2026-07-14,26.9,32.4,22.4,80.22,90.7,62.0,0.0,0.0,228.48,1034.0,3.36,18.7,49.65,23.09,29.97,4.61,1784072700,2026-07-14 23:45:00,96
186361,2026-07-15,27.62,33.7,23.2,76.53,88.5,56.4,0.0,0.0,245.78,1004.0,3.46,19.0,73.27,22.98,29.95,4.81,1784155500,2026-07-15 22:45:00,92
186361,2026-07-16,27.28,32.7,23.1,76.53,86.9,61.6,0.2,0.01,205.24,1086.0,3.86,19.3,84.44,22.72,29.95,3.83,1784245500,2026-07-16 23:45:00,89
186361,2026-07-17,27.46,33.3,22.9,76.47,89.5,59.9,0.0,0.0,205.93,1037.0,3.34,19.8,67.96,22.79,29.95,4.23,1784331900,2026-07-17 23:45:00,96
186361,2026-07-18,25.97,31.5,23.9,83.93,89.0,69.0,6.6,0.88,118.2,1032.0,3.2,19.5,84.71,22.99,29.92,2.26,1784418300,2026-07-18 23:45:00,96
186361,2026-07-19,26.88,32.7,23.6,81.23,89.2,65.4,8.0,1.99,183.58,1016.0,2.88,28.2,54.33,23.3,29.88,3.69,1784504700,2026-07-19 23:45:00,96
186361,2026-07-20,25.8,29.3,23.2,84.73,90.4,76.2,0.2,0.0,128.81,649.0,2.12,13.1,52.94,23.03,29.9,2.29,1784591100,2026-07-20 23:45:00,90
186361,2026-07-21,26.57,31.2,23.1,81.53,90.0,68.1,0.0,0.0,147.91,807.0,1.56,14.5,45.89,23.09,29.9,2.7,1784677500,2026-07-21 23:45:00,93
186361,2026-07-22,26.08,32.7,21.4,76.86,87.3,61.5,0.0,0.0,139.38,1014.0,2.17,29.6,44.22,21.5,29.86,2.25,1784763900,2026-07-22 23:45:00,68
186361,2026-07-23,27.43,33.6,23.1,76.45,86.4,57.5,0.0,0.0,231.83,1085.0,3.2,18.8,53.19,22.81,29.91,4.53,1784845800,2026-07-23 22:30:00,91
186361,2026-07-24,27.67,33.7,23.1,77.58,88.0,61.2,16.2,2.64,246.5,1032.0,2.46,19.3,77.1,23.25,29.93,4.7,1784935800,2026-07-24 23:30:00,89
186361,2026-07-25,26.41,32.2,23.5,80.95,88.5,69.5,0.0,0.0,144.83,1042.0,2.13,25.7,54.85,22.85,29.96,2.68,1785023100,2026-07-25 23:45:00,88
186361,2026-07-26,25.73,32.7,22.9,82.05,89.0,64.8,1.0,0.22,191.71,1158.0,4.26,40.2,153.62,22.36,29.97,3.93,1785109500,2026-07-26 23:45:00,96
186361,2026-07-27,25.05,33.4,22.1,84.18,91.7,61.2,0.0,0.0,107.41,729.0,1.61,16.3,112.66,22.07,29.96,1.68,1785195900,2026-07-27 23:45:00,74
186361,2026-07-28,27.84,34.4,22.9,75.13,86.7,56.4,0.4,0.2,193.42,970.0,1.43,14.7,83.0,22.87,29.93,2.85,1785282300,2026-07-28 23:45:00,85
186361,2026-07-29,28.42,29.6,25.3,74.58,82.1,69.4,5.8,15.0,0.0,0.0,3.95,30.1,35.0,23.18,29.91,0.0,1785287700,2026-07-29 01:15:00,6
186361,2026-07-31,27.19,32.3,23.4,80.74,87.7,66.4,7.4,3.68,199.48,1025.0,3.66,39.3,112.88,23.62,29.92,0.99,1785541500,2026-07-31 23:45:00,25
186361,2026-08-01,27.02,32.5,23.3,82.73,91.7,64.2,0.0,0.0,215.2,1030.0,1.49,15.3,58.16,23.73,29.95,4.17,1785627900,2026-08-01 23:45:00,96
186361,2026-08-02,27.59,33.2,22.6,75.46,87.1,57.5,0.0,0.0,229.63,937.0,2.54,16.8,64.1,22.74,29.94,4.45,1785708000,2026-08-02 22:00:00,89
186669,2026-05-05,34.74,36.8,32.7,41.68,50.2,36.2,0.0,0.0,141.47,494.0,9.25,25.2,115.53,19.7,29.85,0.71,1778024700,2026-05-05 23:45:00,15
186669,2026-05-06,31.31,36.1,24.7,59.13,80.5,44.5,0.0,0.0,241.52,1071.0,9.93,34.2,116.77,22.13,29.95,5.34,1778111100,2026-05-06 23:45:00,96
186669,2026-05-07,30.66,35.8,24.2,60.34,82.2,43.5,0.0,0.0,260.24,976.0,7.58,31.3,92.99,21.73,29.92,5.17,1778197500,2026-05-07 23:45:00,96
186669,2026-05-08,30.97,36.8,23.7,58.77,79.8,37.8,0.0,0.0,296.31,1035.0,7.43,28.8,89.72,21.58,29.88,6.09,1778283900,2026-05-08 23:45:00,96
186669,2026-05-09,30.83,36.8,24.7,56.96,82.2,37.5,0.0,0.0,311.08,919.0,8.45,29.3,93.37,20.73,29.87,6.32,1778370300,2026-05-09 23:45:00,96
186669,2026-05-10,30.45,36.2,23.5,60.33,79.1,44.3,0.0,0.0,267.81,1102.0,8.47,31.7,96.41,21.64,29.89,5.56,1778456700,2026-05-10 23:45:00,96
186669,2026-05-11,31.06,36.4,23.5,58.07,72.9,37.1,0.0,0.0,293.45,1051.0,9.19,32.7,101.73,21.49,29.9,6.16,1778543100,2026-05-11 23:45:00,96
186669,2026-05-12,30.82,35.8,24.7,61.98,77.9,47.4,0.76,9.72,217.39,1099.0,6.03,28.3,119.7,22.56,29.93,4.35,1778629500,2026-05-12 23:45:00,96
186669,2026-05-13,30.79,36.4,26.2,61.29,79.7,40.2,0.0,0.0,259.25,1074.0,6.18,29.5,101.1,22.11,29.96,5.09,1778715900,2026-05-13 23:45:00,96
186669,2026-05-14,31.48,37.3,25.4,57.24,78.9,44.3,0.0,0.0,271.82,1069.0,6.31,30.6,122.57,21.84,29.95,5.41,1778802300,2026-05-14 23:45:00,96
186669,2026-05-15,31.55,36.4,25.4,58.57,79.2,42.0,0.0,0.0,247.35,1028.0,9.98,35.4,106.51,22.19,29.95,5.49,1778888700,2026-05-15 23:45:00,96
186669,2026-05-16,29.83,35.6,25.9,68.87,81.3,52.1,0.76,0.16,252.7,1141.0,9.04,34.2,98.9,23.43,29.92,5.07,1778975100,2026-05-16 23:45:00,96
186669,2026-05-17,30.12,34.3,24.8,65.65,82.8,50.9,0.0,0.0,240.63,1090.0,10.91,33.8,115.75,22.83,29.93,5.06,1779061500,2026-05-17 23:45:00,96
186669,2026-05-18,30.71,36.6,23.2,59.06,79.6,40.4,0.0,0.0,290.91,1041.0,6.96,28.1,95.9,21.53,29.93,5.93,1779147900,2026-05-18 23:45:00,96
186669,2026-05-19,30.36,35.1,24.6,60.58,80.2,48.1,0.0,0.0,227.47,1255.0,7.24,28.1,93.6,21.69,29.94,4.6,1779234300,2026-05-19 23:45:00,96
186669,2026-05-20,30.44,34.9,26.6,63.14,78.0,52.1,0.0,0.0,174.14,1011.0,7.26,27.4,107.47,22.52,29.92,3.81,1779320700,2026-05-20 23:45:00,96
186669,2026-05-21,32.01,36.8,26.8,59.9,77.7,46.1,0.0,0.0,230.81,1146.0,7.52,32.1,113.05,23.09,29.9,4.72,1779407100,2026-05-21 23:45:00,96
186669,2026-05-22,30.69,35.8,25.2,66.48,85.8,49.2,5.59,1.17,199.61,1199.0,4.57,27.4,103.58,23.56,29.93,3.68,1779493500,2026-05-22 23:45:00,96
186669,2026-05-23,27.34,31.1,23.7,83.44,92.6,71.5,66.27,7.53,179.6,1165.0,3.76,19.6,194.95,24.29,29.95,2.91,1779579900,2026-05-23 23:45:00,96
186669,2026-05-24,26.69,29.3,24.1,88.51,93.6,80.9,90.66,10.42,127.34,988.0,2.48,25.5,205.1,24.68,29.94,1.71,1779666300,2026-05-24 23:45:00,96
186669,2026-05-25,26.55,31.0,22.7,89.64,94.8,80.9,66.78,9.86,164.71,810.0,4.47,31.0,82.67,24.73,29.93,2.51,1779752700,2026-05-25 23:45:00,96
186669,2026-05-26,28.76,33.2,24.9,77.41,89.5,62.1,0.0,0.0,270.76,1069.0,8.1,32.5,97.57,24.38,29.93,4.79,1779839100,2026-05-26 23:45:00,96
186669,2026-05-27,29.06,33.3,24.9,71.75,86.8,55.8,0.0,0.0,257.81,1114.0,6.81,30.5,91.88,23.31,29.93,4.59,1779925500,2026-05-27 23:45:00,96
186669,2026-05-28,29.05,33.7,23.8,72.02,86.9,56.8,0.0,0.0,257.71,1106.0,5.92,27.6,86.72,23.37,29.92,4.56,1780011900,2026-05-28 23:45:00,96
186669,2026-05-29,29.5,34.0,24.1,68.25,83.1,53.1,0.0,0.0,281.06,951.0,6.2,24.9,92.97,22.92,29.9,5.17,1780098300,2026-05-29 23:45:00,96
186669,2026-05-30,29.6,35.2,23.9,71.46,88.3,57.0,28.2,4.51,288.25,1063.0,6.43,40.2,95.7,23.77,29.94,5.19,1780184700,2026-05-30 23:45:00,96
186669,2026-05-31,25.53,29.1,23.4,89.73,94.5,87.1,7.59,0.6,139.67,744.0,2.26,30.6,98.06,23.79,29.99,2.02,1780271100,2026-05-31 23:45:00,96
186669,2026-06-01,28.08,32.6,25.1,84.77,92.4,74.5,0.0,0.0,242.4,1074.0,4.27,27.2,101.04,25.29,29.97,4.01,1780357500,2026-06-01 23:45:00,96
186669,2026-06-02,26.81,30.7,24.2,84.6,90.7,74.7,6.36,1.93,226.14,1076.0,4.42,37.0,101.5,24.03,29.96,3.53,1780443900,2026-06-02 23:45:00,96
186669,2026-06-03,27.76,32.3,24.3,81.19,89.3,70.6,0.0,0.0,205.44,1215.0,3.27,22.5,92.66,24.26,29.95,3.24,1780530300,2026-06-03 23:45:00,96
186669,2026-06-04,26.58,30.3,24.4,85.53,90.2,78.7,23.62,3.91,166.88,700.0,4.32,29.4,107.65,23.97,29.97,2.65,1780616700,2026-06-04 23:45:00,96
186669,2026-06-05,25.95,28.3,24.3,89.85,93.5,83.1,3.27,0.63,161.64,679.0,2.22,24.6,94.74,24.2,29.99,2.24,1780703100,2026-06-05 23:45:00,96
186669,2026-06-06,26.4,31.1,24.2,87.67,92.4,77.9,1.77,0.27,192.35,1172.0,4.26,26.2,65.19,24.22,29.94,3.1,1780789500,2026-06-06 23:45:00,96
186669,2026-06-07,26.8,31.3,23.8,86.52,93.1,77.2,3.55,1.52,242.1,1151.0,3.77,22.9,92.9,24.36,29.92,3.59,1780875900,2026-06-07 23:45:00,96
186669,2026-06-08,27.08,30.8,23.8,84.79,93.0,72.4,6.35,1.09,231.99,1199.0,5.28,24.3,94.4,24.3,29.98,3.48,1780962300,2026-06-08 23:45:00,96
186669,2026-06-09,28.54,32.4,23.4,77.23,90.3,64.0,0.0,0.0,337.46,1111.0,6.63,25.7,91.76,24.14,30.0,4.92,1781048700,2026-06-09 23:45:00,96
186669,2026-06-10,28.65,33.1,23.4,76.76,88.8,63.9,0.0,0.0,272.16,1107.0,4.82,25.8,90.62,24.16,29.94,4.26,1781135100,2026-06-10 23:45:00,96
186669,2026-06-11,26.64,31.9,24.3,87.42,92.4,72.4,46.74,6.43,199.98,1106.0,3.69,32.9,133.48,24.42,29.93,3.26,1781221500,2026-06-11 23:45:00,96
186669,2026-06-12,27.2,30.4,23.7,86.81,94.1,76.2,29.21,3.98,218.11,1181.0,6.19,28.3,115.5,24.85,29.97,3.36,1781307900,2026-06-12 23:45:00,96
186669,2026-06-13,28.09,32.3,22.6,75.8,89.9,60.0,0.0,0.0,327.59,1085.0,7.41,32.2,100.86,23.32,29.95,5.53,1781394300,2026-06-13 23:45:00,96
186669,2026-06-14,27.33,32.3,22.8,79.18,88.1,69.0,19.56,3.06,256.95,914.0,5.17,30.7,84.23,23.4,29.95,4.2,1781480700,2026-06-14 23:45:00,96
186669,2026-06-15,27.27,31.2,23.8,84.29,93.2,71.3,0.75,0.07,266.57,1060.0,4.45,26.2,97.61,24.46,29.98,3.68,1781567100,2026-06-15 23:45:00,96
186669,2026-06-16,27.77,30.9,23.9,81.01,91.3,70.7,0.0,0.0,246.29,1171.0,2.1,16.4,139.68,24.24,29.99,3.21,1781653500,2026-06-16 23:45:00,96
186669,2026-06-17,26.74,30.4,23.3,87.47,91.7,76.3,8.64,1.91,194.74,1303.0,2.57,18.9,126.45,24.51,29.99,2.51,1781739900,2026-06-17 23:45:00,96
186669,2026-06-18,25.84,29.6,24.0,90.2,93.5,84.4,13.96,3.65,181.6,956.0,3.12,21.9,106.67,24.14,30.0,2.57,1781826300,2026-06-18 23:45:00,96
186669,2026-06-19,26.52,31.7,23.9,88.73,94.1,76.1,2.79,0.68,277.0,1107.0,3.04,34.2,94.12,24.53,29.99,4.29,1781912700,2026-06-19 23:45:00,96
186669,2026-06-20,26.1,31.5,23.3,87.45,92.2,74.3,5.84,1.7,227.88,1111.0,2.72,25.5,97.84,23.9,29.96,3.61,1781999100,2026-06-20 23:45:00,96
186669,2026-06-21,27.98,32.6,24.2,84.29,93.0,71.9,0.0,0.0,297.37,1085.0,4.45,26.2,87.39,25.09,29.93,4.58,1782085500,2026-06-21 23:45:00,96
186669,2026-06-22,28.52,32.3,24.2,78.71,91.1,65.0,0.0,0.0,311.85,1083.0,6.78,29.3,91.25,24.44,29.96,4.73,1782171900,2026-06-22 23:45:00,96
186669,2026-06-23,28.04,31.7,23.4,78.61,90.5,67.8,0.0,0.0,289.82,1095.0,6.32,25.5,57.74,23.96,29.95,4.43,1782258300,2026-06-23 23:45:00,96
186669,2026-06-24,26.72,30.1,23.8,85.21,91.4,77.7,26.64,7.72,161.71,1192.0,4.16,22.6,115.31,24.03,29.93,2.48,1782344700,2026-06-24 23:45:00,96
186669,2026-06-25,26.96,31.3,23.4,87.79,93.8,79.9,0.25,0.01,283.84,1032.0,3.96,27.4,93.28,24.83,29.96,3.91,1782431100,2026-06-25 23:45:00,96
186669,2026-06-26,28.3,32.4,22.7,78.71,91.5,64.2,0.0,0.0,341.08,1013.0,5.75,32.2,92.31,24.19,29.97,5.22,1782517500,2026-06-26 23:45:00,96
186669,2026-06-27,26.94,30.6,23.7,83.48,90.6,71.7,1.27,0.32,207.84,1187.0,4.62,27.4,75.04,23.92,29.96,3.26,1782603900,2026-06-27 23:45:00,96
186669,2026-06-28,27.07,31.4,23.8,88.67,94.1,75.7,23.87,3.91,236.82,974.0,2.49,26.3,143.35,25.07,29.96,3.66,1782690300,2026-06-28 23:45:00,96
186669,2026-06-29,28.15,31.6,23.6,82.54,91.5,71.7,0.0,0.0,282.6,960.0,4.41,29.1,78.33,24.87,29.92,4.58,1782776700,2026-06-29 23:45:00,96
186669,2026-06-30,28.24,32.8,24.1,83.79,93.2,71.7,15.74,3.44,275.9,1106.0,4.88,41.1,87.05,25.22,29.9,4.47,1782863100,2026-06-30 23:45:00,96
186669,2026-07-01,28.03,32.1,24.1,82.09,91.1,69.0,0.0,0.0,253.82,995.0,4.5,23.5,82.08,24.69,29.89,4.17,1782949500,2026-07-01 23:45:00,96
186669,2026-07-02,28.11,31.1,24.8,83.36,89.4,75.3,3.55,1.02,230.46,1183.0,4.75,23.3,102.4,25.06,29.91,3.53,1783035900,2026-07-02 23:45:00,96
186669,2026-07-03,25.78,29.3,22.8,90.82,94.8,83.9,12.43,3.16,164.76,1104.0,1.56,22.5,123.0,24.2,29.95,2.38,1783122300,2026-07-03 23:45:00,96
186669,2026-07-04,27.08,30.4,24.3,90.92,94.3,84.8,0.76,0.32,191.45,1206.0,2.67,23.5,68.18,25.48,29.95,2.84,1783208700,2026-07-04 23:45:00,96
186669,2026-07-05,26.8,30.3,23.9,87.13,92.2,80.9,17.52,2.35,208.78,1041.0,5.06,35.3,102.9,24.5,29.96,3.32,1783295100,2026-07-05 23:45:00,96
186669,2026-07-06,27.39,31.9,24.2,88.38,94.3,76.7,0.25,0.01,281.99,1130.0,2.58,26.4,143.0,25.34,29.98,3.97,1783381500,2026-07-06 23:45:00,96
186669,2026-07-07,27.39,32.3,24.3,87.48,93.0,77.2,1.27,0.85,244.91,1111.0,3.51,20.9,109.18,25.17,29.98,3.9,1783467900,2026-07-07 23:45:00,96
186669,2026-07-08,27.83,31.7,23.9,85.72,92.6,76.8,0.5,0.06,254.01,1083.0,4.74,24.9,91.04,25.26,29.96,3.99,1783554300,2026-07-08 23:45:00,96
186669,2026-07-09,28.16,32.1,24.2,84.24,92.1,74.8,0.0,0.0,240.82,919.0,4.94,25.4,91.85,25.29,29.95,3.87,1783640700,2026-07-09 23:45:00,96
186669,2026-07-10,28.37,32.2,24.4,80.89,91.7,68.6,0.0,0.0,285.51,960.0,6.41,29.6,85.71,24.75,29.94,4.61,1783727100,2026-07-10 23:45:00,96
186669,2026-07-11,27.54,32.0,24.2,83.97,90.2,74.7,0.25,0.01,244.75,1030.0,5.31,26.8,90.43,24.65,29.93,3.81,1783813500,2026-07-11 23:45:00,96
186669,2026-07-12,25.7,31.4,23.4,87.87,92.4,77.9,14.72,3.64,151.47,949.0,2.81,19.3,90.03,23.55,29.96,2.87,1783899900,2026-07-12 23:45:00,96
186669,2026-07-13,25.92,30.9,23.4,90.18,94.1,81.0,2.02,0.21,195.15,1053.0,3.17,21.4,70.32,24.19,29.98,3.68,1783986300,2026-07-13 23:45:00,96
186669,2026-07-14,27.46,32.7,23.8,84.28,92.7,68.4,0.0,0.0,246.46,1037.0,4.53,26.8,79.43,24.49,29.97,4.84,1784072700,2026-07-14 23:45:00,96
186669,2026-07-15,27.28,31.1,23.8,82.26,90.0,73.6,2.29,0.93,202.76,1134.0,4.66,28.7,78.94,23.97,29.96,3.96,1784159100,2026-07-15 23:45:00,96
186669,2026-07-16,27.36,32.3,23.9,82.83,90.8,72.6,0.0,0.0,183.75,1114.0,4.5,26.3,90.65,24.15,29.96,3.58,1784245500,2026-07-16 23:45:00,96
186669,2026-07-17,26.88,30.8,23.8,84.66,90.5,77.8,1.26,0.37,199.09,1211.0,4.51,25.7,81.29,24.07,29.96,3.73,1784331900,2026-07-17 23:45:00,96
186669,2026-07-18,25.13,27.2,23.8,90.64,93.8,85.5,29.72,3.24,98.47,759.0,3.76,24.2,66.58,23.52,29.93,1.72,1784418300,2026-07-18 23:45:00,96
186669,2026-07-19,26.74,32.1,23.7,89.25,94.9,73.9,0.0,0.0,222.5,1107.0,5.21,23.4,71.93,24.79,29.89,4.31,1784504700,2026-07-19 23:45:00,96
186669,2026-07-20,26.27,29.4,24.4,88.39,91.8,83.3,3.04,1.29,130.4,601.0,2.57,27.0,77.0,24.21,29.91,2.41,1784591100,2026-07-20 23:45:00,96
186669,2026-07-21,26.86,31.1,23.6,86.13,93.2,73.0,0.0,0.0,205.6,1004.0,3.43,23.9,57.97,24.31,29.91,3.94,1784677500,2026-07-21 23:45:00,96
186669,2026-07-22,26.06,31.9,22.7,84.0,90.1,74.7,0.0,0.0,194.03,1236.0,3.36,32.2,78.2,23.13,29.88,3.78,1784763900,2026-07-22 23:45:00,96
186669,2026-07-23,26.94,32.3,23.0,84.29,91.6,69.9,0.0,0.0,230.69,1093.0,3.35,24.8,79.77,24.03,29.91,4.45,1784850300,2026-07-23 23:45:00,96
186669,2026-07-24,27.41,31.6,24.2,82.54,91.0,71.3,0.0,0.0,205.48,1072.0,4.01,24.1,69.29,24.14,29.93,3.97,1784936700,2026-07-24 23:45:00,96
186669,2026-07-25,25.77,31.2,24.1,87.77,91.6,78.4,12.92,2.13,136.91,1120.0,3.21,29.0,96.42,23.59,29.97,2.59,1785023100,2026-07-25 23:45:00,96
186669,2026-07-26,26.41,32.7,23.1,88.42,93.8,70.8,2.79,1.14,223.78,1121.0,3.03,23.5,106.7,24.32,29.96,4.27,1785109500,2026-07-26 23:45:00,96
186669,2026-07-27,26.9,32.9,22.9,86.29,94.0,68.4,0.0,0.0,224.6,1039.0,1.89,16.8,141.2,24.33,29.96,4.3,1785195900,2026-07-27 23:45:00,96
186669,2026-07-28,27.63,33.2,24.1,83.08,91.6,67.9,0.0,0.0,222.8,1035.0,2.78,21.4,76.53,24.44,29.93,4.28,1785282300,2026-07-28 23:45:00,96
186669,2026-07-29,27.15,32.1,24.4,86.39,92.1,76.7,18.8,3.58,186.66,1143.0,3.51,28.7,68.96,24.69,29.93,3.44,1785368700,2026-07-29 23:45:00,96
186669,2026-07-30,27.08,32.3,23.6,86.92,92.4,74.8,0.51,0.19,227.92,1090.0,3.59,29.0,98.64,24.72,29.94,4.43,1785455100,2026-07-30 23:45:00,96
186669,2026-07-31,26.74,33.4,23.6,86.25,91.2,71.9,4.32,1.03,195.82,1174.0,2.68,32.5,109.56,24.24,29.95,3.9,1785541500,2026-07-31 23:45:00,96
186669,2026-08-01,27.56,33.1,24.0,84.29,92.8,65.8,0.0,0.0,254.05,954.0,2.98,28.3,98.48,24.6,29.95,4.88,1785627900,2026-08-01 23:45:00,96
186669,2026-08-02,27.13,33.1,21.9,81.24,90.3,68.5,0.0,0.0,232.56,1004.0,3.39,21.7,93.91,23.6,29.93,4.25,1785708000,2026-08-02 22:00:00,89
186730,2026-05-05,34.25,35.7,31.6,39.04,42.4,37.4,0.0,0.0,120.8,475.0,8.19,26.7,91.47,18.22,29.85,0.69,1778024700,2026-05-05 23:45:00,15
186730,2026-05-06,30.85,35.3,26.2,58.62,78.1,43.0,0.0,0.0,253.83,990.0,13.17,32.2,86.46,21.55,29.94,5.49,1778111100,2026-05-06 23:45:00,96
186730,2026-05-07,28.58,32.4,25.7,67.57,79.6,50.4,0.0,0.0,209.69,828.0,12.52,35.7,70.76,21.87,29.95,2.35,1778169600,2026-05-07 16:00:00,65
186730,2026-05-08,29.17,35.4,25.4,65.91,80.5,44.8,0.0,0.0,283.98,937.0,12.87,33.2,61.04,22.06,29.9,3.32,1778265900,2026-05-08 18:45:00,75
186730,2026-05-09,29.39,35.4,25.4,61.34,76.7,39.1,0.0,0.0,301.78,861.0,14.82,32.2,64.96,20.96,29.88,3.94,1778355900,2026-05-09 19:45:00,75
186730,2026-05-10,30.6,35.8,25.2,56.12,77.7,40.9,0.0,0.0,301.08,923.0,14.78,45.8,75.01,20.61,29.89,6.15,1778456700,2026-05-10 23:45:00,96
186730,2026-05-11,30.92,36.2,25.8,57.76,77.7,39.9,0.0,0.0,297.49,937.0,14.46,33.0,67.05,21.27,29.91,6.4,1778543100,2026-05-11 23:45:00,96
186730,2026-05-12,29.13,34.9,25.7,65.68,77.0,46.8,0.0,0.0,159.26,949.0,11.27,30.1,80.07,21.97,29.95,2.79,1778629500,2026-05-12 23:45:00,76
186730,2026-05-13,29.92,34.0,25.5,67.24,87.7,48.6,0.0,0.0,250.17,986.0,7.87,28.4,109.46,23.03,29.96,4.3,1778711400,2026-05-13 22:30:00,91
186730,2026-05-14,29.84,34.6,25.3,65.89,82.2,46.8,0.0,0.0,368.18,979.0,8.36,27.9,112.02,22.63,29.97,4.28,1778788800,2026-05-14 20:00:00,70
186730,2026-05-15,29.87,35.4,25.6,62.19,78.9,42.1,0.0,0.0,162.5,868.0,10.35,36.4,77.49,21.61,29.96,2.18,1778888700,2026-05-15 23:45:00,73
186730,2026-05-16,29.46,35.5,26.4,66.46,81.5,46.9,0.0,0.0,116.82,895.0,16.7,40.0,64.07,22.33,29.92,2.49,1778975100,2026-05-16 23:45:00,76
186730,2026-05-17,29.22,34.6,25.6,66.85,81.1,45.3,0.0,0.0,169.52,826.0,13.72,33.0,73.09,22.11,29.92,3.26,1779061500,2026-05-17 23:45:00,83
186730,2026-05-18,27.44,33.0,25.0,68.55,81.1,48.5,0.0,0.0,8.62,188.0,9.65,29.8,41.16,20.81,29.94,0.38,1779147900,2026-05-18 23:45:00,49
186730,2026-05-19,29.33,33.3,24.9,61.32,79.0,49.8,0.0,0.0,85.96,487.0,9.76,27.6,75.49,20.95,29.93,1.62,1779234300,2026-05-19 23:45:00,76
186730,2026-05-20,29.83,33.9,25.8,62.85,76.6,52.8,0.0,0.0,93.62,909.0,9.89,26.7,66.11,21.88,29.91,1.98,1779320700,2026-05-20 23:45:00,77
186730,2026-05-21,31.45,35.3,26.2,61.72,81.4,49.5,2.4,0.61,204.06,976.0,8.49,26.8,97.21,22.98,29.9,3.92,1779407100,2026-05-21 23:45:00,88
186730,2026-05-22,28.52,32.9,24.9,78.17,90.3,54.9,14.6,2.86,190.03,990.0,6.29,21.1,193.66,24.24,29.94,2.81,1779493500,2026-05-22 23:45:00,95
186730,2026-05-23,27.77,28.7,25.8,75.63,77.0,74.1,0.0,0.0,0.0,0.0,9.53,22.3,159.0,22.6,29.94,0.0,1779496200,2026-05-23 00:30:00,3
186730,2026-05-24,27.55,29.3,25.7,82.48,88.6,76.8,0.0,0.0,152.81,531.0,4.76,16.9,187.43,24.3,29.92,0.71,1779666300,2026-05-24 23:45:00,21
186730,2026-05-25,25.43,28.3,22.4,88.87,92.6,82.9,38.0,17.15,132.78,856.0,7.72,32.2,84.33,23.51,29.94,1.42,1779752700,2026-05-25 23:45:00,88
186730,2026-05-26,27.56,31.9,24.9,81.19,89.9,61.9,0.0,0.0,189.42,990.0,9.32,31.4,56.33,24.01,29.95,2.38,1779839100,2026-05-26 23:45:00,79
186730,2026-05-27,28.45,32.1,24.6,72.96,87.8,57.2,0.0,0.0,253.56,995.0,10.26,32.8,78.33,23.04,29.93,4.53,1779925500,2026-05-27 23:45:00,96
186730,2026-05-28,27.79,32.2,24.4,74.51,86.9,59.8,0.0,0.0,185.91,854.0,8.91,25.8,70.89,22.82,29.93,1.95,1780011900,2026-05-28 23:45:00,75
186730,2026-05-29,29.03,32.6,24.7,68.33,84.6,55.4,0.0,0.0,283.66,823.0,9.73,33.5,78.01,22.55,29.91,5.16,1780098300,2026-05-29 23:45:00,96
186730,2026-05-30,29.81,33.6,25.1,68.82,85.7,57.1,0.0,0.0,238.37,1016.0,7.45,38.6,84.94,23.38,29.93,4.18,1780184700,2026-05-30 23:45:00,91
186730,2026-05-31,25.52,28.8,22.5,87.71,92.1,76.0,35.6,4.3,239.83,932.0,8.13,56.0,154.96,23.4,30.0,3.36,1780267500,2026-05-31 22:45:00,91
186730,2026-06-01,28.21,32.1,25.3,81.4,90.4,67.7,2.6,0.53,334.02,1056.0,8.38,38.6,89.93,24.65,29.96,4.18,1780357500,2026-06-01 23:45:00,81
186730,2026-06-02,26.77,30.8,24.2,83.97,90.6,74.5,1.2,0.73,260.59,1009.0,9.53,45.1,78.7,23.84,29.96,4.09,1780443900,2026-06-02 23:45:00,96
186730,2026-06-03,27.04,30.3,24.7,83.16,89.0,77.2,0.8,0.92,213.23,872.0,5.9,26.8,102.52,23.97,29.96,3.21,1780530300,2026-06-03 23:45:00,96
186730,2026-06-04,25.44,27.7,23.7,88.63,91.4,83.4,22.4,3.52,122.99,696.0,5.73,33.8,117.99,23.45,29.98,1.8,1780616700,2026-06-04 23:45:00,94
186730,2026-06-05,24.76,26.8,23.7,91.31,92.3,89.9,2.8,0.53,113.4,635.0,4.64,17.6,70.79,23.3,30.0,1.19,1780703100,2026-06-05 23:45:00,80
186730,2026-06-06,27.0,31.3,23.8,85.05,92.4,73.2,2.0,0.88,261.45,1100.0,6.28,32.2,69.03,24.23,29.94,4.22,1780789500,2026-06-06 23:45:00,95
186730,2026-06-07,25.82,30.1,23.8,86.88,90.7,80.1,6.2,1.86,179.59,1097.0,6.03,25.2,87.23,23.51,29.93,2.59,1780875900,2026-06-07 23:45:00,96
186730,2026-06-08,26.82,29.6,23.5,84.85,91.7,74.3,0.8,0.06,244.56,872.0,9.83,33.8,66.04,24.06,29.99,3.16,1780962300,2026-06-08 23:45:00,57
186730,2026-06-09,27.75,31.2,24.2,79.35,89.9,67.4,0.0,0.0,272.21,984.0,7.09,25.9,70.79,23.84,30.0,4.34,1781048700,2026-06-09 23:45:00,96
186730,2026-06-10,27.85,31.4,23.7,76.77,87.4,67.4,0.0,0.0,256.89,1027.0,9.14,28.9,61.89,23.42,29.95,4.4,1781135100,2026-06-10 23:45:00,95
186730,2026-06-11,26.92,30.3,24.5,83.77,90.1,75.1,0.8,0.05,193.89,1078.0,7.54,30.5,88.77,23.95,29.93,2.99,1781221500,2026-06-11 23:45:00,93
186730,2026-06-12,26.84,30.5,24.1,85.54,91.7,75.6,0.0,0.0,198.83,1039.0,8.77,28.9,84.07,24.24,29.96,2.72,1781307900,2026-06-12 23:45:00,94
186730,2026-06-13,25.94,29.3,23.7,83.55,89.1,66.4,0.0,0.0,181.0,925.0,7.68,29.0,60.24,22.95,29.97,1.04,1781392500,2026-06-13 23:15:00,58
186730,2026-06-14,27.99,32.2,23.6,74.93,87.5,62.7,0.2,0.01,266.22,766.0,8.77,31.3,67.0,23.1,29.95,4.52,1781480700,2026-06-14 23:45:00,96
186730,2026-06-15,26.5,29.1,24.3,82.76,90.4,74.7,0.2,0.01,167.19,633.0,7.92,28.5,64.07,23.33,29.98,2.71,1781567100,2026-06-15 23:45:00,89
186730,2026-06-16,26.61,30.5,23.2,84.45,91.0,75.9,0.0,0.0,225.18,979.0,3.69,17.9,158.47,23.82,30.0,3.29,1781653500,2026-06-16 23:45:00,95
186730,2026-06-17,27.14,31.5,24.7,83.87,90.9,72.2,1.4,0.33,197.61,1053.0,5.55,31.1,121.17,24.2,30.0,3.23,1781739900,2026-06-17 23:45:00,95
186730,2026-06-18,25.88,30.3,23.8,86.98,91.4,75.9,0.6,0.05,184.73,1041.0,6.67,37.7,79.81,23.56,30.0,2.67,1781826300,2026-06-18 23:45:00,94
186730,2026-06-19,26.18,31.2,23.7,86.63,92.0,75.9,0.2,0.01,210.62,1157.0,5.02,29.8,70.75,23.81,30.0,3.08,1781912700,2026-06-19 23:45:00,96
186730,2026-06-20,26.82,31.5,23.3,83.52,90.9,70.6,2.4,0.62,224.05,1058.0,6.72,25.7,71.76,23.81,29.96,3.6,1781999100,2026-06-20 23:45:00,95
186730,2026-06-21,25.5,27.7,24.7,85.1,86.2,82.1,0.0,0.0,0.0,0.0,6.88,19.0,48.0,22.8,29.91,0.03,1782085500,2026-06-21 23:45:00,4
186730,2026-06-22,27.7,31.8,24.1,80.72,91.2,63.8,11.6,3.26,283.91,942.0,10.19,32.8,73.84,24.03,29.97,4.59,1782171900,2026-06-22 23:45:00,95
186730,2026-06-23,28.0,32.6,23.8,73.64,88.5,57.0,0.0,0.0,265.66,925.0,14.09,32.3,37.84,22.78,29.96,4.93,1782258300,2026-06-23 23:45:00,94
186730,2026-06-24,27.47,31.4,23.7,78.8,88.7,69.1,17.8,1.77,201.52,949.0,10.76,42.3,56.19,23.46,29.93,3.85,1782344700,2026-06-24 23:45:00,96
186730,2026-06-25,24.82,27.9,23.6,88.55,90.9,86.3,0.2,0.07,5.12,81.0,2.25,10.5,71.5,22.84,29.96,0.0,1782431100,2026-06-25 23:45:00,41
186730,2026-06-26,28.45,31.5,25.1,74.26,87.8,62.8,0.0,0.0,68.29,329.0,5.83,19.2,66.76,23.17,29.95,0.51,1782517500,2026-06-26 23:45:00,21
186730,2026-06-27,27.75,32.3,23.9,76.93,89.0,64.0,0.0,0.0,225.89,998.0,9.33,26.2,53.83,23.33,29.97,3.0,1782603900,2026-06-27 23:45:00,82
186730,2026-06-28,26.93,30.0,23.0,83.47,90.4,72.7,1.0,0.05,168.12,809.0,7.04,29.7,133.17,23.92,29.96,2.54,1782690300,2026-06-28 23:45:00,96
186730,2026-06-29,27.59,32.9,24.3,80.95,90.3,61.3,0.0,0.0,176.22,960.0,7.11,31.5,90.86,23.98,29.93,2.3,1782776700,2026-06-29 23:45:00,80
186730,2026-06-30,28.15,32.1,25.3,80.79,90.1,70.1,4.2,2.07,208.58,909.0,8.93,30.2,82.93,24.5,29.91,3.41,1782863100,2026-06-30 23:45:00,89
186730,2026-07-01,28.22,33.2,24.1,78.34,90.1,63.7,0.0,0.0,300.83,1081.0,7.85,26.7,90.46,24.04,29.89,4.94,1782949500,2026-07-01 23:45:00,96
186730,2026-07-02,28.52,32.1,25.0,75.5,87.8,67.4,0.0,0.0,155.33,911.0,10.54,26.6,63.44,23.83,29.91,2.44,1783035900,2026-07-02 23:45:00,77
186730,2026-07-03,25.81,28.7,22.1,87.0,91.2,76.2,3.6,0.81,142.03,976.0,5.25,27.4,166.42,23.47,29.96,1.98,1783122300,2026-07-03 23:45:00,96
186730,2026-07-04,26.29,29.8,24.2,88.33,91.7,77.7,0.0,0.0,173.6,1076.0,5.41,18.8,62.02,24.26,29.97,1.61,1783208700,2026-07-04 23:45:00,76
186730,2026-07-05,27.43,31.1,24.2,80.68,89.5,73.0,0.0,0.0,221.92,1049.0,7.14,28.8,66.89,23.82,29.97,3.37,1783290600,2026-07-05 22:30:00,91
186730,2026-07-06,26.89,31.3,24.1,86.06,91.5,74.6,14.2,3.15,307.64,1025.0,5.67,23.2,125.36,24.42,29.98,3.67,1783381500,2026-07-06 23:45:00,80
186730,2026-07-07,27.63,31.8,24.7,84.85,91.4,76.3,0.0,0.0,170.69,861.0,3.68,21.2,144.93,24.87,29.97,2.08,1783467900,2026-07-07 23:45:00,76
186730,2026-07-08,28.02,30.7,25.2,81.59,89.0,73.9,0.0,0.0,137.39,976.0,4.54,33.6,103.56,24.56,29.95,2.06,1783554300,2026-07-08 23:45:00,76
186730,2026-07-09,28.07,31.4,24.4,81.09,90.7,69.8,0.0,0.0,223.89,770.0,9.35,33.2,80.64,24.52,29.95,3.31,1783640700,2026-07-09 23:45:00,90
186730,2026-07-10,27.9,31.4,23.7,78.91,91.3,67.1,17.8,4.18,202.15,886.0,8.22,40.2,81.37,23.81,29.94,2.85,1783727100,2026-07-10 23:45:00,80
186730,2026-07-11,26.03,30.8,23.9,83.12,88.9,74.2,0.0,0.0,89.95,640.0,9.89,28.3,59.71,22.92,29.93,1.67,1783813500,2026-07-11 23:45:00,76
186730,2026-07-12,25.49,31.3,23.7,85.59,89.8,70.5,17.0,3.86,87.62,677.0,6.23,49.9,60.92,22.79,29.96,1.3,1783899900,2026-07-12 23:45:00,78
186730,2026-07-13,25.52,28.8,23.7,89.22,91.5,83.4,1.2,0.08,128.34,944.0,7.14,26.2,61.98,23.64,29.99,2.2,1783986300,2026-07-13 23:45:00,87
186730,2026-07-14,26.83,32.1,23.2,84.56,91.4,69.5,0.0,0.0,197.57,967.0,7.75,26.7,72.94,23.92,29.97,4.15,1784072700,2026-07-14 23:45:00,95
186730,2026-07-15,27.16,32.7,23.9,80.73,89.5,65.2,0.0,0.0,133.71,965.0,7.82,28.6,65.33,23.45,29.95,2.51,1784159100,2026-07-15 23:45:00,78
186730,2026-07-16,27.29,32.1,23.5,79.6,89.1,66.0,0.2,0.0,192.6,1021.0,9.96,32.5,63.77,23.38,29.96,4.39,1784245500,2026-07-16 23:45:00,95
186730,2026-07-17,26.77,31.7,23.4,82.18,90.3,68.1,0.0,0.0,187.53,1062.0,8.97,26.7,67.56,23.41,29.96,3.62,1784331900,2026-07-17 23:45:00,88
186730,2026-07-18,25.3,29.4,23.1,88.98,91.3,81.1,66.6,7.95,134.99,856.0,9.99,38.5,57.4,23.35,29.94,2.37,1784418300,2026-07-18 23:45:00,86
186730,2026-07-19,24.95,28.2,23.9,89.75,90.8,85.4,0.0,0.0,89.3,919.0,9.51,22.5,47.22,23.11,29.92,0.74,1784474100,2026-07-19 15:15:00,37
186730,2026-07-20,26.13,29.4,23.8,86.59,90.4,80.5,0.2,0.0,128.89,613.0,6.67,23.6,69.43,23.73,29.91,2.04,1784591100,2026-07-20 23:45:00,81
186730,2026-07-21,25.95,29.9,23.8,86.17,90.0,75.9,0.0,0.0,149.96,868.0,8.17,22.8,56.66,23.48,29.93,1.91,1784677500,2026-07-21 23:45:00,76
186730,2026-07-22,26.4,31.7,22.5,81.43,89.8,67.8,0.0,0.0,233.74,979.0,8.75,33.2,69.73,22.8,29.89,4.7,1784763900,2026-07-22 23:45:00,96
186730,2026-07-23,27.36,32.4,23.1,80.08,89.5,63.1,0.0,0.0,224.64,986.0,8.12,28.5,68.64,23.52,29.91,4.57,1784850300,2026-07-23 23:45:00,92
186730,2026-07-24,28.01,33.6,23.6,76.52,88.5,60.2,0.0,0.0,236.51,983.0,9.7,30.9,69.96,23.35,29.93,5.24,1784936700,2026-07-24 23:45:00,96
186730,2026-07-25,26.1,31.1,24.1,82.69,89.7,69.3,4.6,4.67,33.18,178.0,9.97,38.9,65.55,22.79,29.94,0.39,1785023100,2026-07-25 23:45:00,29
186730,2026-07-26,25.23,31.1,23.2,87.88,91.0,75.8,1.6,0.13,153.53,1030.0,7.56,32.2,101.32,23.07,29.97,3.11,1785109500,2026-07-26 23:45:00,96
186730,2026-07-27,25.61,32.1,22.3,85.37,91.6,69.5,0.0,0.0,109.96,768.0,2.66,17.7,161.14,22.82,29.95,1.8,1785195900,2026-07-27 23:45:00,76
186730,2026-07-28,26.22,30.2,24.1,83.65,88.2,71.1,0.0,0.0,103.97,928.0,6.53,24.9,52.19,23.24,29.95,1.12,1785282300,2026-07-28 23:45:00,63
186730,2026-07-29,27.58,32.9,24.2,82.48,90.6,66.1,2.0,0.18,213.51,1071.0,8.96,38.6,72.27,24.23,29.94,4.33,1785368700,2026-07-29 23:45:00,93
186730,2026-07-30,29.04,32.7,24.4,76.43,86.6,65.0,1.8,1.2,334.15,976.0,10.84,38.8,74.31,24.39,29.93,4.18,1785455100,2026-07-30 23:45:00,55
186730,2026-07-31,26.09,31.9,23.3,84.55,89.7,72.3,16.2,2.97,161.74,1046.0,7.95,40.4,75.36,23.28,29.96,2.96,1785540600,2026-07-31 23:30:00,95
186730,2026-08-01,27.27,32.0,23.3,84.89,91.4,70.2,0.0,0.0,243.12,1081.0,3.76,20.8,100.77,24.46,29.95,3.95,1785627900,2026-08-01 23:45:00,82
186730,2026-08-02,27.08,32.1,23.1,80.07,88.7,63.9,0.0,0.0,222.94,893.0,6.36,25.6,61.22,23.28,29.94,3.89,1785704400,2026-08-02 21:00:00,79
187561,2026-06-13,30.95,31.9,28.6,69.35,75.0,65.7,0.0,0.0,286.59,756.0,7.01,17.7,294.95,24.65,29.88,1.63,1781394300,2026-06-13 23:45:00,22
187561,2026-06-14,28.55,32.7,24.1,78.2,92.8,64.5,0.0,0.0,300.69,881.0,3.98,21.5,209.44,24.36,29.94,4.94,1781480700,2026-06-14 23:45:00,96
187561,2026-06-15,28.11,30.2,25.4,83.86,93.0,72.4,1.8,0.39,197.18,946.0,6.2,24.5,151.68,25.12,29.97,3.09,1781567100,2026-06-15 23:45:00,96
187561,2026-06-16,26.17,29.8,22.7,86.82,94.3,76.2,0.0,0.0,236.07,1308.0,1.92,13.3,78.87,23.87,30.01,3.16,1781653500,2026-06-16 23:45:00,96
187561,2026-06-17,27.85,31.1,24.6,81.62,92.3,73.1,0.0,0.0,283.55,1144.0,3.03,24.9,114.97,24.44,30.0,4.4,1781739900,2026-06-17 23:45:00,96
187561,2026-06-18,27.61,31.9,25.3,84.11,92.5,69.0,3.6,0.76,247.46,974.0,4.78,26.2,133.53,24.67,30.0,3.95,1781826300,2026-06-18 23:45:00,96
187561,2026-06-19,26.42,30.7,24.2,89.45,94.9,76.8,15.6,3.61,231.71,1039.0,6.13,27.6,230.16,24.55,29.99,3.52,1781912700,2026-06-19 23:45:00,96
187561,2026-06-20,28.21,32.4,24.7,82.07,94.3,65.2,0.4,0.01,334.55,879.0,4.1,22.9,221.91,24.85,29.96,4.97,1781999100,2026-06-20 23:45:00,96
187561,2026-06-21,29.31,32.9,25.6,78.48,91.4,65.8,0.0,0.0,297.56,909.0,4.1,25.0,203.55,25.14,29.92,4.86,1782085500,2026-06-21 23:45:00,96
187561,2026-06-22,29.31,32.1,26.0,78.82,91.9,69.8,3.8,3.01,281.68,946.0,6.06,29.7,203.96,25.21,29.96,4.61,1782171900,2026-06-22 23:45:00,96
187561,2026-06-23,29.46,32.7,25.4,74.33,93.3,55.2,0.0,0.0,306.55,986.0,5.33,23.1,196.13,24.22,29.95,5.12,1782258300,2026-06-23 23:45:00,96
187561,2026-06-24,28.12,32.2,25.5,80.1,89.3,64.8,18.2,3.18,219.19,1137.0,4.03,33.4,189.03,24.32,29.93,3.4,1782344700,2026-06-24 23:45:00,96
187561,2026-06-25,26.44,30.2,22.9,89.98,97.1,79.2,29.0,3.96,247.59,1127.0,4.03,41.4,206.97,24.67,29.97,3.5,1782431100,2026-06-25 23:45:00,96
187561,2026-06-26,28.53,31.7,25.2,79.73,93.3,64.0,0.0,0.0,293.38,944.0,4.09,23.6,159.48,24.62,29.98,4.77,1782517500,2026-06-26 23:45:00,96
187561,2026-06-27,28.74,31.9,24.9,79.68,92.2,69.8,0.0,0.0,239.81,974.0,3.06,17.2,154.14,24.87,29.96,3.88,1782603900,2026-06-27 23:45:00,96
187561,2026-06-28,27.02,29.1,24.8,88.54,93.9,78.1,0.0,0.0,112.12,557.0,1.91,14.6,91.59,24.97,29.95,1.49,1782690300,2026-06-28 23:45:00,96
187561,2026-06-29,28.21,32.3,24.3,85.15,95.8,70.7,0.0,0.0,294.22,979.0,2.93,23.1,172.12,25.46,29.93,4.51,1782776700,2026-06-29 23:45:00,96
187561,2026-06-30,27.54,30.6,25.9,87.53,93.9,73.0,8.0,1.84,146.32,865.0,3.64,35.4,135.37,25.31,29.91,2.2,1782863100,2026-06-30 23:45:00,96
187561,2026-07-01,26.73,29.6,24.6,90.86,96.1,85.9,1.8,1.29,180.39,1187.0,3.91,30.7,169.17,25.19,29.9,2.61,1782949500,2026-07-01 23:45:00,96
187561,2026-07-02,28.09,31.6,25.0,85.52,95.5,73.1,0.2,0.01,249.26,1065.0,7.15,30.0,251.68,25.42,29.92,4.17,1783035900,2026-07-02 23:45:00,96
187561,2026-07-03,26.08,28.3,24.0,90.89,95.7,84.6,1.8,5.61,167.63,775.0,2.95,20.7,178.38,24.52,29.96,2.37,1783122300,2026-07-03 23:45:00,96
187561,2026-07-04,26.79,28.9,24.7,88.46,91.7,84.4,0.4,0.03,157.64,1065.0,0.95,15.0,38.73,24.76,29.96,2.24,1783208700,2026-07-04 23:45:00,96
187561,2026-07-05,28.06,30.9,25.2,84.79,88.9,78.0,0.0,0.0,249.44,997.0,3.22,17.7,152.12,25.3,29.96,3.76,1783295100,2026-07-05 23:45:00,96
187561,2026-07-06,27.23,29.5,25.0,84.76,88.4,80.4,3.8,0.63,233.5,1222.0,5.48,29.3,232.46,24.48,29.98,3.58,1783381500,2026-07-06 23:45:00,96
187561,2026-07-07,27.66,30.4,24.9,84.39,87.8,77.0,2.6,0.81,214.36,965.0,3.27,19.0,136.29,24.82,29.99,3.24,1783467900,2026-07-07 23:45:00,96
187561,2026-07-08,26.97,29.8,24.8,86.08,89.6,83.1,0.2,0.01,181.0,838.0,2.55,19.3,143.45,24.49,29.96,2.42,1783554300,2026-07-08 23:45:00,96
187561,2026-07-09,26.56,28.5,25.1,86.3,88.9,82.9,0.2,0.01,175.69,745.0,3.82,21.3,99.6,24.1,29.96,2.52,1783640700,2026-07-09 23:45:00,96
187561,2026-07-10,27.54,30.9,24.5,84.36,88.8,75.4,0.0,0.0,241.42,1053.0,2.52,19.0,133.81,24.67,29.95,3.7,1783727100,2026-07-10 23:45:00,96
187561,2026-07-11,28.29,31.6,24.9,82.0,88.2,74.8,0.0,0.0,224.78,795.0,3.11,14.9,235.18,24.93,29.93,3.57,1783813500,2026-07-11 23:45:00,96
187561,2026-07-12,27.99,30.8,24.9,81.98,88.5,74.9,0.0,0.0,234.32,932.0,3.99,20.1,239.64,24.66,29.96,3.67,1783899900,2026-07-12 23:45:00,96
187561,2026-07-13,28.08,31.7,23.9,81.1,88.8,72.3,1.2,0.48,256.92,1060.0,3.68,20.9,217.19,24.56,29.99,3.85,1783986300,2026-07-13 23:45:00,96
187561,2026-07-14,28.48,32.0,25.2,80.03,88.2,72.1,0.0,0.0,310.1,902.0,4.86,25.4,198.97,24.73,29.97,4.99,1784072700,2026-07-14 23:45:00,96
187561,2026-07-15,28.99,32.1,26.0,79.67,88.3,71.2,0.0,0.0,274.69,993.0,3.5,21.6,198.24,25.12,29.95,4.46,1784159100,2026-07-15 23:45:00,96
187561,2026-07-16,28.68,32.0,25.3,79.65,88.7,70.1,0.0,0.0,298.15,1150.0,3.84,24.1,175.96,24.83,29.95,4.79,1784245500,2026-07-16 23:45:00,96
187561,2026-07-17,29.18,32.4,25.4,77.66,88.6,66.5,0.0,0.0,317.04,1167.0,3.79,24.4,169.51,24.87,29.95,5.19,1784331900,2026-07-17 23:45:00,96
187561,2026-07-18,28.5,32.5,25.4,80.03,88.9,68.7,2.4,0.56,253.12,1111.0,5.25,48.3,205.72,24.71,29.92,4.02,1784418300,2026-07-18 23:45:00,96
187561,2026-07-19,28.19,32.4,24.7,81.55,89.5,69.1,0.0,0.0,314.33,986.0,3.47,17.1,238.03,24.76,29.89,4.86,1784504700,2026-07-19 23:45:00,96
187561,2026-07-20,26.49,28.7,24.4,86.86,89.7,78.4,1.4,0.14,120.55,390.0,2.77,20.6,178.58,24.16,29.92,1.69,1784591100,2026-07-20 23:45:00,96
187561,2026-07-21,27.84,31.2,25.2,84.41,90.3,74.7,0.0,0.0,242.79,1013.0,3.84,18.0,215.45,25.02,29.9,3.72,1784677500,2026-07-21 23:45:00,96
187561,2026-07-22,28.1,30.9,24.9,81.28,89.1,75.2,0.0,0.0,271.39,939.0,3.74,21.9,163.83,24.62,29.88,4.34,1784763900,2026-07-22 23:45:00,96
187561,2026-07-23,27.24,30.2,24.1,85.21,90.2,78.0,8.8,2.72,175.62,898.0,1.65,22.9,111.0,24.57,29.93,2.58,1784850300,2026-07-23 23:45:00,96
187561,2026-07-24,27.95,32.3,24.8,84.51,89.8,75.1,1.2,0.48,261.87,1021.0,1.79,20.0,130.99,25.13,29.93,4.03,1784936700,2026-07-24 23:45:00,96
187561,2026-07-25,29.08,32.4,25.1,80.7,88.9,72.3,0.0,0.0,313.07,1027.0,3.48,20.6,205.92,25.45,29.95,4.95,1785023100,2026-07-25 23:45:00,96
187561,2026-07-26,25.69,29.7,22.8,85.87,90.0,78.7,47.6,5.53,157.83,1199.0,5.09,33.9,175.61,23.12,29.99,2.45,1785109500,2026-07-26 23:45:00,96
187561,2026-07-27,26.98,32.3,22.3,84.81,90.7,74.1,0.2,0.02,360.41,863.0,2.29,17.7,202.28,24.35,29.96,4.79,1785195900,2026-07-27 23:45:00,96
187561,2026-07-28,28.79,32.9,25.1,79.89,88.7,70.6,0.0,0.0,284.16,1092.0,2.41,213.3,171.62,25.04,29.93,4.51,1785282300,2026-07-28 23:45:00,96
187561,2026-07-29,27.42,30.7,24.0,84.29,90.0,72.9,14.4,24.45,210.73,788.0,2.57,26.2,118.3,24.54,29.93,3.11,1785368700,2026-07-29 23:45:00,96
187561,2026-07-30,27.88,32.1,23.7,83.91,90.4,73.4,0.2,0.01,323.37,1051.0,2.45,16.5,148.36,24.95,29.94,4.98,1785455100,2026-07-30 23:45:00,96
187561,2026-07-31,26.49,29.9,24.4,85.57,89.7,77.1,18.4,5.32,171.2,800.0,3.81,39.4,141.7,23.88,29.96,2.53,1785541500,2026-07-31 23:45:00,96
187561,2026-08-01,26.71,32.6,23.2,84.64,90.0,73.4,0.0,0.0,220.06,1049.0,1.01,16.9,32.49,23.89,29.95,3.49,1785627900,2026-08-01 23:45:00,90
187561,2026-08-02,27.92,32.2,24.6,82.08,88.9,70.0,0.0,0.0,236.11,882.0,2.79,20.5,147.09,24.56,29.93,3.83,1785708000,2026-08-02 22:00:00,81
197214,2026-05-05,,,,,,,0.0,0.0,135.47,441.0,10.84,24.1,0.87,,,0.53,1778024700,2026-05-05 23:45:00,15
197214,2026-05-06,,,,,,,0.0,0.0,261.99,821.0,4.8,24.1,3.55,,,4.6,1778111100,2026-05-06 23:45:00,96
197214,2026-05-07,,,,,,,0.0,0.0,230.2,914.0,4.73,30.6,2.31,,,4.25,1778197500,2026-05-07 23:45:00,96
197214,2026-05-08,,,,,,,0.2,0.0,240.05,1011.0,6.5,32.2,0.85,,,3.98,1778283900,2026-05-08 23:45:00,96
197214,2026-05-09,,,,,,,0.0,0.0,278.04,940.0,6.42,24.1,0.95,,,4.83,1778370300,2026-05-09 23:45:00,96
197214,2026-05-10,,,,,,,0.0,0.0,222.61,965.0,5.44,25.7,1.68,,,3.88,1778456700,2026-05-10 23:45:00,96
197214,2026-05-11,,,,,,,0.0,0.0,264.23,951.0,6.14,29.0,2.77,,,4.71,1778543100,2026-05-11 23:45:00,96
197214,2026-05-12,,,,,,,0.0,0.0,221.51,884.0,3.76,25.7,5.35,,,3.85,1778629500,2026-05-12 23:45:00,96
197214,2026-05-13,,,,,,,0.0,0.0,178.96,919.0,1.6,19.3,6.05,,,2.98,1778715900,2026-05-13 23:45:00,96
197214,2026-05-14,,,,,,,0.0,0.0,235.22,986.0,2.67,22.5,6.72,,,4.2,1778802300,2026-05-14 23:45:00,96
197214,2026-05-15,,,,,,,0.0,0.0,238.72,995.0,4.49,32.2,4.0,,,4.4,1778888700,2026-05-15 23:45:00,96
197214,2026-05-16,,,,,,,39.8,4.59,162.32,970.0,3.27,22.5,4.12,,,2.59,1778975100,2026-05-16 23:45:00,96
197214,2026-05-17,,,,,,,0.0,0.0,154.04,524.0,3.33,22.5,4.22,,,2.6,1779061500,2026-05-17 23:45:00,96
197214,2026-05-18,,,,,,,0.0,0.0,193.59,1114.0,5.05,24.1,0.89,,,3.41,1779147900,2026-05-18 23:45:00,96
197214,2026-05-19,,,,,,,0.2,0.0,148.02,888.0,4.08,17.7,2.07,,,2.56,1779234300,2026-05-19 23:45:00,96
197214,2026-05-20,,,,,,,0.0,0.0,157.03,958.0,3.36,20.9,2.51,,,2.67,1779320700,2026-05-20 23:45:00,96
197214,2026-05-21,,,,,,,0.0,0.0,195.16,896.0,3.71,25.7,4.47,,,3.48,1779407100,2026-05-21 23:45:00,96
197214,2026-05-22,,,,,,,16.2,5.19,137.2,1049.0,0.97,25.7,4.2,,,2.15,1779493500,2026-05-22 23:45:00,96
197214,2026-05-23,,,,,,,0.0,0.0,120.39,972.0,1.69,24.1,9.0,,,2.33,1779579900,2026-05-23 23:45:00,96
197214,2026-05-24,,,,,,,3.8,0.47,147.53,925.0,3.06,24.1,4.09,,,2.99,1779666300,2026-05-24 23:45:00,96
197214,2026-05-25,,,,,,,0.2,0.0,154.97,1093.0,3.89,27.4,7.27,,,3.33,1779752700,2026-05-25 23:45:00,96
197214,2026-05-26,,,,,,,0.0,0.0,183.02,951.0,3.52,27.4,3.79,,,3.8,1779839100,2026-05-26 23:45:00,96
197214,2026-05-27,,,,,,,0.0,0.0,185.27,933.0,4.72,25.7,2.96,,,3.86,1779925500,2026-05-27 23:45:00,96
197214,2026-05-28,,,,,,,0.6,0.03,210.9,988.0,5.18,29.0,2.49,,,4.59,1780011900,2026-05-28 23:45:00,96
197214,2026-05-29,,,,,,,6.8,1.11,198.95,886.0,4.53,22.5,3.38,,,4.1,1780098300,2026-05-29 23:45:00,96
197214,2026-05-30,,,,,,,0.0,0.0,225.03,846.0,3.75,32.2,2.79,,,4.62,1780184700,2026-05-30 23:45:00,96
197214,2026-05-31,,,,,,,0.0,0.0,180.77,919.0,6.73,30.6,7.24,,,4.18,1780271100,2026-05-31 23:45:00,96
197214,2026-06-01,,,,,,,1.2,0.27,196.68,974.0,2.81,27.4,5.87,,,4.02,1780357500,2026-06-01 23:45:00,96
197214,2026-06-02,,,,,,,0.4,0.0,148.79,1016.0,4.46,24.1,6.93,,,3.2,1780443900,2026-06-02 23:45:00,96
197214,2026-06-03,,,,,,,0.8,0.26,158.52,1055.0,3.71,27.4,8.64,,,3.31,1780530300,2026-06-03 23:45:00,96
197214,2026-06-04,,,,,,,0.0,0.0,139.08,904.0,3.34,27.4,9.02,,,2.89,1780616700,2026-06-04 23:45:00,96
197214,2026-06-05,,,,,,,2.8,0.58,139.03,949.0,3.4,30.6,8.72,,,2.9,1780703100,2026-06-05 23:45:00,96
197214,2026-06-06,,,,,,,11.4,1.18,140.89,856.0,1.48,29.0,7.35,,,2.88,1780789500,2026-06-06 23:45:00,96
197214,2026-06-07,,,,,,,3.6,0.82,102.73,438.0,2.45,25.7,8.65,,,2.03,1780875900,2026-06-07 23:45:00,96
197214,2026-06-08,,,,,,,1.8,0.03,103.84,689.0,3.0,19.3,4.58,,,2.04,1780962300,2026-06-08 23:45:00,96
197214,2026-06-09,,,,,,,0.2,0.0,218.0,895.0,5.18,30.6,1.48,,,4.5,1781048700,2026-06-09 23:45:00,96
197214,2026-06-10,,,,,,,0.0,0.0,217.1,935.0,5.76,25.7,1.42,,,4.52,1781135100,2026-06-10 23:45:00,96
197214,2026-06-11,,,,,,,14.0,1.3,146.71,1042.0,3.05,20.9,2.41,,,2.92,1781221500,2026-06-11 23:45:00,96
197214,2026-06-12,,,,,,,1.2,0.03,187.9,960.0,3.62,20.9,6.56,,,3.9,1781307900,2026-06-12 23:45:00,96
197214,2026-06-13,,,,,,,0.0,0.0,232.31,893.0,4.75,29.0,3.3,,,4.73,1781394300,2026-06-13 23:45:00,96
197214,2026-06-14,,,,,,,0.0,0.0,229.64,904.0,5.39,29.0,2.4,,,4.63,1781480700,2026-06-14 23:45:00,96
197214,2026-06-15,,,,,,,2.4,0.6,161.27,838.0,3.98,22.5,4.97,,,3.35,1781567100,2026-06-15 23:45:00,96
197214,2026-06-16,,,,,,,2.4,0.56,177.54,837.0,3.64,27.4,6.29,,,3.49,1781653500,2026-06-16 23:45:00,96
197214,2026-06-17,,,,,,,46.8,4.9,133.08,967.0,1.7,16.1,5.02,,,2.49,1781739900,2026-06-17 23:45:00,96
197214,2026-06-18,,,,,,,10.2,1.62,174.29,984.0,4.16,24.1,2.56,,,3.53,1781826300,2026-06-18 23:45:00,96
197214,2026-06-19,,,,,,,21.0,2.49,138.42,1099.0,2.15,19.3,4.12,,,2.78,1781912700,2026-06-19 23:45:00,96
197214,2026-06-20,,,,,,,35.4,3.71,175.49,988.0,2.42,25.7,2.87,,,3.45,1781999100,2026-06-20 23:45:00,96
197214,2026-06-21,,,,,,,1.8,0.2,200.77,984.0,4.47,22.5,2.59,,,4.08,1782085500,2026-06-21 23:45:00,96
197214,2026-06-22,,,,,,,17.2,3.09,209.23,990.0,4.61,30.6,3.04,,,4.17,1782171900,2026-06-22 23:45:00,96
197214,2026-06-23,,,,,,,0.0,0.0,184.71,993.0,7.12,27.4,1.12,,,3.83,1782258300,2026-06-23 23:45:00,96
197214,2026-06-24,,,,,,,4.6,1.03,158.55,1049.0,4.42,25.7,2.09,,,3.17,1782344700,2026-06-24 23:45:00,96
197214,2026-06-25,,,,,,,0.2,0.0,179.3,949.0,4.55,22.5,6.82,,,3.62,1782431100,2026-06-25 23:45:00,96
197214,2026-06-26,,,,,,,0.0,0.0,224.04,854.0,3.99,25.7,2.23,,,4.57,1782517500,2026-06-26 23:45:00,96
197214,2026-06-27,,,,,,,0.4,0.0,199.21,926.0,4.44,25.7,2.37,,,4.03,1782603900,2026-06-27 23:45:00,96
197214,2026-06-28,,,,,,,1.8,0.07,147.51,893.0,3.32,22.5,6.29,,,3.03,1782690300,2026-06-28 23:45:00,96
197214,2026-06-29,,,,,,,0.0,0.0,203.41,1041.0,4.66,27.4,6.78,,,4.28,1782776700,2026-06-29 23:45:00,96
197214,2026-06-30,,,,,,,10.0,14.76,154.92,809.0,3.62,19.3,3.56,,,3.06,1782863100,2026-06-30 23:45:00,96
197214,2026-07-01,,,,,,,0.0,0.0,143.26,976.0,3.58,24.1,4.9,,,2.95,1782949500,2026-07-01 23:45:00,96
197214,2026-07-02,,,,,,,10.2,1.37,132.42,1011.0,2.45,20.9,3.96,,,2.65,1783035900,2026-07-02 23:45:00,96
197214,2026-07-03,,,,,,,4.6,0.79,86.91,381.0,1.82,19.3,6.79,,,1.58,1783122300,2026-07-03 23:45:00,96
197214,2026-07-04,,,,,,,0.0,0.0,135.02,722.0,1.67,17.7,3.33,,,2.55,1783208700,2026-07-04 23:45:00,96
197214,2026-07-05,,,,,,,0.0,0.0,208.6,933.0,6.12,27.4,1.25,,,4.28,1783295100,2026-07-05 23:45:00,96
197214,2026-07-06,,,,,,,1.2,0.15,180.5,1120.0,3.48,22.5,4.82,,,3.73,1783381500,2026-07-06 23:45:00,96
197214,2026-07-07,,,,,,,0.8,0.32,183.56,1093.0,2.34,24.1,7.08,,,3.59,1783467900,2026-07-07 23:45:00,96
197214,2026-07-08,,,,,,,0.6,0.02,158.95,932.0,2.34,22.5,5.36,,,3.2,1783554300,2026-07-08 23:45:00,96
197214,2026-07-09,,,,,,,6.6,1.36,142.57,812.0,2.12,27.4,7.45,,,2.86,1783640700,2026-07-09 23:45:00,96
197214,2026-07-10,,,,,,,0.6,0.0,158.62,893.0,6.14,27.4,1.53,,,3.41,1783727100,2026-07-10 23:45:00,96
197214,2026-07-11,,,,,,,1.2,0.06,136.48,1034.0,4.5,20.9,1.5,,,2.76,1783813500,2026-07-11 23:45:00,96
197214,2026-07-12,,,,,,,10.2,1.58,124.91,907.0,1.95,24.1,3.4,,,2.41,1783899900,2026-07-12 23:45:00,96
197214,2026-07-13,,,,,,,13.8,2.67,126.88,1046.0,1.92,29.0,3.91,,,2.42,1783986300,2026-07-13 23:45:00,96
197214,2026-07-14,,,,,,,7.2,1.58,176.2,895.0,2.14,19.3,4.18,,,3.4,1784072700,2026-07-14 23:45:00,96
197214,2026-07-15,,,,,,,0.4,0.0,213.73,918.0,3.62,25.7,1.52,,,4.25,1784159100,2026-07-15 23:45:00,96
197214,2026-07-16,,,,,,,0.4,0.0,139.77,972.0,4.49,20.9,1.41,,,2.84,1784245500,2026-07-16 23:45:00,96
197214,2026-07-17,,,,,,,0.6,0.02,209.71,1011.0,4.79,25.7,1.88,,,4.2,1784331900,2026-07-17 23:45:00,96
197214,2026-07-18,,,,,,,0.6,0.0,140.54,1069.0,6.68,33.8,1.43,,,3.08,1784418300,2026-07-18 23:45:00,96
197214,2026-07-19,,,,,,,1.4,0.15,138.12,1039.0,5.96,30.6,1.17,,,3.03,1784504700,2026-07-19 23:45:00,96
197214,2026-07-20,,,,,,,33.2,3.4,80.69,657.0,2.53,17.7,1.61,,,1.49,1784591100,2026-07-20 23:45:00,96
197214,2026-07-21,,,,,,,0.2,0.05,175.72,837.0,3.82,22.5,2.58,,,3.53,1784677500,2026-07-21 23:45:00,96
197214,2026-07-22,,,,,,,0.0,0.0,210.72,888.0,3.21,20.9,2.07,,,4.15,1784763900,2026-07-22 23:45:00,96
197214,2026-07-23,,,,,,,1.0,0.28,150.65,1007.0,3.3,22.5,6.05,,,2.98,1784850300,2026-07-23 23:45:00,96
197214,2026-07-24,,,,,,,3.0,0.31,200.55,1002.0,4.58,24.1,1.69,,,3.95,1784936700,2026-07-24 23:45:00,96
197214,2026-07-25,,,,,,,4.0,0.38,183.36,1021.0,4.8,27.4,1.58,,,3.78,1785023100,2026-07-25 23:45:00,96
197214,2026-07-26,,,,,,,22.6,2.63,164.12,1002.0,2.64,29.0,7.23,,,3.25,1785109500,2026-07-26 23:45:00,96
197214,2026-07-27,,,,,,,0.0,0.0,233.72,898.0,3.26,25.7,7.76,,,4.59,1785195900,2026-07-27 23:45:00,96
197214,2026-07-28,,,,,,,17.0,3.2,251.49,823.0,3.28,22.5,1.73,,,4.01,1785271500,2026-07-28 20:45:00,84
200814,2026-06-20,29.28,30.4,28.4,81.64,84.2,76.9,0.0,0.16,4.0,16.0,0.0,16.1,53.4,25.68,29.9,0.0,1781999100,2026-06-20 23:45:00,5
200814,2026-06-21,27.67,33.4,24.1,83.08,91.6,64.5,0.0,0.0,261.74,998.0,1.36,16.9,70.65,24.46,29.96,4.9,1782082800,2026-06-21 23:00:00,93
200814,2026-06-22,27.78,32.7,24.2,84.59,93.3,68.8,3.8,2.36,217.04,1041.0,1.23,17.9,95.44,24.9,30.01,3.39,1782171900,2026-06-22 23:45:00,82
200814,2026-06-23,26.85,31.9,24.1,84.19,89.9,61.1,0.0,0.0,160.17,972.0,1.07,16.1,76.36,23.88,30.0,1.86,1782258300,2026-06-23 23:45:00,75
200814,2026-06-24,27.54,33.3,25.2,78.36,86.7,63.8,0.0,0.0,203.81,990.0,1.98,27.1,141.15,23.38,29.96,3.92,1782344700,2026-06-24 23:45:00,96
200814,2026-06-25,26.1,31.2,22.3,86.35,93.7,70.8,9.2,0.94,206.87,1155.0,1.33,25.7,140.11,23.6,30.01,3.57,1782431100,2026-06-25 23:45:00,90
200814,2026-06-26,27.25,31.8,22.8,83.2,93.0,66.1,0.0,0.0,246.6,868.0,2.42,20.0,32.45,24.03,30.02,4.8,1782517500,2026-06-26 23:45:00,96
200814,2026-06-27,26.76,31.8,21.8,83.82,92.6,70.3,0.0,0.0,176.31,1136.0,0.71,13.1,71.47,23.74,29.99,3.32,1782603900,2026-06-27 23:45:00,96
200814,2026-06-28,25.3,27.3,23.9,91.51,94.1,82.8,22.4,3.87,65.26,311.0,1.41,24.1,85.58,23.86,29.99,0.97,1782690300,2026-06-28 23:45:00,79
200814,2026-06-29,25.22,32.2,22.6,90.31,94.4,72.8,0.0,0.0,72.47,868.0,0.19,7.9,48.68,23.48,29.97,1.01,1782776700,2026-06-29 23:45:00,75
200814,2026-06-30,25.84,28.4,24.5,89.36,92.9,84.3,12.0,2.47,43.49,446.0,0.72,19.4,64.14,23.97,29.94,0.49,1782863100,2026-06-30 23:45:00,74
200814,2026-07-01,25.83,31.0,23.1,89.92,94.7,76.4,1.8,0.31,180.77,1146.0,1.72,24.1,30.98,24.06,29.94,3.2,1782946800,2026-07-01 23:00:00,93
200814,2026-07-02,26.3,30.3,23.7,88.58,92.9,79.5,30.6,5.34,174.77,1097.0,1.63,23.3,107.63,24.25,29.96,2.64,1783035900,2026-07-02 23:45:00,79
200814,2026-07-03,24.34,28.3,22.9,92.67,94.6,84.9,6.2,0.62,69.25,916.0,1.26,19.9,99.32,23.1,30.0,0.69,1783122300,2026-07-03 23:45:00,76
200814,2026-07-04,25.94,28.9,23.9,90.51,93.8,84.9,2.6,0.26,110.62,652.0,0.38,10.1,73.49,24.29,30.0,1.98,1783208700,2026-07-04 23:45:00,96
200814,2026-07-05,27.11,31.5,23.8,87.75,93.6,73.1,0.0,0.0,203.61,1009.0,1.51,15.8,32.92,24.88,30.0,3.81,1783295100,2026-07-05 23:45:00,96
200814,2026-07-06,26.42,29.8,24.7,88.94,92.4,79.9,13.6,2.2,159.01,1223.0,2.06,22.0,62.32,24.45,30.01,2.96,1783381500,2026-07-06 23:45:00,96
200814,2026-07-07,27.66,31.9,24.6,87.65,95.0,74.6,0.0,0.0,251.54,1027.0,0.81,17.1,56.31,25.39,30.01,3.88,1783467900,2026-07-07 23:45:00,78
200814,2026-07-08,26.49,28.3,25.4,90.92,93.9,86.6,0.0,0.0,71.47,612.0,0.61,11.7,63.08,24.9,29.98,0.97,1783554300,2026-07-08 23:45:00,76
200814,2026-07-09,25.18,27.3,23.9,91.95,94.7,85.8,10.6,2.25,93.02,605.0,1.02,16.7,92.78,23.79,29.99,1.61,1783640700,2026-07-09 23:45:00,96
200814,2026-07-10,25.96,30.4,23.5,90.41,94.9,81.0,7.0,1.16,168.11,1071.0,1.05,15.9,106.62,24.29,29.98,3.0,1783727100,2026-07-10 23:45:00,96
200814,2026-07-11,26.35,30.6,23.6,87.51,92.1,74.7,0.0,0.0,176.63,745.0,1.22,14.6,103.12,24.12,29.97,2.33,1783795500,2026-07-11 18:45:00,76
200814,2026-07-12,27.76,31.2,24.1,85.17,93.4,74.8,0.0,0.0,219.53,889.0,1.46,16.2,66.41,25.02,30.0,3.36,1783899900,2026-07-12 23:45:00,75
200814,2026-07-13,26.3,31.2,22.6,87.61,94.3,71.9,26.8,3.2,188.46,1178.0,1.19,14.6,57.24,24.05,30.02,3.39,1783986300,2026-07-13 23:45:00,96
200814,2026-07-14,27.02,31.5,24.3,86.99,93.2,73.5,0.0,0.0,176.29,988.0,1.46,19.3,36.42,24.67,30.02,2.82,1784072700,2026-07-14 23:45:00,80
200814,2026-07-15,28.25,32.9,24.8,83.49,91.7,70.9,0.0,0.0,178.8,993.0,1.31,15.7,51.24,25.12,29.97,2.33,1784159100,2026-07-15 23:45:00,54
200814,2026-07-16,26.6,31.4,24.2,87.82,93.2,70.5,0.6,0.15,133.75,930.0,1.19,16.6,43.83,24.38,29.99,1.55,1784245500,2026-07-16 23:45:00,75
200814,2026-07-17,28.14,33.8,23.6,83.17,93.5,65.3,0.0,0.0,237.65,1294.0,1.61,19.8,39.01,24.93,29.98,4.87,1784331900,2026-07-17 23:45:00,95
200814,2026-07-18,26.97,32.9,23.9,85.86,93.1,69.0,18.2,2.31,112.24,1056.0,1.02,21.2,89.41,24.33,29.95,1.22,1784418300,2026-07-18 23:45:00,68
200814,2026-07-19,27.58,33.0,24.0,84.71,94.0,67.8,0.2,0.01,179.82,1069.0,0.8,14.3,72.64,24.71,29.92,3.1,1784504700,2026-07-19 23:45:00,61
200814,2026-07-20,25.02,28.4,23.3,90.93,94.5,84.0,60.0,6.68,42.05,327.0,0.83,14.2,110.09,23.44,29.95,0.54,1784591100,2026-07-20 23:45:00,79
200814,2026-07-21,26.71,31.7,23.9,87.94,93.7,73.6,0.0,0.0,181.46,1067.0,1.04,14.9,40.29,24.5,29.94,2.76,1784677500,2026-07-21 23:45:00,85
200814,2026-07-22,26.29,30.6,23.3,88.01,93.1,75.2,0.0,0.0,143.51,875.0,1.07,19.1,12.57,24.13,29.92,2.11,1784763900,2026-07-22 23:45:00,75
200814,2026-07-23,26.77,30.4,23.2,87.94,94.4,77.3,3.0,0.37,175.39,976.0,0.97,17.9,130.73,24.59,29.96,2.62,1784850300,2026-07-23 23:45:00,79
200814,2026-07-24,27.26,33.3,23.7,85.84,92.6,68.5,0.0,0.0,208.38,1134.0,1.02,14.9,55.6,24.62,29.96,3.76,1784936700,2026-07-24 23:45:00,92
200814,2026-07-25,27.88,32.7,24.3,83.79,91.4,69.5,0.0,0.0,253.82,1000.0,1.69,17.3,60.75,24.83,29.99,4.51,1785018600,2026-07-25 22:30:00,85
200814,2026-07-26,25.52,30.2,22.3,89.44,93.5,77.9,37.2,3.17,146.47,1188.0,1.45,19.1,124.97,23.65,30.02,2.47,1785109500,2026-07-26 23:45:00,87
200814,2026-07-27,24.71,32.4,21.6,88.17,95.0,67.4,0.2,0.01,268.16,937.0,1.53,14.1,77.22,22.59,30.0,3.79,1785181500,2026-07-27 19:45:00,80
200814,2026-07-28,31.35,32.7,23.3,76.07,93.1,71.8,0.0,0.0,394.19,1004.0,2.4,16.3,70.3,26.78,29.92,1.83,1785282300,2026-07-28 23:45:00,27
200814,2026-07-29,27.02,30.6,23.4,87.66,92.4,77.7,10.4,2.33,61.66,605.0,0.69,16.9,72.91,24.72,29.94,0.78,1785368700,2026-07-29 23:45:00,56
200814,2026-07-30,28.07,32.2,24.3,85.36,93.6,70.6,0.2,0.01,283.08,1085.0,1.07,14.2,70.54,25.38,29.97,3.96,1785455100,2026-07-30 23:45:00,72
200814,2026-07-31,25.67,28.9,23.8,89.61,92.2,84.3,4.8,1.95,78.89,563.0,0.94,18.0,92.27,23.84,29.99,1.12,1785541500,2026-07-31 23:45:00,77
200814,2026-08-01,26.51,34.0,22.2,86.25,94.6,66.6,0.0,0.0,244.33,1102.0,0.76,11.2,68.08,23.92,29.99,4.68,1785627900,2026-08-01 23:45:00,96
200814,2026-08-02,27.94,32.7,23.9,84.68,93.0,67.8,0.0,0.0,248.78,1065.0,1.96,18.5,28.55,25.04,29.96,4.52,1785708000,2026-08-02 22:00:00,89
212516,2026-05-05,34.59,36.1,30.8,45.73,55.8,41.8,0.0,0.0,138.0,452.0,5.37,19.7,111.67,21.03,29.83,0.61,1778024700,2026-05-05 23:45:00,15
212516,2026-05-06,30.17,36.1,24.7,62.3,86.0,43.4,0.0,0.0,212.44,1034.0,5.52,33.5,120.59,21.82,29.91,5.47,1778109300,2026-05-06 23:15:00,93
212516,2026-05-07,30.81,36.3,26.2,63.98,82.3,44.2,0.0,0.0,215.2,993.0,4.48,27.8,76.84,22.93,29.89,4.7,1778197500,2026-05-07 23:45:00,90
212516,2026-05-08,30.91,36.6,25.9,63.14,85.5,43.7,0.0,0.0,223.2,995.0,4.92,26.2,140.81,22.74,29.85,5.21,1778283900,2026-05-08 23:45:00,90
212516,2026-05-09,30.84,36.0,25.9,61.83,83.6,41.9,0.0,0.0,210.07,949.0,5.72,30.6,174.47,22.21,29.84,4.59,1778370300,2026-05-09 23:45:00,95
212516,2026-05-10,29.94,35.7,23.9,62.35,86.5,42.0,0.0,0.0,176.28,991.0,4.6,29.0,115.86,21.52,29.86,4.29,1778454900,2026-05-10 23:15:00,94
212516,2026-05-11,31.16,37.1,26.6,57.81,80.5,36.8,0.0,0.0,235.64,842.0,5.08,32.2,141.75,21.26,29.87,5.29,1778543100,2026-05-11 23:45:00,91
212516,2026-05-12,28.33,32.2,24.9,76.65,93.9,47.4,12.2,2.06,154.82,1116.0,5.17,25.5,170.86,23.57,29.93,3.3,1778629500,2026-05-12 23:45:00,96
212516,2026-05-13,26.95,31.3,24.5,83.82,94.6,63.3,1.8,0.24,213.27,1220.0,4.56,35.2,137.47,23.88,29.96,4.25,1778715900,2026-05-13 23:45:00,95
212516,2026-05-14,27.31,33.3,23.2,80.92,95.4,55.4,0.0,0.0,190.92,1100.0,4.97,27.4,98.87,23.51,29.94,4.19,1778802300,2026-05-14 23:45:00,95
212516,2026-05-15,29.33,35.2,25.0,72.13,91.5,46.0,0.0,0.0,227.46,1044.0,3.8,27.2,59.29,23.33,29.93,5.09,1778888700,2026-05-15 23:45:00,94
212516,2026-05-16,29.4,34.6,24.8,72.74,93.2,54.1,7.8,0.92,181.28,1083.0,3.04,29.3,150.48,23.81,29.89,3.93,1778975100,2026-05-16 23:45:00,94
212516,2026-05-17,25.97,31.3,22.6,86.06,95.5,65.0,24.8,7.4,118.52,543.0,2.98,46.0,192.9,23.34,29.93,1.26,1779059700,2026-05-17 23:15:00,60
212516,2026-05-18,29.67,34.4,24.9,72.17,92.9,49.5,0.0,0.0,304.65,993.0,3.55,98.7,109.87,23.75,29.92,5.0,1779147900,2026-05-18 23:45:00,75
212516,2026-05-19,29.09,33.2,25.3,74.16,90.5,57.9,0.0,0.0,163.58,766.0,3.26,25.1,140.18,23.85,29.92,3.57,1779234300,2026-05-19 23:45:00,96
212516,2026-05-20,28.22,31.1,25.9,79.75,91.6,66.5,0.4,0.02,113.27,606.0,4.33,28.3,90.91,24.34,29.9,2.51,1779320700,2026-05-20 23:45:00,96
212516,2026-05-21,26.93,31.7,25.0,88.02,94.6,69.5,4.2,1.01,128.12,965.0,3.02,26.7,133.97,24.78,29.9,1.93,1779407100,2026-05-21 23:45:00,80
212516,2026-05-22,26.45,29.9,24.5,88.92,95.6,75.3,0.0,0.0,133.18,1013.0,3.64,18.6,164.72,24.45,29.92,2.54,1779493500,2026-05-22 23:45:00,96
212516,2026-05-23,25.45,27.0,23.7,92.78,96.0,85.3,27.4,2.56,68.16,557.0,4.21,28.3,165.54,24.22,29.95,1.12,1779579900,2026-05-23 23:45:00,93
212516,2026-05-24,25.89,31.2,23.3,90.2,97.3,70.9,0.4,0.01,186.34,1201.0,2.38,38.6,106.01,24.09,29.93,3.46,1779666300,2026-05-24 23:45:00,96
212516,2026-05-25,25.47,29.0,22.7,89.62,96.3,76.8,15.6,2.27,129.78,796.0,0.69,27.4,140.29,23.63,29.93,2.24,1779752700,2026-05-25 23:45:00,95
212516,2026-05-26,27.45,32.3,24.6,84.97,96.2,63.8,0.6,0.14,210.89,981.0,2.74,31.1,60.55,24.57,29.91,4.23,1779839100,2026-05-26 23:45:00,96
212516,2026-05-27,26.75,31.1,23.9,87.9,96.2,71.9,14.2,2.24,149.3,1141.0,1.54,25.6,127.38,24.52,29.92,3.1,1779925500,2026-05-27 23:45:00,96
212516,2026-05-28,26.33,30.3,24.0,91.3,96.0,74.4,5.2,1.07,103.89,1137.0,1.09,24.9,48.08,24.8,29.92,1.27,1780011900,2026-05-28 23:45:00,73
212516,2026-05-29,27.74,32.2,24.2,81.48,94.5,62.1,0.4,0.04,215.38,1002.0,3.01,26.0,73.96,24.15,29.89,4.42,1780098300,2026-05-29 23:45:00,96
212516,2026-05-30,27.98,33.6,24.6,82.83,94.8,61.6,0.0,0.0,154.8,1011.0,1.05,29.0,93.0,24.64,29.92,2.84,1780184700,2026-05-30 23:45:00,92
212516,2026-05-31,27.24,30.7,22.9,81.79,95.7,63.3,0.0,0.01,230.39,1092.0,2.69,52.2,211.06,23.78,29.98,2.38,1780269300,2026-05-31 23:15:00,63
212516,2026-06-01,27.86,32.6,24.6,83.88,95.2,65.9,0.0,0.0,235.88,1053.0,3.69,23.9,92.7,24.79,29.94,4.5,1780357500,2026-06-01 23:45:00,89
212516,2026-06-02,26.29,31.8,23.6,87.29,95.9,63.9,4.6,0.85,179.59,1183.0,4.11,31.6,152.94,23.97,29.95,3.11,1780443900,2026-06-02 23:45:00,93
212516,2026-06-03,25.49,28.6,24.1,91.62,96.6,81.8,56.8,9.12,87.41,831.0,2.24,18.4,125.55,24.03,29.94,1.45,1780530300,2026-06-03 23:45:00,95
212516,2026-06-04,25.18,27.5,23.8,93.7,96.6,85.6,27.0,2.32,71.01,464.0,2.13,23.1,162.98,24.1,29.97,1.13,1780616700,2026-06-04 23:45:00,86
212516,2026-06-05,25.79,28.4,23.3,90.98,96.8,81.2,9.2,1.45,157.74,816.0,1.64,17.7,140.16,24.21,29.98,2.07,1780703100,2026-06-05 23:45:00,77
212516,2026-06-06,27.11,32.0,24.3,85.61,96.2,64.5,0.2,0.01,186.84,972.0,1.22,11.8,174.25,24.37,29.93,3.17,1780789500,2026-06-06 23:45:00,88
212516,2026-06-07,25.56,28.8,22.7,90.1,96.3,81.5,21.6,2.7,106.51,547.0,2.05,35.0,220.95,23.81,29.94,1.57,1780875900,2026-06-07 23:45:00,82
212516,2026-06-08,26.72,30.2,24.2,87.59,96.1,74.1,2.8,0.71,163.39,710.0,2.33,22.9,114.36,24.45,29.98,3.0,1780962300,2026-06-08 23:45:00,87
212516,2026-06-09,28.77,32.8,24.9,80.21,93.9,61.6,0.0,0.0,263.74,1013.0,3.06,18.7,151.31,24.88,29.98,4.58,1781048700,2026-06-09 23:45:00,83
212516,2026-06-10,28.19,32.7,24.3,79.85,91.7,58.6,0.0,0.0,233.37,967.0,3.63,20.1,177.02,24.22,29.93,4.47,1781135100,2026-06-10 23:45:00,94
212516,2026-06-11,26.89,30.1,24.7,88.87,95.1,75.8,4.2,1.12,113.93,1028.0,3.13,25.2,99.44,24.91,29.91,1.8,1781221500,2026-06-11 23:45:00,95
212516,2026-06-12,27.46,31.1,24.7,85.86,97.0,69.3,0.0,0.0,196.8,1172.0,2.74,20.0,82.3,24.81,29.94,3.09,1781307900,2026-06-12 23:45:00,76
212516,2026-06-13,28.18,32.4,25.1,80.23,95.2,58.8,0.0,0.0,238.09,935.0,3.43,107.5,86.95,24.18,29.93,4.5,1781394300,2026-06-13 23:45:00,96
212516,2026-06-14,27.88,33.2,23.4,78.45,93.8,57.5,0.0,0.0,233.57,1018.0,3.07,18.6,156.42,23.55,29.92,4.7,1781480700,2026-06-14 23:45:00,95
212516,2026-06-15,27.68,30.8,24.8,83.81,94.6,69.4,2.0,0.41,137.27,937.0,3.83,29.8,106.8,24.64,29.96,2.5,1781567100,2026-06-15 23:45:00,96
212516,2026-06-16,25.66,30.4,22.6,87.84,96.3,66.4,4.2,0.29,139.89,1071.0,2.46,21.4,187.33,23.37,29.99,2.41,1781653500,2026-06-16 23:45:00,90
212516,2026-06-17,26.83,31.1,23.2,84.96,96.1,69.3,0.0,0.0,198.3,1032.0,2.18,17.9,115.14,24.0,29.98,3.88,1781739900,2026-06-17 23:45:00,96
212516,2026-06-18,26.83,32.1,24.2,87.24,95.8,65.3,18.0,2.76,184.12,1018.0,2.79,24.2,121.41,24.43,29.98,3.57,1781825400,2026-06-18 23:30:00,95
212516,2026-06-19,25.25,29.3,23.6,92.36,97.4,79.2,1.0,0.08,126.79,1062.0,2.4,19.8,179.16,23.91,29.99,1.35,1781912700,2026-06-19 23:45:00,62
212516,2026-06-20,27.56,33.5,23.9,84.36,97.1,58.1,0.2,0.01,232.67,1048.0,1.91,20.3,151.11,24.49,29.94,4.49,1781999100,2026-06-20 23:45:00,95
212516,2026-06-21,27.69,33.3,24.7,84.74,96.3,62.0,2.8,0.88,165.09,1020.0,1.83,19.5,145.31,24.75,29.91,2.14,1782085500,2026-06-21 23:45:00,81
212516,2026-06-22,28.63,32.8,25.3,80.49,93.4,63.5,0.0,0.0,239.99,976.0,3.75,24.3,112.74,24.86,29.95,4.45,1782163800,2026-06-22 21:30:00,86
212516,2026-06-23,28.7,34.0,24.6,76.49,93.8,48.9,0.0,0.0,249.86,912.0,3.25,15.1,192.49,23.76,29.93,4.93,1782258300,2026-06-23 23:45:00,96
212516,2026-06-24,27.42,33.1,24.6,80.12,91.8,59.1,2.0,1.02,152.29,800.0,4.08,147.5,210.4,23.55,29.92,3.05,1782344700,2026-06-24 23:45:00,84
212516,2026-06-25,26.58,31.8,23.3,86.11,96.7,66.7,15.2,1.89,192.99,1164.0,2.35,19.1,186.24,23.98,29.95,3.5,1782431100,2026-06-25 23:45:00,91
212516,2026-06-26,28.32,32.6,24.2,79.81,95.4,55.7,0.0,0.0,226.33,886.0,2.77,19.6,63.79,24.25,29.97,2.48,1782517500,2026-06-26 23:45:00,71
212516,2026-06-27,28.02,32.8,23.7,80.31,94.6,61.3,0.0,0.0,182.99,875.0,2.61,18.3,165.26,24.12,29.94,3.67,1782603900,2026-06-27 23:45:00,96
212516,2026-06-28,26.76,29.1,24.2,89.39,94.0,81.0,3.6,0.51,91.29,905.0,3.02,23.2,171.38,24.86,29.94,1.65,1782690300,2026-06-28 23:45:00,95
212516,2026-06-29,27.71,33.3,23.9,83.47,96.2,60.8,0.0,0.0,182.91,954.0,2.21,21.5,203.65,24.41,29.92,3.75,1782776700,2026-06-29 23:45:00,96
212516,2026-06-30,26.94,29.8,24.9,88.47,94.4,76.9,3.2,1.32,92.14,789.0,3.93,37.0,161.71,24.84,29.89,1.63,1782863100,2026-06-30 23:45:00,86
212516,2026-07-01,26.15,30.9,23.6,91.67,96.7,72.7,1.4,0.16,113.86,1023.0,1.95,29.5,128.54,24.66,29.88,1.9,1782949500,2026-07-01 23:45:00,96
212516,2026-07-02,27.52,31.6,24.8,86.74,96.7,68.8,0.6,0.12,209.74,1060.0,1.99,25.7,44.05,25.07,29.9,3.28,1783035900,2026-07-02 23:45:00,79
212516,2026-07-03,25.71,29.2,23.2,90.69,97.2,76.4,53.6,5.07,131.07,661.0,1.17,18.7,123.59,24.04,29.95,2.28,1783122300,2026-07-03 23:45:00,91
212516,2026-07-04,26.39,30.2,23.8,89.87,95.7,75.7,0.4,0.01,135.38,854.0,0.27,15.1,65.68,24.58,29.95,2.5,1783208700,2026-07-04 23:45:00,96
212516,2026-07-05,27.59,31.6,24.8,87.65,97.2,69.1,0.0,0.0,193.76,1035.0,2.21,16.8,57.59,25.25,29.95,3.82,1783295100,2026-07-05 23:45:00,96
212516,2026-07-06,26.51,30.0,24.5,89.24,95.6,77.8,0.0,0.0,124.95,1074.0,3.73,27.6,118.12,24.57,29.97,2.01,1783381500,2026-07-06 23:45:00,84
212516,2026-07-07,27.1,30.6,24.8,88.45,96.5,75.5,4.0,0.48,173.58,1034.0,3.05,24.4,127.95,24.97,29.97,3.38,1783467900,2026-07-07 23:45:00,96
212516,2026-07-08,25.63,28.1,24.7,95.64,97.4,87.0,17.2,2.42,59.05,650.0,1.14,13.2,125.62,24.91,29.96,0.82,1783554300,2026-07-08 23:45:00,76
212516,2026-07-09,26.29,29.3,24.6,91.28,96.7,78.6,5.0,0.67,125.68,701.0,3.18,22.2,205.43,24.72,29.94,2.35,1783640700,2026-07-09 23:45:00,95
212516,2026-07-10,27.02,31.8,24.3,88.97,97.1,68.0,0.8,0.23,186.73,923.0,2.66,147.4,169.69,24.99,29.93,3.61,1783727100,2026-07-10 23:45:00,96
212516,2026-07-11,27.7,32.6,24.2,83.65,95.3,64.0,0.0,0.0,189.06,752.0,2.97,13.8,187.88,24.63,29.91,3.8,1783813500,2026-07-11 23:45:00,96
212516,2026-07-12,27.45,31.8,24.3,84.86,96.1,68.1,0.0,0.0,185.14,907.0,2.74,19.2,177.6,24.59,29.94,3.48,1783896300,2026-07-12 22:45:00,92
212516,2026-07-13,26.47,31.2,22.8,87.42,95.8,70.7,10.4,2.56,210.97,1056.0,3.06,19.7,142.51,24.11,29.97,3.89,1783986300,2026-07-13 23:45:00,94
212516,2026-07-14,27.36,32.5,24.2,86.28,96.5,64.8,0.0,0.0,195.44,998.0,2.76,22.5,139.02,24.73,29.95,3.25,1784072700,2026-07-14 23:45:00,89
212516,2026-07-15,28.34,32.8,24.6,83.3,96.5,62.8,0.0,0.0,210.53,940.0,2.93,20.9,118.67,25.08,29.94,4.17,1784159100,2026-07-15 23:45:00,96
212516,2026-07-16,27.18,32.1,24.7,87.13,95.8,68.2,0.0,0.0,140.79,976.0,2.79,22.5,139.53,24.77,29.94,1.75,1784245500,2026-07-16 23:45:00,77
212516,2026-07-17,28.62,33.4,24.6,80.96,96.7,59.7,0.0,0.0,230.02,1016.0,2.16,22.0,26.9,24.81,29.93,4.66,1784331900,2026-07-17 23:45:00,96
212516,2026-07-18,27.1,33.6,24.6,86.46,94.5,61.5,1.8,0.45,153.92,970.0,2.81,31.3,178.06,24.55,29.91,2.18,1784418300,2026-07-18 23:45:00,85
212516,2026-07-19,27.4,33.1,24.3,85.89,96.8,65.2,0.0,0.0,213.42,1058.0,2.06,29.0,88.82,24.67,29.88,4.2,1784504700,2026-07-19 23:45:00,96
212516,2026-07-20,25.53,27.6,23.1,93.37,96.8,84.4,29.4,2.38,64.23,508.0,3.69,30.0,195.59,24.4,29.91,1.0,1784591100,2026-07-20 23:45:00,79
212516,2026-07-21,27.37,31.9,24.4,86.62,95.9,68.0,0.0,0.0,181.27,1130.0,2.72,18.0,195.3,24.85,29.89,3.45,1784677500,2026-07-21 23:45:00,96
212516,2026-07-22,27.35,31.5,24.1,85.75,96.1,68.7,0.0,0.0,210.5,928.0,2.46,21.9,42.13,24.65,29.87,3.96,1784763900,2026-07-22 23:45:00,91
212516,2026-07-23,26.79,30.8,23.2,88.99,96.8,75.5,11.4,1.03,172.78,1005.0,2.18,48.3,183.0,24.8,29.91,2.79,1784850300,2026-07-23 23:45:00,87
212516,2026-07-24,27.37,32.2,24.3,87.77,95.6,72.1,0.0,0.0,209.61,1109.0,2.42,16.1,194.48,25.12,29.92,3.62,1784936700,2026-07-24 23:45:00,91
212516,2026-07-25,27.65,32.4,24.3,86.29,94.8,67.9,3.4,0.38,194.11,1160.0,2.27,34.7,76.34,25.09,29.94,3.52,1785023100,2026-07-25 23:45:00,96
212516,2026-07-26,25.45,30.3,22.5,91.5,97.2,76.2,16.6,0.84,147.4,1153.0,4.31,46.7,152.6,23.91,29.97,2.54,1785109500,2026-07-26 23:45:00,90
212516,2026-07-27,25.42,31.7,21.8,87.03,97.5,64.9,17.8,0.86,278.46,946.0,2.54,15.6,143.78,22.94,29.95,4.96,1785191400,2026-07-27 22:30:00,91
212516,2026-07-28,27.8,33.1,24.4,85.6,96.0,67.7,0.0,0.0,213.98,1023.0,1.69,16.6,89.7,25.07,29.92,4.02,1785282300,2026-07-28 23:45:00,94
212516,2026-07-29,26.41,29.6,23.7,92.45,96.6,81.9,13.6,0.96,137.03,991.0,1.87,16.5,198.47,25.08,29.93,1.61,1785368700,2026-07-29 23:45:00,66
212516,2026-07-30,27.69,32.7,23.9,86.62,96.9,65.0,3.8,0.12,274.58,1155.0,2.69,19.3,117.97,25.13,29.92,4.82,1785455100,2026-07-30 23:45:00,87
212516,2026-07-31,25.84,29.5,23.6,90.97,96.9,78.6,1.0,0.02,132.62,798.0,3.17,38.6,172.16,24.23,29.94,2.06,1785541500,2026-07-31 23:45:00,89
212516,2026-08-01,26.88,32.2,23.1,87.15,97.7,68.6,0.4,0.01,228.93,1118.0,2.01,20.0,48.63,24.5,29.94,4.15,1785627900,2026-08-01 23:45:00,95
212516,2026-08-02,28.39,32.8,24.6,83.51,97.1,61.2,1.0,0.03,268.92,986.0,2.56,22.4,46.13,25.18,29.92,4.99,1785708000,2026-08-02 22:00:00,89
212533,2026-05-05,32.2,32.4,31.9,54.8,54.8,53.3,0.0,0.0,0.0,0.0,0.1,3.2,76.0,21.7,29.86,,1778024700,2026-05-05 23:45:00,2
212533,2026-05-06,29.86,36.2,24.3,67.39,89.9,46.6,0.0,0.0,183.34,1035.0,1.98,18.0,120.74,22.76,29.93,4.02,1778111100,2026-05-06 23:45:00,96
212533,2026-05-07,30.05,36.4,25.2,68.25,88.1,45.8,0.0,0.0,184.33,1002.0,1.32,15.4,55.51,23.22,29.91,3.45,1778189400,2026-05-07 21:30:00,87
212533,2026-05-08,31.22,38.4,25.8,64.72,84.8,39.3,0.0,0.0,278.57,995.0,2.25,16.4,118.18,23.26,29.86,5.42,1778283900,2026-05-08 23:45:00,88
212533,2026-05-09,29.47,36.4,25.6,70.33,86.0,42.0,0.0,0.0,241.25,942.0,2.34,143.2,49.41,23.11,29.86,4.09,1778370300,2026-05-09 23:45:00,79
212533,2026-05-10,29.94,34.9,24.4,64.67,87.8,46.6,0.0,0.0,165.26,1074.0,1.67,20.3,101.59,22.15,29.87,3.3,1778456700,2026-05-10 23:45:00,96
212533,2026-05-11,30.77,37.2,25.9,61.78,82.2,37.8,0.0,0.0,220.54,914.0,2.2,17.4,97.19,21.96,29.88,4.98,1778543100,2026-05-11 23:45:00,96
212533,2026-05-12,28.2,32.6,25.6,77.57,91.4,55.0,13.6,2.96,164.31,1044.0,1.66,10.3,198.74,23.86,29.94,2.53,1778629500,2026-05-12 23:45:00,78
212533,2026-05-13,26.55,30.8,24.8,86.58,94.0,66.6,11.6,2.19,140.67,1078.0,1.87,18.1,110.75,24.12,29.97,2.04,1778705100,2026-05-13 20:45:00,84
212533,2026-05-14,27.26,33.9,23.0,81.86,95.7,59.6,0.0,0.0,167.27,1123.0,1.26,14.4,101.04,23.69,29.95,2.89,1778802300,2026-05-14 23:45:00,92
212533,2026-05-15,29.2,36.3,24.6,74.15,91.8,46.8,0.0,0.0,180.07,1032.0,1.05,13.9,43.45,23.7,29.94,3.3,1778888700,2026-05-15 23:45:00,96
212533,2026-05-16,28.46,33.2,25.0,78.61,92.6,63.3,3.6,0.82,137.53,1121.0,1.56,14.3,162.2,24.29,29.91,2.55,1778975100,2026-05-16 23:45:00,91
212533,2026-05-17,27.57,30.2,21.8,82.24,95.0,72.4,41.8,6.99,172.7,621.0,1.72,24.9,149.93,24.18,29.92,2.06,1779061500,2026-05-17 23:45:00,60
212533,2026-05-18,28.7,34.8,24.8,76.7,90.2,52.0,0.0,0.0,241.91,940.0,0.94,10.3,102.04,23.94,29.92,4.81,1779147900,2026-05-18 23:45:00,96
212533,2026-05-19,28.43,32.8,25.1,76.27,88.6,57.9,0.0,0.0,154.01,749.0,0.92,17.7,74.79,23.73,29.93,3.04,1779234300,2026-05-19 23:45:00,96
212533,2026-05-20,28.57,33.2,25.7,78.97,88.4,62.4,1.6,1.31,131.19,995.0,0.69,11.9,118.34,24.45,29.89,2.24,1779320700,2026-05-20 23:45:00,71
212533,2026-05-21,27.21,33.1,24.5,86.51,95.3,65.9,11.4,2.94,152.79,1002.0,1.59,14.5,120.5,24.7,29.91,2.98,1779407100,2026-05-21 23:45:00,96
212533,2026-05-22,27.12,31.7,24.7,86.01,94.0,70.6,0.0,0.0,144.42,1188.0,0.9,13.9,172.3,24.54,29.93,2.67,1779493500,2026-05-22 23:45:00,96
212533,2026-05-23,25.55,27.2,24.3,91.12,95.0,84.4,10.6,0.98,65.62,714.0,0.73,12.4,123.66,24.0,29.95,1.2,1779579900,2026-05-23 23:45:00,96
212533,2026-05-24,26.77,33.3,23.8,87.14,96.3,64.7,0.2,0.01,239.05,1141.0,1.02,14.0,77.95,24.34,29.94,4.45,1779666300,2026-05-24 23:45:00,96
212533,2026-05-25,25.6,28.2,22.2,87.06,95.7,76.2,8.6,1.36,96.46,429.0,0.63,16.7,114.0,23.26,29.94,1.79,1779752700,2026-05-25 23:45:00,96
212533,2026-05-26,29.3,33.0,25.5,77.04,94.3,61.8,3.0,1.66,353.04,958.0,2.52,22.3,48.36,24.73,29.93,4.06,1779839100,2026-05-26 23:45:00,57
212533,2026-05-27,26.54,30.6,23.3,87.17,95.4,72.1,11.4,1.09,124.17,759.0,1.26,54.7,191.2,24.2,29.93,2.36,1779925500,2026-05-27 23:45:00,96
212533,2026-05-28,26.86,31.1,24.2,87.22,94.2,73.1,2.2,0.16,121.66,928.0,0.86,12.8,94.51,24.54,29.91,2.26,1780011900,2026-05-28 23:45:00,96
212533,2026-05-29,27.82,34.2,23.8,80.68,92.9,57.1,0.2,0.0,198.49,993.0,0.82,11.3,51.25,23.99,29.9,3.9,1780098300,2026-05-29 23:45:00,96
212533,2026-05-30,28.18,33.3,24.2,82.25,94.8,63.3,0.0,0.0,173.75,1127.0,0.79,9.5,150.08,24.75,29.93,3.24,1780184700,2026-05-30 23:45:00,96
212533,2026-05-31,26.34,32.1,21.9,84.25,95.9,61.5,44.0,5.46,166.11,1035.0,1.04,24.9,121.47,23.3,30.0,3.09,1780271100,2026-05-31 23:45:00,96
212533,2026-06-01,28.09,33.9,24.4,82.92,94.7,64.9,0.0,0.0,198.39,1118.0,0.82,11.5,89.2,24.78,29.95,3.78,1780357500,2026-06-01 23:45:00,96
212533,2026-06-02,26.32,31.8,23.1,88.34,96.5,70.2,24.2,2.44,138.58,1053.0,1.12,21.2,114.1,24.18,29.96,2.46,1780443900,2026-06-02 23:45:00,96
212533,2026-06-03,25.4,28.4,23.9,92.25,95.9,80.9,20.8,2.75,91.69,751.0,1.17,9.4,51.88,24.06,29.95,1.63,1780530300,2026-06-03 23:45:00,96
212533,2026-06-04,24.8,28.0,23.4,93.53,96.8,81.4,28.0,3.78,90.97,689.0,0.81,14.5,64.46,23.68,29.97,1.61,1780616700,2026-06-04 23:45:00,96
212533,2026-06-05,25.76,29.7,23.2,90.54,96.7,76.7,27.2,2.06,131.15,759.0,0.57,7.8,95.1,24.06,29.99,2.28,1780703100,2026-06-05 23:45:00,96
212533,2026-06-06,27.11,32.4,24.2,84.76,95.9,62.9,0.2,0.0,198.89,1069.0,0.62,20.9,136.38,24.19,29.95,3.78,1780789500,2026-06-06 23:45:00,96
212533,2026-06-07,25.09,28.1,22.5,90.44,96.0,79.7,12.2,1.39,95.5,359.0,0.87,22.5,147.82,23.41,29.94,1.73,1780875900,2026-06-07 23:45:00,96
212533,2026-06-08,26.59,30.6,23.9,87.64,96.0,72.1,1.2,0.05,149.85,782.0,0.69,8.6,48.57,24.32,29.99,2.76,1780962300,2026-06-08 23:45:00,96
212533,2026-06-09,28.39,34.2,24.4,81.35,94.1,61.1,0.0,0.0,256.2,965.0,1.15,9.8,43.64,24.71,29.99,4.94,1781048700,2026-06-09 23:45:00,96
212533,2026-06-10,28.37,35.1,23.4,79.65,92.2,55.6,0.0,0.0,241.23,977.0,1.1,9.7,84.47,24.29,29.94,4.72,1781135100,2026-06-10 23:45:00,96
212533,2026-06-11,26.69,30.4,24.2,87.99,94.2,73.4,5.0,0.95,100.62,773.0,0.49,9.8,47.7,24.5,29.92,1.94,1781221500,2026-06-11 23:45:00,96
212533,2026-06-12,27.03,31.8,24.5,87.29,96.5,69.6,0.0,0.0,152.51,1111.0,0.89,8.9,79.65,24.66,29.95,2.74,1781307900,2026-06-12 23:45:00,96
212533,2026-06-13,28.21,32.9,24.5,79.35,93.8,56.8,0.0,0.0,252.28,983.0,1.74,16.3,84.2,24.05,29.94,5.02,1781394300,2026-06-13 23:45:00,96
212533,2026-06-14,27.96,34.8,23.1,78.27,93.6,56.3,0.0,0.0,242.27,995.0,1.05,11.2,58.8,23.57,29.94,4.84,1781480700,2026-06-14 23:45:00,96
212533,2026-06-15,27.26,31.6,24.8,84.97,94.4,68.0,12.0,2.22,130.86,1081.0,1.56,17.4,72.14,24.44,29.97,2.59,1781567100,2026-06-15 23:45:00,96
212533,2026-06-16,25.67,31.1,22.6,88.6,96.5,68.0,1.8,0.09,164.33,1037.0,0.79,15.1,139.92,23.54,30.0,3.0,1781653500,2026-06-16 23:45:00,96
212533,2026-06-17,27.45,32.8,22.8,81.97,94.7,60.8,0.0,0.0,211.57,1081.0,0.73,8.2,43.26,23.92,29.99,4.17,1781739900,2026-06-17 23:45:00,96
212533,2026-06-18,26.65,32.3,23.8,87.78,95.0,67.2,47.0,7.94,202.98,1065.0,1.19,15.9,82.68,24.36,29.99,3.72,1781826300,2026-06-18 23:45:00,96
212533,2026-06-19,25.32,30.4,22.8,91.8,96.9,76.3,12.2,1.64,139.12,1111.0,0.93,16.3,72.57,23.88,29.99,2.57,1781912700,2026-06-19 23:45:00,96
212533,2026-06-20,27.75,34.2,23.3,83.38,96.9,58.4,0.2,0.0,254.27,970.0,0.61,7.2,76.23,24.42,29.95,4.93,1781999100,2026-06-20 23:45:00,96
212533,2026-06-21,28.1,34.0,24.4,81.92,93.9,60.1,0.0,0.0,219.11,1032.0,0.44,7.3,47.32,24.55,29.92,4.25,1782085500,2026-06-21 23:45:00,96
212533,2026-06-22,28.51,33.4,24.4,81.76,95.2,63.3,1.0,0.52,191.68,1095.0,0.96,13.9,61.07,24.97,29.96,3.7,1782171900,2026-06-22 23:45:00,96
212533,2026-06-23,28.59,34.4,24.1,77.34,93.2,51.1,0.0,0.0,256.58,895.0,1.41,11.5,82.75,23.89,29.95,5.04,1782258300,2026-06-23 23:45:00,96
212533,2026-06-24,27.63,33.9,24.2,78.45,92.6,61.8,3.0,0.86,180.91,991.0,1.48,16.2,88.47,23.42,29.92,3.54,1782344700,2026-06-24 23:45:00,96
212533,2026-06-25,26.59,32.1,22.9,85.82,96.2,63.7,32.0,4.91,196.84,1150.0,1.21,11.7,188.23,23.89,29.97,3.72,1782431100,2026-06-25 23:45:00,96
212533,2026-06-26,28.13,33.7,23.3,79.92,94.7,54.1,0.0,0.0,242.98,983.0,0.61,8.0,69.47,24.06,29.98,4.68,1782517500,2026-06-26 23:45:00,96
212533,2026-06-27,27.8,33.1,23.2,80.91,94.4,56.6,0.0,0.0,180.16,1020.0,0.76,9.9,76.75,24.05,29.95,3.43,1782603900,2026-06-27 23:45:00,96
212533,2026-06-28,25.99,28.2,24.3,90.45,95.8,83.5,10.4,1.68,75.19,527.0,0.67,11.2,125.0,24.31,29.95,1.29,1782690300,2026-06-28 23:45:00,96
212533,2026-06-29,27.13,32.8,22.9,84.64,95.7,63.1,0.0,0.0,197.89,1100.0,0.71,10.5,87.39,24.17,29.93,3.8,1782776700,2026-06-29 23:45:00,96
212533,2026-06-30,26.91,30.8,24.3,87.1,93.6,74.5,0.6,0.25,119.97,826.0,1.01,13.7,87.11,24.55,29.9,2.26,1782863100,2026-06-30 23:45:00,96
212533,2026-07-01,25.79,31.4,22.9,90.82,95.8,73.7,12.8,3.39,132.29,1130.0,0.95,10.6,79.44,24.15,29.9,2.45,1782949500,2026-07-01 23:45:00,96
212533,2026-07-02,26.48,31.4,23.4,88.87,95.7,72.8,19.0,2.9,143.88,928.0,1.0,11.0,116.04,24.44,29.91,2.62,1783035900,2026-07-02 23:45:00,96
212533,2026-07-03,25.03,28.8,22.3,91.86,96.9,77.7,56.2,6.51,109.82,649.0,0.91,14.5,125.7,23.59,29.96,1.87,1783122300,2026-07-03 23:45:00,96
212533,2026-07-04,25.9,31.2,22.9,89.19,95.5,69.6,1.0,0.14,130.43,812.0,0.4,8.1,70.94,23.95,29.96,2.39,1783208700,2026-07-04 23:45:00,96
212533,2026-07-05,27.87,33.3,23.9,84.97,96.2,62.5,0.0,0.0,208.14,1014.0,0.93,241.4,93.46,24.96,29.96,3.97,1783295100,2026-07-05 23:45:00,96
212533,2026-07-06,27.11,32.3,24.5,87.48,94.7,68.7,0.6,0.09,146.65,1097.0,0.72,9.7,80.02,24.8,29.97,2.72,1783381500,2026-07-06 23:45:00,96
212533,2026-07-07,27.4,32.1,24.6,87.22,95.8,71.2,0.0,0.0,150.88,1074.0,0.44,9.7,96.57,25.03,29.98,2.8,1783467900,2026-07-07 23:45:00,96
212533,2026-07-08,26.0,28.2,24.5,93.31,96.9,84.8,39.4,5.62,86.33,628.0,1.07,12.9,161.4,24.85,29.96,1.52,1783554300,2026-07-08 23:45:00,96
212533,2026-07-09,25.88,28.4,24.2,91.25,96.9,81.2,12.6,3.15,114.44,550.0,1.05,15.7,121.73,24.35,29.95,2.07,1783640700,2026-07-09 23:45:00,96
212533,2026-07-10,26.89,32.7,23.8,88.5,96.3,70.1,1.6,0.75,166.1,1081.0,0.55,6.6,119.07,24.76,29.94,3.2,1783727100,2026-07-10 23:45:00,96
212533,2026-07-11,27.73,33.3,23.8,82.76,94.1,63.2,0.0,0.0,209.77,780.0,0.59,6.3,66.67,24.38,29.92,4.03,1783813500,2026-07-11 23:45:00,96
212533,2026-07-12,27.68,33.2,24.1,83.71,95.1,63.1,0.0,0.0,195.3,1004.0,0.61,15.8,52.07,24.51,29.95,3.79,1783899900,2026-07-12 23:45:00,96
212533,2026-07-13,26.91,33.7,22.5,84.66,95.5,60.7,3.4,0.35,218.71,1188.0,0.89,22.8,98.35,23.95,29.99,4.16,1783986300,2026-07-13 23:45:00,96
212533,2026-07-14,27.67,33.5,23.9,84.92,94.8,63.6,0.2,0.0,191.69,1127.0,0.86,14.6,88.14,24.79,29.97,3.74,1784072700,2026-07-14 23:45:00,96
212533,2026-07-15,28.14,33.4,24.2,82.68,95.3,62.1,0.0,0.0,227.14,1027.0,0.99,13.8,90.27,24.74,29.95,4.45,1784159100,2026-07-15 23:45:00,96
212533,2026-07-16,28.47,34.2,24.3,82.44,94.8,60.6,0.0,0.0,211.79,1062.0,0.86,109.1,126.59,25.03,29.95,4.17,1784245500,2026-07-16 23:45:00,96
212533,2026-07-17,28.56,34.1,23.9,81.03,94.7,57.5,0.0,0.0,254.55,1044.0,1.08,15.7,43.7,24.76,29.95,5.08,1784331900,2026-07-17 23:45:00,96
212533,2026-07-18,27.23,33.6,23.4,85.12,96.5,62.6,60.2,7.28,236.29,1086.0,1.37,25.9,68.84,24.35,29.92,4.53,1784418300,2026-07-18 23:45:00,96
212533,2026-07-19,27.66,33.6,23.8,84.78,96.8,60.1,11.8,2.86,259.59,1248.0,0.84,10.1,46.88,24.62,29.89,4.96,1784504700,2026-07-19 23:45:00,96
212533,2026-07-20,25.49,28.8,23.2,93.18,96.6,80.7,30.6,4.67,82.29,480.0,0.61,11.8,128.84,24.31,29.91,1.47,1784591100,2026-07-20 23:45:00,96
212533,2026-07-21,27.38,32.2,24.1,85.93,95.7,66.4,0.0,0.0,195.07,1079.0,0.93,10.3,55.9,24.68,29.9,3.88,1784677500,2026-07-21 23:45:00,96
212533,2026-07-22,27.67,33.2,23.6,83.74,94.9,64.7,0.0,0.0,221.54,967.0,0.66,7.6,52.99,24.52,29.87,4.31,1784763900,2026-07-22 23:45:00,96
212533,2026-07-23,26.25,29.9,22.4,88.61,95.9,75.3,17.8,1.71,145.5,844.0,1.44,56.3,184.75,24.18,29.92,2.69,1784850300,2026-07-23 23:45:00,96
212533,2026-07-24,27.84,33.4,23.9,84.55,95.2,63.2,0.0,0.0,216.29,1158.0,0.66,8.0,80.43,24.87,29.93,4.19,1784936700,2026-07-24 23:45:00,96
212533,2026-07-25,28.14,34.1,24.1,83.11,93.7,64.8,0.0,0.0,227.78,1137.0,0.97,19.6,53.27,24.85,29.95,4.51,1785023100,2026-07-25 23:45:00,96
212533,2026-07-26,26.01,32.2,21.9,88.85,95.5,70.2,56.8,6.01,123.04,1209.0,1.07,16.0,160.74,23.93,29.98,2.24,1785109500,2026-07-26 23:45:00,96
212533,2026-07-27,26.26,33.8,21.7,83.99,96.9,61.6,0.2,0.02,270.8,1014.0,0.98,12.9,125.01,23.11,29.96,5.09,1785195900,2026-07-27 23:45:00,96
212533,2026-07-28,28.05,34.5,23.6,82.8,95.4,61.7,0.0,0.0,239.99,1069.0,0.69,7.9,64.0,24.69,29.93,4.63,1785282300,2026-07-28 23:45:00,96
212533,2026-07-29,26.24,29.6,22.8,89.86,96.4,77.4,27.0,5.79,132.9,742.0,1.53,14.5,151.11,24.41,29.93,2.43,1785368700,2026-07-29 23:45:00,96
212533,2026-07-30,27.38,33.9,23.2,85.96,96.0,62.1,1.4,0.17,214.71,1016.0,0.82,19.9,114.76,24.69,29.93,4.04,1785455100,2026-07-30 23:45:00,96
212533,2026-07-31,25.87,30.9,23.3,88.67,95.5,72.6,13.6,1.98,127.83,1009.0,1.86,21.2,110.8,23.79,29.95,2.35,1785541500,2026-07-31 23:45:00,96
212533,2026-08-01,27.15,34.6,22.6,84.92,96.9,60.9,0.0,0.0,256.44,1158.0,0.44,6.8,95.64,24.2,29.95,4.92,1785627900,2026-08-01 23:45:00,96
212533,2026-08-02,28.46,34.2,23.7,82.04,95.8,60.3,0.0,0.0,254.08,1014.0,0.81,11.3,39.9,24.9,29.93,4.6,1785708000,2026-08-02 22:00:00,89
212609,2026-05-05,34.34,35.9,31.4,51.56,62.9,44.1,0.0,0.0,125.2,436.0,1.52,16.1,124.67,22.69,,0.46,1778024700,2026-05-05 23:45:00,15
212609,2026-05-06,29.53,35.2,24.2,70.01,91.1,51.0,0.0,0.0,183.95,1072.0,3.47,26.2,159.62,23.22,,3.84,1778111100,2026-05-06 23:45:00,96
212609,2026-05-07,29.98,35.8,24.8,68.8,90.4,46.3,0.0,0.0,182.64,1093.0,2.82,28.7,72.62,23.26,,3.98,1778197500,2026-05-07 23:45:00,96
212609,2026-05-08,30.79,37.2,25.8,65.9,85.5,39.9,0.0,0.0,249.62,1009.0,4.63,24.2,183.15,23.26,,5.53,1778283900,2026-05-08 23:45:00,96
212609,2026-05-09,30.02,36.6,25.3,67.86,88.2,42.5,0.0,0.0,214.46,954.0,5.31,24.4,186.45,22.9,,4.74,1778370300,2026-05-09 23:45:00,96
212609,2026-05-10,29.77,35.2,24.7,65.8,87.8,45.8,0.0,0.0,172.38,1065.0,4.12,28.1,141.29,22.28,,4.09,1778456700,2026-05-10 23:45:00,96
212609,2026-05-11,30.66,37.1,25.8,62.67,84.4,38.8,0.0,0.0,222.18,935.0,4.83,44.7,161.38,22.12,,5.31,1778543100,2026-05-11 23:45:00,96
212609,2026-05-12,27.88,32.1,25.6,78.96,90.2,57.8,6.6,3.76,133.88,977.0,2.04,20.9,156.34,23.83,,2.62,1778629500,2026-05-12 23:45:00,96
212609,2026-05-13,26.38,30.4,24.4,87.8,94.3,71.7,9.6,2.41,131.11,1232.0,2.55,23.9,66.55,24.17,,2.42,1778715900,2026-05-13 23:45:00,96
212609,2026-05-14,26.82,32.7,23.1,83.84,96.5,62.6,0.8,0.32,170.84,1185.0,2.31,24.5,62.72,23.71,,3.25,1778802300,2026-05-14 23:45:00,96
212609,2026-05-15,29.01,35.3,24.4,74.89,93.4,47.9,0.0,0.0,188.42,1114.0,2.52,24.0,45.9,23.66,,3.92,1778888700,2026-05-15 23:45:00,96
212609,2026-05-16,28.2,33.1,24.9,79.95,92.7,60.9,5.6,0.97,175.14,1102.0,2.22,18.8,169.92,24.33,,3.34,1778975100,2026-05-16 23:45:00,96
212609,2026-05-17,25.76,30.1,21.4,87.69,96.1,74.7,49.8,5.58,124.09,636.0,2.01,42.8,136.17,23.5,,2.31,1779061500,2026-05-17 23:45:00,96
212609,2026-05-18,28.66,34.3,24.8,75.98,90.1,53.6,0.0,0.0,250.83,998.0,3.24,21.2,187.29,23.78,,5.07,1779147900,2026-05-18 23:45:00,96
212609,2026-05-19,28.45,32.2,25.2,75.26,86.1,59.6,0.0,0.0,162.71,823.0,3.26,21.1,173.46,23.54,,3.55,1779234300,2026-05-19 23:45:00,96
212609,2026-05-20,28.31,32.8,25.6,78.71,91.9,63.9,0.6,0.05,140.42,1213.0,2.8,20.8,160.0,24.2,,2.83,1779320700,2026-05-20 23:45:00,96
212609,2026-05-21,27.11,32.6,24.6,86.23,95.0,68.2,6.6,0.91,154.4,926.0,2.86,18.6,78.3,24.56,,3.02,1779407100,2026-05-21 23:45:00,96
212609,2026-05-22,26.92,31.2,24.7,86.44,94.5,71.8,0.0,0.0,149.27,1311.0,1.16,11.4,88.53,24.4,,2.84,1779493500,2026-05-22 23:45:00,96
212609,2026-05-23,25.47,27.9,24.1,91.47,95.6,82.6,4.4,0.24,79.96,1095.0,1.19,15.5,74.12,23.97,,1.44,1779579900,2026-05-23 23:45:00,96
212609,2026-05-24,26.71,33.2,24.0,87.38,96.3,61.1,0.0,0.0,234.27,1288.0,2.5,29.0,81.62,24.33,,4.53,1779666300,2026-05-24 23:45:00,96
212609,2026-05-25,25.43,27.8,22.2,87.88,95.3,77.6,8.4,0.93,104.85,529.0,1.35,27.4,127.93,23.26,,1.92,1779752700,2026-05-25 23:45:00,96
212609,2026-05-26,27.49,33.1,24.9,83.51,94.9,61.8,2.6,0.68,202.44,1013.0,4.28,29.2,65.08,24.28,,4.18,1779839100,2026-05-26 23:45:00,96
212609,2026-05-27,26.32,30.8,23.2,88.43,96.2,71.7,11.4,1.49,130.59,833.0,0.98,18.2,85.82,24.22,,2.44,1779925500,2026-05-27 23:45:00,96
212609,2026-05-28,26.67,30.1,23.9,87.32,94.0,73.2,0.6,0.01,119.56,687.0,1.57,23.2,136.53,24.36,,2.21,1780011900,2026-05-28 23:45:00,96
212609,2026-05-29,27.73,33.2,24.1,80.3,92.3,59.6,1.2,0.45,185.06,1067.0,3.01,19.7,168.82,23.86,,3.61,1780098300,2026-05-29 23:45:00,96
212609,2026-05-30,28.01,33.2,24.1,82.58,95.3,64.1,0.0,0.0,195.32,1164.0,0.71,13.6,58.31,24.63,,3.75,1780184700,2026-05-30 23:45:00,96
212609,2026-05-31,26.08,31.2,21.8,85.26,95.8,65.7,43.6,3.74,171.22,1027.0,1.81,38.1,138.18,23.3,,3.07,1780271100,2026-05-31 23:45:00,96
212609,2026-06-01,27.81,33.4,24.4,83.79,95.5,62.4,0.0,0.0,227.98,1176.0,1.5,17.5,80.08,24.7,,4.44,1780357500,2026-06-01 23:45:00,96
212609,2026-06-02,26.1,31.7,23.2,89.1,96.4,72.0,31.6,4.15,149.36,1278.0,2.34,33.1,75.65,24.13,,2.77,1780443900,2026-06-02 23:45:00,96
212609,2026-06-03,25.21,28.1,23.9,93.29,96.4,81.7,16.2,1.51,97.68,944.0,2.58,17.7,77.63,24.06,,1.75,1780530300,2026-06-03 23:45:00,95
212609,2026-06-04,24.7,27.7,23.3,93.74,97.5,80.9,46.2,6.41,97.75,802.0,1.75,25.8,70.22,23.62,,1.73,1780616700,2026-06-04 23:45:00,96
212609,2026-06-05,25.55,28.7,23.1,91.78,97.4,78.7,45.0,4.04,146.15,1067.0,1.12,14.5,59.08,24.1,,2.56,1780703100,2026-06-05 23:45:00,96
212609,2026-06-06,26.97,32.6,24.2,85.76,96.7,63.6,0.0,0.0,207.89,1081.0,0.47,8.0,67.92,24.27,,3.84,1780789500,2026-06-06 23:45:00,96
212609,2026-06-07,25.04,27.8,22.4,90.75,96.3,80.8,16.6,1.88,101.17,396.0,1.07,39.3,109.78,23.4,,1.76,1780875900,2026-06-07 23:45:00,96
212609,2026-06-08,26.35,29.9,23.9,88.73,96.6,74.3,1.2,0.05,154.75,949.0,1.28,17.5,34.69,24.31,,2.9,1780962300,2026-06-08 23:45:00,96
212609,2026-06-09,28.1,33.3,24.5,81.98,93.2,62.1,0.0,0.0,259.21,1042.0,2.67,14.3,142.09,24.6,,5.07,1781048700,2026-06-09 23:45:00,96
212609,2026-06-10,28.03,33.5,23.6,80.22,90.9,59.9,0.0,0.0,251.42,1046.0,3.51,15.5,180.76,24.15,,4.91,1781135100,2026-06-10 23:45:00,96
212609,2026-06-11,26.65,30.3,24.3,88.03,94.3,74.9,2.8,0.56,112.02,1104.0,1.91,17.4,122.07,24.48,,2.05,1781221500,2026-06-11 23:45:00,96
212609,2026-06-12,26.85,31.7,24.4,88.4,96.8,70.3,0.0,0.0,155.15,1216.0,1.52,19.5,43.18,24.71,,2.95,1781307900,2026-06-12 23:45:00,96
212609,2026-06-13,27.89,32.7,24.3,80.82,95.5,59.7,0.0,0.0,252.14,949.0,2.96,25.7,31.22,24.09,,5.04,1781394300,2026-06-13 23:45:00,96
212609,2026-06-14,27.76,33.3,23.4,78.91,93.2,56.2,0.0,0.0,259.3,967.0,2.75,16.9,179.64,23.53,,5.0,1781480700,2026-06-14 23:45:00,96
212609,2026-06-15,27.09,30.9,24.8,85.94,94.9,71.6,13.8,2.47,143.33,1079.0,3.46,20.6,121.77,24.46,,2.86,1781567100,2026-06-15 23:45:00,96
212609,2026-06-16,25.57,30.3,22.6,88.8,96.4,70.6,1.4,0.08,169.65,1183.0,1.14,21.1,77.65,23.51,,3.14,1781653500,2026-06-16 23:45:00,96
212609,2026-06-17,27.1,32.6,22.9,83.61,94.9,63.4,0.0,0.0,244.92,1246.0,1.19,14.6,60.09,23.96,,4.65,1781739900,2026-06-17 23:45:00,96
212609,2026-06-18,26.58,32.9,23.5,88.55,95.5,64.0,52.0,7.03,201.11,1136.0,1.68,21.3,76.42,24.45,,3.68,1781826300,2026-06-18 23:45:00,96
212609,2026-06-19,25.21,29.7,22.7,92.17,97.1,79.2,8.8,0.98,149.51,1220.0,1.94,20.0,120.42,23.85,,2.76,1781912700,2026-06-19 23:45:00,96
212609,2026-06-20,27.42,33.1,23.4,85.09,97.1,62.4,0.4,0.01,263.45,993.0,1.02,15.0,63.2,24.54,,5.06,1781999100,2026-06-20 23:45:00,96
212609,2026-06-21,27.83,33.7,24.3,82.88,94.0,62.5,0.0,0.0,221.16,1093.0,1.41,13.2,148.74,24.52,,4.23,1782085500,2026-06-21 23:45:00,96
212609,2026-06-22,27.98,32.7,24.2,84.39,96.5,65.8,12.0,3.3,211.06,1093.0,1.6,18.8,77.58,24.97,,4.02,1782171900,2026-06-22 23:45:00,96
212609,2026-06-23,28.15,33.6,23.9,79.69,93.8,53.5,0.0,0.0,264.69,944.0,3.04,15.6,205.97,24.05,,5.09,1782258300,2026-06-23 23:45:00,96
212609,2026-06-24,27.41,33.3,24.2,78.74,93.4,62.4,4.4,0.56,195.79,1021.0,3.14,22.1,203.36,23.31,,3.68,1782344700,2026-06-24 23:45:00,96
212609,2026-06-25,26.21,31.7,23.0,87.48,96.9,66.8,24.6,2.88,200.84,1093.0,0.83,11.5,71.92,23.87,,3.68,1782431100,2026-06-25 23:45:00,96
212609,2026-06-26,27.6,33.1,23.3,82.08,94.5,58.5,0.0,0.0,245.27,976.0,1.03,13.6,49.57,24.07,,4.61,1782517500,2026-06-26 23:45:00,96
212609,2026-06-27,27.53,32.3,23.3,81.9,94.0,60.6,0.0,0.0,194.4,939.0,1.29,14.5,137.51,24.03,,3.66,1782603900,2026-06-27 23:45:00,96
212609,2026-06-28,25.89,27.9,24.3,90.55,95.6,84.8,14.8,2.51,75.15,534.0,1.33,19.3,124.8,24.22,,1.31,1782690300,2026-06-28 23:45:00,96
212609,2026-06-29,26.89,32.7,22.7,85.89,96.0,65.3,0.0,0.0,214.15,1120.0,0.47,13.9,83.12,24.21,,3.99,1782776700,2026-06-29 23:45:00,96
212609,2026-06-30,26.76,30.2,24.0,87.59,93.4,78.0,0.2,0.0,125.79,705.0,1.82,19.3,156.16,24.5,,2.37,1782863100,2026-06-30 23:45:00,96
212609,2026-07-01,25.62,30.9,22.9,91.79,96.7,74.9,26.4,4.57,140.44,1111.0,1.09,17.7,40.6,24.18,,2.67,1782949500,2026-07-01 23:45:00,96
212609,2026-07-02,26.17,30.7,23.1,90.24,96.6,77.1,10.6,1.53,155.18,1183.0,1.48,19.4,125.98,24.41,,2.88,1783035900,2026-07-02 23:45:00,96
212609,2026-07-03,24.92,28.6,22.2,92.22,97.4,79.3,55.8,6.69,116.81,524.0,0.84,11.6,67.91,23.57,,2.02,1783122300,2026-07-03 23:45:00,96
212609,2026-07-04,25.87,31.3,22.8,89.46,95.7,70.5,0.8,0.17,136.33,833.0,0.01,8.7,27.67,23.95,,2.55,1783208700,2026-07-04 23:45:00,96
212609,2026-07-05,27.4,31.8,23.7,86.99,96.8,70.9,0.0,0.0,214.0,1049.0,1.18,13.2,57.62,24.96,,4.11,1783295100,2026-07-05 23:45:00,96
212609,2026-07-06,26.65,31.1,24.4,89.59,95.4,74.7,1.2,0.15,140.06,1123.0,1.36,19.9,59.01,24.78,,2.61,1783381500,2026-07-06 23:45:00,96
212609,2026-07-07,27.12,31.2,24.6,88.76,96.5,73.3,0.2,0.0,165.38,1123.0,0.89,12.9,53.01,25.05,,3.13,1783467900,2026-07-07 23:45:00,96
212609,2026-07-08,26.0,28.4,24.4,93.7,97.6,84.3,37.4,3.77,89.74,643.0,0.69,20.3,96.3,24.91,,1.51,1783554300,2026-07-08 23:45:00,96
212609,2026-07-09,25.92,28.3,24.3,91.64,97.3,82.3,10.2,3.14,121.32,622.0,1.45,17.3,137.3,24.45,,2.19,1783640700,2026-07-09 23:45:00,96
212609,2026-07-10,26.66,31.7,23.9,89.74,96.4,75.7,4.8,1.37,164.85,1095.0,0.64,9.7,90.81,24.82,,3.02,1783727100,2026-07-10 23:45:00,96
212609,2026-07-11,27.47,32.3,23.7,84.12,94.7,65.5,0.0,0.0,216.93,861.0,0.99,11.3,155.9,24.44,,4.1,1783813500,2026-07-11 23:45:00,96
212609,2026-07-12,27.24,31.8,23.8,85.73,96.4,67.8,3.0,0.94,207.11,1021.0,1.2,18.1,84.01,24.51,,3.97,1783899900,2026-07-12 23:45:00,96
212609,2026-07-13,26.58,32.5,22.4,85.57,95.2,65.0,2.8,0.41,217.99,1276.0,1.22,27.9,109.67,23.85,,4.18,1783986300,2026-07-13 23:45:00,96
212609,2026-07-14,27.44,33.3,23.9,85.79,95.8,64.1,2.2,0.9,220.52,1058.0,1.43,26.7,73.25,24.76,,4.27,1784072700,2026-07-14 23:45:00,96
212609,2026-07-15,27.78,32.8,24.2,84.44,96.4,63.6,0.0,0.0,230.79,1005.0,1.34,17.1,43.54,24.78,,4.46,1784159100,2026-07-15 23:45:00,96
212609,2026-07-16,28.16,33.1,24.4,83.77,95.1,65.0,0.0,0.0,246.92,1093.0,1.27,17.0,71.3,25.0,,4.69,1784245500,2026-07-16 23:45:00,96
212609,2026-07-17,28.26,33.4,24.1,82.17,95.2,61.3,0.0,0.0,256.25,1020.0,1.89,17.8,96.23,24.75,,5.09,1784331900,2026-07-17 23:45:00,96
212609,2026-07-18,27.03,33.0,23.4,85.84,96.7,65.2,56.4,7.04,223.8,1169.0,2.44,39.1,148.3,24.34,,4.3,1784418300,2026-07-18 23:45:00,96
212609,2026-07-19,27.29,33.3,23.8,85.77,96.5,64.1,4.0,0.51,244.67,1179.0,1.61,23.0,77.61,24.52,,4.84,1784504700,2026-07-19 23:45:00,96
212609,2026-07-20,25.33,28.3,23.1,93.8,97.1,82.8,49.0,6.38,84.34,636.0,0.8,17.7,140.67,24.27,,1.48,1784591100,2026-07-20 23:45:00,96
212609,2026-07-21,27.15,31.8,24.0,87.09,96.1,68.4,0.0,0.0,199.31,1136.0,1.7,17.9,121.04,24.71,,3.91,1784677500,2026-07-21 23:45:00,96
212609,2026-07-22,27.4,32.3,23.7,84.89,94.6,67.3,0.0,0.0,237.68,1013.0,1.58,16.7,134.35,24.54,,4.52,1784763900,2026-07-22 23:45:00,96
212609,2026-07-23,26.16,30.2,22.4,88.91,96.7,74.9,22.2,3.31,157.34,1016.0,0.88,13.7,108.1,24.14,,2.89,1784850300,2026-07-23 23:45:00,96
212609,2026-07-24,27.66,33.1,24.2,85.85,95.0,65.9,0.0,0.0,230.44,1164.0,1.76,14.0,160.7,24.99,,4.46,1784936700,2026-07-24 23:45:00,96
212609,2026-07-25,27.87,32.8,24.2,84.25,93.9,67.7,0.0,0.0,256.88,1216.0,2.06,22.5,134.22,24.87,,4.86,1785023100,2026-07-25 23:45:00,96
212609,2026-07-26,25.81,30.7,21.8,89.58,95.8,75.3,47.0,4.66,127.43,1229.0,1.46,28.3,78.27,23.91,,2.32,1785109500,2026-07-26 23:45:00,96
212609,2026-07-27,25.89,32.7,21.8,85.74,97.5,63.8,0.8,0.02,266.25,1027.0,0.97,11.2,95.75,23.15,,5.01,1785195900,2026-07-27 23:45:00,96
212609,2026-07-28,27.52,33.0,23.3,84.79,95.5,67.8,0.0,0.0,234.49,1190.0,1.21,12.5,45.54,24.64,,4.44,1785282300,2026-07-28 23:45:00,96
212609,2026-07-29,26.29,29.8,22.8,90.04,96.8,78.7,19.4,3.83,130.24,835.0,1.09,24.1,154.82,24.5,,2.39,1785368700,2026-07-29 23:45:00,96
212609,2026-07-30,27.09,32.8,23.2,86.73,96.3,64.9,2.0,0.22,209.5,977.0,0.92,25.3,56.92,24.57,,3.92,1785455100,2026-07-30 23:45:00,96
212609,2026-07-31,25.67,30.3,23.4,89.52,95.5,75.0,20.8,3.3,130.73,1062.0,2.2,16.2,166.11,23.76,,2.09,1785541500,2026-07-31 23:45:00,95
212609,2026-08-01,26.71,33.3,22.3,85.81,97.3,63.0,0.2,0.0,260.81,1178.0,0.99,13.8,73.48,23.97,,5.04,1785627900,2026-08-01 23:45:00,96
212609,2026-08-02,27.96,33.0,23.5,84.02,96.3,63.7,0.0,0.0,268.85,1021.0,1.64,17.2,64.16,24.85,,4.82,1785708000,2026-08-02 22:00:00,89
212641,2026-05-05,34.51,35.9,31.8,48.1,52.7,46.0,0.0,0.0,132.28,522.0,4.84,17.3,69.02,21.9,29.81,0.64,1778025300,2026-05-05 23:55:00,46
212641,2026-05-06,30.23,36.1,24.7,64.58,85.0,46.3,0.0,0.0,192.1,1062.0,5.04,29.6,103.82,22.47,29.9,4.61,1778111700,2026-05-06 23:55:00,288
212641,2026-05-07,31.27,36.3,26.2,63.29,80.5,46.0,0.0,0.0,215.73,1062.0,5.66,30.2,92.27,23.2,29.88,5.4,1778198100,2026-05-07 23:55:00,288
212641,2026-05-08,31.35,36.4,26.7,62.97,81.8,45.4,0.0,0.0,218.94,1011.0,5.05,30.7,150.8,23.13,29.83,5.25,1778284500,2026-05-08 23:55:00,288
212641,2026-05-09,30.98,36.7,25.8,63.53,83.9,42.6,0.0,0.0,226.92,979.0,6.1,27.4,169.48,22.76,29.82,5.59,1778370900,2026-05-09 23:55:00,288
212641,2026-05-10,30.38,36.3,24.2,61.7,84.6,43.7,0.0,0.0,185.24,1067.0,5.81,32.4,112.31,21.78,29.85,4.81,1778457300,2026-05-10 23:55:00,288
212641,2026-05-11,31.42,37.4,26.3,58.56,79.9,38.4,0.0,0.0,247.16,972.0,6.21,39.8,164.8,21.71,29.86,6.28,1778543700,2026-05-11 23:55:00,288
212641,2026-05-12,28.14,33.0,25.3,76.02,88.1,48.6,3.8,0.29,134.38,1116.0,7.68,29.9,143.12,23.37,29.92,3.15,1778630100,2026-05-12 23:55:00,288
212641,2026-05-13,27.27,32.3,25.0,82.69,91.6,63.7,0.0,0.0,195.57,1155.0,8.71,39.2,158.42,24.02,29.94,4.16,1778716500,2026-05-13 23:55:00,288
212641,2026-05-14,27.53,33.0,23.3,80.19,92.9,59.7,0.0,0.0,168.2,1195.0,7.14,31.0,85.22,23.65,29.93,3.46,1778802900,2026-05-14 23:55:00,288
212641,2026-05-15,29.73,35.7,25.1,71.01,88.4,47.5,0.0,0.0,211.07,1027.0,5.7,29.0,90.66,23.51,29.92,5.02,1778889300,2026-05-15 23:55:00,288
212641,2026-05-16,29.34,34.4,25.1,72.8,87.8,56.2,5.6,0.55,184.82,1178.0,4.07,31.2,145.86,23.85,29.88,4.04,1778975700,2026-05-16 23:55:00,288
212641,2026-05-17,26.33,31.1,22.3,85.47,93.5,74.1,42.2,4.0,146.52,633.0,3.93,62.5,191.6,23.66,29.92,2.96,1779062100,2026-05-17 23:55:00,288
212641,2026-05-18,28.8,34.5,25.1,77.98,91.1,52.9,0.0,0.0,245.26,930.0,3.87,24.8,162.75,24.31,29.9,4.96,1779148500,2026-05-18 23:55:00,288
212641,2026-05-19,28.58,33.1,25.4,77.12,88.2,60.7,1.6,0.13,155.67,810.0,4.1,26.2,145.2,24.07,29.91,3.3,1779234900,2026-05-19 23:55:00,288
212641,2026-05-20,27.96,31.0,25.8,83.08,91.4,71.7,0.8,0.06,117.63,698.0,4.72,24.4,48.43,24.78,29.89,2.55,1779321300,2026-05-20 23:55:00,288
212641,2026-05-21,26.89,30.9,24.5,87.39,92.4,77.9,27.0,2.11,140.61,1144.0,6.51,45.4,123.62,24.62,29.89,2.8,1779407700,2026-05-21 23:55:00,288
212641,2026-05-22,26.35,29.6,24.6,90.12,94.0,83.9,0.8,0.08,136.35,1243.0,5.57,19.6,107.85,24.61,29.92,2.52,1779494100,2026-05-22 23:55:00,288
212641,2026-05-23,25.5,27.3,24.1,91.72,94.9,87.4,14.2,0.94,77.15,531.0,6.05,26.6,111.73,24.06,29.94,1.46,1779580500,2026-05-23 23:55:00,288
212641,2026-05-24,26.17,31.0,23.6,90.97,96.1,80.6,0.0,0.0,218.76,1102.0,5.16,36.2,136.58,24.57,29.92,4.22,1779666900,2026-05-24 23:55:00,288
212641,2026-05-25,25.68,29.1,22.8,89.12,93.9,82.4,8.2,0.49,121.11,680.0,1.98,34.7,187.25,23.77,29.92,2.1,1779753300,2026-05-25 23:55:00,288
212641,2026-05-26,27.6,32.6,24.8,85.42,94.4,67.2,3.8,0.32,226.17,983.0,7.09,37.1,121.58,24.84,29.91,4.72,1779839700,2026-05-26 23:55:00,288
212641,2026-05-27,26.62,30.3,23.7,88.64,94.5,80.0,13.2,0.82,164.83,951.0,5.59,23.0,147.0,24.58,29.92,3.06,1779926100,2026-05-27 23:55:00,288
212641,2026-05-28,27.08,31.3,24.2,89.1,93.7,81.1,1.6,0.1,139.18,816.0,3.25,35.3,126.2,25.12,29.89,2.6,1780012500,2026-05-28 23:55:00,288
212641,2026-05-29,27.76,32.9,24.1,83.18,93.8,63.8,0.4,0.02,221.2,946.0,4.99,27.1,60.39,24.5,29.88,4.58,1780098900,2026-05-29 23:55:00,288
212641,2026-05-30,28.24,33.7,24.8,82.53,93.0,65.3,0.2,0.0,192.81,1063.0,3.3,17.9,107.75,24.89,29.91,3.75,1780185300,2026-05-30 23:55:00,288
212641,2026-05-31,26.29,30.3,22.6,85.6,94.3,73.5,37.8,2.36,172.16,998.0,4.18,56.5,149.53,23.63,29.98,3.34,1780271700,2026-05-31 23:55:00,288
212641,2026-06-01,27.96,32.4,25.1,84.95,93.5,73.8,0.0,0.0,215.35,1090.0,5.06,24.2,125.91,25.16,29.93,4.32,1780358100,2026-06-01 23:55:00,288
212641,2026-06-02,26.45,31.5,23.9,88.18,93.8,76.8,7.4,0.55,174.93,1243.0,6.33,45.1,137.41,24.32,29.93,3.44,1780444500,2026-06-02 23:55:00,288
212641,2026-06-03,25.48,27.7,24.2,92.21,95.4,87.9,29.4,2.16,90.15,766.0,5.23,25.3,183.88,24.14,29.94,1.64,1780530900,2026-06-03 23:55:00,288
212641,2026-06-04,25.18,27.6,23.8,94.04,96.0,90.6,31.0,2.15,91.33,629.0,3.75,26.3,92.41,24.17,29.96,1.72,1780617300,2026-06-04 23:55:00,288
212641,2026-06-05,25.33,27.7,23.3,93.73,96.3,88.1,19.6,1.47,114.6,791.0,4.24,25.1,143.92,24.27,29.97,2.0,1780703700,2026-06-05 23:55:00,288
212641,2026-06-06,27.12,32.4,24.6,88.74,96.0,71.9,0.0,0.0,199.93,1048.0,1.25,15.0,114.83,25.05,29.92,3.75,1780790100,2026-06-06 23:55:00,288
212641,2026-06-07,25.35,28.8,22.9,90.9,94.7,80.2,22.4,1.32,101.58,483.0,3.21,44.5,189.97,23.76,29.93,1.83,1780876500,2026-06-07 23:55:00,288
212641,2026-06-08,26.56,29.9,24.2,90.52,94.6,81.6,6.0,0.32,165.83,974.0,4.68,31.7,118.11,24.89,29.97,3.15,1780962900,2026-06-08 23:55:00,288
212641,2026-06-09,28.28,32.6,24.9,85.32,94.2,70.1,0.0,0.0,238.23,1002.0,3.04,17.7,147.61,25.51,29.97,4.57,1781049300,2026-06-09 23:55:00,288
212641,2026-06-10,28.09,32.7,23.9,82.64,92.6,64.2,0.0,0.0,236.4,1053.0,3.34,19.3,132.76,24.76,29.92,4.71,1781135700,2026-06-10 23:55:00,288
212641,2026-06-11,26.85,29.9,24.7,88.5,93.3,73.1,6.8,0.54,97.49,991.0,4.08,24.1,105.81,24.78,29.9,1.88,1781222100,2026-06-11 23:55:00,288
212641,2026-06-12,27.04,31.2,24.7,90.08,95.8,78.4,0.0,0.0,169.29,1178.0,3.72,24.5,133.15,25.25,29.93,3.38,1781308500,2026-06-12 23:55:00,288
212641,2026-06-13,28.09,32.3,24.9,82.53,93.7,64.5,0.6,0.13,251.5,958.0,6.25,31.6,117.15,24.72,29.92,5.19,1781394900,2026-06-13 23:55:00,288
212641,2026-06-14,27.88,33.1,23.3,80.8,93.8,62.3,0.0,0.0,254.45,993.0,2.47,20.8,140.82,24.11,29.92,5.02,1781481300,2026-06-14 23:55:00,288
212641,2026-06-15,27.68,30.8,25.4,84.42,91.8,71.5,2.0,0.22,154.44,1107.0,6.74,31.5,104.27,24.78,29.95,3.17,1781567700,2026-06-15 23:55:00,288
212641,2026-06-16,25.49,29.4,22.8,89.74,94.8,77.5,2.8,0.14,140.25,1185.0,3.51,25.1,95.37,23.67,29.98,2.53,1781654100,2026-06-16 23:55:00,288
212641,2026-06-17,27.11,30.8,23.3,85.44,94.5,72.8,0.0,0.0,209.6,1071.0,2.5,20.9,86.86,24.41,29.97,3.89,1781740500,2026-06-17 23:55:00,288
212641,2026-06-18,26.96,31.7,24.4,87.25,93.8,76.2,9.8,0.95,190.45,1039.0,3.6,27.4,143.99,24.65,29.97,3.66,1781826900,2026-06-18 23:55:00,288
212641,2026-06-19,25.48,29.7,23.7,92.55,95.9,87.0,15.0,1.63,119.16,1113.0,1.94,29.2,160.68,24.2,29.98,2.17,1781913300,2026-06-19 23:55:00,288
212641,2026-06-20,27.51,33.1,23.8,87.75,96.5,67.4,0.2,0.0,251.78,1028.0,1.92,20.9,98.26,25.2,29.94,4.79,1781999700,2026-06-20 23:55:00,288
212641,2026-06-21,28.18,33.6,24.6,85.21,94.7,68.7,5.2,0.54,222.19,1016.0,1.79,21.3,138.9,25.38,29.9,4.31,1782086100,2026-06-21 23:55:00,288
212641,2026-06-22,28.86,32.3,25.5,82.73,92.3,70.3,0.0,0.0,222.48,1039.0,3.92,23.8,131.82,25.58,29.94,4.37,1782172500,2026-06-22 23:55:00,288
212641,2026-06-23,28.82,34.4,24.3,79.76,93.6,56.3,0.0,0.0,261.57,984.0,1.48,27.4,170.98,24.73,29.93,5.08,1782258900,2026-06-23 23:55:00,288
212641,2026-06-24,27.99,33.2,24.4,79.3,88.9,65.9,1.8,0.14,222.56,1202.0,2.59,31.6,241.49,24.0,29.91,4.53,1782345300,2026-06-24 23:55:00,288
212641,2026-06-25,26.29,31.3,22.9,88.73,95.4,75.8,42.2,3.2,186.96,1238.0,3.04,22.9,135.42,24.26,29.95,3.46,1782431700,2026-06-25 23:55:00,288
212641,2026-06-26,27.86,32.3,24.2,83.98,94.7,64.9,0.0,0.0,235.64,963.0,2.26,17.6,75.87,24.8,29.96,4.72,1782518100,2026-06-26 23:55:00,288
212641,2026-06-27,28.11,32.6,23.4,81.72,93.7,65.6,0.0,0.0,211.59,1158.0,1.81,15.0,119.23,24.6,29.93,4.01,1782604500,2026-06-27 23:55:00,288
212641,2026-06-28,26.62,28.9,24.8,89.02,92.4,78.5,3.6,0.37,87.63,564.0,3.28,20.8,125.67,24.66,29.93,1.61,1782690900,2026-06-28 23:55:00,288
212641,2026-06-29,27.42,33.2,23.7,87.72,96.6,70.9,1.0,0.18,205.17,1088.0,1.55,16.7,120.02,25.12,29.91,3.8,1782777300,2026-06-29 23:55:00,288
212641,2026-06-30,27.08,29.4,24.9,88.23,93.8,78.3,0.4,0.03,137.86,735.0,3.71,25.2,137.39,24.96,29.89,2.64,1782863700,2026-06-30 23:55:00,288
212641,2026-07-01,26.31,30.7,23.6,90.86,96.0,83.0,0.4,0.01,143.59,1151.0,2.21,27.4,130.7,24.72,29.88,2.56,1782950100,2026-07-01 23:55:00,288
212641,2026-07-02,26.75,30.6,24.4,90.92,96.0,82.4,16.6,1.94,156.13,1095.0,2.26,25.7,89.19,25.13,29.9,2.82,1783036500,2026-07-02 23:55:00,288
212641,2026-07-03,25.54,29.3,23.1,92.86,96.5,86.8,42.2,2.78,123.44,700.0,1.77,29.0,187.01,24.31,29.94,2.13,1783122900,2026-07-03 23:55:00,288
212641,2026-07-04,26.36,31.1,23.4,91.51,95.7,82.6,0.6,0.02,145.86,763.0,1.08,17.4,90.48,24.86,29.94,2.73,1783209300,2026-07-04 23:55:00,288
212641,2026-07-05,27.63,31.7,24.4,89.58,96.6,77.7,0.0,0.0,202.86,1034.0,2.04,22.5,82.86,25.74,29.94,3.85,1783295700,2026-07-05 23:55:00,288
212641,2026-07-06,26.92,30.5,24.6,89.86,94.5,83.7,0.4,0.01,168.32,1129.0,3.33,20.7,76.44,25.12,29.95,3.01,1783382100,2026-07-06 23:55:00,288
212641,2026-07-07,27.37,30.6,24.9,89.6,95.6,81.9,0.0,0.0,175.88,1116.0,2.13,17.2,86.45,25.5,29.96,3.3,1783468500,2026-07-07 23:55:00,288
212641,2026-07-08,26.35,29.3,24.8,93.4,96.7,87.3,34.0,2.5,99.63,599.0,1.79,23.0,107.05,25.22,29.94,1.74,1783554900,2026-07-08 23:55:00,288
212641,2026-07-09,26.14,28.6,24.1,92.97,96.6,87.9,2.8,0.27,130.05,707.0,3.12,25.5,87.67,24.92,29.94,2.38,1783641300,2026-07-09 23:55:00,288
212641,2026-07-10,27.1,32.3,24.2,90.62,96.2,78.4,0.0,0.0,217.24,1134.0,1.9,15.5,67.63,25.41,29.92,4.08,1783727700,2026-07-10 23:55:00,288
212641,2026-07-11,27.64,33.0,23.8,87.47,95.7,73.2,0.0,0.0,204.24,803.0,0.91,11.0,131.54,25.32,29.91,3.94,1783814100,2026-07-11 23:55:00,288
212641,2026-07-12,27.47,31.8,24.3,88.64,95.7,78.0,4.6,0.45,183.12,1044.0,1.02,11.2,96.31,25.41,29.94,3.48,1783900500,2026-07-12 23:55:00,288
212641,2026-07-13,26.89,32.2,22.9,88.18,94.9,76.4,3.0,0.2,249.85,1243.0,1.59,191.0,114.61,24.73,29.97,4.66,1783986900,2026-07-13 23:55:00,288
212641,2026-07-14,27.96,33.1,24.1,87.67,96.0,74.8,0.2,0.0,235.01,1065.0,1.66,16.9,89.93,25.67,29.95,4.53,1784073300,2026-07-14 23:55:00,288
212641,2026-07-15,28.37,33.3,24.4,86.09,95.1,71.9,0.0,0.0,213.36,1032.0,1.72,115.9,85.48,25.76,29.93,4.2,1784159700,2026-07-15 23:55:00,288
212641,2026-07-16,28.37,33.7,24.7,85.78,95.1,71.3,0.0,0.0,211.72,1085.0,1.63,17.9,66.82,25.7,29.93,4.01,1784246100,2026-07-16 23:55:00,288
212641,2026-07-17,28.43,33.7,23.9,85.03,95.4,69.9,0.0,0.0,236.69,1074.0,1.43,17.8,92.78,25.59,29.92,4.69,1784332500,2026-07-17 23:55:00,288
212641,2026-07-18,27.62,33.4,24.6,86.76,94.6,71.7,12.2,1.04,218.09,1211.0,1.42,34.4,194.4,25.16,29.9,4.2,1784418900,2026-07-18 23:55:00,288
212641,2026-07-19,27.74,33.6,24.3,88.3,96.6,72.3,2.0,0.2,224.85,1097.0,0.98,13.4,135.48,25.57,29.88,4.24,1784505300,2026-07-19 23:55:00,288
212641,2026-07-20,25.86,27.9,23.6,92.9,96.2,86.1,30.6,2.38,96.45,483.0,1.28,12.7,111.01,24.64,29.9,1.67,1784591700,2026-07-20 23:55:00,288
212641,2026-07-21,27.39,31.9,24.2,91.08,97.0,78.2,0.0,0.0,184.26,1132.0,1.02,12.9,136.21,25.78,29.88,3.43,1784678100,2026-07-21 23:55:00,288
212641,2026-07-22,27.74,33.3,23.6,86.98,95.7,73.5,0.0,0.0,240.13,1009.0,1.13,15.9,73.85,25.32,29.86,4.52,1784764500,2026-07-22 23:55:00,288
212641,2026-07-23,26.4,30.4,23.1,90.54,95.2,82.4,18.0,1.19,140.25,1144.0,2.01,18.7,113.81,24.74,29.91,2.54,1784850900,2026-07-23 23:55:00,288
212641,2026-07-24,27.68,33.1,23.9,89.44,96.6,77.3,0.0,0.0,213.84,1246.0,0.91,9.7,86.09,25.76,29.91,4.05,1784937300,2026-07-24 23:55:00,288
212641,2026-07-25,27.86,33.5,23.9,87.92,95.5,75.9,3.2,0.41,219.47,1062.0,1.2,17.3,135.39,25.65,29.93,4.17,1785023700,2026-07-25 23:55:00,288
212641,2026-07-26,25.65,32.1,22.4,91.61,95.7,82.0,33.4,2.39,145.91,1146.0,2.56,29.3,104.43,24.19,29.96,2.54,1785110100,2026-07-26 23:55:00,288
212641,2026-07-27,26.1,32.9,21.8,89.92,97.5,73.6,0.2,0.0,262.62,933.0,1.29,11.3,127.07,24.25,29.94,4.95,1785196500,2026-07-27 23:55:00,288
212641,2026-07-28,28.02,34.2,23.6,86.0,95.4,68.9,0.0,0.0,240.69,1078.0,0.78,8.3,87.38,25.38,29.91,4.59,1785282900,2026-07-28 23:55:00,288
212641,2026-07-29,26.42,29.5,23.0,91.19,95.6,81.0,13.6,1.23,152.47,907.0,1.91,20.3,154.07,24.87,29.91,2.64,1785369300,2026-07-29 23:55:00,288
212641,2026-07-30,27.63,33.3,23.6,90.08,96.8,74.7,3.8,0.42,239.94,981.0,1.47,13.7,149.23,25.82,29.92,4.57,1785455700,2026-07-30 23:55:00,288
212641,2026-07-31,25.89,30.7,23.8,91.6,96.4,84.5,7.4,0.71,131.11,900.0,2.34,26.2,146.21,24.42,29.94,2.39,1785542100,2026-07-31 23:55:00,272
212641,2026-08-01,27.02,33.1,22.7,89.46,96.7,76.0,0.0,0.0,253.61,1076.0,1.12,15.0,75.25,25.09,29.93,4.96,1785628500,2026-08-01 23:55:00,273
212641,2026-08-02,28.46,34.1,23.8,86.58,95.8,69.6,0.0,0.0,271.26,993.0,1.22,14.2,38.24,25.92,29.91,4.89,1785708000,2026-08-02 22:00:00,244
212695,2026-05-05,35.17,35.6,34.6,47.96,50.0,45.4,0.0,0.0,230.0,374.0,7.3,16.2,244.14,22.44,29.85,0.55,1778019300,2026-05-05 22:15:00,7
212695,2026-05-06,30.09,34.7,25.4,66.59,85.6,51.3,0.0,0.0,171.28,1095.0,6.27,29.7,156.9,22.95,29.92,3.08,1778111100,2026-05-06 23:45:00,77
212695,2026-05-07,30.14,35.5,25.2,67.69,87.6,46.0,0.0,0.0,187.05,1032.0,4.54,33.8,173.56,23.15,29.91,4.09,1778197500,2026-05-07 23:45:00,95
212695,2026-05-08,30.93,36.4,26.6,64.11,81.4,41.8,0.0,0.0,230.33,995.0,5.94,25.5,108.55,23.01,29.86,5.18,1778283000,2026-05-08 23:30:00,92
212695,2026-05-09,30.44,36.6,25.7,65.17,85.0,40.4,0.0,0.0,233.03,918.0,6.27,23.1,102.46,22.61,29.85,5.18,1778370300,2026-05-09 23:45:00,96
212695,2026-05-10,29.18,34.9,24.7,67.96,86.4,45.7,0.0,0.0,79.99,858.0,4.17,24.9,135.37,22.26,29.86,1.65,1778456700,2026-05-10 23:45:00,75
212695,2026-05-11,30.7,36.6,26.3,61.45,83.4,39.0,0.0,0.0,223.59,981.0,6.05,30.6,126.84,21.86,29.89,5.61,1778543100,2026-05-11 23:45:00,96
212695,2026-05-12,27.41,31.9,24.3,80.54,92.9,58.6,2.6,13.71,132.02,1116.0,7.99,28.4,197.55,23.64,29.94,2.77,1778629500,2026-05-12 23:45:00,94
212695,2026-05-13,25.95,29.9,24.4,89.08,95.5,74.1,8.4,1.22,131.85,997.0,7.12,28.0,196.29,24.01,29.97,2.15,1778715900,2026-05-13 23:45:00,95
212695,2026-05-14,26.51,32.0,22.6,84.85,97.0,63.1,0.4,0.03,178.11,1185.0,4.62,22.9,153.11,23.63,29.95,3.57,1778802300,2026-05-14 23:45:00,96
212695,2026-05-15,28.79,34.7,24.4,75.43,91.6,48.7,0.0,0.0,162.78,1013.0,4.25,24.1,186.09,23.61,29.94,3.57,1778888700,2026-05-15 23:45:00,95
212695,2026-05-16,27.73,31.9,24.7,81.83,93.2,60.3,6.4,1.73,125.15,1076.0,4.31,22.1,185.78,24.29,29.91,2.48,1778975100,2026-05-16 23:45:00,96
212695,2026-05-17,25.09,28.9,21.7,88.87,95.6,75.2,61.4,13.97,89.62,575.0,5.39,49.7,198.3,23.03,29.94,1.11,1779061500,2026-05-17 23:45:00,61
212695,2026-05-18,28.32,33.2,24.8,77.04,91.5,56.1,0.0,0.0,247.65,1002.0,4.57,20.5,153.59,23.7,29.93,5.05,1779147900,2026-05-18 23:45:00,96
212695,2026-05-19,28.35,32.3,24.6,77.17,89.3,58.3,0.0,0.0,171.52,775.0,4.19,23.5,159.51,23.83,29.93,3.72,1779234300,2026-05-19 23:45:00,96
212695,2026-05-20,27.94,31.4,25.6,80.48,89.6,66.7,0.0,0.0,106.65,970.0,4.73,24.7,189.11,24.2,29.91,2.45,1779320700,2026-05-20 23:45:00,94
212695,2026-05-21,26.86,31.2,24.6,87.12,95.4,72.5,5.8,1.05,150.62,1039.0,6.7,29.9,197.29,24.5,29.91,3.11,1779407100,2026-05-21 23:45:00,96
212695,2026-05-22,26.5,30.4,24.4,87.69,95.2,70.8,0.0,0.0,148.78,1083.0,5.56,27.5,203.44,24.25,29.93,3.15,1779493500,2026-05-22 23:45:00,95
212695,2026-05-23,25.56,27.1,24.1,90.75,95.5,83.4,1.4,0.13,86.95,772.0,5.88,26.0,203.14,23.94,29.95,1.2,1779579900,2026-05-23 23:45:00,86
212695,2026-05-24,26.58,32.6,24.0,87.13,96.5,62.9,0.2,0.0,214.17,1134.0,3.71,31.9,105.96,24.16,29.94,4.53,1779666300,2026-05-24 23:45:00,96
212695,2026-05-25,25.62,28.6,22.2,86.45,95.7,74.6,6.4,0.69,113.18,564.0,3.09,32.7,186.0,23.17,29.94,2.14,1779752700,2026-05-25 23:45:00,95
212695,2026-05-26,27.46,32.5,24.8,83.05,95.1,59.8,1.0,0.06,190.81,1013.0,6.06,31.6,145.9,24.16,29.93,3.84,1779839100,2026-05-26 23:45:00,93
212695,2026-05-27,26.01,29.5,22.9,88.42,95.9,75.0,12.6,1.54,147.31,1079.0,5.57,19.9,251.18,23.93,29.94,2.81,1779925500,2026-05-27 23:45:00,96
212695,2026-05-28,26.36,29.3,23.8,88.24,94.9,76.3,3.0,0.34,121.08,939.0,4.31,31.7,214.33,24.26,29.91,2.21,1780011900,2026-05-28 23:45:00,96
212695,2026-05-29,27.16,32.3,23.9,82.47,94.4,62.1,8.2,1.51,166.02,1090.0,4.41,23.2,126.71,23.78,29.9,3.4,1780098300,2026-05-29 23:45:00,96
212695,2026-05-30,27.68,32.8,24.1,84.19,95.0,66.7,0.0,0.0,173.34,1102.0,2.05,15.0,153.36,24.68,29.94,3.25,1780184700,2026-05-30 23:45:00,96
212695,2026-05-31,25.87,30.3,21.9,87.32,96.2,67.1,51.8,5.94,109.91,1009.0,4.52,47.5,197.11,23.46,30.0,1.51,1780271100,2026-05-31 23:45:00,65
212695,2026-06-01,27.38,32.8,24.2,85.19,95.8,65.9,0.0,0.0,199.46,1130.0,3.41,24.9,142.35,24.58,29.96,3.73,1780357500,2026-06-01 23:45:00,94
212695,2026-06-02,26.13,31.1,23.3,88.61,95.9,72.3,31.4,3.19,164.09,1129.0,4.59,47.2,190.85,24.04,29.96,3.2,1780443900,2026-06-02 23:45:00,95
212695,2026-06-03,24.9,28.2,23.1,93.89,97.1,80.3,61.4,5.69,107.05,786.0,4.49,35.7,139.34,23.86,29.96,1.77,1780520400,2026-06-03 21:00:00,85
212695,2026-06-04,25.41,27.3,23.4,90.99,97.1,83.0,34.8,7.2,160.56,499.0,5.53,24.5,206.67,23.85,29.97,1.45,1780616700,2026-06-04 23:45:00,48
212695,2026-06-05,25.8,29.3,22.8,90.58,97.1,76.0,45.2,5.84,168.71,1013.0,3.63,21.2,183.97,24.09,29.98,2.82,1780703100,2026-06-05 23:45:00,79
212695,2026-06-06,26.12,31.9,24.2,88.52,97.0,64.0,0.4,0.03,125.89,740.0,1.11,9.9,154.79,23.92,29.95,1.35,1780787700,2026-06-06 23:15:00,63
212695,2026-06-07,25.23,28.0,22.4,90.03,95.7,80.4,6.2,0.42,102.8,404.0,3.86,45.1,214.31,23.48,29.94,1.72,1780875900,2026-06-07 23:45:00,84
212695,2026-06-08,26.63,29.9,24.0,87.22,96.5,73.7,1.4,0.61,147.22,698.0,2.29,19.3,132.51,24.29,29.99,2.0,1780962300,2026-06-08 23:45:00,72
212695,2026-06-09,27.74,32.8,24.4,82.45,93.5,62.8,0.0,0.0,265.75,997.0,3.91,19.4,100.01,24.33,30.0,4.68,1781040600,2026-06-09 21:30:00,87
212695,2026-06-10,27.68,32.1,24.3,80.28,87.9,66.7,0.0,0.0,255.15,1055.0,5.45,18.3,70.96,23.91,29.94,3.32,1781135100,2026-06-10 23:45:00,69
212695,2026-06-11,27.69,29.7,26.3,85.75,92.9,77.9,0.4,0.15,169.6,810.0,5.42,26.2,151.07,25.05,29.92,1.5,1781221500,2026-06-11 23:45:00,40
212695,2026-06-12,26.73,31.2,24.2,87.9,97.4,69.5,0.0,0.0,147.36,1195.0,2.99,21.0,105.2,24.47,29.96,2.76,1781300700,2026-06-12 21:45:00,74
212695,2026-06-13,27.74,32.4,24.0,79.72,94.9,56.8,0.0,0.0,242.46,1005.0,4.86,28.2,163.53,23.64,29.95,5.02,1781394300,2026-06-13 23:45:00,94
212695,2026-06-14,27.69,33.7,23.1,77.22,92.6,55.4,0.0,0.0,203.68,977.0,3.19,15.1,61.32,23.0,29.94,3.68,1781480700,2026-06-14 23:45:00,85
212695,2026-06-15,27.14,31.3,25.1,84.56,93.5,65.7,0.6,0.03,149.42,1005.0,5.6,26.8,145.63,24.22,29.97,3.12,1781567100,2026-06-15 23:45:00,95
212695,2026-06-16,25.25,29.2,22.7,88.74,96.2,72.4,1.2,0.1,149.62,1095.0,4.41,26.4,198.71,23.21,30.0,2.83,1781653500,2026-06-16 23:45:00,95
212695,2026-06-17,26.52,31.8,22.4,83.92,95.5,62.5,0.0,0.0,180.25,1062.0,2.01,17.5,141.44,23.4,29.99,3.39,1781739900,2026-06-17 23:45:00,84
212695,2026-06-18,26.45,31.6,23.8,87.62,94.7,68.2,29.2,6.81,179.13,1067.0,3.26,32.4,102.93,24.19,30.0,3.03,1781826300,2026-06-18 23:45:00,87
212695,2026-06-19,25.11,29.2,23.0,91.57,96.6,77.5,17.0,2.68,118.15,1230.0,3.72,29.7,100.2,23.63,29.99,2.19,1781912700,2026-06-19 23:45:00,94
212695,2026-06-20,27.92,32.4,23.3,82.29,97.4,64.1,0.2,0.02,377.43,1042.0,3.48,17.7,166.97,24.44,29.96,2.57,1781992800,2026-06-20 22:00:00,37
212695,2026-06-21,25.88,28.8,24.7,87.65,91.4,80.2,0.0,0.0,0.0,0.0,3.78,15.9,68.97,23.63,29.92,0.0,1782027900,2026-06-21 07:45:00,31
212695,2026-06-22,28.54,32.7,24.3,81.24,95.0,64.4,1.0,0.42,225.57,1106.0,3.55,26.3,121.06,24.87,29.96,3.89,1782171900,2026-06-22 23:45:00,81
212695,2026-06-23,28.74,34.0,24.7,75.23,92.3,50.5,0.0,0.0,270.25,914.0,4.54,19.8,59.59,23.57,29.95,4.66,1782258300,2026-06-23 23:45:00,91
212695,2026-06-24,27.56,32.9,24.1,77.39,92.9,64.1,10.2,2.2,191.29,946.0,4.75,33.9,101.93,23.14,29.93,3.43,1782344700,2026-06-24 23:45:00,95
212695,2026-06-25,26.11,31.1,22.8,86.46,96.8,65.8,22.0,3.81,196.23,1102.0,3.68,29.7,210.92,23.61,29.97,3.31,1782431100,2026-06-25 23:45:00,93
212695,2026-06-26,27.53,32.4,23.1,81.53,94.2,55.7,0.0,0.0,233.91,983.0,2.66,21.2,107.21,23.83,29.98,4.85,1782517500,2026-06-26 23:45:00,96
212695,2026-06-27,27.46,32.3,23.2,81.66,93.6,57.6,0.0,0.0,194.78,1120.0,3.26,18.4,131.25,23.85,29.96,3.79,1782603900,2026-06-27 23:45:00,96
212695,2026-06-28,25.72,28.4,24.6,90.89,95.0,84.0,3.2,0.92,36.32,251.0,3.18,23.9,166.1,24.12,29.95,0.46,1782690300,2026-06-28 23:45:00,79
212695,2026-06-29,27.06,31.8,22.8,84.94,96.3,67.3,1.2,0.33,211.44,1069.0,1.89,15.6,155.99,24.16,29.93,3.35,1782776700,2026-06-29 23:45:00,80
212695,2026-06-30,26.73,29.3,24.5,87.1,93.4,79.4,0.8,0.27,121.11,682.0,5.11,25.7,115.81,24.39,29.9,2.38,1782863100,2026-06-30 23:45:00,96
212695,2026-07-01,25.61,31.1,23.1,91.34,96.7,71.4,23.8,2.68,154.47,1132.0,2.63,37.4,140.98,24.05,29.9,3.0,1782949500,2026-07-01 23:45:00,95
212695,2026-07-02,25.95,29.7,23.1,90.04,96.3,76.0,11.4,3.13,146.57,1104.0,3.87,32.6,138.65,24.19,29.91,2.56,1783035900,2026-07-02 23:45:00,92
212695,2026-07-03,24.93,28.2,22.8,91.93,97.2,79.4,57.6,6.33,115.15,547.0,3.62,30.0,140.24,23.51,29.96,2.05,1783122300,2026-07-03 23:45:00,95
212695,2026-07-04,25.91,30.4,22.9,89.29,95.6,73.9,0.0,0.0,146.95,882.0,1.42,13.1,141.13,23.99,29.96,2.64,1783208700,2026-07-04 23:45:00,92
212695,2026-07-05,26.56,31.5,24.0,89.78,95.9,69.2,0.0,0.0,124.36,983.0,2.18,14.7,110.91,24.69,29.96,1.91,1783295100,2026-07-05 23:45:00,76
212695,2026-07-06,26.62,30.7,24.6,88.54,94.7,74.6,0.8,0.11,143.39,1213.0,3.72,24.9,135.52,24.55,29.97,2.76,1783381500,2026-07-06 23:45:00,95
212695,2026-07-07,26.87,30.7,24.4,88.92,97.2,71.4,1.8,0.61,167.89,1090.0,2.96,18.2,152.9,24.83,29.98,2.77,1783467900,2026-07-07 23:45:00,94
212695,2026-07-08,25.68,28.2,24.3,94.47,97.4,83.8,17.4,2.47,72.66,394.0,2.24,24.1,133.05,24.73,29.97,0.86,1783539900,2026-07-08 19:45:00,79
212695,2026-07-09,25.67,27.9,23.8,91.72,97.4,81.9,16.2,2.03,122.35,545.0,4.46,29.2,158.33,24.22,29.96,2.31,1783640700,2026-07-09 23:45:00,92
212695,2026-07-10,26.23,30.0,23.7,90.75,96.7,78.1,3.6,0.87,143.46,1013.0,2.37,17.8,207.46,24.58,29.94,2.79,1783727100,2026-07-10 23:45:00,95
212695,2026-07-11,27.54,31.8,24.1,82.44,93.2,65.7,0.0,0.0,212.34,844.0,3.64,17.1,77.16,24.18,29.93,3.84,1783813500,2026-07-11 23:45:00,94
212695,2026-07-12,26.31,31.4,24.1,88.41,95.8,67.7,0.0,0.0,27.77,448.0,2.48,26.2,111.19,24.08,29.95,0.41,1783899900,2026-07-12 23:45:00,52
212695,2026-07-13,27.05,31.2,22.4,84.34,95.9,67.3,7.2,1.45,227.69,1183.0,3.76,37.0,164.32,24.06,29.99,3.83,1783986300,2026-07-13 23:45:00,77
212695,2026-07-14,27.65,32.5,24.3,83.74,94.8,65.4,0.0,0.0,214.45,1016.0,3.54,29.1,77.68,24.52,29.97,4.32,1784072700,2026-07-14 23:45:00,96
212695,2026-07-15,27.42,32.6,24.1,85.12,96.1,63.4,0.0,0.0,182.32,1035.0,2.39,17.8,157.67,24.55,29.95,3.54,1784159100,2026-07-15 23:45:00,96
212695,2026-07-16,28.23,32.5,24.2,82.71,95.6,64.2,2.0,0.86,259.56,1083.0,3.71,20.4,151.79,24.86,29.95,4.81,1784245500,2026-07-16 23:45:00,86
212695,2026-07-17,28.57,33.1,24.1,80.42,95.2,59.6,0.0,0.0,266.55,1104.0,3.89,22.3,91.34,24.65,29.95,5.08,1784331900,2026-07-17 23:45:00,87
212695,2026-07-18,27.18,32.7,23.2,83.84,96.2,63.0,30.4,3.35,226.73,1116.0,4.8,42.0,106.9,24.06,29.92,4.36,1784418300,2026-07-18 23:45:00,96
212695,2026-07-19,27.61,32.5,24.1,83.5,96.4,62.8,23.4,4.27,236.25,1143.0,3.25,29.3,107.97,24.35,29.89,3.85,1784504700,2026-07-19 23:45:00,79
212695,2026-07-20,25.21,27.1,23.0,93.76,97.2,87.0,18.4,2.65,83.02,434.0,2.91,18.7,177.46,24.16,29.91,1.6,1784591100,2026-07-20 23:45:00,94
212695,2026-07-21,27.29,31.6,24.2,85.02,95.0,66.4,0.0,0.0,191.09,1100.0,3.57,19.1,59.66,24.42,29.9,3.82,1784677500,2026-07-21 23:45:00,93
212695,2026-07-22,27.27,31.8,23.6,84.68,94.7,65.8,0.0,0.0,219.49,965.0,3.25,20.2,153.34,24.34,29.88,4.35,1784763900,2026-07-22 23:45:00,96
212695,2026-07-23,26.21,30.0,22.1,88.44,97.0,74.5,26.4,2.74,159.59,1013.0,3.05,30.0,217.48,24.09,29.93,2.81,1784850300,2026-07-23 23:45:00,90
212695,2026-07-24,27.75,32.2,24.1,85.66,95.4,70.2,0.0,0.0,222.72,1090.0,3.27,19.9,125.95,25.05,29.93,3.89,1784936700,2026-07-24 23:45:00,82
212695,2026-07-25,26.97,32.6,24.3,86.65,94.3,65.2,0.0,0.0,109.56,737.0,3.22,23.0,68.26,24.47,29.95,0.95,1785023100,2026-07-25 23:45:00,73
212695,2026-07-26,26.04,29.6,24.7,90.17,96.0,76.4,0.0,0.0,110.87,1190.0,2.3,19.5,164.82,24.31,29.98,1.32,1785089700,2026-07-26 18:15:00,67
212695,2026-07-27,26.02,32.0,21.7,84.92,97.3,64.2,30.4,0.49,278.98,1023.0,2.66,31.3,124.18,23.09,29.96,4.93,1785195900,2026-07-27 23:45:00,89
212695,2026-07-28,27.44,32.7,23.1,84.8,95.2,65.8,0.0,0.0,242.56,1150.0,2.57,17.3,147.65,24.52,29.93,4.81,1785282300,2026-07-28 23:45:00,96
212695,2026-07-29,26.14,29.3,23.2,90.39,97.1,78.0,26.0,4.38,133.0,990.0,3.53,46.6,251.76,24.41,29.93,2.46,1785368700,2026-07-29 23:45:00,96
212695,2026-07-30,26.07,32.1,23.6,89.61,95.8,67.0,0.6,0.06,187.49,891.0,1.96,25.4,126.05,24.19,29.95,2.77,1785438900,2026-07-30 19:15:00,78
212695,2026-07-31,26.4,28.9,25.0,85.97,91.0,79.2,0.0,0.0,288.5,536.0,4.65,15.2,108.0,24.07,29.98,,1785518100,2026-07-31 17:15:00,4
212695,2026-08-01,29.34,32.2,22.3,78.44,97.7,66.5,0.0,0.0,511.48,1107.0,4.44,20.4,162.33,25.15,29.94,4.97,1785627900,2026-08-01 23:45:00,48
212695,2026-08-02,27.7,32.8,23.5,84.6,96.0,59.7,0.0,0.0,261.84,1062.0,3.09,22.5,101.97,24.69,29.94,4.47,1785708000,2026-08-02 22:00:00,86
212723,2026-05-05,34.04,35.1,31.9,52.41,65.4,46.1,0.0,0.0,172.47,519.0,4.55,17.7,154.13,22.74,29.85,0.66,1778024700,2026-05-05 23:45:00,15
212723,2026-05-06,29.49,34.6,24.1,70.73,90.8,52.0,0.0,0.0,296.71,981.0,6.32,27.8,203.24,23.32,29.94,5.18,1778111100,2026-05-06 23:45:00,76
212723,2026-05-07,28.67,33.8,25.7,75.24,87.5,55.2,0.0,0.0,174.99,976.0,6.12,31.0,158.84,23.72,29.93,2.59,1778197500,2026-05-07 23:45:00,76
212723,2026-05-08,30.49,36.3,26.2,67.1,83.9,42.3,0.0,0.0,260.27,1007.0,4.87,23.1,162.31,23.3,29.86,5.59,1778283900,2026-05-08 23:45:00,96
212723,2026-05-09,29.19,35.7,25.2,71.53,88.2,42.2,0.0,0.0,112.32,745.0,5.93,21.2,157.61,22.91,29.84,2.45,1778370300,2026-05-09 23:45:00,75
212723,2026-05-10,29.58,34.8,24.8,66.42,87.2,46.3,0.0,0.0,187.68,976.0,5.72,28.2,211.61,22.26,29.88,4.44,1778456700,2026-05-10 23:45:00,96
212723,2026-05-11,30.34,36.4,25.9,63.63,84.8,39.4,0.0,0.0,240.1,874.0,6.19,33.6,191.72,22.06,29.89,5.75,1778543100,2026-05-11 23:45:00,96
212723,2026-05-12,27.4,32.1,24.6,79.74,89.6,55.2,3.4,0.56,80.29,909.0,7.01,25.7,218.58,23.48,29.94,1.44,1778629500,2026-05-12 23:45:00,76
212723,2026-05-13,26.29,29.8,24.6,87.17,94.1,71.6,1.2,0.32,143.47,1165.0,8.17,38.3,167.07,23.96,29.97,2.88,1778715900,2026-05-13 23:45:00,96
212723,2026-05-14,26.6,31.8,22.9,82.88,94.5,63.0,0.0,0.0,161.62,1092.0,6.03,30.1,131.43,23.31,29.96,3.31,1778800500,2026-05-14 23:15:00,94
212723,2026-05-15,29.36,34.6,24.7,71.39,91.2,49.0,0.0,0.0,277.4,1021.0,8.45,29.0,126.97,23.19,29.95,5.27,1778888700,2026-05-15 23:45:00,78
212723,2026-05-16,27.65,32.3,24.8,79.18,91.0,59.1,4.4,0.68,172.85,1034.0,4.43,26.6,180.42,23.66,29.94,2.91,1778958900,2026-05-16 19:15:00,78
212723,2026-05-17,25.37,29.0,21.8,89.84,96.2,78.5,41.4,4.86,129.78,606.0,6.96,66.7,244.55,23.56,29.95,2.38,1779061500,2026-05-17 23:45:00,94
212723,2026-05-18,27.87,33.2,24.6,80.53,91.6,57.0,0.0,0.0,231.4,976.0,5.47,34.7,191.05,24.06,29.94,4.79,1779147900,2026-05-18 23:45:00,96
212723,2026-05-19,27.57,31.7,24.7,79.99,89.8,63.0,0.0,0.0,49.96,476.0,3.16,15.7,199.66,23.68,29.93,1.03,1779234300,2026-05-19 23:45:00,73
212723,2026-05-20,27.74,30.9,25.5,81.66,91.2,69.4,1.0,0.35,127.83,1016.0,7.13,29.1,186.27,24.27,29.92,2.91,1779320700,2026-05-20 23:45:00,96
212723,2026-05-21,26.58,30.4,24.4,88.61,94.3,77.0,21.2,3.33,152.41,1025.0,6.33,31.7,164.83,24.55,29.92,2.13,1779389100,2026-05-21 18:45:00,76
212723,2026-05-22,26.64,30.3,24.7,88.14,94.6,74.7,0.0,0.0,169.53,1209.0,6.27,23.9,179.14,24.48,29.94,3.21,1779493500,2026-05-22 23:45:00,96
212723,2026-05-23,25.57,27.3,24.4,91.01,95.3,85.4,2.2,0.6,71.28,694.0,4.77,24.8,161.03,24.01,29.96,1.34,1779579900,2026-05-23 23:45:00,88
212723,2026-05-24,26.23,31.3,24.0,89.1,95.3,72.5,0.0,0.0,222.57,1065.0,5.2,34.1,91.11,24.26,29.95,4.33,1779666300,2026-05-24 23:45:00,96
212723,2026-05-25,25.08,26.7,22.6,88.98,94.0,81.9,4.6,0.51,81.01,668.0,3.7,34.7,224.3,23.15,29.96,1.37,1779752700,2026-05-25 23:45:00,86
212723,2026-05-26,27.24,31.9,24.8,84.31,94.5,64.3,0.0,0.0,217.6,1030.0,8.97,42.6,154.4,24.26,29.94,4.73,1779839100,2026-05-26 23:45:00,96
212723,2026-05-27,25.9,29.4,23.1,89.1,94.6,77.4,4.8,1.5,152.36,958.0,5.57,19.7,232.04,23.98,29.95,2.23,1779914700,2026-05-27 20:45:00,84
212723,2026-05-28,26.4,29.2,24.0,88.09,93.5,79.5,4.6,0.89,102.37,789.0,5.05,28.0,186.25,24.27,29.92,1.63,1780011900,2026-05-28 23:45:00,79
212723,2026-05-29,26.35,31.5,23.8,86.05,93.1,68.2,0.0,0.0,105.14,766.0,4.15,30.2,192.94,23.79,29.92,1.68,1780098300,2026-05-29 23:45:00,80
212723,2026-05-30,27.55,32.4,24.4,83.94,93.0,67.5,0.0,0.0,119.08,766.0,2.99,23.4,146.0,24.55,29.95,2.21,1780184700,2026-05-30 23:45:00,91
212723,2026-05-31,25.75,29.8,21.9,85.97,95.6,69.7,56.0,3.23,163.5,939.0,6.2,57.0,206.92,23.15,30.01,3.12,1780271100,2026-05-31 23:45:00,96
212723,2026-06-01,26.69,31.6,24.5,87.27,93.9,73.1,0.0,0.0,199.21,1072.0,2.67,24.8,80.16,24.38,29.98,2.69,1780357500,2026-06-01 23:45:00,76
212723,2026-06-02,26.0,30.4,23.1,89.23,95.2,73.5,21.4,0.97,162.82,1093.0,5.81,51.2,169.52,24.06,29.97,3.09,1780443900,2026-06-02 23:45:00,96
212723,2026-06-03,25.03,27.2,23.9,93.12,95.5,87.4,12.4,0.76,52.52,526.0,5.22,23.3,139.06,23.85,29.98,0.71,1780530300,2026-06-03 23:45:00,77
212723,2026-06-04,24.77,26.7,23.4,93.65,96.5,87.5,21.6,1.05,87.32,512.0,3.81,30.1,142.73,23.7,29.99,1.59,1780616700,2026-06-04 23:45:00,96
212723,2026-06-05,25.4,28.2,22.9,92.2,96.7,83.1,35.6,1.76,119.69,904.0,3.55,18.6,138.74,24.04,29.99,1.97,1780703100,2026-06-05 23:45:00,88
212723,2026-06-06,26.49,31.3,24.5,87.78,95.6,68.9,0.0,0.0,197.48,947.0,1.35,17.8,127.38,24.24,29.96,2.86,1780786800,2026-06-06 23:00:00,76
212723,2026-06-07,24.91,27.8,22.4,90.07,95.1,83.8,7.6,0.7,72.66,418.0,4.28,58.4,181.97,23.16,29.94,0.9,1780875900,2026-06-07 23:45:00,64
212723,2026-06-08,26.31,29.8,24.2,89.08,95.6,75.6,1.6,0.08,146.07,775.0,2.69,19.0,113.56,24.34,30.0,2.69,1780962300,2026-06-08 23:45:00,96
212723,2026-06-09,27.17,32.2,24.6,85.99,93.1,65.9,0.0,0.0,137.12,687.0,3.11,15.4,123.35,24.52,30.0,1.84,1781048700,2026-06-09 23:45:00,78
212723,2026-06-10,27.73,32.5,23.5,82.06,92.0,64.3,0.0,0.0,241.08,979.0,4.25,20.9,178.26,24.29,29.95,4.72,1781135100,2026-06-10 23:45:00,96
212723,2026-06-11,26.34,30.5,24.2,89.71,93.8,76.1,12.6,0.64,101.1,687.0,3.67,23.9,148.04,24.5,29.93,1.97,1781221500,2026-06-11 23:45:00,96
212723,2026-06-12,25.79,29.3,24.4,92.95,96.2,81.2,8.0,0.47,74.28,513.0,1.75,14.0,45.22,24.57,29.98,0.64,1781307900,2026-06-12 23:45:00,68
212723,2026-06-13,27.74,31.9,24.6,82.55,94.4,60.5,0.0,0.0,249.3,933.0,4.7,30.6,123.56,24.35,29.96,5.05,1781394300,2026-06-13 23:45:00,96
212723,2026-06-14,26.55,32.5,23.3,84.15,93.3,60.0,0.0,0.0,120.07,731.0,2.94,10.9,180.77,23.47,29.94,1.75,1781480700,2026-06-14 23:45:00,75
212723,2026-06-15,27.04,31.3,25.0,85.52,92.7,73.4,1.2,0.03,156.57,1009.0,5.49,27.1,155.7,24.35,29.98,3.06,1781567100,2026-06-15 23:45:00,96
212723,2026-06-16,25.41,29.1,22.8,89.38,95.4,75.4,1.8,0.07,165.89,1118.0,4.12,24.6,150.82,23.51,30.01,3.04,1781653500,2026-06-16 23:45:00,96
212723,2026-06-17,26.9,31.7,22.7,84.74,95.0,66.6,0.0,0.0,254.58,1269.0,2.28,16.9,105.96,24.05,30.0,4.61,1781739900,2026-06-17 23:45:00,91
212723,2026-06-18,26.87,31.9,23.1,86.01,93.7,67.1,0.0,0.0,186.7,1030.0,3.37,28.3,88.52,24.26,30.0,3.62,1781826300,2026-06-18 23:45:00,96
212723,2026-06-19,25.01,28.3,23.1,91.58,95.3,82.3,9.6,0.4,135.99,1116.0,3.35,23.6,122.1,23.57,30.01,1.95,1781912700,2026-06-19 23:45:00,83
212723,2026-06-20,27.41,33.2,23.5,84.57,95.9,60.8,0.8,1.93,266.89,962.0,2.47,18.0,138.98,24.44,29.96,5.04,1781999100,2026-06-20 23:45:00,95
212723,2026-06-21,27.88,33.5,24.6,82.56,92.9,63.3,0.0,0.0,231.9,1034.0,2.74,17.7,175.34,24.52,29.93,4.54,1782085500,2026-06-21 23:45:00,96
212723,2026-06-22,28.0,32.3,24.2,83.41,94.8,66.8,0.8,0.06,225.21,1095.0,3.41,22.8,147.52,24.83,29.97,4.06,1782167400,2026-06-22 22:30:00,91
212723,2026-06-23,28.71,34.1,24.2,75.65,93.0,53.2,0.0,0.0,314.45,860.0,4.29,18.8,159.7,23.63,29.95,5.16,1782258300,2026-06-23 23:45:00,80
212723,2026-06-24,27.1,33.4,24.6,77.83,85.0,61.9,19.8,5.21,114.39,830.0,5.53,54.7,136.33,22.78,29.93,1.58,1782336600,2026-06-24 21:30:00,67
212723,2026-06-25,29.85,30.6,28.1,76.52,84.3,71.6,0.0,0.0,366.56,1004.0,2.41,13.0,111.88,25.24,29.93,2.09,1782431100,2026-06-25 23:45:00,25
212723,2026-06-26,26.83,31.9,23.4,85.04,94.2,62.2,0.0,0.0,119.07,784.0,0.82,11.9,77.45,23.91,29.98,2.02,1782517500,2026-06-26 23:45:00,74
212723,2026-06-27,27.44,32.3,23.3,82.68,93.8,63.1,0.0,0.0,200.66,1194.0,2.48,18.0,175.55,24.12,29.96,3.84,1782603900,2026-06-27 23:45:00,96
212723,2026-06-28,26.29,29.4,25.0,88.45,91.7,81.4,1.4,1.51,0.0,0.0,1.36,18.9,157.06,24.18,29.94,0.0,1782636300,2026-06-28 08:45:00,36
212723,2026-06-29,30.52,32.4,23.1,74.89,95.3,66.9,6.4,1.35,459.08,1120.0,2.79,17.7,159.15,25.63,29.91,3.6,1782776700,2026-06-29 23:45:00,39
212723,2026-06-30,26.1,29.1,23.8,89.19,92.4,81.0,0.0,0.0,45.74,462.0,3.06,17.2,160.82,24.16,29.9,0.58,1782863100,2026-06-30 23:45:00,73
212723,2026-07-01,25.71,30.4,23.1,91.17,96.1,77.4,15.4,1.87,151.91,1069.0,1.93,32.0,91.6,24.17,29.91,2.82,1782949500,2026-07-01 23:45:00,96
212723,2026-07-02,25.73,29.8,23.1,90.92,95.4,79.3,6.6,1.71,156.1,990.0,2.7,23.7,132.0,24.15,29.93,2.44,1783022400,2026-07-02 20:00:00,81
212723,2026-07-05,30.51,31.3,27.9,77.62,88.6,73.4,0.0,0.0,422.21,1007.0,3.32,15.3,123.91,26.19,29.95,3.11,1783295100,2026-07-05 23:45:00,33
212723,2026-07-06,26.67,30.1,24.9,89.6,93.8,81.0,6.0,0.67,148.06,956.0,3.45,22.5,110.22,24.81,29.98,2.78,1783381500,2026-07-06 23:45:00,96
212723,2026-07-07,26.34,29.9,24.8,91.48,95.8,79.9,0.2,0.01,144.08,1056.0,1.75,17.5,108.55,24.85,30.0,2.22,1783467900,2026-07-07 23:45:00,77
212723,2026-07-08,25.93,27.6,24.5,93.74,96.6,89.5,22.0,1.61,70.19,461.0,2.02,23.2,113.14,24.86,29.97,1.29,1783554300,2026-07-08 23:45:00,96
212723,2026-07-09,25.86,28.0,24.3,91.77,96.3,82.7,4.4,0.35,134.61,772.0,3.23,22.8,122.93,24.42,29.96,2.55,1783640700,2026-07-09 23:45:00,96
212723,2026-07-10,25.3,26.4,24.6,92.16,94.1,89.1,0.0,0.0,0.0,0.0,0.0,3.2,0.24,23.92,29.98,0.0,1783659600,2026-07-10 05:00:00,21
212723,2026-07-14,29.23,32.0,27.7,85.43,86.5,71.0,0.0,0.0,95.0,786.0,1.57,13.9,148.33,25.83,29.91,,1784072700,2026-07-14 23:45:00,3
212723,2026-07-15,27.68,32.2,24.3,85.62,95.4,68.1,7.6,0.41,210.66,993.0,1.8,19.9,108.74,24.97,29.96,4.09,1784159100,2026-07-15 23:45:00,96
212723,2026-07-16,27.67,32.1,24.2,85.49,95.1,70.4,0.0,0.0,261.24,997.0,2.61,18.9,110.39,24.95,29.96,4.51,1784238300,2026-07-16 21:45:00,88
212723,2026-07-17,31.71,33.2,24.2,71.33,94.3,63.7,0.0,0.0,488.69,995.0,3.55,17.7,111.78,26.0,29.93,3.63,1784331900,2026-07-17 23:45:00,36
212723,2026-07-18,27.24,32.4,23.4,85.01,94.8,68.2,37.4,2.41,193.04,1187.0,3.45,40.5,190.36,24.4,29.93,3.76,1784418300,2026-07-18 23:45:00,96
212723,2026-07-19,31.17,33.4,24.2,73.33,95.4,65.3,3.4,1.41,460.14,1127.0,3.53,33.0,112.66,25.9,29.86,2.85,1784501100,2026-07-19 22:45:00,29
212723,2026-07-22,30.66,31.6,23.6,74.56,95.1,70.4,0.0,0.0,341.58,937.0,2.31,18.2,123.29,25.81,29.83,1.76,1784763900,2026-07-22 23:45:00,24
212723,2026-07-23,24.75,29.3,21.9,92.2,96.1,81.9,26.2,2.55,16.05,211.0,3.86,22.8,180.52,23.36,29.93,0.05,1784814300,2026-07-23 13:45:00,56
212761,2026-05-05,,,,,,,0.0,0.0,162.13,513.0,1.81,14.5,9.62,,,0.56,1778024700,2026-05-05 23:45:00,15
212761,2026-05-06,,,,,,,0.0,0.0,206.88,986.0,1.88,17.7,6.87,,,4.36,1778111100,2026-05-06 23:45:00,96
212761,2026-05-07,,,,,,,0.0,0.0,204.5,1002.0,1.42,17.7,6.98,,,4.15,1778197500,2026-05-07 23:45:00,96
212761,2026-05-08,,,,,,,0.6,0.2,241.85,888.0,1.93,16.1,7.48,,,4.93,1778283900,2026-05-08 23:45:00,96
212761,2026-05-09,,,,,,,0.0,0.0,222.76,895.0,2.73,20.9,8.51,,,4.61,1778370300,2026-05-09 23:45:00,96
212761,2026-05-10,,,,,,,0.0,0.0,177.32,1007.0,1.25,12.9,7.01,,,3.74,1778456700,2026-05-10 23:45:00,96
212761,2026-05-11,,,,,,,0.0,0.0,231.88,946.0,2.32,173.8,7.65,,,5.03,1778543100,2026-05-11 23:45:00,96
212761,2026-05-12,,,,,,,5.4,0.57,123.39,707.0,2.72,19.3,8.48,,,2.45,1778629500,2026-05-12 23:45:00,96
212761,2026-05-13,,,,,,,0.4,0.0,165.35,1241.0,1.45,17.7,6.14,,,3.33,1778715900,2026-05-13 23:45:00,96
212761,2026-05-14,,,,,,,0.0,0.0,146.8,1069.0,1.62,16.1,6.72,,,2.99,1778802300,2026-05-14 23:45:00,96
212761,2026-05-15,,,,,,,0.0,0.0,179.33,986.0,1.18,16.1,5.49,,,3.72,1778888700,2026-05-15 23:45:00,96
212761,2026-05-16,,,,,,,3.2,0.49,162.49,1104.0,1.83,22.5,7.28,,,3.37,1778975100,2026-05-16 23:45:00,96
212761,2026-05-17,,,,,,,52.0,2.69,129.95,626.0,1.37,14.5,9.81,,,2.46,1779061500,2026-05-17 23:45:00,96
212761,2026-05-18,,,,,,,1.0,0.0,214.98,911.0,1.72,16.1,8.49,,,4.29,1779147900,2026-05-18 23:45:00,96
212761,2026-05-19,,,,,,,0.0,0.0,128.05,689.0,0.77,101.4,6.62,,,2.54,1779234300,2026-05-19 23:45:00,96
212761,2026-05-20,,,,,,,0.0,0.0,129.09,914.0,1.52,19.3,5.24,,,2.65,1779320700,2026-05-20 23:45:00,96
212761,2026-05-21,,,,,,,0.2,0.0,129.16,972.0,1.92,19.3,6.89,,,2.72,1779407100,2026-05-21 23:45:00,96
212761,2026-05-22,,,,,,,3.4,0.23,133.16,1090.0,0.9,16.1,6.31,,,2.57,1779493500,2026-05-22 23:45:00,96
212761,2026-05-23,,,,,,,5.6,0.08,38.02,332.0,1.03,20.9,5.59,,,0.7,1779579900,2026-05-23 23:45:00,96
212761,2026-05-24,,,,,,,4.8,0.0,229.74,1037.0,1.23,16.1,6.05,,,4.31,1779666300,2026-05-24 23:45:00,96
212761,2026-05-25,,,,,,,2.0,0.0,102.03,1049.0,1.25,14.5,10.01,,,1.88,1779752700,2026-05-25 23:45:00,96
212761,2026-05-26,,,,,,,2.4,0.0,215.23,1018.0,1.32,22.5,7.81,,,4.12,1779839100,2026-05-26 23:45:00,96
212761,2026-05-27,,,,,,,2.4,0.0,130.98,928.0,1.53,30.6,9.27,,,2.44,1779925500,2026-05-27 23:45:00,96
212761,2026-05-28,,,,,,,2.6,0.0,112.03,796.0,1.55,16.1,8.65,,,2.06,1780011900,2026-05-28 23:45:00,96
212761,2026-05-29,,,,,,,1.6,0.0,190.94,946.0,1.48,14.5,6.1,,,3.76,1780098300,2026-05-29 23:45:00,96
212761,2026-05-30,,,,,,,0.6,0.0,162.43,947.0,1.3,17.7,7.54,,,3.21,1780184700,2026-05-30 23:45:00,96
212761,2026-05-31,,,,,,,4.8,0.08,193.75,983.0,1.35,24.1,8.61,,,3.66,1780271100,2026-05-31 23:45:00,96
212761,2026-06-01,,,,,,,8.8,0.28,161.91,1106.0,1.03,25.7,7.98,,,3.28,1780357500,2026-06-01 23:45:00,96
212761,2026-06-02,,,,,,,4.4,0.0,140.8,1107.0,0.9,16.1,7.46,,,2.63,1780443900,2026-06-02 23:45:00,96
212761,2026-06-03,,,,,,,2.4,0.0,89.93,617.0,0.5,14.5,8.25,,,1.62,1780530300,2026-06-03 23:45:00,96
212761,2026-06-04,,,,,,,1.6,0.0,87.08,471.0,0.72,11.3,7.68,,,1.54,1780616700,2026-06-04 23:45:00,96
212761,2026-06-05,,,,,,,1.6,0.0,118.4,768.0,0.75,9.7,6.48,,,2.05,1780703100,2026-06-05 23:45:00,96
212761,2026-06-06,,,,,,,1.4,0.0,210.68,1027.0,1.08,11.3,9.0,,,3.83,1780789500,2026-06-06 23:45:00,96
212761,2026-06-07,,,,,,,0.6,0.0,93.12,401.0,0.72,16.1,8.2,,,1.59,1780875900,2026-06-07 23:45:00,96
212761,2026-06-08,,,,,,,0.4,0.0,137.39,777.0,1.08,17.7,7.61,,,2.51,1780962300,2026-06-08 23:45:00,96
212761,2026-06-09,,,,,,,0.0,0.0,230.75,974.0,0.9,11.3,7.07,,,4.47,1781048700,2026-06-09 23:45:00,96
212761,2026-06-10,,,,,,,0.2,0.0,199.3,1009.0,1.6,14.5,7.31,,,3.91,1781135100,2026-06-10 23:45:00,96
212761,2026-06-11,,,,,,,0.0,0.0,128.52,928.0,0.87,16.1,6.32,,,2.38,1781221500,2026-06-11 23:45:00,96
212761,2026-06-12,,,,,,,0.0,0.0,168.54,1099.0,0.8,16.1,7.26,,,3.4,1781307900,2026-06-12 23:45:00,96
212761,2026-06-13,,,,,,,0.2,0.0,239.59,972.0,0.75,16.1,7.28,,,4.59,1781394300,2026-06-13 23:45:00,96
212761,2026-06-14,,,,,,,0.0,0.0,237.43,937.0,1.05,12.9,5.45,,,4.51,1781480700,2026-06-14 23:45:00,96
212761,2026-06-15,,,,,,,0.0,0.0,151.56,944.0,0.88,16.1,6.75,,,3.09,1781567100,2026-06-15 23:45:00,96
212761,2026-06-16,,,,,,,0.0,0.0,146.53,1102.0,1.67,17.7,7.45,,,2.73,1781653500,2026-06-16 23:45:00,96
212761,2026-06-17,,,,,,,0.0,0.0,172.98,940.0,0.47,11.3,4.45,,,3.06,1781739900,2026-06-17 23:45:00,96
212761,2026-06-18,,,,,,,28.4,13.49,194.45,1063.0,0.98,22.5,5.01,,,3.73,1781826300,2026-06-18 23:45:00,96
212761,2026-06-19,,,,,,,25.6,4.04,130.99,756.0,0.8,9.7,6.66,,,2.33,1781912700,2026-06-19 23:45:00,96
212761,2026-06-20,,,,,,,7.0,1.48,212.03,956.0,0.6,11.3,8.25,,,3.9,1781999100,2026-06-20 23:45:00,96
212761,2026-06-21,,,,,,,13.4,2.36,233.22,940.0,1.13,11.3,7.23,,,4.42,1782085500,2026-06-21 23:45:00,96
212761,2026-06-22,,,,,,,15.4,2.14,217.17,1037.0,0.95,17.7,8.19,,,4.04,1782171900,2026-06-22 23:45:00,96
212761,2026-06-23,,,,,,,0.0,0.0,229.59,949.0,1.78,17.7,10.07,,,4.53,1782258300,2026-06-23 23:45:00,96
212761,2026-06-24,,,,,,,19.4,1.86,189.88,981.0,1.7,25.7,9.49,,,3.72,1782344700,2026-06-24 23:45:00,96
212761,2026-06-25,,,,,,,2.8,0.44,170.88,1158.0,1.25,12.9,9.09,,,3.31,1782431100,2026-06-25 23:45:00,96
212761,2026-06-26,,,,,,,0.0,0.0,229.19,956.0,0.67,12.9,6.79,,,4.28,1782517500,2026-06-26 23:45:00,96
212761,2026-06-27,,,,,,,0.0,0.0,197.6,1123.0,0.85,12.9,5.44,,,3.86,1782603900,2026-06-27 23:45:00,96
212761,2026-06-28,,,,,,,19.6,1.2,89.62,543.0,1.07,16.1,7.18,,,1.61,1782690300,2026-06-28 23:45:00,96
212761,2026-06-29,,,,,,,0.2,0.0,208.89,1093.0,0.68,12.9,8.27,,,3.93,1782776700,2026-06-29 23:45:00,96
212761,2026-06-30,,,,,,,0.2,0.0,117.45,684.0,1.48,16.1,7.1,,,2.14,1782863100,2026-06-30 23:45:00,96
212761,2026-07-01,,,,,,,0.8,0.7,158.93,1130.0,0.77,20.9,8.27,,,3.06,1782949500,2026-07-01 23:45:00,96
212761,2026-07-02,,,,,,,3.0,0.24,172.38,1025.0,0.88,107.8,7.91,,,3.21,1783035900,2026-07-02 23:45:00,96
212761,2026-07-03,,,,,,,75.8,7.59,80.99,413.0,0.63,17.7,8.26,,,1.4,1783122300,2026-07-03 23:45:00,96
212761,2026-07-04,,,,,,,0.0,0.0,134.81,714.0,0.42,8.0,6.98,,,2.43,1783208700,2026-07-04 23:45:00,96
212761,2026-07-05,,,,,,,0.0,0.0,207.09,881.0,0.98,14.5,6.07,,,4.19,1783295100,2026-07-05 23:45:00,96
212761,2026-07-06,,,,,,,10.0,2.19,146.35,1127.0,0.85,17.7,6.91,,,2.82,1783381500,2026-07-06 23:45:00,96
212761,2026-07-07,,,,,,,2.0,0.3,149.04,1107.0,0.72,24.1,5.05,,,2.74,1783467900,2026-07-07 23:45:00,96
212761,2026-07-08,,,,,,,23.4,4.78,89.74,621.0,0.7,11.3,7.32,,,1.68,1783554300,2026-07-08 23:45:00,96
212761,2026-07-09,,,,,,,1.0,0.36,163.14,1009.0,2.04,17.7,7.2,,,3.09,1783640700,2026-07-09 23:45:00,96
212761,2026-07-10,,,,,,,31.8,4.72,128.59,939.0,0.55,9.7,6.78,,,2.34,1783727100,2026-07-10 23:45:00,96
212761,2026-07-11,,,,,,,12.4,1.53,211.99,905.0,1.12,14.5,5.57,,,4.0,1783813500,2026-07-11 23:45:00,96
212761,2026-07-12,,,,,,,0.6,0.06,170.81,819.0,0.52,11.3,7.31,,,3.14,1783899900,2026-07-12 23:45:00,96
212761,2026-07-13,,,,,,,36.2,4.65,198.52,1155.0,0.73,20.9,6.85,,,3.76,1783986300,2026-07-13 23:45:00,96
212761,2026-07-14,,,,,,,0.0,0.0,214.16,993.0,0.95,16.1,5.25,,,4.02,1784072700,2026-07-14 23:45:00,96
212761,2026-07-15,,,,,,,0.2,0.0,199.19,1013.0,0.7,14.5,5.24,,,3.7,1784159100,2026-07-15 23:45:00,96
212761,2026-07-16,,,,,,,0.0,0.0,233.38,949.0,0.95,14.5,4.93,,,4.56,1784245500,2026-07-16 23:45:00,96
212761,2026-07-17,,,,,,,0.0,0.0,247.47,988.0,0.75,12.9,4.72,,,4.7,1784331900,2026-07-17 23:45:00,96
212761,2026-07-18,,,,,,,14.8,1.96,203.93,1081.0,1.35,14.5,7.27,,,3.96,1784418300,2026-07-18 23:45:00,96
212761,2026-07-19,,,,,,,2.0,0.16,211.7,1044.0,0.95,16.1,7.19,,,4.13,1784504700,2026-07-19 23:45:00,96
212761,2026-07-20,,,,,,,17.0,2.52,100.33,933.0,0.88,12.9,6.57,,,1.82,1784591100,2026-07-20 23:45:00,96
212761,2026-07-21,,,,,,,0.0,0.0,218.68,923.0,0.67,11.3,5.04,,,4.15,1784677500,2026-07-21 23:45:00,96
212761,2026-07-22,,,,,,,0.0,0.0,208.97,1020.0,0.65,14.5,4.72,,,3.95,1784763900,2026-07-22 23:45:00,96
212761,2026-07-23,,,,,,,23.4,4.46,141.95,715.0,1.57,17.7,9.27,,,2.56,1784850300,2026-07-23 23:45:00,96
212761,2026-07-24,,,,,,,0.0,0.0,224.06,1060.0,1.37,16.1,5.17,,,4.28,1784936700,2026-07-24 23:45:00,96
212761,2026-07-25,,,,,,,13.6,1.92,199.0,1121.0,1.35,14.5,5.57,,,3.74,1785023100,2026-07-25 23:45:00,96
212761,2026-07-26,,,,,,,29.6,3.31,139.68,1107.0,2.14,33.8,8.35,,,2.53,1785109500,2026-07-26 23:45:00,96
212761,2026-07-27,,,,,,,0.2,0.0,248.41,863.0,1.03,12.9,6.14,,,4.63,1785195900,2026-07-27 23:45:00,96
212761,2026-07-28,,,,,,,0.0,0.0,223.08,997.0,0.67,12.9,4.23,,,4.25,1785282300,2026-07-28 23:45:00,96
212761,2026-07-29,,,,,,,36.2,4.65,124.95,935.0,1.83,16.1,8.97,,,2.26,1785368700,2026-07-29 23:45:00,96
212761,2026-07-30,,,,,,,8.0,1.33,259.36,1020.0,1.17,14.5,7.01,,,4.81,1785455100,2026-07-30 23:45:00,96
212761,2026-07-31,,,,,,,18.6,2.28,144.33,1130.0,2.07,29.0,6.28,,,2.76,1785541500,2026-07-31 23:45:00,96
212761,2026-08-01,,,,,,,0.0,0.0,241.71,1092.0,1.88,19.3,6.5,,,4.53,1785627900,2026-08-01 23:45:00,96
212761,2026-08-02,27.73,33.1,23.8,83.08,,,0.0,0.0,266.78,970.0,0.98,115.9,4.14,24.4,29.96,4.62,1785708000,2026-08-02 22:00:00,89
213450,2026-05-06,28.62,34.4,24.2,66.98,81.1,49.7,0.0,0.0,215.99,1069.0,4.67,20.1,285.82,21.69,29.93,4.49,1778111100,2026-05-06 23:45:00,93
213450,2026-05-07,28.38,34.9,24.9,70.33,81.8,47.7,0.0,0.0,206.78,1023.0,4.04,25.9,238.48,22.29,29.92,3.71,1778185800,2026-05-07 20:30:00,83
213450,2026-05-08,29.93,35.8,25.6,64.05,79.6,42.2,1.8,0.95,256.48,965.0,4.48,28.8,260.25,22.11,29.86,5.17,1778283900,2026-05-08 23:45:00,87
213450,2026-05-09,28.26,34.2,25.4,71.22,80.9,49.5,0.0,0.0,216.79,976.0,4.68,19.4,245.83,22.42,29.87,3.51,1778370300,2026-05-09 23:45:00,75
213450,2026-05-10,28.85,34.5,24.9,66.77,80.7,48.1,0.0,0.0,155.36,984.0,3.67,19.1,285.79,21.8,29.88,3.35,1778456700,2026-05-10 23:45:00,96
213450,2026-05-11,29.52,35.7,26.0,63.18,77.6,41.4,0.0,0.0,232.0,1023.0,3.95,23.5,294.45,21.41,29.89,5.26,1778540400,2026-05-11 23:00:00,93
213450,2026-05-12,26.87,28.8,24.2,78.86,89.1,71.3,21.8,4.25,159.8,1123.0,5.61,26.6,288.2,22.87,29.94,2.58,1778629500,2026-05-12 23:45:00,79
213450,2026-05-13,25.93,30.3,23.4,84.39,91.5,73.3,0.4,0.04,186.41,1187.0,4.9,26.0,189.39,23.09,29.96,2.74,1778715900,2026-05-13 23:45:00,70
213450,2026-05-14,26.32,32.1,22.2,79.01,89.1,59.4,0.0,0.0,178.81,1234.0,3.55,21.5,199.75,22.27,29.95,3.6,1778802300,2026-05-14 23:45:00,96
213450,2026-05-15,26.92,33.4,23.7,77.35,85.9,52.4,0.0,0.0,87.86,972.0,3.39,23.0,260.89,22.47,29.94,1.23,1778888700,2026-05-15 23:45:00,76
213450,2026-05-16,27.39,32.2,24.6,77.62,89.5,64.2,6.2,1.29,151.66,1009.0,4.36,17.6,328.24,23.1,29.91,3.09,1778975100,2026-05-16 23:45:00,96
213450,2026-05-17,25.26,28.5,22.1,84.51,91.6,75.5,26.0,3.46,96.98,578.0,3.95,36.8,300.92,22.46,29.94,1.83,1779061500,2026-05-17 23:45:00,96
213450,2026-05-18,26.46,30.7,24.1,79.28,84.9,66.5,0.0,0.0,160.68,976.0,2.9,19.8,210.18,22.54,29.94,2.33,1779147900,2026-05-18 23:45:00,77
213450,2026-05-19,27.19,30.9,24.2,77.4,86.2,60.6,0.0,0.0,128.92,900.0,3.4,20.4,251.18,22.82,29.93,2.56,1779234300,2026-05-19 23:45:00,96
213450,2026-05-20,26.58,30.2,25.1,81.45,88.0,72.3,0.6,0.03,89.24,1069.0,3.31,18.5,325.31,23.13,29.91,1.79,1779320700,2026-05-20 23:45:00,96
213450,2026-05-21,25.52,28.4,24.2,87.78,92.4,81.0,22.2,5.6,64.63,860.0,4.05,21.8,328.38,23.37,29.92,0.77,1779407100,2026-05-21 23:45:00,76
213450,2026-05-22,26.03,30.2,23.3,88.16,93.7,74.1,0.0,0.0,177.35,1144.0,2.85,17.9,210.2,23.9,29.92,3.34,1779493500,2026-05-22 23:45:00,96
213450,2026-05-23,24.77,27.2,22.9,90.33,93.3,84.0,0.6,0.07,91.62,891.0,3.43,26.2,197.06,23.1,29.95,1.77,1779579900,2026-05-23 23:45:00,96
213450,2026-05-24,26.16,31.4,23.4,85.82,93.2,68.5,0.0,0.0,203.0,1150.0,3.53,34.2,219.93,23.53,29.94,4.01,1779666300,2026-05-24 23:45:00,96
213450,2026-05-25,24.86,26.5,22.0,86.39,92.0,77.9,6.4,0.68,121.79,696.0,3.02,33.0,247.63,22.45,29.95,1.83,1779739200,2026-05-25 20:00:00,81
213450,2026-05-26,26.87,31.4,24.3,83.15,93.1,63.8,2.6,0.44,177.15,1058.0,4.34,25.3,230.71,23.68,29.93,3.29,1779839100,2026-05-26 23:45:00,87
213450,2026-05-27,25.28,29.4,22.6,88.03,93.8,74.4,3.4,0.82,71.74,684.0,2.19,15.6,279.81,23.16,29.93,1.21,1779925500,2026-05-27 23:45:00,78
213450,2026-05-28,25.63,28.6,23.6,85.11,91.3,77.1,1.0,0.08,95.08,650.0,3.6,29.0,279.7,22.95,29.92,1.8,1780011900,2026-05-28 23:45:00,96
213450,2026-05-29,26.27,31.1,23.4,81.5,87.2,68.6,3.2,1.35,135.03,974.0,2.53,14.9,166.34,22.86,29.9,2.42,1780095600,2026-05-29 23:00:00,93
213450,2026-05-30,27.31,31.6,23.9,81.7,90.6,68.1,0.0,0.0,195.92,970.0,3.01,16.2,150.59,23.88,29.94,2.74,1780184700,2026-05-30 23:45:00,71
213450,2026-05-31,27.3,30.5,22.8,81.25,93.4,70.7,0.0,0.0,241.62,953.0,3.68,22.3,209.44,23.76,29.97,3.05,1780271100,2026-05-31 23:45:00,62
213450,2026-06-01,26.63,31.6,22.8,82.97,91.2,68.4,0.0,0.0,207.95,1144.0,2.54,31.3,172.31,23.42,29.95,4.07,1780357500,2026-06-01 23:45:00,96
213450,2026-06-02,26.51,29.2,23.4,87.81,92.7,79.4,8.2,5.41,188.42,1192.0,2.71,40.2,197.17,24.32,29.94,1.67,1780439400,2026-06-02 22:30:00,49
213450,2026-06-03,24.51,26.2,22.9,92.86,95.3,87.5,43.6,3.98,63.1,429.0,1.43,19.5,245.27,23.31,29.95,1.13,1780530300,2026-06-03 23:45:00,96
213450,2026-06-04,23.99,26.1,22.4,92.71,95.5,87.5,32.6,2.72,74.5,403.0,2.98,33.4,301.82,22.75,29.97,1.28,1780616700,2026-06-04 23:45:00,96
213450,2026-06-05,24.58,28.6,22.4,92.11,96.2,81.6,55.8,5.11,113.51,733.0,1.97,19.4,239.1,23.23,29.98,2.01,1780703100,2026-06-05 23:45:00,96
213450,2026-06-06,25.98,30.8,22.8,87.75,95.6,70.4,0.0,0.0,195.76,898.0,1.14,14.6,164.85,23.73,29.94,3.59,1780787700,2026-06-06 23:15:00,94
213450,2026-06-07,24.49,27.1,21.7,88.85,93.4,81.8,29.8,3.97,106.02,441.0,3.2,46.7,246.13,22.54,29.95,1.84,1780875900,2026-06-07 23:45:00,91
213450,2026-06-08,25.13,27.7,23.4,89.85,94.9,84.0,11.2,1.74,98.19,654.0,1.9,15.5,291.96,23.35,29.99,1.77,1780962300,2026-06-08 23:45:00,96
213450,2026-06-09,27.21,32.4,23.7,79.62,90.8,61.8,0.0,0.0,245.15,925.0,2.87,17.2,232.66,23.25,29.99,4.88,1781048700,2026-06-09 23:45:00,96
213450,2026-06-10,27.22,31.6,22.7,78.09,85.8,67.8,0.0,0.0,232.55,997.0,2.68,17.4,225.28,23.01,29.94,4.59,1781135100,2026-06-10 23:45:00,96
213450,2026-06-11,25.19,27.7,23.0,85.3,89.5,81.2,13.0,2.27,52.85,411.0,3.16,22.6,218.63,22.56,29.92,0.85,1781221500,2026-06-11 23:45:00,76
213450,2026-06-12,26.57,31.3,23.4,85.96,93.4,68.5,0.0,0.0,211.6,1114.0,2.58,29.0,231.06,23.98,29.95,4.08,1781307900,2026-06-12 23:45:00,96
213450,2026-06-13,27.26,31.8,23.8,78.71,90.1,60.1,0.0,0.0,225.89,1111.0,4.31,27.1,254.11,23.07,29.95,4.53,1781393400,2026-06-13 23:30:00,95
213450,2026-06-14,27.35,32.7,21.9,72.74,85.5,56.3,0.0,0.0,260.51,970.0,3.26,23.1,148.06,21.83,29.94,4.23,1781480700,2026-06-14 23:45:00,78
213450,2026-06-15,25.63,29.8,24.1,84.85,92.1,74.7,17.2,3.13,43.86,345.0,2.76,23.4,297.69,22.82,29.96,0.77,1781567100,2026-06-15 23:45:00,72
213450,2026-06-16,25.01,29.1,21.9,86.81,92.7,75.6,0.2,0.0,205.33,990.0,5.1,25.2,293.34,22.64,29.99,3.98,1781653500,2026-06-16 23:45:00,96
213450,2026-06-17,26.23,30.9,22.1,82.25,90.8,68.7,0.0,0.0,210.3,1153.0,3.49,12.1,280.98,22.88,29.99,3.75,1781735400,2026-06-17 22:30:00,91
213450,2026-06-18,26.44,30.8,22.8,84.13,89.8,71.1,18.6,3.84,207.31,928.0,3.15,24.5,160.04,23.51,29.99,3.41,1781826300,2026-06-18 23:45:00,82
213450,2026-06-19,24.91,28.6,23.1,90.13,93.3,81.9,25.6,4.89,119.94,1185.0,2.34,21.4,180.31,23.19,29.99,1.91,1781912700,2026-06-19 23:45:00,88
213450,2026-06-20,26.83,31.9,22.9,83.51,93.3,65.9,0.0,0.0,235.48,1049.0,2.27,17.2,188.24,23.71,29.95,4.53,1781999100,2026-06-20 23:45:00,96
213450,2026-06-21,26.98,32.4,23.7,81.68,91.1,66.0,8.2,2.65,213.51,963.0,2.21,27.4,273.57,23.52,29.92,4.19,1782085500,2026-06-21 23:45:00,96
213450,2026-06-22,26.34,31.7,23.2,85.48,93.8,69.6,32.4,7.2,102.29,782.0,2.13,20.6,290.21,23.64,29.95,1.45,1782171900,2026-06-22 23:45:00,76
213450,2026-06-23,27.57,33.4,22.9,74.89,88.2,52.2,0.0,0.0,239.39,914.0,2.57,17.2,232.08,22.45,29.94,4.73,1782258300,2026-06-23 23:45:00,96
213450,2026-06-24,27.76,32.8,24.7,71.73,79.8,59.5,0.0,0.0,253.89,1127.0,3.53,18.6,217.66,22.14,29.93,4.42,1782332100,2026-06-24 20:15:00,82
213450,2026-06-25,25.73,30.4,22.6,86.56,93.8,71.3,16.0,3.5,183.71,1090.0,1.74,17.7,233.45,23.26,29.97,3.16,1782431100,2026-06-25 23:45:00,90
213450,2026-06-26,26.85,32.2,22.2,78.77,89.9,59.4,0.0,0.0,251.04,963.0,2.44,19.3,233.6,22.67,29.97,4.87,1782517500,2026-06-26 23:45:00,96
213450,2026-06-27,26.58,32.8,22.3,76.73,86.0,54.7,0.0,0.0,144.12,865.0,2.52,17.2,140.41,22.03,29.95,2.85,1782603900,2026-06-27 23:45:00,92
213450,2026-06-28,25.18,27.8,23.9,89.55,93.9,81.5,20.8,4.44,71.19,387.0,1.69,16.8,301.45,23.35,29.95,1.07,1782690300,2026-06-28 23:45:00,84
213450,2026-06-29,25.63,31.9,22.3,85.54,93.5,67.5,0.0,0.0,115.62,902.0,2.78,17.0,290.25,22.9,29.92,1.68,1782776700,2026-06-29 23:45:00,76
213450,2026-06-30,25.77,27.8,23.9,85.23,89.8,81.4,0.8,0.21,93.46,468.0,2.61,16.0,235.44,23.12,29.91,1.71,1782863100,2026-06-30 23:45:00,93
213450,2026-07-01,25.45,30.8,22.4,88.82,93.9,75.2,0.8,0.04,146.46,1222.0,1.67,18.8,226.4,23.46,29.89,2.26,1782949500,2026-07-01 23:45:00,90
213450,2026-07-02,25.49,29.9,22.2,87.49,92.5,75.8,12.0,2.71,169.26,977.0,3.58,22.5,280.54,23.25,29.92,2.58,1783021500,2026-07-02 19:45:00,80
213450,2026-07-03,24.57,27.3,21.8,91.27,95.7,83.6,36.4,4.89,95.06,494.0,1.43,19.1,255.3,23.08,29.96,1.59,1783120500,2026-07-03 23:15:00,89
213450,2026-07-04,25.55,30.3,22.4,86.34,91.2,73.4,0.4,0.16,153.92,719.0,1.14,9.7,211.21,23.11,29.95,2.35,1783208700,2026-07-04 23:45:00,77
213450,2026-07-05,27.18,31.7,23.9,82.74,92.2,69.0,0.0,0.0,224.22,1051.0,2.17,17.5,212.36,23.92,29.96,4.22,1783295100,2026-07-05 23:45:00,96
213450,2026-07-06,25.57,28.9,24.2,90.49,93.7,84.5,10.4,3.69,85.16,1271.0,1.27,18.2,167.56,23.91,29.97,1.37,1783381500,2026-07-06 23:45:00,80
213450,2026-07-07,25.8,29.8,23.9,91.18,95.1,80.7,1.8,0.72,175.43,1062.0,1.86,14.3,256.79,24.29,29.99,2.52,1783450800,2026-07-07 19:00:00,77
213450,2026-07-08,25.37,27.7,23.8,92.73,95.7,86.7,15.6,2.12,69.47,323.0,1.03,21.4,189.84,24.12,29.95,1.32,1783554300,2026-07-08 23:45:00,94
213450,2026-07-09,25.11,28.3,23.8,89.94,93.3,84.6,14.6,2.59,70.54,840.0,2.47,17.7,236.76,23.34,29.95,1.04,1783640700,2026-07-09 23:45:00,78
213450,2026-07-10,26.34,30.7,23.3,86.35,92.6,75.2,0.2,0.0,195.89,1078.0,2.01,18.3,262.29,23.86,29.94,3.69,1783727100,2026-07-10 23:45:00,96
213450,2026-07-11,27.36,32.2,23.4,79.99,88.5,64.8,0.0,0.0,199.35,937.0,1.71,12.2,248.82,23.54,29.93,3.84,1783813500,2026-07-11 23:45:00,96
213450,2026-07-12,26.84,31.2,23.6,84.24,93.0,70.4,16.6,3.07,182.97,963.0,2.36,30.6,245.26,23.88,29.96,3.4,1783898100,2026-07-12 23:15:00,94
213450,2026-07-13,25.78,30.7,22.0,86.79,93.5,74.6,1.2,0.25,186.04,1243.0,2.88,18.4,290.4,23.41,29.98,2.7,1783986300,2026-07-13 23:45:00,77
213450,2026-07-14,26.07,32.4,23.8,85.71,92.1,64.2,0.0,0.0,90.23,840.0,2.65,18.5,284.57,23.4,29.96,1.51,1784072700,2026-07-14 23:45:00,76
213450,2026-07-15,26.94,32.3,22.4,81.52,90.7,64.1,0.4,0.11,230.21,1005.0,2.66,18.8,257.71,23.41,29.95,4.45,1784159100,2026-07-15 23:45:00,96
213450,2026-07-16,27.01,32.2,23.4,82.9,93.1,67.3,11.2,2.71,217.69,1123.0,3.52,28.8,264.42,23.78,29.94,4.35,1784245500,2026-07-16 23:45:00,96
213450,2026-07-17,26.61,31.9,23.7,84.47,91.7,64.7,0.0,0.0,159.97,1092.0,3.18,21.8,251.21,23.72,29.96,2.38,1784331900,2026-07-17 23:45:00,77
213450,2026-07-18,27.11,32.9,23.7,81.57,92.7,64.2,3.4,0.76,192.45,1086.0,2.49,37.0,263.48,23.59,29.92,3.71,1784418300,2026-07-18 23:45:00,94
213450,2026-07-19,26.24,32.5,24.2,85.29,91.9,65.7,1.0,0.1,103.61,942.0,1.82,16.1,245.6,23.54,29.9,1.43,1784504700,2026-07-19 23:45:00,75
213450,2026-07-20,25.06,27.5,22.5,90.57,95.6,82.3,41.0,7.14,91.53,965.0,1.43,17.5,261.1,23.41,29.91,1.56,1784591100,2026-07-20 23:45:00,90
213450,2026-07-21,26.81,31.7,23.4,84.01,93.0,65.5,0.2,0.01,206.21,998.0,2.27,18.3,232.2,23.77,29.9,3.98,1784677500,2026-07-21 23:45:00,96
213450,2026-07-22,25.76,31.1,22.7,84.35,90.7,69.2,0.0,0.0,164.62,1028.0,3.58,21.2,285.89,22.87,29.89,2.49,1784763900,2026-07-22 23:45:00,76
213450,2026-07-23,25.25,29.6,21.6,88.88,95.6,78.5,87.0,8.8,134.93,1085.0,1.48,26.7,247.89,23.26,29.92,2.37,1784850300,2026-07-23 23:45:00,96
213450,2026-07-24,26.79,32.0,22.9,83.4,90.8,70.8,0.0,0.0,220.42,1067.0,2.88,20.1,240.89,23.71,29.93,4.18,1784936700,2026-07-24 23:45:00,96
213450,2026-07-25,27.86,32.8,23.6,80.15,89.8,64.4,0.4,0.13,234.0,1130.0,2.52,16.1,236.3,24.03,29.95,4.71,1785023100,2026-07-25 23:45:00,96
213450,2026-07-26,24.86,27.9,21.2,90.91,94.6,79.9,40.0,5.41,94.11,1229.0,1.95,24.5,231.61,23.26,29.98,1.67,1785109500,2026-07-26 23:45:00,96
213450,2026-07-27,25.55,32.2,20.9,83.49,94.4,66.2,0.6,0.03,248.81,986.0,2.4,16.0,248.32,22.41,29.95,4.7,1785195900,2026-07-27 23:45:00,96
213450,2026-07-28,27.73,32.6,22.4,79.84,90.7,66.5,0.0,0.0,304.89,990.0,3.26,17.4,191.28,23.85,29.92,4.66,1785282300,2026-07-28 23:45:00,76
213450,2026-07-29,25.74,29.7,23.1,88.09,94.9,76.1,53.2,7.44,161.92,928.0,2.42,24.7,236.5,23.61,29.93,2.32,1785368700,2026-07-29 23:45:00,76
213450,2026-07-30,25.49,31.9,21.7,87.95,94.8,69.5,28.0,7.28,203.91,1034.0,2.62,46.3,208.23,23.31,29.95,2.55,1785455100,2026-07-30 23:45:00,70
213450,2026-07-31,25.58,29.2,23.6,85.75,90.8,76.1,0.4,0.36,112.45,759.0,3.62,25.5,177.72,23.01,29.96,1.48,1785541500,2026-07-31 23:45:00,75
213450,2026-08-01,26.14,31.9,21.6,85.2,94.2,69.7,0.0,0.0,261.56,1162.0,1.67,18.7,188.33,23.38,29.94,4.9,1785627900,2026-08-01 23:45:00,96
213450,2026-08-02,26.97,32.4,22.7,82.74,92.0,63.5,0.0,0.0,255.39,1125.0,3.79,23.5,210.34,23.66,29.93,4.74,1785708000,2026-08-02 22:00:00,89
213617,2026-05-05,35.03,36.7,33.1,40.18,46.6,37.1,0.0,0.0,109.77,473.0,12.76,27.4,68.64,19.35,29.87,0.69,1778023800,2026-05-05 23:30:00,14
213617,2026-05-06,30.63,35.8,25.1,61.03,78.0,42.5,0.0,0.0,236.49,965.0,12.43,37.0,73.27,21.85,29.96,5.05,1778111100,2026-05-06 23:45:00,78
213617,2026-05-07,30.96,35.6,24.4,59.56,80.1,42.4,0.0,0.0,299.79,923.0,11.57,34.2,60.24,21.83,29.94,5.34,1778193000,2026-05-07 22:30:00,67
213617,2026-05-08,30.17,36.8,24.5,60.68,78.1,38.0,0.0,0.0,234.74,972.0,8.95,32.0,46.53,21.3,29.89,5.49,1778283900,2026-05-08 23:45:00,89
213617,2026-05-09,30.45,36.8,24.9,58.31,80.1,35.7,0.0,0.0,290.91,870.0,10.54,33.5,51.49,20.7,29.89,5.88,1778370300,2026-05-09 23:45:00,77
213617,2026-05-10,29.32,36.5,23.9,61.31,76.9,42.0,0.0,0.0,146.12,946.0,10.29,34.1,41.9,20.68,29.9,3.92,1778456700,2026-05-10 23:45:00,86
213617,2026-05-11,30.43,36.7,25.2,57.77,71.8,38.1,0.0,0.0,225.48,958.0,11.83,37.0,54.48,20.83,29.92,5.81,1778543100,2026-05-11 23:45:00,92
213617,2026-05-12,29.81,35.5,25.5,63.64,75.4,46.8,0.0,0.0,174.64,1034.0,8.67,31.2,66.78,22.01,29.96,4.47,1778629500,2026-05-12 23:45:00,87
213617,2026-05-13,28.7,34.5,26.2,69.25,78.5,42.1,0.0,0.0,128.6,1004.0,7.64,32.4,101.27,22.32,29.99,1.75,1778715900,2026-05-13 23:45:00,75
213617,2026-05-14,31.09,36.1,25.9,56.42,74.4,45.0,0.0,0.0,171.51,970.0,9.64,45.7,76.84,21.11,29.94,3.85,1778802300,2026-05-14 23:45:00,74
213617,2026-05-15,30.86,36.6,25.5,59.09,76.3,40.7,0.0,0.0,213.83,954.0,12.81,40.2,63.73,21.63,29.96,6.37,1778887800,2026-05-15 23:30:00,95
213617,2026-05-16,28.81,35.1,25.9,71.36,78.8,53.5,4.2,2.37,148.61,1020.0,9.62,47.5,63.05,23.06,29.94,3.33,1778975100,2026-05-16 23:45:00,81
213617,2026-05-17,28.94,33.9,24.7,69.78,82.2,52.8,0.0,0.0,182.14,942.0,12.58,41.5,67.44,22.66,29.95,4.64,1779056100,2026-05-17 22:15:00,90
213617,2026-05-18,29.77,35.7,24.1,62.03,78.1,41.7,0.0,0.0,221.91,1011.0,8.09,30.3,52.7,21.35,29.95,5.12,1779147900,2026-05-18 23:45:00,93
213617,2026-05-19,29.3,34.6,24.7,63.41,79.3,47.2,0.0,0.0,179.91,1194.0,9.35,35.8,60.1,21.37,29.96,4.92,1779231600,2026-05-19 23:00:00,93
213617,2026-05-20,29.99,34.7,26.5,63.83,75.5,50.3,0.0,0.0,156.03,1227.0,9.62,33.8,70.52,22.24,29.93,3.7,1779320700,2026-05-20 23:45:00,90
213617,2026-05-21,31.52,36.9,26.7,60.36,75.0,45.1,0.0,0.0,262.22,1194.0,11.62,36.1,77.2,22.68,29.91,6.33,1779404400,2026-05-21 23:00:00,85
213617,2026-05-22,30.08,35.7,25.3,66.28,81.3,49.4,1.0,0.67,187.75,1195.0,7.65,43.5,91.72,22.87,29.94,4.24,1779493500,2026-05-22 23:45:00,93
213617,2026-05-23,26.86,30.4,23.9,86.21,92.4,67.4,5.2,0.68,173.28,1167.0,5.66,22.7,171.41,24.35,29.96,2.9,1779579900,2026-05-23 23:45:00,80
213617,2026-05-24,26.61,29.7,24.4,87.59,91.5,84.5,25.4,3.32,46.14,722.0,3.37,22.4,186.42,24.36,29.94,1.05,1779666300,2026-05-24 23:45:00,71
213617,2026-05-25,25.57,29.8,22.8,94.73,96.5,85.9,72.0,6.35,131.6,923.0,5.92,46.7,61.08,24.7,29.94,1.97,1779752700,2026-05-25 23:45:00,93
213617,2026-05-26,27.82,32.8,24.9,86.61,94.7,70.0,0.0,0.0,210.93,1067.0,11.13,40.4,53.5,25.33,29.95,4.48,1779837300,2026-05-26 23:15:00,94
213617,2026-05-27,28.62,33.4,24.6,74.64,86.3,55.5,0.0,0.0,229.32,1065.0,9.33,34.7,59.95,23.5,29.94,4.37,1779925500,2026-05-27 23:45:00,80
213617,2026-05-28,28.34,33.6,24.0,73.33,86.4,56.0,0.0,0.0,186.45,1035.0,8.19,32.9,70.92,22.94,29.93,4.37,1780011900,2026-05-28 23:45:00,96
213617,2026-05-29,28.87,34.3,24.1,68.86,81.6,50.8,0.0,0.0,235.17,998.0,9.32,31.9,59.89,22.38,29.91,5.08,1780094700,2026-05-29 22:45:00,92
213617,2026-05-30,29.51,35.1,25.3,71.98,83.2,55.0,0.0,0.0,295.4,1014.0,7.92,41.0,54.57,23.8,29.94,4.9,1780178400,2026-05-30 22:00:00,72
213617,2026-05-31,25.71,29.1,23.6,88.63,91.2,85.4,0.4,0.01,126.76,1034.0,2.19,15.0,115.89,23.73,29.99,1.91,1780271100,2026-05-31 23:45:00,79
213617,2026-06-01,27.67,32.3,24.8,85.33,91.2,74.4,1.0,0.54,205.38,1074.0,6.56,38.4,57.91,25.0,29.97,3.7,1780357500,2026-06-01 23:45:00,85
213617,2026-06-02,26.37,30.2,24.2,84.89,88.7,77.8,5.4,1.62,156.28,1178.0,6.51,41.7,68.95,23.63,29.96,3.19,1780443900,2026-06-02 23:45:00,96
213617,2026-06-03,27.19,31.7,24.2,82.96,88.9,70.9,3.4,1.12,187.78,1065.0,5.76,30.4,71.04,24.03,29.96,3.58,1780530300,2026-06-03 23:45:00,94
213617,2026-06-04,26.35,29.8,24.6,85.08,88.6,79.3,39.2,5.16,137.43,793.0,6.61,27.4,85.09,23.63,29.98,2.52,1780612200,2026-06-04 22:30:00,89
213617,2026-06-05,25.21,27.1,24.2,92.73,94.8,90.3,0.2,0.01,77.67,410.0,2.53,20.4,63.31,23.98,29.99,0.82,1780703100,2026-06-05 23:45:00,72
213617,2026-06-06,26.0,30.8,24.2,90.06,93.1,81.7,8.0,2.2,168.64,1058.0,4.55,32.9,33.77,24.27,29.95,3.01,1780789500,2026-06-06 23:45:00,93
213617,2026-06-07,26.48,30.9,24.1,87.39,92.4,77.2,0.4,0.01,187.82,1132.0,5.96,34.1,71.81,24.2,29.94,3.52,1780875900,2026-06-07 23:45:00,89
213617,2026-06-08,26.39,30.6,23.7,85.77,92.0,72.8,2.4,0.21,159.65,1049.0,5.7,28.5,42.24,23.79,29.99,3.12,1780962300,2026-06-08 23:45:00,95
213617,2026-06-09,27.36,32.5,23.6,79.52,88.9,63.0,0.0,0.0,246.78,1150.0,6.86,27.4,33.87,23.42,30.01,5.1,1781048700,2026-06-09 23:45:00,93
213617,2026-06-10,28.46,33.2,23.7,74.3,84.2,63.0,0.0,0.0,200.04,1160.0,5.75,23.9,40.82,23.35,29.95,4.04,1781135100,2026-06-10 23:45:00,78
213617,2026-06-11,26.53,30.8,24.4,85.55,90.7,76.3,2.8,0.54,154.91,1049.0,3.52,25.7,81.92,23.89,29.94,2.72,1781221500,2026-06-11 23:45:00,86
213617,2026-06-12,26.65,30.3,23.8,87.6,93.0,77.6,13.6,1.57,173.54,1245.0,6.92,31.6,80.6,24.42,29.98,3.44,1781307900,2026-06-12 23:45:00,96
213617,2026-06-13,27.3,32.6,22.8,79.21,88.7,61.7,0.0,0.0,265.3,1099.0,7.07,29.2,52.43,23.27,29.96,5.3,1781390700,2026-06-13 22:45:00,92
213617,2026-06-14,26.87,32.5,23.2,78.32,85.8,69.3,0.8,0.2,215.99,956.0,4.43,30.9,42.79,22.76,29.96,3.91,1781480700,2026-06-14 23:45:00,90
213617,2026-06-15,26.65,31.3,23.8,84.35,90.7,72.2,0.6,0.01,177.69,918.0,4.87,22.2,60.43,23.78,29.99,3.53,1781567100,2026-06-15 23:45:00,96
213617,2026-06-16,26.91,31.7,23.8,83.23,90.1,72.6,6.8,1.64,191.68,1120.0,1.94,14.1,124.97,23.81,30.0,3.64,1781653500,2026-06-16 23:45:00,96
213617,2026-06-17,25.96,29.2,23.4,86.75,91.0,73.3,19.4,3.43,122.27,1130.0,3.28,37.0,73.55,23.58,30.0,2.39,1781739900,2026-06-17 23:45:00,94
213617,2026-06-18,25.51,29.3,24.0,90.22,92.9,85.3,7.4,1.74,141.56,988.0,2.86,29.2,69.94,23.8,30.01,2.3,1781821800,2026-06-18 22:30:00,89
213617,2026-06-19,25.95,31.7,24.1,89.98,93.6,81.2,2.2,0.34,208.75,1118.0,2.83,20.5,45.64,24.21,30.0,3.02,1781912700,2026-06-19 23:45:00,85
213617,2026-06-20,25.83,31.1,23.4,87.61,91.9,80.7,0.0,0.0,184.83,1032.0,2.6,26.4,57.67,23.65,29.97,3.49,1781996400,2026-06-20 23:00:00,93
213617,2026-06-21,27.24,33.3,24.1,86.58,92.2,71.3,0.0,0.0,249.74,1039.0,4.16,27.4,38.14,24.8,29.94,4.27,1782078300,2026-06-21 21:45:00,85
213617,2026-06-22,27.77,32.3,23.9,80.69,90.2,64.7,0.0,0.0,263.78,1090.0,6.89,29.5,36.82,24.07,29.97,4.79,1782170100,2026-06-22 23:15:00,84
213617,2026-06-23,27.23,32.1,23.5,79.38,88.7,67.8,0.0,0.0,231.55,1125.0,3.95,22.1,31.38,23.3,29.96,4.25,1782258300,2026-06-23 23:45:00,92
213617,2026-06-24,26.61,30.3,24.3,83.8,89.1,73.7,9.4,1.45,125.33,1063.0,4.15,25.0,33.77,23.64,29.94,2.38,1782344700,2026-06-24 23:45:00,96
213617,2026-06-25,26.16,30.8,23.6,88.12,92.7,79.6,0.2,0.01,192.19,1076.0,3.03,24.0,27.47,24.05,29.97,3.32,1782431100,2026-06-25 23:45:00,95
213617,2026-06-26,27.28,32.4,22.9,80.86,90.7,64.4,0.0,0.0,258.28,1000.0,6.0,25.7,50.49,23.6,29.98,5.21,1782517500,2026-06-26 23:45:00,96
213617,2026-06-27,26.55,31.4,23.7,82.04,88.5,70.1,23.2,2.46,184.34,1055.0,4.2,33.8,67.26,23.2,29.97,3.23,1782603900,2026-06-27 23:45:00,90
213617,2026-06-28,26.64,31.2,24.1,89.31,93.8,80.9,16.6,1.88,199.68,942.0,2.59,23.0,67.94,24.76,29.97,3.69,1782690300,2026-06-28 23:45:00,94
213617,2026-06-29,27.37,31.7,23.5,84.29,91.0,73.4,0.0,0.0,233.02,1049.0,4.34,23.3,44.92,24.47,29.93,4.48,1782774000,2026-06-29 23:00:00,93
213617,2026-06-30,30.16,32.2,25.3,80.39,89.7,74.5,1.0,0.12,426.42,1041.0,6.23,25.8,76.65,26.37,29.89,3.96,1782863100,2026-06-30 23:45:00,43
213617,2026-07-01,27.38,31.8,24.1,83.48,90.2,71.5,0.2,0.02,209.29,1141.0,4.03,20.5,28.07,24.31,29.9,4.18,1782949500,2026-07-01 23:45:00,95
213617,2026-07-02,27.87,31.8,24.9,82.1,88.3,74.6,0.0,0.0,183.04,1044.0,3.67,22.4,48.42,24.53,29.92,3.42,1783033200,2026-07-02 23:00:00,91
213617,2026-07-03,27.55,29.8,25.3,89.79,91.5,86.9,0.0,0.0,525.79,1078.0,2.04,9.1,189.64,25.9,29.99,1.22,1783102500,2026-07-03 18:15:00,14
213617,2026-07-04,26.73,31.0,24.4,90.97,94.3,83.6,0.0,0.0,171.57,1090.0,2.43,24.2,43.56,25.15,29.96,3.23,1783208700,2026-07-04 23:45:00,96
213617,2026-07-05,26.84,31.6,24.2,86.88,91.7,80.1,0.0,0.0,200.8,1048.0,3.53,19.9,49.02,24.49,29.97,3.22,1783282500,2026-07-05 20:15:00,82
213617,2026-07-06,29.99,31.0,28.3,87.1,91.1,83.4,0.0,0.0,636.4,1113.0,4.04,15.1,132.35,27.66,29.97,2.67,1783367100,2026-07-06 19:45:00,20
213617,2026-07-09,31.31,32.7,29.4,76.36,78.6,75.1,0.0,0.0,87.36,355.0,1.59,21.4,40.21,26.59,29.9,0.31,1783640700,2026-07-09 23:45:00,14
213617,2026-07-10,27.99,32.3,25.1,80.22,89.5,69.6,0.0,0.0,94.24,919.0,2.6,21.9,23.7,24.16,29.93,1.86,1783727100,2026-07-10 23:45:00,63
213617,2026-07-11,27.31,32.3,24.2,82.89,89.1,74.6,0.0,0.0,198.4,951.0,4.19,24.2,35.72,24.13,29.94,4.01,1783813500,2026-07-11 23:45:00,95
213617,2026-07-12,26.15,31.7,23.8,86.24,90.9,79.3,12.2,2.42,152.74,965.0,2.33,30.6,74.6,23.67,29.97,3.02,1783899900,2026-07-12 23:45:00,96
213617,2026-07-13,26.1,31.4,23.7,90.33,94.0,84.7,1.0,0.12,177.89,1011.0,2.74,19.5,32.19,24.41,30.0,3.31,1783986300,2026-07-13 23:45:00,96
213617,2026-07-14,27.63,32.6,24.0,85.79,93.0,71.2,4.2,0.78,244.07,1028.0,3.72,21.5,33.1,24.99,29.98,4.75,1784072700,2026-07-14 23:45:00,96
213617,2026-07-15,27.43,31.7,24.0,82.96,90.6,74.3,0.2,0.02,184.47,1118.0,3.9,29.0,39.2,24.26,29.97,3.63,1784159100,2026-07-15 23:45:00,96
213617,2026-07-16,27.71,32.6,24.2,81.77,90.2,69.2,0.0,0.0,201.21,1086.0,5.36,24.7,44.01,24.25,29.97,4.19,1784245500,2026-07-16 23:45:00,96
213617,2026-07-17,27.23,31.9,24.1,83.6,90.1,75.4,1.6,0.39,189.05,1208.0,4.54,30.6,36.27,24.19,29.97,3.69,1784331900,2026-07-17 23:45:00,96
213617,2026-07-18,25.29,27.1,24.1,89.95,93.0,83.8,21.8,2.63,98.07,520.0,3.64,31.2,15.27,23.53,29.94,1.78,1784418300,2026-07-18 23:45:00,96
213617,2026-07-19,26.81,32.2,23.9,89.27,94.5,76.5,0.0,0.0,221.61,1072.0,4.75,22.6,26.78,24.88,29.9,4.26,1784504700,2026-07-19 23:45:00,96
213617,2026-07-20,26.5,29.7,24.5,87.58,91.7,83.1,0.0,0.0,120.4,703.0,2.66,17.7,39.49,24.29,29.92,2.26,1784591100,2026-07-20 23:45:00,96
213617,2026-07-21,27.21,31.6,23.9,85.63,92.4,74.2,0.0,0.0,200.16,1048.0,2.51,21.1,28.39,24.57,29.92,3.9,1784677500,2026-07-21 23:45:00,96
213617,2026-07-22,26.3,32.4,23.2,83.93,90.2,74.0,2.8,0.87,184.81,1232.0,3.23,26.0,47.78,23.35,29.89,3.64,1784763900,2026-07-22 23:45:00,96
213617,2026-07-23,27.18,32.8,23.4,84.43,91.9,69.2,0.0,0.0,218.78,1130.0,3.32,24.1,35.04,24.27,29.93,4.32,1784850300,2026-07-23 23:45:00,96
213617,2026-07-24,27.84,32.5,24.3,81.12,89.4,69.3,0.0,0.0,208.91,1060.0,4.12,24.3,21.62,24.26,29.95,4.26,1784936700,2026-07-24 23:45:00,96
213617,2026-07-25,25.89,30.8,24.3,87.66,91.7,74.1,18.6,2.54,135.5,1014.0,3.42,31.2,32.8,23.67,29.98,2.62,1785023100,2026-07-25 23:45:00,96
213617,2026-07-26,26.43,32.1,23.2,88.62,93.4,77.1,14.0,1.46,214.19,1051.0,2.83,22.0,62.18,24.39,29.97,4.1,1785109500,2026-07-26 23:45:00,96
213617,2026-07-27,26.83,32.9,23.3,86.98,93.2,74.3,0.0,0.0,242.68,1062.0,2.02,19.8,125.29,24.45,29.96,4.55,1785195900,2026-07-27 23:45:00,96
213617,2026-07-28,27.93,33.8,24.4,83.09,90.8,69.0,0.2,0.0,236.25,1009.0,2.51,21.6,71.27,24.75,29.94,4.61,1785282300,2026-07-28 23:45:00,96
213617,2026-07-29,27.41,32.7,24.9,85.26,91.1,77.2,13.8,3.91,220.09,1071.0,2.52,29.4,80.53,24.72,29.95,4.2,1785368700,2026-07-29 23:45:00,96
213617,2026-07-30,27.18,31.8,23.9,86.36,91.4,79.8,0.4,0.03,202.09,1111.0,2.67,25.8,71.66,24.71,29.95,4.0,1785455100,2026-07-30 23:45:00,96
213617,2026-07-31,26.73,31.9,23.8,86.66,90.9,78.3,1.6,1.15,189.8,1120.0,2.64,41.8,61.61,24.33,29.96,3.72,1785541500,2026-07-31 23:45:00,96
213617,2026-08-01,27.71,33.6,24.2,85.42,92.4,70.7,0.0,0.0,247.13,998.0,2.67,21.9,77.81,24.99,29.96,4.71,1785627900,2026-08-01 23:45:00,95
213617,2026-08-02,28.17,33.9,23.0,79.4,88.0,66.2,0.0,0.0,282.99,993.0,4.0,22.5,50.02,24.2,29.94,4.55,1785708000,2026-08-02 22:00:00,81
213735,2026-05-05,34.21,36.6,30.8,36.38,42.1,32.8,0.0,0.0,139.33,494.0,2.89,15.4,131.67,16.97,29.87,0.59,1778024700,2026-05-05 23:45:00,15
213735,2026-05-06,30.13,36.4,25.1,59.25,78.0,39.7,0.0,0.0,217.33,1027.0,5.37,23.9,81.69,20.94,29.97,5.31,1778111100,2026-05-06 23:45:00,96
213735,2026-05-07,30.31,36.7,25.1,58.59,77.6,37.5,0.0,0.0,245.74,1014.0,5.4,25.1,81.94,20.78,29.94,5.91,1778197500,2026-05-07 23:45:00,96
213735,2026-05-08,30.01,36.6,24.2,59.3,76.9,34.7,0.0,0.0,246.94,995.0,5.04,26.4,57.14,20.71,29.89,5.88,1778283900,2026-05-08 23:45:00,96
213735,2026-05-09,29.98,36.7,24.0,54.48,76.9,31.3,0.0,0.0,266.14,965.0,4.89,24.1,79.1,19.19,29.88,6.31,1778370300,2026-05-09 23:45:00,96
213735,2026-05-10,29.39,36.8,23.3,55.6,76.5,36.5,0.0,0.0,219.91,986.0,4.62,27.4,72.48,19.15,29.91,5.42,1778456700,2026-05-10 23:45:00,96
213735,2026-05-11,30.27,37.5,24.4,58.54,76.9,37.1,0.0,0.0,249.3,965.0,5.65,42.8,68.29,20.81,29.92,6.01,1778543100,2026-05-11 23:45:00,96
213735,2026-05-12,29.81,35.1,25.3,59.39,74.9,44.0,0.0,0.0,175.05,1083.0,4.35,20.9,97.71,20.84,29.96,4.39,1778629500,2026-05-12 23:45:00,96
213735,2026-05-13,28.12,34.2,23.2,74.22,95.7,44.0,42.6,8.39,228.82,1088.0,2.83,19.7,148.22,22.51,29.98,4.76,1778715900,2026-05-13 23:45:00,96
213735,2026-05-14,28.55,34.7,24.8,70.49,90.5,43.7,0.0,0.0,176.91,1095.0,3.14,19.4,140.81,22.24,29.98,3.8,1778802300,2026-05-14 23:45:00,96
213735,2026-05-15,29.32,35.2,24.6,64.1,78.7,43.5,0.0,0.0,174.65,1069.0,4.48,27.9,87.07,21.57,29.97,4.19,1778888700,2026-05-15 23:45:00,96
213735,2026-05-16,28.32,35.2,22.9,71.44,92.6,46.7,13.0,1.96,151.05,1178.0,5.09,38.4,74.68,22.37,29.95,3.49,1778975100,2026-05-16 23:45:00,96
213735,2026-05-17,27.64,34.2,22.9,73.79,92.7,47.4,0.4,0.11,229.82,970.0,4.86,22.8,77.71,22.13,29.95,4.88,1779061500,2026-05-17 23:45:00,96
213735,2026-05-18,28.53,34.3,24.1,67.57,85.1,46.8,0.0,0.0,190.78,1039.0,3.27,20.0,69.76,21.64,29.96,4.17,1779147900,2026-05-18 23:45:00,96
213735,2026-05-19,28.11,33.8,23.3,67.42,84.7,49.3,0.0,0.0,165.07,970.0,2.74,19.8,79.58,21.25,29.96,3.65,1779234300,2026-05-19 23:45:00,96
213735,2026-05-20,28.53,33.3,24.9,69.23,79.2,52.3,0.0,0.0,160.86,886.0,3.33,17.6,71.53,22.23,29.94,3.58,1779320700,2026-05-20 23:45:00,96
213735,2026-05-21,29.79,34.9,25.6,66.08,79.5,48.0,0.8,0.1,191.68,1042.0,3.73,81.8,96.23,22.56,29.93,4.24,1779407100,2026-05-21 23:45:00,96
213735,2026-05-22,26.97,32.7,23.9,83.34,94.8,62.0,4.8,0.92,163.89,1158.0,2.58,19.3,153.35,23.73,29.97,3.22,1779493500,2026-05-22 23:45:00,96
213735,2026-05-23,24.71,27.6,23.4,92.2,95.9,82.6,20.6,2.34,78.45,679.0,1.8,14.8,160.5,23.36,29.99,1.43,1779579900,2026-05-23 23:45:00,96
213735,2026-05-24,24.54,26.3,22.8,92.72,95.5,85.4,7.0,0.64,73.34,450.0,1.39,13.2,140.79,23.3,29.97,1.33,1779666300,2026-05-24 23:45:00,96
213735,2026-05-25,24.69,27.9,22.1,90.68,96.5,76.8,24.0,1.87,82.69,454.0,3.36,21.5,69.98,23.05,29.96,1.57,1779752700,2026-05-25 23:45:00,96
213735,2026-05-26,27.81,33.3,24.4,75.04,90.7,54.5,0.0,0.0,235.39,983.0,4.51,24.3,68.7,22.78,29.96,4.85,1779839100,2026-05-26 23:45:00,96
213735,2026-05-27,27.37,32.8,23.3,75.48,90.6,52.7,0.0,0.0,187.08,988.0,3.67,21.1,76.05,22.37,29.96,3.84,1779925500,2026-05-27 23:45:00,96
213735,2026-05-28,28.19,34.1,23.1,71.78,90.2,51.0,0.0,0.0,239.65,998.0,2.7,22.9,90.39,22.35,29.94,5.01,1780011900,2026-05-28 23:45:00,96
213735,2026-05-29,28.29,33.5,24.6,70.89,85.7,49.7,0.0,0.0,219.69,983.0,3.13,19.5,82.05,22.28,29.93,4.55,1780098300,2026-05-29 23:45:00,96
213735,2026-05-30,29.0,34.8,23.9,70.18,87.9,51.3,0.6,0.23,221.07,1062.0,3.29,45.1,104.58,22.75,29.96,4.72,1780184700,2026-05-30 23:45:00,96
213735,2026-05-31,25.65,31.8,21.4,84.04,95.8,62.4,49.6,3.98,258.04,1194.0,3.07,51.6,123.68,22.58,30.03,4.58,1780265700,2026-05-31 22:15:00,90
213735,2026-06-01,27.44,33.2,22.3,81.54,93.7,57.9,13.0,1.32,217.38,1027.0,2.77,48.5,87.37,23.8,29.98,4.13,1780357500,2026-06-01 23:45:00,91
213735,2026-06-02,25.86,32.1,22.6,84.64,93.9,61.7,0.2,0.01,213.82,1056.0,4.24,23.3,63.95,23.03,29.98,4.13,1780443900,2026-06-02 23:45:00,96
213735,2026-06-03,26.21,30.9,23.9,84.4,94.1,69.9,0.0,0.0,149.22,1120.0,2.61,17.9,102.48,23.34,29.98,2.81,1780530300,2026-06-03 23:45:00,96
213735,2026-06-04,25.12,29.1,22.3,89.84,95.2,77.2,34.2,4.4,137.43,1095.0,2.94,22.0,96.96,23.32,30.0,2.55,1780616700,2026-06-04 23:45:00,96
213735,2026-06-05,24.17,27.6,22.3,92.95,95.9,84.2,11.0,1.43,109.01,826.0,2.41,14.6,67.67,22.99,30.02,2.01,1780703100,2026-06-05 23:45:00,96
213735,2026-06-06,26.01,32.6,22.3,84.59,95.8,58.0,3.4,0.46,205.17,1078.0,1.97,23.9,75.16,23.03,29.96,4.07,1780789500,2026-06-06 23:45:00,96
213735,2026-06-07,25.56,30.9,22.8,88.03,95.7,68.7,13.6,2.63,174.54,979.0,2.53,16.3,64.03,23.35,29.95,3.31,1780875900,2026-06-07 23:45:00,96
213735,2026-06-08,25.73,30.7,22.6,85.59,95.6,64.6,1.8,0.07,171.45,983.0,3.0,20.9,67.25,23.03,30.01,3.26,1780962300,2026-06-08 23:45:00,96
213735,2026-06-09,27.21,33.1,22.6,78.03,94.9,54.4,0.0,0.0,244.92,1013.0,2.1,16.5,58.93,22.84,30.02,4.84,1781048700,2026-06-09 23:45:00,96
213735,2026-06-10,26.82,32.2,21.6,77.21,91.8,60.7,0.0,0.0,208.64,1074.0,2.04,16.7,52.6,22.32,29.97,4.16,1781135100,2026-06-10 23:45:00,96
213735,2026-06-11,26.54,31.3,23.3,86.5,96.1,70.8,33.6,3.65,190.42,1035.0,2.28,18.0,102.17,24.03,29.95,3.56,1781221500,2026-06-11 23:45:00,96
213735,2026-06-12,26.91,31.1,23.9,85.31,94.9,68.2,0.0,0.0,222.09,1157.0,4.23,22.5,63.51,24.15,29.98,3.6,1781307900,2026-06-12 23:45:00,77
213735,2026-06-13,26.81,31.7,22.6,78.33,91.4,58.5,0.0,0.0,226.2,1056.0,3.92,22.5,63.42,22.61,29.98,4.45,1781394300,2026-06-13 23:45:00,96
213735,2026-06-14,27.23,33.6,21.9,75.83,90.9,56.2,0.2,0.0,243.27,846.0,3.25,28.7,58.91,22.39,29.97,4.95,1781480700,2026-06-14 23:45:00,96
213735,2026-06-15,25.73,30.5,23.5,86.49,95.6,70.5,12.4,1.86,176.02,962.0,3.77,33.9,69.69,23.21,30.01,3.48,1781567100,2026-06-15 23:45:00,96
213735,2026-06-16,25.41,30.1,22.4,85.66,95.2,70.6,7.4,1.33,151.24,1215.0,2.52,15.4,142.04,22.77,30.02,2.82,1781653500,2026-06-16 23:45:00,96
213735,2026-06-17,26.27,32.2,23.2,85.13,94.9,63.1,0.0,0.0,194.93,1071.0,1.74,70.8,89.18,23.46,30.02,3.82,1781739900,2026-06-17 23:45:00,96
213735,2026-06-18,25.29,31.6,22.7,88.32,95.4,68.5,17.8,2.81,155.06,1058.0,2.26,20.0,78.41,23.13,30.02,2.93,1781826300,2026-06-18 23:45:00,96
213735,2026-06-19,25.37,31.6,22.7,88.01,96.3,66.8,0.0,0.0,163.19,905.0,1.89,33.4,51.48,23.17,30.02,3.12,1781912700,2026-06-19 23:45:00,96
213735,2026-06-20,26.0,32.8,21.8,84.53,95.6,61.4,0.0,0.0,221.17,1048.0,1.95,24.7,65.01,23.04,29.98,4.32,1781999100,2026-06-20 23:45:00,96
213735,2026-06-21,26.53,32.6,21.8,82.96,94.3,65.0,0.0,0.0,229.59,1034.0,2.79,22.5,54.42,23.28,29.95,4.51,1782085500,2026-06-21 23:45:00,96
213735,2026-06-22,27.08,32.5,22.8,79.96,93.2,59.9,0.0,0.0,218.9,1093.0,3.55,22.1,58.33,23.16,29.99,4.45,1782171900,2026-06-22 23:45:00,96
213735,2026-06-23,26.8,31.9,22.4,74.2,90.5,54.2,0.0,0.0,254.97,939.0,5.04,24.5,50.53,21.64,29.97,5.26,1782258300,2026-06-23 23:45:00,96
213735,2026-06-24,26.09,30.9,23.1,82.04,93.6,66.0,3.2,0.63,178.7,1069.0,3.31,32.6,89.28,22.71,29.95,3.67,1782344700,2026-06-24 23:45:00,96
213735,2026-06-25,25.53,30.4,22.6,85.19,95.1,65.0,0.2,0.0,172.19,879.0,2.73,17.3,67.49,22.79,29.99,3.3,1782431100,2026-06-25 23:45:00,96
213735,2026-06-26,26.85,32.3,21.7,76.8,93.6,56.6,0.0,0.0,232.4,986.0,3.02,23.3,53.94,22.25,30.0,4.7,1782517500,2026-06-26 23:45:00,96
213735,2026-06-27,27.43,33.3,21.7,73.44,90.9,53.7,0.0,0.0,224.57,1151.0,2.88,18.1,56.49,22.04,29.98,4.5,1782603900,2026-06-27 23:45:00,96
213735,2026-06-28,26.25,29.7,23.3,84.01,94.8,73.3,3.2,0.34,145.74,717.0,2.37,16.6,72.11,23.29,29.98,2.78,1782690300,2026-06-28 23:45:00,96
213735,2026-06-29,27.68,33.7,22.8,78.08,92.6,56.3,0.0,0.0,235.84,962.0,2.92,17.7,58.52,23.32,29.95,4.65,1782776700,2026-06-29 23:45:00,96
213735,2026-06-30,27.18,32.4,23.4,81.76,92.8,62.5,0.0,0.0,161.61,1014.0,2.43,20.7,88.0,23.65,29.93,3.3,1782863100,2026-06-30 23:45:00,96
213735,2026-07-01,27.84,33.6,23.0,75.53,92.1,53.7,0.0,0.0,223.09,1081.0,2.77,18.6,82.18,22.91,29.92,4.6,1782949500,2026-07-01 23:45:00,96
213735,2026-07-02,26.63,30.9,23.7,80.11,91.6,68.6,7.6,2.31,160.7,1044.0,3.85,24.5,58.86,22.89,29.94,3.14,1783035900,2026-07-02 23:45:00,96
213735,2026-07-03,25.49,30.7,22.2,87.15,94.3,69.9,3.6,3.2,130.95,1023.0,1.48,14.6,118.17,23.14,29.98,2.31,1783122300,2026-07-03 23:45:00,96
213735,2026-07-04,26.84,33.3,23.3,83.38,94.8,59.8,0.0,0.0,166.66,963.0,1.42,16.5,60.39,23.63,29.97,3.26,1783208700,2026-07-04 23:45:00,96
213735,2026-07-05,26.33,31.8,22.3,81.64,94.8,60.4,10.2,1.31,152.78,983.0,1.29,19.3,123.92,22.76,29.99,2.98,1783295100,2026-07-05 23:45:00,96
213735,2026-07-06,26.32,33.4,23.7,87.42,96.1,60.3,1.0,0.07,198.17,1121.0,1.87,66.0,89.99,23.92,30.01,3.82,1783381500,2026-07-06 23:45:00,96
213735,2026-07-07,27.38,34.1,24.0,84.23,95.6,58.1,2.2,0.19,209.5,986.0,1.77,32.2,106.07,24.27,30.01,4.19,1783467900,2026-07-07 23:45:00,96
213735,2026-07-08,26.98,31.8,23.9,84.12,95.8,63.5,0.6,0.08,205.12,1079.0,2.54,26.3,121.04,23.91,29.99,4.18,1783554300,2026-07-08 23:45:00,96
213735,2026-07-09,27.16,32.6,23.8,82.37,94.3,64.1,1.2,0.17,186.16,865.0,3.55,21.9,64.58,23.75,29.97,3.68,1783640700,2026-07-09 23:45:00,96
213735,2026-07-10,27.63,33.3,23.4,78.48,95.3,55.6,0.0,0.0,199.04,912.0,2.78,19.3,104.58,23.23,29.97,4.08,1783727100,2026-07-10 23:45:00,96
213735,2026-07-11,26.69,33.4,23.3,78.66,94.3,60.0,4.8,0.83,173.52,923.0,3.75,26.2,59.39,22.54,29.96,3.66,1783813500,2026-07-11 23:45:00,96
213735,2026-07-12,26.69,33.1,22.7,81.02,94.6,54.2,0.0,0.0,212.2,984.0,2.38,19.3,62.46,22.89,29.98,4.27,1783899900,2026-07-12 23:45:00,96
213735,2026-07-13,25.59,29.9,22.9,87.63,95.4,70.4,1.6,0.56,151.64,1081.0,2.59,18.9,65.1,23.34,30.01,2.75,1783986300,2026-07-13 23:45:00,96
213735,2026-07-14,27.24,33.6,22.8,77.74,91.9,57.1,0.0,0.0,234.93,1035.0,3.65,21.2,58.82,22.78,29.99,4.92,1784072700,2026-07-14 23:45:00,96
213735,2026-07-15,27.77,33.9,22.4,73.34,91.5,46.6,0.0,0.0,255.47,1018.0,3.74,22.6,53.7,22.2,29.98,5.41,1784159100,2026-07-15 23:45:00,96
213735,2026-07-16,27.33,33.4,23.2,76.27,90.1,54.7,0.0,0.0,194.01,1093.0,3.41,21.0,60.43,22.57,29.98,3.98,1784245500,2026-07-16 23:45:00,96
213735,2026-07-17,27.2,33.2,21.9,76.43,93.8,53.3,0.0,0.0,194.34,1020.0,3.37,21.3,60.61,22.37,29.98,4.03,1784331900,2026-07-17 23:45:00,96
213735,2026-07-18,26.66,32.4,23.4,79.67,93.9,58.2,4.6,1.1,140.81,1153.0,5.46,32.2,62.0,22.74,29.95,3.06,1784418300,2026-07-18 23:45:00,96
213735,2026-07-19,26.95,33.8,22.9,79.17,92.5,57.7,9.8,1.98,219.95,1100.0,3.9,29.8,57.07,22.8,29.91,4.57,1784504700,2026-07-19 23:45:00,96
213735,2026-07-20,26.16,30.1,22.9,84.49,93.7,72.0,0.0,0.0,135.78,596.0,2.44,21.6,62.61,23.29,29.93,2.65,1784591100,2026-07-20 23:45:00,96
213735,2026-07-21,26.67,31.2,23.2,82.06,93.5,65.4,0.0,0.0,134.2,710.0,1.55,16.8,56.29,23.24,29.93,2.54,1784677500,2026-07-21 23:45:00,96
213735,2026-07-22,26.97,33.7,21.4,74.63,90.1,51.3,0.2,0.0,225.03,1074.0,2.73,19.6,66.46,21.79,29.9,4.62,1784763900,2026-07-22 23:45:00,96
213735,2026-07-23,27.22,33.8,22.6,78.01,94.7,53.5,0.0,0.0,210.24,1143.0,3.29,23.6,64.45,22.73,29.94,4.24,1784850300,2026-07-23 23:45:00,96
213735,2026-07-24,28.05,35.8,22.8,72.74,91.2,44.4,1.0,0.21,235.66,1171.0,3.42,27.4,61.98,22.21,29.95,5.05,1784936700,2026-07-24 23:45:00,96
213735,2026-07-25,26.45,34.1,23.0,82.2,93.3,56.3,3.0,0.69,161.25,1155.0,2.66,29.9,87.34,22.97,29.98,3.17,1785023100,2026-07-25 23:45:00,96
213735,2026-07-26,26.1,34.3,23.0,81.31,92.8,53.1,0.2,0.0,193.06,1127.0,3.99,22.5,81.22,22.45,29.99,3.99,1785109500,2026-07-26 23:45:00,96
213735,2026-07-27,26.95,35.3,21.6,77.92,95.7,47.7,0.0,0.0,226.77,1044.0,1.49,16.1,159.88,22.28,29.98,4.57,1785195900,2026-07-27 23:45:00,96
213735,2026-07-28,28.66,35.8,23.2,71.73,89.8,45.6,0.0,0.0,224.16,1030.0,1.46,14.5,101.16,22.64,29.95,4.96,1785282300,2026-07-28 23:45:00,96
213735,2026-07-29,28.53,35.6,23.5,75.06,92.4,49.4,0.2,0.0,220.48,1081.0,3.55,20.1,74.35,23.31,29.96,4.64,1785368700,2026-07-29 23:45:00,96
213735,2026-07-30,28.38,36.1,22.8,71.56,89.5,45.4,0.0,0.0,236.37,1041.0,4.39,26.6,61.98,22.34,29.96,4.61,1785455100,2026-07-30 23:45:00,96
213735,2026-07-31,27.07,34.5,22.9,77.75,91.2,53.4,3.2,1.26,184.01,1100.0,2.46,24.0,56.36,22.6,29.97,3.82,1785541500,2026-07-31 23:45:00,96
213735,2026-08-01,27.89,35.3,23.1,77.33,94.3,46.0,0.0,0.0,230.1,1041.0,1.94,14.2,93.0,23.11,29.97,4.63,1785627900,2026-08-01 23:45:00,96
213735,2026-08-02,28.67,35.8,23.4,67.7,85.0,41.6,0.0,0.0,224.26,1139.0,3.38,21.7,61.97,21.68,29.95,4.45,1785708000,2026-08-02 22:00:00,89
215150,2026-05-05,35.15,37.2,31.9,44.61,53.2,40.2,0.0,0.0,118.47,570.0,4.05,18.8,97.4,21.09,29.84,0.53,1778024700,2026-05-05 23:45:00,15
215150,2026-05-06,30.4,36.8,25.1,63.79,84.4,41.9,0.0,0.0,222.53,1085.0,4.85,34.4,145.71,22.36,29.92,5.28,1778111100,2026-05-06 23:45:00,96
215150,2026-05-07,31.41,36.9,26.2,61.91,81.4,42.6,0.0,0.0,210.52,1011.0,5.35,33.8,136.1,22.88,29.9,5.2,1778197500,2026-05-07 23:45:00,96
215150,2026-05-08,31.73,37.6,27.0,60.6,80.3,40.5,0.0,0.0,220.9,1016.0,4.86,33.8,138.02,22.75,29.86,5.33,1778283900,2026-05-08 23:45:00,96
215150,2026-05-09,31.06,37.0,26.2,62.49,83.5,40.3,0.0,0.0,225.29,977.0,5.87,29.5,105.07,22.51,29.85,5.45,1778370300,2026-05-09 23:45:00,96
215150,2026-05-10,30.42,36.2,25.0,60.91,84.5,41.2,0.0,0.0,170.68,1034.0,5.37,32.5,155.68,21.6,29.87,4.45,1778456700,2026-05-10 23:45:00,96
215150,2026-05-11,31.4,37.8,26.8,58.11,79.0,36.5,0.0,0.0,223.89,951.0,5.4,35.9,151.09,21.53,29.88,5.64,1778543100,2026-05-11 23:45:00,96
215150,2026-05-12,28.5,32.8,25.3,74.96,88.6,53.1,0.2,0.0,145.95,1093.0,7.14,24.4,202.46,23.51,29.94,3.68,1778629500,2026-05-12 23:45:00,96
215150,2026-05-13,27.25,32.3,25.0,81.85,92.0,56.5,1.0,0.19,181.92,1174.0,8.42,46.0,170.59,23.77,29.97,3.75,1778715900,2026-05-13 23:45:00,96
215150,2026-05-14,27.49,33.3,23.1,78.44,92.7,55.1,0.0,0.0,162.24,1208.0,6.46,34.4,120.11,23.19,29.95,3.64,1778802300,2026-05-14 23:45:00,96
215150,2026-05-15,30.08,37.1,25.2,68.64,88.0,45.9,0.0,0.0,198.67,1005.0,5.54,32.3,109.44,23.15,29.94,4.85,1778888700,2026-05-15 23:45:00,96
215150,2026-05-16,29.29,34.9,25.2,72.05,88.2,54.0,1.6,0.25,149.3,1141.0,5.25,25.7,154.94,23.59,29.91,3.61,1778975100,2026-05-16 23:45:00,96
215150,2026-05-17,26.4,30.7,22.2,84.97,93.7,71.0,57.2,8.47,151.73,622.0,2.4,72.6,93.63,23.6,29.93,2.8,1779061500,2026-05-17 23:45:00,92
215150,2026-05-18,28.83,34.7,25.3,76.59,89.8,51.7,0.0,0.0,246.81,947.0,0.2,18.8,22.42,23.99,29.92,4.79,1779147900,2026-05-18 23:45:00,96
215150,2026-05-19,28.65,33.4,25.7,76.41,86.8,56.2,1.0,0.19,153.8,877.0,0.2,20.7,16.61,23.94,29.93,3.04,1779234300,2026-05-19 23:45:00,96
215150,2026-05-20,28.1,31.5,26.0,81.47,90.8,67.4,2.2,0.25,133.11,782.0,1.24,24.1,40.53,24.58,29.91,2.57,1779320700,2026-05-20 23:45:00,96
215150,2026-05-21,26.88,31.5,24.3,87.93,93.4,73.5,26.8,3.31,148.21,1074.0,6.29,40.2,196.22,24.69,29.91,3.0,1779407100,2026-05-21 23:45:00,96
215150,2026-05-22,26.41,29.9,24.6,89.27,94.4,77.9,0.2,0.0,134.29,1248.0,4.3,19.1,179.3,24.5,29.93,2.57,1779493500,2026-05-22 23:45:00,96
215150,2026-05-23,25.48,27.2,24.2,91.99,95.2,86.1,9.8,0.93,78.02,434.0,4.93,24.9,178.84,24.12,29.96,1.51,1779579900,2026-05-23 23:45:00,96
215150,2026-05-24,26.35,32.2,23.9,88.88,95.4,71.2,0.0,0.0,224.49,1130.0,4.16,38.6,89.08,24.34,29.94,4.36,1779666300,2026-05-24 23:45:00,96
215150,2026-05-25,25.54,28.6,22.4,88.81,94.4,78.9,11.0,1.55,119.08,564.0,2.29,32.6,172.43,23.56,29.94,2.11,1779752700,2026-05-25 23:45:00,96
215150,2026-05-26,27.52,32.6,24.8,83.92,94.4,63.7,3.2,0.67,236.82,1023.0,6.1,40.2,110.81,24.44,29.93,4.82,1779839100,2026-05-26 23:45:00,96
215150,2026-05-27,26.44,30.3,23.6,88.84,95.0,76.2,11.0,2.01,159.06,875.0,4.44,21.5,209.71,24.43,29.93,3.01,1779925500,2026-05-27 23:45:00,96
215150,2026-05-28,26.9,30.8,23.8,88.79,93.9,78.1,0.8,0.09,130.34,1021.0,2.86,36.4,161.86,24.88,29.91,2.47,1780011900,2026-05-28 23:45:00,96
215150,2026-05-29,27.69,32.9,24.1,81.62,92.6,61.8,0.8,0.39,220.51,986.0,4.45,27.8,189.25,24.12,29.9,4.54,1780098300,2026-05-29 23:45:00,96
215150,2026-05-30,27.97,33.7,24.7,83.61,93.1,63.7,0.0,0.0,185.31,1092.0,2.36,17.8,161.93,24.82,29.93,3.6,1780184700,2026-05-30 23:45:00,96
215150,2026-05-31,26.15,30.8,22.3,85.39,94.3,67.8,49.0,5.25,168.8,1030.0,4.11,61.4,186.32,23.42,29.99,3.21,1780271100,2026-05-31 23:45:00,96
215150,2026-06-01,28.04,33.3,24.9,84.09,93.1,66.2,0.0,0.0,232.62,1063.0,3.14,23.1,114.09,25.02,29.94,4.68,1780357500,2026-06-01 23:45:00,96
215150,2026-06-02,26.44,31.9,23.8,87.35,93.9,69.3,16.4,2.48,165.42,1297.0,5.1,39.7,130.53,24.13,29.94,3.18,1780443900,2026-06-02 23:45:00,96
215150,2026-06-03,25.53,27.8,24.1,92.18,95.1,87.8,33.0,3.29,83.85,860.0,3.63,28.4,99.51,24.2,29.94,1.51,1780530300,2026-06-03 23:45:00,96
215150,2026-06-04,25.23,27.9,23.8,92.88,96.1,86.2,17.2,1.14,86.67,612.0,3.17,26.3,131.85,24.02,29.96,1.59,1780616700,2026-06-04 23:45:00,96
215150,2026-06-05,25.49,28.0,23.3,92.07,95.9,83.8,21.6,1.91,116.75,826.0,3.2,21.4,143.6,24.11,29.97,2.1,1780703100,2026-06-05 23:45:00,96
215150,2026-06-06,27.07,31.9,24.6,86.43,94.9,67.4,0.4,0.06,187.81,1065.0,1.28,13.7,154.2,24.54,29.93,3.57,1780789500,2026-06-06 23:45:00,96
215150,2026-06-07,25.47,29.1,22.8,89.62,94.4,81.4,13.4,0.95,104.29,584.0,3.36,56.8,195.17,23.62,29.93,1.84,1780875900,2026-06-07 23:45:00,96
215150,2026-06-08,26.73,30.5,24.1,87.24,94.5,73.4,3.8,0.25,161.71,1007.0,3.31,31.6,63.59,24.4,29.98,3.12,1780962300,2026-06-08 23:45:00,96
215150,2026-06-09,28.58,33.3,25.0,81.49,92.6,61.4,0.0,0.0,243.84,1021.0,3.2,17.0,150.74,24.94,29.98,4.86,1781048700,2026-06-09 23:45:00,96
215150,2026-06-10,28.54,33.5,24.1,79.19,90.6,58.1,0.0,0.0,250.75,1116.0,3.54,17.7,143.48,24.42,29.92,4.91,1781135100,2026-06-10 23:45:00,96
215150,2026-06-11,26.94,30.1,24.8,87.14,92.2,74.3,12.0,1.42,90.19,707.0,3.78,28.2,117.51,24.6,29.91,1.75,1781221500,2026-06-11 23:45:00,96
215150,2026-06-12,27.25,31.8,24.9,86.26,94.1,68.2,0.0,0.0,171.49,1185.0,3.09,25.7,84.99,24.69,29.94,3.45,1781307900,2026-06-12 23:45:00,96
215150,2026-06-13,28.56,33.6,25.1,77.58,92.3,55.5,0.0,0.0,247.84,974.0,5.26,35.0,99.89,23.99,29.93,5.23,1781394300,2026-06-13 23:45:00,96
215150,2026-06-14,28.3,33.9,23.6,75.92,91.8,54.9,0.0,0.0,222.81,970.0,3.2,20.6,152.53,23.38,29.92,4.39,1781480700,2026-06-14 23:45:00,96
215150,2026-06-15,27.91,31.8,25.4,81.82,91.5,67.3,0.4,0.01,152.7,1194.0,6.76,30.6,129.17,24.42,29.96,3.3,1781567100,2026-06-15 23:45:00,96
215150,2026-06-16,25.77,30.2,22.9,87.27,94.1,70.1,2.6,0.16,171.08,1123.0,4.07,24.3,206.65,23.44,29.99,3.18,1781653500,2026-06-16 23:45:00,96
215150,2026-06-17,27.53,32.0,23.6,81.32,92.9,65.1,0.0,0.0,207.89,1095.0,2.51,17.6,162.8,23.92,29.98,4.0,1781739900,2026-06-17 23:45:00,96
215150,2026-06-18,27.31,32.2,24.8,85.23,92.0,67.2,12.0,2.37,200.42,995.0,3.52,26.8,100.3,24.57,29.98,3.87,1781826300,2026-06-18 23:45:00,96
215150,2026-06-19,25.52,29.5,23.8,90.55,94.1,78.8,31.2,5.44,117.92,1021.0,3.27,41.7,137.59,23.87,29.98,2.15,1781912700,2026-06-19 23:45:00,96
215150,2026-06-20,27.67,33.7,23.8,83.74,95.2,60.0,0.0,0.0,268.6,1025.0,2.52,23.1,139.66,24.47,29.94,5.16,1781999100,2026-06-20 23:45:00,96
215150,2026-06-21,28.7,33.6,25.1,79.72,91.4,60.2,0.0,0.0,226.47,1034.0,2.61,22.5,109.67,24.69,29.91,4.5,1782085500,2026-06-21 23:45:00,96
215150,2026-06-22,29.29,33.2,25.4,78.2,92.0,62.2,0.0,0.0,242.38,1053.0,4.84,28.8,106.58,24.96,29.96,5.0,1782171900,2026-06-22 23:45:00,96
215150,2026-06-23,29.41,34.7,24.8,74.78,91.0,48.9,0.0,0.0,270.76,993.0,3.2,24.3,112.67,24.07,29.94,5.41,1782258300,2026-06-23 23:45:00,96
215150,2026-06-24,28.37,33.9,25.0,75.7,88.9,58.3,4.4,0.87,211.17,1046.0,4.45,48.5,115.15,23.53,29.92,4.33,1782344700,2026-06-24 23:45:00,96
215150,2026-06-25,26.42,31.8,22.9,86.38,95.1,67.9,35.6,4.9,179.22,1192.0,4.02,23.5,193.99,23.89,29.97,3.37,1782431100,2026-06-25 23:45:00,96
215150,2026-06-26,28.24,32.7,24.3,79.79,92.7,55.6,0.0,0.0,242.72,962.0,2.83,23.2,77.61,24.21,29.98,4.97,1782517500,2026-06-26 23:45:00,96
215150,2026-06-27,28.24,32.9,23.8,79.26,91.7,60.3,0.0,0.0,209.29,1209.0,2.97,18.4,144.94,24.11,29.95,4.08,1782603900,2026-06-27 23:45:00,96
215150,2026-06-28,26.63,28.8,24.9,88.17,92.1,82.0,1.8,0.15,88.34,659.0,4.09,27.9,193.93,24.52,29.95,1.68,1782690300,2026-06-28 23:45:00,96
215150,2026-06-29,27.49,32.9,23.8,83.97,94.1,63.2,0.0,0.0,218.97,1129.0,2.71,22.6,173.02,24.41,29.93,4.2,1782776700,2026-06-29 23:45:00,96
215150,2026-06-30,27.44,30.3,25.3,85.21,91.2,76.2,0.0,0.0,136.76,735.0,5.52,31.1,162.69,24.71,29.9,2.79,1782863100,2026-06-30 23:45:00,96
215150,2026-07-01,26.36,32.1,23.7,88.61,93.9,72.0,3.2,0.72,146.59,1107.0,2.64,30.6,95.62,24.32,29.9,2.65,1782949500,2026-07-01 23:45:00,96
215150,2026-07-02,26.89,30.8,24.1,87.35,93.4,73.5,22.0,5.91,160.73,1060.0,3.43,24.1,86.3,24.57,29.91,3.11,1783035900,2026-07-02 23:45:00,96
215150,2026-07-03,25.43,28.8,23.0,91.6,95.6,81.8,45.0,4.55,117.24,652.0,2.43,24.9,128.07,23.95,29.96,2.12,1783122300,2026-07-03 23:45:00,96
215150,2026-07-04,26.24,29.8,23.6,89.48,94.1,79.4,1.8,0.41,142.77,856.0,1.42,16.5,157.11,24.37,29.96,2.69,1783208700,2026-07-04 23:45:00,96
215150,2026-07-05,27.79,31.8,24.7,86.26,94.9,69.1,0.0,0.0,205.08,1051.0,3.07,20.1,187.52,25.19,29.96,3.97,1783295100,2026-07-05 23:45:00,96
215150,2026-07-06,27.12,30.9,24.7,87.11,92.9,74.7,0.0,0.0,169.93,1143.0,4.74,27.1,114.83,24.77,29.97,3.28,1783381500,2026-07-06 23:45:00,96
215150,2026-07-07,27.6,31.6,25.0,86.3,94.6,74.4,0.0,0.0,195.32,1195.0,3.01,25.8,186.14,25.06,29.98,3.72,1783467900,2026-07-07 23:45:00,96
215150,2026-07-08,26.29,28.3,24.6,92.2,95.8,86.0,41.0,3.98,94.88,628.0,2.6,29.8,155.12,24.95,29.96,1.69,1783554300,2026-07-08 23:45:00,96
215150,2026-07-09,26.16,28.3,24.3,90.92,94.8,84.1,0.6,0.05,126.08,605.0,4.13,22.0,176.22,24.58,29.95,2.44,1783640700,2026-07-09 23:45:00,96
215150,2026-07-10,27.11,32.1,24.2,87.94,95.2,68.9,0.0,0.0,206.89,1099.0,2.65,17.5,152.22,24.89,29.94,4.18,1783727100,2026-07-10 23:45:00,96
215150,2026-07-11,27.73,32.7,24.0,83.51,93.7,66.4,0.0,0.0,211.23,809.0,2.37,15.5,129.21,24.58,29.93,4.11,1783813500,2026-07-11 23:45:00,96
215150,2026-07-12,27.7,31.9,24.7,84.0,93.7,68.6,0.2,0.0,180.61,1063.0,2.46,18.4,165.47,24.66,29.96,3.57,1783899900,2026-07-12 23:45:00,96
215150,2026-07-13,27.11,32.2,23.1,84.08,93.1,66.9,2.2,0.3,240.72,1197.0,2.55,22.0,140.8,24.1,29.99,4.55,1783986300,2026-07-13 23:45:00,96
215150,2026-07-14,28.26,33.2,24.6,82.84,93.4,66.4,0.0,0.0,235.88,1076.0,2.82,25.1,90.89,24.96,29.97,4.74,1784072700,2026-07-14 23:45:00,96
215150,2026-07-15,28.42,33.0,24.8,82.02,93.7,62.9,0.0,0.0,210.73,1078.0,2.88,22.9,66.68,24.89,29.95,4.21,1784159100,2026-07-15 23:45:00,96
215150,2026-07-16,28.46,33.3,25.1,82.17,93.5,63.2,0.0,0.0,221.15,1118.0,3.24,21.2,148.79,24.97,29.95,4.55,1784245500,2026-07-16 23:45:00,96
215150,2026-07-17,28.95,34.1,24.6,79.46,93.1,59.6,0.0,0.0,257.28,1051.0,2.85,24.1,79.15,24.82,29.95,5.17,1784331900,2026-07-17 23:45:00,96
215150,2026-07-18,27.76,33.8,24.7,83.94,93.4,64.0,30.0,4.94,242.66,1125.0,2.71,46.8,163.83,24.68,29.92,4.68,1784418300,2026-07-18 23:45:00,96
215150,2026-07-19,27.7,33.8,24.5,85.22,95.1,63.4,1.8,0.29,253.55,1176.0,1.97,20.3,91.3,24.84,29.89,4.91,1784504700,2026-07-19 23:45:00,96
215150,2026-07-20,25.9,27.9,23.4,91.69,95.6,86.8,37.8,3.12,105.1,578.0,2.92,21.4,180.58,24.47,29.91,1.85,1784591100,2026-07-20 23:45:00,96
215150,2026-07-21,27.5,32.3,24.6,86.85,94.9,69.6,0.0,0.0,195.16,1151.0,1.67,22.8,80.34,25.03,29.9,3.77,1784677500,2026-07-21 23:45:00,96
215150,2026-07-22,27.67,32.9,24.1,84.12,93.7,66.3,0.6,0.06,241.59,962.0,2.3,22.2,45.16,24.64,29.87,4.68,1784763900,2026-07-22 23:45:00,96
215150,2026-07-23,26.26,29.7,22.8,89.66,95.1,81.0,23.2,3.05,137.07,1127.0,3.04,27.2,170.59,24.42,29.93,2.53,1784850300,2026-07-23 23:45:00,96
215150,2026-07-24,27.57,32.2,24.3,87.1,94.8,71.0,0.0,0.0,215.79,1160.0,2.15,22.4,177.95,25.19,29.93,4.05,1784936700,2026-07-24 23:45:00,96
215150,2026-07-25,28.0,32.7,24.5,84.79,93.5,68.6,0.6,0.22,230.25,1218.0,2.12,17.6,113.26,25.14,29.94,4.42,1785023100,2026-07-25 23:45:00,96
215150,2026-07-26,25.77,31.1,22.2,89.72,94.6,74.9,30.2,2.78,146.97,1172.0,3.9,33.7,150.66,23.9,29.97,2.86,1785109500,2026-07-26 23:45:00,96
215150,2026-07-27,25.91,32.4,22.0,86.66,95.9,67.8,0.2,0.01,269.53,965.0,1.42,19.4,65.44,23.41,29.95,5.19,1785195900,2026-07-27 23:45:00,96
215150,2026-07-28,28.16,33.8,23.9,83.04,94.1,63.6,0.0,0.0,242.43,1127.0,1.45,15.2,63.57,24.89,29.93,4.9,1785282300,2026-07-28 23:45:00,96
215150,2026-07-29,27.63,30.4,24.7,87.73,92.4,79.1,0.0,0.0,98.71,896.0,1.45,27.6,101.96,25.35,29.9,1.04,1785368700,2026-07-29 23:45:00,52
215150,2026-07-30,27.52,32.8,23.9,86.4,94.8,66.0,0.6,0.01,235.07,1097.0,1.93,16.1,122.27,24.94,29.93,4.5,1785455100,2026-07-30 23:45:00,96
215150,2026-07-31,25.54,29.4,23.8,90.89,94.5,83.0,12.6,3.71,3.5,76.0,1.23,14.5,117.77,23.91,29.95,0.0,1785498300,2026-07-31 11:45:00,48
215150,2026-08-02,32.28,33.1,30.2,67.88,76.0,63.5,0.0,0.0,720.33,1037.0,6.24,17.6,104.12,25.65,29.93,3.72,1785704400,2026-08-02 21:00:00,24
216784,2026-05-21,26.76,28.9,26.2,82.76,86.3,74.9,0.0,0.0,35.12,234.0,10.54,32.2,144.0,23.52,30.01,0.36,1779407100,2026-05-21 23:45:00,17
216784,2026-05-22,26.52,30.1,24.6,86.65,93.4,72.8,0.0,0.0,159.78,1150.0,5.89,25.2,103.33,24.08,29.94,3.21,1779493500,2026-05-22 23:45:00,96
216784,2026-05-23,25.49,27.2,24.2,89.64,93.9,82.6,2.0,0.12,82.04,942.0,5.5,26.7,102.4,23.67,29.97,1.69,1779579900,2026-05-23 23:45:00,96
216784,2026-05-24,26.45,31.7,24.3,86.03,93.3,65.8,0.0,0.0,191.38,1071.0,4.28,29.4,109.01,23.87,29.95,3.79,1779666300,2026-05-24 23:45:00,96
216784,2026-05-25,25.45,28.2,22.2,85.88,92.7,76.1,4.8,1.21,99.49,534.0,2.17,31.2,188.85,22.91,29.95,1.85,1779752700,2026-05-25 23:45:00,96
216784,2026-05-26,27.37,31.9,25.0,81.57,93.0,62.0,2.4,0.8,176.26,984.0,6.12,38.0,164.78,23.81,29.94,3.97,1779839100,2026-05-26 23:45:00,96
216784,2026-05-27,25.95,29.2,23.1,87.69,93.8,74.4,10.8,1.16,114.16,722.0,4.05,19.0,153.83,23.76,29.95,2.26,1779925500,2026-05-27 23:45:00,96
216784,2026-05-28,26.39,29.3,24.1,86.47,91.9,74.5,5.0,0.74,96.35,468.0,2.25,28.5,139.12,23.94,29.92,1.84,1780011900,2026-05-28 23:45:00,96
216784,2026-05-29,27.21,31.8,24.1,80.77,90.8,62.8,4.4,1.26,154.32,990.0,3.34,22.3,172.05,23.52,29.91,3.19,1780098300,2026-05-29 23:45:00,96
216784,2026-05-30,27.62,31.6,24.1,82.27,91.7,67.5,0.0,0.0,168.66,1042.0,2.31,21.3,121.41,24.27,29.94,3.32,1780184700,2026-05-30 23:45:00,96
216784,2026-05-31,25.77,30.2,22.0,84.82,94.1,66.1,76.8,6.36,158.61,1100.0,3.46,54.1,149.91,22.94,30.01,2.98,1780271100,2026-05-31 23:45:00,96
216784,2026-06-01,27.45,32.1,24.6,83.3,92.6,67.4,0.2,0.0,208.11,1035.0,2.79,24.3,108.07,24.3,29.96,4.21,1780357500,2026-06-01 23:45:00,96
216784,2026-06-02,26.03,31.0,23.3,87.53,93.8,74.0,42.0,4.84,151.21,1102.0,3.54,37.0,126.62,23.77,29.96,2.87,1780443900,2026-06-02 23:45:00,96
216784,2026-06-03,25.23,25.5,24.7,91.93,92.7,90.0,0.0,0.0,0.0,0.0,0.8,11.3,74.5,23.83,29.98,0.0,1780460100,2026-06-03 04:15:00,18
216784,2026-06-04,25.59,27.3,23.3,90.29,95.1,84.3,20.6,3.18,194.72,552.0,3.75,27.2,159.28,23.92,29.98,1.41,1780616700,2026-06-04 23:45:00,39
216784,2026-06-05,25.44,28.6,22.9,90.5,95.6,78.9,65.2,6.29,149.79,868.0,2.94,18.6,93.29,23.76,29.99,2.71,1780703100,2026-06-05 23:45:00,96
216784,2026-06-06,26.59,31.2,24.2,85.67,94.9,67.1,1.0,0.21,194.85,909.0,1.76,15.0,109.86,23.91,29.95,3.66,1780789500,2026-06-06 23:45:00,96
216784,2026-06-07,25.06,28.4,22.5,88.54,94.2,78.2,23.8,2.09,94.5,394.0,2.7,43.5,197.35,23.03,29.95,1.74,1780875900,2026-06-07 23:45:00,96
216784,2026-06-08,26.26,29.9,23.9,87.27,94.7,74.0,4.8,1.92,127.71,749.0,2.07,18.3,115.0,23.95,30.0,2.36,1780962300,2026-06-08 23:45:00,96
216784,2026-06-09,27.89,32.3,24.6,81.24,91.4,64.5,0.0,0.0,201.51,956.0,2.42,15.5,163.39,24.28,30.0,4.02,1781048700,2026-06-09 23:45:00,96
216784,2026-06-10,27.78,32.1,23.9,79.99,87.8,65.8,0.0,0.0,234.66,977.0,3.0,19.5,135.23,23.94,29.94,4.71,1781135100,2026-06-10 23:45:00,96
216784,2026-06-11,26.53,29.6,24.3,87.23,92.0,76.3,7.4,1.1,108.75,997.0,3.29,24.0,146.7,24.22,29.93,2.07,1781221500,2026-06-11 23:45:00,96
216784,2026-06-12,26.82,30.6,24.5,86.68,94.7,71.7,0.0,0.0,138.99,1137.0,2.63,19.0,170.84,24.35,29.96,2.7,1781307900,2026-06-12 23:45:00,96
216784,2026-06-13,27.73,31.6,24.3,78.66,92.4,58.6,0.0,0.0,212.52,962.0,4.29,30.6,103.24,23.51,29.95,4.5,1781394300,2026-06-13 23:45:00,96
216784,2026-06-14,27.59,32.3,23.2,77.14,91.5,59.1,0.0,0.0,211.07,956.0,2.48,21.2,184.74,23.04,29.94,4.27,1781480700,2026-06-14 23:45:00,96
216784,2026-06-15,27.02,30.6,25.1,83.69,92.2,70.2,8.8,1.53,136.27,976.0,4.76,24.1,167.16,23.97,29.98,2.75,1781567100,2026-06-15 23:45:00,96
216784,2026-06-16,25.28,28.9,22.5,87.78,95.2,71.3,1.2,0.09,157.82,1167.0,4.21,24.1,112.08,23.07,30.01,3.03,1781653500,2026-06-16 23:45:00,96
216784,2026-06-17,26.86,31.6,22.7,82.26,92.5,64.6,0.0,0.0,221.02,1055.0,2.23,17.4,90.9,23.48,30.0,4.32,1781739900,2026-06-17 23:45:00,96
216784,2026-06-18,26.6,32.3,24.2,85.74,92.5,65.3,31.8,5.26,179.05,1069.0,3.26,28.1,143.76,23.94,30.0,3.43,1781826300,2026-06-18 23:45:00,96
216784,2026-06-19,25.3,29.2,23.2,89.77,94.7,76.3,13.4,1.09,126.36,1150.0,2.36,26.8,106.47,23.5,30.0,2.29,1781912700,2026-06-19 23:45:00,96
216784,2026-06-20,27.13,32.4,23.4,83.85,95.0,63.7,0.6,0.01,239.54,970.0,2.3,20.9,109.19,24.03,29.96,4.75,1781999100,2026-06-20 23:45:00,96
216784,2026-06-21,27.67,33.0,24.6,81.79,91.5,63.0,0.0,0.0,210.44,1060.0,1.82,14.8,172.55,24.19,29.92,4.07,1782085500,2026-06-21 23:45:00,96
216784,2026-06-22,27.77,31.8,24.1,82.98,94.2,65.9,11.8,2.85,196.36,1023.0,2.4,22.6,113.73,24.53,29.97,3.87,1782171900,2026-06-22 23:45:00,96
216784,2026-06-23,28.43,33.7,24.4,76.38,89.7,51.4,0.0,0.0,247.4,891.0,1.9,15.4,233.93,23.6,29.95,4.98,1782258300,2026-06-23 23:45:00,96
216784,2026-06-24,27.48,32.6,24.4,76.75,89.5,64.6,8.2,2.7,190.64,925.0,2.8,30.4,220.79,22.96,29.93,3.72,1782344700,2026-06-24 23:45:00,96
216784,2026-06-25,26.0,30.8,23.1,86.5,94.7,68.9,16.4,1.99,183.25,990.0,3.38,21.9,113.73,23.51,29.97,3.52,1782431100,2026-06-25 23:45:00,96
216784,2026-06-26,24.85,27.7,23.1,89.78,92.8,82.2,0.0,0.0,25.0,401.0,0.73,7.9,151.06,23.07,29.99,0.1,1782477900,2026-06-26 12:45:00,52
216784,2026-06-28,26.36,26.6,26.1,88.12,89.5,86.6,0.0,0.0,67.08,151.0,1.91,12.4,117.15,24.25,29.92,0.2,1782687600,2026-06-28 23:00:00,13
216784,2026-06-29,26.68,31.4,22.7,84.54,94.1,68.9,0.0,0.0,209.08,1100.0,1.79,14.3,85.37,23.77,29.94,3.54,1782776700,2026-06-29 23:45:00,84
216784,2026-06-30,26.32,29.1,24.4,87.34,90.4,79.6,1.0,0.33,98.84,668.0,2.49,19.0,192.92,24.06,29.92,1.44,1782863100,2026-06-30 23:45:00,76
216784,2026-07-01,25.69,30.3,23.3,90.06,94.6,74.5,21.8,2.74,126.45,1005.0,1.78,29.0,133.17,23.94,29.91,2.36,1782949500,2026-07-01 23:45:00,96
216784,2026-07-02,25.52,29.3,22.9,90.08,94.4,78.1,7.0,3.77,106.46,1018.0,2.11,26.0,132.56,23.76,29.93,1.68,1783035900,2026-07-02 23:45:00,79
216784,2026-07-03,24.97,28.4,22.3,90.84,95.7,81.5,46.6,4.41,104.01,506.0,1.92,27.4,192.0,23.37,29.97,1.86,1783122300,2026-07-03 23:45:00,95
216784,2026-07-04,25.72,30.8,22.8,88.17,93.6,71.9,0.8,0.14,134.95,770.0,0.75,11.0,99.73,23.6,29.97,2.45,1783206000,2026-07-04 23:00:00,92
216784,2026-07-05,27.46,31.1,23.9,84.72,93.4,70.4,0.0,0.0,242.33,965.0,2.57,18.5,150.2,24.61,29.97,3.92,1783295100,2026-07-05 23:45:00,82
216784,2026-07-06,26.58,30.2,24.6,88.4,93.4,77.2,0.8,0.05,131.9,1130.0,3.05,20.9,88.2,24.48,29.98,2.49,1783381500,2026-07-06 23:45:00,96
216784,2026-07-07,26.56,30.2,24.6,89.31,95.1,76.8,0.0,0.0,135.39,1013.0,2.2,19.8,101.45,24.68,30.0,1.95,1783467900,2026-07-07 23:45:00,85
216784,2026-07-08,26.07,28.2,24.4,92.04,95.9,84.8,55.0,4.93,81.83,478.0,1.84,22.5,123.0,24.68,29.96,1.45,1783554300,2026-07-08 23:45:00,96
216784,2026-07-09,25.57,27.7,24.1,90.55,95.2,80.4,4.6,0.96,81.73,628.0,2.56,21.6,161.18,23.88,29.95,1.42,1783640700,2026-07-09 23:45:00,74
216784,2026-07-10,26.4,30.3,23.8,89.15,95.0,77.6,2.8,0.86,170.68,986.0,2.03,20.1,77.18,24.46,29.95,3.21,1783727100,2026-07-10 23:45:00,96
216784,2026-07-11,28.2,32.4,24.5,80.99,92.5,66.0,0.0,0.0,242.82,847.0,1.89,13.0,175.82,24.55,29.94,3.57,1783813500,2026-07-11 23:45:00,73
216784,2026-07-12,26.95,30.9,23.9,85.75,94.9,70.9,13.2,3.02,188.34,1065.0,1.82,34.9,112.0,24.29,29.96,3.65,1783899900,2026-07-12 23:45:00,96
216784,2026-07-13,26.29,30.9,22.6,85.45,93.7,69.4,2.8,0.51,207.59,1148.0,1.91,26.6,151.68,23.59,30.0,3.76,1783981800,2026-07-13 22:30:00,91
216784,2026-07-14,27.32,31.8,24.2,85.11,93.6,66.0,7.8,1.97,219.44,1044.0,2.47,32.6,174.88,24.55,29.97,3.75,1784072700,2026-07-14 23:45:00,85
216784,2026-07-15,26.94,32.1,24.1,85.63,94.8,65.7,0.0,0.0,99.09,842.0,1.39,16.2,182.57,24.17,29.94,1.53,1784159100,2026-07-15 23:45:00,76
216784,2026-07-16,27.77,32.1,24.1,83.81,93.8,67.9,0.0,0.0,228.76,991.0,2.58,24.1,116.65,24.69,29.95,4.53,1784245500,2026-07-16 23:45:00,96
216784,2026-07-17,26.57,31.8,23.9,87.38,94.2,66.8,0.0,0.0,91.35,881.0,1.19,19.0,169.29,24.26,29.96,1.17,1784331900,2026-07-17 23:45:00,68
216784,2026-07-18,27.18,32.5,23.7,83.82,94.2,66.1,34.2,5.15,191.6,1051.0,2.47,32.6,228.05,24.11,29.92,3.75,1784418300,2026-07-18 23:45:00,96
216784,2026-07-19,25.92,33.1,24.1,89.65,94.8,67.4,15.4,4.22,75.31,701.0,0.98,30.8,158.72,24.03,29.9,1.13,1784504700,2026-07-19 23:45:00,71
216784,2026-07-20,25.27,27.5,23.1,92.97,95.5,87.0,59.4,7.76,77.64,615.0,1.5,20.8,160.06,24.07,29.92,1.41,1784591100,2026-07-20 23:45:00,96
216784,2026-07-21,26.95,31.1,24.0,86.99,95.1,69.2,0.0,0.0,166.76,1048.0,1.52,16.1,154.78,24.51,29.9,3.25,1784677500,2026-07-21 23:45:00,96
216784,2026-07-22,26.34,31.4,23.3,87.55,93.9,70.6,0.0,0.0,150.49,960.0,1.86,18.0,178.21,24.07,29.88,2.31,1784763900,2026-07-22 23:45:00,80
216784,2026-07-23,25.94,29.6,22.2,88.18,95.3,76.9,53.2,6.07,139.3,1005.0,2.34,22.4,139.5,23.8,29.93,2.59,1784850300,2026-07-23 23:45:00,96
216784,2026-07-24,27.32,31.7,24.0,86.29,93.7,72.2,0.0,0.0,206.75,1053.0,2.2,18.1,146.9,24.79,29.93,3.94,1784934000,2026-07-24 23:00:00,93
216784,2026-07-25,28.07,32.2,24.1,82.46,93.4,67.7,0.0,0.0,268.35,1083.0,2.48,23.5,119.42,24.7,29.95,4.35,1785023100,2026-07-25 23:45:00,79
216784,2026-07-26,25.78,29.7,21.8,89.08,94.7,77.3,30.2,2.19,128.36,1176.0,3.07,27.4,168.29,23.81,29.99,2.36,1785108600,2026-07-26 23:30:00,95
216784,2026-07-27,24.63,31.5,21.7,88.46,96.3,67.2,0.2,0.01,239.74,988.0,1.15,14.5,79.32,22.55,29.98,3.4,1785180600,2026-07-27 19:30:00,78
216784,2026-07-28,27.3,32.7,23.0,84.57,94.3,68.9,0.0,0.0,235.87,1058.0,1.63,16.3,90.32,24.4,29.94,4.35,1785281400,2026-07-28 23:30:00,93
216784,2026-07-29,26.69,29.8,23.7,87.87,95.7,78.1,13.2,3.57,179.23,807.0,2.33,24.9,207.77,24.5,29.94,2.04,1785368700,2026-07-29 23:45:00,60
216784,2026-07-30,25.94,31.1,23.3,89.69,94.8,76.9,1.8,0.37,150.94,930.0,1.13,28.7,135.33,24.15,29.96,1.9,1785455100,2026-07-30 23:45:00,69
216784,2026-07-31,25.72,29.3,23.2,88.47,94.0,77.3,18.0,2.16,117.54,814.0,3.23,25.4,181.28,23.65,29.96,2.14,1785538800,2026-07-31 23:00:00,93
216784,2026-08-01,26.73,32.0,22.2,85.55,95.7,69.9,0.2,0.01,280.52,1021.0,1.53,15.5,38.49,24.02,29.95,4.79,1785627900,2026-08-01 23:45:00,80
216784,2026-08-02,27.63,32.2,23.5,84.32,94.7,67.2,0.0,0.0,231.56,960.0,2.1,17.7,69.36,24.66,29.93,4.21,1785708000,2026-08-02 22:00:00,89
217402,2026-05-29,33.12,34.5,31.2,52.72,62.1,47.2,0.0,0.03,234.7,844.0,7.87,22.6,97.52,22.09,29.87,1.48,1780098300,2026-05-29 23:45:00,23
217402,2026-05-30,29.04,35.5,23.7,72.87,93.6,50.2,27.4,2.67,250.75,1051.0,10.11,56.5,78.2,23.33,29.95,5.78,1780184700,2026-05-30 23:45:00,96
217402,2026-05-31,25.28,28.4,23.1,90.12,95.2,79.8,12.4,0.65,91.67,687.0,3.76,35.4,151.48,23.55,30.01,1.75,1780271100,2026-05-31 23:45:00,96
217402,2026-06-01,27.25,33.3,24.3,85.38,95.4,61.5,1.0,0.65,220.0,925.0,7.54,38.3,74.73,24.5,29.98,4.6,1780357500,2026-06-01 23:45:00,96
217402,2026-06-02,26.58,30.1,24.2,83.49,91.2,70.5,2.8,0.4,165.08,1164.0,9.07,34.0,101.23,23.54,29.97,3.23,1780443900,2026-06-02 23:45:00,96
217402,2026-06-03,27.18,32.1,24.3,81.93,91.9,62.4,8.4,1.46,189.56,1144.0,7.07,31.6,95.14,23.75,29.97,3.91,1780530300,2026-06-03 23:45:00,96
217402,2026-06-04,25.8,30.1,24.1,89.06,94.8,73.9,23.4,2.9,130.66,1069.0,5.79,22.4,107.47,23.84,29.99,2.56,1780616700,2026-06-04 23:45:00,96
217402,2026-06-05,25.31,28.6,23.9,91.2,96.2,79.3,0.4,0.01,127.52,780.0,4.18,20.3,74.38,23.77,30.0,2.4,1780703100,2026-06-05 23:45:00,96
217402,2026-06-06,26.38,30.9,24.1,88.19,96.1,70.9,2.6,1.07,175.39,1044.0,6.01,41.8,49.07,24.2,29.95,3.51,1780789500,2026-06-06 23:45:00,96
217402,2026-06-07,26.53,31.5,24.4,85.85,93.8,67.4,6.6,1.41,161.17,1130.0,7.09,46.0,93.96,23.89,29.94,3.35,1780875900,2026-06-07 23:45:00,96
217402,2026-06-08,26.15,31.1,23.4,85.85,95.2,63.9,8.6,0.99,180.46,1132.0,7.61,35.6,59.0,23.48,30.0,3.7,1780962300,2026-06-08 23:45:00,96
217402,2026-06-09,27.2,32.6,23.6,80.83,94.7,55.8,0.0,0.0,256.29,1000.0,8.81,30.6,61.9,23.4,30.01,5.42,1781048700,2026-06-09 23:45:00,96
217402,2026-06-10,27.42,32.9,23.3,78.81,92.7,58.6,0.0,0.0,193.21,1099.0,6.44,29.3,62.86,23.27,29.96,3.92,1781135100,2026-06-10 23:45:00,96
217402,2026-06-11,26.07,30.2,24.2,89.86,95.6,72.6,18.8,3.92,153.01,947.0,6.29,38.7,91.58,24.24,29.95,3.11,1781221500,2026-06-11 23:45:00,96
217402,2026-06-12,26.72,30.5,23.9,86.84,95.3,70.5,5.0,0.39,176.21,1215.0,7.26,31.6,93.82,24.27,29.98,3.65,1781307900,2026-06-12 23:45:00,96
217402,2026-06-13,27.45,32.6,23.2,76.87,91.9,54.3,0.0,0.0,260.82,1067.0,11.81,34.5,78.82,22.75,29.96,5.75,1781394300,2026-06-13 23:45:00,96
217402,2026-06-14,26.53,32.3,22.7,80.81,93.9,63.1,8.6,1.34,222.18,874.0,7.97,48.3,62.97,22.79,29.96,4.7,1781480700,2026-06-14 23:45:00,96
217402,2026-06-15,26.46,31.3,24.1,85.5,95.7,61.0,2.2,0.18,183.11,979.0,7.28,23.4,82.44,23.71,30.0,3.64,1781567100,2026-06-15 23:45:00,96
217402,2026-06-16,26.72,31.4,23.7,84.56,96.4,64.5,11.2,2.31,189.31,1181.0,2.95,17.1,130.55,23.77,30.0,3.64,1781653500,2026-06-16 23:45:00,96
217402,2026-06-17,26.17,30.7,23.6,87.81,96.0,71.4,3.2,0.55,177.23,1318.0,4.83,26.0,91.59,23.96,30.01,3.29,1781739900,2026-06-17 23:45:00,96
217402,2026-06-18,25.51,30.5,23.9,91.56,96.9,73.7,9.8,1.42,151.25,1097.0,5.6,27.6,73.19,24.01,30.01,2.88,1781826300,2026-06-18 23:45:00,96
217402,2026-06-19,26.0,31.6,23.8,89.69,97.1,68.6,0.6,0.11,227.76,1041.0,4.42,43.7,68.18,24.09,30.01,4.41,1781912700,2026-06-19 23:45:00,96
217402,2026-06-20,25.65,32.6,23.3,89.35,96.9,65.6,20.6,2.61,208.2,1028.0,4.13,53.1,60.05,23.69,29.97,4.0,1781999100,2026-06-20 23:45:00,96
217402,2026-06-21,26.7,32.0,23.7,87.81,96.6,68.5,3.6,2.5,222.93,1150.0,6.12,45.1,67.34,24.4,29.94,4.3,1782085500,2026-06-21 23:45:00,96
217402,2026-06-22,27.14,32.2,23.8,83.15,95.2,61.1,0.0,0.0,232.55,1071.0,8.69,29.1,64.68,23.88,29.98,4.86,1782171900,2026-06-22 23:45:00,96
217402,2026-06-23,27.13,32.0,23.7,80.87,94.6,58.6,0.0,0.0,233.39,1155.0,7.56,27.9,44.5,23.38,29.96,5.01,1782258300,2026-06-23 23:45:00,96
217402,2026-06-24,26.35,30.8,23.2,86.73,96.0,71.4,18.2,1.9,146.98,1111.0,7.39,42.4,67.59,23.91,29.95,3.0,1782344700,2026-06-24 23:45:00,96
217402,2026-06-25,25.97,30.6,23.6,88.41,96.6,73.7,0.2,0.01,190.17,1197.0,4.36,21.2,63.97,23.88,29.98,3.71,1782431100,2026-06-25 23:45:00,96
217402,2026-06-26,27.09,32.1,22.8,81.7,94.8,60.0,0.0,0.0,252.59,1053.0,7.0,27.9,64.7,23.49,29.99,5.12,1782517500,2026-06-26 23:45:00,96
217402,2026-06-27,26.94,31.7,23.3,82.18,93.5,65.9,0.0,0.0,227.46,1107.0,6.82,22.5,63.67,23.56,29.98,4.5,1782603900,2026-06-27 23:45:00,96
217402,2026-06-28,27.05,31.2,24.4,86.34,95.5,67.1,15.4,1.7,223.52,949.0,4.42,19.8,98.43,24.48,29.97,4.29,1782690300,2026-06-28 23:45:00,96
217402,2026-06-29,27.26,31.6,23.4,84.16,95.0,65.4,26.8,3.26,229.38,1028.0,5.46,46.7,65.59,24.2,29.94,4.63,1782776700,2026-06-29 23:45:00,96
217402,2026-06-30,27.35,32.4,23.4,86.13,96.2,65.8,3.4,0.43,227.39,1100.0,6.77,29.0,77.95,24.68,29.92,4.63,1782863100,2026-06-30 23:45:00,96
217402,2026-07-01,27.41,32.3,24.0,83.47,94.6,61.4,4.2,2.44,247.31,1139.0,5.57,24.1,66.0,24.22,29.91,5.02,1782949500,2026-07-01 23:45:00,96
217402,2026-07-02,27.33,31.9,24.5,84.67,93.5,67.6,2.2,0.86,186.58,1209.0,6.18,30.0,64.48,24.48,29.93,3.9,1783035900,2026-07-02 23:45:00,96
217402,2026-07-03,25.89,30.4,22.7,90.23,95.7,72.1,11.0,1.03,138.66,1153.0,4.28,27.4,114.45,24.12,29.97,2.76,1783122300,2026-07-03 23:45:00,96
217402,2026-07-04,26.73,31.6,24.2,89.15,96.5,72.5,3.2,1.23,187.88,1027.0,4.09,35.4,54.88,24.73,29.96,3.81,1783208700,2026-07-04 23:45:00,96
217402,2026-07-05,26.27,31.6,23.4,88.73,96.3,68.9,48.2,9.07,182.3,1007.0,4.89,53.1,71.83,24.18,29.98,3.55,1783295100,2026-07-05 23:45:00,96
217402,2026-07-06,26.02,31.1,23.9,91.09,96.9,72.9,12.2,2.26,176.54,1199.0,2.97,27.6,104.36,24.4,30.0,3.37,1783381500,2026-07-06 23:45:00,96
217402,2026-07-07,26.57,32.1,24.2,89.88,96.7,68.3,3.2,0.43,226.45,1016.0,4.28,27.4,64.72,24.71,30.0,4.3,1783467900,2026-07-07 23:45:00,96
217402,2026-07-08,27.06,31.8,23.9,87.4,96.1,68.1,19.2,2.26,236.9,1074.0,5.73,29.5,68.26,24.7,29.97,4.63,1783554300,2026-07-08 23:45:00,96
217402,2026-07-09,27.29,31.7,23.9,86.28,95.7,69.9,0.0,0.0,238.48,847.0,6.54,30.4,61.8,24.72,29.96,4.72,1783640700,2026-07-09 23:45:00,96
217402,2026-07-10,27.4,31.7,24.4,85.01,95.9,64.0,3.6,0.89,243.3,963.0,6.03,24.9,56.97,24.53,29.96,4.84,1783727100,2026-07-10 23:45:00,96
217402,2026-07-11,26.56,30.9,23.8,86.43,94.5,75.0,0.0,0.0,200.26,1027.0,5.96,29.2,48.14,24.07,29.95,4.08,1783813500,2026-07-11 23:45:00,96
217402,2026-07-12,25.34,29.8,23.7,90.84,96.5,75.0,31.6,3.57,146.84,1000.0,3.63,31.1,81.59,23.72,29.97,2.66,1783899900,2026-07-12 23:45:00,96
217402,2026-07-13,25.93,30.8,23.6,91.18,97.2,76.1,0.2,0.01,214.03,1074.0,4.33,22.4,53.46,24.34,30.0,3.97,1783986300,2026-07-13 23:45:00,96
217402,2026-07-14,27.12,32.4,23.6,86.18,97.1,66.1,0.0,0.0,257.81,990.0,5.6,24.9,57.76,24.47,29.99,5.11,1784072700,2026-07-14 23:45:00,96
217402,2026-07-15,27.03,31.7,23.8,86.2,95.6,70.5,2.0,0.88,212.7,1169.0,5.34,28.6,63.23,24.47,29.97,4.09,1784159100,2026-07-15 23:45:00,96
217402,2026-07-16,27.22,32.1,23.9,83.6,94.1,67.2,0.0,0.0,232.47,1248.0,6.63,23.9,65.85,24.12,29.97,4.63,1784245500,2026-07-16 23:45:00,96
217402,2026-07-17,26.89,31.6,23.9,85.89,94.4,69.7,3.8,1.01,221.94,1239.0,6.75,33.8,73.72,24.25,29.97,4.38,1784331900,2026-07-17 23:45:00,96
217402,2026-07-18,25.19,27.3,23.9,93.1,96.7,86.0,6.2,0.92,107.07,659.0,6.02,33.5,44.14,24.01,29.95,1.94,1784418300,2026-07-18 23:45:00,96
217402,2026-07-19,26.73,31.7,24.0,87.3,95.8,69.5,0.0,0.0,242.99,1079.0,7.88,29.0,51.18,24.35,29.91,4.91,1784504700,2026-07-19 23:45:00,96
217402,2026-07-20,26.09,29.6,24.1,89.8,95.3,77.6,4.2,1.2,132.29,812.0,3.61,24.6,51.09,24.28,29.92,2.49,1784591100,2026-07-20 23:45:00,96
217402,2026-07-21,26.69,30.7,23.7,87.1,96.7,71.8,0.0,0.0,204.51,1013.0,3.62,20.9,41.4,24.28,29.92,3.92,1784677500,2026-07-21 23:45:00,96
217402,2026-07-22,25.89,31.9,22.8,86.94,95.9,67.3,3.2,0.72,219.8,1241.0,4.45,21.9,56.64,23.46,29.9,4.31,1784763900,2026-07-22 23:45:00,96
217402,2026-07-23,26.88,32.2,23.3,85.29,95.0,64.1,0.0,0.0,238.08,1129.0,4.38,22.9,59.61,24.08,29.93,4.72,1784850300,2026-07-23 23:45:00,96
217402,2026-07-24,27.28,31.1,23.9,82.74,94.2,63.4,0.0,0.0,234.12,1053.0,6.5,24.1,54.23,23.99,29.95,4.65,1784936700,2026-07-24 23:45:00,96
217402,2026-07-25,25.71,31.5,23.8,90.03,95.8,72.2,14.6,1.38,144.49,1144.0,5.02,33.8,61.09,23.9,29.98,2.73,1785023100,2026-07-25 23:45:00,96
217402,2026-07-26,26.26,32.3,23.2,88.54,96.6,65.8,0.8,0.12,217.82,1143.0,3.34,20.4,78.84,24.15,29.98,4.14,1785109500,2026-07-26 23:45:00,96
217402,2026-07-27,26.81,33.4,22.9,84.57,96.7,59.4,0.0,0.0,263.69,1100.0,2.54,24.2,149.48,23.79,29.97,5.05,1785195900,2026-07-27 23:45:00,96
217402,2026-07-28,27.64,33.3,23.9,83.18,95.9,59.6,9.6,1.23,257.43,1106.0,3.21,43.2,43.43,24.3,29.94,5.04,1785282300,2026-07-28 23:45:00,96
217402,2026-07-29,26.96,32.0,23.8,88.15,96.6,71.9,33.6,4.03,226.25,1104.0,3.71,30.8,87.0,24.78,29.95,4.38,1785368700,2026-07-29 23:45:00,96
217402,2026-07-30,26.44,32.1,23.7,89.28,96.2,71.3,4.0,0.85,227.72,1071.0,3.09,26.0,49.95,24.49,29.95,4.25,1785455100,2026-07-30 23:45:00,96
217402,2026-07-31,26.07,32.1,23.4,89.91,96.4,70.9,4.0,1.44,186.09,1136.0,2.96,20.7,85.97,24.25,29.97,3.44,1785541500,2026-07-31 23:45:00,92
217402,2026-08-01,27.45,33.2,23.9,85.44,97.0,60.7,0.0,0.0,268.3,1002.0,2.87,19.3,77.74,24.64,29.96,5.15,1785627900,2026-08-01 23:45:00,96
217402,2026-08-02,26.96,32.6,23.0,84.09,94.2,62.1,0.0,0.0,263.29,1107.0,3.76,19.2,56.56,23.92,29.95,4.6,1785704400,2026-08-02 21:00:00,85
217861,2026-05-06,34.63,37.2,24.2,49.91,92.0,40.3,0.0,0.0,196.95,1023.0,6.11,20.8,206.19,22.84,29.87,1.14,1778108400,2026-05-06 23:00:00,21
217861,2026-05-07,31.14,37.2,25.1,64.25,87.0,42.5,0.0,0.0,235.17,1014.0,1.99,20.7,82.04,23.11,29.9,4.0,1778197500,2026-05-07 23:45:00,75
217861,2026-05-08,29.75,35.5,26.2,69.03,84.0,47.6,0.0,0.0,169.84,962.0,2.92,18.2,226.9,23.26,29.89,2.3,1778258700,2026-05-08 16:45:00,62
217861,2026-05-09,31.68,37.1,25.6,60.17,85.8,39.4,0.0,0.0,290.56,919.0,3.73,18.2,171.18,22.27,29.85,4.87,1778370300,2026-05-09 23:45:00,72
217861,2026-05-10,28.85,35.7,24.2,67.45,88.0,42.8,0.0,0.0,63.48,677.0,2.22,18.0,171.86,21.77,29.87,1.26,1778456700,2026-05-10 23:45:00,71
217861,2026-05-11,30.87,38.2,25.8,61.46,82.3,35.8,0.0,0.0,235.8,947.0,3.23,22.9,169.94,21.89,29.89,4.83,1778535900,2026-05-11 21:45:00,88
217861,2026-05-12,29.34,32.1,27.1,68.46,79.4,56.6,0.0,0.0,0.0,0.0,2.5,19.3,204.57,22.76,29.91,0.03,1778575500,2026-05-12 08:45:00,28
217861,2026-05-13,27.06,29.0,25.3,87.34,90.1,75.5,1.0,0.14,148.0,485.0,10.71,21.3,242.17,24.71,29.94,0.61,1778715900,2026-05-13 23:45:00,18
217861,2026-05-14,26.83,32.7,22.8,83.86,97.1,61.1,2.2,0.05,157.89,1102.0,2.79,17.9,114.0,23.7,29.96,3.05,1778802300,2026-05-14 23:45:00,96
217861,2026-05-15,28.9,35.6,24.2,76.43,94.7,46.0,1.0,0.02,185.18,1004.0,2.15,20.0,126.2,23.83,29.95,3.76,1778885100,2026-05-15 22:45:00,92
217861,2026-05-16,28.54,33.7,24.6,78.84,91.8,60.5,0.0,0.0,214.42,1055.0,3.58,21.1,202.32,24.41,29.9,3.08,1778975100,2026-05-16 23:45:00,65
217861,2026-05-17,27.59,28.5,26.9,83.84,87.0,76.2,0.0,0.0,5.08,37.0,2.17,23.7,241.08,24.55,29.88,0.0,1779058800,2026-05-17 23:00:00,13
217861,2026-05-18,27.72,33.7,24.8,81.12,92.3,52.7,0.2,0.0,177.28,912.0,2.53,23.4,221.07,23.9,29.94,3.11,1779147900,2026-05-18 23:45:00,81
217861,2026-05-19,27.6,33.3,24.7,80.96,89.6,56.7,0.0,0.0,52.19,408.0,1.82,27.2,231.95,23.87,29.92,0.8,1779234300,2026-05-19 23:45:00,75
217861,2026-05-20,28.21,32.3,25.5,81.28,92.2,65.7,0.0,0.0,130.12,738.0,1.96,20.6,178.86,24.6,29.91,2.37,1779320700,2026-05-20 23:45:00,86
217861,2026-05-21,26.82,28.9,25.5,88.41,91.7,79.9,0.0,0.0,0.0,0.0,1.03,14.6,181.0,24.71,29.9,0.0,1779351300,2026-05-21 08:15:00,34
217861,2026-05-22,27.83,30.1,25.8,84.13,92.0,75.4,0.0,0.0,213.05,1204.0,6.32,24.5,181.08,24.87,29.93,1.7,1779493500,2026-05-22 23:45:00,38
217861,2026-05-23,25.25,27.0,24.3,92.81,95.7,85.7,0.0,0.0,55.4,471.0,3.25,22.5,176.24,24.03,29.96,0.48,1779579900,2026-05-23 23:45:00,58
217861,2026-05-24,26.35,33.0,23.4,88.99,97.0,65.7,0.0,0.0,207.09,1055.0,2.07,22.5,149.73,24.24,29.95,3.3,1779666300,2026-05-24 23:45:00,95
217861,2026-05-25,25.92,30.6,22.3,86.66,95.7,70.3,0.0,0.0,123.74,889.0,1.86,18.0,184.92,23.47,29.94,2.3,1779752700,2026-05-25 23:45:00,90
217861,2026-05-26,27.42,33.8,24.7,84.58,96.2,59.7,0.0,0.0,117.34,744.0,2.35,22.1,149.34,24.48,29.93,1.0,1779839100,2026-05-26 23:45:00,41
217861,2026-05-27,26.02,30.0,23.1,89.83,96.2,77.1,0.0,0.0,104.71,944.0,4.33,19.1,216.07,24.19,29.93,1.74,1779925500,2026-05-27 23:45:00,80
217861,2026-05-28,27.01,31.6,24.0,87.67,95.0,70.2,0.0,0.0,138.17,937.0,1.85,18.7,164.45,24.75,29.92,2.32,1780008300,2026-05-28 22:45:00,88
217861,2026-05-29,26.99,33.6,23.7,83.75,94.0,59.7,0.2,0.0,127.79,752.0,2.38,16.4,203.68,23.81,29.89,1.53,1780098300,2026-05-29 23:45:00,62
217861,2026-05-30,27.75,33.7,24.3,83.54,95.4,63.5,0.0,0.0,161.03,1021.0,1.97,17.7,155.71,24.59,29.94,2.92,1780184700,2026-05-30 23:45:00,91
217861,2026-05-31,29.01,32.2,27.2,78.68,89.9,57.5,0.0,0.0,203.65,1025.0,2.31,17.7,129.59,24.83,29.97,1.5,1780271100,2026-05-31 23:45:00,37
217861,2026-06-01,27.87,33.5,24.5,84.08,96.0,62.4,0.0,0.0,200.67,1044.0,2.12,23.4,77.0,24.8,29.96,3.79,1780357500,2026-06-01 23:45:00,91
217861,2026-06-02,25.53,30.9,23.2,90.95,97.1,75.2,0.2,0.01,107.34,1194.0,1.66,23.5,175.47,23.94,29.98,1.17,1780443900,2026-06-02 23:45:00,76
217861,2026-06-03,24.96,27.3,23.4,93.9,95.6,84.5,0.0,0.0,33.62,469.0,2.03,38.1,151.88,23.91,29.97,0.29,1780497900,2026-06-03 14:45:00,60
217861,2026-06-15,28.93,32.4,24.7,79.94,94.9,65.2,0.0,0.0,284.78,960.0,4.59,22.5,151.03,24.92,29.96,1.99,1781567100,2026-06-15 23:45:00,32
217861,2026-06-16,25.66,29.8,22.7,87.81,96.8,69.3,0.0,0.0,191.95,1273.0,3.94,22.9,168.84,23.41,30.01,3.09,1781653500,2026-06-16 23:45:00,81
217861,2026-06-17,29.03,31.7,24.4,75.49,93.7,63.5,0.0,0.0,202.41,621.0,4.32,23.1,156.0,24.11,29.96,1.1,1781739900,2026-06-17 23:45:00,22
217861,2026-06-18,26.84,32.6,23.9,88.25,97.2,68.2,0.0,0.0,192.57,984.0,1.74,19.3,79.69,24.69,30.0,3.37,1781826300,2026-06-18 23:45:00,86
217861,2026-06-19,25.49,30.9,23.2,91.32,97.7,72.7,0.0,0.0,131.93,1148.0,1.94,35.3,138.11,23.93,29.99,2.44,1781912700,2026-06-19 23:45:00,94
217861,2026-06-20,29.31,34.1,23.2,78.32,97.7,56.9,0.0,0.0,299.69,1004.0,1.76,15.0,146.0,24.86,29.93,3.25,1781999100,2026-06-20 23:45:00,51
217861,2026-06-21,28.2,34.1,24.4,82.07,94.9,58.7,0.0,0.01,207.03,1000.0,1.83,13.7,201.44,24.64,29.92,3.95,1782085500,2026-06-21 23:45:00,96
217861,2026-06-22,27.93,33.2,24.8,84.98,96.0,62.5,0.0,0.0,94.81,1014.0,1.09,17.5,112.41,25.04,29.97,1.03,1782171900,2026-06-22 23:45:00,75
217861,2026-06-23,30.06,34.6,24.0,72.35,93.8,49.0,0.0,0.0,324.07,963.0,2.96,17.0,183.87,24.19,29.95,4.35,1782258300,2026-06-23 23:45:00,71
217861,2026-06-24,28.05,33.9,24.2,77.24,89.8,58.6,0.0,0.0,187.95,1021.0,3.36,19.9,224.07,23.46,29.93,3.27,1782344700,2026-06-24 23:45:00,91
217861,2026-06-25,27.57,32.3,22.9,81.99,97.0,64.0,0.0,0.0,229.75,1165.0,2.72,25.7,170.53,24.11,29.97,3.17,1782428400,2026-06-25 23:00:00,64
217861,2026-06-26,27.19,33.8,23.4,83.41,95.8,53.6,0.0,0.0,121.8,752.0,0.87,8.2,166.48,23.77,29.97,1.42,1782517500,2026-06-26 23:45:00,60
217861,2026-06-27,27.65,33.3,22.9,82.04,95.7,57.2,0.0,0.0,179.23,990.0,2.26,14.8,198.39,24.09,29.96,3.51,1782603900,2026-06-27 23:45:00,96
217861,2026-06-28,25.8,27.9,24.2,92.63,96.8,85.3,0.0,0.0,36.31,380.0,1.35,19.6,177.2,24.52,29.96,0.49,1782690300,2026-06-28 23:45:00,81
217861,2026-06-29,27.76,32.6,23.1,83.76,97.4,67.0,0.0,0.0,196.44,1079.0,1.46,16.1,169.75,24.59,29.93,3.21,1782776700,2026-06-29 23:45:00,80
217861,2026-06-30,26.15,29.1,24.8,90.39,94.4,80.1,0.0,0.0,44.07,462.0,2.68,15.3,191.24,24.43,29.9,0.6,1782863100,2026-06-30 23:45:00,72
217861,2026-07-01,25.76,31.1,22.9,91.33,97.5,73.8,0.0,0.0,111.09,1058.0,1.21,19.7,76.1,24.21,29.9,2.08,1782949500,2026-07-01 23:45:00,93
217861,2026-07-02,26.54,32.2,23.6,89.03,96.7,70.2,0.2,0.0,149.64,1005.0,1.98,25.1,124.69,24.51,29.92,2.31,1783035900,2026-07-02 23:45:00,85
217861,2026-07-03,25.69,29.2,23.0,91.02,97.8,76.9,0.0,0.0,140.7,561.0,1.42,15.1,147.32,24.08,29.97,2.04,1783122300,2026-07-03 23:45:00,77
217861,2026-07-04,26.51,30.2,23.4,89.25,97.1,76.1,0.0,0.0,164.74,800.0,1.37,18.5,112.06,24.59,29.97,2.53,1783208700,2026-07-04 23:45:00,78
217861,2026-07-05,26.85,31.7,24.2,90.84,97.4,71.9,0.0,0.0,131.51,1013.0,0.71,10.5,42.3,25.23,29.97,1.19,1783291500,2026-07-05 22:45:00,53
217861,2026-07-06,26.65,31.1,24.4,89.17,95.7,76.8,0.0,0.0,135.69,1106.0,1.81,19.7,87.14,24.69,29.98,2.5,1783381500,2026-07-06 23:45:00,94
217861,2026-07-07,26.69,30.6,24.5,90.19,97.9,74.4,0.0,0.0,147.91,940.0,1.94,20.0,72.67,24.87,30.0,2.26,1783467900,2026-07-07 23:45:00,85
217861,2026-07-08,25.85,28.6,24.1,94.13,97.8,84.0,0.2,0.01,83.9,568.0,1.71,17.8,100.63,24.81,29.97,0.87,1783548900,2026-07-08 22:15:00,59
217861,2026-07-09,25.71,28.2,24.0,92.32,97.3,82.8,0.8,0.02,116.86,577.0,3.13,20.9,113.28,24.32,29.96,1.95,1783640700,2026-07-09 23:45:00,87
217861,2026-07-10,26.43,31.4,23.6,90.25,97.7,72.1,2.6,0.07,171.4,993.0,2.02,16.9,138.15,24.63,29.95,3.42,1783727100,2026-07-10 23:45:00,96
217861,2026-07-11,27.42,32.6,23.5,84.11,96.7,66.0,5.0,0.29,209.28,740.0,1.74,10.1,123.58,24.36,29.94,2.95,1783811700,2026-07-11 23:15:00,76
217861,2026-07-12,27.58,32.7,23.9,84.8,96.7,65.0,0.8,0.02,205.05,1042.0,1.05,14.5,101.95,24.65,29.96,3.49,1783899900,2026-07-12 23:45:00,84
217861,2026-07-13,28.89,32.1,23.3,80.8,95.3,66.1,1.0,0.03,317.09,1190.0,2.17,21.0,73.79,25.12,29.98,3.75,1783986300,2026-07-13 23:45:00,58
217861,2026-07-14,28.07,33.9,23.9,84.31,97.3,63.5,1.4,0.03,213.06,1021.0,1.1,16.5,59.58,25.0,29.97,4.15,1784072700,2026-07-14 23:45:00,96
217861,2026-07-15,27.35,33.8,24.2,87.37,96.9,60.7,1.4,0.04,81.72,657.0,0.33,11.3,32.11,24.91,29.95,1.06,1784159100,2026-07-15 23:45:00,71
217861,2026-07-16,30.18,33.7,25.0,76.39,94.9,61.6,0.2,0.01,311.65,1099.0,2.01,16.9,80.8,25.34,29.96,3.84,1784245500,2026-07-16 23:45:00,60
217861,2026-07-17,28.18,34.3,24.1,83.37,96.3,60.4,0.0,0.0,239.39,1092.0,1.35,17.3,23.17,24.97,29.98,2.21,1784309400,2026-07-17 17:30:00,52
217861,2026-07-20,26.4,26.8,25.6,92.19,94.7,89.0,13.4,2.67,90.0,236.0,2.19,14.0,278.31,25.01,29.89,0.38,1784591100,2026-07-20 23:45:00,16
217861,2026-07-21,27.74,32.8,24.1,85.73,97.3,65.6,18.8,0.92,206.76,1055.0,1.49,13.1,109.52,24.97,29.91,3.68,1784677500,2026-07-21 23:45:00,85
217861,2026-07-22,26.46,31.6,23.5,88.97,96.9,66.8,1.2,0.03,119.69,895.0,1.12,16.0,119.42,24.42,29.89,1.71,1784763900,2026-07-22 23:45:00,80
217861,2026-07-23,26.57,30.3,22.5,90.09,97.3,75.5,1.0,0.03,159.24,868.0,1.67,17.5,144.28,24.81,29.93,2.4,1784850300,2026-07-23 23:45:00,79
217861,2026-07-24,27.62,32.4,23.9,87.16,96.0,70.4,0.4,0.01,189.06,1088.0,1.49,16.7,121.13,25.18,29.93,2.59,1784936700,2026-07-24 23:45:00,67
217861,2026-07-25,25.98,30.7,23.9,92.1,95.9,74.9,0.4,0.01,47.51,589.0,1.4,12.9,177.15,24.61,29.95,0.33,1785023100,2026-07-25 23:45:00,65
217861,2026-07-26,25.06,31.6,22.0,93.14,97.4,72.7,0.0,0.0,98.06,1049.0,2.09,39.1,111.48,23.82,29.99,1.64,1785109500,2026-07-26 23:45:00,82
217861,2026-07-27,29.89,33.4,21.8,74.16,96.7,62.5,0.2,0.01,445.65,900.0,2.62,17.7,138.63,24.7,29.95,4.58,1785195900,2026-07-27 23:45:00,46
217861,2026-07-28,28.15,33.8,23.3,83.81,96.3,62.1,0.2,0.0,212.79,1081.0,1.04,13.2,61.09,24.95,29.93,3.8,1785282300,2026-07-28 23:45:00,85
217861,2026-07-29,26.57,29.8,23.2,90.84,95.7,77.1,0.0,0.0,109.35,882.0,1.26,14.9,145.19,24.91,29.92,1.14,1785368700,2026-07-29 23:45:00,57
217861,2026-07-30,29.27,34.2,25.1,81.62,96.3,60.2,0.0,0.0,274.03,970.0,1.33,12.0,86.14,25.58,29.93,3.75,1785455100,2026-07-30 23:45:00,59
217861,2026-07-31,25.34,30.7,23.3,91.93,96.8,73.6,0.6,0.01,95.14,689.0,2.59,20.9,149.8,23.93,29.96,1.56,1785541500,2026-07-31 23:45:00,84
217861,2026-08-01,26.6,32.5,22.6,86.89,97.9,66.2,2.8,0.06,230.34,1041.0,1.86,16.5,86.59,24.09,29.95,4.5,1785627900,2026-08-01 23:45:00,94
217861,2026-08-02,28.15,33.9,23.5,84.32,97.6,57.8,1.6,0.04,250.8,967.0,1.42,15.4,78.0,25.02,29.94,4.19,1785708000,2026-08-02 22:00:00,84
218046,2026-05-05,33.7,35.4,29.8,54.66,71.8,44.1,0.0,0.0,177.89,381.0,6.01,26.3,117.11,22.67,30.04,0.4,1778019300,2026-05-05 22:15:00,9
218046,2026-05-06,27.24,35.5,22.5,75.78,91.8,46.0,0.0,0.0,115.0,891.0,3.61,27.1,72.02,22.01,30.13,1.39,1778111100,2026-05-06 23:45:00,67
218046,2026-05-07,27.86,36.1,23.4,77.01,93.7,43.8,0.0,0.0,215.5,954.0,3.68,23.3,82.48,22.91,30.12,3.7,1778185800,2026-05-07 20:30:00,79
218046,2026-05-08,25.89,31.7,24.1,84.39,91.7,63.6,0.0,0.0,148.95,842.0,7.08,27.4,40.46,23.03,30.12,1.42,1778257800,2026-05-08 16:30:00,61
218046,2026-05-09,30.64,33.6,25.7,61.21,75.8,52.5,0.0,0.0,391.89,838.0,9.01,28.3,58.3,22.08,30.02,2.97,1778370300,2026-05-09 23:45:00,27
218046,2026-05-10,27.11,33.7,23.6,75.95,91.5,49.0,0.0,0.0,141.84,891.0,7.58,29.8,55.3,22.32,30.1,2.4,1778456700,2026-05-10 23:45:00,79
218046,2026-05-11,26.05,33.1,23.6,82.65,92.4,56.5,0.0,0.0,91.83,909.0,6.11,30.6,49.98,22.74,30.12,1.31,1778543100,2026-05-11 23:45:00,80
218046,2026-05-12,28.39,31.7,24.3,74.05,93.1,62.1,0.0,0.0,208.62,758.0,4.5,24.1,135.08,23.26,30.15,1.99,1778625000,2026-05-12 22:30:00,50
218046,2026-05-13,24.36,32.3,23.7,87.75,93.3,65.6,0.0,0.0,6.71,454.0,0.61,24.1,27.0,22.12,30.14,0.05,1778715900,2026-05-13 23:45:00,16
218046,2026-05-14,30.9,31.0,30.8,62.5,62.5,62.5,0.0,0.0,,,3.42,11.5,135.5,,30.13,,1778802300,2026-05-14 23:45:00,76
218046,2026-05-15,32.06,35.8,27.1,58.3,79.2,41.8,0.0,0.0,318.9,930.0,5.83,28.2,110.45,22.56,30.14,3.53,1778886900,2026-05-15 23:15:00,94
218046,2026-05-16,26.9,34.2,23.7,80.79,92.7,57.2,0.6,0.29,176.47,854.0,4.04,27.4,82.68,23.15,30.12,1.99,1778975100,2026-05-16 23:45:00,76
218046,2026-05-17,24.41,28.8,22.3,89.89,96.1,74.6,1.2,0.24,84.25,513.0,1.96,22.3,87.14,22.62,30.15,1.17,1779061500,2026-05-17 23:45:00,75
218046,2026-05-18,26.26,31.8,23.4,82.53,94.1,61.9,0.0,0.0,132.53,1053.0,3.86,27.6,54.78,22.91,30.14,2.66,1779147900,2026-05-18 23:45:00,96
218046,2026-05-19,26.07,31.1,23.2,81.5,93.8,60.3,0.0,0.0,104.74,745.0,4.69,24.1,76.81,22.51,30.14,2.18,1779234300,2026-05-19 23:45:00,96
218046,2026-05-20,25.3,30.2,23.3,86.52,94.9,66.6,0.0,0.0,52.08,526.0,3.14,19.3,63.59,22.81,30.13,0.83,1779320700,2026-05-20 23:45:00,79
218046,2026-05-21,24.91,27.6,24.1,90.05,94.6,80.2,2.0,0.64,20.86,267.0,1.26,11.9,31.69,23.14,30.11,0.28,1779407100,2026-05-21 23:45:00,95
218046,2026-05-22,26.51,33.3,23.7,84.93,95.4,58.7,0.0,0.0,131.03,991.0,2.44,17.8,80.54,23.58,30.13,2.54,1779493500,2026-05-22 23:45:00,96
218046,2026-05-23,24.29,26.4,23.3,92.67,95.9,85.0,2.6,0.58,44.94,262.0,1.12,15.2,49.1,23.03,30.16,0.65,1779569100,2026-05-23 20:45:00,84
218046,2026-05-24,25.97,34.1,21.2,83.73,97.4,56.0,1.0,0.17,176.26,963.0,1.86,20.0,58.12,22.77,30.13,3.92,1779666300,2026-05-24 23:45:00,89
218046,2026-05-25,24.4,27.6,21.8,90.1,95.4,78.0,4.2,0.69,92.91,513.0,1.2,17.7,106.9,22.67,30.13,1.63,1779752700,2026-05-25 23:45:00,96
218046,2026-05-26,25.2,32.4,23.3,89.24,97.0,61.3,6.2,1.08,85.3,963.0,1.65,25.7,43.13,23.15,30.14,1.37,1779839100,2026-05-26 23:45:00,79
218046,2026-05-27,25.7,29.6,23.6,86.51,96.5,72.2,14.4,2.43,66.16,432.0,4.04,22.5,89.79,23.13,30.13,1.35,1779925500,2026-05-27 23:45:00,96
218046,2026-05-28,26.11,30.4,23.1,84.31,94.0,70.4,0.0,0.0,150.33,849.0,3.48,20.9,92.53,23.19,30.12,2.82,1780011900,2026-05-28 23:45:00,96
218046,2026-05-29,26.61,33.3,23.1,81.83,94.2,57.5,0.0,0.0,202.58,895.0,3.66,21.4,82.85,23.06,30.11,3.56,1780087500,2026-05-29 20:45:00,84
218046,2026-05-30,27.25,33.3,22.9,79.71,93.6,59.6,0.0,0.0,171.22,928.0,2.71,20.9,86.39,23.28,30.15,3.11,1780184700,2026-05-30 23:45:00,87
218046,2026-05-31,25.47,31.7,21.6,80.1,92.7,54.0,5.8,2.13,114.07,798.0,2.97,22.7,150.78,21.51,30.19,2.61,1780271100,2026-05-31 23:45:00,96
218046,2026-06-01,26.45,32.2,22.8,80.12,92.2,63.6,0.6,0.28,126.13,947.0,2.1,29.0,85.15,22.54,30.15,2.53,1780357500,2026-06-01 23:45:00,96
218046,2026-06-02,24.5,29.7,22.3,89.99,95.8,72.8,29.0,7.13,62.01,520.0,1.83,24.9,94.42,22.61,30.15,1.36,1780443900,2026-06-02 23:45:00,96
218046,2026-06-03,24.91,28.1,22.7,90.09,96.6,79.4,8.0,0.97,107.67,1028.0,1.1,13.4,101.04,23.17,30.15,1.99,1780530300,2026-06-03 23:45:00,96
218046,2026-06-04,25.14,28.2,22.8,88.72,96.0,76.6,0.2,0.0,109.83,744.0,0.63,17.1,85.94,23.13,30.09,1.92,1780616700,2026-06-04 23:45:00,95
218046,2026-06-05,24.68,27.0,22.9,90.12,96.1,81.1,2.2,0.1,97.73,868.0,0.78,12.9,117.7,22.94,30.02,1.75,1780703100,2026-06-05 23:45:00,96
218046,2026-06-06,25.18,30.5,22.4,87.66,96.1,69.2,2.8,0.93,143.54,909.0,0.94,21.2,68.25,22.92,29.99,2.34,1780785900,2026-06-06 22:45:00,92
218046,2026-06-07,23.89,26.2,21.6,91.36,96.7,84.1,1.6,0.15,60.17,313.0,0.55,14.5,51.84,22.42,29.99,1.02,1780875900,2026-06-07 23:45:00,95
218046,2026-06-08,24.72,28.9,22.5,91.7,97.5,78.6,6.4,1.14,98.41,849.0,1.75,20.0,90.15,23.26,30.03,1.63,1780962300,2026-06-08 23:45:00,94
218046,2026-06-09,25.05,31.9,23.1,88.95,95.2,65.1,0.0,0.0,108.96,802.0,2.93,18.8,41.37,23.02,30.05,1.87,1781048700,2026-06-09 23:45:00,96
218046,2026-06-10,24.05,30.7,21.7,87.68,92.7,70.3,0.0,0.0,104.4,979.0,2.97,23.5,46.73,21.86,30.02,1.12,1781135100,2026-06-10 23:45:00,77
218046,2026-06-11,24.9,30.0,22.9,90.88,95.7,77.0,5.8,0.91,120.33,893.0,1.93,19.3,85.91,23.29,29.98,1.98,1781221500,2026-06-11 23:45:00,96
218046,2026-06-12,26.45,32.2,22.9,86.06,97.3,65.2,0.0,0.0,198.63,1016.0,1.6,18.7,107.82,23.78,29.99,3.56,1781307900,2026-06-12 23:45:00,93
218046,2026-06-13,25.02,27.2,23.8,91.92,95.1,82.0,0.0,0.0,30.08,376.0,1.28,9.4,37.84,23.63,30.0,0.3,1781392500,2026-06-13 23:15:00,85
218046,2026-06-14,23.63,25.3,22.8,,,,0.0,0.0,,,5.21,20.4,71.07,,30.0,,1781480700,2026-06-14 23:45:00,88
218046,2026-06-15,24.57,25.1,24.2,92.95,95.7,84.7,0.0,0.0,,,7.18,25.0,34.91,23.5,30.02,,1781567100,2026-06-15 23:45:00,96
218046,2026-06-16,,,,,,,0.0,0.0,,,2.8,4.9,94.0,,30.05,,1781653500,2026-06-16 23:45:00,79
218046,2026-06-17,,,,,,,0.0,,,,,,,,30.04,,1781739900,2026-06-17 23:45:00,96
218046,2026-06-18,23.98,26.3,23.0,92.95,94.9,84.4,0.2,0.0,5.78,77.0,3.52,18.3,51.19,22.7,30.05,0.13,1781826300,2026-06-18 23:45:00,96
218046,2026-06-19,24.06,29.9,22.8,93.34,96.7,77.4,4.8,0.45,96.38,1079.0,0.83,16.1,60.74,22.95,30.03,1.22,1781912700,2026-06-19 23:45:00,96
218046,2026-06-20,25.52,31.8,23.4,88.32,96.5,62.9,1.2,0.16,103.79,933.0,2.42,27.4,59.21,23.36,30.0,1.93,1781999100,2026-06-20 23:45:00,96
218046,2026-06-21,23.45,25.3,22.8,94.16,96.1,89.8,0.0,0.0,11.02,135.0,1.79,23.8,27.89,22.47,29.97,0.11,1782085500,2026-06-21 23:45:00,96
218046,2026-06-22,25.47,29.5,22.4,87.91,96.6,74.7,4.6,1.35,102.89,858.0,2.5,27.4,46.75,23.32,30.01,1.67,1782171900,2026-06-22 23:45:00,96
218046,2026-06-23,23.89,25.4,23.1,91.96,93.7,85.5,0.0,0.0,23.46,345.0,6.3,22.5,41.13,22.49,30.01,0.31,1782258300,2026-06-23 23:45:00,96
218046,2026-06-24,24.87,29.1,22.0,85.56,93.2,74.9,0.4,0.03,124.75,591.0,5.66,29.0,69.72,22.25,29.99,2.43,1782344700,2026-06-24 23:45:00,96
218046,2026-06-25,25.29,31.3,22.3,88.06,97.0,66.8,2.6,0.55,95.87,784.0,1.23,17.7,85.14,23.02,30.0,2.12,1782431100,2026-06-25 23:45:00,96
218046,2026-06-26,26.62,32.6,22.8,81.64,95.4,57.7,0.0,0.0,127.59,949.0,3.21,24.4,74.53,22.9,30.03,2.35,1782517500,2026-06-26 23:45:00,96
218046,2026-06-27,25.92,32.2,22.3,83.15,93.8,58.4,0.2,0.0,111.45,942.0,3.46,222.8,54.76,22.62,30.01,2.13,1782603900,2026-06-27 23:45:00,96
218046,2026-06-28,25.17,28.4,23.3,88.92,95.0,76.3,0.6,0.04,89.13,647.0,2.04,19.7,101.27,23.2,29.99,1.62,1782690300,2026-06-28 23:45:00,96
218046,2026-06-29,25.37,33.1,21.4,85.73,96.9,58.9,0.0,0.0,158.09,858.0,1.0,16.3,52.61,22.4,29.97,3.1,1782776700,2026-06-29 23:45:00,96
218046,2026-06-30,26.36,29.2,24.0,86.02,95.6,78.0,0.0,0.0,97.79,367.0,2.56,16.1,85.95,24.08,29.95,0.67,1782863100,2026-06-30 23:45:00,96
218046,2026-07-01,25.59,29.2,23.8,87.5,96.6,77.9,0.0,0.0,113.67,234.0,0.51,6.8,54.93,24.12,29.94,0.18,1782949500,2026-07-01 23:45:00,96
218046,2026-07-02,26.25,30.9,24.7,86.8,92.9,71.1,6.2,17.6,40.25,100.0,6.83,26.2,48.0,23.5,29.96,0.11,1783035900,2026-07-02 23:45:00,96
218046,2026-07-03,23.84,26.3,22.8,95.38,97.3,86.7,24.2,4.29,51.82,371.0,1.91,16.4,99.52,23.08,30.0,0.74,1783122300,2026-07-03 23:45:00,96
218046,2026-07-04,,,,,,,0.0,0.0,,,6.6,9.4,61.0,,30.01,,1783208700,2026-07-04 23:45:00,96
218046,2026-07-05,25.32,25.5,25.2,87.42,88.0,86.7,0.0,0.0,0.0,0.0,8.12,19.3,50.5,23.12,30.01,0.0,1783295100,2026-07-05 23:45:00,96
218046,2026-07-06,28.4,31.4,24.2,80.48,94.5,71.8,0.6,1.07,262.29,895.0,2.14,22.8,150.62,24.79,30.01,1.65,1783381500,2026-07-06 23:45:00,96
218046,2026-07-07,,,,,,,0.0,,,,,,,,30.02,,1783467900,2026-07-07 23:45:00,96
218046,2026-07-08,,,,,,,0.0,,,,,,,,30.0,,1783554300,2026-07-08 23:45:00,96
218046,2026-07-09,,,,,,,0.0,,,,,,,,30.0,,1783640700,2026-07-09 23:45:00,96
218046,2026-07-10,25.5,26.4,24.7,87.83,89.3,85.6,0.0,0.0,27.67,114.0,7.77,28.0,54.56,23.27,30.0,0.11,1783727100,2026-07-10 23:45:00,96
218046,2026-07-11,25.36,27.8,24.4,90.84,95.3,85.6,1.6,1.98,127.8,561.0,8.99,23.6,58.45,23.52,29.99,0.51,1783813500,2026-07-11 23:45:00,96
218046,2026-07-12,27.44,28.3,26.5,83.04,87.2,78.2,0.0,0.0,394.25,527.0,2.54,11.8,55.56,24.48,30.01,0.91,1783899900,2026-07-12 23:45:00,96
218046,2026-07-13,28.02,30.9,23.8,81.47,94.5,71.3,0.0,0.0,241.65,659.0,3.61,23.9,136.0,24.3,30.03,0.93,1783986300,2026-07-13 23:45:00,96
218046,2026-07-14,25.87,32.2,22.9,87.68,95.8,67.5,1.0,0.5,200.02,949.0,3.01,35.1,50.02,23.58,30.02,3.41,1784072700,2026-07-14 23:45:00,96
218046,2026-07-15,25.88,30.2,23.4,89.21,96.9,72.1,0.0,0.0,162.54,951.0,3.08,19.1,60.84,23.93,30.0,2.45,1784159100,2026-07-15 23:45:00,96
218046,2026-07-16,25.64,29.5,23.7,90.44,95.4,81.9,6.0,1.32,197.84,1107.0,4.26,21.2,47.56,23.99,30.0,2.9,1784245500,2026-07-16 23:45:00,96
218046,2026-07-17,27.07,29.9,24.0,83.66,94.3,73.2,0.0,0.0,616.0,877.0,6.05,14.2,48.14,24.51,30.0,1.07,1784331900,2026-07-17 23:45:00,96
218046,2026-07-18,26.77,29.6,24.9,87.18,94.1,78.6,4.0,1.6,261.87,882.0,9.45,35.4,59.6,24.29,29.98,1.86,1784418300,2026-07-18 23:45:00,96
218046,2026-07-19,24.97,28.3,23.6,91.14,94.4,82.8,0.0,0.0,125.91,552.0,7.12,22.7,50.09,23.33,29.95,1.1,1784504700,2026-07-19 23:45:00,96
218046,2026-07-20,24.67,25.0,24.1,93.2,93.6,93.2,0.0,0.0,0.0,0.0,3.24,11.6,67.38,,29.96,0.0,1784591100,2026-07-20 23:45:00,96
218046,2026-07-21,,,,,,,0.0,,,,,,,,29.96,,1784677500,2026-07-21 23:45:00,96
218046,2026-07-22,31.02,31.7,29.9,70.75,74.2,67.8,0.0,0.0,457.3,719.0,1.51,11.6,147.5,25.2,29.92,1.29,1784763900,2026-07-22 23:45:00,96
218046,2026-07-23,25.98,27.8,22.1,87.32,97.5,82.4,0.8,0.54,49.7,156.0,0.54,9.0,54.29,24.15,29.97,0.1,1784850300,2026-07-23 23:45:00,96
218046,2026-07-24,24.29,27.8,23.7,94.39,96.0,84.9,0.0,0.0,24.45,288.0,2.07,17.7,55.89,23.39,29.99,0.31,1784936700,2026-07-24 23:45:00,96
218046,2026-07-25,27.4,27.4,27.4,88.1,88.5,88.1,0.0,0.0,323.0,323.0,7.28,19.3,61.25,25.2,30.01,0.23,1785023100,2026-07-25 23:45:00,96
218046,2026-07-26,,,,,,,0.0,,,,,,,,30.02,,1785109500,2026-07-26 23:45:00,96
218046,2026-07-27,30.9,31.1,30.9,68.4,68.6,68.2,0.0,0.0,,,1.75,7.2,152.0,24.3,30.0,,1785195900,2026-07-27 23:45:00,96
218046,2026-07-28,,,,,,,0.0,,,,,,,,29.98,,1785282300,2026-07-28 23:45:00,96
218046,2026-07-29,29.19,30.8,27.8,80.81,85.8,74.4,0.0,0.0,441.0,1034.0,2.64,14.5,188.18,25.71,29.98,1.86,1785368700,2026-07-29 23:45:00,96
218046,2026-07-30,,,,,,,0.0,,,,,,,,29.99,,1785455100,2026-07-30 23:45:00,96
218046,2026-07-31,,,,,,,0.0,,,,,,,,30.0,,1785541500,2026-07-31 23:45:00,96
218046,2026-08-01,,,,,,,0.0,,,,,,,,29.98,,1785627900,2026-08-01 23:45:00,96
218046,2026-08-02,24.97,25.2,24.7,92.65,94.2,91.4,0.0,0.0,0.0,0.0,0.63,8.0,8.83,23.65,29.98,0.0,1785708000,2026-08-02 22:00:00,89
220773,2026-06-07,27.7,31.2,24.2,82.13,94.6,67.6,33.2,15.51,350.44,1083.0,3.85,26.4,130.75,24.27,29.97,2.34,1780875900,2026-06-07 23:45:00,32
220773,2026-06-08,25.85,30.7,23.2,87.15,95.1,68.0,12.4,1.79,145.08,958.0,3.11,25.7,95.52,23.49,30.05,2.8,1780962300,2026-06-08 23:45:00,96
220773,2026-06-09,27.19,32.1,23.1,80.28,93.7,57.1,0.0,0.0,234.16,1034.0,2.68,21.6,99.05,23.34,30.06,4.64,1781048700,2026-06-09 23:45:00,96
220773,2026-06-10,27.26,32.0,22.6,77.74,90.4,61.7,0.0,0.0,200.01,1199.0,3.01,17.7,95.65,22.93,30.01,3.79,1781133300,2026-06-10 23:15:00,93
220773,2026-06-11,26.06,30.6,23.5,88.26,95.4,75.8,2.6,0.43,182.01,1074.0,3.11,22.5,107.08,23.93,29.99,2.82,1781221500,2026-06-11 23:45:00,80
220773,2026-06-12,25.82,31.1,23.9,89.43,95.1,71.7,0.0,0.0,149.41,1137.0,3.18,22.7,105.94,23.94,30.03,2.13,1781292600,2026-06-12 19:30:00,79
220773,2026-07-10,30.86,32.3,27.4,68.28,79.9,60.8,0.0,0.0,335.42,923.0,3.87,19.3,108.44,24.2,29.95,2.25,1783727100,2026-07-10 23:45:00,25
220773,2026-07-11,25.72,30.9,23.1,85.05,93.8,70.0,0.4,0.12,160.42,997.0,3.03,18.3,89.68,22.98,30.0,2.4,1783793700,2026-07-11 18:15:00,71
220773,2026-07-12,25.75,31.3,23.3,85.85,93.8,68.0,0.0,0.0,192.27,889.0,2.52,19.6,85.42,23.16,30.03,2.87,1783879200,2026-07-12 18:00:00,73
220773,2026-07-14,30.5,32.5,27.4,72.38,83.4,61.9,0.0,0.0,494.92,1023.0,3.78,21.2,127.62,24.87,30.0,1.4,1784072700,2026-07-14 23:45:00,13
220773,2026-07-15,26.74,32.8,22.9,83.67,94.8,61.0,0.0,0.0,233.82,1083.0,2.58,21.5,84.16,23.62,30.03,4.06,1784159100,2026-07-15 23:45:00,83
220773,2026-07-16,27.13,32.9,22.9,80.32,93.4,60.6,0.0,0.0,246.38,1121.0,3.16,24.1,108.78,23.28,30.02,4.5,1784241000,2026-07-16 22:30:00,90
220773,2026-07-17,25.99,31.2,23.0,86.21,94.5,66.6,0.0,0.0,165.27,1162.0,3.04,22.3,102.28,23.47,30.03,1.85,1784331900,2026-07-17 23:45:00,64
220773,2026-07-18,25.31,30.7,23.5,90.63,95.9,72.7,29.8,3.53,137.36,1034.0,3.69,25.9,94.33,23.63,29.99,2.55,1784418300,2026-07-18 23:45:00,95
220773,2026-07-19,26.93,32.5,23.6,84.13,94.4,66.3,0.0,0.0,221.51,1046.0,3.29,19.4,100.93,23.92,29.95,4.33,1784504700,2026-07-19 23:45:00,96
220773,2026-07-20,26.08,30.2,23.6,87.34,94.3,73.9,0.0,0.0,142.91,700.0,2.13,17.7,106.58,23.79,29.97,2.55,1784588400,2026-07-20 23:00:00,89
220773,2026-07-21,26.88,31.8,23.0,82.62,94.9,62.3,0.0,0.0,219.7,939.0,2.34,21.7,90.88,23.55,29.97,4.02,1784677500,2026-07-21 23:45:00,90
220773,2026-07-22,26.0,31.9,21.9,83.51,94.8,64.7,17.4,5.19,233.24,1183.0,2.34,24.0,90.57,22.84,29.95,4.46,1784758500,2026-07-22 22:15:00,89
220773,2026-07-23,27.18,32.7,22.7,82.74,94.9,60.9,0.0,0.0,290.6,1113.0,2.84,26.0,102.24,23.83,29.98,4.86,1784850300,2026-07-23 23:45:00,82
220773,2026-07-24,27.61,33.3,22.9,79.91,94.1,58.1,0.0,0.0,238.05,1051.0,2.54,18.4,90.57,23.59,29.99,4.74,1784936700,2026-07-24 23:45:00,96
220773,2026-07-25,26.28,32.5,23.3,84.59,94.9,65.3,11.6,1.26,158.2,1065.0,2.87,24.1,95.6,23.39,30.02,3.11,1785023100,2026-07-25 23:45:00,94
220773,2026-07-26,25.34,32.2,22.7,89.22,95.7,65.3,0.4,0.01,170.53,1158.0,3.2,28.8,134.16,23.37,30.03,3.36,1785109500,2026-07-26 23:45:00,96
220773,2026-07-27,25.08,32.3,22.4,89.25,96.5,66.3,0.0,0.0,221.03,1102.0,1.63,16.4,183.45,23.14,30.04,3.22,1785195900,2026-07-27 23:45:00,76
220773,2026-07-28,26.53,32.6,23.2,84.92,94.4,63.4,0.0,0.0,197.99,1051.0,1.97,16.0,97.6,23.76,30.01,2.83,1785262500,2026-07-28 18:15:00,68
220773,2026-07-29,26.5,31.6,23.9,87.42,95.2,70.4,0.0,0.0,151.69,1129.0,2.66,20.9,97.51,24.19,30.01,2.01,1785368700,2026-07-29 23:45:00,74
220773,2026-07-30,25.87,32.7,23.2,87.25,94.8,64.4,1.8,0.46,178.51,1139.0,2.91,23.6,95.5,23.56,30.02,2.33,1785455100,2026-07-30 23:45:00,72
220773,2026-07-31,25.52,31.1,22.9,87.58,94.7,71.0,0.0,0.0,135.75,1076.0,2.5,19.6,97.84,23.3,30.02,2.14,1785541500,2026-07-31 23:45:00,76
220773,2026-08-01,27.13,33.4,22.7,84.58,96.8,58.8,0.2,0.0,216.25,1125.0,1.62,19.8,137.96,24.08,30.01,4.19,1785627900,2026-08-01 23:45:00,96
220773,2026-08-02,27.4,33.2,22.7,79.96,94.1,56.2,0.0,0.0,234.99,1034.0,2.41,20.9,98.67,23.26,29.99,3.89,1785708000,2026-08-02 22:00:00,88
235225,2026-05-25,25.23,27.3,22.3,84.13,92.1,72.1,4.0,0.5,111.45,555.0,1.77,14.1,226.98,22.34,29.98,2.07,1779752700,2026-05-25 23:45:00,95
235225,2026-05-26,27.22,32.4,24.3,80.1,92.1,57.8,0.0,0.0,179.99,1085.0,2.76,23.6,181.53,23.3,29.97,3.64,1779839100,2026-05-26 23:45:00,96
235225,2026-05-27,26.21,30.6,22.5,82.99,92.9,66.1,1.4,0.17,139.58,717.0,1.95,16.2,216.52,23.04,29.97,2.66,1779925500,2026-05-27 23:45:00,96
235225,2026-05-28,26.14,29.3,23.8,82.07,90.6,70.0,0.4,0.03,97.73,506.0,3.46,16.3,280.31,22.82,29.95,1.91,1780011900,2026-05-28 23:45:00,96
235225,2026-05-29,27.14,33.1,23.5,76.95,88.4,57.1,0.0,0.0,130.39,853.0,3.65,17.7,249.8,22.62,29.94,2.63,1780098300,2026-05-29 23:45:00,96
235225,2026-05-30,27.82,32.6,23.8,77.55,89.2,60.2,0.0,0.0,163.77,1004.0,2.76,15.5,234.96,23.43,29.97,3.2,1780184700,2026-05-30 23:45:00,96
235225,2026-05-31,25.79,30.9,21.5,82.07,93.3,63.4,41.0,3.56,162.43,933.0,2.27,28.0,223.0,22.36,30.03,3.18,1780271100,2026-05-31 23:45:00,96
235225,2026-06-01,27.16,34.0,23.0,79.68,90.9,56.5,8.0,1.36,208.35,1106.0,1.92,15.0,179.39,23.17,29.99,4.11,1780357500,2026-06-01 23:45:00,96
235225,2026-06-02,25.83,31.2,23.2,86.5,93.6,65.8,9.2,1.7,150.15,1227.0,2.01,20.1,203.31,23.36,29.99,2.84,1780443900,2026-06-02 23:45:00,96
235225,2026-06-03,24.76,26.9,23.2,90.65,94.1,81.2,20.4,2.7,75.2,613.0,1.76,18.7,200.23,23.13,29.99,1.39,1780530300,2026-06-03 23:45:00,96
235225,2026-06-04,24.37,26.9,22.7,89.96,94.2,78.7,21.2,1.72,79.24,513.0,1.56,17.7,212.41,22.62,30.01,1.39,1780616700,2026-06-04 23:45:00,96
235225,2026-06-05,24.92,29.6,22.4,88.82,94.9,71.3,61.4,5.59,115.46,733.0,1.69,10.7,164.44,22.92,30.02,2.13,1780703100,2026-06-05 23:45:00,96
235225,2026-06-06,26.52,31.6,23.2,82.77,94.8,62.9,0.0,0.0,179.88,1106.0,1.21,11.1,193.03,23.2,29.98,3.39,1780789500,2026-06-06 23:45:00,96
235225,2026-06-07,24.84,27.7,21.7,85.83,93.2,75.7,22.4,1.97,101.18,550.0,2.32,18.5,215.1,22.3,29.98,1.81,1780875900,2026-06-07 23:45:00,96
235225,2026-06-08,25.59,29.4,23.2,86.05,94.3,71.2,13.0,2.15,106.36,805.0,1.86,9.8,240.18,23.04,30.02,2.03,1780962300,2026-06-08 23:45:00,96
235225,2026-06-09,27.79,33.5,24.0,77.07,89.3,53.7,0.0,0.0,251.7,1004.0,3.44,17.2,237.67,23.17,30.03,4.98,1781048700,2026-06-09 23:45:00,96
235225,2026-06-10,27.96,33.1,23.7,73.47,86.4,58.6,0.0,0.0,235.34,1053.0,5.45,23.4,241.6,22.68,29.98,5.1,1781135100,2026-06-10 23:45:00,96
235225,2026-06-11,26.1,29.1,23.5,84.03,89.9,74.7,1.2,0.11,103.94,826.0,2.67,16.9,222.48,23.19,29.96,1.97,1781221500,2026-06-11 23:45:00,96
235225,2026-06-12,26.85,32.2,23.6,82.51,92.6,61.5,2.8,0.65,190.14,1118.0,2.3,17.4,179.8,23.53,29.99,3.7,1781307900,2026-06-12 23:45:00,96
235225,2026-06-13,27.65,32.8,23.9,75.35,90.2,54.3,0.0,0.0,242.77,1035.0,2.48,17.3,200.92,22.66,29.98,4.85,1781394300,2026-06-13 23:45:00,96
235225,2026-06-14,27.49,33.3,22.4,72.59,88.1,49.8,0.0,0.0,250.17,942.0,3.37,15.6,222.51,21.82,29.98,5.03,1781480700,2026-06-14 23:45:00,96
235225,2026-06-15,26.76,30.9,24.2,80.75,92.5,65.4,1.8,0.4,137.36,1013.0,3.23,18.0,203.02,23.1,30.01,2.68,1781567100,2026-06-15 23:45:00,96
235225,2026-06-16,25.85,31.0,22.4,81.41,91.8,62.9,0.2,0.0,208.64,1025.0,3.48,23.9,242.39,22.33,30.03,4.04,1781653500,2026-06-16 23:45:00,96
235225,2026-06-17,27.04,32.8,22.6,77.25,90.6,56.7,0.0,0.0,204.96,1116.0,2.53,14.0,215.19,22.53,30.03,4.0,1781739900,2026-06-17 23:45:00,96
235225,2026-06-18,26.81,31.6,23.7,80.78,89.7,63.9,12.8,1.48,163.0,911.0,3.25,24.2,187.03,23.18,30.03,3.11,1781826300,2026-06-18 23:45:00,96
235225,2026-06-19,25.07,29.4,22.6,87.17,93.2,71.3,25.0,3.24,108.94,1020.0,2.78,21.2,260.91,22.77,30.02,2.02,1781912700,2026-06-19 23:45:00,96
235225,2026-06-20,27.35,33.3,23.1,79.34,94.4,56.6,0.0,0.0,261.59,986.0,2.23,18.5,211.45,23.21,29.99,5.13,1781999100,2026-06-20 23:45:00,96
235225,2026-06-21,27.67,33.2,23.8,76.26,90.8,57.0,0.2,0.0,226.22,1000.0,3.88,22.7,251.17,22.96,29.95,4.54,1782085500,2026-06-21 23:45:00,96
235225,2026-06-22,27.67,32.8,23.4,79.17,93.1,58.6,24.8,2.91,225.14,991.0,2.42,16.8,214.01,23.56,30.0,4.39,1782171900,2026-06-22 23:45:00,96
235225,2026-06-23,28.4,34.1,24.9,70.82,84.3,48.1,0.0,0.0,254.33,900.0,6.33,26.4,233.82,22.29,29.98,5.14,1782258300,2026-06-23 23:45:00,96
235225,2026-06-24,27.99,33.7,24.0,69.23,88.4,53.7,0.4,0.01,228.12,1039.0,7.35,28.8,175.0,21.7,29.96,5.03,1782344700,2026-06-24 23:45:00,96
235225,2026-06-25,26.08,31.6,22.7,82.93,93.1,60.6,17.4,2.45,173.47,1209.0,2.13,15.5,202.94,22.83,30.0,3.53,1782431100,2026-06-25 23:45:00,96
235225,2026-06-26,27.34,33.1,22.7,75.56,88.3,53.0,0.0,0.0,245.44,930.0,2.72,14.1,216.96,22.41,30.01,4.87,1782517500,2026-06-26 23:45:00,96
235225,2026-06-27,27.52,33.7,23.2,75.28,88.6,50.0,0.0,0.0,202.75,1071.0,3.41,19.4,236.79,22.52,29.99,4.1,1782603900,2026-06-27 23:45:00,96
235225,2026-06-28,25.48,27.7,23.6,86.21,93.6,77.7,20.6,2.54,67.06,392.0,2.72,15.7,214.78,22.99,29.99,1.23,1782690300,2026-06-28 23:45:00,96
235225,2026-06-29,26.89,32.9,22.8,78.74,93.0,58.9,0.0,0.0,212.52,981.0,2.33,11.4,230.62,22.69,29.96,4.15,1782776700,2026-06-29 23:45:00,96
235225,2026-06-30,26.67,29.3,24.4,82.27,89.1,75.3,0.2,0.0,101.36,489.0,3.6,23.9,242.54,23.39,29.94,1.91,1782863100,2026-06-30 23:45:00,96
235225,2026-07-01,25.61,31.3,22.9,86.84,93.6,66.3,2.4,0.62,151.86,1109.0,1.86,22.5,230.09,23.21,29.93,2.82,1782949500,2026-07-01 23:45:00,96
235225,2026-07-02,26.28,29.9,22.4,84.13,92.4,70.9,8.4,2.5,148.05,1067.0,2.76,16.1,244.65,23.35,29.95,2.8,1783035900,2026-07-02 23:45:00,96
235225,2026-07-03,24.54,28.0,21.7,89.08,94.3,76.1,48.4,5.08,92.54,545.0,2.06,16.1,170.26,22.61,30.0,1.72,1783122300,2026-07-03 23:45:00,96
235225,2026-07-04,25.71,31.1,22.6,82.56,91.5,64.9,0.4,0.04,128.76,631.0,1.89,8.0,244.04,22.46,29.99,2.42,1783208700,2026-07-04 23:45:00,96
235225,2026-07-05,27.88,32.4,24.2,77.73,90.9,62.6,0.0,0.0,221.35,1051.0,3.67,21.5,153.36,23.56,29.99,4.35,1783295100,2026-07-05 23:45:00,96
235225,2026-07-06,26.06,30.2,24.4,87.7,92.2,76.1,3.6,1.14,110.42,1113.0,1.52,15.7,162.49,23.84,30.01,1.99,1783381500,2026-07-06 23:45:00,96
235225,2026-07-07,26.87,32.0,24.2,84.72,94.0,65.1,0.0,0.0,196.3,1150.0,2.15,19.7,181.29,24.0,30.02,3.81,1783467900,2026-07-07 23:45:00,96
235225,2026-07-08,25.66,28.1,23.7,89.94,94.7,78.6,10.0,1.34,73.36,439.0,1.1,16.9,131.75,23.88,29.99,1.36,1783554300,2026-07-08 23:45:00,96
235225,2026-07-09,25.93,29.3,24.1,85.89,93.7,74.7,0.6,0.01,132.42,1049.0,2.58,18.9,247.9,23.37,29.99,2.44,1783640700,2026-07-09 23:45:00,96
235225,2026-07-10,26.61,31.1,23.6,83.64,92.6,71.1,0.0,0.0,176.54,1000.0,2.48,16.4,259.1,23.56,29.98,3.45,1783727100,2026-07-10 23:45:00,96
235225,2026-07-11,27.9,32.7,24.2,75.57,88.6,59.6,0.0,0.0,211.05,879.0,4.43,20.9,222.95,23.08,29.96,4.22,1783813500,2026-07-11 23:45:00,96
235225,2026-07-12,27.19,31.9,23.7,80.59,92.4,62.5,1.8,0.57,190.54,1085.0,2.79,25.6,218.35,23.38,29.99,3.81,1783899900,2026-07-12 23:45:00,96
235225,2026-07-13,25.99,32.2,21.4,81.62,92.0,62.0,29.4,2.98,163.81,1081.0,3.02,25.7,245.72,22.51,30.02,3.16,1783986300,2026-07-13 23:45:00,96
235225,2026-07-14,27.43,32.9,23.9,79.09,90.1,60.1,0.0,0.0,216.58,1056.0,2.91,15.3,233.64,23.35,30.01,4.28,1784072700,2026-07-14 23:45:00,96
235225,2026-07-15,27.66,33.0,23.9,77.93,92.2,57.3,0.6,0.26,229.97,1007.0,2.64,14.5,207.83,23.27,29.99,4.6,1784159100,2026-07-15 23:45:00,96
235225,2026-07-16,27.78,32.8,23.6,78.77,90.9,60.1,0.2,0.01,222.08,1065.0,3.07,20.5,218.76,23.59,29.98,4.42,1784245500,2026-07-16 23:45:00,96
235225,2026-07-17,28.02,33.7,23.8,77.73,91.7,55.5,0.0,0.0,238.01,1014.0,2.85,16.3,221.48,23.52,29.98,4.81,1784331900,2026-07-17 23:45:00,96
235225,2026-07-18,27.58,33.7,23.7,77.53,93.1,56.4,8.0,1.78,203.6,1144.0,4.37,21.2,223.3,23.11,29.96,4.26,1784418300,2026-07-18 23:45:00,96
235225,2026-07-19,27.63,33.0,23.7,77.91,92.0,58.4,2.4,0.21,207.05,1250.0,4.85,24.9,244.05,23.3,29.93,4.28,1784504700,2026-07-19 23:45:00,96
235225,2026-07-20,25.18,28.6,22.5,88.75,94.8,76.3,27.2,4.66,89.32,896.0,3.05,23.0,195.09,23.19,29.95,1.61,1784591100,2026-07-20 23:45:00,96
235225,2026-07-21,27.2,32.4,23.9,80.98,91.9,59.3,0.0,0.0,210.15,1018.0,3.11,13.7,229.77,23.51,29.94,4.14,1784677500,2026-07-21 23:45:00,96
235225,2026-07-22,27.2,31.9,23.1,79.04,89.3,62.4,0.0,0.0,211.54,1021.0,2.88,18.6,226.65,23.13,29.91,4.3,1784763900,2026-07-22 23:45:00,96
235225,2026-07-23,25.62,30.5,21.5,85.57,94.8,69.5,63.0,6.47,143.83,786.0,2.06,18.4,197.09,22.95,29.96,2.66,1784850300,2026-07-23 23:45:00,96
235225,2026-07-24,27.39,32.7,23.7,80.98,90.8,65.4,0.0,0.0,225.16,1030.0,3.59,17.2,247.39,23.73,29.97,4.52,1784936700,2026-07-24 23:45:00,96
235225,2026-07-25,28.3,32.9,24.2,75.62,88.6,58.4,10.6,0.92,223.66,1136.0,5.19,20.8,203.4,23.49,29.99,4.76,1785023100,2026-07-25 23:45:00,96
235225,2026-07-26,25.33,30.3,21.2,88.07,93.7,71.5,24.8,2.02,110.47,1143.0,2.26,22.7,185.9,23.15,30.01,2.01,1785109500,2026-07-26 23:45:00,96
235225,2026-07-27,25.87,33.1,20.9,79.14,94.0,58.9,0.4,0.02,238.43,1005.0,2.93,14.8,211.59,21.77,29.99,4.72,1785195900,2026-07-27 23:45:00,96
235225,2026-07-28,27.34,33.3,22.8,78.91,88.5,60.4,0.0,0.0,242.82,1020.0,2.83,14.8,209.6,23.21,29.96,4.83,1785282300,2026-07-28 23:45:00,96
235225,2026-07-29,26.16,30.2,23.2,84.8,94.4,69.3,32.2,3.74,137.01,962.0,2.56,21.8,235.43,23.34,29.97,2.55,1785368700,2026-07-29 23:45:00,96
235225,2026-07-30,27.11,32.9,21.9,80.48,93.5,59.1,28.4,4.14,258.0,993.0,2.34,30.6,223.95,23.25,29.97,5.01,1785455100,2026-07-30 23:45:00,96
235225,2026-07-31,25.83,30.2,22.8,84.27,92.7,69.7,8.4,1.59,136.66,963.0,4.09,29.3,210.85,22.92,29.99,2.52,1785541500,2026-07-31 23:45:00,96
235225,2026-08-01,26.6,33.1,21.6,81.91,94.5,63.1,0.0,0.0,267.07,1121.0,1.96,17.7,169.58,23.07,29.98,5.21,1785627900,2026-08-01 23:45:00,96
235225,2026-08-02,27.27,32.7,22.8,80.33,91.5,58.0,0.0,0.0,270.07,977.0,2.39,17.7,189.28,23.4,29.97,4.96,1785708000,2026-08-02 22:00:00,89
235240,2026-05-25,25.25,27.5,22.0,83.81,92.1,72.3,3.6,0.54,112.05,679.0,2.08,33.6,213.13,22.3,29.98,2.11,1779752700,2026-05-25 23:45:00,95
235240,2026-05-26,27.13,32.4,24.4,80.52,92.0,58.3,1.8,0.24,169.53,1060.0,3.06,32.1,167.32,23.32,29.97,3.41,1779839100,2026-05-26 23:45:00,96
235240,2026-05-27,26.04,30.3,22.4,83.97,93.0,66.8,3.2,0.51,143.47,708.0,2.36,17.2,224.71,23.07,29.97,2.65,1779925500,2026-05-27 23:45:00,96
235240,2026-05-28,26.09,29.9,23.9,82.78,91.1,70.1,0.4,0.02,99.42,441.0,3.04,21.7,285.85,22.91,29.95,1.9,1780011900,2026-05-28 23:45:00,96
235240,2026-05-29,26.89,32.1,23.5,77.99,87.6,59.1,0.0,0.0,138.01,893.0,3.29,17.7,248.89,22.62,29.94,2.77,1780098300,2026-05-29 23:45:00,96
235240,2026-05-30,27.88,32.6,23.8,77.51,89.1,59.7,0.0,0.0,168.15,988.0,3.12,21.0,220.34,23.46,29.97,3.46,1780184700,2026-05-30 23:45:00,96
235240,2026-05-31,25.84,30.7,21.6,82.02,93.1,64.0,37.8,3.51,155.58,1206.0,2.56,23.2,215.89,22.4,30.03,3.08,1780271100,2026-05-31 23:45:00,96
235240,2026-06-01,27.06,32.7,23.1,79.91,89.7,62.2,0.0,0.0,225.73,1083.0,2.62,20.7,169.99,23.21,29.99,4.43,1780357500,2026-06-01 23:45:00,96
235240,2026-06-02,25.89,31.1,23.3,85.99,93.0,64.6,9.8,1.61,159.69,1238.0,2.49,20.9,207.18,23.3,30.0,2.88,1780443900,2026-06-02 23:45:00,96
235240,2026-06-03,24.7,26.6,23.0,90.79,94.1,82.1,29.8,3.47,71.98,635.0,2.16,28.0,192.65,23.09,29.99,1.31,1780530300,2026-06-03 23:45:00,96
235240,2026-06-04,24.37,27.0,22.7,89.9,94.0,78.8,32.2,2.77,80.16,612.0,1.74,19.8,205.05,22.61,30.01,1.45,1780616700,2026-06-04 23:45:00,96
235240,2026-06-05,24.93,29.3,22.4,88.68,94.6,71.2,48.4,4.65,121.1,747.0,1.96,14.8,176.92,22.91,30.02,2.21,1780703100,2026-06-05 23:45:00,96
235240,2026-06-06,26.48,31.4,23.1,82.84,94.1,62.0,0.0,0.0,191.91,1002.0,1.62,12.9,165.74,23.17,29.98,3.65,1780789500,2026-06-06 23:45:00,96
235240,2026-06-07,24.82,27.5,21.7,86.16,93.1,75.2,17.8,1.23,101.73,538.0,2.46,28.1,220.93,22.33,29.98,1.94,1780875900,2026-06-07 23:45:00,96
235240,2026-06-08,25.54,29.2,23.1,86.09,94.0,72.2,12.4,2.4,107.27,686.0,2.02,14.2,212.79,23.04,30.03,2.02,1780962300,2026-06-08 23:45:00,96
235240,2026-06-09,27.64,32.8,23.8,77.67,89.7,57.9,0.0,0.0,256.69,993.0,3.29,17.2,220.74,23.21,30.03,5.07,1781048700,2026-06-09 23:45:00,96
235240,2026-06-10,27.68,32.4,22.9,75.2,86.3,62.0,0.0,0.0,231.44,1032.0,4.41,21.1,187.05,22.8,29.98,4.7,1781135100,2026-06-10 23:45:00,96
235240,2026-06-11,25.98,28.6,23.4,84.39,91.1,75.6,1.8,0.25,103.94,726.0,2.75,18.4,226.82,23.14,29.96,1.93,1781221500,2026-06-11 23:45:00,96
235240,2026-06-12,26.86,31.8,23.7,82.58,92.9,61.7,0.0,0.0,194.51,1078.0,2.41,29.6,180.5,23.55,29.99,3.79,1781307900,2026-06-12 23:45:00,96
235240,2026-06-13,27.74,32.3,24.3,74.83,88.9,55.0,0.0,0.0,243.31,1120.0,2.58,18.6,204.68,22.67,29.99,4.84,1781394300,2026-06-13 23:45:00,96
235240,2026-06-14,27.37,32.8,22.5,72.04,86.3,51.8,0.0,0.0,244.68,962.0,3.15,14.5,203.73,21.62,29.98,4.89,1781480700,2026-06-14 23:45:00,96
235240,2026-06-15,26.55,30.6,24.3,81.74,92.6,67.3,7.8,1.7,131.68,842.0,3.19,29.8,179.68,23.09,30.01,2.65,1781567100,2026-06-15 23:45:00,96
235240,2026-06-16,25.27,29.7,22.0,84.66,93.5,68.8,0.2,0.0,199.0,1037.0,4.93,26.3,255.28,22.44,30.03,3.93,1781653500,2026-06-16 23:45:00,96
235240,2026-06-17,26.84,31.8,22.3,78.81,91.2,60.5,0.0,0.0,221.45,1178.0,2.56,20.1,219.48,22.68,30.03,4.27,1781739900,2026-06-17 23:45:00,96
235240,2026-06-18,26.64,31.3,23.1,81.92,89.7,66.1,6.4,1.12,177.7,949.0,3.04,41.8,170.48,23.22,30.03,3.42,1781826300,2026-06-18 23:45:00,96
235240,2026-06-19,25.02,28.8,22.8,87.63,93.4,73.5,15.8,2.97,113.25,1123.0,2.57,33.7,187.86,22.81,30.03,2.09,1781912700,2026-06-19 23:45:00,96
235240,2026-06-20,27.13,32.2,23.1,80.35,94.4,60.6,0.0,0.0,249.48,997.0,2.61,19.3,195.09,23.28,29.99,4.96,1781999100,2026-06-20 23:45:00,96
235240,2026-06-21,27.31,32.6,23.6,77.92,90.9,60.9,0.0,0.0,220.56,1021.0,2.93,17.5,195.28,23.0,29.96,4.35,1782085500,2026-06-21 23:45:00,96
235240,2026-06-22,27.43,32.4,23.3,80.21,93.4,61.3,23.4,2.92,209.53,1025.0,2.59,19.5,236.56,23.59,30.0,4.1,1782171900,2026-06-22 23:45:00,96
235240,2026-06-23,28.07,33.4,23.7,72.21,87.8,49.6,0.0,0.0,253.18,895.0,3.99,23.6,144.68,22.23,29.99,5.11,1782258300,2026-06-23 23:45:00,96
235240,2026-06-24,28.01,33.2,24.4,69.1,87.6,55.6,0.0,0.0,232.32,1055.0,5.6,26.0,81.64,21.71,29.96,4.94,1782344700,2026-06-24 23:45:00,96
235240,2026-06-25,24.48,29.4,22.7,88.02,92.8,71.8,10.2,2.88,99.16,1225.0,2.81,19.6,217.46,22.38,30.01,0.89,1782431100,2026-06-25 23:45:00,70
235240,2026-06-26,27.15,32.4,22.7,77.12,89.4,56.8,0.0,0.0,252.15,939.0,2.68,17.0,181.3,22.61,30.02,4.99,1782517500,2026-06-26 23:45:00,96
235240,2026-06-27,27.2,33.2,22.9,76.1,89.8,50.6,0.0,0.0,190.96,1202.0,3.15,17.6,230.11,22.41,29.99,3.83,1782603900,2026-06-27 23:45:00,96
235240,2026-06-28,25.33,27.8,23.4,86.96,93.8,78.6,27.8,3.91,68.8,396.0,2.73,15.6,202.52,22.99,29.99,1.33,1782690300,2026-06-28 23:45:00,96
235240,2026-06-29,26.55,32.2,22.3,80.91,93.1,60.4,0.0,0.0,212.64,1023.0,2.15,15.6,236.06,22.83,29.97,4.17,1782776700,2026-06-29 23:45:00,96
235240,2026-06-30,26.14,28.6,24.2,83.9,88.7,76.8,0.0,0.0,94.23,485.0,3.23,19.3,212.83,23.21,29.94,1.78,1782861300,2026-06-30 23:15:00,94
235240,2026-07-01,25.68,31.3,22.6,86.4,93.5,67.8,1.4,0.45,155.17,1095.0,2.17,165.8,165.47,23.19,29.93,2.17,1782949500,2026-07-01 23:45:00,76
235240,2026-07-02,25.52,30.1,22.0,85.97,92.9,70.4,6.4,0.94,115.16,984.0,2.25,17.9,176.35,22.95,29.96,1.81,1783035900,2026-07-02 23:45:00,77
235240,2026-07-03,24.53,28.1,21.7,89.31,94.6,76.8,32.4,4.06,94.12,682.0,2.24,27.4,165.88,22.64,30.0,1.68,1783122300,2026-07-03 23:45:00,96
235240,2026-07-04,25.81,31.7,22.6,83.1,91.8,65.1,0.2,0.0,141.41,642.0,1.61,283.2,231.2,22.68,29.99,2.49,1783208700,2026-07-04 23:45:00,90
235240,2026-07-05,27.63,32.6,23.6,80.08,91.7,63.4,0.0,0.0,211.29,1021.0,2.53,15.1,145.71,23.78,29.99,4.16,1783295100,2026-07-05 23:45:00,96
235240,2026-07-06,26.06,30.8,24.1,88.22,93.6,74.6,11.4,2.96,140.63,1104.0,1.72,13.6,168.41,23.97,30.01,2.07,1783381500,2026-07-06 23:45:00,81
235240,2026-07-07,25.93,30.6,23.9,89.17,94.8,75.3,0.0,0.0,126.26,1162.0,1.86,14.8,194.21,24.01,30.02,1.64,1783467900,2026-07-07 23:45:00,81
235240,2026-07-08,25.52,28.0,23.9,91.32,95.1,80.0,10.4,1.55,47.77,325.0,1.08,15.5,121.03,23.99,29.99,0.78,1783554300,2026-07-08 23:45:00,87
235240,2026-07-09,25.59,29.3,23.6,87.71,94.4,75.6,2.2,0.49,111.35,919.0,2.32,18.8,193.05,23.39,29.99,2.08,1783639800,2026-07-09 23:30:00,95
235240,2026-07-10,26.97,31.8,23.2,83.4,92.5,69.4,0.6,0.3,222.82,993.0,2.45,13.9,246.29,23.86,29.97,3.42,1783727100,2026-07-10 23:45:00,77
235240,2026-07-11,27.93,32.7,23.3,77.05,90.0,60.6,0.0,0.0,184.16,893.0,2.41,16.0,113.42,23.42,29.96,3.44,1783813500,2026-07-11 23:45:00,91
235240,2026-07-12,25.71,31.3,23.3,87.08,94.3,66.1,10.6,3.31,146.11,972.0,2.1,23.7,186.24,23.3,30.0,1.95,1783880100,2026-07-12 18:15:00,72
235240,2026-07-13,25.57,32.0,21.2,85.14,93.3,63.3,23.8,2.89,176.33,1120.0,1.98,28.7,219.98,22.78,30.02,3.11,1783986300,2026-07-13 23:45:00,89
235240,2026-07-14,26.39,32.4,23.6,83.61,92.1,64.8,0.0,0.0,120.26,988.0,1.21,16.3,174.38,23.32,30.02,1.76,1784072700,2026-07-14 23:45:00,77
235240,2026-07-15,27.38,33.4,23.1,80.76,92.9,58.3,3.4,1.92,150.22,986.0,0.07,15.5,79.57,23.62,29.99,2.85,1784159100,2026-07-15 23:45:00,96
235240,2026-07-16,27.37,33.2,23.0,81.94,93.3,60.6,0.4,0.09,171.16,1000.0,0.22,14.4,63.95,23.88,29.98,3.3,1784245500,2026-07-16 23:45:00,96
235240,2026-07-17,26.73,33.5,23.6,83.82,92.8,61.3,0.0,0.0,116.76,1007.0,0.23,12.3,38.62,23.63,29.99,1.96,1784331900,2026-07-17 23:45:00,78
235240,2026-07-18,27.41,34.1,23.3,78.99,93.6,56.9,4.6,1.4,149.73,1062.0,0.75,27.0,47.31,23.28,29.96,2.75,1784418300,2026-07-18 23:45:00,93
235240,2026-07-19,27.62,33.7,23.4,79.4,93.5,57.5,3.8,0.35,152.8,1211.0,1.05,17.3,79.1,23.55,29.93,2.98,1784504700,2026-07-19 23:45:00,96
235240,2026-07-20,24.94,28.7,22.3,90.15,95.1,77.4,29.6,4.24,84.47,819.0,0.71,29.4,98.23,23.22,29.95,1.48,1784591100,2026-07-20 23:45:00,96
235240,2026-07-21,25.75,32.3,23.4,87.69,93.7,63.7,0.2,0.01,40.58,636.0,0.09,7.2,24.88,23.49,29.94,0.54,1784677500,2026-07-21 23:45:00,76
235240,2026-07-22,27.22,32.7,22.4,80.53,91.0,62.0,0.0,0.0,135.51,1011.0,0.17,13.8,85.13,23.41,29.91,2.23,1784763900,2026-07-22 23:45:00,89
235240,2026-07-23,25.04,27.4,23.2,90.26,93.9,85.2,22.6,6.13,0.03,7.0,0.08,13.9,10.05,23.29,29.94,0.0,1784850300,2026-07-23 23:45:00,38
235240,2026-07-24,27.23,33.1,23.1,82.64,92.3,67.0,0.0,0.0,188.2,1118.0,0.27,15.6,112.18,23.91,29.97,3.58,1784936700,2026-07-24 23:45:00,96
235240,2026-07-25,27.14,33.4,23.7,80.15,90.3,63.2,8.2,1.08,113.99,1065.0,0.37,17.7,81.42,23.34,30.0,1.58,1785023100,2026-07-25 23:45:00,76
235240,2026-07-26,25.14,29.9,21.1,89.49,94.8,74.5,29.2,4.14,95.89,1197.0,0.81,28.9,113.67,23.25,30.01,1.56,1785109500,2026-07-26 23:45:00,87
235240,2026-07-27,24.1,32.9,20.7,86.65,94.8,62.2,0.6,0.02,111.82,870.0,0.33,7.1,71.19,21.63,29.99,1.9,1785195900,2026-07-27 23:45:00,77
235240,2026-07-28,26.93,34.2,22.3,81.62,91.7,60.1,0.0,0.0,209.4,983.0,0.07,10.2,62.88,23.39,29.97,3.52,1785282300,2026-07-28 23:45:00,90
235240,2026-07-29,24.96,30.2,22.8,89.19,94.7,71.8,35.4,5.15,85.35,1086.0,0.23,17.7,77.95,23.06,29.98,1.03,1785368700,2026-07-29 23:45:00,75
235240,2026-07-30,28.22,33.8,21.8,80.2,92.5,59.7,19.8,3.23,169.18,812.0,0.32,29.0,35.44,24.12,29.94,1.75,1785455100,2026-07-30 23:45:00,45
235240,2026-07-31,25.54,30.5,23.2,86.14,93.1,69.3,4.8,1.27,82.53,707.0,1.28,11.3,117.63,23.02,29.99,0.93,1785541500,2026-07-31 23:45:00,79
235240,2026-08-01,26.12,32.0,21.5,84.5,95.1,67.0,0.0,0.0,217.07,1114.0,0.32,14.1,117.4,23.15,29.98,4.22,1785627900,2026-08-01 23:45:00,96
235240,2026-08-02,27.3,33.6,22.2,81.88,93.0,58.5,0.0,0.0,235.93,953.0,0.09,12.9,33.9,23.75,29.96,4.19,1785708000,2026-08-02 22:00:00,87
235263,2026-05-25,25.55,30.1,22.8,85.31,94.5,66.1,8.8,1.08,173.94,1063.0,2.96,24.1,102.34,22.81,29.93,3.26,1779752700,2026-05-25 23:45:00,95
235263,2026-05-26,26.57,31.9,23.9,85.06,93.3,63.0,22.0,3.48,174.81,1288.0,4.34,27.4,105.28,23.74,29.92,3.44,1779839100,2026-05-26 23:45:00,96
235263,2026-05-27,23.95,25.6,22.5,93.55,95.3,89.0,94.2,8.91,51.92,214.0,4.27,18.9,148.93,22.87,29.94,1.01,1779925500,2026-05-27 23:45:00,96
235263,2026-05-28,25.9,30.4,23.4,88.49,95.6,67.3,0.6,0.11,171.32,1252.0,2.72,21.0,189.95,23.81,29.91,3.2,1780011900,2026-05-28 23:45:00,96
235263,2026-05-29,27.42,31.8,24.4,83.82,94.3,63.8,3.8,0.64,198.95,1032.0,2.63,25.7,64.52,24.32,29.89,4.04,1780098300,2026-05-29 23:45:00,96
235263,2026-05-30,28.09,32.9,24.8,83.09,95.2,60.1,0.0,0.0,215.2,1023.0,1.77,17.0,164.47,24.77,29.94,4.28,1780184700,2026-05-30 23:45:00,96
235263,2026-05-31,26.35,32.2,21.7,83.36,93.9,56.9,6.4,0.57,191.4,1111.0,4.0,53.1,181.41,23.17,29.99,3.74,1780271100,2026-05-31 23:45:00,96
235263,2026-06-01,27.47,32.4,24.3,82.49,94.7,61.8,0.0,0.0,221.71,1245.0,1.94,19.8,129.04,24.06,29.95,4.3,1780357500,2026-06-01 23:45:00,96
235263,2026-06-02,25.56,29.7,23.1,89.82,94.5,76.2,14.0,1.66,123.41,1292.0,3.83,26.4,135.36,23.76,29.95,2.36,1780443900,2026-06-02 23:45:00,96
235263,2026-06-03,25.17,28.5,24.1,92.22,95.3,81.6,19.6,2.17,115.65,1025.0,3.46,19.7,93.53,23.84,29.95,2.14,1780530300,2026-06-03 23:45:00,96
235263,2026-06-04,25.86,29.0,23.7,90.3,96.4,75.6,0.2,0.0,148.45,874.0,3.35,23.4,118.8,24.12,29.96,2.79,1780616700,2026-06-04 23:45:00,96
235263,2026-06-05,25.94,30.9,23.3,86.93,95.5,65.3,6.6,0.74,193.45,1245.0,2.54,20.9,222.06,23.47,29.98,3.57,1780703100,2026-06-05 23:45:00,96
235263,2026-06-06,26.09,30.9,23.2,86.72,95.5,65.8,24.4,2.24,194.56,1078.0,2.38,20.9,113.25,23.6,29.94,3.71,1780789500,2026-06-06 23:45:00,96
235263,2026-06-07,24.91,27.4,22.1,90.65,95.0,80.1,31.0,2.23,114.42,490.0,3.21,32.8,129.64,23.27,29.94,2.02,1780875900,2026-06-07 23:45:00,96
235263,2026-06-08,25.52,28.7,23.1,89.05,95.0,76.8,2.0,0.16,140.05,610.0,4.84,29.0,85.71,23.57,29.99,2.72,1780962300,2026-06-08 23:45:00,96
235263,2026-06-09,27.71,32.9,24.1,81.91,95.3,59.4,0.0,0.0,265.76,1099.0,2.57,19.6,68.68,24.09,29.98,5.3,1781048700,2026-06-09 23:45:00,96
235263,2026-06-10,27.66,32.6,22.8,79.82,93.4,60.4,0.0,0.0,264.53,1113.0,1.5,17.9,54.88,23.67,29.93,5.05,1781135100,2026-06-10 23:45:00,96
235263,2026-06-11,26.02,31.1,23.7,88.32,95.6,69.5,0.6,0.03,133.33,1139.0,2.83,32.7,67.17,23.89,29.92,2.64,1781221500,2026-06-11 23:45:00,96
235263,2026-06-12,27.22,32.6,23.7,83.21,95.7,62.3,0.0,0.0,273.09,1158.0,4.43,23.7,91.18,23.93,29.94,5.57,1781307900,2026-06-12 23:45:00,96
235263,2026-06-13,27.6,32.3,23.8,79.69,92.2,61.6,0.0,0.0,254.39,1202.0,4.93,28.1,76.46,23.62,29.94,5.26,1781394300,2026-06-13 23:45:00,96
235263,2026-06-14,27.65,33.1,22.8,76.31,93.0,52.6,0.0,0.0,261.7,1116.0,2.72,20.9,67.28,22.74,29.93,5.34,1781480700,2026-06-14 23:45:00,96
235263,2026-06-15,24.67,27.8,22.9,91.19,95.4,78.7,55.0,5.02,54.25,404.0,2.13,20.9,152.71,23.15,29.97,0.96,1781567100,2026-06-15 23:45:00,96
235263,2026-06-16,24.74,30.4,21.9,88.02,96.0,65.7,4.8,0.69,165.35,1160.0,2.48,28.3,159.77,22.53,30.0,3.1,1781653500,2026-06-16 23:45:00,96
235263,2026-06-17,26.1,32.8,22.9,85.34,95.6,59.0,0.0,0.0,233.28,1099.0,1.21,19.3,119.92,23.27,29.99,4.41,1781739900,2026-06-17 23:45:00,96
235263,2026-06-18,25.34,30.7,23.3,89.94,95.6,70.5,16.8,1.51,134.76,1079.0,1.87,30.2,114.51,23.55,29.99,2.5,1781826300,2026-06-18 23:45:00,96
235263,2026-06-19,24.72,29.7,23.4,92.75,96.4,74.0,12.0,2.18,109.09,1201.0,2.58,23.2,92.26,23.47,29.99,2.04,1781912700,2026-06-19 23:45:00,96
235263,2026-06-20,26.46,31.9,22.9,85.39,96.0,62.8,0.2,0.01,246.59,1280.0,2.19,18.2,78.26,23.65,29.95,4.77,1781999100,2026-06-20 23:45:00,96
235263,2026-06-21,27.34,32.8,23.1,83.12,95.6,60.0,0.0,0.0,270.03,1113.0,2.48,24.1,68.46,24.01,29.91,5.25,1782085500,2026-06-21 23:45:00,96
235263,2026-06-22,26.92,31.8,22.2,85.36,94.7,66.2,26.0,2.77,212.7,1241.0,4.37,34.7,54.38,24.16,29.95,4.19,1782171900,2026-06-22 23:45:00,96
235263,2026-06-23,27.45,32.9,22.6,80.61,93.7,58.5,0.0,0.0,272.91,1051.0,3.51,22.9,74.72,23.63,29.93,5.46,1782258300,2026-06-23 23:45:00,96
235263,2026-06-24,26.83,33.2,22.9,82.8,93.0,62.2,7.4,1.02,216.84,1204.0,2.31,42.5,129.7,23.5,29.92,4.24,1782344700,2026-06-24 23:45:00,96
235263,2026-06-25,25.66,31.7,21.7,85.0,94.7,64.1,39.6,4.01,242.24,1116.0,5.11,37.4,114.9,22.84,29.97,4.74,1782431100,2026-06-25 23:45:00,96
235263,2026-06-26,27.53,32.5,22.8,80.25,93.4,61.9,0.0,0.0,269.36,1055.0,3.92,25.7,77.16,23.61,29.97,5.47,1782517500,2026-06-26 23:45:00,96
235263,2026-06-27,27.26,33.8,21.5,77.08,93.1,51.5,0.0,0.0,248.28,1113.0,3.01,22.3,77.32,22.61,29.95,4.95,1782603900,2026-06-27 23:45:00,96
235263,2026-06-28,24.71,27.3,22.5,92.8,95.0,82.2,37.0,2.49,48.1,294.0,2.5,38.6,93.28,23.46,29.95,0.88,1782690300,2026-06-28 23:45:00,96
235263,2026-06-29,26.19,32.2,21.8,84.75,96.2,62.4,0.0,0.0,255.29,1146.0,2.74,19.5,59.2,23.24,29.92,4.89,1782776700,2026-06-29 23:45:00,96
235263,2026-06-30,25.35,28.5,23.8,91.38,95.1,81.5,46.8,5.45,75.22,480.0,1.75,22.5,104.64,23.84,29.9,1.38,1782863100,2026-06-30 23:45:00,96
235263,2026-07-01,26.6,32.6,22.4,84.82,96.2,61.3,0.0,0.0,279.49,1150.0,2.92,20.9,110.06,23.68,29.89,5.42,1782949500,2026-07-01 23:45:00,96
235263,2026-07-02,25.3,30.1,23.1,91.03,95.1,74.3,62.0,8.62,119.09,1253.0,3.54,24.0,119.27,23.71,29.92,2.22,1783035900,2026-07-02 23:45:00,96
235263,2026-07-03,24.66,28.2,22.8,91.52,95.9,79.0,11.0,1.28,118.67,1118.0,3.04,24.1,84.38,23.19,29.95,2.19,1783122300,2026-07-03 23:45:00,96
235263,2026-07-04,25.56,29.6,23.4,90.84,96.1,72.6,0.8,0.03,133.84,983.0,1.19,14.2,169.69,23.93,29.96,2.44,1783208700,2026-07-04 23:45:00,96
235263,2026-07-05,27.0,32.4,23.1,85.74,96.2,65.9,0.0,0.0,256.74,1127.0,2.39,23.6,109.47,24.28,29.95,4.93,1783295100,2026-07-05 23:45:00,96
235263,2026-07-06,25.99,30.0,24.1,90.74,95.4,72.5,15.6,2.07,130.79,837.0,2.37,18.7,86.96,24.33,29.97,2.41,1783381500,2026-07-06 23:45:00,96
235263,2026-07-07,27.19,32.5,23.9,84.72,95.9,63.9,0.0,0.0,250.46,1253.0,1.41,16.1,126.22,24.26,29.97,4.75,1783467900,2026-07-07 23:45:00,96
235263,2026-07-08,25.97,28.6,24.1,89.64,95.1,78.4,6.2,0.69,100.81,515.0,3.32,31.7,157.24,24.12,29.95,1.9,1783554300,2026-07-08 23:45:00,96
235263,2026-07-09,24.95,27.6,23.4,91.98,95.7,76.2,55.6,6.37,73.5,380.0,1.55,27.4,60.95,23.56,29.96,1.35,1783640700,2026-07-09 23:45:00,96
235263,2026-07-10,24.18,26.3,22.7,92.99,96.4,82.6,14.8,1.88,86.53,617.0,1.83,24.0,131.59,23.0,29.95,1.53,1783727100,2026-07-10 23:45:00,96
235263,2026-07-11,26.5,31.3,22.9,85.83,96.4,65.8,0.0,0.0,227.52,946.0,3.42,20.9,109.07,23.81,29.92,4.59,1783813500,2026-07-11 23:45:00,96
235263,2026-07-12,27.16,30.9,23.9,84.02,93.8,70.1,0.0,0.0,183.64,1058.0,3.17,18.3,88.31,24.14,29.95,3.73,1783899900,2026-07-12 23:45:00,96
235263,2026-07-13,26.14,31.4,22.8,84.63,95.1,64.6,0.0,0.0,198.19,1215.0,2.79,18.8,118.77,23.23,29.98,3.75,1783986300,2026-07-13 23:45:00,96
235263,2026-07-14,27.42,32.7,24.2,83.38,95.2,62.4,3.6,0.61,248.84,1264.0,3.21,24.1,71.53,24.21,29.96,4.92,1784072700,2026-07-14 23:45:00,96
235263,2026-07-15,25.55,30.1,23.1,87.98,94.9,70.1,12.6,1.62,166.27,1143.0,2.98,26.8,79.79,23.37,29.95,3.16,1784159100,2026-07-15 23:45:00,96
235263,2026-07-16,27.73,32.7,23.6,82.21,94.6,60.9,0.0,0.0,251.05,1069.0,2.87,22.9,73.23,24.26,29.94,4.98,1784245500,2026-07-16 23:45:00,96
235263,2026-07-17,27.76,32.8,23.5,81.34,94.8,61.8,0.0,0.0,249.44,1306.0,3.63,24.9,75.34,24.09,29.94,5.03,1784331900,2026-07-17 23:45:00,96
235263,2026-07-18,27.16,32.8,23.6,84.7,94.9,60.7,8.6,0.8,206.04,1301.0,4.15,41.4,79.69,24.23,29.91,4.0,1784418300,2026-07-18 23:45:00,96
235263,2026-07-19,26.93,32.7,22.8,83.65,95.9,61.5,4.4,0.38,247.82,1246.0,2.71,19.7,129.61,23.74,29.88,4.82,1784504700,2026-07-19 23:45:00,96
235263,2026-07-20,24.8,29.2,22.4,90.87,95.7,81.3,20.0,2.54,97.65,536.0,3.28,37.2,171.7,23.19,29.92,1.79,1784591100,2026-07-20 23:45:00,96
235263,2026-07-21,25.9,31.1,23.9,88.73,95.4,68.7,15.8,1.41,138.91,1181.0,1.59,25.6,70.88,23.84,29.9,2.54,1784677500,2026-07-21 23:45:00,96
235263,2026-07-22,26.53,31.4,22.9,84.97,95.5,66.2,0.0,0.0,184.32,1303.0,1.87,17.7,65.41,23.67,29.86,3.6,1784763900,2026-07-22 23:45:00,96
235263,2026-07-23,25.81,30.1,22.6,86.93,94.8,71.7,3.6,0.23,174.36,1190.0,3.07,28.3,132.11,23.41,29.93,3.22,1784850300,2026-07-23 23:45:00,96
235263,2026-07-24,26.7,32.5,22.4,84.79,95.5,64.9,0.0,0.0,226.95,1067.0,1.69,16.5,91.52,23.76,29.92,4.42,1784936700,2026-07-24 23:45:00,96
235263,2026-07-25,27.91,33.0,23.9,82.71,95.4,61.7,0.0,0.0,223.9,1243.0,2.62,22.5,91.32,24.52,29.94,4.38,1785023100,2026-07-25 23:45:00,96
235263,2026-07-26,25.54,30.4,22.5,87.72,94.8,67.5,12.4,1.03,136.95,1310.0,4.07,37.4,176.98,23.3,29.98,2.53,1785109500,2026-07-26 23:45:00,96
235263,2026-07-27,26.01,32.9,21.6,81.64,95.5,56.6,0.0,0.0,295.84,965.0,2.91,17.6,135.99,22.32,29.95,5.56,1785195900,2026-07-27 23:45:00,96
235263,2026-07-28,27.51,33.1,22.4,80.7,94.9,59.7,0.0,0.0,275.26,1165.0,2.36,19.4,115.62,23.65,29.92,5.37,1785282300,2026-07-28 23:45:00,96
235263,2026-07-29,26.35,30.4,23.6,87.32,95.1,69.9,2.2,0.16,185.01,1116.0,3.46,21.4,91.46,23.99,29.92,3.61,1785368700,2026-07-29 23:45:00,96
235263,2026-07-30,27.3,32.9,23.6,82.81,95.1,62.6,0.0,0.0,260.2,1230.0,4.33,28.0,70.38,23.96,29.93,5.07,1785455100,2026-07-30 23:45:00,96
235263,2026-07-31,24.48,28.3,23.3,92.34,95.7,82.0,38.6,4.99,57.47,316.0,2.7,15.9,130.3,23.16,29.95,1.08,1785541500,2026-07-31 23:45:00,96
235263,2026-08-01,26.37,32.7,21.8,82.54,96.2,58.4,0.0,0.0,296.24,1049.0,1.49,15.4,143.98,22.89,29.94,5.57,1785627900,2026-08-01 23:45:00,96
235263,2026-08-02,27.79,33.7,23.0,81.39,95.2,58.9,0.0,0.0,272.49,1202.0,1.99,20.0,56.52,24.06,29.91,4.89,1785708000,2026-08-02 22:00:00,89
235347,2026-05-25,25.3,28.6,22.1,86.4,93.6,73.8,8.8,1.1,103.16,844.0,4.32,47.6,199.55,22.87,29.94,1.94,1779752700,2026-05-25 23:45:00,95
235347,2026-05-26,27.43,32.6,24.6,81.62,93.5,57.4,2.6,13.51,211.38,984.0,9.34,53.3,166.4,23.85,29.93,4.76,1779839100,2026-05-26 23:45:00,96
235347,2026-05-27,26.8,30.4,23.7,84.24,93.8,71.2,7.2,0.93,158.2,830.0,7.48,26.0,240.31,23.87,29.93,3.35,1779925500,2026-05-27 23:45:00,96
235347,2026-05-28,27.16,31.1,23.8,84.72,93.7,67.4,0.8,0.05,147.98,1164.0,5.88,32.1,213.22,24.29,29.91,3.08,1780011900,2026-05-28 23:45:00,96
235347,2026-05-29,27.89,32.9,23.9,77.94,91.4,57.4,0.0,0.0,216.38,925.0,7.3,30.6,218.15,23.46,29.9,4.82,1780098300,2026-05-29 23:45:00,96
235347,2026-05-30,28.31,34.0,24.5,78.56,92.8,57.5,0.0,0.0,178.28,1076.0,4.5,19.9,183.74,24.03,29.94,3.8,1780184700,2026-05-30 23:45:00,96
235347,2026-05-31,26.16,30.4,22.0,81.5,92.9,61.1,15.6,1.29,157.17,1065.0,7.15,69.2,211.55,22.62,30.01,3.28,1780271100,2026-05-31 23:45:00,96
235347,2026-06-01,28.05,33.3,24.7,80.34,92.8,60.0,0.0,0.0,203.94,1004.0,6.11,32.2,164.33,24.21,29.96,4.36,1780357500,2026-06-01 23:45:00,96
235347,2026-06-02,26.15,32.1,23.4,85.14,93.1,63.9,8.0,1.15,184.22,1151.0,9.01,53.1,166.94,23.4,29.96,3.74,1780443900,2026-06-02 23:45:00,96
235347,2026-06-03,25.31,27.8,23.8,89.9,93.3,81.0,23.2,2.85,78.72,671.0,7.16,33.2,145.65,23.54,29.96,1.6,1780530300,2026-06-03 23:45:00,96
235347,2026-06-04,25.25,27.7,23.6,90.06,94.3,81.2,29.0,2.71,88.88,675.0,5.34,36.5,180.95,23.52,29.98,1.72,1780616700,2026-06-04 23:45:00,96
235347,2026-06-05,25.48,28.8,23.2,88.66,94.4,75.5,17.8,2.98,127.73,756.0,4.79,18.1,186.36,23.46,30.0,2.34,1780703100,2026-06-05 23:45:00,96
235347,2026-06-06,27.13,31.6,24.4,82.34,93.9,63.8,0.0,0.0,178.21,1016.0,2.85,17.6,219.28,23.73,29.95,3.48,1780789500,2026-06-06 23:45:00,96
235347,2026-06-07,25.13,28.4,22.4,87.7,93.4,76.8,19.8,1.87,98.22,557.0,5.74,67.5,225.06,22.93,29.95,1.89,1780875900,2026-06-07 23:45:00,96
235347,2026-06-08,26.48,29.8,23.8,85.28,93.9,71.3,2.8,0.14,155.61,766.0,5.65,38.1,119.76,23.76,30.0,3.16,1780962300,2026-06-08 23:45:00,96
235347,2026-06-09,28.3,32.9,24.8,78.75,91.6,58.5,0.0,0.0,212.74,976.0,5.52,25.4,165.28,24.09,30.0,4.45,1781048700,2026-06-09 23:45:00,96
235347,2026-06-10,28.2,33.1,23.9,76.84,90.3,54.8,0.0,0.0,207.04,1011.0,5.93,25.7,135.35,23.59,29.94,4.24,1781135100,2026-06-10 23:45:00,96
235347,2026-06-11,26.84,30.3,24.5,86.04,92.7,68.5,0.0,0.0,112.2,1032.0,5.76,33.9,172.8,24.29,29.93,2.3,1781221500,2026-06-11 23:45:00,96
235347,2026-06-12,27.0,31.4,24.6,84.55,94.5,64.7,0.0,0.0,151.67,1197.0,5.43,27.4,106.65,24.07,29.96,3.21,1781307900,2026-06-12 23:45:00,96
235347,2026-06-13,28.26,32.6,25.0,76.66,93.5,54.0,0.0,0.0,233.31,916.0,7.96,37.0,127.35,23.49,29.95,5.28,1781394300,2026-06-13 23:45:00,96
235347,2026-06-14,27.83,33.2,23.2,75.57,91.8,54.7,0.0,0.0,217.58,993.0,5.48,23.1,153.18,22.84,29.94,4.51,1781480700,2026-06-14 23:45:00,96
235347,2026-06-15,27.51,30.9,25.1,81.69,90.3,66.2,4.4,0.88,147.69,1088.0,8.23,29.3,144.34,24.04,29.98,3.3,1781567100,2026-06-15 23:45:00,96
235347,2026-06-16,25.47,30.1,22.4,85.91,94.6,64.8,3.8,0.27,147.19,1109.0,4.86,35.4,263.18,22.83,30.01,2.85,1781653500,2026-06-16 23:45:00,96
235347,2026-06-17,26.8,31.1,23.0,82.59,94.0,65.5,0.0,0.0,179.11,724.0,3.85,20.9,171.93,23.49,30.0,3.51,1781739900,2026-06-17 23:45:00,96
235347,2026-06-18,26.84,31.8,23.9,84.31,94.0,62.3,15.6,1.63,171.66,942.0,4.29,27.6,126.19,23.84,30.0,3.51,1781826300,2026-06-18 23:45:00,96
235347,2026-06-19,25.61,29.7,23.3,88.1,94.7,73.1,24.0,1.21,107.56,1176.0,4.14,22.8,144.94,23.46,30.0,2.1,1781912700,2026-06-19 23:45:00,96
235347,2026-06-20,27.37,33.7,23.4,82.06,94.7,56.7,5.0,0.24,228.49,951.0,2.88,16.9,123.4,23.82,29.96,4.61,1781999100,2026-06-20 23:45:00,96
235347,2026-06-21,28.21,32.8,24.6,80.24,93.9,60.4,0.0,0.0,212.76,1002.0,3.68,20.3,147.59,24.31,29.93,4.27,1782085500,2026-06-21 23:45:00,96
235347,2026-06-22,28.68,32.3,25.3,79.01,91.3,62.8,0.0,0.0,218.96,970.0,5.9,27.4,111.45,24.56,29.97,4.53,1782171900,2026-06-22 23:45:00,96
235347,2026-06-23,28.54,33.9,24.3,76.16,92.9,50.0,0.0,0.0,228.88,937.0,4.11,21.2,128.85,23.57,29.95,4.68,1782258300,2026-06-23 23:45:00,96
235347,2026-06-24,27.58,32.8,24.2,77.77,90.9,59.8,6.2,0.4,187.96,1090.0,5.17,41.8,154.64,23.19,29.93,3.92,1782344700,2026-06-24 23:45:00,96
235347,2026-06-25,26.25,31.8,23.1,84.98,94.2,62.7,11.4,0.62,165.1,1007.0,3.83,24.1,224.17,23.42,29.97,3.17,1782431100,2026-06-25 23:45:00,96
235347,2026-06-26,27.62,32.3,23.8,81.02,95.3,54.3,0.0,0.0,219.99,937.0,3.83,24.1,214.45,23.83,29.99,4.5,1782517500,2026-06-26 23:45:00,96
235347,2026-06-27,27.74,33.2,23.2,79.52,93.3,57.1,0.0,0.0,200.73,974.0,3.48,19.3,176.48,23.68,29.96,4.0,1782603900,2026-06-27 23:45:00,96
235347,2026-06-28,26.42,28.6,24.4,87.59,94.0,79.7,6.0,0.41,96.46,761.0,5.09,23.8,211.98,24.19,29.96,1.91,1782690300,2026-06-28 23:45:00,96
235347,2026-06-29,27.32,33.2,23.6,82.96,94.7,60.7,0.0,0.0,177.41,1056.0,3.0,17.7,237.19,23.97,29.94,3.6,1782776700,2026-06-29 23:45:00,96
235347,2026-06-30,26.89,29.6,24.6,86.16,92.9,75.4,2.4,0.23,134.1,696.0,5.97,32.2,194.75,24.34,29.91,2.74,1782863100,2026-06-30 23:45:00,96
235347,2026-07-01,25.9,31.2,23.1,89.25,95.1,69.8,1.2,0.05,119.15,1178.0,3.74,30.9,174.5,23.97,29.91,2.18,1782949500,2026-07-01 23:45:00,96
235347,2026-07-02,26.68,30.9,24.3,86.98,94.7,70.3,0.0,0.0,150.15,1011.0,4.57,29.4,97.04,24.27,29.92,3.07,1783035900,2026-07-02 23:45:00,96
235347,2026-07-03,25.24,28.7,23.0,89.94,95.2,75.6,34.4,1.46,111.9,568.0,3.81,25.2,145.0,23.45,29.97,2.08,1783122300,2026-07-03 23:45:00,96
235347,2026-07-04,26.01,30.2,23.3,88.66,94.7,72.3,1.6,0.04,129.3,717.0,2.19,13.8,246.04,23.96,29.97,2.44,1783208700,2026-07-04 23:45:00,96
235347,2026-07-05,27.36,31.8,24.2,86.84,95.9,68.4,0.8,0.01,171.23,965.0,3.15,15.6,192.05,24.87,29.97,3.29,1783295100,2026-07-05 23:45:00,96
235347,2026-07-06,26.5,30.1,24.2,88.23,94.7,76.2,0.4,0.01,146.73,1208.0,4.82,24.9,138.92,24.37,29.98,2.89,1783381500,2026-07-06 23:45:00,96
235347,2026-07-07,26.77,30.6,24.6,87.88,95.5,72.8,0.4,0.01,127.12,1028.0,2.8,20.9,175.81,24.55,29.99,2.39,1783467900,2026-07-07 23:45:00,96
235347,2026-07-08,26.09,29.4,24.5,91.5,95.7,80.9,0.8,0.02,106.25,462.0,3.15,27.6,189.18,24.6,29.97,1.96,1783554300,2026-07-08 23:45:00,96
235347,2026-07-09,26.05,28.9,24.2,89.22,95.1,78.3,0.8,0.02,123.68,810.0,5.59,25.6,223.83,24.12,29.96,2.42,1783640700,2026-07-09 23:45:00,96
235347,2026-07-10,26.81,31.4,23.9,87.52,95.6,68.8,0.6,0.01,176.76,937.0,3.01,20.9,190.12,24.49,29.95,3.5,1783727100,2026-07-10 23:45:00,96
235347,2026-07-11,27.23,31.9,23.5,83.81,95.0,66.3,0.4,0.01,191.09,780.0,2.72,22.0,165.21,24.12,29.93,3.71,1783813500,2026-07-11 23:45:00,96
235347,2026-07-12,27.12,31.4,24.0,85.02,95.1,66.9,0.6,0.01,177.46,976.0,3.01,16.4,199.32,24.28,29.96,3.47,1783899900,2026-07-12 23:45:00,96
235347,2026-07-13,26.29,31.7,22.8,85.09,93.8,66.1,0.4,0.01,169.04,1157.0,3.63,23.5,187.2,23.5,29.99,3.27,1783986300,2026-07-13 23:45:00,96
235347,2026-07-14,27.34,32.1,23.6,84.68,95.4,65.9,0.4,0.01,217.0,1042.0,3.58,25.7,138.06,24.41,29.98,4.35,1784072700,2026-07-14 23:45:00,96
235347,2026-07-15,28.01,32.6,24.2,82.18,95.2,61.8,0.0,0.0,221.29,919.0,4.27,26.2,172.55,24.52,29.96,4.51,1784159100,2026-07-15 23:45:00,96
235347,2026-07-16,27.91,32.6,24.3,82.84,94.6,63.1,0.0,0.0,212.97,1076.0,3.99,25.4,184.88,24.58,29.96,4.31,1784245500,2026-07-16 23:45:00,96
235347,2026-07-17,28.19,32.8,23.9,81.2,94.8,60.2,0.0,0.0,220.11,990.0,3.77,23.8,202.69,24.46,29.96,4.57,1784331900,2026-07-17 23:45:00,96
235347,2026-07-18,27.06,32.7,23.9,84.68,94.2,64.8,18.4,1.15,195.0,1048.0,4.06,64.7,151.44,24.1,29.93,3.97,1784418300,2026-07-18 23:45:00,96
235347,2026-07-19,27.21,32.7,24.0,84.89,95.6,63.1,2.4,0.15,212.12,1071.0,2.86,24.4,194.05,24.28,29.9,4.25,1784504700,2026-07-19 23:45:00,96
235347,2026-07-20,25.55,28.5,23.1,91.34,95.1,78.9,19.0,0.9,95.81,483.0,3.63,20.0,206.36,24.04,29.92,1.75,1784591100,2026-07-20 23:45:00,96
235347,2026-07-21,27.1,31.7,23.9,85.38,95.1,66.5,2.0,0.04,196.05,1056.0,3.68,17.9,133.38,24.34,29.91,3.92,1784677500,2026-07-21 23:45:00,96
235347,2026-07-22,27.17,31.9,23.5,84.34,94.8,66.1,0.6,0.01,208.71,893.0,3.49,23.6,153.41,24.18,29.88,4.14,1784763900,2026-07-22 23:45:00,96
235347,2026-07-23,26.07,30.6,22.9,87.98,95.0,73.7,1.0,0.03,141.38,1011.0,4.11,22.5,223.62,23.91,29.93,2.58,1784850300,2026-07-23 23:45:00,96
235347,2026-07-24,27.08,31.7,23.8,86.58,94.7,71.2,1.0,0.03,191.01,1051.0,2.84,22.4,233.76,24.58,29.94,3.7,1784936700,2026-07-24 23:45:00,96
235347,2026-07-25,27.63,33.3,23.8,83.94,94.3,62.6,1.0,0.02,202.95,1148.0,3.17,30.6,165.14,24.56,29.96,3.84,1785023100,2026-07-25 23:45:00,96
235347,2026-07-26,25.14,30.7,22.1,89.87,95.4,71.8,0.8,0.02,128.64,1127.0,4.66,41.0,201.66,23.29,29.99,2.53,1785109500,2026-07-26 23:45:00,96
235347,2026-07-27,25.63,32.4,21.6,84.9,95.5,63.7,1.2,0.03,242.95,949.0,2.75,18.7,153.55,22.73,29.97,4.74,1785195900,2026-07-27 23:45:00,96
235347,2026-07-28,27.56,33.4,23.6,83.77,95.6,62.8,0.6,0.01,227.1,1051.0,1.96,17.7,100.8,24.42,29.94,4.35,1785282300,2026-07-28 23:45:00,96
235347,2026-07-29,26.18,29.1,22.3,89.69,94.6,80.8,1.0,0.02,148.3,896.0,3.61,39.3,257.4,24.34,29.94,2.62,1785368700,2026-07-29 23:45:00,96
235347,2026-07-30,26.86,32.7,23.4,86.91,95.4,63.0,7.2,0.36,188.88,907.0,2.99,22.5,181.03,24.42,29.95,3.34,1785455100,2026-07-30 23:45:00,88
235347,2026-07-31,25.48,29.5,22.9,89.46,95.0,74.4,0.4,0.01,119.3,694.0,5.63,28.5,195.29,23.6,29.96,2.03,1785541500,2026-07-31 23:45:00,90
235347,2026-08-01,26.52,32.3,22.6,86.49,96.1,66.9,0.4,0.01,220.89,1071.0,2.22,16.5,151.75,23.97,29.96,3.65,1785627900,2026-08-01 23:45:00,92
235347,2026-08-02,26.37,32.6,23.8,90.03,96.0,64.6,0.6,0.02,87.44,689.0,1.87,16.5,163.4,24.55,29.94,0.81,1785708000,2026-08-02 22:00:00,63
235411,2026-05-25,24.99,27.8,21.9,83.93,91.0,73.4,2.2,0.28,140.13,884.0,6.02,26.2,207.21,22.06,29.96,2.72,1779752700,2026-05-25 23:45:00,95
235411,2026-05-26,26.81,32.2,23.4,79.74,93.9,57.1,3.0,0.37,207.57,1069.0,4.41,25.7,199.25,22.75,29.96,4.36,1779839100,2026-05-26 23:45:00,96
235411,2026-05-27,26.35,30.1,23.5,81.44,93.1,67.6,7.2,1.19,167.99,1100.0,5.15,22.3,222.15,22.84,29.96,3.46,1779925500,2026-05-27 23:45:00,96
235411,2026-05-28,26.22,29.9,23.6,80.93,90.9,67.0,0.0,0.0,181.04,1041.0,5.12,27.0,258.92,22.61,29.95,3.56,1780011900,2026-05-28 23:45:00,96
235411,2026-05-29,27.22,33.0,23.1,76.95,91.6,54.7,0.0,0.0,232.16,1005.0,5.42,25.7,244.7,22.59,29.94,4.95,1780098300,2026-05-29 23:45:00,96
235411,2026-05-30,27.39,33.3,23.4,77.27,91.7,55.8,0.0,0.0,195.96,1062.0,4.09,27.4,250.94,22.91,29.97,4.05,1780184700,2026-05-30 23:45:00,96
235411,2026-05-31,25.97,31.3,21.6,76.47,90.3,57.6,11.4,1.39,200.02,904.0,7.28,30.2,206.03,21.35,30.02,4.25,1780271100,2026-05-31 23:45:00,96
235411,2026-06-01,26.56,31.9,23.2,79.06,90.8,62.6,0.2,0.0,182.4,1297.0,3.83,25.6,238.28,22.55,29.98,3.72,1780357500,2026-06-01 23:45:00,96
235411,2026-06-02,25.84,30.6,22.8,82.19,93.0,66.2,0.6,0.03,151.89,1178.0,5.81,25.7,188.5,22.52,29.98,3.05,1780443900,2026-06-02 23:45:00,96
235411,2026-06-03,24.86,27.6,22.8,87.42,94.0,78.2,9.6,0.97,143.39,831.0,4.39,24.1,187.28,22.61,29.98,2.75,1780530300,2026-06-03 23:45:00,96
235411,2026-06-04,24.86,27.8,22.5,86.97,93.8,74.7,4.0,0.29,134.69,912.0,3.33,28.1,202.99,22.53,30.0,2.56,1780616700,2026-06-04 23:45:00,96
235411,2026-06-05,24.77,27.3,23.1,87.34,93.2,79.1,1.2,0.07,138.76,744.0,4.01,24.5,201.24,22.51,30.01,2.59,1780703100,2026-06-05 23:45:00,96
235411,2026-06-06,26.07,30.7,22.9,81.54,93.8,63.9,0.0,0.0,210.41,1081.0,3.83,22.0,211.6,22.5,29.97,4.21,1780789500,2026-06-06 23:45:00,96
235411,2026-06-07,24.2,26.4,21.7,87.1,93.0,79.5,1.0,0.09,95.48,438.0,3.09,16.9,201.78,21.93,29.97,1.73,1780875900,2026-06-07 23:45:00,96
235411,2026-06-08,25.18,28.7,23.0,87.09,93.8,74.4,7.4,1.36,139.47,812.0,4.29,23.4,211.85,22.86,30.02,2.72,1780962300,2026-06-08 23:45:00,96
235411,2026-06-09,26.9,33.3,23.7,79.39,91.7,54.9,0.0,0.0,247.39,991.0,4.78,18.5,272.54,22.78,30.03,5.06,1781048700,2026-06-09 23:45:00,96
235411,2026-06-10,26.57,32.8,22.5,77.44,88.5,57.3,0.0,0.0,236.99,1046.0,5.53,22.9,270.22,22.14,29.99,4.95,1781135100,2026-06-10 23:45:00,96
235411,2026-06-11,25.47,29.6,23.4,85.74,91.9,71.9,2.6,0.29,141.73,1018.0,4.19,30.8,251.91,22.87,29.96,2.71,1781221500,2026-06-11 23:45:00,96
235411,2026-06-12,26.42,32.0,22.8,82.06,94.3,58.9,0.0,0.0,220.95,1136.0,5.62,26.8,227.5,22.93,29.98,4.46,1781307900,2026-06-12 23:45:00,96
235411,2026-06-13,27.79,32.9,24.2,74.92,92.9,51.1,0.0,0.0,257.88,919.0,4.12,24.1,172.94,22.57,29.98,5.41,1781394300,2026-06-13 23:45:00,96
235411,2026-06-14,26.96,33.8,22.2,75.58,93.0,51.6,0.0,0.0,247.94,1041.0,4.68,20.1,236.36,21.92,29.98,5.14,1781480700,2026-06-14 23:45:00,96
235411,2026-06-15,26.79,32.1,23.7,78.0,92.7,54.7,0.0,0.0,175.09,1021.0,5.8,25.7,227.5,22.48,30.0,3.76,1781567100,2026-06-15 23:45:00,96
235411,2026-06-16,25.74,30.3,22.1,80.8,94.2,60.6,0.0,0.0,185.53,1056.0,3.89,28.3,233.72,22.07,30.03,3.65,1781653500,2026-06-16 23:45:00,96
235411,2026-06-17,26.13,32.3,21.6,78.84,94.5,56.1,0.0,0.0,218.27,1160.0,3.29,34.3,215.48,21.94,30.03,4.45,1781739900,2026-06-17 23:45:00,96
235411,2026-06-18,25.64,31.4,23.7,84.64,91.5,62.8,13.6,2.95,138.83,990.0,3.45,18.0,262.46,22.81,30.03,2.69,1781826300,2026-06-18 23:45:00,96
235411,2026-06-19,24.73,29.5,22.1,87.86,94.6,72.5,12.8,2.54,136.3,1171.0,3.25,24.9,198.08,22.52,30.02,2.5,1781912700,2026-06-19 23:45:00,96
235411,2026-06-20,26.56,32.4,23.4,81.94,94.4,56.8,0.0,0.0,249.78,981.0,3.75,24.4,230.55,23.0,29.99,5.08,1781999100,2026-06-20 23:45:00,96
235411,2026-06-21,26.97,32.2,23.5,78.85,92.0,60.3,3.8,0.76,261.53,990.0,5.06,20.8,257.77,22.81,29.95,5.28,1782085500,2026-06-21 23:45:00,96
235411,2026-06-22,26.19,31.9,22.9,83.18,93.6,62.5,16.4,3.54,218.68,1009.0,4.13,28.8,247.58,22.95,30.0,4.49,1782171900,2026-06-22 23:45:00,96
235411,2026-06-23,26.45,31.1,23.3,79.06,90.5,57.4,0.0,0.0,242.38,988.0,10.06,34.1,187.4,22.39,30.0,5.17,1782258300,2026-06-23 23:45:00,96
235411,2026-06-24,25.77,30.6,22.7,80.35,87.5,66.9,7.0,1.36,189.55,1079.0,7.05,29.0,235.28,22.12,29.97,3.69,1782344700,2026-06-24 23:45:00,96
235411,2026-06-25,25.71,30.8,22.4,83.97,93.7,63.8,0.0,0.0,187.47,1072.0,3.73,25.7,201.17,22.68,29.99,3.7,1782431100,2026-06-25 23:45:00,96
235411,2026-06-26,26.76,32.3,22.2,78.29,94.9,53.5,0.0,0.0,250.71,898.0,3.52,27.6,248.65,22.36,30.01,5.11,1782517500,2026-06-26 23:45:00,96
235411,2026-06-27,26.96,33.5,22.8,76.71,91.6,51.9,0.0,0.0,239.79,1099.0,4.68,22.6,245.86,22.25,30.0,4.9,1782603900,2026-06-27 23:45:00,96
235411,2026-06-28,25.25,28.1,23.6,86.42,93.6,74.6,2.0,0.51,131.06,610.0,4.17,25.7,250.42,22.8,29.98,2.53,1782690300,2026-06-28 23:45:00,96
235411,2026-06-29,26.32,31.7,21.9,80.91,94.8,59.8,0.0,0.0,225.77,1020.0,3.6,24.1,177.05,22.54,29.96,4.57,1782776700,2026-06-29 23:45:00,96
235411,2026-06-30,26.5,29.6,24.3,83.08,91.0,73.5,0.0,0.0,136.2,533.0,6.31,26.2,256.75,23.38,29.94,2.77,1782863100,2026-06-30 23:45:00,96
235411,2026-07-01,25.49,31.4,22.1,85.26,94.0,64.9,5.2,0.74,172.43,1151.0,3.6,30.4,208.38,22.72,29.93,3.45,1782949500,2026-07-01 23:45:00,96
235411,2026-07-02,26.08,31.1,22.8,83.68,94.3,65.2,5.6,0.93,218.4,1158.0,4.18,24.1,217.94,23.0,29.95,4.3,1783035900,2026-07-02 23:45:00,96
235411,2026-07-03,24.44,26.7,22.3,89.97,94.2,82.0,29.8,2.44,95.92,700.0,3.67,24.7,223.69,22.7,29.99,1.77,1783122300,2026-07-03 23:45:00,96
235411,2026-07-04,25.08,29.8,22.6,87.96,95.3,71.5,0.6,0.11,130.19,670.0,1.87,17.8,192.09,22.9,30.0,2.41,1783208700,2026-07-04 23:45:00,96
235411,2026-07-05,26.96,31.9,23.4,80.26,90.9,60.8,0.0,0.0,238.34,1018.0,5.92,22.1,263.59,23.11,30.0,4.74,1783295100,2026-07-05 23:45:00,96
235411,2026-07-06,25.57,30.8,22.8,87.08,94.2,69.7,53.6,6.73,174.57,1167.0,4.15,25.9,222.93,23.21,30.0,3.33,1783381500,2026-07-06 23:45:00,96
235411,2026-07-07,25.76,30.9,23.1,87.05,95.2,68.5,4.4,0.62,220.98,1202.0,3.33,23.9,184.17,23.38,30.01,4.22,1783467900,2026-07-07 23:45:00,96
235411,2026-07-08,25.51,29.5,23.4,87.64,94.2,74.6,5.6,1.28,138.48,809.0,3.86,23.4,196.34,23.27,29.98,2.67,1783554300,2026-07-08 23:45:00,96
235411,2026-07-09,25.61,29.4,23.6,88.56,94.8,75.0,11.6,2.74,145.93,1111.0,3.74,35.4,219.78,23.55,29.98,2.86,1783640700,2026-07-09 23:45:00,96
235411,2026-07-10,25.13,29.4,22.9,89.82,94.8,75.2,14.6,3.63,110.0,995.0,2.37,35.0,219.09,23.33,29.98,2.04,1783727100,2026-07-10 23:45:00,96
235411,2026-07-11,25.66,30.3,23.2,85.26,92.6,67.8,9.8,1.16,166.82,986.0,5.33,22.9,246.73,22.96,29.97,3.21,1783813500,2026-07-11 23:45:00,96
235411,2026-07-12,25.86,31.3,23.2,86.39,94.8,65.8,0.8,0.03,194.39,1032.0,2.92,20.1,212.6,23.33,29.99,3.82,1783899900,2026-07-12 23:45:00,96
235411,2026-07-13,25.4,31.4,21.8,84.89,94.6,64.5,8.6,0.77,247.07,1155.0,3.8,25.3,197.08,22.54,30.02,4.85,1783986300,2026-07-13 23:45:00,96
235411,2026-07-14,26.35,32.1,23.1,83.12,94.4,62.4,1.2,0.69,250.05,1090.0,3.67,27.4,259.64,23.06,30.0,5.07,1784072700,2026-07-14 23:45:00,96
235411,2026-07-15,26.58,32.5,23.1,83.13,95.2,57.8,1.6,0.4,223.52,956.0,3.15,23.9,221.65,23.27,29.99,4.55,1784159100,2026-07-15 23:45:00,96
235411,2026-07-16,26.69,32.3,23.6,82.89,93.6,61.8,0.0,0.0,220.04,1074.0,3.26,20.5,241.2,23.39,29.98,4.43,1784245500,2026-07-16 23:45:00,96
235411,2026-07-17,26.76,33.4,23.1,81.51,94.1,56.2,0.0,0.0,229.54,1074.0,3.12,22.7,217.18,23.11,29.99,4.62,1784331900,2026-07-17 23:45:00,96
235411,2026-07-18,26.02,29.8,23.9,85.01,92.7,71.5,1.8,0.34,185.93,1234.0,5.38,27.8,196.61,23.28,29.96,3.43,1784418300,2026-07-18 23:45:00,96
235411,2026-07-19,25.5,30.2,23.7,86.72,91.6,71.6,7.4,1.84,149.42,1069.0,5.8,22.4,233.84,23.12,29.94,2.79,1784504700,2026-07-19 23:45:00,96
235411,2026-07-20,25.17,28.8,23.4,88.04,94.0,74.7,29.2,4.65,143.25,1067.0,4.68,25.7,266.43,23.02,29.95,2.75,1784591100,2026-07-20 23:45:00,96
235411,2026-07-21,25.55,31.3,23.1,86.8,94.9,67.9,0.0,0.0,187.74,1076.0,2.75,18.0,273.5,23.12,29.95,3.57,1784677500,2026-07-21 23:45:00,96
235411,2026-07-22,26.26,32.0,22.6,82.2,95.0,60.0,0.0,0.0,227.62,944.0,2.93,20.8,232.15,22.8,29.91,4.5,1784763900,2026-07-22 23:45:00,96
235411,2026-07-23,25.29,28.9,22.2,86.09,93.8,73.2,33.4,3.35,134.94,842.0,3.73,22.8,216.89,22.75,29.95,2.59,1784850300,2026-07-23 23:45:00,96
235411,2026-07-24,25.91,30.9,24.0,87.0,93.3,70.1,3.2,0.48,188.75,1072.0,3.59,22.3,236.34,23.55,29.97,3.57,1784936700,2026-07-24 23:45:00,96
235411,2026-07-25,25.56,29.6,23.7,87.04,93.1,75.1,11.2,1.66,174.88,981.0,4.41,21.7,240.38,23.23,30.0,3.09,1785023100,2026-07-25 23:45:00,96
235411,2026-07-26,25.33,29.8,21.2,87.47,94.2,71.2,5.2,0.58,208.33,1297.0,4.17,40.6,192.45,23.04,30.0,3.99,1785109500,2026-07-26 23:45:00,96
235411,2026-07-27,25.24,31.9,20.9,81.85,94.2,58.1,0.2,0.01,264.21,998.0,2.68,19.3,209.73,21.69,29.99,5.16,1785195900,2026-07-27 23:45:00,96
235411,2026-07-28,27.21,33.2,22.9,81.25,94.0,59.6,0.2,0.0,252.89,1013.0,3.15,18.0,246.52,23.52,29.96,5.09,1785282300,2026-07-28 23:45:00,96
235411,2026-07-29,26.42,30.9,24.1,84.18,93.2,69.3,0.2,0.0,221.7,1093.0,4.74,29.8,254.65,23.48,29.96,4.46,1785368700,2026-07-29 23:45:00,96
235411,2026-07-30,26.49,32.2,22.6,84.64,94.6,61.5,16.0,3.48,235.86,1042.0,3.47,29.1,196.96,23.53,29.97,4.71,1785455100,2026-07-30 23:45:00,96
235411,2026-07-31,24.6,30.3,22.3,89.23,94.8,72.1,28.6,4.31,150.35,1076.0,3.28,33.4,236.82,22.68,29.99,2.8,1785541500,2026-07-31 23:45:00,96
235411,2026-08-01,25.93,31.6,21.7,84.26,95.2,66.4,0.0,0.0,259.8,1132.0,3.39,29.8,180.34,22.91,29.97,5.15,1785627900,2026-08-01 23:45:00,96
235411,2026-08-02,26.84,32.5,23.3,82.23,95.3,58.1,0.0,0.0,274.07,939.0,2.64,20.6,110.07,23.3,29.96,5.11,1785708000,2026-08-02 22:00:00,89
235418,2026-05-28,28.44,31.2,22.6,78.45,95.9,68.8,66.6,5.8,229.36,1201.0,2.04,31.3,35.43,24.46,29.84,0.31,1780011900,2026-05-28 23:45:00,14
235418,2026-05-29,27.36,32.4,24.1,83.31,94.8,63.5,0.0,0.0,230.18,1002.0,2.78,19.8,44.29,24.12,29.87,4.62,1780098300,2026-05-29 23:45:00,96
235418,2026-05-30,27.16,32.2,23.6,85.05,96.2,65.9,0.0,0.0,147.84,805.0,0.78,10.3,49.27,24.34,29.92,2.54,1780184700,2026-05-30 23:45:00,93
235418,2026-05-31,26.91,28.5,25.4,88.66,93.4,79.3,0.0,0.0,11.09,142.0,0.67,6.9,113.47,24.82,29.94,0.11,1780271100,2026-05-31 23:45:00,34
235418,2026-06-01,26.81,32.2,24.1,86.74,95.5,65.0,10.2,1.77,194.91,1341.0,0.89,19.4,66.42,24.32,29.93,3.52,1780357500,2026-06-01 23:45:00,95
235418,2026-06-02,26.33,31.3,23.2,88.78,95.5,70.1,11.6,2.08,167.87,1243.0,1.63,14.4,76.37,24.24,29.93,3.15,1780443000,2026-06-02 23:30:00,93
235418,2026-06-03,25.14,29.1,24.1,92.79,95.6,79.0,15.8,2.94,96.34,958.0,1.3,14.2,42.19,23.9,29.93,1.44,1780530300,2026-06-03 23:45:00,83
235418,2026-06-04,26.72,29.0,24.5,87.34,95.9,75.9,0.2,0.01,237.67,1248.0,2.89,19.9,61.08,24.41,29.93,2.46,1780616700,2026-06-04 23:45:00,51
235418,2026-06-05,25.87,31.9,23.8,88.28,95.5,66.0,1.8,0.15,172.98,1208.0,0.62,16.7,150.6,23.7,29.96,3.06,1780703100,2026-06-05 23:45:00,96
235418,2026-06-06,26.19,31.9,22.7,87.24,96.2,64.5,57.8,4.59,215.91,1141.0,0.72,11.5,89.6,23.79,29.92,3.97,1780789500,2026-06-06 23:45:00,96
235418,2026-06-07,24.51,27.5,22.3,92.12,96.0,81.5,41.4,4.57,109.17,455.0,1.55,25.7,99.56,23.14,29.92,1.72,1780866900,2026-06-07 21:15:00,86
235418,2026-06-12,30.4,33.3,26.0,72.82,90.0,61.5,0.0,0.0,485.86,1283.0,4.34,15.7,70.6,24.9,29.91,4.35,1781307900,2026-06-12 23:45:00,43
235418,2026-06-13,27.28,32.7,23.6,82.47,95.1,61.3,0.0,0.0,240.74,1102.0,2.28,20.6,50.83,23.84,29.92,4.41,1781394300,2026-06-13 23:45:00,95
235418,2026-06-14,27.21,33.9,22.0,78.72,94.7,52.3,0.0,0.0,266.99,1056.0,1.34,15.4,38.29,22.81,29.91,5.26,1781480700,2026-06-14 23:45:00,96
235418,2026-06-15,24.66,27.3,23.6,92.18,94.6,85.0,13.2,1.55,69.21,744.0,0.93,14.1,112.0,23.32,29.95,1.28,1781567100,2026-06-15 23:45:00,96
235418,2026-06-16,24.96,30.8,21.8,88.15,96.7,67.0,0.0,0.0,154.94,990.0,0.36,9.3,68.42,22.73,29.95,2.18,1781653500,2026-06-16 23:45:00,67
235418,2026-06-17,25.91,32.4,22.6,85.99,95.9,59.9,10.2,1.15,203.46,1259.0,0.64,14.8,93.42,23.24,29.97,3.76,1781739900,2026-06-17 23:45:00,96
235418,2026-06-18,25.31,30.7,23.4,90.78,95.9,72.6,10.6,1.23,134.99,1099.0,1.13,18.7,103.95,23.67,29.97,2.49,1781826300,2026-06-18 23:45:00,96
235418,2026-06-19,25.44,31.6,23.3,90.34,96.2,69.3,13.2,2.97,174.94,1308.0,1.88,22.8,73.36,23.68,29.97,2.62,1781901000,2026-06-19 20:30:00,81
235418,2026-06-20,29.26,32.8,23.1,78.42,96.8,62.7,3.0,0.07,412.41,1197.0,1.37,11.8,87.1,25.0,29.91,4.16,1781999100,2026-06-20 23:45:00,51
235418,2026-06-21,26.97,32.2,23.5,86.02,95.7,65.5,6.6,0.93,181.73,1179.0,0.83,11.8,41.65,24.3,29.89,3.38,1782085500,2026-06-21 23:45:00,96
235418,2026-06-22,28.01,32.0,23.2,83.45,95.1,67.3,17.6,2.98,266.75,1086.0,1.47,27.4,35.46,24.77,29.92,3.81,1782171900,2026-06-22 23:45:00,69
235418,2026-06-23,27.31,32.5,22.7,81.96,94.9,56.3,0.0,0.0,266.03,1060.0,2.04,16.6,48.2,23.73,29.92,5.12,1782258300,2026-06-23 23:45:00,94
235418,2026-06-24,27.03,33.4,23.8,81.04,93.2,58.1,0.0,0.0,253.96,1183.0,1.77,13.1,74.37,23.39,29.9,3.93,1782334800,2026-06-24 21:00:00,78
235418,2026-06-25,27.21,31.7,23.1,83.64,95.3,64.5,3.2,1.41,201.62,1134.0,1.76,12.4,122.05,23.99,29.92,2.11,1782431100,2026-06-25 23:45:00,39
235418,2026-06-26,27.05,32.3,22.4,82.99,95.0,62.3,0.0,0.0,255.64,1042.0,1.98,15.7,46.25,23.73,29.95,5.14,1782517500,2026-06-26 23:45:00,96
235418,2026-06-27,26.23,33.2,21.4,82.42,95.7,51.6,0.0,0.0,203.8,1179.0,1.32,17.4,42.76,22.74,29.93,3.95,1782603900,2026-06-27 23:45:00,96
235418,2026-06-28,24.45,25.8,23.0,93.53,96.0,88.1,31.6,3.28,50.67,369.0,1.22,30.0,84.78,23.35,29.92,0.8,1782690300,2026-06-28 23:45:00,91
235418,2026-06-29,25.72,32.0,21.4,87.32,96.5,64.6,0.0,0.0,205.94,1225.0,0.85,14.5,37.86,23.32,29.91,4.0,1782776700,2026-06-29 23:45:00,96
235418,2026-06-30,25.64,28.1,24.1,91.72,96.1,80.7,17.2,2.44,91.88,429.0,0.86,23.1,71.83,24.19,29.88,1.62,1782863100,2026-06-30 23:45:00,96
235418,2026-07-01,26.28,32.1,22.8,88.11,96.8,67.7,0.0,0.0,231.86,1137.0,1.42,15.3,40.42,24.07,29.87,4.41,1782949500,2026-07-01 23:45:00,96
235418,2026-07-02,25.71,29.4,23.4,91.57,95.8,77.3,32.4,5.65,138.76,1071.0,1.01,21.2,73.68,24.21,29.89,2.39,1783035900,2026-07-02 23:45:00,96
235418,2026-07-03,25.67,28.9,22.9,90.34,96.4,78.8,7.8,0.37,144.19,638.0,0.35,5.9,118.39,23.98,29.92,1.66,1783122300,2026-07-03 23:45:00,64
235418,2026-07-04,25.62,30.6,23.6,91.48,96.6,73.3,0.2,0.0,106.14,872.0,0.37,8.4,86.78,24.1,29.94,1.74,1783208700,2026-07-04 23:45:00,88
235418,2026-07-05,26.1,31.4,23.1,90.53,97.0,71.3,0.0,0.0,114.27,1136.0,0.59,11.9,22.85,24.39,29.93,1.83,1783295100,2026-07-05 23:45:00,78
235418,2026-07-06,25.81,30.3,24.6,92.44,96.2,76.3,5.2,0.86,126.36,1041.0,1.02,14.9,61.32,24.49,29.95,2.31,1783381500,2026-07-06 23:45:00,96
235418,2026-07-07,27.3,32.8,23.9,85.96,96.7,63.7,0.0,0.0,210.93,1181.0,0.54,10.3,96.06,24.57,29.96,4.07,1783467900,2026-07-07 23:45:00,96
235418,2026-07-08,26.03,28.7,24.6,91.51,96.2,80.5,4.8,0.34,105.2,905.0,0.83,13.2,56.55,24.54,29.93,1.86,1783554300,2026-07-08 23:45:00,96
235418,2026-07-09,24.93,28.1,23.3,92.49,96.1,78.7,45.0,6.22,94.0,636.0,0.48,12.3,83.52,23.63,29.93,1.68,1783640700,2026-07-09 23:45:00,96
235418,2026-07-10,24.71,27.2,22.5,92.74,96.8,83.2,12.2,1.34,112.81,1155.0,0.69,19.0,117.06,23.46,29.93,1.93,1783727100,2026-07-10 23:45:00,96
235418,2026-07-11,26.67,31.2,23.2,86.87,97.0,68.7,0.0,0.0,218.78,889.0,1.41,14.8,46.6,24.18,29.9,4.28,1783813500,2026-07-11 23:45:00,96
235418,2026-07-12,26.85,30.8,23.7,86.84,95.9,71.4,0.0,0.0,172.96,1049.0,1.01,11.7,34.58,24.41,29.93,3.31,1783899900,2026-07-12 23:45:00,96
235418,2026-07-13,26.37,31.8,22.8,86.38,96.2,62.6,3.8,0.54,200.88,1267.0,1.19,15.9,72.44,23.81,29.96,3.71,1783986300,2026-07-13 23:45:00,96
235418,2026-07-14,27.55,32.6,24.6,85.36,96.2,65.0,0.0,0.0,232.99,1116.0,1.4,16.7,55.75,24.72,29.94,4.6,1784072700,2026-07-14 23:45:00,96
235418,2026-07-15,26.05,30.0,23.4,90.45,96.2,79.0,16.4,3.36,167.35,1183.0,0.79,11.4,145.32,24.36,29.93,2.96,1784159100,2026-07-15 23:45:00,96
235418,2026-07-16,27.56,32.6,23.6,85.22,96.2,62.3,1.6,0.72,244.42,1086.0,1.38,16.6,50.29,24.71,29.92,4.78,1784245500,2026-07-16 23:45:00,96
235418,2026-07-17,27.5,32.7,23.3,84.05,95.9,65.0,0.0,0.0,237.79,1338.0,1.62,15.6,42.91,24.41,29.92,4.68,1784331900,2026-07-17 23:45:00,96
235418,2026-07-18,27.47,32.3,24.1,85.81,95.1,65.7,3.0,0.74,222.7,1273.0,1.38,18.4,64.36,24.8,29.89,4.1,1784414700,2026-07-18 22:45:00,92
235418,2026-07-19,31.12,32.6,27.5,73.78,90.5,63.2,0.0,0.0,486.15,1127.0,1.97,11.3,66.09,25.74,29.83,3.67,1784504700,2026-07-19 23:45:00,34
235418,2026-07-20,24.67,27.7,22.5,92.31,95.9,82.9,12.6,2.0,74.29,504.0,0.93,19.4,154.22,23.36,29.89,1.28,1784591100,2026-07-20 23:45:00,96
235418,2026-07-21,26.47,31.3,23.6,88.78,96.0,72.0,0.2,0.0,147.22,1201.0,0.59,12.3,67.64,24.43,29.88,2.72,1784677500,2026-07-21 23:45:00,96
235418,2026-07-22,26.78,31.7,22.4,85.76,95.7,68.1,0.0,0.0,209.9,1095.0,1.19,13.8,44.02,24.06,29.85,4.17,1784763900,2026-07-22 23:45:00,96
235418,2026-07-23,25.54,29.5,22.7,89.72,96.1,75.2,26.2,3.48,144.42,984.0,0.91,16.6,138.11,23.7,29.91,2.59,1784850300,2026-07-23 23:45:00,96
235418,2026-07-24,26.51,32.3,22.6,87.91,96.6,66.9,2.6,0.49,209.09,1259.0,0.87,18.4,65.54,24.24,29.91,4.05,1784936700,2026-07-24 23:45:00,95
235418,2026-07-25,26.82,32.8,24.1,87.73,95.8,68.0,0.0,0.0,183.18,1181.0,1.0,16.0,55.27,24.53,29.93,2.39,1785023100,2026-07-25 23:45:00,79
235418,2026-07-26,25.89,30.5,24.3,89.51,95.3,72.7,0.4,0.01,137.51,1229.0,1.14,16.7,154.32,24.02,29.96,1.91,1785088800,2026-07-26 18:00:00,73
235418,2026-07-27,26.4,33.1,21.4,82.36,96.4,58.8,0.0,0.0,306.06,979.0,1.29,11.4,81.69,22.9,29.93,5.16,1785195900,2026-07-27 23:45:00,84
235418,2026-07-28,26.77,32.4,22.6,85.96,96.0,66.9,0.8,0.1,203.33,1206.0,0.93,16.1,50.5,24.11,29.9,3.79,1785282300,2026-07-28 23:45:00,96
235418,2026-07-29,25.34,30.8,23.3,91.91,96.6,73.3,5.6,0.41,45.17,394.0,0.69,16.2,41.76,23.87,29.89,0.74,1785368700,2026-07-29 23:45:00,75
235418,2026-07-30,27.98,32.8,23.3,84.3,96.2,64.9,0.0,0.0,236.19,1134.0,1.19,14.8,36.23,24.88,29.89,3.13,1785455100,2026-07-30 23:45:00,57
235418,2026-07-31,24.75,26.7,23.4,92.7,95.7,85.6,5.8,0.83,74.45,376.0,0.57,9.0,138.43,23.49,29.93,1.14,1785541500,2026-07-31 23:45:00,87
235418,2026-08-01,27.25,33.7,21.7,81.85,97.0,59.2,0.0,0.0,342.86,1053.0,0.85,11.0,109.84,23.61,29.92,5.48,1785627900,2026-08-01 23:45:00,81
235418,2026-08-02,25.89,33.3,22.6,89.62,96.9,65.0,0.0,0.0,166.85,1042.0,0.36,11.1,37.53,23.98,29.91,2.08,1785691800,2026-08-02 17:30:00,66
235420,2026-05-25,24.97,28.1,22.0,85.35,92.3,74.2,3.0,0.27,157.58,1013.0,6.07,29.0,208.39,22.33,29.95,2.93,1779752700,2026-05-25 23:45:00,95
235420,2026-05-26,26.43,32.2,23.3,82.6,94.9,56.5,5.8,0.82,296.2,1241.0,5.49,32.2,192.62,22.98,29.95,5.37,1779829200,2026-05-26 21:00:00,85
235420,2026-05-27,26.35,31.6,23.5,82.69,93.9,59.9,15.8,2.27,210.02,1311.0,5.8,23.3,168.77,23.07,29.95,3.89,1779925500,2026-05-27 23:45:00,91
235420,2026-05-28,26.29,30.2,23.0,81.76,93.7,67.3,0.0,0.0,221.04,1317.0,4.77,25.7,123.9,22.86,29.93,4.24,1780011900,2026-05-28 23:45:00,96
235420,2026-05-29,27.1,33.1,22.3,78.03,94.2,56.0,0.0,0.0,271.25,1160.0,5.47,27.2,146.18,22.7,29.92,5.61,1780098300,2026-05-29 23:45:00,96
235420,2026-05-30,27.03,33.0,23.2,79.44,93.2,56.6,0.0,0.0,201.22,1223.0,4.1,29.0,149.21,23.01,29.96,3.81,1780184700,2026-05-30 23:45:00,92
235420,2026-05-31,25.92,31.1,21.8,77.06,90.7,55.6,2.2,0.22,235.3,1021.0,7.93,49.2,185.24,21.4,30.01,4.95,1780271100,2026-05-31 23:45:00,96
235420,2026-06-01,26.52,31.8,23.2,80.33,92.3,63.2,0.6,0.13,205.5,1301.0,3.94,25.7,165.83,22.78,29.97,4.06,1780357500,2026-06-01 23:45:00,96
235420,2026-06-02,25.8,30.4,22.8,83.47,93.9,64.7,2.4,0.48,173.78,1090.0,6.09,33.8,193.97,22.72,29.97,3.41,1780443900,2026-06-02 23:45:00,96
235420,2026-06-03,24.94,27.6,22.9,87.65,94.2,78.2,13.4,1.52,164.55,1176.0,4.86,24.1,201.97,22.74,29.97,3.11,1780530300,2026-06-03 23:45:00,96
235420,2026-06-04,24.95,28.3,22.7,88.1,94.7,74.5,2.4,0.16,166.73,1253.0,4.78,29.0,193.25,22.81,29.99,3.22,1780616700,2026-06-04 23:45:00,96
235420,2026-06-05,24.85,27.3,23.2,88.43,94.3,79.6,1.6,0.15,180.49,1042.0,4.97,25.7,186.84,22.81,30.0,3.41,1780703100,2026-06-05 23:45:00,96
235420,2026-06-06,25.93,30.9,22.7,83.5,94.7,62.5,0.0,0.0,227.54,1296.0,4.08,24.1,175.85,22.76,29.96,4.52,1780789500,2026-06-06 23:45:00,96
235420,2026-06-07,24.25,26.7,21.7,88.04,94.2,79.3,0.4,0.01,112.42,490.0,3.39,17.7,157.07,22.16,29.96,2.06,1780875900,2026-06-07 23:45:00,96
235420,2026-06-08,25.22,28.8,22.9,88.25,94.7,75.5,6.2,0.87,154.31,1106.0,4.32,20.9,180.72,23.11,30.01,3.01,1780962300,2026-06-08 23:45:00,96
235420,2026-06-09,26.74,33.1,23.4,80.38,93.2,53.7,0.4,0.04,255.8,1144.0,5.63,22.0,98.18,22.86,30.02,5.06,1781048700,2026-06-09 23:45:00,96
235420,2026-06-10,26.42,32.8,22.3,78.79,90.7,58.1,0.0,0.0,263.3,1245.0,6.63,25.7,156.06,22.28,29.97,5.33,1781135100,2026-06-10 23:45:00,96
235420,2026-06-11,25.32,29.7,23.1,87.36,93.9,73.2,5.8,0.95,170.82,1185.0,4.6,27.6,167.02,23.03,29.95,3.19,1781221500,2026-06-11 23:45:00,96
235420,2026-06-12,25.66,31.6,22.9,86.84,95.4,60.4,0.0,0.0,219.31,1320.0,4.59,27.2,181.6,23.21,29.98,3.63,1781307900,2026-06-12 23:45:00,84
235420,2026-06-13,27.58,32.7,23.9,76.61,94.6,49.4,0.0,0.0,299.46,1099.0,4.89,29.0,119.03,22.68,29.96,6.07,1781394300,2026-06-13 23:45:00,96
235420,2026-06-14,26.3,33.3,20.9,78.2,94.8,52.2,0.0,0.0,268.2,1220.0,4.49,26.0,100.33,21.88,29.97,5.36,1781480700,2026-06-14 23:45:00,96
235420,2026-06-15,26.71,31.7,23.7,79.1,93.6,55.6,0.2,0.0,216.72,1102.0,6.17,37.0,162.5,22.58,29.99,4.68,1781567100,2026-06-15 23:45:00,96
235420,2026-06-16,25.52,30.1,22.1,82.13,95.0,59.3,0.0,0.0,226.15,1248.0,5.17,30.3,144.33,22.12,30.02,4.38,1781653500,2026-06-16 23:45:00,96
235420,2026-06-17,25.67,32.0,21.3,80.67,94.8,58.1,0.2,0.0,240.45,1202.0,4.02,30.3,178.08,21.9,30.01,4.78,1781739900,2026-06-17 23:45:00,96
235420,2026-06-18,25.41,30.4,23.6,86.07,92.4,66.4,18.2,2.5,153.0,1072.0,4.11,27.4,106.71,22.88,30.02,2.79,1781826300,2026-06-18 23:45:00,96
235420,2026-06-19,24.74,29.2,22.2,88.87,95.3,75.2,6.6,1.41,162.71,1354.0,3.4,35.2,158.82,22.75,30.01,2.93,1781912700,2026-06-19 23:45:00,96
235420,2026-06-20,26.39,32.2,23.3,83.63,94.9,57.9,0.6,0.09,287.99,1134.0,4.24,26.6,134.44,23.19,29.98,5.65,1781999100,2026-06-20 23:45:00,96
235420,2026-06-21,26.88,32.0,23.6,80.38,92.8,61.4,1.2,0.23,296.07,1137.0,5.87,23.0,183.08,23.07,29.94,5.73,1782085500,2026-06-21 23:45:00,96
235420,2026-06-22,26.03,31.1,23.1,84.73,93.6,67.5,14.6,3.02,244.9,1245.0,4.86,25.6,149.68,23.18,29.98,4.77,1782171900,2026-06-22 23:45:00,96
235420,2026-06-23,25.81,31.4,23.5,81.55,90.4,56.8,0.0,0.0,204.52,1202.0,10.44,37.7,56.62,22.3,30.0,2.89,1782258300,2026-06-23 23:45:00,79
235420,2026-06-24,25.97,30.6,22.6,79.86,88.5,66.6,4.0,0.98,223.21,1296.0,8.23,33.0,116.53,22.2,29.96,4.17,1782344700,2026-06-24 23:45:00,96
235420,2026-06-25,25.58,30.5,22.4,85.41,93.8,65.8,1.0,0.08,220.93,1262.0,5.54,25.4,192.83,22.87,29.98,4.06,1782427500,2026-06-25 22:45:00,92
235420,2026-06-26,26.41,31.6,21.7,79.91,94.3,58.7,0.0,0.0,301.78,1099.0,3.89,25.0,133.88,22.45,30.0,5.52,1782517500,2026-06-26 23:45:00,88
235420,2026-06-27,25.77,31.8,22.4,81.63,91.8,59.6,0.0,0.0,211.99,1195.0,4.69,22.5,159.54,22.29,30.0,3.19,1782603900,2026-06-27 23:45:00,82
235420,2026-06-28,25.23,27.9,23.6,87.06,93.0,77.1,4.2,0.94,154.21,735.0,5.01,27.2,159.99,22.92,29.97,2.93,1782690300,2026-06-28 23:45:00,96
235420,2026-06-29,25.67,31.3,21.6,82.93,93.7,64.4,0.0,0.0,219.26,1143.0,3.46,24.7,107.39,22.4,29.95,4.04,1782776700,2026-06-29 23:45:00,87
235420,2026-06-30,26.57,29.5,24.4,83.18,90.5,75.1,0.0,0.0,159.18,861.0,7.38,26.2,147.32,23.46,29.92,3.32,1782863100,2026-06-30 23:45:00,96
235420,2026-07-01,25.39,30.5,21.8,86.11,93.1,71.0,3.0,0.45,200.67,1274.0,3.71,24.2,150.54,22.85,29.92,3.85,1782949500,2026-07-01 23:45:00,96
235420,2026-07-02,25.99,30.8,23.0,84.86,92.8,69.4,8.8,2.48,245.09,1339.0,4.81,27.4,156.62,23.19,29.93,4.77,1783035900,2026-07-02 23:45:00,96
235420,2026-07-03,24.48,26.3,22.4,90.41,93.4,85.7,55.8,5.62,105.73,545.0,3.22,22.7,152.72,22.84,29.98,1.94,1783122300,2026-07-03 23:45:00,96
235420,2026-07-04,25.01,28.7,22.8,89.85,94.2,79.6,3.8,0.95,148.93,710.0,1.53,17.3,136.98,23.24,29.98,2.69,1783208700,2026-07-04 23:45:00,96
235420,2026-07-05,27.02,30.9,23.8,83.73,90.8,69.0,0.0,0.0,318.21,1132.0,7.18,23.2,140.14,24.03,29.98,5.1,1783295100,2026-07-05 23:45:00,96
235420,2026-07-06,25.97,29.8,23.2,87.0,92.9,78.4,47.8,8.54,227.12,1269.0,5.64,23.5,185.46,23.68,29.99,3.28,1783381500,2026-07-06 23:45:00,91
235420,2026-07-07,25.67,29.9,23.4,88.15,93.6,76.3,3.2,0.5,252.83,1445.0,4.1,35.6,150.92,23.61,30.01,2.8,1783467900,2026-07-07 23:45:00,80
235420,2026-07-08,26.0,28.8,23.8,87.9,93.6,81.8,4.6,1.34,199.19,881.0,3.93,20.5,144.45,23.84,29.97,2.96,1783554300,2026-07-08 23:45:00,96
235420,2026-07-09,25.84,28.8,24.1,88.43,93.2,82.2,15.0,5.31,197.56,1222.0,4.6,29.7,155.51,23.82,29.97,3.13,1783640700,2026-07-09 23:45:00,96
235420,2026-07-10,25.37,29.1,23.5,90.13,93.8,83.6,24.6,2.91,152.31,1102.0,2.42,31.9,140.96,23.68,29.97,2.3,1783727100,2026-07-10 23:45:00,96
235420,2026-07-11,25.98,28.9,23.6,85.84,90.9,79.1,8.6,2.89,211.41,1088.0,6.47,24.9,95.16,23.46,29.96,3.42,1783813500,2026-07-11 23:45:00,96
235420,2026-07-12,26.31,30.3,23.8,86.29,93.3,75.6,2.6,1.1,253.42,1278.0,3.58,19.7,130.08,23.84,29.98,3.99,1783899900,2026-07-12 23:45:00,96
235420,2026-07-13,24.9,30.3,22.2,87.41,92.8,72.6,11.8,1.86,258.02,1477.0,4.16,27.8,170.79,22.69,30.02,2.95,1783986300,2026-07-13 23:45:00,79
235420,2026-07-14,26.68,31.3,23.4,82.85,92.2,70.0,5.4,2.41,328.52,1222.0,4.24,30.7,85.0,23.49,29.99,5.29,1784072700,2026-07-14 23:45:00,96
235420,2026-07-15,26.94,31.3,23.6,83.31,93.4,69.4,0.6,0.01,309.79,1107.0,3.6,23.2,84.16,23.87,29.97,5.01,1784159100,2026-07-15 23:45:00,96
235420,2026-07-16,27.02,31.2,23.9,82.13,91.7,70.7,0.0,0.0,310.52,1332.0,5.16,24.2,146.12,23.66,29.97,5.06,1784245500,2026-07-16 23:45:00,96
235420,2026-07-17,27.19,32.3,23.3,81.54,92.5,66.7,0.0,0.0,322.55,1262.0,4.39,22.8,136.51,23.71,29.98,5.21,1784331900,2026-07-17 23:45:00,96
235420,2026-07-18,26.48,29.7,24.6,83.45,89.6,77.9,5.4,0.8,250.28,1299.0,7.31,39.9,77.67,23.47,29.95,4.15,1784418300,2026-07-18 23:45:00,96
235420,2026-07-19,25.82,29.1,24.2,86.38,89.8,81.1,20.2,3.48,195.42,1113.0,8.17,29.1,73.3,23.41,29.92,3.13,1784504700,2026-07-19 23:45:00,96
235420,2026-07-20,25.58,28.4,23.8,87.69,92.0,83.2,35.0,7.09,204.61,1141.0,6.46,24.2,147.53,23.42,29.93,3.12,1784591100,2026-07-20 23:45:00,96
235420,2026-07-21,25.92,30.2,23.2,88.44,93.5,79.4,2.8,0.67,266.85,1171.0,4.09,27.9,104.41,23.91,29.93,3.97,1784677500,2026-07-21 23:45:00,96
235420,2026-07-22,26.57,30.8,22.9,83.82,92.4,71.8,0.0,0.0,290.34,1125.0,4.18,21.2,156.09,23.62,29.9,4.83,1784763900,2026-07-22 23:45:00,95
235420,2026-07-23,25.93,28.4,22.6,85.29,91.8,77.4,0.0,0.0,199.59,1002.0,3.04,19.5,119.72,23.28,29.94,3.0,1784850300,2026-07-23 23:45:00,96
235420,2026-07-24,26.26,29.9,24.1,86.55,92.4,81.3,10.0,1.54,224.99,1194.0,4.33,26.0,121.37,23.88,29.96,3.56,1784936700,2026-07-24 23:45:00,96
235420,2026-07-25,25.8,28.8,24.0,87.27,91.1,83.2,31.2,3.95,205.37,1069.0,5.97,31.4,88.42,23.56,29.99,3.14,1785023100,2026-07-25 23:45:00,96
235420,2026-07-26,25.67,28.9,21.4,87.09,92.2,81.9,8.0,1.71,288.31,1512.0,5.71,40.9,163.29,23.37,29.99,4.27,1785109500,2026-07-26 23:45:00,96
235420,2026-07-27,25.57,30.8,21.3,84.22,92.9,70.1,0.2,0.0,353.87,1130.0,4.18,22.8,197.78,22.7,29.98,5.65,1785195900,2026-07-27 23:45:00,95
235420,2026-07-28,27.52,31.9,23.8,82.09,91.6,70.7,0.0,0.0,324.83,1167.0,4.47,21.0,194.07,24.16,29.95,5.45,1785282300,2026-07-28 23:45:00,96
235420,2026-07-29,26.82,30.0,24.4,84.15,90.5,78.0,0.0,0.0,301.02,1253.0,5.95,26.7,178.68,23.92,29.95,4.86,1785368700,2026-07-29 23:45:00,96
235420,2026-07-30,27.04,31.5,22.9,84.89,92.2,72.4,4.6,1.6,319.11,1172.0,4.77,25.7,150.27,24.29,29.96,5.16,1785455100,2026-07-30 23:45:00,96
235420,2026-07-31,25.03,29.6,22.9,88.09,92.6,83.0,20.0,4.6,189.19,1266.0,4.8,35.4,155.93,22.95,29.98,2.53,1785541500,2026-07-31 23:45:00,95
235420,2026-08-01,26.56,31.2,22.3,85.88,93.7,74.3,0.0,0.0,343.96,1209.0,5.86,31.3,164.68,24.03,29.96,5.54,1785627900,2026-08-01 23:45:00,89
235420,2026-08-02,27.48,31.5,23.6,81.72,92.4,68.7,0.0,0.0,380.99,1121.0,5.05,27.2,167.26,24.05,29.95,5.52,1785708000,2026-08-02 22:00:00,89
235597,2026-05-05,28.86,33.0,25.3,70.78,84.5,47.7,0.0,0.0,121.67,585.0,4.28,19.3,114.6,22.55,29.95,0.43,1778024700,2026-05-05 23:45:00,15
235597,2026-05-06,26.35,33.2,21.4,74.88,91.0,48.7,0.0,0.0,246.84,1092.0,4.32,27.5,142.9,21.16,30.02,5.21,1778111100,2026-05-06 23:45:00,96
235597,2026-05-07,26.79,33.7,22.4,76.26,92.4,46.1,0.0,0.0,216.49,1051.0,3.51,33.4,139.58,21.89,30.0,4.4,1778197500,2026-05-07 23:45:00,96
235597,2026-05-08,25.97,31.7,22.9,80.66,92.3,59.8,0.0,0.0,253.86,991.0,5.14,24.0,92.18,22.24,29.98,5.05,1778283900,2026-05-08 23:45:00,96
235597,2026-05-09,25.84,31.6,22.7,76.34,89.9,52.6,0.0,0.0,273.67,1018.0,5.35,26.0,88.77,21.09,29.96,5.6,1778370300,2026-05-09 23:45:00,96
235597,2026-05-10,25.61,31.8,22.5,77.78,91.3,53.9,0.2,0.0,208.66,1188.0,4.18,26.3,91.85,21.28,29.98,4.17,1778456700,2026-05-10 23:45:00,96
235597,2026-05-11,25.93,32.6,22.2,77.78,90.2,55.4,0.0,0.0,225.0,1058.0,3.81,24.1,94.44,21.53,30.0,4.56,1778543100,2026-05-11 23:45:00,96
235597,2026-05-12,25.44,30.0,23.3,81.42,93.5,59.3,2.2,0.7,149.8,1113.0,4.69,30.5,149.6,21.95,30.03,2.91,1778629500,2026-05-12 23:45:00,96
235597,2026-05-13,25.71,30.7,22.3,77.44,92.1,57.0,0.0,0.0,183.93,1195.0,3.87,26.3,177.71,21.29,30.04,3.79,1778715900,2026-05-13 23:45:00,96
235597,2026-05-14,26.3,30.8,22.1,72.18,86.8,57.9,0.0,0.0,154.5,1297.0,3.71,21.4,205.97,20.81,30.03,3.17,1778802300,2026-05-14 23:45:00,96
235597,2026-05-15,26.48,33.5,21.6,75.13,92.8,45.4,0.0,0.0,205.15,1148.0,3.1,22.6,121.07,21.3,30.03,4.32,1778888700,2026-05-15 23:45:00,96
235597,2026-05-16,25.07,30.3,22.2,84.32,91.9,63.1,6.6,1.56,145.22,1197.0,2.99,16.6,102.68,22.21,30.02,2.77,1778975100,2026-05-16 23:45:00,96
235597,2026-05-17,24.44,27.6,21.9,85.84,93.4,72.1,1.0,0.19,135.06,619.0,4.85,19.0,227.4,21.87,30.01,2.31,1779061500,2026-05-17 23:45:00,96
235597,2026-05-18,25.32,30.5,22.4,81.06,93.7,62.5,0.0,0.0,173.78,1165.0,2.83,23.4,93.97,21.69,30.03,3.39,1779147900,2026-05-18 23:45:00,96
235597,2026-05-19,25.07,29.4,22.7,80.56,90.1,61.9,0.0,0.0,140.67,1042.0,3.65,21.0,133.84,21.38,30.03,2.86,1779234300,2026-05-19 23:45:00,96
235597,2026-05-20,25.1,29.1,22.7,83.1,92.1,66.0,0.0,0.0,105.85,1104.0,3.14,19.3,144.83,21.96,30.0,2.13,1779320700,2026-05-20 23:45:00,96
235597,2026-05-21,25.36,30.1,22.8,84.02,93.2,64.7,1.4,0.13,114.36,1165.0,2.6,22.0,166.29,22.38,29.99,2.15,1779407100,2026-05-21 23:45:00,96
235597,2026-05-22,25.27,30.7,22.7,86.08,94.9,63.5,0.2,0.04,146.81,1116.0,2.41,26.4,140.8,22.66,30.01,2.81,1779493500,2026-05-22 23:45:00,96
235597,2026-05-23,23.62,26.9,21.8,89.62,95.0,78.4,0.4,0.26,73.29,496.0,2.66,19.9,175.32,21.83,30.04,1.36,1779579900,2026-05-23 23:45:00,96
235597,2026-05-24,24.93,30.6,20.9,81.73,92.9,61.1,9.8,1.46,161.27,1160.0,2.91,24.6,204.03,21.46,30.01,3.14,1779666300,2026-05-24 23:45:00,96
235597,2026-05-25,23.36,26.0,21.1,89.29,94.6,78.4,63.0,6.7,117.59,1028.0,4.57,20.9,248.82,21.5,30.01,2.08,1779752700,2026-05-25 23:45:00,96
235597,2026-05-26,25.47,30.6,22.6,83.83,94.8,59.3,3.8,0.47,178.44,1143.0,2.31,21.6,170.89,22.39,30.0,3.56,1779839100,2026-05-26 23:45:00,96
235597,2026-05-27,24.74,28.0,22.9,86.71,94.8,74.0,0.6,0.06,147.02,1194.0,3.6,23.3,152.99,22.34,30.02,2.8,1779925500,2026-05-27 23:45:00,96
235597,2026-05-28,25.06,28.8,22.3,84.89,94.4,68.4,0.0,0.0,212.61,1093.0,3.72,24.1,143.84,22.27,30.0,4.1,1780011900,2026-05-28 23:45:00,96
235597,2026-05-29,25.74,31.3,22.2,81.41,93.3,61.0,0.0,0.0,199.43,1071.0,3.43,21.2,137.52,22.15,29.99,3.95,1780098300,2026-05-29 23:45:00,96
235597,2026-05-30,25.93,31.6,22.7,81.23,91.1,59.5,0.0,0.0,216.77,1053.0,3.39,26.0,135.08,22.35,30.03,4.32,1780184700,2026-05-30 23:45:00,96
235597,2026-05-31,24.34,29.5,20.9,80.17,93.1,56.8,0.4,0.05,166.49,902.0,5.91,24.3,220.1,20.53,30.07,3.24,1780271100,2026-05-31 23:45:00,96
235597,2026-06-01,25.37,30.2,21.8,79.97,91.6,66.2,0.0,0.0,199.98,1188.0,3.55,32.2,202.21,21.59,30.03,3.84,1780357500,2026-06-01 23:45:00,96
235597,2026-06-02,24.64,28.0,21.7,85.29,92.8,71.6,2.6,1.26,130.83,998.0,4.51,19.3,239.34,21.97,30.03,2.39,1780443900,2026-06-02 23:45:00,96
235597,2026-06-03,23.91,26.6,21.9,89.96,94.6,79.4,5.2,0.38,117.29,728.0,3.79,19.3,239.46,22.16,30.03,2.21,1780530300,2026-06-03 23:45:00,96
235597,2026-06-04,25.19,27.6,23.4,84.44,90.5,77.1,0.0,0.0,201.67,1178.0,4.82,24.1,265.2,22.34,30.04,2.27,1780616700,2026-06-04 23:45:00,51
235597,2026-06-05,23.54,25.8,22.3,89.88,93.8,82.3,0.6,0.06,108.66,933.0,4.12,21.4,264.29,21.8,30.07,1.5,1780682400,2026-06-05 18:00:00,73
235597,2026-06-07,23.42,28.7,21.0,88.06,94.0,70.2,22.0,1.52,135.1,995.0,4.06,21.6,272.07,21.31,30.02,1.66,1780875900,2026-06-07 23:45:00,67
235597,2026-06-08,23.63,26.7,22.1,91.96,95.6,81.3,28.6,3.44,105.04,791.0,3.24,16.9,189.38,22.26,30.07,1.86,1780962300,2026-06-08 23:45:00,96
235597,2026-06-09,25.07,31.3,21.9,84.58,94.5,58.8,0.0,0.0,226.5,1002.0,2.87,25.6,90.66,22.14,30.09,4.53,1781048700,2026-06-09 23:45:00,96
235597,2026-06-10,24.56,30.2,20.7,81.85,90.7,64.9,0.0,0.0,209.92,1076.0,2.78,17.1,86.34,21.18,30.04,4.1,1781135100,2026-06-10 23:45:00,96
235597,2026-06-11,24.16,28.5,22.5,89.03,94.0,75.6,16.6,2.85,140.52,919.0,3.14,19.5,142.29,22.23,30.01,2.59,1781221500,2026-06-11 23:45:00,96
235597,2026-06-12,25.4,30.2,22.1,85.15,95.6,66.8,0.0,0.0,284.93,1060.0,5.21,24.4,232.18,22.65,30.03,5.19,1781307900,2026-06-12 23:45:00,92
235597,2026-06-13,25.96,31.3,22.1,82.16,95.9,55.4,0.0,0.0,232.48,1111.0,2.68,20.2,138.88,22.45,30.03,4.58,1781394300,2026-06-13 23:45:00,96
235597,2026-06-14,24.88,31.3,21.2,83.4,93.7,61.3,0.0,0.0,233.89,1074.0,2.86,17.9,107.07,21.74,30.04,4.5,1781480700,2026-06-14 23:45:00,96
235597,2026-06-15,24.93,29.7,22.3,85.01,94.5,64.5,2.2,0.23,143.93,962.0,2.47,17.0,157.23,22.12,30.06,2.67,1781567100,2026-06-15 23:45:00,96
235597,2026-06-16,23.74,27.2,21.3,88.22,95.6,73.2,5.0,0.61,133.26,1127.0,2.78,29.5,178.17,21.64,30.08,2.38,1781653500,2026-06-16 23:45:00,96
235597,2026-06-17,23.92,29.1,20.1,84.62,94.8,68.4,4.8,0.69,152.1,1299.0,2.12,22.6,187.47,21.12,30.08,2.81,1781739900,2026-06-17 23:45:00,96
235597,2026-06-18,24.89,28.2,22.7,86.39,93.8,75.5,0.2,0.0,218.79,1018.0,3.49,20.8,120.76,22.44,30.09,2.96,1781826300,2026-06-18 23:45:00,70
235597,2026-06-19,24.25,28.7,22.0,89.06,95.3,69.8,24.0,3.15,169.85,1204.0,2.07,20.6,159.38,22.31,30.07,3.18,1781912700,2026-06-19 23:45:00,96
235597,2026-06-20,24.36,29.8,22.0,88.69,95.5,66.2,3.0,0.67,180.38,1121.0,1.86,26.7,138.43,22.27,30.04,3.39,1781999100,2026-06-20 23:45:00,96
235597,2026-06-21,24.72,30.1,21.8,86.52,95.2,67.2,1.2,0.24,176.77,1127.0,2.15,21.3,124.45,22.24,30.01,3.44,1782085500,2026-06-21 23:45:00,96
235597,2026-06-22,27.11,29.8,21.7,79.5,95.1,71.9,2.4,1.48,323.18,1086.0,4.21,22.5,126.12,23.29,30.05,2.32,1782171900,2026-06-22 23:45:00,40
235597,2026-06-23,25.15,29.7,21.8,80.82,93.9,60.8,0.0,0.0,260.95,909.0,4.67,30.6,92.49,21.47,30.06,5.16,1782258300,2026-06-23 23:45:00,96
235597,2026-06-24,24.62,29.2,21.1,81.25,90.2,68.1,0.4,0.05,235.94,1118.0,4.2,23.3,90.06,21.2,30.04,4.14,1782338400,2026-06-24 22:00:00,89
235597,2026-06-25,23.01,24.2,21.9,90.65,94.0,83.1,0.2,0.01,51.85,454.0,4.36,18.6,229.44,21.4,30.05,0.51,1782399600,2026-06-25 15:00:00,52
235597,2026-06-26,25.22,29.8,21.6,82.54,94.0,64.1,0.0,0.0,320.94,1002.0,2.59,12.9,96.73,22.13,30.1,1.68,1782517500,2026-06-26 23:45:00,37
235597,2026-06-27,24.41,30.4,21.6,83.86,93.2,59.9,1.0,0.41,167.57,1065.0,2.02,14.0,88.34,21.41,30.07,2.66,1782603900,2026-06-27 23:45:00,82
235597,2026-06-28,23.97,26.3,22.2,89.09,94.5,80.5,2.2,0.45,115.64,649.0,3.34,21.4,157.79,22.08,30.03,2.15,1782690300,2026-06-28 23:45:00,95
235597,2026-06-29,24.54,30.7,21.6,83.47,92.1,61.3,2.2,0.48,72.59,911.0,2.79,19.2,267.34,21.46,30.0,1.22,1782776700,2026-06-29 23:45:00,79
235597,2026-06-30,24.43,27.6,23.1,89.57,94.4,79.1,0.6,0.07,56.56,705.0,3.39,20.9,126.21,22.61,29.99,0.76,1782863100,2026-06-30 23:45:00,73
235597,2026-07-01,24.76,29.8,22.4,88.04,95.2,70.3,1.0,0.24,169.61,1144.0,3.49,22.4,213.3,22.62,29.98,3.16,1782949500,2026-07-01 23:45:00,90
235597,2026-07-02,24.73,29.8,22.8,87.06,94.9,67.0,0.8,0.74,159.98,1176.0,2.93,21.7,135.23,22.41,30.0,2.52,1783035900,2026-07-02 23:45:00,86
235597,2026-07-03,23.41,25.6,21.9,92.19,95.8,82.0,0.2,0.0,86.06,561.0,3.53,17.7,193.59,22.07,30.04,1.58,1783122300,2026-07-03 23:45:00,96
235597,2026-07-04,23.96,28.0,21.2,88.62,94.5,76.5,0.0,0.0,133.08,663.0,2.04,17.7,173.41,21.95,30.05,2.45,1783208700,2026-07-04 23:45:00,96
235597,2026-07-05,25.0,30.4,21.8,85.36,94.8,62.9,0.0,0.0,188.1,1194.0,3.06,16.9,110.42,22.29,30.05,3.63,1783295100,2026-07-05 23:45:00,96
235597,2026-07-06,24.03,28.1,22.7,91.21,95.7,76.2,5.6,1.25,100.91,933.0,2.77,16.1,187.96,22.51,30.06,1.34,1783381500,2026-07-06 23:45:00,78
235597,2026-07-07,25.01,28.9,22.2,86.45,95.3,72.4,0.2,0.0,171.91,1271.0,3.39,26.2,223.69,22.56,30.06,3.22,1783467900,2026-07-07 23:45:00,96
235597,2026-07-08,25.05,27.7,23.0,87.68,94.5,79.0,1.0,0.22,165.69,886.0,3.32,21.7,228.01,22.86,30.03,3.14,1783554300,2026-07-08 23:45:00,96
235597,2026-07-09,24.64,28.8,22.7,89.56,95.6,72.5,4.2,0.52,161.9,970.0,3.43,26.3,202.88,22.79,30.03,3.06,1783640700,2026-07-09 23:45:00,96
235597,2026-07-10,25.04,29.6,22.8,86.97,95.5,72.8,0.0,0.0,198.02,1014.0,3.36,23.3,130.12,22.68,30.03,3.81,1783727100,2026-07-10 23:45:00,88
235597,2026-07-11,24.36,28.5,21.9,87.7,93.9,71.1,16.2,1.76,135.25,1014.0,3.58,19.5,90.67,22.18,30.03,2.42,1783813500,2026-07-11 23:45:00,96
235597,2026-07-12,24.13,28.7,21.6,90.45,95.9,75.0,9.8,2.01,136.08,1005.0,2.19,14.7,124.74,22.46,30.05,2.56,1783899900,2026-07-12 23:45:00,96
235597,2026-07-13,23.74,27.8,21.7,91.43,95.9,77.4,0.8,0.02,160.85,1250.0,2.32,17.6,187.14,22.26,30.09,1.83,1783986300,2026-07-13 23:45:00,73
235597,2026-07-14,23.72,29.7,21.9,91.8,96.4,68.2,5.2,2.01,106.0,1109.0,1.38,11.7,101.59,22.25,30.06,1.6,1784072700,2026-07-14 23:45:00,64
235597,2026-07-15,24.94,29.9,22.1,87.83,95.8,71.1,1.0,0.24,197.11,1044.0,2.47,20.9,97.38,22.73,30.04,3.33,1784159100,2026-07-15 23:45:00,89
235597,2026-07-16,24.44,28.2,22.4,89.59,94.7,78.0,6.8,0.95,141.11,1100.0,2.38,13.8,94.56,22.62,30.04,2.52,1784245500,2026-07-16 23:45:00,96
235597,2026-07-17,25.38,30.4,22.2,85.65,95.6,67.7,0.0,0.0,197.82,1130.0,2.97,23.0,86.62,22.7,30.05,3.74,1784331900,2026-07-17 23:45:00,96
235597,2026-07-18,24.82,29.2,22.7,87.39,94.4,73.0,0.6,0.04,208.87,1194.0,4.3,25.3,87.41,22.57,30.02,3.56,1784418300,2026-07-18 23:45:00,92
235597,2026-07-19,24.65,29.6,22.6,87.02,93.3,72.5,0.4,0.02,165.54,1204.0,4.72,24.7,87.92,22.34,30.0,2.95,1784504700,2026-07-19 23:45:00,90
235597,2026-07-20,23.59,26.8,22.3,92.77,95.7,83.4,50.0,6.78,80.11,717.0,2.44,15.1,121.86,22.37,30.0,1.4,1784591100,2026-07-20 23:45:00,96
235597,2026-07-21,23.81,29.3,22.6,92.48,96.4,71.9,0.0,0.05,152.32,1079.0,2.33,14.4,93.38,22.54,30.01,1.78,1784677500,2026-07-21 23:45:00,78
235597,2026-07-22,24.91,30.3,21.0,84.16,95.1,62.7,0.0,0.0,250.62,1048.0,2.56,18.9,117.17,21.93,29.96,4.9,1784763900,2026-07-22 23:45:00,96
235597,2026-07-23,23.07,25.1,22.3,91.33,95.6,83.5,5.8,2.1,0.0,0.0,1.05,8.6,123.16,21.57,29.99,0.0,1784850300,2026-07-23 23:45:00,44
235597,2026-07-24,25.98,30.3,23.4,84.17,94.9,68.7,0.0,0.0,262.18,1165.0,2.91,21.0,124.16,22.97,30.01,2.13,1784936700,2026-07-24 23:45:00,45
235597,2026-07-25,25.47,29.8,22.2,86.19,94.0,73.6,0.0,0.0,232.63,1232.0,3.39,18.6,117.81,22.98,30.05,2.73,1785023100,2026-07-25 23:45:00,59
235597,2026-07-26,23.89,28.2,20.4,89.89,95.5,76.0,8.8,1.3,140.03,1165.0,2.66,26.7,179.26,22.13,30.05,2.47,1785109500,2026-07-26 23:45:00,94
235597,2026-07-27,27.07,30.1,20.4,75.43,93.6,65.5,0.0,0.02,431.07,889.0,4.6,20.8,229.11,22.28,30.03,4.51,1785195900,2026-07-27 23:45:00,54
235597,2026-07-28,24.65,29.9,21.9,87.68,95.5,68.9,0.2,0.01,158.63,1086.0,1.67,17.7,92.13,22.41,30.03,2.39,1785282300,2026-07-28 23:45:00,76
235597,2026-07-29,24.58,29.1,22.3,90.14,95.0,77.0,5.4,1.91,178.59,1150.0,2.23,20.8,123.59,22.87,30.02,3.05,1785367800,2026-07-29 23:30:00,95
235597,2026-07-30,25.17,30.3,22.3,87.97,96.1,70.2,1.8,0.5,230.52,1162.0,2.76,20.5,150.62,22.97,30.03,4.25,1785455100,2026-07-30 23:45:00,92
235597,2026-07-31,24.11,29.1,21.7,89.95,96.4,72.6,45.2,4.76,169.42,1157.0,3.08,24.6,180.79,22.32,30.04,3.16,1785541500,2026-07-31 23:45:00,96
235597,2026-08-01,25.57,30.6,21.9,83.2,94.4,66.2,0.0,0.0,221.24,1188.0,3.59,22.0,253.82,22.43,30.02,4.46,1785627900,2026-08-01 23:45:00,96
235597,2026-08-02,25.75,30.7,22.1,83.97,95.7,64.4,0.0,0.0,263.94,1107.0,2.91,18.1,255.6,22.72,30.02,4.5,1785708000,2026-08-02 22:00:00,85
236176,2026-05-25,25.34,27.4,22.4,82.22,89.5,66.9,0.0,0.0,162.11,552.0,4.64,17.2,214.83,22.1,29.97,2.55,1779752700,2026-05-25 23:45:00,95
236176,2026-05-26,26.96,31.7,23.7,79.71,92.9,61.9,3.2,0.86,199.1,1069.0,6.07,30.8,176.7,23.04,29.96,3.43,1779839100,2026-05-26 23:45:00,96
236176,2026-05-27,26.56,29.8,23.8,80.04,92.2,67.6,0.2,0.01,162.87,893.0,4.14,17.1,241.6,22.84,29.96,2.42,1779925500,2026-05-27 23:45:00,96
236176,2026-05-28,25.49,27.9,23.6,82.78,90.3,73.1,0.0,0.0,112.74,353.0,6.78,25.6,258.72,22.34,29.94,1.92,1780011900,2026-05-28 23:45:00,96
236176,2026-05-29,26.8,31.3,22.3,78.93,87.4,65.3,1.4,0.55,191.06,1093.0,5.49,19.3,257.4,22.85,29.93,3.07,1780098300,2026-05-29 23:45:00,96
236176,2026-05-30,27.91,31.1,24.0,77.91,88.6,64.0,0.2,0.01,221.76,1132.0,3.92,17.3,203.53,23.65,29.96,3.64,1780184700,2026-05-30 23:45:00,96
236176,2026-05-31,26.25,30.6,21.1,79.73,92.5,58.8,26.2,4.17,220.73,1039.0,5.68,37.5,209.16,22.43,30.02,3.48,1780271100,2026-05-31 23:45:00,96
236176,2026-06-01,27.2,32.2,23.1,78.7,90.8,62.5,8.2,1.62,259.41,1202.0,4.53,33.0,205.08,23.11,29.97,4.03,1780357500,2026-06-01 23:45:00,96
236176,2026-06-02,25.59,30.1,22.7,86.18,92.5,68.4,7.2,1.7,204.36,1139.0,5.27,38.1,222.59,23.09,29.98,2.99,1780443900,2026-06-02 23:45:00,96
236176,2026-06-03,24.21,25.8,22.2,90.98,94.3,83.8,66.2,8.09,76.96,473.0,3.35,23.7,225.48,22.67,29.98,1.16,1780530300,2026-06-03 23:45:00,96
236176,2026-06-04,24.02,26.1,22.4,89.64,94.0,80.9,20.4,2.2,92.58,508.0,3.83,22.3,215.92,22.23,29.99,1.45,1780616700,2026-06-04 23:45:00,96
236176,2026-06-05,24.77,28.5,22.6,87.92,94.4,75.1,0.2,0.01,140.62,724.0,3.97,15.0,190.86,22.65,30.01,1.98,1780703100,2026-06-05 23:45:00,96
236176,2026-06-06,26.2,30.8,23.1,83.2,94.5,64.4,0.2,0.0,190.1,1106.0,2.55,18.0,226.73,22.99,29.97,3.16,1780789500,2026-06-06 23:45:00,96
236176,2026-06-07,24.96,27.7,21.6,84.7,92.9,75.7,23.0,2.77,130.1,689.0,5.36,35.8,225.53,22.23,29.97,2.07,1780875900,2026-06-07 23:45:00,96
236176,2026-06-08,25.45,27.8,22.9,84.81,93.5,77.1,2.8,0.68,140.07,533.0,4.49,16.3,256.66,22.73,30.02,2.16,1780962300,2026-06-08 23:45:00,96
236176,2026-06-09,27.44,32.4,22.9,76.86,88.9,58.3,0.0,0.0,285.29,1030.0,4.83,17.7,207.78,22.92,30.02,4.93,1781048700,2026-06-09 23:45:00,96
236176,2026-06-10,27.36,31.7,22.6,76.58,88.6,61.8,0.0,0.0,285.94,1000.0,6.27,19.3,204.81,22.85,29.97,4.76,1781135100,2026-06-10 23:45:00,96
236176,2026-06-11,25.77,28.8,23.1,84.94,92.2,75.6,4.0,0.66,161.6,1041.0,4.76,25.0,210.99,23.07,29.94,2.4,1781221500,2026-06-11 23:45:00,96
236176,2026-06-12,26.88,31.3,23.7,81.67,93.3,64.7,0.0,0.0,251.64,1048.0,4.85,26.7,193.74,23.43,29.97,4.0,1781307900,2026-06-12 23:45:00,96
236176,2026-06-13,27.57,31.4,23.9,74.02,87.1,59.1,0.0,0.0,257.04,1099.0,5.64,25.4,188.53,22.47,29.96,4.02,1781394300,2026-06-13 23:45:00,96
236176,2026-06-14,27.29,32.1,21.7,72.78,87.1,54.3,0.0,0.0,285.33,1046.0,4.66,16.7,227.94,21.81,29.96,4.7,1781480700,2026-06-14 23:45:00,96
236176,2026-06-15,25.85,29.5,23.3,83.01,92.3,69.8,3.0,1.16,146.68,1005.0,5.71,27.4,201.4,22.72,29.99,2.26,1781567100,2026-06-15 23:45:00,96
236176,2026-06-16,25.88,29.6,23.2,81.58,91.5,69.4,0.0,0.0,271.0,1259.0,9.62,31.5,223.44,22.44,30.01,4.48,1781653500,2026-06-16 23:45:00,96
236176,2026-06-17,26.92,31.5,22.6,77.84,91.3,62.0,0.0,0.0,259.94,1090.0,4.39,16.8,208.05,22.65,30.01,4.21,1781739900,2026-06-17 23:45:00,96
236176,2026-06-18,26.49,30.2,23.1,82.12,92.6,65.5,4.8,1.03,196.43,807.0,4.78,29.7,211.92,23.14,30.01,3.05,1781826300,2026-06-18 23:45:00,96
236176,2026-06-19,24.85,27.9,22.1,87.48,93.1,79.0,15.2,2.71,139.42,1164.0,4.22,29.2,239.0,22.65,30.01,2.06,1781912700,2026-06-19 23:45:00,96
236176,2026-06-20,27.71,31.7,23.5,76.59,90.0,61.6,0.0,0.0,310.92,1020.0,5.54,20.5,200.85,23.15,29.97,4.7,1781999100,2026-06-20 23:45:00,96
236176,2026-06-21,27.2,31.7,23.1,77.59,90.3,62.2,0.0,0.0,264.69,1058.0,4.88,21.1,229.57,22.88,29.94,4.0,1782085500,2026-06-21 23:45:00,96
236176,2026-06-22,27.46,31.7,22.2,78.53,93.9,61.7,20.8,4.19,267.51,1148.0,5.1,37.4,232.57,23.29,29.99,4.34,1782171900,2026-06-22 23:45:00,96
236176,2026-06-23,27.62,33.1,22.9,72.58,88.7,48.8,0.0,0.0,310.41,870.0,7.19,29.4,183.31,21.94,29.97,5.33,1782258300,2026-06-23 23:45:00,96
236176,2026-06-24,27.12,32.0,22.5,73.25,90.2,57.7,7.2,1.21,253.4,1118.0,8.28,44.0,139.83,21.78,29.95,4.57,1782344700,2026-06-24 23:45:00,96
236176,2026-06-25,26.2,30.5,22.6,81.64,93.5,63.4,9.0,1.76,226.93,1215.0,4.98,28.0,205.45,22.72,29.99,3.43,1782431100,2026-06-25 23:45:00,96
236176,2026-06-26,27.45,31.8,22.4,74.05,87.9,56.4,0.0,0.0,287.81,1025.0,4.71,18.1,203.74,22.3,30.0,4.64,1782517500,2026-06-26 23:45:00,96
236176,2026-06-27,27.21,32.3,22.7,73.48,85.7,51.4,0.0,0.0,227.88,1127.0,4.46,19.3,229.26,21.95,29.98,3.94,1782603900,2026-06-27 23:45:00,96
236176,2026-06-28,24.75,26.7,23.4,88.43,93.9,83.3,19.4,3.65,79.62,378.0,4.75,26.6,220.39,22.72,29.98,1.24,1782690300,2026-06-28 23:45:00,96
236176,2026-06-29,26.74,31.3,22.4,78.9,92.7,62.6,0.0,0.0,213.51,1058.0,4.67,18.4,232.87,22.7,29.95,3.36,1782776700,2026-06-29 23:45:00,96
236176,2026-06-30,25.48,27.6,22.8,85.0,91.0,80.7,4.2,1.94,111.1,626.0,5.34,20.4,265.73,22.81,29.92,1.79,1782863100,2026-06-30 23:45:00,96
236176,2026-07-01,25.71,30.4,22.4,86.02,93.6,70.5,7.6,1.24,186.18,1144.0,3.51,30.6,241.26,23.17,29.92,2.83,1782949500,2026-07-01 23:45:00,96
236176,2026-07-02,25.95,28.8,22.1,85.6,92.4,72.8,11.8,3.1,151.48,1023.0,4.48,27.2,249.1,23.34,29.93,2.25,1783035900,2026-07-02 23:45:00,96
236176,2026-07-03,24.8,26.9,22.2,88.38,94.5,79.5,13.6,2.0,108.11,404.0,3.44,22.5,196.58,22.76,29.98,1.44,1783122300,2026-07-03 23:45:00,96
236176,2026-07-04,25.52,30.3,22.3,82.96,92.5,68.4,2.8,0.98,148.13,951.0,4.29,21.0,230.1,22.42,29.99,2.28,1783208700,2026-07-04 23:45:00,96
236176,2026-07-05,27.3,31.3,23.8,79.85,92.3,61.4,0.0,0.0,223.56,1049.0,4.18,19.3,202.95,23.45,29.98,3.62,1783295100,2026-07-05 23:45:00,96
236176,2026-07-06,25.63,28.7,24.2,88.22,92.5,80.6,14.4,4.1,141.56,1195.0,4.32,19.3,210.78,23.56,29.99,1.95,1783381500,2026-07-06 23:45:00,96
236176,2026-07-07,26.3,30.3,23.8,85.88,93.6,72.1,0.2,0.01,185.18,1114.0,5.24,25.6,205.52,23.77,30.0,2.99,1783467900,2026-07-07 23:45:00,96
236176,2026-07-08,25.28,27.5,23.3,88.97,94.2,79.2,11.0,2.54,87.85,432.0,3.32,25.3,255.66,23.32,29.98,1.44,1783554300,2026-07-08 23:45:00,96
236176,2026-07-09,25.68,28.6,23.6,84.97,92.6,73.3,1.6,0.5,154.27,956.0,6.4,27.2,234.82,22.97,29.98,2.5,1783640700,2026-07-09 23:45:00,96
236176,2026-07-10,25.94,30.2,22.7,83.71,91.2,72.2,20.8,3.0,159.89,997.0,4.66,24.1,255.66,22.94,29.97,2.61,1783727100,2026-07-10 23:45:00,96
236176,2026-07-11,27.21,31.9,23.1,78.0,90.3,61.7,0.0,0.0,246.47,990.0,4.81,25.7,171.8,22.99,29.96,4.07,1783813500,2026-07-11 23:45:00,96
236176,2026-07-12,27.1,30.7,23.8,80.25,93.0,64.1,2.4,0.65,203.46,1013.0,4.79,25.8,206.01,23.33,29.99,3.26,1783899900,2026-07-12 23:45:00,96
236176,2026-07-13,25.7,30.8,20.8,82.83,92.3,65.7,22.8,3.74,213.27,1072.0,6.57,59.6,238.32,22.55,30.01,3.28,1783986300,2026-07-13 23:45:00,96
236176,2026-07-14,27.23,31.9,23.1,79.42,91.8,62.3,0.0,0.0,248.6,1095.0,5.34,23.3,208.84,23.29,29.99,4.1,1784072700,2026-07-14 23:45:00,96
236176,2026-07-15,27.47,31.8,23.4,77.21,92.2,60.9,0.0,0.0,277.89,1032.0,4.49,18.7,218.95,23.05,29.97,4.5,1784159100,2026-07-15 23:45:00,96
236176,2026-07-16,27.51,31.7,23.1,77.97,88.7,64.8,0.0,0.0,253.15,1086.0,5.19,20.6,220.24,23.29,29.97,4.14,1784245500,2026-07-16 23:45:00,96
236176,2026-07-17,27.84,32.8,23.3,77.75,92.5,57.9,0.0,0.0,277.72,1116.0,4.4,19.8,227.67,23.45,29.97,4.71,1784331900,2026-07-17 23:45:00,96
236176,2026-07-18,26.79,32.1,22.2,79.52,92.6,63.2,8.6,1.79,220.63,1097.0,5.89,43.6,202.38,22.89,29.95,3.5,1784418300,2026-07-18 23:45:00,96
236176,2026-07-19,27.04,32.3,23.3,80.3,93.1,61.3,0.0,0.0,246.51,1202.0,5.96,25.7,141.08,23.29,29.92,3.97,1784504700,2026-07-19 23:45:00,96
236176,2026-07-20,25.36,28.2,23.1,87.51,94.4,76.2,3.0,0.61,131.47,874.0,4.61,24.9,212.78,23.13,29.94,1.72,1784591100,2026-07-20 23:45:00,96
236176,2026-07-21,26.86,31.2,23.1,81.26,93.3,62.5,0.0,0.0,191.73,997.0,3.62,16.3,183.16,23.28,29.93,3.05,1784677500,2026-07-21 23:45:00,96
236176,2026-07-22,27.06,31.2,22.3,78.44,92.2,64.8,0.0,0.0,266.19,1197.0,4.24,22.5,221.95,23.0,29.9,4.31,1784763900,2026-07-22 23:45:00,96
236176,2026-07-23,26.13,29.4,22.3,82.09,92.9,70.3,1.0,0.32,188.96,888.0,4.58,21.8,239.38,22.78,29.95,2.79,1784850300,2026-07-23 23:45:00,96
236176,2026-07-24,27.19,31.6,22.7,80.7,89.9,68.3,0.0,0.0,218.81,1062.0,5.15,19.8,216.78,23.54,29.96,3.55,1784936700,2026-07-24 23:45:00,96
236176,2026-07-25,27.19,32.1,23.7,79.82,89.5,62.0,0.0,0.0,232.86,1039.0,5.64,24.8,199.2,23.34,29.98,3.72,1785023100,2026-07-25 23:45:00,96
236176,2026-07-26,24.98,28.1,20.9,86.58,93.7,72.5,25.0,3.29,149.87,1223.0,6.09,49.9,210.65,22.57,30.01,2.28,1785109500,2026-07-26 23:45:00,96
236176,2026-07-27,26.46,31.6,21.1,75.32,93.1,59.5,0.2,0.02,304.17,977.0,5.41,19.9,223.45,21.66,29.98,4.87,1785195900,2026-07-27 23:45:00,96
236176,2026-07-28,27.53,32.2,22.6,77.71,89.4,63.2,0.0,0.0,254.85,1056.0,4.74,17.6,200.14,23.27,29.95,4.08,1785282300,2026-07-28 23:45:00,96
236176,2026-07-29,26.35,29.8,22.8,82.41,94.0,68.6,6.0,1.63,188.01,1055.0,4.22,15.3,248.72,23.09,29.95,2.87,1785368700,2026-07-29 23:45:00,96
236176,2026-07-30,27.64,31.8,22.9,77.38,91.2,60.3,0.0,0.0,306.04,1127.0,4.44,17.7,233.14,23.25,29.96,4.99,1785455100,2026-07-30 23:45:00,96
236176,2026-07-31,25.28,29.2,22.8,85.83,93.1,71.2,4.0,0.79,149.47,1013.0,6.08,30.1,160.15,22.76,29.98,2.43,1785541500,2026-07-31 23:45:00,96
236176,2026-08-01,26.89,32.0,21.9,80.13,93.5,64.0,0.0,0.0,300.72,1162.0,5.12,24.2,221.15,23.08,29.97,4.96,1785627900,2026-08-01 23:45:00,96
236176,2026-08-02,27.81,31.9,23.7,78.1,90.3,60.4,0.0,0.0,330.57,1114.0,5.43,22.5,183.01,23.56,29.96,4.92,1785708000,2026-08-02 22:00:00,89
237976,2026-05-26,26.5,32.5,23.2,80.06,,,7.0,0.77,203.04,981.0,3.34,30.6,7.04,22.47,29.97,4.2,1779839100,2026-05-26 23:45:00,95
237976,2026-05-27,25.86,29.4,23.4,82.12,,,11.4,2.12,144.19,1067.0,3.5,25.7,6.07,22.49,29.98,3.03,1779925500,2026-05-27 23:45:00,96
237976,2026-05-28,26.11,29.9,23.2,80.48,,,0.0,0.0,164.8,1162.0,3.62,19.3,4.55,22.38,29.97,3.29,1780011900,2026-05-28 23:45:00,96
237976,2026-05-29,27.05,32.8,23.1,75.82,,,0.0,0.0,211.11,984.0,4.89,27.4,4.64,22.13,29.96,4.47,1780098300,2026-05-29 23:45:00,96
237976,2026-05-30,27.28,32.8,23.1,75.07,,,0.0,0.0,179.16,958.0,4.05,29.0,4.75,22.26,30.0,3.97,1780184700,2026-05-30 23:45:00,96
237976,2026-05-31,25.86,31.7,21.8,73.88,,,1.6,0.28,167.66,960.0,4.72,29.0,7.44,20.54,30.04,3.68,1780271100,2026-05-31 23:45:00,96
237976,2026-06-01,26.71,31.4,23.2,74.85,,,1.2,0.56,181.16,1109.0,3.24,37.0,5.45,21.76,30.0,3.95,1780357500,2026-06-01 23:45:00,96
237976,2026-06-02,25.27,28.9,22.6,83.7,,,18.2,3.41,129.65,898.0,3.06,40.2,7.48,22.24,30.0,2.53,1780443900,2026-06-02 23:45:00,96
237976,2026-06-03,24.84,27.6,22.6,86.96,,,10.0,2.09,120.01,779.0,1.97,22.5,8.52,22.49,30.0,2.32,1780530300,2026-06-03 23:45:00,96
237976,2026-06-04,25.11,28.1,22.9,85.26,,,0.0,0.0,122.46,1011.0,2.1,24.1,9.07,22.41,30.02,2.37,1780616700,2026-06-04 23:45:00,96
237976,2026-06-05,24.67,26.7,22.8,86.75,,,1.8,0.12,106.8,738.0,2.37,22.5,9.42,22.29,30.03,1.98,1780703100,2026-06-05 23:45:00,96
237976,2026-06-06,24.78,30.2,22.6,85.92,,,3.0,0.74,80.61,896.0,1.47,22.5,7.24,22.18,29.99,1.1,1780789500,2026-06-06 23:45:00,72
237976,2026-06-07,23.91,26.1,21.6,87.78,,,1.0,0.07,63.8,346.0,1.92,16.1,7.4,21.74,29.99,1.2,1780875900,2026-06-07 23:45:00,96
237976,2026-06-08,24.98,28.7,22.7,87.32,,,3.4,0.17,120.04,919.0,2.09,16.1,6.29,22.67,30.03,1.85,1780956900,2026-06-08 22:15:00,79
237976,2026-06-09,26.98,32.3,23.1,78.47,,,0.0,0.0,253.47,962.0,3.48,22.5,2.94,22.7,30.05,4.13,1781048700,2026-06-09 23:45:00,79
237976,2026-06-10,25.68,31.4,22.3,79.82,,,0.6,0.0,175.41,1099.0,4.47,20.9,2.17,21.81,30.01,3.62,1781135100,2026-06-10 23:45:00,96
237976,2026-06-11,25.1,29.7,23.2,86.52,,,6.0,0.81,142.75,1002.0,3.65,22.5,3.62,22.65,29.98,2.8,1781221500,2026-06-11 23:45:00,96
237976,2026-06-12,25.72,31.6,23.0,84.62,,,0.0,0.0,118.26,896.0,3.43,27.4,4.9,22.71,29.99,1.78,1781307900,2026-06-12 23:45:00,69
237976,2026-06-13,27.53,32.7,24.1,76.04,,,0.0,0.0,228.5,893.0,3.66,30.6,4.38,22.52,29.99,4.87,1781394300,2026-06-13 23:45:00,96
237976,2026-06-14,26.32,33.2,22.7,78.53,,,0.0,0.0,188.44,1069.0,3.48,22.5,2.67,22.02,30.0,3.88,1781480700,2026-06-14 23:45:00,96
237976,2026-06-15,26.55,31.6,23.5,77.74,,,0.0,0.0,175.08,983.0,4.43,27.4,4.88,22.08,30.02,3.62,1781567100,2026-06-15 23:45:00,89
237976,2026-06-16,25.43,29.1,23.1,81.7,,,0.0,0.0,104.26,1016.0,2.58,17.7,4.85,21.94,30.03,1.58,1781653500,2026-06-16 23:45:00,70
237976,2026-06-17,25.91,31.4,21.2,78.29,,,0.4,0.08,203.44,1107.0,2.95,25.7,3.75,21.59,30.04,3.25,1781739900,2026-06-17 23:45:00,77
237976,2026-06-18,25.38,29.6,23.1,84.76,,,1.8,0.87,143.15,840.0,3.27,24.1,3.23,22.57,30.05,2.83,1781826300,2026-06-18 23:45:00,96
237976,2026-06-19,25.11,29.4,22.8,86.86,,,17.0,2.99,143.55,1185.0,1.92,22.5,5.78,22.68,30.04,2.8,1781912700,2026-06-19 23:45:00,96
237976,2026-06-20,26.82,31.9,23.8,79.41,,,0.0,0.0,232.7,944.0,4.37,25.7,4.14,22.73,29.99,2.78,1781999100,2026-06-20 23:45:00,56
237976,2026-06-21,26.19,32.2,22.9,81.59,,,0.0,0.0,187.69,1018.0,4.46,24.1,4.03,22.56,29.97,3.64,1782085500,2026-06-21 23:45:00,90
237976,2026-06-22,25.58,30.6,22.4,85.25,,,9.6,1.9,125.69,1056.0,2.3,20.9,3.23,22.83,30.02,2.55,1782171900,2026-06-22 23:45:00,96
237976,2026-06-23,26.26,31.2,23.0,79.1,,,0.0,0.0,238.38,840.0,5.34,27.4,2.63,22.13,30.02,4.65,1782258300,2026-06-23 23:45:00,93
237976,2026-06-24,25.71,30.6,22.2,79.93,,,0.8,0.03,192.38,1072.0,4.87,22.5,2.54,21.93,30.0,3.97,1782343800,2026-06-24 23:30:00,95
237976,2026-06-25,25.35,30.6,22.3,84.11,,,1.0,0.21,154.33,881.0,2.51,20.9,7.23,22.32,30.01,2.73,1782431100,2026-06-25 23:45:00,86
237976,2026-06-26,26.81,32.1,22.8,77.05,,,0.0,0.0,182.89,1065.0,3.66,24.1,3.82,22.2,30.04,3.43,1782517500,2026-06-26 23:45:00,87
237976,2026-06-27,26.48,32.9,22.7,76.85,,,0.0,0.0,166.97,983.0,4.08,29.0,2.92,21.82,30.02,3.66,1782603900,2026-06-27 23:45:00,96
237976,2026-06-28,25.06,28.1,23.3,85.77,,,0.4,0.02,97.76,773.0,3.31,19.3,5.24,22.47,30.0,1.68,1782690300,2026-06-28 23:45:00,89
237976,2026-06-29,26.11,32.4,21.6,79.72,,,0.0,0.0,215.29,998.0,2.86,29.0,6.48,21.98,29.98,4.4,1782776700,2026-06-29 23:45:00,96
237976,2026-06-30,26.06,30.4,23.8,84.89,,,2.2,0.8,113.69,751.0,3.54,24.1,4.65,23.28,29.96,1.84,1782863100,2026-06-30 23:45:00,94
237976,2026-07-01,26.3,32.2,23.2,83.56,,,40.6,6.91,173.99,1176.0,2.21,22.5,6.1,23.13,29.94,2.7,1782949500,2026-07-01 23:45:00,73
237976,2026-07-02,26.03,30.7,22.8,84.91,,,11.4,3.27,210.04,1090.0,3.58,25.7,5.18,23.16,29.97,3.4,1783035900,2026-07-02 23:45:00,76
237976,2026-07-03,23.95,26.2,22.2,92.12,,,54.4,6.41,58.72,417.0,1.62,22.5,6.59,22.56,30.01,1.03,1783122300,2026-07-03 23:45:00,96
237976,2026-07-04,24.8,29.4,21.4,87.45,,,0.0,0.0,109.32,677.0,0.98,14.5,5.53,22.5,30.02,1.95,1783208700,2026-07-04 23:45:00,96
237976,2026-07-05,26.1,30.8,23.1,84.22,,,17.2,3.84,185.55,1005.0,2.73,16.1,3.41,23.12,30.02,3.13,1783295100,2026-07-05 23:45:00,85
237976,2026-07-06,25.27,30.3,22.9,88.28,,,9.2,1.18,153.02,1048.0,2.84,24.1,7.86,23.11,30.02,3.02,1783381500,2026-07-06 23:45:00,96
237976,2026-07-07,25.75,30.1,23.2,87.25,,,7.0,1.3,146.83,1120.0,1.73,30.6,6.11,23.42,30.03,2.83,1783467900,2026-07-07 23:45:00,96
237976,2026-07-08,25.67,28.8,23.6,87.74,,,5.8,1.41,138.01,744.0,2.22,27.4,6.48,23.43,30.0,2.64,1783554300,2026-07-08 23:45:00,96
237976,2026-07-09,25.26,29.3,23.4,89.47,,,3.4,0.77,136.46,1037.0,2.8,25.7,5.03,23.36,30.0,2.58,1783640700,2026-07-09 23:45:00,96
237976,2026-07-10,25.56,30.3,23.4,87.94,,,1.0,0.36,125.19,988.0,2.18,17.7,2.64,23.38,30.0,2.41,1783727100,2026-07-10 23:45:00,96
237976,2026-07-11,25.26,29.7,22.8,87.28,,,10.6,1.79,140.72,1106.0,2.5,20.9,2.58,22.95,29.99,2.64,1783813500,2026-07-11 23:45:00,96
237976,2026-07-12,25.67,29.8,22.9,86.73,,,2.0,0.47,159.49,1020.0,1.72,20.9,2.9,23.22,30.02,2.57,1783899900,2026-07-12 23:45:00,79
237976,2026-07-13,25.08,30.4,21.8,86.98,,,3.0,0.18,169.25,1058.0,2.08,19.3,7.52,22.66,30.04,3.23,1783986300,2026-07-13 23:45:00,96
237976,2026-07-14,25.75,31.6,22.9,85.07,,,1.6,0.42,209.21,1028.0,3.17,22.5,2.42,22.93,30.02,3.6,1784072700,2026-07-14 23:45:00,95
237976,2026-07-15,26.65,31.4,23.3,83.71,,,1.8,1.2,192.89,998.0,3.02,17.7,3.21,23.55,30.01,3.13,1784159100,2026-07-15 23:45:00,80
237976,2026-07-16,25.79,30.4,23.4,87.4,,,4.2,1.07,150.83,1035.0,2.77,16.1,2.27,23.49,30.01,2.84,1784245500,2026-07-16 23:45:00,96
237976,2026-07-17,26.62,32.4,23.6,83.54,,,2.0,0.64,213.52,1009.0,2.45,19.3,2.66,23.44,30.01,4.07,1784331900,2026-07-17 23:45:00,96
237976,2026-07-18,25.8,30.9,23.8,86.78,,,1.4,0.12,171.03,1125.0,3.37,22.5,2.82,23.38,29.98,3.24,1784418300,2026-07-18 23:45:00,93
237976,2026-07-19,25.04,30.4,23.4,88.43,,,22.0,5.11,126.46,1176.0,2.9,22.5,2.64,22.96,29.96,2.4,1784504700,2026-07-19 23:45:00,96
237976,2026-07-20,24.53,26.7,22.9,91.18,,,30.0,4.72,80.57,784.0,1.95,16.1,4.05,22.99,29.96,1.44,1784591100,2026-07-20 23:45:00,93
237976,2026-07-21,25.63,31.4,23.1,87.61,,,0.4,0.0,193.83,1011.0,1.93,16.1,2.36,23.3,29.97,3.71,1784677500,2026-07-21 23:45:00,96
237976,2026-07-22,26.07,31.4,22.4,82.76,,,0.0,0.0,211.76,947.0,3.03,22.5,3.72,22.73,29.93,4.14,1784763900,2026-07-22 23:45:00,96
237976,2026-07-23,24.8,28.2,22.0,88.04,,,20.8,2.88,103.2,875.0,1.65,20.9,5.69,22.64,29.97,1.77,1784850300,2026-07-23 23:45:00,91
237976,2026-07-24,25.92,31.2,23.8,86.72,,,2.4,0.3,180.05,1014.0,2.18,20.9,2.41,23.48,30.0,3.45,1784936700,2026-07-24 23:45:00,96
237976,2026-07-25,25.49,30.9,23.3,87.41,,,15.8,3.1,161.76,1174.0,3.24,20.9,2.09,23.2,30.02,2.72,1785023100,2026-07-25 23:45:00,92
237976,2026-07-26,25.1,30.2,21.0,88.58,,,18.6,2.69,161.63,1239.0,1.99,29.0,5.15,23.01,30.02,2.71,1785109500,2026-07-26 23:45:00,96
237976,2026-07-27,24.98,31.4,20.8,82.17,,,0.0,0.0,228.19,933.0,1.7,16.1,5.18,21.51,30.01,3.54,1785195900,2026-07-27 23:45:00,94
237976,2026-07-28,27.23,32.4,23.5,81.66,,,3.4,0.48,273.67,1041.0,2.6,14.5,4.19,23.62,29.99,4.66,1785282300,2026-07-28 23:45:00,86
237976,2026-07-29,25.43,30.2,23.6,88.19,,,4.6,0.77,133.8,1134.0,3.14,19.3,3.37,23.29,29.99,1.62,1785368700,2026-07-29 23:45:00,82
237976,2026-07-30,25.71,30.9,22.3,88.37,,,8.4,1.85,190.52,1016.0,1.98,17.7,5.11,23.57,29.99,2.28,1785455100,2026-07-30 23:45:00,76
237976,2026-07-31,24.79,29.5,22.4,89.51,,,23.0,2.9,145.46,1188.0,1.8,29.0,5.15,22.88,30.01,2.73,1785541500,2026-07-31 23:45:00,96
237976,2026-08-01,25.94,31.4,22.2,84.5,,,0.0,0.0,197.44,1146.0,2.47,22.5,5.19,22.99,29.99,3.87,1785627900,2026-08-01 23:45:00,96
237976,2026-08-02,28.96,31.8,24.6,73.74,,,0.0,0.0,415.78,963.0,3.55,19.3,7.0,23.59,29.98,3.91,1785708000,2026-08-02 22:00:00,46
238060,2026-05-26,26.57,32.2,23.2,81.23,,,8.0,1.09,236.51,1072.0,2.09,22.5,5.99,22.81,29.95,4.68,1779839100,2026-05-26 23:45:00,95
238060,2026-05-27,25.97,29.9,23.3,82.81,,,13.8,2.77,167.73,1046.0,2.32,20.9,5.02,22.75,29.96,3.19,1779925500,2026-05-27 23:45:00,96
238060,2026-05-28,26.29,30.3,23.3,80.75,,,0.0,0.0,212.11,1092.0,2.75,20.9,4.42,22.6,29.94,4.04,1780011900,2026-05-28 23:45:00,96
238060,2026-05-29,27.0,32.6,23.2,77.72,,,0.0,0.0,236.45,1111.0,2.93,24.1,4.55,22.59,29.93,4.63,1780098300,2026-05-29 23:45:00,96
238060,2026-05-30,27.27,33.9,22.8,76.62,,,0.0,0.0,229.28,1187.0,2.35,22.5,4.36,22.61,29.97,4.44,1780184700,2026-05-30 23:45:00,96
238060,2026-05-31,26.03,32.2,21.6,74.89,,,0.6,0.14,199.17,1164.0,3.47,35.4,5.95,20.98,30.01,3.99,1780271100,2026-05-31 23:45:00,96
238060,2026-06-01,26.8,32.0,23.1,76.29,,,0.6,0.08,208.11,1324.0,1.62,19.3,5.76,22.16,29.98,4.13,1780357500,2026-06-01 23:45:00,96
238060,2026-06-02,25.6,30.1,22.6,83.26,,,6.0,1.39,161.25,1136.0,2.23,19.3,5.65,22.47,29.97,3.08,1780443900,2026-06-02 23:45:00,96
238060,2026-06-03,24.88,27.8,22.7,87.49,,,14.8,2.18,146.8,944.0,1.37,17.7,6.0,22.62,29.98,2.71,1780530300,2026-06-03 23:45:00,96
238060,2026-06-04,24.94,27.9,22.6,87.95,,,2.2,0.3,130.95,928.0,1.12,14.5,6.05,22.76,29.99,2.37,1780616700,2026-06-04 23:45:00,96
238060,2026-06-05,24.73,27.6,22.9,88.43,,,1.0,0.02,135.44,895.0,1.2,17.7,6.48,22.65,30.01,2.5,1780703100,2026-06-05 23:45:00,96
238060,2026-06-06,25.79,30.7,22.7,83.82,,,0.0,0.0,188.6,1143.0,1.22,17.7,5.37,22.68,29.97,3.54,1780789500,2026-06-06 23:45:00,96
238060,2026-06-07,24.13,26.7,21.6,88.3,,,1.2,0.07,91.46,469.0,1.08,17.7,5.49,22.05,29.97,1.63,1780875900,2026-06-07 23:45:00,96
238060,2026-06-08,25.11,29.6,22.7,87.79,,,4.0,0.36,151.94,1380.0,1.22,14.5,6.45,22.87,30.02,2.81,1780962300,2026-06-08 23:45:00,96
238060,2026-06-09,26.47,33.6,23.3,81.49,,,4.6,0.6,256.78,1083.0,1.8,20.9,2.85,22.79,30.03,4.84,1781048700,2026-06-09 23:45:00,96
238060,2026-06-10,25.99,32.1,21.4,79.84,,,0.0,0.0,214.59,1204.0,2.53,24.1,2.49,22.09,29.98,4.21,1781135100,2026-06-10 23:45:00,96
238060,2026-06-11,25.34,30.3,22.4,85.88,,,7.8,1.16,159.97,1248.0,1.92,19.3,5.42,22.75,29.96,3.08,1781221500,2026-06-11 23:45:00,96
238060,2026-06-12,25.69,31.7,22.9,85.96,,,0.2,0.0,204.52,1285.0,1.7,19.3,5.79,23.01,29.98,2.96,1781307900,2026-06-12 23:45:00,83
238060,2026-06-13,27.56,32.5,23.8,77.17,,,0.0,0.0,288.15,1039.0,1.95,19.3,5.46,22.83,29.97,5.54,1781394300,2026-06-13 23:45:00,96
238060,2026-06-14,26.67,33.7,22.3,77.95,,,0.0,0.0,268.79,1120.0,2.55,22.5,3.19,22.18,29.98,5.09,1781480700,2026-06-14 23:45:00,96
238060,2026-06-15,26.42,31.7,23.3,80.46,,,1.6,0.35,187.44,1081.0,2.33,20.9,4.74,22.58,30.0,3.83,1781567100,2026-06-15 23:45:00,96
238060,2026-06-16,25.59,30.6,22.7,82.81,,,0.0,0.0,166.42,1218.0,1.67,17.7,4.49,22.3,30.02,3.12,1781653500,2026-06-16 23:45:00,96
238060,2026-06-17,25.96,32.8,21.9,80.68,,,0.4,0.04,215.57,1264.0,1.37,22.5,5.46,22.13,30.02,4.16,1781739900,2026-06-17 23:45:00,96
238060,2026-06-18,25.0,29.4,22.9,86.08,,,4.2,1.1,117.57,1018.0,2.23,17.7,2.64,22.47,30.04,1.71,1781826300,2026-06-18 23:45:00,76
238060,2026-06-19,24.9,29.8,22.2,89.0,,,9.8,1.94,137.55,1331.0,0.92,16.1,6.5,22.9,30.02,2.62,1781912700,2026-06-19 23:45:00,96
238060,2026-06-20,26.39,32.6,23.5,83.42,,,1.4,0.14,267.1,1121.0,2.15,20.9,4.16,23.15,29.98,5.02,1781999100,2026-06-20 23:45:00,96
238060,2026-06-21,26.69,32.5,22.8,80.68,,,2.0,0.44,256.85,1239.0,2.23,22.5,4.41,22.87,29.95,4.84,1782085500,2026-06-21 23:45:00,96
238060,2026-06-22,25.91,32.2,22.5,85.14,,,12.8,3.63,183.11,1167.0,2.13,24.1,4.01,23.07,29.99,3.65,1782171900,2026-06-22 23:45:00,96
238060,2026-06-23,26.55,31.8,23.1,79.15,,,0.0,0.0,276.42,995.0,3.42,20.9,1.36,22.45,30.0,5.23,1782258300,2026-06-23 23:45:00,96
238060,2026-06-24,26.17,32.3,22.1,78.83,,,0.4,0.13,248.76,1248.0,2.64,24.1,2.29,22.12,29.97,4.61,1782343800,2026-06-24 23:30:00,95
238060,2026-06-25,25.51,31.7,22.1,84.16,,,0.2,0.0,184.06,775.0,1.07,14.5,5.73,22.4,29.99,1.7,1782426600,2026-06-25 22:30:00,51
238060,2026-06-26,25.41,32.3,22.1,83.83,,,0.0,0.0,210.56,1030.0,2.01,24.1,4.34,22.29,30.02,1.82,1782517500,2026-06-26 23:45:00,63
238060,2026-06-27,27.13,35.2,21.6,75.36,,,0.0,0.0,263.35,1194.0,2.9,20.9,3.98,21.98,29.99,4.84,1782603900,2026-06-27 23:45:00,95
238060,2026-06-28,25.65,29.5,23.4,85.58,,,2.0,0.91,159.96,870.0,1.68,16.1,5.6,23.0,29.97,2.38,1782690300,2026-06-28 23:45:00,80
238060,2026-06-29,26.53,33.4,21.3,79.72,,,0.0,0.0,284.43,1099.0,1.83,17.7,6.85,22.31,29.96,4.16,1782776700,2026-06-29 23:45:00,79
238060,2026-06-30,26.18,29.8,24.1,84.28,,,0.0,0.01,107.39,844.0,2.56,19.3,4.31,23.27,29.93,1.57,1782863100,2026-06-30 23:45:00,89
238060,2026-07-01,25.72,32.1,22.6,86.48,,,32.6,3.84,179.16,1167.0,1.07,83.7,6.31,23.13,29.92,3.24,1782949500,2026-07-01 23:45:00,93
238060,2026-07-02,25.8,31.6,22.8,86.31,,,33.0,7.39,204.32,1148.0,1.7,19.3,5.08,23.22,29.94,3.83,1783035900,2026-07-02 23:45:00,96
238060,2026-07-03,24.05,26.9,22.3,92.91,,,54.4,5.73,79.35,541.0,0.78,12.9,6.44,22.82,29.99,1.05,1783122300,2026-07-03 23:45:00,90
238060,2026-07-04,24.81,30.8,21.5,89.59,,,2.8,0.7,124.45,728.0,0.25,8.0,7.65,22.9,29.99,2.21,1783208700,2026-07-04 23:45:00,96
238060,2026-07-05,26.57,32.2,23.1,83.17,,,0.0,0.0,233.97,1125.0,1.88,16.1,2.83,23.32,30.0,4.11,1783295100,2026-07-05 23:45:00,90
238060,2026-07-06,25.39,31.4,22.8,89.4,,,41.2,6.37,176.87,1271.0,1.36,17.7,5.88,23.44,29.99,3.33,1783381500,2026-07-06 23:45:00,94
238060,2026-07-07,26.15,31.1,22.9,87.64,,,0.6,0.09,228.93,1394.0,0.83,17.7,6.28,23.82,30.01,4.25,1783467900,2026-07-07 23:45:00,96
238060,2026-07-08,25.69,29.9,23.2,89.17,,,6.8,0.86,171.25,953.0,1.07,17.7,6.74,23.69,29.98,3.18,1783554300,2026-07-08 23:45:00,96
238060,2026-07-09,25.63,30.5,23.6,89.45,,,4.0,0.86,144.26,1179.0,1.06,19.3,4.39,23.72,29.98,2.34,1783640700,2026-07-09 23:45:00,86
238060,2026-07-10,24.79,31.6,23.0,90.99,,,1.4,0.16,80.05,1106.0,0.62,16.1,4.37,23.17,29.97,1.2,1783727100,2026-07-10 23:45:00,77
238060,2026-07-11,25.58,31.9,22.9,87.12,,,9.0,1.94,161.9,1225.0,1.85,16.1,1.93,23.21,29.97,2.94,1783813500,2026-07-11 23:45:00,96
238060,2026-07-12,25.63,31.2,22.8,88.14,,,0.2,0.0,158.66,1078.0,0.92,16.1,3.29,23.42,29.99,3.08,1783899900,2026-07-12 23:45:00,96
238060,2026-07-13,25.49,31.4,21.9,86.96,,,4.8,0.48,249.9,1227.0,1.28,22.5,6.06,23.01,30.02,4.63,1783986300,2026-07-13 23:45:00,96
238060,2026-07-14,26.01,31.9,22.8,86.54,,,24.0,3.96,239.56,1190.0,1.78,22.5,3.51,23.44,30.0,4.64,1784072700,2026-07-14 23:45:00,96
238060,2026-07-15,26.46,32.6,23.3,85.7,,,0.4,0.0,248.91,1090.0,1.58,19.3,3.93,23.7,29.98,4.66,1784159100,2026-07-15 23:45:00,96
238060,2026-07-16,26.19,31.1,23.4,87.05,,,1.0,0.17,175.98,1288.0,1.52,17.7,3.21,23.8,29.98,3.33,1784245500,2026-07-16 23:45:00,96
238060,2026-07-17,25.58,31.6,23.0,88.91,,,0.0,0.0,149.43,1088.0,1.37,20.9,3.17,23.53,29.99,2.12,1784331900,2026-07-17 23:45:00,82
238060,2026-07-18,25.79,31.9,23.7,88.3,,,6.4,1.38,188.0,1299.0,1.86,17.7,2.46,23.67,29.97,3.14,1784418300,2026-07-18 23:45:00,88
238060,2026-07-19,25.34,31.3,23.3,88.36,,,16.8,2.04,165.86,1331.0,2.13,19.3,1.69,23.24,29.93,3.04,1784504700,2026-07-19 23:45:00,96
238060,2026-07-20,24.88,27.8,23.1,90.29,,,33.2,3.08,110.52,798.0,1.01,12.9,3.93,23.16,29.94,1.92,1784591100,2026-07-20 23:45:00,95
238060,2026-07-21,25.82,32.7,22.8,89.49,,,0.0,0.0,219.86,1065.0,0.8,12.9,3.93,23.88,29.94,4.12,1784677500,2026-07-21 23:45:00,96
238060,2026-07-22,26.09,31.9,22.2,86.71,,,0.0,0.0,243.4,1078.0,1.18,16.1,5.53,23.58,29.91,4.56,1784763900,2026-07-22 23:45:00,96
238060,2026-07-23,24.97,29.3,22.2,88.4,,,16.2,1.65,129.08,1007.0,1.1,16.1,5.26,22.88,29.95,2.32,1784850300,2026-07-23 23:45:00,96
238060,2026-07-24,25.92,32.9,23.2,88.26,,,0.0,0.0,195.35,1111.0,1.29,119.1,1.56,23.76,29.98,2.84,1784936700,2026-07-24 23:45:00,82
238060,2026-07-25,25.35,30.8,22.6,90.08,,,23.0,1.55,174.97,1144.0,1.47,17.7,2.84,23.58,29.99,3.0,1785023100,2026-07-25 23:45:00,95
238060,2026-07-26,25.36,30.5,21.1,90.53,,,5.0,0.53,230.64,1252.0,1.3,22.5,5.75,23.67,30.0,4.2,1785109500,2026-07-26 23:45:00,96
238060,2026-07-27,25.19,31.8,20.6,86.22,,,0.0,0.0,288.27,1232.0,0.75,14.5,7.48,22.58,29.98,5.24,1785195900,2026-07-27 23:45:00,96
238060,2026-07-28,27.26,34.3,22.4,83.23,,,0.0,0.0,250.89,1121.0,1.15,12.9,4.79,24.02,29.96,3.89,1785282300,2026-07-28 23:45:00,94
238060,2026-07-29,26.25,31.3,23.1,85.58,,,0.0,0.0,224.94,1238.0,1.67,17.7,4.37,23.58,29.96,4.21,1785368700,2026-07-29 23:45:00,95
238060,2026-07-30,26.6,32.9,22.2,86.31,,,23.8,1.58,258.89,1148.0,1.06,22.5,4.29,24.03,29.97,4.7,1785455100,2026-07-30 23:45:00,96
238060,2026-07-31,24.23,30.1,22.3,90.83,,,29.4,1.64,101.05,1137.0,0.53,14.5,6.87,22.63,29.99,1.19,1785541500,2026-07-31 23:45:00,77
238060,2026-08-01,26.09,32.8,21.7,85.82,,,2.0,0.1,255.53,1197.0,0.42,19.3,7.04,23.42,29.97,4.22,1785627900,2026-08-01 23:45:00,96
238060,2026-08-02,26.95,33.2,22.7,83.48,,,0.0,0.0,279.48,1195.0,0.36,11.3,7.04,23.73,29.96,4.88,1785708000,2026-08-02 22:00:00,89
238308,2026-05-27,32.61,34.0,28.1,51.47,66.3,45.0,0.0,0.0,381.28,1079.0,3.67,21.9,112.96,21.13,29.89,2.29,1779925500,2026-05-27 23:45:00,29
238308,2026-05-28,28.52,34.7,23.7,68.77,89.2,42.4,0.0,0.0,239.51,1176.0,4.95,22.1,97.28,21.75,29.92,5.27,1780011900,2026-05-28 23:45:00,96
238308,2026-05-29,29.02,34.6,24.4,63.79,81.9,42.8,0.0,0.0,250.24,1016.0,5.61,22.5,106.33,21.11,29.92,5.74,1780098300,2026-05-29 23:45:00,96
238308,2026-05-30,28.95,36.1,23.0,69.36,88.3,47.0,0.6,0.06,255.6,1132.0,5.91,41.6,99.19,22.4,29.95,5.67,1780184700,2026-05-30 23:45:00,96
238308,2026-05-31,25.32,28.5,22.8,87.08,94.1,75.7,10.8,0.63,117.86,552.0,1.79,17.0,128.01,22.99,30.0,2.25,1780271100,2026-05-31 23:45:00,96
238308,2026-06-01,27.36,33.5,24.2,81.61,93.1,56.5,0.2,0.01,245.3,1150.0,3.92,25.6,86.4,23.76,29.97,4.95,1780357500,2026-06-01 23:45:00,96
238308,2026-06-02,26.43,31.4,23.9,81.55,89.4,62.8,5.4,1.04,169.08,1107.0,4.11,26.2,132.11,22.96,29.96,3.38,1780443900,2026-06-02 23:45:00,96
238308,2026-06-03,27.06,31.6,24.1,78.85,90.8,61.5,1.0,0.19,179.18,1380.0,2.87,18.3,90.46,23.01,29.96,3.48,1780530300,2026-06-03 23:45:00,96
238308,2026-06-04,25.38,30.3,23.3,87.84,94.3,68.9,28.8,3.8,117.11,1116.0,3.04,24.3,100.0,23.15,29.98,2.11,1780616700,2026-06-04 23:45:00,96
238308,2026-06-05,24.94,29.1,23.6,90.27,95.1,74.9,1.8,0.21,124.52,807.0,2.1,16.7,74.14,23.23,29.99,2.26,1780703100,2026-06-05 23:45:00,96
238308,2026-06-06,26.05,31.6,23.2,87.15,95.4,65.2,4.0,0.78,182.91,1171.0,2.71,22.9,57.39,23.66,29.94,3.36,1780789500,2026-06-06 23:45:00,96
238308,2026-06-07,26.16,31.1,23.5,85.18,93.2,65.2,16.4,2.88,162.88,1118.0,3.79,18.6,105.92,23.39,29.93,3.11,1780875900,2026-06-07 23:45:00,96
238308,2026-06-08,25.93,31.4,23.1,85.08,94.8,62.1,9.2,1.2,169.7,1199.0,3.33,22.5,81.79,23.09,29.99,3.38,1780962300,2026-06-08 23:45:00,96
238308,2026-06-09,26.98,32.2,23.3,80.34,93.9,57.1,7.2,1.09,268.84,1055.0,4.23,24.0,84.23,23.09,30.01,5.21,1781048700,2026-06-09 23:45:00,96
238308,2026-06-10,27.06,32.4,22.9,79.14,91.5,60.8,0.0,0.0,219.98,1252.0,3.67,19.3,75.07,23.04,29.95,4.23,1781135100,2026-06-10 23:45:00,96
238308,2026-06-11,26.1,30.9,23.7,87.2,94.6,71.5,11.0,2.68,173.75,1072.0,3.47,40.0,103.55,23.75,29.94,3.31,1781221500,2026-06-11 23:45:00,96
238308,2026-06-12,26.74,31.7,23.8,84.65,94.4,67.6,0.6,0.01,200.22,1350.0,3.83,22.5,146.12,23.86,29.97,3.8,1781307900,2026-06-12 23:45:00,96
238308,2026-06-13,27.24,32.1,22.6,75.83,90.6,54.3,0.0,0.0,286.68,1113.0,5.24,26.2,100.35,22.33,29.96,4.83,1781394300,2026-06-13 23:45:00,96
238308,2026-06-14,26.37,32.5,22.1,80.01,93.7,59.6,9.0,1.49,230.89,904.0,3.64,23.2,78.79,22.46,29.96,4.67,1781480700,2026-06-14 23:45:00,96
238308,2026-06-15,26.45,31.9,23.6,84.11,94.4,62.0,0.8,0.05,192.57,1072.0,3.66,19.3,108.64,23.42,29.99,3.76,1781567100,2026-06-15 23:45:00,96
238308,2026-06-16,26.7,32.6,23.2,82.19,94.7,58.1,0.2,0.0,212.44,1194.0,1.85,11.6,133.16,23.28,30.0,3.91,1781653500,2026-06-16 23:45:00,96
238308,2026-06-17,26.27,32.2,23.4,85.71,95.0,62.6,3.0,0.74,155.42,1253.0,2.46,24.3,110.68,23.64,30.0,2.85,1781739900,2026-06-17 23:45:00,96
238308,2026-06-18,25.53,31.3,23.7,89.16,95.4,68.1,3.6,0.26,159.26,1148.0,2.72,17.4,86.36,23.59,30.0,2.88,1781826300,2026-06-18 23:45:00,96
238308,2026-06-19,25.74,32.1,23.2,88.3,95.6,67.7,8.4,1.68,196.54,1283.0,2.23,31.3,103.38,23.57,30.0,3.81,1781912700,2026-06-19 23:45:00,96
238308,2026-06-20,25.89,32.9,22.8,86.44,95.7,62.2,0.0,0.0,202.1,1041.0,2.24,27.1,59.19,23.34,29.97,4.01,1781999100,2026-06-20 23:45:00,96
238308,2026-06-21,26.76,32.7,23.3,84.63,94.6,63.4,9.8,1.12,197.92,1255.0,3.36,28.3,86.01,23.83,29.94,3.79,1782085500,2026-06-21 23:45:00,96
238308,2026-06-22,27.05,32.1,23.5,81.91,93.8,60.2,0.0,0.0,242.79,1197.0,4.38,19.3,85.03,23.53,29.97,4.82,1782171900,2026-06-22 23:45:00,96
238308,2026-06-23,27.21,32.4,23.6,77.6,92.1,56.0,0.0,0.0,239.12,1148.0,5.79,18.6,65.14,22.76,29.96,5.05,1782258300,2026-06-23 23:45:00,96
238308,2026-06-24,26.32,32.1,23.8,84.88,94.6,63.2,33.8,4.76,170.27,1164.0,4.02,23.7,85.83,23.47,29.94,3.34,1782344700,2026-06-24 23:45:00,96
238308,2026-06-25,25.54,29.6,23.1,87.89,95.0,75.9,0.0,0.0,130.03,566.0,2.31,10.3,76.7,23.35,29.97,2.45,1782431100,2026-06-25 23:45:00,96
238308,2026-06-26,27.16,33.0,22.8,78.4,93.1,51.7,0.0,0.0,269.77,1093.0,4.46,19.2,80.2,22.8,29.99,5.41,1782517500,2026-06-26 23:45:00,96
238308,2026-06-27,27.22,32.8,22.7,77.64,92.3,56.5,0.0,0.0,233.67,1179.0,4.01,19.2,84.74,22.8,29.97,4.75,1782603900,2026-06-27 23:45:00,96
238308,2026-06-28,27.08,32.1,24.1,82.79,93.9,61.6,3.0,0.44,215.09,1051.0,2.07,16.2,109.43,23.78,29.96,4.2,1782690300,2026-06-28 23:45:00,96
238308,2026-06-29,27.6,32.6,22.9,79.43,93.7,59.3,0.0,0.0,231.3,1046.0,3.16,19.2,81.26,23.52,29.93,4.51,1782776700,2026-06-29 23:45:00,96
238308,2026-06-30,27.45,32.8,24.4,83.62,95.0,60.1,25.0,3.21,220.41,1118.0,3.76,20.9,95.77,24.26,29.91,4.39,1782863100,2026-06-30 23:45:00,96
238308,2026-07-01,27.77,32.9,24.1,78.18,91.8,55.3,0.0,0.0,249.33,1208.0,3.57,17.6,92.19,23.4,29.9,5.03,1782949500,2026-07-01 23:45:00,96
238308,2026-07-02,27.08,30.9,24.2,82.88,92.6,70.7,5.2,0.91,169.42,1245.0,3.37,19.4,93.1,23.86,29.92,3.2,1783035900,2026-07-02 23:45:00,96
238308,2026-07-03,25.94,31.1,22.3,87.16,94.1,68.4,1.0,0.03,172.18,1192.0,2.48,23.5,109.36,23.58,29.96,3.09,1783122300,2026-07-03 23:45:00,96
238308,2026-07-04,26.93,32.4,23.9,84.33,94.5,63.5,0.0,0.0,177.07,1134.0,2.47,14.1,64.53,23.93,29.96,3.41,1783208700,2026-07-04 23:45:00,96
238308,2026-07-05,26.57,32.9,23.8,83.5,94.2,60.2,16.2,1.68,192.66,1013.0,3.53,25.5,87.25,23.42,29.97,3.78,1783295100,2026-07-05 23:45:00,96
238308,2026-07-06,25.98,31.8,23.7,88.54,95.1,67.5,19.6,2.36,187.91,1259.0,1.73,18.1,120.57,23.88,29.99,3.44,1783381500,2026-07-06 23:45:00,96
238308,2026-07-07,26.88,33.0,23.9,87.3,95.8,63.3,5.8,0.98,225.78,1134.0,2.53,16.1,95.56,24.46,29.99,4.45,1783467900,2026-07-07 23:45:00,96
238308,2026-07-08,27.16,32.2,24.0,84.46,95.0,64.3,0.0,0.0,240.32,1132.0,3.27,21.7,96.71,24.17,29.97,4.74,1783554300,2026-07-08 23:45:00,96
238308,2026-07-09,27.56,32.6,23.9,82.02,93.8,61.8,0.0,0.0,237.0,916.0,3.58,19.8,89.74,24.07,29.96,4.7,1783640700,2026-07-09 23:45:00,96
238308,2026-07-10,27.76,32.6,24.5,79.95,93.9,56.6,0.2,0.0,241.3,1020.0,4.26,20.9,78.65,23.74,29.95,4.79,1783727100,2026-07-10 23:45:00,96
238308,2026-07-11,26.58,31.9,23.7,82.76,91.0,66.2,4.0,0.61,190.66,1104.0,4.54,24.1,80.17,23.37,29.94,3.63,1783813500,2026-07-11 23:45:00,96
238308,2026-07-12,25.56,31.2,23.3,87.17,94.7,67.3,12.6,1.56,176.65,1179.0,2.78,19.9,91.26,23.23,29.97,3.35,1783899900,2026-07-12 23:45:00,96
238308,2026-07-13,25.7,30.4,23.3,90.13,95.8,74.0,0.8,0.09,152.36,1188.0,2.36,17.0,81.35,23.92,29.99,2.9,1783986300,2026-07-13 23:45:00,96
238308,2026-07-14,27.13,32.9,23.2,83.69,95.7,60.4,0.0,0.0,252.54,1104.0,3.12,20.5,82.49,23.94,29.98,4.87,1784072700,2026-07-14 23:45:00,96
238308,2026-07-15,27.32,32.4,23.8,82.27,93.6,61.5,0.0,0.0,211.26,1125.0,3.26,17.3,91.1,23.91,29.97,4.15,1784159100,2026-07-15 23:45:00,96
238308,2026-07-16,27.31,32.6,23.8,80.57,93.8,63.2,0.2,0.0,224.72,1283.0,3.48,19.4,99.23,23.57,29.97,4.4,1784245500,2026-07-16 23:45:00,96
238308,2026-07-17,27.27,32.7,23.8,81.81,93.9,61.5,25.6,4.41,213.28,1187.0,3.81,21.3,95.76,23.74,29.97,4.77,1784331900,2026-07-17 23:45:00,96
238308,2026-07-18,25.24,28.1,23.9,91.02,95.0,80.9,9.0,1.36,112.7,893.0,3.41,17.4,68.31,23.7,29.94,2.0,1784418300,2026-07-18 23:45:00,96
238308,2026-07-19,26.76,32.1,23.9,85.02,93.6,66.7,0.0,0.0,245.0,1106.0,4.87,21.9,73.92,23.93,29.9,4.76,1784504700,2026-07-19 23:45:00,96
238308,2026-07-20,25.93,29.9,23.8,88.85,94.1,76.0,5.6,2.05,126.22,758.0,2.26,22.2,65.25,23.96,29.92,2.28,1784591100,2026-07-20 23:45:00,96
238308,2026-07-21,26.5,30.7,23.5,86.09,95.4,67.9,7.6,1.31,179.42,1121.0,2.62,14.7,64.45,23.89,29.91,3.5,1784677500,2026-07-21 23:45:00,96
238308,2026-07-22,26.12,31.9,22.2,84.01,95.3,65.2,0.4,0.07,245.44,1317.0,2.63,18.3,80.9,23.08,29.89,4.79,1784763900,2026-07-22 23:45:00,96
238308,2026-07-23,27.03,32.7,22.9,82.46,94.4,59.3,0.0,0.0,260.17,1192.0,2.81,19.0,79.39,23.64,29.92,5.0,1784850300,2026-07-23 23:45:00,96
238308,2026-07-24,27.31,31.8,23.6,80.07,92.9,59.6,0.0,0.0,229.01,1148.0,3.63,18.2,74.39,23.44,29.95,4.36,1784936700,2026-07-24 23:45:00,96
238308,2026-07-25,25.93,32.0,23.5,85.82,94.1,68.2,3.6,0.45,143.54,1257.0,2.99,23.4,87.51,23.3,29.97,2.92,1785023100,2026-07-25 23:45:00,96
238308,2026-07-26,26.29,32.8,22.7,85.92,95.7,63.0,0.2,0.0,231.12,1190.0,2.33,17.8,97.77,23.62,29.97,4.39,1785109500,2026-07-26 23:45:00,96
238308,2026-07-27,26.44,33.4,22.4,83.79,95.8,56.3,0.0,0.0,306.36,1139.0,1.33,14.3,145.67,23.27,29.97,5.14,1785186000,2026-07-27 21:00:00,85
238339,2026-05-27,31.57,34.2,28.4,55.7,67.6,44.4,0.0,0.0,45.42,431.0,10.15,27.0,74.27,21.23,29.88,0.23,1779925500,2026-05-27 23:45:00,13
238339,2026-05-28,28.7,35.3,23.6,68.7,90.9,39.0,0.0,0.0,230.42,1324.0,6.52,30.6,75.88,21.87,29.93,5.34,1780011900,2026-05-28 23:45:00,96
238339,2026-05-29,29.29,35.0,24.7,63.33,81.1,38.7,0.0,0.0,253.97,1035.0,6.71,30.5,90.69,21.2,29.92,5.82,1780098300,2026-05-29 23:45:00,96
238339,2026-05-30,29.02,36.1,23.3,69.71,90.2,45.3,12.2,1.25,252.3,1206.0,7.18,47.2,79.9,22.49,29.95,5.77,1780184700,2026-05-30 23:45:00,96
238339,2026-05-31,25.28,28.6,23.3,87.98,94.0,75.7,11.0,0.61,115.1,529.0,3.98,23.4,178.32,23.15,30.0,2.16,1780271100,2026-05-31 23:45:00,96
238339,2026-06-01,27.33,33.7,24.1,82.51,94.8,55.1,5.8,1.41,225.43,1146.0,4.67,37.6,79.81,23.94,29.97,4.56,1780357500,2026-06-01 23:45:00,96
238339,2026-06-02,26.59,30.9,24.1,81.18,88.9,65.3,6.6,1.44,164.84,1179.0,5.48,26.2,116.68,23.07,29.96,3.23,1780443900,2026-06-02 23:45:00,96
238339,2026-06-03,27.27,32.1,24.1,79.29,92.2,60.8,0.0,0.0,184.06,1194.0,4.11,24.5,81.47,23.22,29.96,3.72,1780530300,2026-06-03 23:45:00,96
238339,2026-06-04,25.64,30.9,23.7,87.19,94.1,66.2,24.8,3.42,139.29,1179.0,4.34,46.6,89.41,23.28,29.98,2.76,1780616700,2026-06-04 23:45:00,96
238339,2026-06-05,25.08,28.8,23.9,90.42,95.3,74.3,0.8,0.04,111.33,779.0,3.37,27.4,63.52,23.41,30.0,2.06,1780703100,2026-06-05 23:45:00,96
238339,2026-06-06,26.4,31.2,23.8,86.09,95.3,66.6,0.0,0.0,203.81,1230.0,4.49,32.4,56.58,23.79,29.95,4.06,1780789500,2026-06-06 23:45:00,96
238339,2026-06-07,26.59,31.8,24.0,83.28,93.2,62.2,0.8,0.16,172.09,1281.0,5.32,41.8,93.06,23.41,29.94,3.51,1780875900,2026-06-07 23:45:00,96
238339,2026-06-08,26.3,31.7,23.3,83.59,94.6,59.6,3.4,0.78,186.11,1355.0,4.8,24.2,68.59,23.12,30.0,3.72,1780962300,2026-06-08 23:45:00,96
238339,2026-06-09,27.11,32.7,23.4,79.62,94.3,53.7,5.8,1.36,278.52,1079.0,5.73,28.2,60.66,23.02,30.01,5.51,1781048700,2026-06-09 23:45:00,96
238339,2026-06-10,27.29,33.4,23.1,77.8,92.6,57.0,0.0,0.0,207.19,1232.0,5.24,24.1,58.61,22.92,29.95,4.2,1781135100,2026-06-10 23:45:00,96
238339,2026-06-11,26.26,30.9,23.9,86.75,95.4,70.3,8.8,3.67,175.69,1042.0,4.96,43.9,89.08,23.82,29.94,3.48,1781221500,2026-06-11 23:45:00,96
238339,2026-06-12,26.95,31.2,23.8,83.88,94.2,64.1,1.4,0.05,198.64,1201.0,5.54,26.8,123.55,23.89,29.97,3.99,1781307900,2026-06-12 23:45:00,96
238339,2026-06-13,27.61,32.9,22.9,73.66,90.5,50.4,0.0,0.0,283.66,1218.0,7.37,30.2,88.83,22.12,29.96,6.0,1781394300,2026-06-13 23:45:00,96
238339,2026-06-14,26.5,32.6,22.1,78.71,93.7,59.4,11.0,1.84,220.44,935.0,5.19,38.6,57.68,22.3,29.96,4.53,1781480700,2026-06-14 23:45:00,96
238339,2026-06-15,26.6,31.8,23.8,83.42,93.9,57.9,0.6,0.07,200.64,1083.0,5.15,22.7,92.48,23.4,29.99,3.94,1781567100,2026-06-15 23:45:00,96
238339,2026-06-16,26.87,31.7,23.6,82.31,94.2,61.9,1.0,0.18,204.03,1288.0,3.31,20.9,142.96,23.44,30.0,3.95,1781653500,2026-06-16 23:45:00,96
238339,2026-06-17,26.16,31.6,23.5,85.96,94.5,64.7,24.6,4.22,143.39,1259.0,4.57,50.5,108.28,23.59,30.0,2.73,1781739900,2026-06-17 23:45:00,96
238339,2026-06-18,25.37,29.7,24.1,90.34,95.7,75.0,17.6,2.77,139.82,1155.0,3.84,25.5,78.11,23.68,30.01,2.62,1781826300,2026-06-18 23:45:00,96
238339,2026-06-19,26.08,32.3,23.8,87.54,95.4,59.6,0.2,0.0,226.2,1181.0,3.73,34.4,90.17,23.75,30.0,4.41,1781912700,2026-06-19 23:45:00,96
238339,2026-06-20,25.81,32.7,23.1,87.4,96.1,63.9,2.0,0.57,204.01,1171.0,3.34,46.7,55.81,23.48,29.97,4.11,1781999100,2026-06-20 23:45:00,96
238339,2026-06-21,26.84,32.3,23.4,84.79,95.3,63.4,6.8,1.75,219.32,1181.0,4.73,48.3,69.39,23.94,29.94,4.4,1782085500,2026-06-21 23:45:00,96
238339,2026-06-22,27.05,32.6,23.5,83.33,95.2,60.9,0.0,0.0,221.95,1252.0,5.13,25.8,69.39,23.83,29.97,4.5,1782171900,2026-06-22 23:45:00,96
238339,2026-06-23,27.16,31.9,23.4,79.11,93.1,60.1,0.0,0.0,229.45,1121.0,8.19,31.1,45.0,23.05,29.96,4.82,1782258300,2026-06-23 23:45:00,96
238339,2026-06-24,26.64,31.8,23.9,84.18,93.6,67.8,22.2,2.7,173.19,1322.0,5.86,32.9,69.39,23.68,29.94,3.54,1782344700,2026-06-24 23:45:00,96
238339,2026-06-25,26.02,29.9,23.5,87.69,95.2,76.0,0.0,0.0,187.86,1273.0,3.94,20.9,86.34,23.8,29.97,3.6,1782431100,2026-06-25 23:45:00,96
238339,2026-06-26,27.41,33.1,22.7,78.88,93.8,53.7,0.0,0.0,281.96,1097.0,5.51,28.5,69.31,23.14,29.99,5.65,1782517500,2026-06-26 23:45:00,96
238339,2026-06-27,27.27,32.4,23.2,79.2,92.2,62.8,0.0,0.0,231.2,1195.0,5.66,29.1,76.67,23.26,29.97,4.55,1782603900,2026-06-27 23:45:00,96
238339,2026-06-28,27.41,31.9,24.6,82.71,94.7,61.6,6.4,0.94,239.91,1007.0,4.16,24.2,129.43,24.1,29.97,4.75,1782690300,2026-06-28 23:45:00,96
238339,2026-06-29,27.76,32.5,23.2,80.46,93.8,60.8,0.6,0.13,236.92,1188.0,4.51,33.7,74.83,23.91,29.94,4.74,1782776700,2026-06-29 23:45:00,96
238339,2026-06-30,27.73,32.6,24.7,83.71,94.2,65.0,11.2,1.65,233.08,1250.0,5.24,29.1,95.79,24.6,29.91,4.65,1782863100,2026-06-30 23:45:00,96
238339,2026-07-01,27.79,32.9,23.8,81.31,93.7,60.6,0.0,0.0,239.53,1165.0,4.41,26.2,80.92,24.17,29.9,4.78,1782949500,2026-07-01 23:45:00,96
238339,2026-07-02,27.67,31.2,24.6,82.35,92.4,71.6,0.0,0.0,173.23,1218.0,4.88,24.7,79.68,24.36,29.93,3.41,1783035900,2026-07-02 23:45:00,96
238339,2026-07-03,26.34,30.1,23.0,87.17,93.2,75.4,1.0,0.04,154.59,1225.0,4.32,31.6,122.79,24.03,29.97,2.99,1783122300,2026-07-03 23:45:00,96
238339,2026-07-04,27.19,32.1,24.4,85.82,94.5,69.9,2.2,0.36,205.33,1190.0,4.06,24.1,52.19,24.54,29.96,3.99,1783208700,2026-07-04 23:45:00,96
238339,2026-07-05,26.87,32.3,24.4,84.3,93.2,67.4,11.6,1.28,189.04,1088.0,5.16,46.1,76.64,23.94,29.98,3.77,1783295100,2026-07-05 23:45:00,96
238339,2026-07-06,26.39,31.2,24.1,87.76,94.8,71.1,14.6,1.81,195.88,1303.0,3.63,36.0,130.36,24.17,29.99,3.81,1783381500,2026-07-06 23:45:00,96
238339,2026-07-07,27.14,32.8,24.3,86.86,94.9,68.8,3.4,0.77,229.38,1139.0,4.19,27.5,83.96,24.7,29.99,4.49,1783467900,2026-07-07 23:45:00,96
238339,2026-07-08,27.56,32.2,24.3,85.08,94.3,69.9,0.4,0.01,256.26,1188.0,4.71,28.2,78.33,24.76,29.97,5.1,1783554300,2026-07-08 23:45:00,96
238339,2026-07-09,27.8,32.1,24.0,83.74,93.6,69.4,2.2,0.46,239.58,940.0,4.91,28.7,77.24,24.75,29.96,4.81,1783640700,2026-07-09 23:45:00,96
238339,2026-07-10,27.84,32.2,24.9,82.6,93.8,66.2,3.6,0.95,231.18,1042.0,5.38,27.9,67.31,24.51,29.96,4.57,1783727100,2026-07-10 23:45:00,96
238339,2026-07-11,26.86,31.4,23.9,83.23,92.1,68.9,15.0,2.5,196.51,1102.0,6.25,37.8,62.73,23.75,29.94,4.01,1783813500,2026-07-11 23:45:00,96
238339,2026-07-12,25.74,30.3,23.7,87.51,92.9,75.0,39.4,5.43,155.69,1004.0,3.97,24.9,91.99,23.52,29.97,2.89,1783899900,2026-07-12 23:45:00,96
238339,2026-07-13,26.08,30.7,23.7,89.51,94.9,76.7,0.4,0.05,173.36,1257.0,3.82,22.5,76.06,24.21,30.0,3.2,1783986300,2026-07-13 23:45:00,96
238339,2026-07-14,27.5,32.6,23.6,84.59,94.2,68.3,0.0,0.0,256.69,1071.0,4.58,23.4,70.02,24.59,29.98,5.12,1784072700,2026-07-14 23:45:00,96
238339,2026-07-15,27.62,31.8,24.4,83.57,92.8,73.0,7.2,1.57,223.0,1187.0,4.76,43.5,79.62,24.55,29.97,4.22,1784159100,2026-07-15 23:45:00,96
238339,2026-07-16,27.57,32.1,24.3,82.19,92.3,71.9,0.6,0.08,220.48,1269.0,5.36,22.8,83.4,24.21,29.97,4.3,1784245500,2026-07-16 23:45:00,96
238339,2026-07-17,27.49,32.1,24.3,83.18,91.4,72.7,13.6,2.14,231.99,1192.0,5.84,24.1,80.8,24.33,29.97,4.59,1784331900,2026-07-17 23:45:00,96
238339,2026-07-18,25.6,27.4,24.3,90.21,94.1,86.2,12.2,1.25,108.51,661.0,5.16,27.4,52.8,23.91,29.95,2.1,1784418300,2026-07-18 23:45:00,95
238339,2026-07-19,27.18,32.2,24.4,85.23,93.6,69.1,0.0,0.0,252.33,1141.0,7.09,32.2,53.28,24.42,29.9,4.98,1784504700,2026-07-19 23:45:00,95
238339,2026-07-20,26.61,30.0,24.3,87.17,93.3,75.8,4.6,1.11,142.07,671.0,3.73,21.7,95.03,24.32,29.92,2.62,1784587500,2026-07-20 22:45:00,92
238339,2026-07-21,28.49,31.1,24.2,81.55,94.6,70.7,0.0,0.0,329.59,1072.0,4.27,19.5,72.5,24.99,29.91,3.73,1784677500,2026-07-21 23:45:00,56
238339,2026-07-22,26.6,31.8,22.9,83.42,93.9,70.4,1.2,0.25,251.7,1355.0,3.89,23.1,73.6,23.5,29.9,4.16,1784763900,2026-07-22 23:45:00,89
238339,2026-07-23,27.53,32.7,23.6,83.99,93.8,69.1,0.2,0.01,266.79,1164.0,3.93,22.4,76.75,24.52,29.92,4.68,1784850300,2026-07-23 23:45:00,87
238339,2026-07-24,27.6,31.6,24.2,82.26,92.0,68.9,0.0,0.0,218.58,1153.0,5.86,24.8,54.99,24.27,29.95,3.89,1784936700,2026-07-24 23:45:00,94
238339,2026-07-25,26.08,31.6,24.2,85.53,92.5,70.6,18.2,2.11,121.31,1127.0,4.05,33.6,66.06,23.44,29.97,1.91,1785023100,2026-07-25 23:45:00,86
238339,2026-07-26,26.54,32.9,23.1,87.19,94.5,69.3,0.2,0.0,228.38,1211.0,3.83,26.0,144.26,24.2,29.97,4.27,1785109500,2026-07-26 23:45:00,96
238339,2026-07-27,26.48,33.1,23.4,86.68,94.0,70.1,0.2,0.0,279.77,1183.0,3.57,21.3,223.88,24.07,29.98,4.39,1785184200,2026-07-27 20:30:00,83
238339,2026-07-28,27.88,33.4,24.1,83.43,93.3,69.5,5.2,1.59,255.83,1086.0,2.63,29.0,77.69,24.77,29.94,3.89,1785282300,2026-07-28 23:45:00,85
238339,2026-07-29,27.43,32.7,24.4,84.9,94.1,70.2,9.4,1.17,246.24,1195.0,4.06,41.3,108.79,24.62,29.95,4.07,1785368700,2026-07-29 23:45:00,95
238339,2026-07-30,26.75,32.7,23.5,85.81,93.8,70.0,6.0,1.51,229.14,1118.0,3.54,33.9,56.24,24.14,29.95,4.46,1785455100,2026-07-30 23:45:00,96
238339,2026-07-31,26.22,32.3,23.3,87.28,94.7,69.4,0.0,0.0,142.58,1197.0,2.94,24.1,77.97,23.91,29.96,2.51,1785541500,2026-07-31 23:45:00,90
238339,2026-08-01,27.77,33.9,23.9,83.25,94.3,62.1,0.0,0.0,282.04,1065.0,2.96,22.2,125.36,24.53,29.96,5.43,1785627900,2026-08-01 23:45:00,95
238339,2026-08-02,27.85,29.1,26.8,81.83,83.0,78.7,0.0,0.0,0.0,0.0,2.77,9.9,46.38,24.36,29.93,0.0,1785635100,2026-08-02 01:45:00,8
238350,2026-05-27,,,,,,,0.0,0.0,0.0,0.0,5.72,19.6,34.75,,,0.0,1779925500,2026-05-27 23:45:00,5
238350,2026-05-28,,,,,,,0.0,0.0,230.48,1260.0,5.62,28.1,70.4,,,4.95,1780011900,2026-05-28 23:45:00,96
238350,2026-05-29,,,,,,,0.0,0.0,248.83,979.0,6.32,29.4,92.88,,,5.84,1780098300,2026-05-29 23:45:00,96
238350,2026-05-30,,,,,,,20.8,1.81,257.69,1204.0,5.88,39.5,80.46,,,5.76,1780184700,2026-05-30 23:45:00,96
238350,2026-05-31,,,,,,,10.6,0.53,103.65,499.0,2.97,15.8,194.68,,,1.95,1780271100,2026-05-31 23:45:00,96
238350,2026-06-01,,,,,,,0.0,0.0,222.77,1102.0,4.12,29.9,96.72,,,4.49,1780357500,2026-06-01 23:45:00,96
238350,2026-06-02,,,,,,,6.4,1.47,178.05,1248.0,5.3,27.4,118.67,,,3.6,1780443900,2026-06-02 23:45:00,96
238350,2026-06-03,,,,,,,0.0,0.0,160.02,1271.0,3.54,25.0,82.03,,,3.22,1780530300,2026-06-03 23:45:00,96
238350,2026-06-04,,,,,,,7.2,1.63,132.18,1248.0,2.69,21.6,123.18,,,2.63,1780616700,2026-06-04 23:45:00,96
238350,2026-06-05,,,,,,,1.0,0.04,100.66,840.0,2.15,20.6,108.56,,,1.56,1780703100,2026-06-05 23:45:00,79
238350,2026-06-06,,,,,,,1.4,0.98,296.7,1192.0,3.77,24.9,96.16,,,3.68,1780783200,2026-06-06 22:00:00,61
238350,2026-06-07,,,,,,,16.2,5.85,275.56,1183.0,5.43,32.6,120.81,,,3.05,1780875900,2026-06-07 23:45:00,54
238350,2026-06-08,,,,,,,6.2,0.9,143.49,1046.0,3.25,26.0,90.54,,,2.33,1780961400,2026-06-08 23:30:00,72
238350,2026-06-09,,,,,,,0.0,0.0,356.71,1083.0,4.19,24.5,82.74,,,5.14,1781048700,2026-06-09 23:45:00,70
238350,2026-06-10,,,,,,,0.0,0.0,288.23,1269.0,3.71,20.9,67.2,,,4.19,1781135100,2026-06-10 23:45:00,69
238350,2026-06-11,,,,,,,0.8,0.21,343.89,983.0,4.25,21.1,155.69,,,2.46,1781221500,2026-06-11 23:45:00,35
238350,2026-06-12,,,,,,,2.0,0.61,175.95,1204.0,4.38,26.2,135.38,,,3.44,1781307900,2026-06-12 23:45:00,95
238350,2026-06-13,,,,,,,0.0,0.0,265.67,1134.0,6.24,29.9,99.69,,,5.57,1781394300,2026-06-13 23:45:00,95
238350,2026-06-14,,,,,,,9.4,2.0,221.46,935.0,3.17,24.9,77.0,,,3.84,1781480700,2026-06-14 23:45:00,87
238350,2026-06-15,,,,,,,1.4,0.29,205.94,1107.0,4.3,19.4,99.08,,,3.65,1781567100,2026-06-15 23:45:00,86
238350,2026-06-16,,,,,,,0.4,0.01,146.65,1267.0,1.88,17.4,150.71,,,2.38,1781653500,2026-06-16 23:45:00,82
238350,2026-06-17,,,,,,,3.6,1.06,166.32,1278.0,3.03,24.1,123.72,,,2.71,1781739900,2026-06-17 23:45:00,81
238350,2026-06-18,,,,,,,1.2,0.1,107.38,1058.0,1.98,16.1,108.68,,,1.38,1781826300,2026-06-18 23:45:00,72
238350,2026-06-19,,,,,,,1.4,1.48,223.04,1178.0,2.0,19.8,114.23,,,2.96,1781898300,2026-06-19 19:45:00,77
238350,2026-06-20,,,,,,,0.0,0.0,267.78,1146.0,2.61,31.7,78.76,,,4.3,1781996400,2026-06-20 23:00:00,78
238350,2026-06-21,,,,,,,0.8,0.45,392.98,1104.0,4.81,25.4,117.15,,,3.7,1782077400,2026-06-21 21:30:00,47
238350,2026-06-22,,,,,,,0.0,0.0,308.02,1109.0,3.96,20.1,75.5,,,2.03,1782170100,2026-06-22 23:15:00,40
238350,2026-06-23,,,,,,,0.0,0.0,304.63,1111.0,3.63,20.2,51.9,,,3.52,1782258300,2026-06-23 23:45:00,63
238350,2026-06-24,,,,,,,0.2,0.0,204.91,1178.0,3.28,18.0,57.49,,,3.58,1782334800,2026-06-24 21:00:00,85
238383,2026-05-28,32.7,34.2,30.0,53.11,59.2,45.2,0.0,0.0,303.31,1252.0,3.55,25.7,191.93,21.82,29.86,2.26,1780011900,2026-05-28 23:45:00,30
238383,2026-05-29,28.82,34.4,24.7,65.09,83.3,45.5,0.0,0.0,216.31,1004.0,5.9,25.4,167.16,21.3,29.91,4.88,1780098300,2026-05-29 23:45:00,96
238383,2026-05-30,29.07,35.9,23.2,69.21,91.2,46.9,19.2,1.99,267.4,1081.0,6.5,49.1,158.47,22.43,29.94,5.82,1780184700,2026-05-30 23:45:00,96
238383,2026-05-31,25.19,29.2,22.8,86.81,94.0,73.5,10.2,0.59,124.49,816.0,2.21,32.2,156.43,22.81,30.0,2.31,1780271100,2026-05-31 23:45:00,96
238383,2026-06-01,27.4,33.8,24.3,81.67,92.9,57.0,0.0,0.0,228.54,1234.0,3.59,24.7,154.49,23.87,29.97,4.54,1780357500,2026-06-01 23:45:00,96
238383,2026-06-02,26.31,31.1,24.1,82.48,89.5,66.6,5.0,0.88,171.49,1206.0,3.51,25.8,172.96,23.07,29.96,3.33,1780443900,2026-06-02 23:45:00,96
238383,2026-06-03,26.86,31.8,23.9,80.63,91.8,62.0,7.0,0.8,168.66,888.0,3.53,18.9,186.24,23.18,29.96,3.29,1780530300,2026-06-03 23:45:00,96
238383,2026-06-04,25.48,31.2,23.4,87.63,93.9,68.6,23.0,2.5,159.35,1187.0,4.1,29.8,166.51,23.22,29.98,3.06,1780616700,2026-06-04 23:45:00,96
238383,2026-06-05,25.35,29.1,23.8,88.71,94.8,71.8,1.6,0.19,150.98,954.0,3.76,19.3,148.36,23.33,29.99,2.82,1780703100,2026-06-05 23:45:00,96
238383,2026-06-06,26.04,31.4,23.8,86.53,94.8,66.3,5.6,2.0,156.84,1197.0,4.62,41.6,116.85,23.54,29.94,3.21,1780789500,2026-06-06 23:45:00,96
238383,2026-06-07,26.31,32.2,24.0,84.14,91.7,62.4,0.0,0.0,164.18,1278.0,4.24,29.0,160.04,23.32,29.93,3.16,1780875900,2026-06-07 23:45:00,96
238383,2026-06-08,26.1,31.7,23.1,83.6,94.3,59.1,13.2,1.32,187.17,1262.0,4.84,31.0,147.56,22.93,29.99,3.77,1780962300,2026-06-08 23:45:00,96
238383,2026-06-09,27.12,32.9,23.3,78.2,93.2,52.0,0.0,0.0,211.21,1146.0,8.0,38.6,136.88,22.75,30.01,4.34,1781048700,2026-06-09 23:45:00,96
238383,2026-06-10,27.23,32.8,22.8,77.35,91.8,58.9,0.0,0.0,206.83,1167.0,6.33,29.8,135.7,22.75,29.95,4.29,1781135100,2026-06-10 23:45:00,96
238383,2026-06-11,25.61,31.1,22.8,88.76,94.6,72.2,36.8,3.56,157.53,983.0,4.85,40.1,157.52,23.57,29.94,3.01,1781221500,2026-06-11 23:45:00,96
238383,2026-06-12,26.33,30.8,23.2,85.92,95.5,65.6,1.8,0.09,168.68,1267.0,3.02,21.3,163.58,23.67,29.97,3.3,1781307900,2026-06-12 23:45:00,96
238383,2026-06-13,27.21,32.6,22.4,75.4,90.8,52.2,0.0,0.0,262.48,1157.0,5.41,29.2,164.51,22.17,29.96,5.19,1781394300,2026-06-13 23:45:00,96
238383,2026-06-14,26.4,32.9,22.3,79.15,93.0,59.0,6.2,0.45,229.65,923.0,6.42,45.1,138.16,22.27,29.96,4.71,1781480700,2026-06-14 23:45:00,96
238383,2026-06-15,26.2,31.3,23.4,84.51,94.6,63.2,3.4,0.11,175.47,1016.0,3.83,20.0,162.5,23.26,29.99,3.29,1781567100,2026-06-15 23:45:00,96
238383,2026-06-16,26.43,31.3,23.3,83.31,95.1,62.5,0.8,0.02,192.68,1202.0,3.25,16.8,183.5,23.24,30.0,3.77,1781653500,2026-06-16 23:45:00,96
238383,2026-06-17,26.34,30.8,23.2,85.32,95.0,68.7,0.0,0.0,162.21,1223.0,3.68,26.8,146.48,23.63,30.0,2.95,1781739900,2026-06-17 23:45:00,96
238383,2026-06-18,25.56,31.0,23.8,88.38,95.1,68.1,7.2,1.28,151.52,1074.0,4.9,22.1,147.96,23.46,30.0,2.9,1781826300,2026-06-18 23:45:00,96
238383,2026-06-19,26.04,32.1,23.7,86.99,95.6,65.9,0.0,0.0,218.84,1271.0,3.37,49.1,151.6,23.61,30.0,4.35,1781912700,2026-06-19 23:45:00,96
238383,2026-06-20,25.72,32.3,22.9,86.7,95.2,61.0,8.8,0.96,206.09,1192.0,2.43,38.9,82.26,23.21,29.96,4.07,1781999100,2026-06-20 23:45:00,96
238383,2026-06-21,26.76,32.6,23.4,85.12,95.0,63.9,8.6,1.33,216.1,1155.0,5.17,59.9,150.06,23.88,29.93,4.32,1782085500,2026-06-21 23:45:00,96
238383,2026-06-22,26.84,31.8,23.6,82.54,94.2,61.7,0.0,0.0,226.86,1160.0,6.81,30.7,142.08,23.46,29.97,4.63,1782171900,2026-06-22 23:45:00,96
238383,2026-06-23,26.91,31.7,23.6,78.47,92.7,59.2,0.0,0.0,239.02,1118.0,11.57,30.7,119.4,22.69,29.95,5.19,1782258300,2026-06-23 23:45:00,96
238383,2026-06-24,26.1,31.6,22.9,85.05,94.2,68.6,14.6,1.95,163.64,1090.0,7.76,35.1,139.22,23.34,29.94,3.4,1782344700,2026-06-24 23:45:00,96
238383,2026-06-25,25.44,29.6,23.1,87.8,95.3,75.6,0.2,0.02,139.98,1014.0,4.74,25.5,132.58,23.26,29.97,2.75,1782431100,2026-06-25 23:45:00,96
238383,2026-06-26,27.07,32.7,22.7,78.78,93.2,55.0,0.0,0.0,250.39,1072.0,5.93,25.9,143.49,22.81,29.99,5.01,1782517500,2026-06-26 23:45:00,96
238383,2026-06-27,26.92,32.3,22.8,79.24,92.1,61.6,0.0,0.0,232.38,1113.0,7.01,23.7,141.86,22.9,29.97,4.71,1782603900,2026-06-27 23:45:00,96
238383,2026-06-28,26.85,31.7,23.8,84.07,94.7,64.1,13.0,1.5,201.97,956.0,4.0,28.6,177.25,23.85,29.96,3.9,1782690300,2026-06-28 23:45:00,96
238383,2026-06-29,27.51,32.3,23.2,80.28,93.4,60.7,0.0,0.0,233.79,1081.0,4.55,36.0,150.76,23.64,29.93,4.56,1782776700,2026-06-29 23:45:00,96
238383,2026-06-30,27.43,32.9,24.1,83.85,94.6,62.1,15.0,2.69,210.43,1206.0,5.63,46.7,162.14,24.27,29.91,4.17,1782863100,2026-06-30 23:45:00,96
238383,2026-07-01,27.33,32.4,23.9,81.0,92.7,59.8,5.0,1.07,227.01,1125.0,6.14,27.2,145.84,23.64,29.9,4.57,1782949500,2026-07-01 23:45:00,96
238383,2026-07-02,27.31,31.9,24.2,81.8,92.2,63.3,0.0,0.0,182.28,1394.0,6.02,24.8,147.97,23.86,29.92,3.68,1783035900,2026-07-02 23:45:00,96
238383,2026-07-03,25.65,30.7,21.8,88.16,94.8,71.0,4.8,0.72,161.86,1188.0,5.5,32.3,161.61,23.52,29.96,3.19,1783122300,2026-07-03 23:45:00,96
238383,2026-07-04,26.89,32.0,23.9,85.41,94.8,65.8,0.0,0.0,191.21,1192.0,4.54,25.9,133.35,24.14,29.96,3.74,1783208700,2026-07-04 23:45:00,96
238383,2026-07-05,26.36,32.4,23.3,84.66,94.8,62.8,26.8,3.96,190.23,1044.0,6.61,32.2,139.53,23.48,29.97,3.93,1783295100,2026-07-05 23:45:00,96
238383,2026-07-06,26.08,31.9,23.7,88.52,95.5,67.4,14.8,3.18,197.7,1241.0,3.34,27.6,158.66,23.95,29.98,3.75,1783381500,2026-07-06 23:45:00,96
238383,2026-07-07,26.65,32.8,23.9,87.46,95.8,66.6,0.0,0.0,229.38,1178.0,4.21,24.8,161.75,24.32,29.99,4.37,1783467900,2026-07-07 23:45:00,96
238383,2026-07-08,27.26,32.4,23.8,84.04,94.6,63.4,0.0,0.0,235.48,1035.0,5.17,30.6,153.68,24.19,29.97,4.69,1783554300,2026-07-08 23:45:00,96
238383,2026-07-09,27.47,32.4,23.8,82.7,93.9,62.9,0.0,0.0,231.41,900.0,5.58,25.1,156.47,24.14,29.95,4.6,1783640700,2026-07-09 23:45:00,96
238383,2026-07-10,27.43,31.5,24.3,81.88,94.5,61.0,7.0,1.72,251.07,988.0,7.84,40.2,138.89,23.91,29.95,5.02,1783727100,2026-07-10 23:45:00,96
238383,2026-07-11,26.67,32.1,23.7,82.77,90.9,64.6,0.2,0.0,211.75,1136.0,8.29,37.0,133.1,23.45,29.94,4.34,1783813500,2026-07-11 23:45:00,96
238383,2026-07-12,25.67,30.9,23.7,86.53,94.4,69.1,17.2,3.03,189.09,1032.0,5.04,24.6,146.49,23.2,29.96,3.58,1783899900,2026-07-12 23:45:00,96
238383,2026-07-13,25.9,30.7,23.3,88.73,95.4,70.9,3.0,0.77,206.25,1160.0,5.23,30.9,146.95,23.85,29.99,3.93,1783986300,2026-07-13 23:45:00,96
238383,2026-07-14,27.06,32.7,23.4,84.16,95.5,62.1,0.0,0.0,225.34,1123.0,4.55,24.6,146.76,23.99,29.98,4.41,1784072700,2026-07-14 23:45:00,96
238383,2026-07-15,27.01,31.9,23.9,83.87,93.7,65.2,0.0,0.0,211.06,1143.0,5.81,23.5,136.96,23.98,29.96,4.26,1784159100,2026-07-15 23:45:00,96
238383,2026-07-16,26.88,31.8,23.7,82.63,92.6,67.8,0.0,0.0,211.98,1252.0,6.09,24.3,155.27,23.62,29.96,4.15,1784245500,2026-07-16 23:45:00,96
238383,2026-07-17,27.0,31.4,23.8,83.35,92.6,67.1,0.4,0.01,205.96,1350.0,7.27,35.2,150.43,23.84,29.96,4.17,1784331900,2026-07-17 23:45:00,96
238383,2026-07-18,25.07,27.6,23.7,91.03,94.8,82.2,13.4,1.84,110.05,1056.0,8.9,31.9,130.04,23.52,29.94,2.04,1784418300,2026-07-18 23:45:00,96
238383,2026-07-19,26.64,31.8,23.8,85.26,93.8,67.8,0.0,0.0,243.16,1109.0,11.43,33.0,127.6,23.9,29.9,4.78,1784504700,2026-07-19 23:45:00,96
238383,2026-07-20,26.12,30.2,23.8,87.8,93.3,74.3,4.4,0.68,140.3,624.0,4.83,21.8,144.97,23.95,29.91,2.59,1784591100,2026-07-20 23:45:00,96
238383,2026-07-21,26.54,30.2,23.6,85.19,94.4,71.1,0.0,0.0,197.23,1011.0,5.67,24.1,130.67,23.79,29.91,3.87,1784677500,2026-07-21 23:45:00,96
238383,2026-07-22,25.88,32.1,22.7,84.36,93.5,65.7,4.4,1.41,222.96,1257.0,4.79,23.9,145.54,22.95,29.89,4.34,1784763900,2026-07-22 23:45:00,96
238383,2026-07-23,26.85,31.9,22.9,83.29,93.8,64.8,0.0,0.0,242.78,1216.0,3.87,23.1,151.45,23.66,29.92,4.77,1784850300,2026-07-23 23:45:00,96
238383,2026-07-24,27.2,31.6,23.8,80.34,92.2,60.0,0.2,0.0,230.58,1209.0,8.4,28.2,128.43,23.4,29.94,4.68,1784936700,2026-07-24 23:45:00,96
238383,2026-07-25,25.69,31.5,23.6,87.61,93.7,70.8,3.4,0.99,160.3,1085.0,6.38,41.4,148.78,23.44,29.97,3.13,1785023100,2026-07-25 23:45:00,96
238383,2026-07-26,26.14,32.8,23.1,86.24,94.5,64.6,0.0,0.0,225.56,1167.0,5.05,28.3,179.46,23.59,29.97,4.34,1785109500,2026-07-26 23:45:00,96
238383,2026-07-27,26.68,33.3,22.3,82.63,95.1,56.1,0.0,0.0,254.0,1164.0,3.27,21.8,179.53,23.27,29.96,4.89,1785195900,2026-07-27 23:45:00,96
238383,2026-07-28,27.77,33.3,24.1,80.21,92.8,59.0,0.0,0.0,251.89,1160.0,5.38,49.9,148.82,23.86,29.94,5.06,1785282300,2026-07-28 23:45:00,96
238383,2026-07-29,26.77,31.7,24.1,86.9,94.0,71.4,20.4,4.51,221.94,1202.0,6.02,44.8,148.15,24.35,29.94,4.33,1785368700,2026-07-29 23:45:00,96
238383,2026-07-30,25.9,31.2,23.4,87.7,93.9,72.9,0.4,0.1,203.85,1158.0,5.1,28.3,108.04,23.69,29.96,2.88,1785455100,2026-07-30 23:45:00,78
238383,2026-07-31,25.67,31.8,23.3,88.04,93.4,72.1,0.0,0.0,153.53,1183.0,5.09,20.7,136.98,23.57,29.97,2.26,1785541500,2026-07-31 23:45:00,81
238383,2026-08-01,27.39,33.3,23.7,83.79,94.1,60.5,0.0,0.0,270.6,1107.0,3.14,14.6,184.3,24.26,29.95,5.21,1785627900,2026-08-01 23:45:00,96
238383,2026-08-02,28.3,32.7,23.2,78.2,89.2,61.8,0.0,0.0,325.05,1085.0,6.5,23.9,144.25,24.01,29.94,4.41,1785708000,2026-08-02 22:00:00,64
238407,2026-05-28,30.86,32.9,28.9,59.42,66.2,51.7,0.0,0.0,52.82,227.0,4.27,17.7,235.27,21.82,29.83,0.23,1780011900,2026-05-28 23:45:00,13
238407,2026-05-29,28.33,33.9,23.7,67.9,83.4,47.7,0.0,0.0,211.15,991.0,5.3,27.9,212.64,21.57,29.91,4.84,1780098300,2026-05-29 23:45:00,96
238407,2026-05-30,28.61,34.9,23.6,71.72,90.8,49.9,37.6,5.06,209.25,1028.0,5.58,40.2,207.21,22.71,29.95,4.7,1780184700,2026-05-30 23:45:00,96
238407,2026-05-31,25.08,29.3,22.9,87.35,93.8,72.2,7.0,0.57,119.33,793.0,3.19,30.5,198.39,22.82,30.0,2.21,1780271100,2026-05-31 23:45:00,96
238407,2026-06-01,27.18,32.6,24.2,83.21,94.2,61.2,0.0,0.0,179.44,967.0,4.44,31.4,221.17,23.98,29.97,3.69,1780357500,2026-06-01 23:45:00,96
238407,2026-06-02,26.19,31.3,23.6,83.15,92.4,63.4,1.6,0.3,200.51,1153.0,6.16,31.3,227.62,23.01,29.96,4.07,1780443900,2026-06-02 23:45:00,96
238407,2026-06-03,26.75,32.2,23.8,81.14,90.4,61.8,2.2,0.23,166.35,1116.0,4.41,27.1,233.97,23.18,29.96,3.33,1780530300,2026-06-03 23:45:00,96
238407,2026-06-04,25.74,29.9,24.2,87.17,94.1,72.7,7.4,0.64,123.06,675.0,4.29,23.6,219.18,23.43,29.98,2.37,1780616700,2026-06-04 23:45:00,96
238407,2026-06-05,25.44,29.1,23.8,88.54,94.9,73.9,3.6,0.32,127.29,719.0,3.23,25.5,170.4,23.38,29.99,2.4,1780703100,2026-06-05 23:45:00,96
238407,2026-06-06,25.98,32.0,23.9,86.96,94.1,67.9,0.6,0.18,158.57,1164.0,3.93,34.6,162.95,23.58,29.94,3.17,1780789500,2026-06-06 23:45:00,96
238407,2026-06-07,26.07,31.8,23.9,85.88,93.5,65.5,0.8,0.1,166.05,1114.0,4.83,24.6,222.98,23.43,29.93,3.18,1780875900,2026-06-07 23:45:00,96
238407,2026-06-08,26.17,31.7,23.2,84.21,94.5,63.1,4.4,0.8,169.39,1139.0,3.11,24.3,196.89,23.15,29.99,3.38,1780962300,2026-06-08 23:45:00,96
238407,2026-06-09,27.25,32.7,23.1,78.8,94.0,55.1,0.0,0.0,232.24,1028.0,4.86,27.9,193.6,23.02,30.0,4.69,1781048700,2026-06-09 23:45:00,96
238407,2026-06-10,27.38,33.1,22.8,76.8,93.1,56.1,0.0,0.0,215.39,1114.0,5.42,31.1,199.38,22.79,29.95,4.32,1781135100,2026-06-10 23:45:00,96
238407,2026-06-11,25.91,31.2,23.9,88.37,94.9,67.5,49.2,4.84,161.23,1079.0,5.56,31.0,184.1,23.75,29.94,3.27,1781221500,2026-06-11 23:45:00,96
238407,2026-06-12,26.45,31.2,23.0,85.12,94.8,65.7,6.6,0.4,165.83,1303.0,5.48,29.1,232.36,23.65,29.97,3.26,1781307900,2026-06-12 23:45:00,96
238407,2026-06-13,26.88,32.4,22.1,76.68,92.4,52.8,0.0,0.0,244.89,1027.0,4.93,32.5,219.35,22.16,29.95,4.97,1781394300,2026-06-13 23:45:00,96
238407,2026-06-14,26.32,32.4,22.3,80.34,92.8,62.1,4.6,0.83,203.34,856.0,5.22,35.9,195.02,22.52,29.96,4.16,1781480700,2026-06-14 23:45:00,96
238407,2026-06-15,26.1,31.2,23.2,84.18,94.4,61.9,0.8,0.06,174.99,1060.0,4.76,24.8,230.15,23.09,29.98,3.49,1781567100,2026-06-15 23:45:00,96
238407,2026-06-16,26.47,31.6,22.7,82.0,94.4,62.7,1.8,0.31,182.75,1065.0,2.6,16.6,185.61,23.02,30.0,3.43,1781653500,2026-06-16 23:45:00,96
238407,2026-06-17,25.7,31.2,22.4,87.61,95.1,68.9,12.6,2.01,147.32,1255.0,3.5,27.1,188.94,23.46,30.0,2.68,1781739900,2026-06-17 23:45:00,96
238407,2026-06-18,25.19,29.8,23.5,90.58,95.5,73.0,8.0,2.95,114.9,1049.0,3.91,27.6,185.55,23.51,30.0,2.14,1781826300,2026-06-18 23:45:00,96
238407,2026-06-19,25.73,32.2,23.5,87.89,95.3,63.4,7.8,1.69,189.04,1093.0,2.99,29.1,215.24,23.48,30.0,3.61,1781912700,2026-06-19 23:45:00,96
238407,2026-06-20,25.38,32.3,22.9,88.22,95.2,66.3,37.6,4.08,175.69,1121.0,3.5,47.4,193.7,23.21,29.96,3.42,1781999100,2026-06-20 23:45:00,96
238407,2026-06-21,26.71,33.0,23.6,85.43,95.8,62.1,0.0,0.0,212.34,1065.0,4.14,22.5,209.85,23.9,29.93,4.17,1782085500,2026-06-21 23:45:00,96
238407,2026-06-22,27.25,32.5,23.4,80.96,94.8,58.8,0.0,0.0,207.21,1058.0,3.67,27.1,199.53,23.51,29.96,4.1,1782171900,2026-06-22 23:45:00,96
238407,2026-06-23,26.75,31.8,23.1,80.64,94.3,61.4,0.0,0.0,195.25,1042.0,6.81,29.0,173.09,22.98,29.95,4.14,1782258300,2026-06-23 23:45:00,96
238407,2026-06-24,25.78,30.5,23.2,87.53,94.5,73.7,28.6,4.5,119.4,1179.0,4.35,26.0,182.67,23.52,29.94,2.25,1782344700,2026-06-24 23:45:00,96
238407,2026-06-25,25.83,31.8,22.9,87.43,95.3,68.4,0.2,0.0,172.66,1076.0,3.06,22.0,187.42,23.52,29.96,3.31,1782431100,2026-06-25 23:45:00,96
238407,2026-06-26,26.87,32.5,22.1,80.21,93.7,57.4,0.0,0.0,243.92,983.0,4.34,27.5,200.49,22.96,29.98,4.89,1782517500,2026-06-26 23:45:00,96
238407,2026-06-27,26.31,31.7,23.2,83.63,93.8,65.7,0.0,0.0,196.27,1121.0,5.45,27.2,183.75,23.25,29.97,3.72,1782603900,2026-06-27 23:45:00,96
238407,2026-06-28,26.67,32.0,23.5,85.7,95.2,64.4,7.0,1.21,214.73,940.0,4.45,26.2,213.23,23.99,29.96,4.06,1782690300,2026-06-28 23:45:00,96
238407,2026-06-29,27.28,32.1,23.2,82.15,93.9,62.8,0.0,0.0,223.17,1081.0,3.15,25.3,209.89,23.82,29.93,4.39,1782776700,2026-06-29 23:45:00,96
238407,2026-06-30,27.32,32.2,23.8,83.97,95.2,60.5,11.2,2.64,212.99,1069.0,5.41,31.5,208.84,24.18,29.91,4.39,1782863100,2026-06-30 23:45:00,96
238407,2026-07-01,27.36,32.7,23.7,82.17,94.4,62.0,0.0,0.01,221.65,1118.0,3.64,19.6,186.91,23.89,29.9,4.36,1782949500,2026-07-01 23:45:00,96
238407,2026-07-02,27.17,31.9,23.9,83.34,94.0,68.6,5.4,2.22,188.6,1004.0,4.35,29.0,214.44,24.04,29.92,3.68,1783035900,2026-07-02 23:45:00,96
238407,2026-07-03,25.23,29.7,22.1,90.62,94.8,77.0,27.6,3.69,131.28,1146.0,2.88,25.5,180.36,23.6,29.96,2.4,1783122300,2026-07-03 23:45:00,96
238407,2026-07-04,26.54,30.9,23.9,88.14,95.3,70.2,0.4,0.05,152.21,1114.0,3.32,22.1,182.18,24.37,29.96,2.96,1783208700,2026-07-04 23:45:00,96
238407,2026-07-05,26.15,30.9,23.5,87.37,94.8,70.1,15.2,4.1,162.28,970.0,4.67,28.5,179.15,23.84,29.97,3.17,1783295100,2026-07-05 23:45:00,96
238407,2026-07-06,26.2,31.0,23.6,88.64,95.3,70.7,0.8,0.07,197.16,1085.0,3.49,27.4,224.44,24.14,29.98,3.56,1783381500,2026-07-06 23:45:00,96
238407,2026-07-07,26.44,32.0,23.8,88.04,95.7,71.0,2.8,0.74,191.66,1081.0,3.83,23.4,211.01,24.25,29.99,3.74,1783467900,2026-07-07 23:45:00,96
238407,2026-07-08,26.98,32.6,23.6,85.85,94.8,66.5,1.4,0.38,210.26,1085.0,3.56,24.7,209.5,24.32,29.96,4.08,1783554300,2026-07-08 23:45:00,96
238407,2026-07-09,27.27,32.3,23.6,84.37,94.8,62.9,0.0,0.0,196.16,928.0,3.27,25.8,194.68,24.31,29.95,3.86,1783640700,2026-07-09 23:45:00,96
238407,2026-07-10,27.49,32.8,24.1,82.26,94.5,60.3,0.2,0.0,211.22,896.0,4.27,30.5,189.29,24.04,29.95,4.24,1783727100,2026-07-10 23:45:00,96
238407,2026-07-11,26.48,31.8,23.4,85.36,93.8,67.6,2.2,0.66,174.64,1018.0,4.24,38.6,195.39,23.77,29.94,3.53,1783813500,2026-07-11 23:45:00,96
238407,2026-07-12,25.36,31.2,23.2,89.35,94.5,70.3,34.0,4.54,130.81,932.0,3.58,18.7,177.89,23.44,29.97,2.51,1783899900,2026-07-12 23:45:00,96
238407,2026-07-13,25.87,31.8,23.2,88.88,96.0,68.2,1.2,0.21,192.25,1148.0,3.19,22.5,198.2,23.83,29.99,3.65,1783986300,2026-07-13 23:45:00,96
238407,2026-07-14,27.3,32.8,23.6,83.65,95.7,61.4,0.0,0.0,232.6,1055.0,3.36,23.6,202.8,24.11,29.98,4.54,1784072700,2026-07-14 23:45:00,96
238407,2026-07-15,27.14,31.8,23.4,83.51,95.0,65.3,0.4,0.14,222.2,1121.0,3.53,21.8,199.41,24.0,29.96,4.3,1784159100,2026-07-15 23:45:00,96
238407,2026-07-16,27.3,33.3,23.5,81.5,94.2,59.8,0.0,0.0,205.94,1172.0,4.66,23.4,206.32,23.72,29.96,4.22,1784245500,2026-07-16 23:45:00,96
238407,2026-07-17,26.65,31.7,23.4,85.22,94.1,70.1,0.0,0.0,190.69,1206.0,4.37,32.2,197.32,23.89,29.97,3.37,1784331900,2026-07-17 23:45:00,90
238407,2026-07-18,25.08,28.3,23.6,90.79,95.3,80.8,24.4,3.33,103.67,789.0,4.7,25.7,184.02,23.47,29.94,1.75,1784414700,2026-07-18 22:45:00,84
238407,2026-07-19,26.93,32.4,23.5,85.36,95.8,64.5,0.0,0.0,250.09,1141.0,5.32,26.2,186.61,24.13,29.9,4.51,1784502900,2026-07-19 23:15:00,87
238407,2026-07-20,26.2,30.1,23.9,88.62,95.4,76.4,2.4,0.57,174.48,640.0,3.67,28.8,193.71,24.16,29.91,2.67,1784591100,2026-07-20 23:45:00,77
238407,2026-07-21,27.1,31.6,23.4,84.17,95.8,65.6,0.0,0.0,218.26,1076.0,3.36,18.3,185.13,24.07,29.91,3.93,1784677500,2026-07-21 23:45:00,86
238407,2026-07-22,25.77,32.1,22.5,85.64,95.4,62.7,3.8,0.79,215.47,1206.0,3.72,32.7,200.42,23.08,29.89,4.07,1784761200,2026-07-22 23:00:00,93
238407,2026-07-23,27.24,32.8,22.7,82.71,95.3,62.8,0.0,0.0,265.53,1259.0,2.55,20.9,192.38,23.95,29.92,4.58,1784850300,2026-07-23 23:45:00,84
238407,2026-07-24,27.18,31.9,23.7,82.47,95.1,62.6,0.0,0.0,197.57,1028.0,4.27,20.4,177.38,23.8,29.94,3.81,1784935800,2026-07-24 23:30:00,95
238407,2026-07-25,25.39,31.3,23.7,91.0,95.4,73.1,6.4,1.13,125.18,874.0,3.77,22.5,193.4,23.82,29.98,1.92,1785023100,2026-07-25 23:45:00,83
238407,2026-07-26,26.21,32.5,22.8,86.89,95.8,64.7,0.2,0.01,224.16,1030.0,4.37,24.1,202.04,23.75,29.97,4.34,1785109500,2026-07-26 23:45:00,93
238407,2026-07-27,26.65,33.3,22.2,83.23,96.0,56.9,0.0,0.0,267.96,1000.0,2.43,19.5,181.0,23.35,29.97,4.85,1785191400,2026-07-27 22:30:00,91
238407,2026-07-28,27.68,33.7,23.7,82.39,95.4,57.7,0.0,0.0,239.13,1025.0,3.33,19.9,195.25,24.2,29.94,4.17,1785280500,2026-07-28 23:15:00,87
238407,2026-07-29,27.52,32.8,24.2,84.13,95.1,66.8,0.0,0.0,286.64,1056.0,4.93,24.2,218.14,24.5,29.94,4.22,1785365100,2026-07-29 22:45:00,76
238407,2026-07-30,26.14,31.2,23.4,89.28,95.1,71.7,3.6,1.53,219.98,954.0,3.65,25.2,198.5,24.26,29.96,2.26,1785455100,2026-07-30 23:45:00,60
238407,2026-07-31,26.22,32.4,23.3,88.12,94.3,67.3,5.2,1.32,175.61,1025.0,3.68,22.0,169.4,24.03,29.96,3.46,1785541500,2026-07-31 23:45:00,92
238407,2026-08-01,27.27,33.6,23.5,84.08,96.1,58.8,0.0,0.0,240.24,1041.0,3.88,29.0,184.6,24.13,29.95,4.85,1785627900,2026-08-01 23:45:00,95
238407,2026-08-02,27.46,33.3,22.1,81.02,93.5,61.4,0.0,0.0,252.92,1004.0,3.91,22.5,168.22,23.76,29.94,4.09,1785708000,2026-08-02 22:00:00,78
238570,2026-05-31,30.72,32.3,27.4,53.54,62.4,49.5,0.0,0.0,268.64,747.0,4.96,21.7,207.35,20.15,29.95,1.52,1780271100,2026-05-31 23:45:00,26
238570,2026-06-01,26.51,33.3,22.7,77.51,89.2,55.8,9.8,2.04,174.88,1102.0,2.33,34.9,115.94,22.08,30.0,3.44,1780357500,2026-06-01 23:45:00,96
238570,2026-06-02,26.11,31.5,23.2,79.95,91.0,58.7,8.2,1.01,132.35,1113.0,2.48,22.1,172.49,22.29,29.99,2.57,1780443900,2026-06-02 23:45:00,96
238570,2026-06-03,25.41,30.0,23.2,85.5,93.1,65.1,2.8,0.23,136.86,960.0,2.27,20.8,157.17,22.76,29.99,2.59,1780530300,2026-06-03 23:45:00,96
238570,2026-06-04,25.95,30.2,23.4,82.97,92.9,64.2,0.8,0.15,146.39,997.0,2.45,22.5,159.33,22.76,30.01,2.91,1780616700,2026-06-04 23:45:00,96
238570,2026-06-05,25.69,29.0,23.4,82.73,92.7,68.4,0.2,0.0,146.28,995.0,2.81,22.6,189.61,22.49,30.02,2.84,1780703100,2026-06-05 23:45:00,96
238570,2026-06-06,25.24,31.1,22.3,82.71,92.5,60.8,14.6,1.85,165.12,942.0,2.39,21.1,125.66,21.98,29.99,3.28,1780789500,2026-06-06 23:45:00,96
238570,2026-06-07,24.62,27.4,22.2,86.11,93.3,76.5,3.6,0.9,103.0,559.0,2.44,18.0,163.21,22.13,29.99,1.95,1780875900,2026-06-07 23:45:00,96
238570,2026-06-08,25.07,29.3,23.3,87.81,94.0,73.2,8.6,0.98,119.78,858.0,2.66,19.2,127.04,22.88,30.04,2.32,1780962300,2026-06-08 23:45:00,96
238570,2026-06-09,26.23,32.2,23.6,81.95,92.5,58.5,0.0,0.0,233.85,911.0,3.26,26.2,67.78,22.76,30.06,4.63,1781048700,2026-06-09 23:45:00,96
238570,2026-06-10,25.85,31.6,21.2,78.89,92.6,61.9,0.0,0.0,238.38,956.0,3.35,21.1,95.68,21.81,30.01,4.71,1781135100,2026-06-10 23:45:00,96
238570,2026-06-11,25.55,30.8,23.5,85.86,93.3,69.3,121.8,15.45,144.99,1044.0,3.08,22.6,116.32,22.98,29.98,2.71,1781221500,2026-06-11 23:45:00,96
238570,2026-06-12,26.7,33.0,22.8,81.82,94.6,50.9,25.2,2.32,248.54,1071.0,4.06,22.5,180.71,23.09,29.99,5.09,1781307900,2026-06-12 23:45:00,96
238570,2026-06-13,27.06,33.2,23.9,80.52,93.5,53.9,0.0,0.0,241.2,1018.0,2.38,22.4,83.69,23.19,30.0,4.81,1781394300,2026-06-13 23:45:00,96
238570,2026-06-14,25.97,32.1,22.8,81.67,93.5,59.6,0.0,0.0,241.8,970.0,3.64,25.1,61.91,22.44,30.01,4.76,1781480700,2026-06-14 23:45:00,96
238570,2026-06-15,26.48,32.5,23.6,81.33,93.4,53.9,1.2,0.11,173.53,1058.0,2.82,21.1,116.98,22.81,30.02,3.48,1781567100,2026-06-15 23:45:00,96
238570,2026-06-16,25.36,29.9,22.4,84.35,94.1,64.2,3.2,0.88,187.14,1120.0,2.48,20.2,150.53,22.43,30.05,3.53,1781653500,2026-06-16 23:45:00,96
238570,2026-06-17,25.02,30.9,21.8,85.45,94.1,62.6,8.4,1.88,153.54,1123.0,1.63,22.6,174.6,22.32,30.05,2.74,1781739900,2026-06-17 23:45:00,96
238570,2026-06-18,25.53,30.9,23.4,85.83,93.1,62.3,1.4,0.07,142.29,1155.0,2.78,22.8,86.79,22.95,30.06,2.8,1781826300,2026-06-18 23:45:00,96
238570,2026-06-19,25.51,30.6,22.9,86.09,94.0,64.8,16.0,4.29,160.47,1213.0,1.56,31.7,129.03,22.95,30.04,2.98,1781912700,2026-06-19 23:45:00,96
238570,2026-06-20,25.29,31.7,22.5,86.48,94.4,62.4,18.4,1.8,171.39,1104.0,1.73,24.1,136.28,22.75,30.01,3.3,1781999100,2026-06-20 23:45:00,96
238570,2026-06-21,25.78,32.2,22.7,85.16,94.2,62.3,3.4,0.76,204.23,1155.0,1.76,20.2,171.47,23.0,29.98,3.97,1782085500,2026-06-21 23:45:00,96
238570,2026-06-22,25.86,31.1,22.3,85.09,94.1,67.9,1.8,0.15,216.24,1081.0,2.86,24.1,102.88,23.07,30.02,4.23,1782171900,2026-06-22 23:45:00,96
238570,2026-06-23,26.14,30.2,23.2,79.74,90.9,63.8,0.0,0.0,256.99,967.0,5.47,30.0,37.46,22.24,30.03,5.11,1782258300,2026-06-23 23:45:00,96
238570,2026-06-24,25.4,30.3,22.1,81.72,92.6,67.5,2.4,0.41,186.53,1114.0,3.71,21.1,88.0,22.02,30.0,3.58,1782344700,2026-06-24 23:45:00,96
238570,2026-06-25,26.22,31.7,23.2,81.43,93.4,62.3,0.0,0.0,198.69,1137.0,3.62,24.2,168.98,22.66,30.0,3.95,1782431100,2026-06-25 23:45:00,96
238570,2026-06-26,26.08,32.2,22.2,82.03,94.1,56.5,0.0,0.0,244.32,928.0,2.69,23.6,88.11,22.6,30.04,4.79,1782517500,2026-06-26 23:45:00,96
238570,2026-06-27,26.41,32.3,23.4,80.4,93.1,59.1,0.0,0.0,222.56,1021.0,2.98,20.4,87.19,22.6,30.02,4.45,1782603900,2026-06-27 23:45:00,96
238570,2026-06-28,25.99,30.3,23.7,83.84,93.6,64.9,0.2,0.0,161.7,1072.0,2.79,17.7,141.01,23.01,30.0,3.16,1782690300,2026-06-28 23:45:00,96
238570,2026-06-29,26.24,33.4,21.2,79.1,93.2,53.8,0.0,0.0,193.96,1179.0,2.45,18.9,177.48,22.07,29.97,3.89,1782776700,2026-06-29 23:45:00,96
238570,2026-06-30,26.58,30.6,24.0,83.77,93.4,64.3,0.4,0.01,141.01,789.0,3.49,23.0,123.67,23.54,29.96,2.79,1782863100,2026-06-30 23:45:00,96
238570,2026-07-01,26.34,32.2,23.6,84.58,94.7,63.0,0.4,0.01,203.11,1093.0,2.86,25.7,117.2,23.42,29.94,4.05,1782949500,2026-07-01 23:45:00,96
238570,2026-07-02,26.41,32.6,23.9,83.11,93.9,60.7,0.0,0.0,168.85,1201.0,3.17,26.4,101.18,23.19,29.97,3.3,1783035900,2026-07-02 23:45:00,96
238570,2026-07-03,24.78,28.5,23.1,89.05,94.4,73.0,13.2,1.55,99.93,561.0,2.48,17.4,147.48,22.84,30.01,1.87,1783122300,2026-07-03 23:45:00,96
238570,2026-07-04,25.28,30.2,21.8,86.68,94.8,68.5,0.0,0.0,149.78,647.0,1.76,15.4,144.34,22.84,30.02,2.72,1783208700,2026-07-04 23:45:00,96
238570,2026-07-05,26.2,31.9,23.4,83.18,93.0,62.1,4.4,0.61,207.49,1014.0,3.15,17.1,61.73,23.03,30.02,4.06,1783295100,2026-07-05 23:45:00,96
238570,2026-07-06,26.26,31.4,23.6,85.62,94.5,66.4,5.8,0.79,183.94,1197.0,2.41,14.5,122.92,23.57,30.01,3.59,1783381500,2026-07-06 23:45:00,96
238570,2026-07-07,26.61,31.3,23.1,83.21,94.2,64.8,0.0,0.0,167.42,1313.0,2.49,20.6,147.21,23.42,30.02,3.16,1783467900,2026-07-07 23:45:00,96
238570,2026-07-08,26.25,30.9,23.7,85.67,94.7,66.0,0.2,0.0,162.65,1046.0,2.06,20.9,179.32,23.58,30.0,3.1,1783554300,2026-07-08 23:45:00,96
238570,2026-07-09,26.3,31.7,23.7,85.19,94.7,63.8,2.6,0.37,157.98,1014.0,2.43,20.1,131.14,23.54,30.0,3.08,1783640700,2026-07-09 23:45:00,96
238570,2026-07-10,25.88,30.5,23.5,86.72,94.6,70.0,0.4,0.01,182.43,942.0,3.49,25.6,55.34,23.42,30.01,3.61,1783727100,2026-07-10 23:45:00,96
238570,2026-07-11,24.79,24.9,24.7,86.75,87.1,86.4,0.0,0.0,0.0,0.0,4.84,18.2,18.88,22.43,30.01,0.0,1783734300,2026-07-11 01:45:00,8
238570,2026-07-12,27.17,30.7,25.1,80.09,87.7,70.8,0.0,0.0,198.15,858.0,4.35,16.6,82.0,23.35,29.99,1.23,1783899900,2026-07-12 23:45:00,26
238570,2026-07-13,25.15,31.0,22.7,87.51,94.3,67.1,0.4,0.05,146.69,1111.0,1.74,19.4,149.84,22.9,30.05,1.84,1783986300,2026-07-13 23:45:00,79
238570,2026-07-14,25.62,32.1,22.8,86.53,94.9,63.9,0.2,0.0,211.5,1041.0,2.37,26.2,67.15,23.1,30.03,4.27,1784072700,2026-07-14 23:45:00,96
238570,2026-07-15,26.45,32.8,23.7,83.58,93.9,60.6,0.0,0.0,196.86,1028.0,2.46,23.8,78.76,23.29,30.01,3.91,1784159100,2026-07-15 23:45:00,96
238570,2026-07-16,26.16,30.3,23.8,84.07,92.3,70.5,0.0,0.0,202.91,1120.0,4.11,22.6,42.82,23.2,30.01,3.94,1784245500,2026-07-16 23:45:00,95
238570,2026-07-17,25.87,31.6,24.1,85.07,93.3,64.3,0.0,0.0,131.74,1113.0,2.93,22.5,34.79,23.1,30.02,1.85,1784331900,2026-07-17 23:45:00,76
238570,2026-07-18,25.75,31.2,23.4,85.7,92.8,67.0,5.6,0.69,166.59,1229.0,5.17,25.7,35.0,23.14,29.99,3.01,1784418300,2026-07-18 23:45:00,96
238570,2026-07-19,25.46,29.9,23.4,86.65,92.8,72.2,2.2,0.24,158.16,1125.0,5.18,24.1,39.77,23.06,29.96,3.06,1784504700,2026-07-19 23:45:00,96
238570,2026-07-20,24.77,27.7,23.2,90.64,94.0,81.2,8.0,1.54,85.81,726.0,2.56,14.8,58.06,23.15,29.97,1.4,1784591100,2026-07-20 23:45:00,93
238570,2026-07-21,25.4,30.3,23.5,88.39,95.1,72.7,0.2,0.01,169.56,1051.0,2.69,19.4,59.65,23.28,29.97,3.26,1784677500,2026-07-21 23:45:00,96
238570,2026-07-22,25.75,33.6,22.4,83.3,94.0,52.8,0.0,0.0,105.38,983.0,1.69,21.2,120.71,22.42,29.92,1.53,1784763900,2026-07-22 23:45:00,70
238570,2026-07-23,25.04,29.6,22.1,86.91,94.5,71.9,31.4,3.94,145.92,960.0,2.78,18.4,174.42,22.67,29.97,2.81,1784850300,2026-07-23 23:45:00,96
238570,2026-07-24,25.79,31.3,23.9,87.18,93.8,67.1,0.0,0.0,179.22,993.0,2.82,18.4,40.85,23.44,30.01,2.59,1784936700,2026-07-24 23:45:00,81
238570,2026-07-25,25.65,30.7,23.3,87.29,94.3,72.0,0.0,0.0,163.36,1151.0,2.51,21.0,81.81,23.35,30.02,3.16,1785023100,2026-07-25 23:45:00,96
238570,2026-07-26,25.38,30.8,21.7,87.87,94.5,66.5,15.4,2.93,160.38,1243.0,1.98,22.5,155.06,23.16,30.02,3.02,1785109500,2026-07-26 23:45:00,96
238570,2026-07-27,25.61,32.6,20.4,80.48,94.5,58.8,0.2,0.0,263.48,1023.0,2.61,22.5,205.36,21.74,30.01,5.26,1785195900,2026-07-27 23:45:00,96
238570,2026-07-28,26.57,33.3,23.4,83.92,94.2,60.1,6.0,1.37,203.57,1030.0,1.67,15.5,176.47,23.45,29.99,3.98,1785282300,2026-07-28 23:45:00,96
238570,2026-07-29,25.95,31.7,23.3,87.87,94.3,69.7,5.2,1.08,179.69,1127.0,1.9,19.5,134.43,23.73,29.98,3.41,1785368700,2026-07-29 23:45:00,95
238570,2026-07-30,26.35,31.9,23.6,86.08,94.8,63.2,0.6,0.05,186.97,1074.0,2.72,25.3,150.85,23.74,29.99,3.54,1785455100,2026-07-30 23:45:00,96
238570,2026-07-31,25.23,30.7,22.4,87.58,95.1,69.7,22.6,2.5,168.57,1167.0,2.44,26.0,155.69,22.94,30.01,3.24,1785541500,2026-07-31 23:45:00,96
238570,2026-08-01,26.65,32.8,22.3,80.98,94.6,58.8,0.0,0.0,229.27,1062.0,2.72,24.2,198.0,22.9,29.98,4.6,1785627900,2026-08-01 23:45:00,96
238570,2026-08-02,24.78,29.6,23.4,92.01,95.3,71.9,0.0,0.0,17.53,288.0,0.81,15.1,227.65,23.35,29.98,0.15,1785708000,2026-08-02 22:00:00,51
241484,2026-07-06,25.61,27.4,24.7,85.29,,,0.0,0.0,5.29,30.0,0.0,12.9,13.4,22.93,29.97,0.0,1783381500,2026-07-06 23:45:00,7
241484,2026-07-07,26.96,33.2,23.7,81.46,,,6.6,7.86,173.02,1081.0,3.93,22.5,6.44,23.24,30.0,3.65,1783467900,2026-07-07 23:45:00,96
241484,2026-07-08,26.98,31.7,23.9,81.07,,,10.92,2.48,207.47,1069.0,5.53,30.6,4.33,23.23,29.98,4.43,1783554300,2026-07-08 23:45:00,96
241484,2026-07-09,27.12,32.2,23.5,78.38,,,0.0,0.0,182.75,824.0,7.14,29.0,3.49,22.8,29.97,4.16,1783640700,2026-07-09 23:45:00,96
241484,2026-07-10,27.6,33.4,23.4,74.59,,,0.0,0.0,217.8,874.0,6.37,29.0,3.99,22.22,29.96,5.01,1783727100,2026-07-10 23:45:00,96
241484,2026-07-11,26.29,32.1,22.9,77.8,,,36.81,5.39,161.57,926.0,6.55,41.8,3.19,21.91,29.95,3.76,1783813500,2026-07-11 23:45:00,96
241484,2026-07-12,26.11,31.5,22.5,82.79,,,0.76,0.03,217.81,1037.0,4.22,29.0,4.14,22.74,29.97,4.45,1783899900,2026-07-12 23:45:00,96
241484,2026-07-13,25.4,29.9,23.2,86.23,,,11.68,1.29,151.34,1121.0,4.52,24.1,3.14,22.86,30.01,3.1,1783986300,2026-07-13 23:45:00,96
241484,2026-07-14,26.61,32.6,21.9,78.81,,,0.0,0.0,244.76,1023.0,5.79,27.4,5.74,22.36,29.99,5.18,1784072700,2026-07-14 23:45:00,96
241484,2026-07-15,27.19,33.3,22.1,75.58,,,0.0,0.0,254.55,1025.0,5.91,30.6,3.69,22.15,29.97,5.48,1784159100,2026-07-15 23:45:00,96
241484,2026-07-16,27.02,32.2,23.0,75.19,,,0.0,0.0,227.5,1035.0,7.07,33.8,3.27,22.06,29.98,5.04,1784245500,2026-07-16 23:45:00,96
241484,2026-07-17,27.12,33.3,21.8,74.86,,,0.0,0.0,224.04,1197.0,6.14,27.4,3.33,21.88,29.97,5.01,1784331900,2026-07-17 23:45:00,96
241484,2026-07-18,26.15,31.1,23.3,80.46,,,9.63,1.33,121.75,988.0,8.31,38.6,3.25,22.43,29.95,2.82,1784418300,2026-07-18 23:45:00,96
241484,2026-07-19,26.9,32.6,22.9,77.49,,,0.25,0.0,229.47,1085.0,6.94,27.4,3.45,22.43,29.91,5.17,1784504700,2026-07-19 23:45:00,96
241484,2026-07-20,26.21,29.8,22.9,80.72,,,0.0,0.0,136.64,563.0,5.64,27.4,3.75,22.54,29.93,3.06,1784591100,2026-07-20 23:45:00,96
241484,2026-07-21,26.62,31.8,22.7,79.35,,,0.0,0.0,180.44,863.0,3.85,24.1,4.16,22.54,29.92,3.85,1784677500,2026-07-21 23:45:00,96
241484,2026-07-22,26.4,33.1,20.7,74.7,,,0.0,0.0,271.09,1146.0,5.57,27.4,5.36,21.17,29.9,5.7,1784763900,2026-07-22 23:45:00,96
241484,2026-07-23,27.41,33.4,22.5,73.77,,,0.0,0.0,245.82,1113.0,7.06,29.0,3.78,21.98,29.93,5.54,1784850300,2026-07-23 23:45:00,96
241484,2026-07-24,28.11,35.3,23.3,70.27,,,0.0,0.0,244.93,1123.0,5.46,33.8,3.58,21.78,29.95,5.37,1784936700,2026-07-24 23:45:00,96
241484,2026-07-25,25.95,33.1,22.9,80.81,,,2.78,0.82,137.82,1151.0,4.27,38.6,3.81,22.25,29.98,3.07,1785023100,2026-07-25 23:45:00,96
241484,2026-07-26,25.68,33.7,22.3,80.79,,,0.76,0.24,213.19,1113.0,6.59,51.5,6.43,21.89,29.99,4.73,1785109500,2026-07-26 23:45:00,96
241484,2026-07-27,26.5,34.7,21.0,77.36,,,0.0,0.0,242.38,1127.0,2.91,17.7,8.32,21.74,29.97,4.05,1785195900,2026-07-27 23:45:00,94
241484,2026-07-28,29.57,35.1,22.4,67.12,,,0.0,0.0,322.74,1041.0,3.83,22.5,6.43,22.45,29.94,5.22,1785282300,2026-07-28 23:45:00,72
241484,2026-07-29,29.12,33.4,23.6,71.65,,,5.33,1.11,327.1,1197.0,9.97,37.0,4.17,23.19,29.95,5.37,1785368700,2026-07-29 23:45:00,69
241484,2026-07-30,29.33,34.3,22.9,68.07,,,1.52,0.6,347.51,1107.0,10.1,32.2,3.97,22.52,29.95,5.76,1785455100,2026-07-30 23:45:00,69
241484,2026-07-31,26.27,33.2,22.2,79.49,,,0.5,0.02,213.52,1097.0,5.92,41.8,3.84,22.21,29.97,4.79,1785541500,2026-07-31 23:45:00,96
241484,2026-08-01,27.58,34.1,22.9,75.65,,,0.0,0.0,247.51,1065.0,4.46,25.7,6.68,22.42,29.97,5.29,1785627900,2026-08-01 23:45:00,96
241484,2026-08-02,29.91,34.9,22.6,61.28,,,0.0,0.0,403.82,1020.0,8.89,30.6,5.55,21.19,29.95,5.9,1785708000,2026-08-02 22:00:00,60
